CustomerID,Recency,Frequency,Monetary,AvgOrderValue,TotalQuantity,ActiveMonths,FirstPurchase,LastPurchase,Churn
12346.0,326,12,77556.46,2281.0723529411766,74285,4,2009-12-14 08:34:00,2011-01-18 10:01:00,1
12347.0,2,8,4921.53,22.169054054054055,2967,6,2010-10-31 14:20:00,2011-12-07 15:52:00,0
12348.0,75,5,2019.3999999999999,39.59607843137255,2714,4,2010-09-27 14:59:00,2011-09-25 13:13:00,0
12349.0,19,4,4428.6900000000005,25.306800000000003,1624,4,2010-04-29 13:20:00,2011-11-21 09:51:00,0
12350.0,310,1,334.40000000000003,19.67058823529412,197,1,2011-02-02 16:01:00,2011-02-02 16:01:00,1
12351.0,375,1,300.93,14.33,261,1,2010-11-29 15:23:00,2010-11-29 15:23:00,1
12352.0,36,10,2849.84,27.668349514563108,724,4,2010-11-12 10:20:00,2011-11-03 14:37:00,0
12353.0,204,2,406.76,16.948333333333334,212,2,2010-10-27 12:44:00,2011-05-19 17:47:00,1
12354.0,232,1,1079.4,18.610344827586207,530,1,2011-04-21 13:11:00,2011-04-21 13:11:00,1
12355.0,214,2,947.61,27.074571428571428,543,1,2010-05-21 11:59:00,2011-05-09 13:49:00,1
12356.0,23,6,6371.7300000000005,44.87133802816902,3416,4,2010-10-11 09:42:00,2011-11-17 08:40:00,0
12357.0,33,3,18287.66,61.78263513513514,6587,1,2010-11-16 10:05:00,2011-11-06 16:07:00,0
12358.0,2,5,3887.07,50.48142857142857,1079,4,2009-12-08 07:59:00,2011-12-08 10:26:00,0
12359.0,58,10,8873.39,24.5121270718232,2739,6,2009-12-05 13:32:00,2011-10-13 12:47:00,0
12360.0,52,8,4252.89,19.59857142857143,2459,6,2010-02-22 09:32:00,2011-10-18 15:22:00,0
12361.0,287,4,511.25,17.629310344827587,235,4,2010-01-26 14:37:00,2011-02-25 13:51:00,1
12362.0,3,11,5356.2300000000005,20.060786516853934,2230,8,2009-12-01 10:10:00,2011-12-06 15:40:00,0
12363.0,110,2,552.0,24.0,408,2,2011-04-11 13:29:00,2011-08-22 10:18:00,0
12364.0,8,4,1313.1,15.448235294117646,1506,4,2011-08-19 15:24:00,2011-12-02 10:22:00,0
12365.0,291,2,641.38,29.153636363636362,174,1,2011-02-21 13:51:00,2011-02-21 14:04:00,1
12366.0,634,1,500.24,166.74666666666667,296,1,2010-03-16 10:28:00,2010-03-16 10:28:00,1
12367.0,4,1,168.9,15.354545454545455,173,1,2011-12-05 16:48:00,2011-12-05 16:48:00,0
12368.0,628,1,917.7,50.983333333333334,330,1,2010-03-21 15:56:00,2010-03-21 15:56:00,1
12369.0,413,3,1791.15,19.25967741935484,1241,3,2010-03-08 08:09:00,2010-10-22 13:13:00,1
12370.0,51,7,4316.56,21.47542288557214,2604,4,2010-02-09 09:41:00,2011-10-19 14:51:00,0
12371.0,45,5,4067.38,24.35556886227545,1436,2,2010-03-04 18:23:00,2011-10-26 10:16:00,0
12372.0,72,3,1298.04,24.962307692307693,794,3,2011-02-16 12:46:00,2011-09-29 12:12:00,0
12373.0,311,3,1127.65,22.110784313725492,516,2,2010-02-04 12:08:00,2011-02-01 13:10:00,1
12374.0,25,4,2989.2200000000003,36.01469879518073,1362,3,2010-04-30 14:01:00,2011-11-14 15:37:00,0
12375.0,11,2,457.5,26.91176470588235,178,2,2011-09-02 14:23:00,2011-11-29 10:36:00,0
12376.0,390,2,503.15,38.70384615384615,240,2,2010-10-18 08:42:00,2010-11-15 12:15:00,1
12377.0,315,4,3426.32,22.54157894736842,2105,4,2010-04-29 15:34:00,2011-01-28 15:45:00,1
12378.0,130,2,5416.32,17.994418604651162,3316,2,2010-05-26 14:07:00,2011-08-02 10:34:00,0
12379.0,82,4,1620.22,20.002716049382716,815,3,2010-06-23 12:49:00,2011-09-19 10:09:00,0
12380.0,22,11,9676.300000000001,34.93249097472925,3355,7,2010-02-15 12:05:00,2011-11-18 11:27:00,0
12381.0,5,5,1845.31,21.21045977011494,808,4,2011-08-12 09:57:00,2011-12-05 12:44:00,0
12383.0,185,5,1850.56,18.69252525252525,1532,5,2010-12-22 14:28:00,2011-06-08 08:02:00,1
12384.0,29,2,585.27,21.676666666666666,126,2,2011-08-10 11:23:00,2011-11-11 08:39:00,0
12385.0,379,1,1938.4,29.821538461538463,612,1,2010-11-25 15:14:00,2010-11-25 15:14:00,1
12386.0,338,2,401.9,40.19,354,2,2010-12-08 09:53:00,2011-01-06 12:37:00,1
12387.0,415,1,143.94,15.993333333333332,134,1,2010-10-20 16:27:00,2010-10-20 16:27:00,1
12388.0,16,8,3901.11,26.719931506849317,2001,7,2010-05-06 12:54:00,2011-11-24 12:30:00,0
12389.0,403,3,1433.33,29.251632653061222,614,3,2010-02-22 10:15:00,2010-11-02 11:52:00,1
12390.0,80,1,549.84,17.1825,353,1,2011-09-21 09:33:00,2011-09-21 09:33:00,0
12391.0,22,6,2724.84,10.205393258426966,1204,4,2010-02-15 10:12:00,2011-11-18 12:07:00,0
12392.0,591,1,234.75000000000003,33.53571428571429,73,1,2010-04-27 14:04:00,2010-04-27 14:04:00,1
12393.0,72,6,2399.45,22.424766355140186,1311,5,2010-10-07 13:49:00,2011-09-28 15:41:00,0
12394.0,64,2,1272.48,47.12888888888889,819,2,2011-05-06 14:01:00,2011-10-07 08:08:00,0
12395.0,19,15,4721.17,19.50896694214876,3205,9,2010-04-16 10:16:00,2011-11-20 15:21:00,0
12396.0,674,1,931.4300000000001,14.329692307692309,591,1,2010-02-03 13:22:00,2010-02-03 13:22:00,1
12397.0,36,2,2409.9,19.126190476190477,1263,2,2011-07-27 14:21:00,2011-11-04 09:52:00,0
12398.0,46,1,1635.6599999999999,19.24305882352941,1394,1,2011-10-25 10:27:00,2011-10-25 10:27:00,0
12399.0,119,7,1962.3,17.83909090909091,2198,6,2010-03-05 08:45:00,2011-08-12 13:15:00,0
12400.0,414,1,205.25,18.65909090909091,91,1,2010-10-21 13:45:00,2010-10-21 13:45:00,1
12401.0,303,1,84.3,16.86,11,1,2011-02-09 13:50:00,2011-02-09 13:50:00,1
12402.0,323,6,1256.9,17.955714285714286,584,6,2010-02-07 12:41:00,2011-01-20 13:49:00,1
12403.0,50,2,1019.36,113.26222222222222,260,2,2010-07-06 11:39:00,2011-10-21 10:51:00,0
12404.0,682,1,63.24,63.24,1,1,2010-01-26 16:25:00,2010-01-26 16:25:00,1
12405.0,149,1,1710.39,31.67388888888889,857,1,2011-07-14 08:52:00,2011-07-14 08:52:00,0
12406.0,22,5,6390.36,38.49614457831325,3416,4,2010-01-11 14:04:00,2011-11-17 19:22:00,0
12407.0,50,5,1708.12,22.18337662337662,1416,4,2011-03-20 13:21:00,2011-10-21 10:11:00,0
12408.0,33,8,4340.77,27.30044025157233,2229,5,2010-07-29 13:27:00,2011-11-07 12:27:00,0
12409.0,79,7,23419.29,88.70943181818183,13143,5,2010-05-23 15:21:00,2011-09-22 10:38:00,0
12410.0,309,3,1013.71,25.342750000000002,341,2,2010-07-25 13:26:00,2011-02-04 10:39:00,1
12411.0,410,1,346.9,15.768181818181818,138,1,2010-10-26 09:25:00,2010-10-26 09:25:00,1
12412.0,75,6,2596.93,20.448267716535433,1997,5,2010-06-18 13:22:00,2011-09-26 10:16:00,0
12413.0,67,4,999.45,19.597058823529412,319,4,2010-11-02 13:26:00,2011-10-04 09:00:00,0
12414.0,217,6,952.4100000000001,34.01464285714286,495,4,2010-09-02 12:22:00,2011-05-06 14:51:00,1
12415.0,24,28,144458.37,156.00255939524837,91447,11,2010-06-30 08:30:00,2011-11-15 14:22:00,0
12416.0,657,1,202.56,18.414545454545454,132,1,2010-02-21 10:19:00,2010-02-21 10:19:00,1
12417.0,3,20,6797.41,18.421165311653116,2884,9,2009-12-06 10:30:00,2011-12-06 14:52:00,0
12418.0,113,4,2021.2,19.815686274509805,1088,4,2010-03-19 14:47:00,2011-08-19 11:08:00,0
12419.0,386,2,503.01,20.1204,231,2,2010-10-22 10:40:00,2010-11-19 10:04:00,1
12420.0,64,1,600.39,20.70310344827586,345,1,2011-10-07 08:55:00,2011-10-07 08:55:00,0
12421.0,16,6,1098.6,16.90153846153846,652,6,2010-07-22 13:57:00,2011-11-24 09:07:00,0
12422.0,96,17,5231.8,30.417441860465118,2596,10,2009-12-18 12:44:00,2011-09-05 09:48:00,0
12423.0,1,10,2622.39,15.893272727272727,1793,8,2010-08-31 09:31:00,2011-12-09 10:10:00,0
12424.0,163,4,3340.0299999999997,36.30467391304347,2025,2,2010-06-09 15:15:00,2011-06-30 12:06:00,0
12425.0,78,2,1741.41,19.136373626373626,1147,1,2010-09-17 14:10:00,2011-09-22 17:31:00,0
12426.0,195,2,1345.21,17.470259740259742,584,2,2010-02-15 08:41:00,2011-05-29 12:26:00,1
12427.0,22,3,825.8000000000001,26.638709677419357,533,3,2010-12-03 10:44:00,2011-11-18 08:56:00,0
12428.0,26,9,7956.46,27.062789115646257,3536,5,2011-03-01 09:33:00,2011-11-14 08:22:00,0
12429.0,9,8,6204.41,40.55169934640523,2890,5,2010-06-11 13:28:00,2011-11-30 17:22:00,0
12430.0,43,1,256.4,23.30909090909091,117,1,2011-10-27 15:09:00,2011-10-27 15:09:00,0
12431.0,36,27,10432.220000000001,26.749282051282055,4600,11,2010-01-15 09:04:00,2011-11-04 11:55:00,0
12432.0,43,5,5059.32,46.845555555555556,1801,2,2011-06-20 13:27:00,2011-10-28 11:43:00,0
12433.0,1,10,16794.14,30.04318425760286,13534,5,2010-08-20 09:23:00,2011-12-09 10:02:00,0
12434.0,85,3,1103.43,15.763285714285715,532,3,2010-11-23 13:38:00,2011-09-16 12:38:00,0
12435.0,80,6,13925.93,124.33866071428572,4958,5,2009-12-02 13:58:00,2011-09-21 09:06:00,0
12436.0,100,1,509.01,31.813125,211,1,2011-09-01 12:09:00,2011-09-01 12:09:00,0
12437.0,2,39,12683.4,22.52824156305506,8000,11,2009-12-02 16:24:00,2011-12-08 11:35:00,0
12438.0,14,2,2906.85,29.66173469387755,1180,2,2011-07-22 13:29:00,2011-11-25 13:28:00,0
12439.0,683,2,1142.88,16.096901408450705,478,2,2009-12-14 08:40:00,2010-01-26 12:11:00,1
12440.0,462,2,859.2,26.85,331,2,2009-12-22 12:03:00,2010-09-03 13:11:00,1
12441.0,367,1,173.55,15.77727272727273,121,1,2010-12-08 10:45:00,2010-12-08 10:45:00,1
12442.0,3,1,172.06,14.338333333333333,182,1,2011-12-06 14:22:00,2011-12-06 14:22:00,0
12443.0,732,1,485.31,23.11,182,1,2009-12-07 15:42:00,2009-12-07 15:42:00,1
12444.0,21,5,5005.46,28.440113636363638,1153,5,2011-06-21 14:00:00,2011-11-18 13:23:00,0
12445.0,22,2,434.98,18.124166666666667,206,2,2010-10-15 12:28:00,2011-11-17 18:43:00,0
12446.0,58,1,1002.3100000000001,17.584385964912283,351,1,2011-10-13 12:50:00,2011-10-13 12:50:00,0
12447.0,243,1,476.49,18.326538461538462,190,1,2011-04-10 13:25:00,2011-04-10 13:25:00,1
12448.0,44,1,449.45,20.429545454545455,243,1,2011-10-26 13:46:00,2011-10-26 13:46:00,0
12449.0,22,6,4835.89,24.05915422885572,2282,5,2010-09-27 09:37:00,2011-11-17 13:46:00,0
12450.0,156,5,688.2,18.6,442,5,2010-08-22 13:11:00,2011-07-06 14:41:00,0
12451.0,11,8,12669.88,24.794285714285714,9359,6,2010-06-28 12:58:00,2011-11-29 08:40:00,0
12452.0,17,2,430.57000000000005,19.57136363636364,185,1,2011-11-23 08:05:00,2011-11-23 10:28:00,0
12453.0,134,1,707.09,16.443953488372095,473,1,2011-07-28 14:08:00,2011-07-28 14:08:00,0
12454.0,56,5,16679.78,416.99449999999996,7703,2,2010-10-14 17:33:00,2011-10-14 17:13:00,0
12455.0,73,10,5879.95,25.902863436123347,3302,8,2009-12-18 12:33:00,2011-09-27 15:31:00,0
12456.0,44,3,3181.04,25.44832,1633,3,2011-03-30 09:12:00,2011-10-26 14:41:00,0
12457.0,66,8,2995.91,35.665595238095236,1094,3,2010-09-30 17:59:00,2011-10-04 13:13:00,0
12458.0,71,4,1777.49,21.160595238095237,986,4,2010-08-09 10:33:00,2011-09-29 15:25:00,0
12459.0,605,1,454.36,19.754782608695653,258,1,2010-04-13 14:53:00,2010-04-13 14:53:00,1
12460.0,456,1,326.65,18.147222222222222,170,1,2010-09-09 13:51:00,2010-09-09 13:51:00,1
12461.0,94,2,826.88,23.62514285714286,287,2,2011-07-08 10:23:00,2011-09-06 16:57:00,0
12462.0,19,2,1189.59,19.186935483870965,536,2,2011-02-09 14:44:00,2011-11-21 09:11:00,0
12463.0,53,4,1344.78,16.202168674698793,776,4,2011-04-12 12:47:00,2011-10-17 13:44:00,0
12464.0,10,8,1212.05,41.79482758620689,112,5,2011-02-03 13:30:00,2011-11-29 13:33:00,0
12465.0,17,2,742.19,15.791276595744682,479,2,2011-06-23 13:37:00,2011-11-22 16:34:00,0
12466.0,682,1,56.73,56.73,1,1,2010-01-26 16:26:00,2010-01-26 16:26:00,1
12467.0,423,1,132.8,14.755555555555556,129,1,2010-10-12 15:41:00,2010-10-12 15:41:00,1
12468.0,188,5,3670.7400000000002,24.471600000000002,2201,4,2010-01-26 10:09:00,2011-06-05 11:36:00,1
12469.0,523,2,3070.54,40.40184210526316,2552,2,2010-06-21 10:30:00,2010-07-05 12:40:00,1
12470.0,690,1,211.95,9.215217391304348,95,1,2010-01-19 11:01:00,2010-01-19 11:01:00,1
12471.0,2,79,39918.19,35.17021145374449,16858,12,2009-12-07 10:41:00,2011-12-07 15:43:00,0
12472.0,32,19,16249.29,19.32139120095125,10378,11,2009-12-14 10:49:00,2011-11-07 14:01:00,0
12473.0,29,5,3928.05,23.521257485029942,2414,4,2011-06-01 10:15:00,2011-11-10 13:46:00,0
12474.0,17,31,12372.75,17.47563559322034,7940,11,2010-02-11 09:41:00,2011-11-22 14:39:00,0
12475.0,54,2,1149.64,18.846557377049184,771,1,2010-10-26 08:49:00,2011-10-17 10:10:00,0
12476.0,16,23,14083.91,27.400603112840468,5631,9,2010-07-26 09:04:00,2011-11-24 12:40:00,0
12477.0,23,9,20276.37,35.95101063829787,6119,7,2010-03-26 14:01:00,2011-11-17 09:51:00,0
12478.0,4,1,680.99,18.91638888888889,236,1,2011-12-06 09:56:00,2011-12-06 09:56:00,0
12479.0,11,1,527.2,17.006451612903227,385,1,2011-11-28 13:26:00,2011-11-28 13:26:00,0
12480.0,28,7,5464.85,22.58202479338843,2952,5,2010-07-20 13:21:00,2011-11-11 14:52:00,0
12481.0,23,15,12185.51,32.06713157894737,7158,9,2010-04-11 13:10:00,2011-11-17 08:29:00,0
12482.0,576,29,23691.4,116.1343137254902,27042,3,2010-02-24 10:24:00,2010-05-12 16:51:00,1
12483.0,17,19,5097.18,36.93608695652174,2160,9,2010-01-31 13:28:00,2011-11-22 17:02:00,0
12484.0,33,12,6354.1,13.490658174097666,3266,6,2010-01-27 16:41:00,2011-11-07 11:37:00,0
12485.0,529,1,708.1,20.826470588235296,414,1,2010-06-28 15:22:00,2010-06-28 15:22:00,1
12486.0,432,1,1037.28,21.168979591836734,523,1,2010-10-04 12:14:00,2010-10-04 12:14:00,1
12487.0,731,1,285.3,142.65,174,1,2009-12-09 11:36:00,2009-12-09 11:36:00,1
12488.0,10,3,1298.66,23.612000000000002,529,3,2011-09-25 10:34:00,2011-11-30 08:50:00,0
12489.0,336,1,334.93,22.328666666666667,105,1,2011-01-07 13:13:00,2011-01-07 13:13:00,1
12490.0,5,21,9823.64,21.26329004329004,5906,11,2009-12-01 12:52:00,2011-12-04 16:07:00,0
12491.0,39,1,460.40000000000003,17.70769230769231,260,1,2011-11-01 12:18:00,2011-11-01 12:18:00,0
12492.0,63,3,715.21,17.028809523809525,444,3,2010-11-01 14:58:00,2011-10-07 15:15:00,0
12493.0,166,2,433.74,19.715454545454545,207,2,2011-05-26 14:53:00,2011-06-27 10:17:00,0
12494.0,16,9,1815.27,16.808055555555555,979,6,2010-05-12 13:52:00,2011-11-24 09:34:00,0
12495.0,641,1,357.4,21.023529411764706,130,1,2010-03-09 10:53:00,2010-03-09 10:53:00,1
12496.0,620,2,45.34,4.534000000000001,30,1,2010-03-29 13:57:00,2010-03-29 14:06:00,1
12497.0,82,3,6248.5,109.62280701754386,5685,3,2010-03-05 09:39:00,2011-09-19 12:29:00,0
12498.0,21,3,403.70000000000005,17.55217391304348,159,2,2011-10-13 09:30:00,2011-11-18 12:53:00,0
12499.0,560,1,393.72,14.582222222222223,302,1,2010-05-28 15:12:00,2010-05-28 15:12:00,1
12500.0,23,19,5955.21,40.7891095890411,3377,10,2010-02-04 15:05:00,2011-11-16 16:20:00,0
12501.0,337,1,2169.39,14.559664429530201,1783,1,2011-01-07 12:28:00,2011-01-07 12:28:00,1
12502.0,96,5,3723.87,25.332448979591835,820,5,2011-02-03 10:41:00,2011-09-05 11:52:00,0
12503.0,584,1,1126.0,563.0,561,1,2010-05-04 13:59:00,2010-05-04 13:59:00,1
12504.0,18,4,779.05,38.9525,458,3,2010-04-22 10:24:00,2011-11-21 16:02:00,0
12505.0,409,1,955.2,22.742857142857144,324,1,2010-10-27 09:18:00,2010-10-27 09:18:00,1
12506.0,233,1,73.5,3.1956521739130435,23,1,2011-04-21 08:54:00,2011-04-21 08:54:00,1
12507.0,134,4,1844.06,37.633877551020404,1256,3,2010-05-04 09:23:00,2011-07-28 17:09:00,0
12508.0,26,2,397.88,5.851176470588236,271,1,2011-11-10 16:27:00,2011-11-13 15:37:00,0
12509.0,284,1,176.5,25.214285714285715,55,1,2011-02-28 14:45:00,2011-02-28 14:45:00,1
12510.0,143,9,5178.02,35.71048275862069,2049,6,2009-12-04 13:47:00,2011-07-20 10:15:00,0
12511.0,429,1,3084.02,16.231684210526314,1753,1,2010-10-07 10:39:00,2010-10-07 10:39:00,1
12512.0,66,2,132.18,4.263870967741935,96,1,2011-10-04 14:53:00,2011-10-04 14:55:00,0
12513.0,113,1,612.29,17.494,462,1,2011-08-19 10:51:00,2011-08-19 10:51:00,0
12514.0,267,2,1597.76,19.02095238095238,840,1,2010-03-08 12:18:00,2011-03-17 16:38:00,1
12515.0,353,1,383.7,23.98125,131,1,2010-12-21 15:43:00,2010-12-21 15:43:00,1
12516.0,78,4,2648.62,35.792162162162164,1952,4,2010-04-19 14:14:00,2011-09-23 09:13:00,0
12517.0,28,5,2481.6,8.894623655913978,1361,4,2011-06-02 15:13:00,2011-11-11 14:04:00,0
12518.0,1,5,2056.89,16.58782258064516,1318,5,2011-08-21 13:18:00,2011-12-09 10:13:00,0
12519.0,64,2,716.54,18.37282051282051,387,2,2010-08-20 08:21:00,2011-10-07 09:26:00,0
12520.0,79,5,2634.26,17.330657894736845,1439,4,2011-03-11 11:35:00,2011-09-21 15:23:00,0
12521.0,143,1,599.68,15.781052631578946,309,1,2011-07-20 10:51:00,2011-07-20 10:51:00,0
12522.0,39,2,192.72,16.06,194,1,2011-10-19 14:41:00,2011-10-31 15:30:00,0
12523.0,19,23,4352.35,17.479317269076308,2263,12,2009-12-07 13:46:00,2011-11-20 12:55:00,0
12524.0,9,17,11126.11,46.35879166666667,7178,9,2010-02-08 14:41:00,2011-11-30 15:31:00,0
12525.0,498,3,973.73,16.228833333333334,509,3,2010-03-02 14:01:00,2010-07-29 16:08:00,1
12526.0,1,3,1316.66,18.54450704225352,632,3,2011-09-06 14:19:00,2011-12-09 12:09:00,0
12527.0,82,5,735.51,22.9846875,526,5,2010-06-28 15:37:00,2011-09-19 11:55:00,0
12528.0,9,6,1933.48,21.01608695652174,756,6,2011-01-31 09:05:00,2011-11-30 14:40:00,0
12529.0,528,1,316.48,15.07047619047619,192,1,2010-06-29 13:10:00,2010-06-29 13:10:00,1
12530.0,60,9,3759.26,23.792784810126584,2713,6,2010-03-07 14:37:00,2011-10-11 12:34:00,0
12531.0,15,2,1933.2,15.222047244094489,1119,2,2010-01-22 14:17:00,2011-11-25 11:12:00,0
12532.0,30,1,349.83000000000004,21.864375000000003,153,1,2011-11-09 13:47:00,2011-11-09 13:47:00,0
12533.0,628,2,1367.89,18.998472222222222,704,2,2009-12-01 11:50:00,2010-03-22 10:56:00,1
12534.0,131,1,1089.18,17.28857142857143,651,1,2011-08-01 10:26:00,2011-08-01 10:26:00,0
12535.0,92,2,716.35,21.069117647058825,219,2,2011-06-06 12:47:00,2011-09-09 08:48:00,0
12536.0,43,3,12601.830000000002,48.282873563218395,2803,1,2011-10-11 14:52:00,2011-10-27 14:20:00,0
12537.0,409,1,732.94,17.04511627906977,449,1,2010-10-27 08:36:00,2010-10-27 08:36:00,1
12538.0,29,2,640.45,18.836764705882356,336,1,2010-11-26 13:02:00,2011-11-10 17:16:00,0
12539.0,22,7,11214.75,22.251488095238095,4535,5,2009-12-23 13:00:00,2011-11-17 13:30:00,0
12540.0,20,33,22254.49,28.864448767833984,11019,12,2009-12-07 16:56:00,2011-11-20 11:31:00,0
12541.0,30,3,981.18,18.868846153846153,680,3,2011-03-04 09:32:00,2011-11-10 10:40:00,0
12542.0,484,2,481.88,12.355897435897436,522,2,2010-03-09 16:26:00,2010-08-12 19:12:00,1
12543.0,448,1,980.25,22.796511627906977,688,1,2010-09-17 15:51:00,2010-09-17 15:51:00,1
12544.0,36,1,372.7,19.61578947368421,136,1,2011-11-03 16:15:00,2011-11-03 16:15:00,0
12545.0,75,2,1000.39,20.0078,523,2,2011-03-25 12:04:00,2011-09-25 13:39:00,0
12546.0,47,2,1161.5,16.833333333333332,633,2,2011-09-23 09:44:00,2011-10-24 12:09:00,0
12547.0,198,3,383.58,18.265714285714285,309,3,2010-07-27 13:55:00,2011-05-26 12:38:00,1
12548.0,166,1,95.19999999999999,19.04,49,1,2011-06-26 15:35:00,2011-06-26 15:35:00,0
12549.0,576,6,1575.68,32.15673469387755,1366,2,2010-01-11 12:29:00,2010-05-13 12:05:00,1
12550.0,79,1,964.83,16.92684210526316,569,1,2011-09-21 14:35:00,2011-09-21 14:35:00,0
12551.0,358,1,168.0,16.8,100,1,2010-12-17 11:23:00,2010-12-17 11:23:00,1
12552.0,39,2,437.82,21.891,88,2,2011-10-31 12:11:00,2011-11-01 10:02:00,0
12553.0,8,12,4608.75,19.36449579831933,2325,9,2010-10-12 13:35:00,2011-12-01 16:38:00,0
12554.0,449,1,468.5,18.01923076923077,240,1,2010-09-17 12:29:00,2010-09-17 12:29:00,1
12555.0,682,1,129.23,129.23,1,1,2010-01-26 16:26:00,2010-01-26 16:26:00,1
12556.0,50,2,599.56,5.038319327731092,355,2,2011-07-11 13:35:00,2011-10-20 13:06:00,0
12557.0,16,8,18096.14,341.4366037735849,6382,7,2009-12-17 10:39:00,2011-11-23 16:59:00,0
12558.0,8,1,269.96,24.54181818181818,196,1,2011-12-02 10:41:00,2011-12-02 10:41:00,0
12559.0,311,2,561.71,26.74809523809524,283,2,2011-01-24 10:12:00,2011-02-02 09:49:00,1
12560.0,5,3,2134.01,20.323904761904764,1110,3,2011-07-19 15:55:00,2011-12-04 13:54:00,0
12561.0,303,1,238.85,14.928125,177,1,2011-02-10 11:39:00,2011-02-10 11:39:00,1
12562.0,8,9,4966.92,23.99478260869565,2327,7,2010-09-30 13:13:00,2011-12-01 17:20:00,0
12563.0,409,1,249.24,19.172307692307694,113,1,2010-10-27 09:52:00,2010-10-27 09:52:00,1
12564.0,261,1,456.90000000000003,21.75714285714286,133,1,2011-03-23 14:55:00,2011-03-23 14:55:00,1
12565.0,289,1,145.92000000000002,16.213333333333335,80,1,2011-02-24 10:34:00,2011-02-24 10:34:00,1
12566.0,86,1,351.65,18.507894736842104,265,1,2011-09-14 14:30:00,2011-09-14 14:30:00,0
12567.0,23,15,11767.48,21.16453237410072,5308,7,2010-02-11 10:30:00,2011-11-17 11:02:00,0
12568.0,645,1,70.0,14.0,48,1,2010-03-05 09:15:00,2010-03-05 09:15:00,1
12569.0,2,32,4124.6900000000005,21.93984042553192,1801,9,2011-04-01 13:47:00,2011-12-07 16:24:00,0
12570.0,682,1,77.52,77.52,1,1,2010-01-26 17:28:00,2010-01-26 17:28:00,1
12571.0,40,2,519.61,15.28264705882353,523,2,2011-08-10 12:35:00,2011-10-31 10:19:00,0
12572.0,9,2,1020.4200000000001,17.007,452,2,2011-10-19 08:20:00,2011-12-01 09:20:00,0
12573.0,227,5,717.41,6.028655462184874,479,4,2010-08-31 17:25:00,2011-04-26 15:52:00,1
12574.0,316,1,218.45000000000002,19.85909090909091,61,1,2011-01-28 09:20:00,2011-01-28 09:20:00,1
12575.0,457,2,622.82,16.39,315,2,2010-07-01 09:15:00,2010-09-08 13:09:00,1
12576.0,36,8,2142.7200000000003,15.089577464788734,1494,5,2010-07-01 13:46:00,2011-11-04 10:11:00,0
12577.0,35,8,1617.1,5.426510067114093,1191,3,2009-12-03 19:31:00,2011-11-04 13:24:00,0
12578.0,21,4,4642.45,26.99098837209302,2380,3,2010-09-22 11:19:00,2011-11-18 13:30:00,0
12579.0,78,1,440.42,15.18689655172414,285,1,2011-09-22 17:15:00,2011-09-22 17:15:00,0
12580.0,247,2,1052.9,18.153448275862072,569,2,2010-05-12 11:45:00,2011-04-07 10:24:00,1
12581.0,40,1,197.71,13.180666666666667,161,1,2011-10-31 08:56:00,2011-10-31 08:56:00,0
12582.0,239,4,1980.4,19.22718446601942,985,4,2010-05-11 09:55:00,2011-04-15 08:45:00,1
12583.0,3,27,13591.58,30.47439461883408,8535,12,2009-12-06 11:57:00,2011-12-07 08:07:00,0
12584.0,4,9,2338.15,24.355729166666666,416,8,2011-03-04 15:15:00,2011-12-06 09:35:00,0
12585.0,234,2,2040.1,23.44942528735632,1279,2,2010-12-23 12:58:00,2011-04-19 13:39:00,1
12586.0,17,4,2062.67,21.943297872340427,687,3,2009-12-16 13:15:00,2011-11-22 16:24:00,0
12587.0,8,1,144.0,36.0,51,1,2011-12-02 12:47:00,2011-12-02 12:47:00,0
12588.0,39,4,958.78,20.84304347826087,438,3,2010-04-21 12:22:00,2011-10-31 15:01:00,0
12589.0,29,8,4695.66,26.087,1764,5,2010-01-19 12:26:00,2011-11-11 10:19:00,0
12590.0,211,2,9864.26,145.06264705882353,4283,1,2011-05-12 14:46:00,2011-05-12 14:52:00,1
12591.0,317,3,1338.95,19.69044117647059,653,3,2010-10-27 10:42:00,2011-01-26 14:35:00,1
12592.0,92,5,2582.66,31.88469135802469,1875,3,2010-07-08 14:06:00,2011-09-08 15:04:00,0
12593.0,109,3,418.1,19.90952380952381,206,2,2011-05-05 09:29:00,2011-08-23 12:43:00,0
12594.0,38,15,5090.110000000001,25.57844221105528,2768,10,2010-03-03 13:51:00,2011-11-02 12:20:00,0
12595.0,505,1,299.02,15.737894736842104,271,1,2010-07-23 09:10:00,2010-07-23 09:10:00,1
12596.0,51,2,618.27,22.898888888888887,474,2,2011-04-11 13:22:00,2011-10-19 13:02:00,0
12597.0,19,4,3811.22,18.50106796116505,2236,4,2011-03-16 14:00:00,2011-11-20 13:33:00,0
12598.0,10,11,4534.09,22.01014563106796,2906,6,2010-03-01 09:58:00,2011-11-30 12:18:00,0
12599.0,29,13,2296.72,17.268571428571427,2189,7,2010-05-11 10:42:00,2011-11-10 13:34:00,0
12600.0,29,21,4967.42,38.21092307692308,1383,11,2009-12-07 13:37:00,2011-11-11 10:29:00,0
12601.0,190,6,681.26,20.03705882352941,290,6,2010-10-31 10:57:00,2011-06-03 10:17:00,1
12602.0,59,1,153.12,12.76,162,1,2011-10-12 11:22:00,2011-10-12 11:22:00,0
12603.0,22,1,739.1999999999999,369.59999999999997,63,1,2011-11-18 10:42:00,2011-11-18 10:42:00,0
12604.0,79,2,254.18,15.88625,201,2,2011-03-23 12:06:00,2011-09-21 14:08:00,0
12605.0,376,4,1232.95,16.223026315789475,929,3,2010-09-07 14:21:00,2010-11-28 14:18:00,1
12606.0,682,1,21.0,21.0,1,1,2010-01-26 16:23:00,2010-01-26 16:23:00,1
12607.0,60,1,1579.51,15.63871287128713,1228,1,2011-10-10 16:06:00,2011-10-10 16:06:00,0
12608.0,405,1,415.79,25.986875,323,1,2010-10-31 10:49:00,2010-10-31 10:49:00,1
12609.0,78,9,3435.86,19.633485714285715,1553,9,2009-12-20 13:30:00,2011-09-22 16:34:00,0
12610.0,23,5,2099.54,19.80698113207547,1049,3,2011-08-05 13:52:00,2011-11-17 09:34:00,0
12611.0,52,1,1193.32,18.35876923076923,846,1,2011-10-18 13:12:00,2011-10-18 13:12:00,0
12612.0,74,1,704.04,37.054736842105264,262,1,2011-09-26 15:35:00,2011-09-26 15:35:00,0
12613.0,57,10,6817.37,20.91217791411043,4157,8,2009-12-14 13:10:00,2011-10-13 14:59:00,0
12614.0,278,1,315.6,15.780000000000001,76,1,2011-03-07 10:22:00,2011-03-07 10:22:00,1
12615.0,2,8,5740.9800000000005,21.26288888888889,3317,7,2010-03-18 14:09:00,2011-12-07 15:02:00,0
12616.0,95,3,1131.1,20.946296296296296,498,3,2010-11-16 11:38:00,2011-09-05 15:17:00,0
12617.0,29,1,352.98,8.609268292682927,210,1,2011-11-10 14:39:00,2011-11-10 14:39:00,0
12618.0,22,1,177.31,16.11909090909091,96,1,2011-11-18 11:10:00,2011-11-18 11:10:00,0
12619.0,16,10,3781.38,37.8138,3518,7,2010-05-28 12:52:00,2011-11-23 14:52:00,0
12620.0,15,3,1339.41,14.558804347826088,1181,3,2011-05-19 12:10:00,2011-11-25 10:20:00,0
12621.0,2,35,24311.2,32.15767195767196,13706,11,2010-02-09 12:01:00,2011-12-08 11:25:00,0
12622.0,232,1,180.1,16.37272727272727,69,1,2011-04-21 16:39:00,2011-04-21 16:39:00,1
12623.0,276,7,3747.84,21.663815028901734,1971,6,2010-01-12 11:45:00,2011-03-08 13:50:00,1
12624.0,106,2,641.13,16.87184210526316,355,2,2011-06-15 12:34:00,2011-08-25 15:04:00,0
12625.0,212,4,5164.88,28.22338797814208,3309,4,2010-04-22 11:33:00,2011-05-12 09:54:00,1
12626.0,23,9,6620.4800000000005,22.518639455782314,3453,6,2011-01-17 11:01:00,2011-11-16 16:06:00,0
12627.0,11,7,4478.53,19.47186956521739,2752,5,2011-07-22 13:59:00,2011-11-29 12:07:00,0
12628.0,4,3,786.46,19.181951219512197,448,3,2011-10-06 09:28:00,2011-12-05 13:15:00,0
12629.0,386,2,1558.22,34.62711111111111,722,2,2010-10-12 16:40:00,2010-11-19 09:18:00,1
12630.0,10,2,1270.88,19.8575,548,2,2011-10-27 10:41:00,2011-11-30 10:48:00,0
12631.0,57,6,3481.57,19.024972677595628,1607,5,2010-01-15 14:50:00,2011-10-13 13:53:00,0
12632.0,521,2,804.88,22.99657142857143,694,2,2010-05-24 09:07:00,2010-07-07 09:39:00,1
12633.0,59,7,5678.16,18.556078431372548,3238,6,2010-07-02 11:44:00,2011-10-12 11:40:00,0
12634.0,536,2,490.0,24.5,337,1,2010-06-09 15:41:00,2010-06-22 10:05:00,1
12635.0,90,4,2930.41,16.37100558659218,1949,3,2010-09-09 10:50:00,2011-09-11 11:04:00,0
12636.0,739,1,141.0,141.0,1,1,2009-12-01 09:55:00,2009-12-01 09:55:00,1
12637.0,67,12,8283.81,13.491547231270358,4257,8,2010-06-14 13:36:00,2011-10-03 13:46:00,0
12638.0,33,2,921.49,19.197708333333335,663,2,2010-03-10 10:30:00,2011-11-06 13:11:00,0
12639.0,239,3,1312.3700000000001,20.505781250000002,631,3,2010-03-22 09:05:00,2011-04-15 12:48:00,1
12640.0,24,3,1174.58,22.16188679245283,311,2,2011-09-19 12:01:00,2011-11-16 11:52:00,0
12641.0,115,1,185.9,18.59,72,1,2011-08-16 13:26:00,2011-08-16 13:26:00,0
12642.0,25,3,1013.26,21.558723404255318,552,3,2011-08-24 09:23:00,2011-11-14 15:03:00,0
12643.0,128,12,8304.82,162.83960784313726,4665,8,2010-04-07 14:16:00,2011-08-03 12:56:00,0
12644.0,130,4,1918.49,17.283693693693692,1032,4,2010-01-14 13:02:00,2011-08-02 10:33:00,0
12645.0,34,8,3539.3,22.120625,2125,8,2010-02-09 10:49:00,2011-11-06 12:38:00,0
12646.0,5,2,1346.97,29.932666666666666,897,2,2011-10-21 12:52:00,2011-12-05 10:14:00,0
12647.0,22,36,16955.55,32.923398058252424,6633,12,2010-01-13 15:06:00,2011-11-17 12:56:00,0
12648.0,155,4,1112.0,17.107692307692307,518,4,2010-01-07 18:38:00,2011-07-08 11:55:00,0
12649.0,107,8,2294.65,19.446186440677966,1959,5,2010-01-12 17:24:00,2011-08-24 14:41:00,0
12650.0,3,1,314.44,15.722,254,1,2011-12-06 16:34:00,2011-12-06 16:34:00,0
12651.0,335,4,377.75,12.591666666666667,265,4,2010-08-31 15:21:00,2011-01-09 12:46:00,1
12652.0,331,2,1017.0300000000001,19.941764705882356,536,2,2010-10-01 15:16:00,2011-01-12 15:00:00,1
12653.0,149,3,4160.83,48.38174418604651,1681,2,2010-07-01 09:56:00,2011-07-14 10:41:00,0
12654.0,11,5,601.98,15.841578947368422,264,3,2011-02-17 13:16:00,2011-11-29 10:10:00,0
12655.0,424,1,261.35,16.334375,80,1,2010-10-12 09:17:00,2010-10-12 09:17:00,1
12656.0,17,8,6407.83,25.942631578947367,2860,7,2010-05-26 09:00:00,2011-11-22 13:42:00,0
12657.0,11,4,1643.18,34.961276595744685,1044,3,2011-09-22 11:40:00,2011-11-28 15:47:00,0
12658.0,19,1,686.05,19.056944444444444,320,1,2011-11-21 10:22:00,2011-11-21 10:22:00,0
12659.0,30,1,91.68,18.336000000000002,105,1,2011-11-10 11:53:00,2011-11-10 11:53:00,0
12660.0,11,1,245.10000000000002,18.853846153846156,127,1,2011-11-28 13:26:00,2011-11-28 13:26:00,0
12661.0,436,1,162.0,14.727272727272727,216,1,2010-09-29 16:46:00,2010-09-29 16:46:00,1
12662.0,1,20,6726.54,17.203427109974424,3424,11,2010-04-01 09:50:00,2011-12-09 11:59:00,0
12663.0,625,2,239.4,23.94,181,2,2010-02-09 14:28:00,2010-03-25 09:40:00,1
12664.0,8,11,6070.04,134.88977777777777,1495,7,2009-12-13 10:28:00,2011-12-01 17:07:00,0
12665.0,325,3,313.6,18.447058823529414,165,3,2010-02-08 15:11:00,2011-01-19 08:34:00,1
12666.0,394,1,1248.42,40.27161290322581,370,1,2010-11-10 16:40:00,2010-11-10 16:40:00,1
12667.0,58,1,620.13,18.791818181818183,395,1,2011-10-12 17:00:00,2011-10-12 17:00:00,0
12668.0,12,10,11383.03,21.236996268656718,5049,6,2010-01-31 15:45:00,2011-11-28 10:56:00,0
12669.0,151,3,2744.0299999999997,27.168613861386135,1115,3,2011-03-28 10:15:00,2011-07-12 09:54:00,0
12670.0,10,7,3760.29,32.698173913043476,1627,5,2010-02-11 10:13:00,2011-11-29 15:23:00,0
12671.0,606,1,2622.481,58.27735555555556,1460,1,2010-04-12 16:30:00,2010-04-12 16:30:00,1
12672.0,330,2,437.05,19.865909090909092,138,2,2010-04-23 09:57:00,2011-01-14 09:20:00,1
12673.0,5,3,1230.02,16.62189189189189,700,3,2010-11-03 10:46:00,2011-12-04 13:55:00,0
12674.0,39,4,1970.6,23.742168674698792,1133,4,2011-05-16 09:10:00,2011-11-01 12:12:00,0
12675.0,554,2,957.25,8.546875,336,2,2010-05-10 16:44:00,2010-06-04 09:49:00,1
12676.0,25,11,2843.09,26.570934579439253,1867,7,2010-08-13 13:29:00,2011-11-15 12:25:00,0
12677.0,555,2,395.1,18.814285714285717,176,2,2010-02-11 13:55:00,2010-06-02 14:30:00,1
12678.0,42,21,34281.18,91.17335106382978,22372,12,2010-01-07 16:46:00,2011-10-28 13:04:00,0
12679.0,59,4,1113.02,23.187916666666666,554,4,2011-03-01 12:26:00,2011-10-12 12:30:00,0
12680.0,1,4,880.81,16.619056603773583,444,3,2011-08-18 15:44:00,2011-12-09 12:50:00,0
12681.0,15,45,29834.760000000002,20.951376404494383,17011,11,2009-12-13 13:31:00,2011-11-25 11:33:00,0
12682.0,4,52,22950.22,23.20548028311426,10522,12,2009-12-01 09:28:00,2011-12-06 10:00:00,0
12683.0,4,21,11633.7,23.888501026694048,7019,9,2009-12-13 15:01:00,2011-12-05 16:31:00,0
12684.0,8,7,2283.63,21.748857142857144,1985,5,2011-05-10 12:55:00,2011-12-02 09:53:00,0
12685.0,28,6,2863.08,18.236178343949042,1523,3,2011-09-07 10:28:00,2011-11-11 13:46:00,0
12686.0,372,1,89.14,12.734285714285715,107,1,2010-12-03 09:51:00,2010-12-03 09:51:00,1
12687.0,481,2,2138.91,16.97547619047619,1403,1,2010-08-16 12:10:00,2010-08-16 12:12:00,1
12688.0,114,1,4873.81,28.50181286549708,3028,1,2011-08-18 08:49:00,2011-08-18 08:49:00,0
12689.0,26,2,1247.6100000000001,17.327916666666667,628,2,2011-08-04 10:04:00,2011-11-14 08:31:00,0
12690.0,206,1,389.01,24.313125,106,1,2011-05-18 09:09:00,2011-05-18 09:09:00,1
12691.0,28,7,1170.4,30.010256410256414,445,5,2010-10-15 12:00:00,2011-11-11 16:49:00,0
12692.0,637,1,110.95,8.534615384615385,36,1,2010-03-12 14:02:00,2010-03-12 14:02:00,1
12693.0,127,7,1703.02,21.557215189873418,536,7,2010-07-05 13:56:00,2011-08-04 17:51:00,0
12694.0,70,3,1843.35,22.209036144578313,1355,3,2010-10-14 19:39:00,2011-09-30 13:06:00,0
12695.0,7,7,1407.1200000000001,23.84949152542373,454,7,2010-02-12 13:22:00,2011-12-02 13:22:00,0
12696.0,435,2,851.91,17.38591836734694,564,2,2010-07-19 10:02:00,2010-10-01 10:43:00,1
12697.0,29,3,957.59,23.355853658536585,508,3,2011-06-23 15:44:00,2011-11-11 08:47:00,0
12698.0,590,1,339.75,21.234375,111,1,2010-04-28 15:51:00,2010-04-28 15:51:00,1
12699.0,418,1,638.11,15.563658536585367,373,1,2010-10-18 12:07:00,2010-10-18 12:07:00,1
12700.0,8,4,4939.99,18.432798507462685,2967,4,2011-05-08 16:10:00,2011-12-02 10:47:00,0
12701.0,80,6,2446.41,16.642244897959184,1727,4,2010-03-16 13:23:00,2011-09-21 10:47:00,0
12702.0,20,1,219.0,18.25,53,1,2011-11-20 10:36:00,2011-11-20 10:36:00,0
12703.0,71,4,1006.53,13.601756756756757,595,3,2010-01-24 12:05:00,2011-09-29 17:52:00,0
12704.0,7,8,2340.84,26.600454545454546,1006,5,2011-06-23 10:20:00,2011-12-02 13:15:00,0
12705.0,15,14,11762.1,19.636227045075128,7188,8,2010-06-24 09:51:00,2011-11-24 13:17:00,0
12707.0,292,1,603.42,18.285454545454545,256,1,2011-02-21 08:38:00,2011-02-21 08:38:00,1
12708.0,30,18,5117.66,17.289391891891892,2432,11,2009-12-18 10:25:00,2011-11-10 09:52:00,0
12709.0,15,34,30291.76,61.819918367346936,13772,10,2009-12-09 13:49:00,2011-11-24 15:38:00,0
12710.0,97,3,1149.02,14.922337662337663,851,3,2011-05-22 14:05:00,2011-09-04 12:00:00,0
12711.0,612,2,1339.05,22.3175,770,2,2010-02-01 11:30:00,2010-04-07 11:59:00,1
12712.0,29,21,6723.03,26.2618359375,2205,11,2009-12-09 10:46:00,2011-11-11 08:19:00,0
12713.0,1,1,848.55,22.330263157894734,508,1,2011-12-09 12:16:00,2011-12-09 12:16:00,0
12714.0,9,12,14093.710000000001,20.249583333333334,8774,10,2009-12-04 10:00:00,2011-11-30 15:43:00,0
12715.0,106,1,343.36,17.168,192,1,2011-08-25 15:22:00,2011-08-25 15:22:00,0
12716.0,4,2,1053.49,15.267971014492753,708,2,2011-07-29 13:28:00,2011-12-06 08:55:00,0
12717.0,151,3,1308.91,18.435352112676057,600,2,2010-04-28 14:34:00,2011-07-11 14:47:00,0
12718.0,71,1,238.25,12.539473684210526,203,1,2011-09-29 16:38:00,2011-09-29 16:38:00,0
12719.0,5,2,644.95,16.53717948717949,374,2,2011-10-05 14:50:00,2011-12-04 13:45:00,0
12720.0,3,30,7787.28,16.257369519832984,6018,12,2010-07-21 09:46:00,2011-12-07 08:03:00,0
12721.0,32,8,4013.08,16.79112970711297,2655,7,2010-08-25 11:07:00,2011-11-08 12:13:00,0
12722.0,85,4,997.63,18.82320754716981,566,3,2011-07-12 11:55:00,2011-09-15 14:50:00,0
12723.0,4,5,725.07,10.508260869565218,434,3,2011-10-05 15:52:00,2011-12-06 10:19:00,0
12724.0,5,7,2317.52,17.96527131782946,1379,6,2010-06-22 14:00:00,2011-12-04 16:02:00,0
12725.0,371,4,2266.76,21.384528301886796,1142,3,2010-05-04 13:59:00,2010-12-03 15:45:00,1
12726.0,28,11,4014.6,22.427932960893855,4618,8,2010-03-25 16:25:00,2011-11-11 13:35:00,0
12727.0,11,10,5679.53,27.9779802955665,2832,6,2010-02-23 09:54:00,2011-11-29 11:46:00,0
12728.0,71,5,1070.17,17.54377049180328,543,5,2010-11-21 11:34:00,2011-09-29 15:31:00,0
12729.0,114,1,453.01,17.423461538461538,233,1,2011-08-18 11:40:00,2011-08-18 11:40:00,0
12730.0,522,1,829.25,17.643617021276597,234,1,2010-07-06 12:19:00,2010-07-06 12:19:00,1
12731.0,24,17,25775.71,65.58704834605598,11641,10,2010-03-02 09:23:00,2011-11-16 11:59:00,0
12732.0,180,1,236.26000000000002,19.688333333333336,111,1,2011-06-13 11:33:00,2011-06-13 11:33:00,0
12733.0,234,4,2424.87,15.445031847133757,896,4,2010-01-19 13:23:00,2011-04-19 16:19:00,1
12734.0,353,3,639.65,33.66578947368421,265,2,2010-11-12 13:26:00,2010-12-22 12:47:00,1
12735.0,315,2,779.5699999999999,18.12953488372093,368,1,2011-01-06 14:26:00,2011-01-28 13:37:00,1
12736.0,333,1,234.0,58.5,173,1,2011-01-11 07:57:00,2011-01-11 07:57:00,1
12737.0,499,2,3710.5,1855.25,2,1,2010-07-29 12:27:00,2010-07-29 12:29:00,1
12738.0,372,1,155.35,14.122727272727273,148,1,2010-12-02 18:27:00,2010-12-02 18:27:00,1
12739.0,78,4,2726.73,30.63741573033708,951,2,2010-11-10 14:27:00,2011-09-22 13:00:00,0
12740.0,64,1,427.6,15.837037037037037,342,1,2011-10-07 10:44:00,2011-10-07 10:44:00,0
12741.0,529,2,406.07,25.379375,214,1,2010-06-24 16:24:00,2010-06-28 14:36:00,1
12742.0,626,1,1201.52,17.933134328358207,1359,1,2010-03-24 12:43:00,2010-03-24 12:43:00,1
12743.0,134,2,540.13,4.123129770992366,315,1,2011-07-28 16:06:00,2011-07-28 16:21:00,0
12744.0,52,11,25317.06,74.68159292035399,6994,5,2010-04-27 16:19:00,2011-10-19 11:18:00,0
12745.0,487,3,925.41,40.235217391304346,468,3,2010-01-26 16:22:00,2010-08-10 10:14:00,1
12746.0,541,1,254.55,14.973529411764707,97,1,2010-06-17 10:41:00,2010-06-17 10:41:00,1
12747.0,2,26,8898.48,35.73686746987951,2640,10,2009-12-07 13:23:00,2011-12-07 14:34:00,0
12748.0,1,336,53539.64,8.130545178435838,37109,12,2009-12-04 17:31:00,2011-12-09 12:20:00,0
12749.0,4,9,6897.36,20.40639053254438,2360,6,2010-07-06 15:05:00,2011-12-06 09:56:00,0
12750.0,129,1,275.88,18.392,137,1,2011-08-03 09:13:00,2011-08-03 09:13:00,0
12751.0,445,1,268.27,4.326935483870967,189,1,2010-09-21 12:49:00,2010-09-21 12:49:00,1
12752.0,81,1,4366.78,82.3920754716981,2262,1,2011-09-19 13:32:00,2011-09-19 13:32:00,0
12753.0,23,6,21429.39,108.77862944162436,11421,6,2010-12-12 11:44:00,2011-11-17 10:52:00,0
12754.0,236,3,3010.74,47.78952380952381,6481,3,2011-02-04 10:31:00,2011-04-18 09:00:00,1
12755.0,281,11,5236.26,83.1152380952381,2293,6,2010-01-15 11:57:00,2011-03-04 12:42:00,1
12756.0,87,1,112.08,28.02,144,1,2011-09-14 09:31:00,2011-09-14 09:31:00,0
12757.0,16,13,7834.650000000001,21.52376373626374,2395,5,2011-05-12 19:01:00,2011-11-24 12:30:00,0
12758.0,117,7,9903.24,31.639744408945685,6155,6,2009-12-01 14:40:00,2011-08-15 10:22:00,0
12759.0,52,8,5020.74,16.62496688741722,3202,8,2009-12-04 10:47:00,2011-10-18 14:49:00,0
12760.0,456,1,347.8,16.561904761904763,198,1,2010-09-10 08:50:00,2010-09-10 08:50:00,1
12761.0,458,2,782.95,28.99814814814815,281,1,2010-09-01 10:47:00,2010-09-08 12:17:00,1
12762.0,8,2,1898.52,27.51478260869565,1227,2,2011-11-14 14:23:00,2011-12-02 10:23:00,0
12763.0,138,2,494.08,27.448888888888888,316,2,2010-12-05 15:46:00,2011-07-24 14:12:00,0
12764.0,317,1,1693.88,37.64177777777778,386,1,2011-01-27 10:19:00,2011-01-27 10:19:00,1
12765.0,472,6,1404.58,20.65558823529412,1009,5,2010-03-08 09:43:00,2010-08-24 13:51:00,1
12766.0,4,9,8918.99,22.186542288557213,5022,7,2010-10-28 09:29:00,2011-12-06 08:46:00,0
12767.0,376,1,949.82,22.088837209302326,598,1,2010-11-29 09:38:00,2010-11-29 09:38:00,1
12768.0,451,1,168.69,16.869,102,1,2010-09-15 12:08:00,2010-09-15 12:08:00,1
12769.0,239,1,1143.6,35.7375,356,1,2011-04-15 10:25:00,2011-04-15 10:25:00,1
12770.0,211,2,3246.45,115.94464285714285,1843,2,2010-09-09 11:43:00,2011-05-13 09:33:00,1
12771.0,486,1,282.3,18.82,104,1,2010-08-11 11:51:00,2010-08-11 11:51:00,1
12772.0,60,1,892.47,16.226727272727274,556,1,2011-10-11 09:19:00,2011-10-11 09:19:00,0
12773.0,564,1,124.25,20.708333333333332,109,1,2010-05-24 17:30:00,2010-05-24 17:30:00,1
12774.0,536,1,98.7,16.45,53,1,2010-06-22 10:38:00,2010-06-22 10:38:00,1
12775.0,17,7,1686.1200000000001,20.816296296296297,1083,6,2010-10-26 14:24:00,2011-11-22 16:33:00,0
12776.0,668,1,55.5,13.875,46,1,2010-02-10 12:11:00,2010-02-10 12:11:00,1
12777.0,458,1,519.45,19.978846153846156,458,1,2010-09-08 11:35:00,2010-09-08 11:35:00,1
12778.0,20,9,1775.68,15.576140350877193,1735,7,2010-04-16 09:57:00,2011-11-20 11:30:00,0
12779.0,38,14,6474.11,24.06732342007435,3501,10,2009-12-03 07:25:00,2011-11-02 11:43:00,0
12780.0,599,1,337.4,16.869999999999997,285,1,2010-04-20 09:40:00,2010-04-20 09:40:00,1
12781.0,64,2,826.74,33.0696,671,2,2011-02-28 08:43:00,2011-10-07 10:37:00,0
12782.0,5,11,4618.24,20.344669603524228,2017,7,2010-07-08 13:31:00,2011-12-05 09:16:00,0
12783.0,2,6,2225.91,26.49892857142857,624,4,2011-09-25 15:35:00,2011-12-07 15:56:00,0
12784.0,9,3,1763.15,13.667829457364341,862,2,2010-06-28 13:06:00,2011-11-30 15:38:00,0
12785.0,364,3,1100.4,19.650000000000002,453,2,2009-12-08 13:56:00,2010-12-10 13:48:00,1
12786.0,610,1,728.5000000000001,40.47222222222223,324,1,2010-04-09 12:12:00,2010-04-09 12:12:00,1
12787.0,10,4,862.1800000000001,19.595000000000002,510,4,2010-10-22 14:57:00,2011-11-30 08:44:00,0
12788.0,463,4,444.90000000000003,17.111538461538462,194,3,2010-06-29 13:05:00,2010-09-02 14:21:00,1
12789.0,65,3,273.35,34.16875,36,3,2010-01-15 12:06:00,2011-10-05 13:34:00,0
12790.0,192,2,591.85,15.995945945945946,306,2,2010-10-25 13:04:00,2011-05-31 14:14:00,1
12791.0,374,6,863.51,30.839642857142856,353,4,2010-03-25 17:29:00,2010-12-01 11:27:00,1
12792.0,257,2,827.01,17.59595744680851,394,2,2010-06-23 10:49:00,2011-03-28 11:36:00,1
12793.0,335,3,885.53,20.125681818181818,461,3,2010-11-03 13:05:00,2011-01-09 12:12:00,1
12794.0,53,2,860.41,19.12022222222222,592,2,2011-09-02 12:01:00,2011-10-17 14:54:00,0
12795.0,19,1,430.48,30.74857142857143,68,1,2011-11-21 10:27:00,2011-11-21 10:27:00,0
12796.0,628,1,381.0,54.42857142857143,182,1,2010-03-21 15:49:00,2010-03-21 15:49:00,1
12797.0,366,2,552.08,18.40266666666667,215,2,2010-10-11 12:53:00,2010-12-09 10:55:00,1
12798.0,10,4,8510.93,257.9069696969697,8455,3,2010-10-14 12:27:00,2011-11-29 15:52:00,0
12799.0,529,1,219.35,14.623333333333333,137,1,2010-06-28 15:57:00,2010-06-28 15:57:00,1
12800.0,470,3,584.25,17.183823529411764,284,2,2010-02-01 11:02:00,2010-08-26 14:11:00,1
12801.0,501,1,1071.82,21.4364,505,1,2010-07-27 09:38:00,2010-07-27 09:38:00,1
12802.0,187,7,2416.42,17.510289855072465,1972,4,2010-05-25 09:34:00,2011-06-06 09:36:00,1
12803.0,393,1,1092.81,19.869272727272726,872,1,2010-11-11 14:57:00,2010-11-11 14:57:00,1
12804.0,466,2,325.37,4.929848484848485,270,2,2010-07-27 13:52:00,2010-08-31 11:58:00,1
12805.0,382,4,1434.95,24.74051724137931,593,4,2010-02-03 09:06:00,2010-11-23 12:27:00,1
12806.0,435,4,2878.96,42.96955223880597,2087,4,2010-04-30 10:44:00,2010-09-30 13:34:00,1
12807.0,383,1,330.35,20.646875,145,1,2010-11-21 14:21:00,2010-11-21 14:21:00,1
12808.0,37,5,776.7,16.52553191489362,322,4,2010-09-03 10:24:00,2011-11-03 10:05:00,0
12809.0,178,3,1755.94,21.67827160493827,518,3,2010-03-02 14:19:00,2011-06-15 10:51:00,0
12810.0,535,2,534.99,16.7184375,389,2,2010-02-01 09:52:00,2010-06-23 10:53:00,1
12811.0,261,5,1033.9,18.462500000000002,435,4,2010-10-08 12:20:00,2011-03-24 09:42:00,1
12812.0,45,1,229.64000000000001,15.309333333333335,164,1,2011-10-26 09:54:00,2011-10-26 09:54:00,0
12813.0,502,3,1687.8,37.50666666666667,1141,3,2010-01-15 16:52:00,2010-07-26 09:50:00,1
12814.0,102,1,125.92,62.96,49,1,2011-08-30 12:11:00,2011-08-30 12:11:00,0
12815.0,148,2,1063.46,22.6268085106383,379,2,2011-05-25 13:34:00,2011-07-15 10:21:00,0
12816.0,96,2,572.2,19.731034482758623,128,2,2011-06-16 13:24:00,2011-09-05 12:41:00,0
12817.0,281,3,690.98,27.639200000000002,219,3,2010-10-01 08:57:00,2011-03-03 16:28:00,1
12818.0,262,1,1542.08,110.14857142857143,929,1,2011-03-23 12:06:00,2011-03-23 12:06:00,1
12819.0,458,1,540.52,28.448421052631577,344,1,2010-09-07 15:20:00,2010-09-07 15:20:00,1
12820.0,3,11,2689.52,16.915220125786163,1964,8,2009-12-05 13:37:00,2011-12-06 15:12:00,0
12821.0,214,2,220.8,16.984615384615385,162,2,2010-04-07 15:14:00,2011-05-09 15:51:00,1
12822.0,71,2,948.88,20.62782608695652,550,1,2011-09-13 13:46:00,2011-09-30 10:04:00,0
12823.0,75,18,6501.5,361.19444444444446,930,10,2010-01-29 12:52:00,2011-09-26 07:35:00,0
12824.0,60,1,397.12,15.8848,232,1,2011-10-11 12:49:00,2011-10-11 12:49:00,0
12825.0,521,2,518.63,21.609583333333333,139,2,2010-03-08 10:17:00,2010-07-06 13:56:00,1
12826.0,3,12,2800.75,17.839171974522294,1915,8,2009-12-18 10:43:00,2011-12-07 10:25:00,0
12827.0,6,3,430.15,17.206,197,3,2011-10-26 15:44:00,2011-12-04 12:17:00,0
12828.0,3,6,1018.71,18.19125,494,4,2011-08-01 16:16:00,2011-12-07 08:45:00,0
12829.0,337,3,385.3,20.278947368421054,550,3,2010-06-07 15:04:00,2011-01-07 11:13:00,1
12830.0,38,6,6814.64,179.33263157894737,9848,4,2011-06-21 10:53:00,2011-11-02 11:54:00,0
12831.0,262,3,451.11,20.505,303,2,2010-09-02 15:58:00,2011-03-22 13:02:00,1
12832.0,32,2,383.03000000000003,14.186296296296298,195,2,2011-09-02 13:48:00,2011-11-07 13:30:00,0
12833.0,145,1,417.38,17.390833333333333,156,1,2011-07-17 13:46:00,2011-07-17 13:46:00,0
12834.0,283,1,312.38,17.354444444444443,110,1,2011-03-02 09:49:00,2011-03-02 09:49:00,1
12835.0,428,41,5996.83,9.750943089430894,2349,11,2009-12-03 12:13:00,2010-10-08 10:59:00,1
12836.0,59,15,6559.7300000000005,15.960413625304138,2231,11,2009-12-01 14:19:00,2011-10-11 15:10:00,0
12837.0,173,2,662.66,7.530227272727273,194,2,2010-05-19 15:10:00,2011-06-19 16:07:00,0
12838.0,34,10,2975.91,8.359297752808988,1606,7,2010-04-26 09:59:00,2011-11-06 12:20:00,0
12839.0,3,26,9669.12,17.453285198555957,6578,12,2009-12-07 09:18:00,2011-12-07 12:33:00,0
12840.0,144,7,4041.9700000000003,22.96573863636364,2258,6,2010-02-03 14:51:00,2011-07-19 09:29:00,0
12841.0,5,40,6958.2,10.804658385093168,5008,12,2010-07-08 15:38:00,2011-12-05 11:13:00,0
12842.0,70,4,1917.99,39.958125,887,4,2009-12-02 08:15:00,2011-09-30 15:33:00,0
12843.0,66,30,6583.36,30.061004566210045,3028,10,2009-12-13 11:41:00,2011-10-05 12:09:00,0
12844.0,29,4,648.6,6.297087378640777,223,4,2010-04-25 11:51:00,2011-11-10 13:31:00,0
12845.0,267,4,354.09000000000003,13.114444444444446,204,2,2011-02-22 14:10:00,2011-03-17 13:34:00,1
12846.0,682,1,15.58,15.58,1,1,2010-01-26 16:29:00,2010-01-26 16:29:00,1
12847.0,22,2,1609.0,13.521008403361344,1497,1,2010-11-17 12:44:00,2011-11-17 13:16:00,0
12848.0,676,1,208.0,13.0,58,1,2010-02-02 12:45:00,2010-02-02 12:45:00,1
12849.0,31,6,3042.4700000000003,21.128263888888892,1855,4,2010-04-27 13:44:00,2011-11-08 13:41:00,0
12850.0,446,1,330.0,165.0,200,1,2010-09-20 12:26:00,2010-09-20 12:26:00,1
12851.0,97,2,280.76,3.6462337662337663,157,2,2010-08-19 15:13:00,2011-09-04 12:41:00,0
12852.0,295,1,311.55,18.326470588235296,149,1,2011-02-18 08:47:00,2011-02-18 08:47:00,1
12853.0,135,11,3907.5,26.402027027027028,1668,6,2010-02-05 11:57:00,2011-07-28 11:29:00,0
12854.0,79,7,2970.9700000000003,11.383026819923373,1630,6,2009-12-11 12:55:00,2011-09-22 12:15:00,0
12855.0,373,4,612.84,9.146865671641791,240,2,2010-11-02 18:16:00,2010-12-02 09:37:00,1
12856.0,8,6,2170.78,6.98,1076,3,2011-10-07 12:38:00,2011-12-02 10:52:00,0
12857.0,211,6,3688.0,30.479338842975206,1420,6,2010-01-25 15:37:00,2011-05-13 10:20:00,1
12858.0,383,1,147.27,3.9802702702702706,51,1,2010-11-21 12:55:00,2010-11-21 12:55:00,1
12859.0,459,1,575.1,27.385714285714286,292,1,2010-09-07 12:20:00,2010-09-07 12:20:00,1
12860.0,693,1,54.22,3.38875,26,1,2010-01-15 15:22:00,2010-01-15 15:22:00,1
12861.0,620,1,68.25,17.0625,27,1,2010-03-30 11:39:00,2010-03-30 11:39:00,1
12862.0,426,2,984.62,7.51618320610687,611,2,2010-08-01 15:20:00,2010-10-10 11:47:00,1
12863.0,52,6,2792.55,58.178125,895,6,2010-04-29 13:54:00,2011-10-18 14:15:00,0
12864.0,138,2,299.57,42.79571428571428,447,1,2010-07-19 17:22:00,2011-07-24 13:03:00,0
12865.0,26,4,3323.4700000000003,17.0434358974359,1973,2,2010-08-20 12:20:00,2011-11-13 14:31:00,0
12866.0,283,3,1227.35,19.48174603174603,553,3,2010-07-25 11:37:00,2011-03-01 14:11:00,1
12867.0,26,13,7829.26,7.456438095238095,7876,8,2009-12-16 16:25:00,2011-11-13 15:30:00,0
12868.0,186,8,2043.76,15.251940298507463,1170,6,2010-11-12 10:05:00,2011-06-07 10:42:00,1
12869.0,682,1,337.66999999999996,9.126216216216216,144,1,2010-01-27 12:10:00,2010-01-27 12:10:00,1
12870.0,375,3,1676.95,18.031720430107526,906,3,2010-03-25 14:32:00,2010-11-29 13:42:00,1
12871.0,84,3,744.02,41.33444444444444,484,2,2010-09-26 10:34:00,2011-09-16 15:07:00,0
12872.0,327,12,3283.96,8.33492385786802,1642,10,2009-12-03 20:03:00,2011-01-17 10:52:00,1
12873.0,282,3,2027.3,57.92285714285714,786,3,2010-01-27 09:50:00,2011-03-02 14:58:00,1
12874.0,385,2,948.42,19.75875,623,2,2010-06-03 12:51:00,2010-11-19 15:23:00,1
12875.0,143,5,1356.9900000000002,169.62375000000003,5187,5,2010-01-11 12:37:00,2011-07-19 15:30:00,0
12876.0,58,4,4081.79,24.010529411764704,3047,4,2010-04-28 13:26:00,2011-10-13 12:26:00,0
12877.0,4,20,2942.14,10.737737226277371,2237,12,2010-01-18 10:23:00,2011-12-06 10:30:00,0
12878.0,236,2,854.99,18.191276595744682,547,2,2011-03-18 14:02:00,2011-04-17 13:07:00,1
12879.0,45,3,573.22,57.322,370,2,2011-09-09 12:11:00,2011-10-26 12:24:00,0
12880.0,382,2,640.13,17.781388888888888,279,2,2010-05-14 11:57:00,2010-11-23 10:50:00,1
12881.0,276,1,298.0,42.57142857142857,21,1,2011-03-09 11:44:00,2011-03-09 11:44:00,1
12882.0,9,2,1463.04,112.54153846153847,246,1,2011-11-06 11:22:00,2011-11-30 16:18:00,0
12883.0,25,4,703.47,16.749285714285715,196,2,2011-09-11 15:18:00,2011-11-15 09:32:00,0
12884.0,88,1,309.05,44.15,43,1,2011-09-12 13:10:00,2011-09-12 13:10:00,0
12885.0,63,3,1175.22,16.552394366197184,655,2,2011-08-08 11:45:00,2011-10-07 13:40:00,0
12886.0,68,2,1378.4,16.809756097560978,770,2,2011-05-04 11:21:00,2011-10-03 10:09:00,0
12887.0,384,1,222.4,17.107692307692307,100,1,2010-11-21 11:18:00,2010-11-21 11:18:00,1
12888.0,214,2,354.12,70.824,76,2,2011-03-29 14:31:00,2011-05-09 16:02:00,1
12889.0,381,4,385.46000000000004,15.418400000000002,124,4,2010-07-25 14:32:00,2010-11-23 16:08:00,1
12890.0,24,2,706.02,5.229777777777778,457,1,2010-11-17 14:05:00,2011-11-15 17:26:00,0
12891.0,186,11,840.5,76.4090909090909,2325,6,2010-02-18 14:32:00,2011-06-07 12:31:00,1
12892.0,397,1,263.38,14.632222222222222,140,1,2010-11-08 09:51:00,2010-11-08 09:51:00,1
12893.0,31,1,176.55,5.695161290322581,90,1,2011-11-09 12:34:00,2011-11-09 12:34:00,0
12894.0,575,1,157.35,7.492857142857143,33,1,2010-05-13 14:47:00,2010-05-13 14:47:00,1
12895.0,42,2,372.8,16.945454545454545,210,2,2011-09-14 08:35:00,2011-10-28 13:51:00,0
12897.0,205,4,514.25,36.732142857142854,249,4,2010-06-14 11:58:00,2011-05-19 12:13:00,1
12898.0,464,2,296.21,10.97074074074074,235,2,2010-02-18 12:36:00,2010-09-02 08:08:00,1
12899.0,414,1,366.4,21.552941176470586,108,1,2010-10-22 09:53:00,2010-10-22 09:53:00,1
12900.0,422,1,340.33000000000004,26.179230769230774,139,1,2010-10-13 15:17:00,2010-10-13 15:17:00,1
12901.0,9,28,17654.54,152.19431034482758,23075,10,2011-03-14 10:41:00,2011-12-01 10:07:00,0
12902.0,265,1,138.68,13.868,66,1,2011-03-20 12:06:00,2011-03-20 12:06:00,1
12903.0,429,1,833.5300000000001,20.330000000000002,493,1,2010-10-07 12:39:00,2010-10-07 12:39:00,1
12904.0,18,2,496.06,6.986760563380281,294,2,2011-06-20 13:18:00,2011-11-21 14:34:00,0
12905.0,577,2,1018.42,18.85962962962963,532,2,2010-01-26 14:06:00,2010-05-12 10:05:00,1
12906.0,12,5,2919.81,46.34619047619047,1749,2,2011-09-22 15:03:00,2011-11-28 09:55:00,0
12907.0,396,2,508.91,20.3564,177,2,2010-08-02 14:33:00,2010-11-09 12:08:00,1
12908.0,176,5,1776.0,355.2,3000,5,2010-03-19 15:59:00,2011-06-16 15:39:00,0
12909.0,40,8,3103.19,19.640443037974684,1948,5,2010-02-24 12:14:00,2011-10-31 12:43:00,0
12910.0,23,13,5796.52,42.31036496350365,3632,8,2010-03-28 13:10:00,2011-11-16 14:28:00,0
12911.0,552,1,1651.72,6.998813559322034,807,1,2010-06-06 12:13:00,2010-06-06 12:13:00,1
12912.0,3,5,1662.3,69.2625,670,3,2011-10-30 11:35:00,2011-12-07 08:55:00,0
12913.0,5,13,6283.24,68.29608695652173,3086,7,2009-12-01 12:18:00,2011-12-05 12:11:00,0
12914.0,401,1,223.98,24.886666666666667,336,1,2010-11-04 12:28:00,2010-11-04 12:28:00,1
12915.0,149,4,975.1,16.25166666666667,411,4,2010-04-29 19:36:00,2011-07-14 11:34:00,0
12916.0,139,7,4479.73,26.044941860465112,1681,6,2010-01-24 11:26:00,2011-07-24 10:35:00,0
12917.0,128,6,4359.2,87.184,1104,5,2009-12-09 14:22:00,2011-08-03 16:42:00,0
12918.0,626,1,10953.5,10953.5,1,1,2010-03-23 15:22:00,2010-03-23 15:22:00,1
12919.0,8,6,1335.19,26.7038,673,5,2011-06-23 09:22:00,2011-12-01 13:47:00,0
12920.0,17,4,486.64,8.248135593220338,420,3,2009-12-14 15:58:00,2011-11-22 15:05:00,0
12921.0,9,74,35233.24,23.504496330887257,21328,12,2009-12-01 13:43:00,2011-11-30 16:22:00,0
12922.0,161,1,405.38,14.477857142857143,370,1,2011-07-01 15:35:00,2011-07-01 15:35:00,0
12923.0,64,3,770.42,12.840333333333332,230,3,2010-05-13 14:55:00,2011-10-06 16:20:00,0
12924.0,88,12,2469.4,33.37027027027027,1423,7,2009-12-09 12:40:00,2011-09-12 13:55:00,0
12925.0,5,3,729.33,14.5866,649,3,2010-04-26 10:32:00,2011-12-05 11:11:00,0
12926.0,411,4,1523.97,5.816679389312977,754,3,2009-12-14 14:35:00,2010-10-24 15:57:00,1
12927.0,395,1,197.31,17.937272727272727,145,1,2010-11-10 10:02:00,2010-11-10 10:02:00,1
12928.0,35,12,4304.89,24.049664804469277,2899,7,2010-06-08 10:16:00,2011-11-04 14:24:00,0
12929.0,312,1,117.85,14.73125,37,1,2011-02-01 12:08:00,2011-02-01 12:08:00,1
12930.0,78,2,415.8,16.632,252,2,2011-06-21 13:25:00,2011-09-22 15:18:00,0
12931.0,22,57,92347.34,423.61165137614677,62906,11,2009-12-01 11:46:00,2011-11-18 12:39:00,0
12932.0,539,8,1698.56,17.87957894736842,1609,5,2010-02-10 08:46:00,2010-06-18 14:22:00,1
12933.0,24,8,1636.63,5.663079584775087,949,5,2009-12-10 16:39:00,2011-11-15 16:38:00,0
12934.0,737,1,181.65,90.825,31,1,2009-12-03 10:51:00,2009-12-03 10:51:00,1
12935.0,2,15,4243.86,16.70811023622047,3201,9,2010-04-11 15:59:00,2011-12-07 17:25:00,0
12936.0,17,4,1063.9,17.15967741935484,559,2,2011-09-22 13:51:00,2011-11-22 17:32:00,0
12937.0,15,9,3097.61,14.274700460829493,1983,7,2009-12-03 15:43:00,2011-11-24 15:05:00,0
12938.0,26,1,114.14,12.682222222222222,140,1,2011-11-14 11:21:00,2011-11-14 11:21:00,0
12939.0,64,20,25264.8,293.7767441860465,10328,9,2010-01-12 11:27:00,2011-10-06 14:33:00,0
12940.0,55,2,899.69,9.371770833333334,404,2,2011-09-13 10:16:00,2011-10-16 12:09:00,0
12941.0,724,1,377.49,13.981111111111112,381,1,2009-12-15 13:12:00,2009-12-15 13:12:00,1
12942.0,131,3,675.6,9.651428571428571,198,3,2010-12-09 09:34:00,2011-07-31 14:39:00,0
12943.0,558,2,496.5,19.86,222,2,2010-04-13 11:03:00,2010-05-30 13:52:00,1
12944.0,36,2,604.51,20.150333333333332,289,2,2010-12-20 10:41:00,2011-11-04 11:04:00,0
12945.0,288,2,900.11,17.64921568627451,446,1,2010-02-21 15:18:00,2011-02-24 14:15:00,1
12946.0,437,1,324.45,16.2225,149,1,2010-09-29 10:14:00,2010-09-29 10:14:00,1
12947.0,144,6,1603.99,16.535979381443298,1165,5,2010-12-01 16:21:00,2011-07-19 10:06:00,0
12948.0,16,9,2317.43,18.53944,1304,6,2009-12-02 12:28:00,2011-11-23 17:10:00,0
12949.0,31,22,15526.7,21.715664335664336,8233,10,2009-12-03 15:56:00,2011-11-09 11:25:00,0
12950.0,2,3,1843.0,80.1304347826087,1380,2,2011-11-15 13:48:00,2011-12-07 13:17:00,0
12951.0,9,15,3213.7200000000003,16.56556701030928,1662,10,2010-01-10 12:43:00,2011-12-01 12:14:00,0
12952.0,6,4,1387.79,17.566962025316457,653,3,2011-09-22 16:37:00,2011-12-04 10:35:00,0
12953.0,10,2,828.8100000000001,17.266875000000002,364,2,2010-07-05 13:37:00,2011-11-30 09:24:00,0
12954.0,639,1,162.45,16.244999999999997,83,1,2010-03-11 10:16:00,2010-03-11 10:16:00,1
12955.0,1,11,4757.16,26.428666666666665,3664,8,2011-03-17 09:03:00,2011-12-08 16:29:00,0
12956.0,306,4,521.89,12.425952380952381,340,3,2009-12-15 19:03:00,2011-02-06 16:08:00,1
12957.0,10,13,8706.97,17.769326530612243,4686,8,2009-12-11 12:01:00,2011-11-30 09:53:00,0
12958.0,400,2,467.34,9.537551020408163,118,2,2010-05-05 16:22:00,2010-11-04 16:16:00,1
12959.0,484,1,150.95,18.86875,109,1,2010-08-12 17:20:00,2010-08-12 17:20:00,1
12960.0,414,4,1322.0700000000002,18.886714285714287,1379,4,2010-02-16 13:32:00,2010-10-22 09:31:00,1
12961.0,379,1,211.99,5.29975,180,1,2010-11-25 16:44:00,2010-11-25 16:44:00,1
12962.0,7,2,266.39,16.649375,129,2,2011-08-18 13:38:00,2011-12-02 15:55:00,0
12963.0,8,12,3235.79,18.596494252873562,1637,6,2010-07-08 14:45:00,2011-12-01 12:55:00,0
12964.0,437,1,132.24,5.086153846153847,56,1,2010-09-28 17:47:00,2010-09-28 17:47:00,1
12965.0,89,1,769.8100000000001,7.1278703703703705,282,1,2011-09-11 15:31:00,2011-09-11 15:31:00,0
12966.0,10,1,160.18,16.018,75,1,2011-11-30 12:38:00,2011-11-30 12:38:00,0
12967.0,358,3,2938.52,45.208,912,2,2010-11-21 11:03:00,2010-12-16 19:10:00,1
12968.0,112,1,135.95,27.189999999999998,73,1,2011-08-19 15:44:00,2011-08-19 15:44:00,0
12969.0,603,1,122.45,24.490000000000002,55,1,2010-04-16 10:50:00,2010-04-16 10:50:00,1
12970.0,7,10,1453.6,4.213333333333333,954,3,2009-12-04 14:19:00,2011-12-02 14:30:00,0
12971.0,4,116,15704.6,38.586240786240786,14306,12,2009-12-15 19:04:00,2011-12-06 12:20:00,0
12972.0,414,4,1161.2,15.08051948051948,844,4,2010-02-16 14:30:00,2010-10-22 08:41:00,1
12973.0,414,1,385.55,64.25833333333334,31,1,2010-10-22 10:14:00,2010-10-22 10:14:00,1
12974.0,198,2,408.95,12.7796875,104,1,2010-05-23 11:45:00,2011-05-26 09:33:00,1
12975.0,437,6,2100.09,18.750803571428573,911,3,2009-12-06 10:38:00,2010-09-29 09:46:00,1
12976.0,212,8,3156.38,20.495974025974025,2684,6,2010-02-12 15:46:00,2011-05-12 09:55:00,1
12977.0,156,4,513.88,8.86,128,1,2010-07-16 16:25:00,2011-07-06 16:40:00,0
12978.0,385,5,2502.82,15.35472392638037,1394,4,2009-12-10 12:10:00,2010-11-19 14:29:00,1
12979.0,729,1,517.7,9.244642857142859,520,1,2009-12-10 15:45:00,2009-12-10 15:45:00,1
12980.0,158,21,16245.78,312.4188461538462,1910,11,2009-12-02 11:26:00,2011-07-05 09:34:00,0
12981.0,30,2,372.21999999999997,18.610999999999997,242,2,2011-07-29 14:14:00,2011-11-10 12:00:00,0
12982.0,243,8,2744.81,15.420280898876404,1729,6,2010-04-12 13:50:00,2011-04-11 11:51:00,1
12983.0,598,1,490.08,16.336,638,1,2010-04-20 12:58:00,2010-04-20 12:58:00,1
12984.0,19,1,97.5,24.375,26,1,2011-11-21 12:37:00,2011-11-21 12:37:00,0
12985.0,1,2,1239.38,16.30763157894737,1533,2,2011-11-11 12:44:00,2011-12-09 10:46:00,0
12986.0,429,10,2729.84,26.763137254901963,1164,6,2010-01-21 10:45:00,2010-10-07 11:57:00,1
12987.0,74,5,1312.21,19.881969696969698,585,5,2010-01-20 09:57:00,2011-09-27 12:03:00,0
12988.0,292,1,505.82,6.094216867469879,126,1,2011-02-20 14:31:00,2011-02-20 14:31:00,1
12989.0,3,33,13551.75,139.70876288659792,6935,11,2009-12-10 13:27:00,2011-12-06 15:28:00,0
12990.0,31,7,955.5,35.388888888888886,480,7,2010-03-30 11:36:00,2011-11-08 13:01:00,0
12991.0,23,3,764.82,16.996000000000002,483,2,2010-11-15 13:43:00,2011-11-16 15:34:00,0
12992.0,725,1,93.35,15.558333333333332,21,1,2009-12-14 16:46:00,2009-12-14 16:46:00,1
12993.0,23,8,1259.63,16.574078947368424,751,6,2010-02-18 10:35:00,2011-11-16 15:49:00,0
12994.0,4,3,974.42,15.974098360655738,459,3,2011-03-16 08:31:00,2011-12-05 15:43:00,0
12995.0,85,1,211.32,70.44,108,1,2011-09-15 15:44:00,2011-09-15 15:44:00,0
12996.0,376,1,355.5,16.15909090909091,122,1,2010-11-29 09:27:00,2010-11-29 09:27:00,1
12997.0,22,8,2110.91,19.728130841121494,1186,6,2010-04-06 11:06:00,2011-11-17 15:47:00,0
12998.0,493,3,920.08,15.86344827586207,1124,3,2010-02-24 11:55:00,2010-08-04 08:05:00,1
12999.0,196,3,455.88,16.28142857142857,342,2,2011-04-08 10:26:00,2011-05-27 13:24:00,1
13000.0,107,4,1032.5,16.653225806451612,548,3,2009-12-14 17:03:00,2011-08-25 10:43:00,0
13001.0,4,33,24042.65,23.687339901477834,13448,12,2009-12-03 16:21:00,2011-12-05 14:51:00,0
13002.0,318,3,414.13,18.00565217391304,201,2,2010-10-01 11:58:00,2011-01-25 15:18:00,1
13003.0,106,3,149.05,24.84166666666667,103,3,2011-05-09 08:23:00,2011-08-26 10:50:00,0
13004.0,12,36,11650.85,14.295521472392638,8768,12,2009-12-15 09:44:00,2011-11-28 11:27:00,0
13005.0,174,4,999.68,17.85142857142857,462,4,2010-09-08 12:52:00,2011-06-19 10:53:00,0
13006.0,56,1,81.57,20.3925,55,1,2011-10-14 13:49:00,2011-10-14 13:49:00,0
13007.0,580,1,175.25,15.931818181818182,59,1,2010-05-09 10:38:00,2010-05-09 10:38:00,1
13008.0,323,3,612.13,17.489428571428572,379,3,2009-12-16 16:07:00,2011-01-20 14:24:00,1
13009.0,673,1,234.0,58.5,120,1,2010-02-05 12:22:00,2010-02-05 12:22:00,1
13010.0,374,2,330.12,27.51,323,2,2010-03-01 11:28:00,2010-11-30 15:09:00,1
13011.0,372,1,50.550000000000004,16.85,13,1,2010-12-02 17:22:00,2010-12-02 17:22:00,1
13012.0,9,11,2957.83,19.33222222222222,1559,7,2010-04-26 14:14:00,2011-11-30 13:05:00,0
13013.0,1,29,11097.43,22.787330595482548,5661,10,2009-12-14 10:34:00,2011-12-08 15:01:00,0
13014.0,11,11,5381.08,24.02267857142857,1979,7,2010-10-03 11:35:00,2011-11-29 12:27:00,0
13015.0,53,11,6579.78,18.907413793103448,3527,5,2010-04-15 16:35:00,2011-10-17 13:19:00,0
13016.0,73,3,789.89,16.806170212765956,527,2,2011-08-08 15:00:00,2011-09-27 14:08:00,0
13017.0,7,1,204.0,204.0,48,1,2011-12-02 15:53:00,2011-12-02 15:53:00,0
13018.0,16,35,9763.16,16.190978441127694,6746,10,2010-03-01 12:34:00,2011-11-23 13:28:00,0
13019.0,379,6,1229.95,22.362727272727273,397,5,2009-12-06 15:40:00,2010-11-25 14:56:00,1
13020.0,563,2,618.96,15.870769230769232,278,2,2010-02-18 10:35:00,2010-05-26 11:12:00,1
13021.0,4,17,4887.24,19.016498054474706,2546,9,2009-12-05 12:02:00,2011-12-05 16:37:00,0
13022.0,430,1,65.3,13.059999999999999,35,1,2010-10-06 10:50:00,2010-10-06 10:50:00,1
13023.0,64,3,1449.03,19.066184210526316,585,3,2010-06-29 09:51:00,2011-10-06 16:27:00,0
13024.0,471,2,555.87,17.931290322580644,181,2,2010-05-06 14:25:00,2010-08-26 09:42:00,1
13025.0,732,1,323.39,24.876153846153844,241,1,2009-12-08 10:02:00,2009-12-08 10:02:00,1
13026.0,1,9,1733.08,21.13512195121951,2466,7,2009-12-13 11:34:00,2011-12-08 16:58:00,0
13027.0,114,19,17239.2,202.81411764705882,42840,11,2010-01-20 10:41:00,2011-08-18 09:39:00,0
13028.0,23,2,661.3199999999999,14.695999999999998,798,2,2011-10-25 14:09:00,2011-11-17 11:10:00,0
13029.0,31,5,1927.3,113.37058823529412,194,3,2010-07-04 13:46:00,2011-11-09 09:13:00,0
13030.0,11,2,752.44,8.178695652173914,348,2,2010-12-06 14:31:00,2011-11-28 14:30:00,0
13031.0,407,5,3292.84,8.090515970515971,2309,5,2010-06-03 14:57:00,2010-10-28 15:34:00,1
13032.0,52,9,2815.96,13.603671497584541,1274,3,2010-09-05 14:01:00,2011-10-18 15:54:00,0
13033.0,357,2,220.55,16.965384615384615,98,2,2010-10-06 09:37:00,2010-12-17 14:23:00,1
13034.0,55,3,756.82,17.200454545454548,406,3,2010-11-03 15:22:00,2011-10-16 12:21:00,0
13035.0,74,3,1364.2,32.48095238095238,926,3,2010-10-04 15:41:00,2011-09-27 08:57:00,0
13036.0,685,1,307.1,51.18333333333334,38,1,2010-01-24 11:35:00,2010-01-24 11:35:00,1
13037.0,138,12,3914.9500000000003,16.87478448275862,2130,10,2009-12-03 17:04:00,2011-07-24 15:46:00,0
13038.0,80,3,908.46,32.445,360,3,2011-02-22 11:43:00,2011-09-20 14:37:00,0
13039.0,584,4,1010.73,18.37690909090909,290,4,2009-12-17 16:43:00,2010-05-04 16:45:00,1
13040.0,9,2,676.99,15.743953488372092,355,2,2011-11-06 13:53:00,2011-12-01 10:38:00,0
13041.0,451,4,799.13,22.832285714285714,335,3,2010-04-29 08:43:00,2010-09-15 11:44:00,1
13042.0,598,3,1488.59,8.09016304347826,812,3,2009-12-07 15:42:00,2010-04-20 13:43:00,1
13043.0,273,1,516.42,39.72461538461538,254,1,2011-03-11 14:52:00,2011-03-11 14:52:00,1
13044.0,291,11,4848.05,11.653966346153847,2548,7,2010-01-08 14:46:00,2011-02-21 15:20:00,1
13045.0,99,3,808.9200000000001,17.976000000000003,405,3,2010-08-10 13:02:00,2011-09-01 15:04:00,0
13046.0,31,3,949.25,16.950892857142858,505,3,2010-09-09 13:09:00,2011-11-09 08:36:00,0
13047.0,32,24,8428.53,22.297698412698413,3328,11,2009-12-16 11:43:00,2011-11-08 12:06:00,0
13048.0,14,9,4049.13,15.279735849056603,2661,7,2010-01-27 12:55:00,2011-11-25 13:23:00,0
13049.0,64,4,1408.24,54.16307692307692,620,3,2010-11-03 15:39:00,2011-10-06 15:31:00,0
13050.0,15,35,11986.52,12.181422764227642,7015,12,2009-12-15 15:06:00,2011-11-25 09:18:00,0
13051.0,579,2,155.8,38.95,72,2,2010-03-30 11:11:00,2010-05-10 09:14:00,1
13052.0,212,7,3119.33,12.577943548387097,1424,5,2010-02-23 12:31:00,2011-05-11 14:12:00,1
13053.0,622,1,127.65,7.508823529411765,47,1,2010-03-28 11:28:00,2010-03-28 11:28:00,1
13055.0,78,4,2321.11,15.072142857142858,1821,3,2010-10-06 08:17:00,2011-09-22 14:26:00,0
13056.0,551,1,209.48,11.025263157894736,158,1,2010-06-06 14:10:00,2010-06-06 14:10:00,1
13057.0,530,3,709.59,17.73975,456,2,2010-03-18 12:14:00,2010-06-27 15:44:00,1
13058.0,25,3,271.40000000000003,33.925000000000004,52,3,2011-07-11 12:01:00,2011-11-15 12:43:00,0
13059.0,250,10,2291.77,11.574595959595959,860,6,2010-03-31 12:23:00,2011-04-04 10:40:00,1
13060.0,254,1,307.53000000000003,20.502000000000002,123,1,2011-03-31 11:37:00,2011-03-31 11:37:00,1
13061.0,72,1,248.61,24.861,107,1,2011-09-28 16:04:00,2011-09-28 16:04:00,0
13062.0,191,1,346.98,31.543636363636367,343,1,2011-06-01 15:12:00,2011-06-01 15:12:00,1
13063.0,481,1,188.4,15.700000000000001,116,1,2010-08-16 12:27:00,2010-08-16 12:27:00,1
13064.0,13,6,1666.84,17.92301075268817,668,6,2010-04-27 10:08:00,2011-11-27 12:31:00,0
13065.0,373,5,1055.05,17.016935483870967,381,5,2010-06-10 11:44:00,2010-12-01 16:52:00,1
13066.0,24,2,470.8,9.808333333333334,322,1,2011-11-07 17:06:00,2011-11-15 12:57:00,0
13067.0,82,3,508.51,15.8909375,131,2,2010-09-19 13:43:00,2011-09-18 13:38:00,0
13068.0,10,2,344.0,172.0,200,2,2011-01-24 08:20:00,2011-11-29 15:00:00,0
13069.0,1,38,9284.45,8.944556840077071,15171,12,2010-06-14 14:27:00,2011-12-09 08:39:00,0
13070.0,192,4,751.7,22.77878787878788,372,4,2009-12-07 14:44:00,2011-05-31 13:45:00,1
13071.0,612,1,129.22,10.768333333333333,30,1,2010-04-06 13:37:00,2010-04-06 13:37:00,1
13072.0,267,1,177.15,25.307142857142857,69,1,2011-03-18 08:12:00,2011-03-18 08:12:00,1
13073.0,411,2,418.08,15.484444444444444,261,2,2010-09-28 09:27:00,2010-10-24 14:06:00,1
13074.0,511,4,1378.74,47.54275862068965,826,4,2009-12-16 11:46:00,2010-07-16 16:53:00,1
13075.0,130,1,919.61,41.80045454545455,485,1,2011-08-02 10:19:00,2011-08-02 10:19:00,0
13076.0,458,1,135.4,15.044444444444444,44,1,2010-09-08 10:27:00,2010-09-08 10:27:00,1
13077.0,1,11,2740.65,8.305,2468,7,2009-12-11 11:17:00,2011-12-08 19:24:00,0
13078.0,3,57,29018.06,36.685284450063214,12032,12,2009-12-01 09:06:00,2011-12-06 15:36:00,0
13079.0,4,6,419.18,24.657647058823528,158,5,2010-10-18 14:15:00,2011-12-05 16:53:00,0
13080.0,179,4,280.73,14.775263157894738,193,4,2010-04-09 13:07:00,2011-06-13 14:59:00,0
13081.0,12,28,56838.37,24.929109649122807,40077,10,2009-12-08 13:58:00,2011-11-28 10:54:00,0
13082.0,126,21,7335.75,56.866279069767444,8466,10,2009-12-22 15:37:00,2011-08-05 16:16:00,0
13083.0,4,3,395.43,17.974090909090908,307,3,2010-10-10 13:38:00,2011-12-05 15:01:00,0
13084.0,492,1,122.39999999999999,61.199999999999996,144,1,2010-08-05 08:49:00,2010-08-05 08:49:00,1
13085.0,158,8,2433.28,28.96761904761905,944,4,2009-12-01 07:45:00,2011-07-05 12:11:00,0
13086.0,383,1,439.33000000000004,9.34744680851064,155,1,2010-11-22 10:28:00,2010-11-22 10:28:00,1
13087.0,726,1,313.64,20.909333333333333,86,1,2009-12-13 15:16:00,2009-12-13 15:16:00,1
13088.0,417,1,236.11,11.8055,76,1,2010-10-18 15:35:00,2010-10-18 15:35:00,1
13089.0,3,203,113416.91,34.21324585218703,58932,12,2009-12-02 15:44:00,2011-12-07 09:02:00,0
13090.0,9,24,13091.74,47.78007299270073,3247,10,2010-08-02 13:58:00,2011-12-01 12:39:00,0
13091.0,28,3,2321.82,51.596000000000004,1339,2,2009-12-10 11:50:00,2011-11-11 15:54:00,0
13092.0,71,12,2140.28,20.38361904761905,664,9,2010-02-10 08:44:00,2011-09-30 11:18:00,0
13093.0,276,55,54144.25,52.212391513982645,25971,12,2009-12-04 10:32:00,2011-03-09 12:14:00,1
13094.0,21,13,2209.44,76.18758620689655,1896,10,2010-11-15 14:15:00,2011-11-18 14:07:00,0
13095.0,71,1,74.39999999999999,12.399999999999999,144,1,2011-09-30 12:03:00,2011-09-30 12:03:00,0
13096.0,394,1,419.7000000000001,419.7000000000001,6,1,2010-11-10 14:08:00,2010-11-10 14:08:00,1
13097.0,33,28,13324.1,13.271015936254981,5345,10,2009-12-01 13:31:00,2011-11-07 10:43:00,0
13098.0,1,28,28882.44,50.49377622377622,15968,12,2011-01-26 13:46:00,2011-12-08 14:14:00,0
13099.0,99,1,207.36,207.36,288,1,2011-09-01 17:40:00,2011-09-01 17:40:00,0
13101.0,234,4,695.4,13.635294117647058,478,4,2010-01-27 15:49:00,2011-04-19 14:37:00,1
13102.0,1,37,11380.1,23.65925155925156,6366,12,2010-05-06 13:12:00,2011-12-08 12:52:00,0
13103.0,40,3,709.64,21.504242424242424,426,3,2010-05-11 14:41:00,2011-10-31 09:38:00,0
13104.0,3,9,1709.1,56.97,834,7,2010-02-24 15:06:00,2011-12-06 13:10:00,0
13105.0,436,1,72.0,72.0,100,1,2010-09-29 13:41:00,2010-09-29 13:41:00,1
13106.0,133,2,603.46,37.71625,231,2,2010-10-22 13:10:00,2011-07-29 15:12:00,0
13107.0,44,9,5253.07,29.511629213483143,4316,6,2010-02-04 10:50:00,2011-10-26 14:52:00,0
13108.0,373,2,748.46,21.38457142857143,745,2,2010-09-30 17:09:00,2010-12-02 10:35:00,1
13109.0,60,3,1134.03,16.20042857142857,757,3,2010-06-06 12:59:00,2011-10-11 10:16:00,0
13110.0,31,12,2957.4700000000003,11.735992063492064,763,9,2009-12-01 14:14:00,2011-11-08 14:30:00,0
13111.0,719,1,321.88000000000005,26.823333333333338,180,1,2009-12-21 09:00:00,2009-12-21 09:00:00,1
13112.0,541,1,20.599999999999998,10.299999999999999,11,1,2010-06-16 17:03:00,2010-06-16 17:03:00,1
13113.0,1,37,18230.07,48.355623342175065,4435,12,2010-03-28 16:13:00,2011-12-09 12:49:00,0
13114.0,731,1,234.38,14.64875,74,1,2009-12-09 09:56:00,2009-12-09 09:56:00,1
13115.0,12,10,5494.7,17.49904458598726,3934,6,2010-04-19 13:29:00,2011-11-28 12:38:00,0
13116.0,138,1,501.14,16.704666666666665,291,1,2011-07-24 14:33:00,2011-07-24 14:33:00,0
13117.0,22,18,2255.66,13.923827160493826,1852,11,2010-03-26 13:50:00,2011-11-18 12:02:00,0
13118.0,20,9,2415.41,16.320337837837837,834,6,2010-09-26 15:46:00,2011-11-20 12:46:00,0
13119.0,669,1,134.9,12.263636363636364,110,1,2010-02-09 08:38:00,2010-02-09 08:38:00,1
13120.0,239,1,30.6,30.6,12,1,2011-04-15 10:19:00,2011-04-15 10:19:00,1
13121.0,269,1,283.73,5.674600000000001,252,1,2011-03-15 16:47:00,2011-03-15 16:47:00,1
13122.0,94,2,922.39,16.77072727272727,585,2,2011-04-13 14:12:00,2011-09-06 15:53:00,0
13123.0,473,2,506.75,11.261111111111111,268,2,2010-06-28 12:43:00,2010-08-24 10:18:00,1
13124.0,90,4,4641.66,16.401625441696112,2738,4,2010-11-19 15:50:00,2011-09-11 12:45:00,0
13125.0,524,1,148.62,7.431,53,1,2010-07-04 11:58:00,2010-07-04 11:58:00,1
13126.0,5,13,3774.81,15.860546218487395,3289,7,2010-03-02 12:24:00,2011-12-05 10:00:00,0
13127.0,78,1,259.17,17.278000000000002,127,1,2011-09-23 10:26:00,2011-09-23 10:26:00,0
13128.0,631,1,263.5,263.5,31,1,2010-03-18 15:08:00,2010-03-18 15:08:00,1
13129.0,452,2,233.25,21.204545454545453,296,2,2010-06-28 11:54:00,2010-09-13 13:47:00,1
13130.0,94,1,64.0,32.0,32,1,2011-09-06 15:30:00,2011-09-06 15:30:00,0
13131.0,23,7,3313.77,22.24006711409396,1523,5,2010-02-09 09:47:00,2011-11-16 13:21:00,0
13132.0,262,1,77.3,25.766666666666666,20,1,2011-03-23 12:44:00,2011-03-23 12:44:00,1
13133.0,274,3,200.45,16.704166666666666,55,3,2010-09-06 15:30:00,2011-03-11 10:31:00,1
13134.0,86,6,2475.23,20.456446280991734,1364,5,2010-10-19 13:21:00,2011-09-15 10:35:00,0
13135.0,197,2,3371.45,187.30277777777778,4423,2,2010-08-05 17:28:00,2011-05-27 10:52:00,1
13136.0,56,13,6274.56,19.919238095238097,3109,7,2009-12-08 18:30:00,2011-10-14 13:41:00,0
13137.0,11,16,7586.94,5.442568149210904,4238,7,2010-07-25 15:40:00,2011-11-29 12:09:00,0
13138.0,22,7,1274.01,14.98835294117647,593,6,2010-11-08 11:45:00,2011-11-17 16:51:00,0
13139.0,16,8,8202.98,30.954641509433962,4614,5,2010-09-28 09:12:00,2011-11-23 13:54:00,0
13140.0,108,5,1054.92,10.046857142857144,572,3,2010-08-05 19:05:00,2011-08-23 15:33:00,0
13141.0,85,17,7656.08,18.056792452830187,5159,9,2009-12-09 13:34:00,2011-09-16 09:54:00,0
13142.0,19,1,307.09000000000003,13.351739130434783,258,1,2011-11-20 16:07:00,2011-11-20 16:07:00,0
13143.0,585,1,405.1,17.61304347826087,198,1,2010-05-04 12:22:00,2010-05-04 12:22:00,1
13144.0,333,2,135.35,22.558333333333334,29,2,2010-10-04 14:14:00,2011-01-11 11:15:00,1
13145.0,40,7,1128.52,125.39111111111112,265,6,2010-04-19 11:11:00,2011-10-31 12:45:00,0
13146.0,26,1,228.91,13.465294117647058,154,1,2011-11-13 15:29:00,2011-11-13 15:29:00,0
13147.0,10,4,712.8,178.2,144,3,2011-09-01 12:28:00,2011-11-29 13:59:00,0
13148.0,29,26,8497.82,11.13737876802097,4487,9,2009-12-07 15:26:00,2011-11-10 15:23:00,0
13149.0,14,4,1676.06,19.48906976744186,1280,4,2011-02-23 13:57:00,2011-11-25 13:09:00,0
13150.0,484,3,449.96999999999997,56.246249999999996,171,2,2010-03-19 09:03:00,2010-08-12 12:59:00,1
13151.0,296,3,2465.21,15.602594936708861,813,2,2010-03-22 10:26:00,2011-02-17 12:29:00,1
13152.0,417,7,2146.38,15.899111111111113,977,7,2010-01-14 10:01:00,2010-10-18 13:44:00,1
13153.0,6,1,486.22,32.41466666666667,418,1,2011-12-04 12:14:00,2011-12-04 12:14:00,0
13154.0,399,3,1624.84,17.471397849462363,976,3,2009-12-04 08:46:00,2010-11-05 16:00:00,1
13155.0,33,6,1370.48,12.236428571428572,741,6,2010-08-05 09:30:00,2011-11-06 15:41:00,0
13156.0,385,3,1586.54,15.255192307692308,914,2,2010-02-01 13:45:00,2010-11-19 13:09:00,1
13157.0,49,9,5687.36,22.658804780876494,4762,7,2010-03-08 11:59:00,2011-10-21 13:50:00,0
13158.0,95,5,1508.18,15.081800000000001,992,5,2010-11-16 17:12:00,2011-09-06 11:58:00,0
13159.0,9,4,1429.35,11.911249999999999,1058,3,2011-08-16 11:44:00,2011-12-01 11:20:00,0
13160.0,22,1,91.8,22.95,56,1,2011-11-17 13:07:00,2011-11-17 13:07:00,0
13161.0,313,2,472.13,14.306969696969697,105,2,2010-07-27 12:44:00,2011-01-30 14:03:00,1
13162.0,122,16,9275.49,38.972647058823526,5755,10,2009-12-04 13:59:00,2011-08-09 15:59:00,0
13163.0,610,1,17.65,8.825,3,1,2010-04-08 16:21:00,2010-04-08 16:21:00,1
13164.0,569,2,372.2,37.22,120,2,2010-02-10 11:52:00,2010-05-19 13:52:00,1
13165.0,46,3,1451.1599999999999,29.61551020408163,1736,2,2010-10-22 17:04:00,2011-10-24 15:05:00,0
13166.0,283,2,875.93,12.881323529411764,522,2,2010-10-21 14:29:00,2011-03-01 15:16:00,1
13167.0,19,5,1125.15,13.890740740740743,1007,4,2010-11-14 12:58:00,2011-11-21 12:24:00,0
13168.0,36,5,1840.73,10.640057803468208,898,5,2010-06-15 15:00:00,2011-11-03 12:56:00,0
13169.0,64,3,840.08,46.67111111111112,296,3,2010-05-26 15:58:00,2011-10-07 12:11:00,0
13170.0,27,1,108.81,3.6270000000000002,141,1,2011-11-13 12:19:00,2011-11-13 12:19:00,0
13171.0,22,3,468.41,10.182826086956522,229,3,2011-02-13 14:16:00,2011-11-18 10:27:00,0
13172.0,400,1,69.6,69.6,48,1,2010-11-04 15:10:00,2010-11-04 15:10:00,1
13173.0,4,11,2399.82,11.110277777777778,1481,7,2009-12-10 12:52:00,2011-12-05 15:51:00,0
13174.0,16,12,7995.36,8.523837953091684,3794,7,2009-12-04 15:40:00,2011-11-23 14:35:00,0
13175.0,582,2,831.45,18.075,423,2,2009-12-04 12:11:00,2010-05-06 13:13:00,1
13176.0,46,1,481.49,7.186417910447761,448,1,2011-10-24 15:43:00,2011-10-24 15:43:00,0
13177.0,65,2,512.2,17.073333333333334,180,1,2010-10-05 10:35:00,2011-10-06 09:56:00,0
13178.0,26,21,14059.19,20.46461426491994,8778,11,2009-12-16 14:00:00,2011-11-13 16:14:00,0
13179.0,619,1,572.3100000000001,16.832647058823532,368,1,2010-03-31 11:40:00,2010-03-31 11:40:00,1
13180.0,607,1,86.10000000000001,21.525000000000002,42,1,2010-04-11 13:37:00,2010-04-11 13:37:00,1
13181.0,381,1,359.69,18.931052631578947,171,1,2010-11-23 15:05:00,2010-11-23 15:05:00,1
13182.0,45,1,121.18,11.016363636363637,201,1,2011-10-25 13:46:00,2011-10-25 13:46:00,0
13183.0,8,15,7036.18,45.10371794871795,4027,9,2010-03-14 12:32:00,2011-12-02 10:30:00,0
13184.0,15,10,1668.95,9.323743016759776,1662,6,2011-02-22 17:25:00,2011-11-25 12:02:00,0
13185.0,268,1,71.4,71.4,12,1,2011-03-17 11:56:00,2011-03-17 11:56:00,1
13186.0,40,3,1575.89,19.947974683544306,820,3,2011-08-03 09:09:00,2011-10-31 11:40:00,0
13187.0,337,4,341.36,6.095714285714286,296,2,2010-03-25 17:18:00,2011-01-06 18:57:00,1
13188.0,11,1,114.6,57.3,25,1,2011-11-28 15:28:00,2011-11-28 15:28:00,0
13189.0,19,2,260.68,8.988965517241379,842,2,2011-08-16 13:12:00,2011-11-21 10:39:00,0
13190.0,544,3,570.66,33.56823529411764,308,3,2009-12-07 12:13:00,2010-06-13 15:47:00,1
13191.0,658,1,164.69,2.79135593220339,115,1,2010-02-19 17:02:00,2010-02-19 17:02:00,1
13192.0,95,6,2558.58,15.793703703703704,1629,5,2010-01-22 08:37:00,2011-09-05 14:13:00,0
13193.0,61,1,112.08,4.4832,46,1,2011-10-09 14:30:00,2011-10-09 14:30:00,0
13194.0,136,2,472.78,47.278,326,2,2010-10-14 11:54:00,2011-07-27 09:01:00,0
13195.0,414,1,136.73,2.972391304347826,70,1,2010-10-21 13:07:00,2010-10-21 13:07:00,1
13196.0,11,7,3068.84,16.323617021276597,2006,5,2010-04-01 12:54:00,2011-11-28 13:54:00,0
13197.0,610,1,373.01000000000005,19.632105263157897,204,1,2010-04-09 09:14:00,2010-04-09 09:14:00,1
13198.0,10,8,4974.2300000000005,15.841496815286625,3449,7,2010-10-01 13:27:00,2011-11-29 15:17:00,0
13199.0,4,67,15964.210000000001,78.64142857142858,11567,12,2009-12-05 10:11:00,2011-12-06 12:30:00,0
13200.0,19,4,870.09,18.915,516,3,2011-08-05 14:50:00,2011-11-20 15:35:00,0
13201.0,502,4,1233.06,14.337906976744186,1036,3,2010-03-07 11:01:00,2010-07-25 14:30:00,1
13202.0,394,7,1580.3,22.902898550724636,572,7,2009-12-09 10:48:00,2010-11-10 16:24:00,1
13203.0,10,10,2648.25,15.670118343195266,2413,7,2009-12-17 14:15:00,2011-11-30 10:45:00,0
13204.0,731,1,966.6600000000001,16.958947368421054,428,1,2009-12-08 14:56:00,2009-12-08 14:56:00,1
13205.0,443,1,2803.2,2803.2,256,1,2010-09-22 16:26:00,2010-09-22 16:26:00,1
13206.0,400,13,8308.19,14.678780918727917,7086,7,2009-12-07 13:48:00,2010-11-04 16:50:00,1
13207.0,15,4,535.86,41.22,178,4,2010-04-06 16:37:00,2011-11-24 14:52:00,0
13208.0,59,9,1976.3,7.842460317460318,1343,8,2009-12-03 13:25:00,2011-10-12 09:54:00,0
13209.0,30,13,8509.51,23.25002732240437,5781,8,2010-01-24 14:30:00,2011-11-09 13:54:00,0
13210.0,94,1,353.48,16.067272727272726,316,1,2011-09-07 08:18:00,2011-09-07 08:18:00,0
13211.0,10,10,2618.77,13.028706467661692,1845,6,2009-12-06 15:24:00,2011-11-29 14:43:00,0
13212.0,20,3,786.83,5.580354609929079,309,2,2011-10-09 14:48:00,2011-11-20 12:40:00,0
13213.0,57,11,3851.52,18.88,2962,6,2010-05-20 14:50:00,2011-10-14 11:42:00,0
13214.0,418,7,3264.23,14.254279475982532,2966,6,2010-03-03 14:10:00,2010-10-18 10:00:00,1
13215.0,402,1,81.6,81.6,96,1,2010-11-02 18:26:00,2010-11-02 18:26:00,1
13216.0,268,1,333.74,66.748,297,1,2011-03-17 12:18:00,2011-03-17 12:18:00,1
13217.0,122,4,666.48,133.296,512,3,2010-02-22 12:49:00,2011-08-09 15:32:00,0
13218.0,127,1,62.64,12.528,88,1,2011-08-04 16:59:00,2011-08-04 16:59:00,0
13219.0,618,1,76.23,6.930000000000001,11,1,2010-03-31 14:18:00,2010-03-31 14:18:00,1
13220.0,78,5,1336.0900000000001,25.20924528301887,396,4,2010-05-13 10:35:00,2011-09-22 13:38:00,0
13221.0,240,2,847.41,12.839545454545455,244,2,2010-12-15 13:24:00,2011-04-13 16:58:00,1
13222.0,577,1,88.5,88.5,30,1,2010-05-11 13:54:00,2010-05-11 13:54:00,1
13223.0,200,6,969.12,74.5476923076923,568,5,2010-02-12 13:27:00,2011-05-23 13:03:00,1
13224.0,60,2,2155.95,19.9625,1518,2,2011-07-11 14:10:00,2011-10-10 14:55:00,0
13225.0,3,16,16260.07,130.08056,7401,10,2009-12-17 09:09:00,2011-12-06 13:29:00,0
13226.0,273,2,312.46,11.159285714285714,179,2,2010-11-11 13:46:00,2011-03-11 14:35:00,1
13227.0,202,1,257.7,28.633333333333333,99,1,2011-05-22 11:47:00,2011-05-22 11:47:00,1
13228.0,81,1,358.0,179.0,200,1,2011-09-19 14:28:00,2011-09-19 14:28:00,0
13229.0,226,1,160.95,16.095,63,1,2011-04-28 12:07:00,2011-04-28 12:07:00,1
13230.0,4,30,6120.01,4.892094324540368,3520,12,2010-03-18 20:02:00,2011-12-05 16:03:00,0
13232.0,13,7,1328.35,6.575990099009901,773,5,2011-04-10 13:48:00,2011-11-27 10:39:00,0
13233.0,74,4,1176.46,15.479736842105263,1604,3,2010-01-14 14:10:00,2011-09-26 13:25:00,0
13234.0,673,2,346.5,5.680327868852459,159,2,2009-12-07 12:32:00,2010-02-05 11:41:00,1
13235.0,212,1,1031.07,17.77706896551724,441,1,2011-05-11 17:13:00,2011-05-11 17:13:00,1
13236.0,25,2,744.85,20.69027777777778,416,2,2011-08-25 08:58:00,2011-11-15 12:50:00,0
13237.0,388,1,643.0,26.791666666666668,128,1,2010-11-17 10:07:00,2010-11-17 10:07:00,1
13238.0,17,6,1006.63,21.417659574468086,442,5,2010-04-28 15:02:00,2011-11-22 15:37:00,0
13239.0,262,5,1594.69,17.14720430107527,1151,4,2010-07-25 13:34:00,2011-03-23 10:25:00,1
13240.0,96,8,1475.79,7.342238805970149,709,7,2010-02-25 13:17:00,2011-09-04 14:08:00,0
13241.0,412,1,112.53,2.81325,46,1,2010-10-24 11:17:00,2010-10-24 11:17:00,1
13242.0,112,7,699.4,19.982857142857142,350,4,2010-02-09 13:12:00,2011-08-19 12:53:00,0
13243.0,203,5,1220.38,5.953073170731708,554,3,2010-03-18 13:10:00,2011-05-20 13:14:00,1
13244.0,93,1,121.74000000000001,4.508888888888889,38,1,2011-09-08 11:46:00,2011-09-08 11:46:00,0
13245.0,51,2,989.22,21.982666666666667,371,1,2010-10-03 14:03:00,2011-10-20 11:40:00,0
13246.0,18,11,3351.75,9.034366576819407,2796,8,2010-07-02 13:36:00,2011-11-21 16:50:00,0
13247.0,18,4,501.12,20.0448,328,3,2011-09-18 11:31:00,2011-11-22 10:59:00,0
13248.0,125,2,465.68,17.91076923076923,305,2,2011-06-03 13:05:00,2011-08-07 12:40:00,0
13249.0,92,9,1608.9299999999998,45.969428571428566,1246,7,2010-01-24 12:11:00,2011-09-08 13:26:00,0
13250.0,461,2,253.09,13.320526315789474,107,2,2010-07-25 14:01:00,2010-09-05 11:33:00,1
13251.0,402,1,252.68,10.1072,215,1,2010-11-02 13:20:00,2010-11-02 13:20:00,1
13252.0,394,2,399.3,21.01578947368421,134,2,2010-03-24 10:30:00,2010-11-10 16:00:00,1
13253.0,157,4,2951.11,39.34813333333334,3015,3,2010-01-05 12:13:00,2011-07-06 10:09:00,0
13254.0,376,1,51.41,12.8525,43,1,2010-11-28 15:42:00,2010-11-28 15:42:00,1
13255.0,9,3,678.76,26.106153846153845,407,3,2010-07-15 13:20:00,2011-11-30 13:14:00,0
13257.0,436,1,149.75,21.392857142857142,33,1,2010-09-29 14:58:00,2010-09-29 14:58:00,1
13258.0,12,5,1009.43,22.94159090909091,446,2,2010-11-04 12:45:00,2011-11-28 09:31:00,0
13259.0,62,9,1402.54,4.480958466453674,503,6,2010-01-10 10:26:00,2011-10-09 10:48:00,0
13260.0,61,1,557.62,69.7025,142,1,2011-10-09 13:21:00,2011-10-09 13:21:00,0
13261.0,269,2,944.1,104.9,210,2,2011-02-27 10:41:00,2011-03-16 12:22:00,1
13262.0,263,3,573.45,11.469000000000001,247,3,2010-04-18 12:14:00,2011-03-21 15:06:00,1
13263.0,1,39,8676.2,4.554435695538058,5372,11,2010-10-22 17:07:00,2011-12-08 13:59:00,0
13264.0,443,1,722.5600000000001,19.014736842105265,375,1,2010-09-23 12:42:00,2010-09-23 12:42:00,1
13265.0,53,5,2092.66,23.251777777777775,1740,5,2011-03-11 09:54:00,2011-10-17 15:02:00,0
13266.0,11,19,6135.04,19.98384364820847,6837,10,2009-12-17 10:52:00,2011-11-28 14:39:00,0
13267.0,3,36,9429.81,22.943576642335763,3959,10,2009-12-07 16:56:00,2011-12-07 11:12:00,0
13268.0,18,11,3174.75,7.331986143187067,3624,6,2011-03-17 13:20:00,2011-11-22 11:51:00,0
13269.0,1,28,8537.32,17.566502057613167,6366,10,2009-12-02 11:47:00,2011-12-08 14:53:00,0
13270.0,366,1,590.0,590.0,200,1,2010-12-08 14:53:00,2010-12-08 14:53:00,1
13271.0,37,1,211.49,2.430919540229885,240,1,2011-11-02 14:31:00,2011-11-02 14:31:00,0
13272.0,31,2,276.56,18.437333333333335,96,2,2011-09-11 12:06:00,2011-11-08 14:00:00,0
13273.0,113,1,138.98,8.68625,153,1,2011-08-18 14:02:00,2011-08-18 14:02:00,0
13274.0,409,1,360.85,18.992105263157896,199,1,2010-10-26 13:48:00,2010-10-26 13:48:00,1
13275.0,384,2,238.86,4.97625,138,2,2010-03-17 14:05:00,2010-11-21 12:09:00,1
13276.0,64,5,1891.91,7.915941422594143,840,5,2010-03-07 14:05:00,2011-10-07 12:44:00,0
13277.0,16,7,523.3,22.752173913043475,382,4,2010-06-18 08:45:00,2011-11-24 09:21:00,0
13278.0,41,4,1435.85,13.294907407407406,1358,4,2010-04-08 11:59:00,2011-10-30 11:49:00,0
13279.0,78,1,137.75,15.305555555555555,73,1,2011-09-22 17:24:00,2011-09-22 17:24:00,0
13280.0,122,7,2293.33,11.186975609756097,1489,5,2010-03-05 09:07:00,2011-08-09 13:14:00,0
13281.0,439,1,350.85,15.947727272727274,201,1,2010-09-26 16:03:00,2010-09-26 16:03:00,1
13282.0,18,4,1313.19,25.748823529411766,410,4,2010-10-29 14:11:00,2011-11-21 15:33:00,0
13283.0,60,4,373.36,18.668,204,4,2010-03-09 14:36:00,2011-10-11 09:50:00,0
13284.0,331,1,201.19,15.476153846153846,91,1,2011-01-13 09:23:00,2011-01-13 09:23:00,1
13285.0,23,6,3364.59,14.565324675324677,2457,5,2010-03-25 14:26:00,2011-11-16 13:19:00,0
13286.0,600,1,734.91,14.998163265306122,274,1,2010-04-18 15:35:00,2010-04-18 15:35:00,1
13287.0,603,3,781.59,14.746981132075472,429,3,2010-01-04 10:43:00,2010-04-15 15:26:00,1
13288.0,443,5,927.61,92.761,379,3,2010-02-11 14:59:00,2010-09-22 16:32:00,1
13289.0,724,1,307.95,19.246875,119,1,2009-12-16 11:53:00,2009-12-16 11:53:00,1
13290.0,438,1,208.63,208.63,1,1,2010-09-27 16:29:00,2010-09-27 16:29:00,1
13291.0,156,11,3270.79,10.285503144654088,1600,8,2010-02-11 18:36:00,2011-07-07 10:36:00,0
13292.0,39,5,994.51,16.856101694915253,530,5,2010-07-01 14:36:00,2011-11-01 10:04:00,0
13293.0,392,6,1192.94,16.56861111111111,555,5,2010-02-09 12:05:00,2010-11-12 13:28:00,1
13294.0,190,3,1689.53,16.564019607843136,996,3,2010-03-03 12:54:00,2011-06-03 08:54:00,1
13295.0,360,4,1101.97,16.44731343283582,733,4,2010-05-12 09:13:00,2010-12-15 11:21:00,1
13296.0,137,6,792.51,14.953018867924529,653,5,2010-05-11 14:29:00,2011-07-25 13:46:00,0
13297.0,8,7,4368.62,35.51723577235772,2694,4,2010-06-15 12:35:00,2011-12-02 09:32:00,0
13298.0,1,1,360.0,180.0,96,1,2011-12-08 13:11:00,2011-12-08 13:11:00,0
13299.0,268,3,1218.7,19.656451612903226,416,3,2010-06-29 11:30:00,2011-03-16 12:55:00,1
13300.0,169,3,1285.51,23.37290909090909,455,3,2010-05-14 15:56:00,2011-06-23 13:09:00,0
13301.0,104,4,618.09,7.630740740740741,345,4,2011-02-20 13:13:00,2011-08-28 11:25:00,0
13302.0,155,2,159.2,53.06666666666666,12,1,2010-07-01 12:32:00,2011-07-07 17:56:00,0
13303.0,400,1,61.72,15.43,26,1,2010-11-04 14:55:00,2010-11-04 14:55:00,1
13304.0,351,4,1217.99,15.61525641025641,716,4,2010-02-08 12:42:00,2010-12-23 14:35:00,1
13305.0,4,16,3616.41,18.08205,2228,9,2010-03-10 14:49:00,2011-12-05 15:15:00,0
13306.0,430,1,53.65,13.4125,74,1,2010-10-05 14:55:00,2010-10-05 14:55:00,1
13307.0,120,3,273.34,18.222666666666665,140,2,2010-04-26 13:28:00,2011-08-11 17:14:00,0
13308.0,23,4,1670.3700000000001,23.526338028169015,1073,4,2010-04-22 09:22:00,2011-11-17 09:31:00,0
13309.0,7,6,1706.3700000000001,13.125923076923078,1914,6,2010-11-12 12:10:00,2011-12-02 16:34:00,0
13310.0,28,5,1541.2,16.223157894736843,816,3,2010-11-02 17:03:00,2011-11-11 17:23:00,0
13311.0,4,2,598.57,23.02192307692308,305,2,2011-07-12 14:26:00,2011-12-05 12:55:00,0
13312.0,451,1,124.75,24.95,41,1,2010-09-14 14:36:00,2010-09-14 14:36:00,1
13313.0,22,12,3445.32,18.424171122994654,2308,8,2009-12-02 16:18:00,2011-11-17 16:48:00,0
13314.0,2,3,775.94,12.515161290322581,560,3,2011-09-27 10:20:00,2011-12-08 12:29:00,0
13315.0,689,1,310.26000000000005,14.102727272727275,232,1,2010-01-19 15:34:00,2010-01-19 15:34:00,1
13316.0,37,10,12940.82,74.80242774566474,19931,6,2010-03-10 10:01:00,2011-11-02 13:40:00,0
13317.0,66,19,6486.091,18.854915697674418,3149,10,2009-12-13 11:11:00,2011-10-04 13:35:00,0
13318.0,1,3,640.76,32.038,304,2,2011-11-02 13:26:00,2011-12-08 18:51:00,0
13319.0,5,58,21323.22,23.10208017334778,8974,12,2009-12-06 14:46:00,2011-12-04 13:34:00,0
13320.0,78,6,2211.6,14.842953020134228,1509,4,2010-08-18 10:29:00,2011-09-22 18:07:00,0
13321.0,72,2,567.36,51.57818181818182,372,1,2011-09-14 15:18:00,2011-09-28 15:24:00,0
13322.0,17,1,199.48000000000002,7.9792000000000005,117,1,2011-11-22 14:21:00,2011-11-22 14:21:00,0
13323.0,3,5,787.85,37.516666666666666,175,3,2011-09-16 13:23:00,2011-12-06 17:12:00,0
13324.0,36,18,10513.47,79.6475,8448,9,2010-05-25 10:23:00,2011-11-03 16:28:00,0
13325.0,82,1,675.3,56.275,240,1,2011-09-19 10:36:00,2011-09-19 10:36:00,0
13326.0,432,1,281.76,21.673846153846153,140,1,2010-10-03 16:00:00,2010-10-03 16:00:00,1
13327.0,39,20,9134.48,28.45632398753894,4203,12,2009-12-18 15:35:00,2011-11-01 10:21:00,0
13328.0,316,1,1308.48,76.96941176470588,680,1,2011-01-27 15:22:00,2011-01-27 15:22:00,1
13329.0,32,8,4808.7699999999995,40.75228813559322,3311,4,2009-12-04 15:41:00,2011-11-08 10:29:00,0
13330.0,93,6,2796.1,23.898290598290597,1951,5,2010-02-23 10:12:00,2011-09-08 12:27:00,0
13331.0,402,1,262.4,21.866666666666664,54,1,2010-11-03 08:04:00,2010-11-03 08:04:00,1
13332.0,14,1,350.90000000000003,16.709523809523812,179,1,2011-11-25 13:30:00,2011-11-25 13:30:00,0
13333.0,411,3,1015.74,18.468,685,3,2010-02-19 09:26:00,2010-10-24 13:24:00,1
13334.0,82,5,6201.8,13.083966244725739,3198,3,2010-02-25 12:21:00,2011-09-18 15:21:00,0
13336.0,77,1,795.12,15.590588235294117,559,1,2011-09-23 14:05:00,2011-09-23 14:05:00,0
13337.0,546,1,1575.26,18.106436781609194,980,1,2010-06-11 13:27:00,2010-06-11 13:27:00,1
13338.0,158,4,2445.62,19.10640625,1151,4,2010-01-05 12:25:00,2011-07-05 09:06:00,0
13339.0,201,1,860.12,15.928148148148148,326,1,2011-05-23 08:31:00,2011-05-23 08:31:00,1
13340.0,45,12,22100.56,102.79330232558141,9636,5,2010-02-22 14:54:00,2011-10-25 13:15:00,0
13341.0,261,1,775.85,18.472619047619048,301,1,2011-03-24 09:50:00,2011-03-24 09:50:00,1
13343.0,178,1,353.43,18.60157894736842,135,1,2011-06-15 12:24:00,2011-06-15 12:24:00,0
13344.0,68,3,2511.69,21.6525,952,2,2011-03-07 10:28:00,2011-10-03 09:45:00,0
13345.0,288,1,389.5,19.475,141,1,2011-02-25 09:01:00,2011-02-25 09:01:00,1
13346.0,463,6,299.4,49.9,180,5,2010-04-22 12:34:00,2010-09-03 11:41:00,1
13347.0,70,1,341.36,42.67,205,1,2011-09-30 13:28:00,2011-09-30 13:28:00,0
13348.0,64,1,233.76000000000002,16.697142857142858,136,1,2011-10-06 17:28:00,2011-10-06 17:28:00,0
13349.0,11,1,247.32,15.4575,225,1,2011-11-29 08:07:00,2011-11-29 08:07:00,0
13350.0,16,2,979.12,24.478,287,2,2011-09-21 13:33:00,2011-11-23 16:33:00,0
13351.0,66,1,373.94,23.37125,117,1,2011-10-04 12:55:00,2011-10-04 12:55:00,0
13352.0,60,1,397.98,16.5825,321,1,2011-10-10 13:55:00,2011-10-10 13:55:00,0
13354.0,71,1,743.53,14.579019607843136,604,1,2011-09-29 13:17:00,2011-09-29 13:17:00,0
13355.0,122,1,674.7,21.084375,314,1,2011-08-09 14:48:00,2011-08-09 14:48:00,0
13356.0,80,1,768.24,18.291428571428572,325,1,2011-09-20 14:33:00,2011-09-20 14:33:00,0
13357.0,257,5,3805.51,9.658654822335025,2112,3,2010-03-22 14:30:00,2011-03-27 13:56:00,1
13358.0,269,1,439.03000000000003,15.138965517241381,285,1,2011-03-16 11:52:00,2011-03-16 11:52:00,1
13359.0,64,2,1043.31,18.630535714285713,381,2,2010-11-01 15:05:00,2011-10-07 09:30:00,0
13360.0,432,4,1553.65,23.540151515151518,942,3,2010-01-08 11:16:00,2010-10-04 12:37:00,1
13361.0,472,2,1450.5,42.661764705882355,324,2,2010-04-01 07:49:00,2010-08-24 14:56:00,1
13362.0,9,7,5394.07,18.100906040268455,2481,4,2010-10-10 15:27:00,2011-11-30 14:41:00,0
13363.0,18,3,1723.8600000000001,16.90058823529412,1146,2,2010-10-26 11:07:00,2011-11-22 12:40:00,0
13364.0,71,1,134.96,13.496,71,1,2011-09-29 18:13:00,2011-09-29 18:13:00,0
13365.0,34,2,2225.37,17.385703125,1247,2,2011-05-06 12:00:00,2011-11-06 12:36:00,0
13366.0,50,1,56.16,56.16,144,1,2011-10-20 13:37:00,2011-10-20 13:37:00,0
13367.0,432,1,510.2,25.509999999999998,253,1,2010-10-04 10:00:00,2010-10-04 10:00:00,1
13368.0,257,4,1121.5,21.567307692307693,606,3,2010-10-12 10:43:00,2011-03-28 09:59:00,1
13369.0,366,1,308.28000000000003,22.020000000000003,149,1,2010-12-09 11:30:00,2010-12-09 11:30:00,1
13370.0,372,1,754.87,19.355641025641027,343,1,2010-12-03 10:26:00,2010-12-03 10:26:00,1
13371.0,505,2,2297.66,24.9745652173913,1019,2,2010-03-17 15:29:00,2010-07-22 17:33:00,1
13372.0,90,1,378.64,16.46260869565217,159,1,2011-09-11 12:46:00,2011-09-11 12:46:00,0
13373.0,61,6,7587.1900000000005,21.193268156424583,4263,4,2009-12-06 12:34:00,2011-10-10 10:51:00,0
13374.0,415,2,422.8,24.870588235294118,135,2,2010-09-16 10:29:00,2010-10-21 10:04:00,1
13375.0,89,2,1792.23,25.242676056338027,1124,1,2010-09-21 08:12:00,2011-09-12 10:19:00,0
13376.0,99,3,1019.76,19.240754716981133,493,3,2011-04-19 13:03:00,2011-09-01 16:16:00,0
13377.0,397,2,1552.88,19.90871794871795,748,2,2010-03-04 10:06:00,2010-11-08 12:20:00,1
13379.0,26,3,572.56,5.902680412371134,601,3,2011-07-26 12:26:00,2011-11-13 13:45:00,0
13380.0,433,1,62.4,20.8,48,1,2010-10-03 10:18:00,2010-10-03 10:18:00,1
13381.0,32,12,8224.37,23.102162921348317,5125,7,2009-12-01 15:19:00,2011-11-08 11:58:00,0
13382.0,281,5,1387.58,16.134651162790696,863,3,2009-12-08 09:56:00,2011-03-04 10:03:00,1
13383.0,544,1,305.28000000000003,305.28000000000003,288,1,2010-06-14 11:45:00,2010-06-14 11:45:00,1
13384.0,31,11,6680.83,25.30617424242424,4142,6,2010-07-27 12:22:00,2011-11-09 11:04:00,0
13385.0,330,1,534.57,15.273428571428573,281,1,2011-01-14 09:52:00,2011-01-14 09:52:00,1
13386.0,414,2,835.46,26.950322580645164,514,2,2010-09-28 13:09:00,2010-10-21 12:52:00,1
13387.0,417,1,186.94,2.632957746478873,123,1,2010-10-18 14:07:00,2010-10-18 14:07:00,1
13388.0,131,3,1185.65,17.183333333333334,701,2,2010-04-15 10:18:00,2011-07-31 12:52:00,0
13389.0,11,3,797.96,15.646274509803922,429,3,2011-04-21 12:12:00,2011-11-28 14:01:00,0
13390.0,75,1,544.08,41.8523076923077,224,1,2011-09-26 08:38:00,2011-09-26 08:38:00,0
13391.0,204,1,59.8,59.8,4,1,2011-05-20 10:50:00,2011-05-20 10:50:00,1
13392.0,677,1,91.14,11.3925,82,1,2010-01-31 13:34:00,2010-01-31 13:34:00,1
13393.0,584,4,1131.45,16.397826086956524,662,3,2009-12-07 18:12:00,2010-05-05 09:34:00,1
13394.0,2,19,6621.7,16.18997555012225,5354,12,2009-12-01 11:58:00,2011-12-08 11:36:00,0
13395.0,185,3,1180.23,14.57074074074074,1660,3,2010-10-14 13:00:00,2011-06-07 15:04:00,1
13396.0,29,2,1360.99,31.65093023255814,600,2,2011-01-24 13:37:00,2011-11-10 16:59:00,0
13397.0,73,10,3191.87,35.863707865168536,1336,7,2010-01-20 09:50:00,2011-09-28 10:56:00,0
13398.0,192,2,670.34,17.18820512820513,341,2,2010-09-17 09:34:00,2011-05-31 13:17:00,1
13399.0,464,3,275.4,18.36,120,2,2010-07-08 17:47:00,2010-09-01 13:59:00,1
13400.0,583,1,310.83,13.514347826086956,284,1,2010-05-06 09:00:00,2010-05-06 09:00:00,1
13402.0,127,4,1226.8500000000001,15.52974683544304,917,4,2010-05-24 10:56:00,2011-08-04 15:51:00,0
13403.0,18,3,229.5,25.5,114,2,2009-12-16 13:23:00,2011-11-22 08:28:00,0
13404.0,1,2,252.49,22.953636363636363,111,2,2011-05-11 11:57:00,2011-12-08 15:37:00,0
13405.0,74,6,1213.811,28.228162790697674,855,5,2009-12-15 14:13:00,2011-09-26 17:01:00,0
13406.0,427,2,568.92,63.21333333333333,292,2,2010-03-18 07:29:00,2010-10-08 14:44:00,1
13407.0,579,3,2244.7,26.408235294117645,1690,3,2010-02-16 11:13:00,2010-05-10 12:41:00,1
13408.0,2,106,50174.782,60.74428813559322,28675,12,2009-12-04 09:31:00,2011-12-08 09:05:00,0
13410.0,24,9,2201.96,44.0392,1244,7,2009-12-08 13:43:00,2011-11-15 15:33:00,0
13411.0,107,1,213.55,11.863888888888889,72,1,2011-08-24 13:57:00,2011-08-24 13:57:00,0
13412.0,620,1,487.35,14.333823529411765,176,1,2010-03-29 16:28:00,2010-03-29 16:28:00,1
13413.0,640,6,429.44,9.986976744186046,455,3,2010-01-21 17:43:00,2010-03-10 12:17:00,1
13414.0,134,6,2494.14,45.348,2702,5,2010-04-15 17:00:00,2011-07-29 11:45:00,0
13415.0,473,4,784.17,7.764059405940594,496,3,2009-12-11 14:20:00,2010-08-24 11:38:00,1
13416.0,44,3,940.8000000000001,36.184615384615384,208,3,2009-12-03 13:02:00,2011-10-27 08:56:00,0
13417.0,5,6,1669.49,21.681688311688312,532,5,2010-02-08 12:39:00,2011-12-05 08:49:00,0
13418.0,12,31,11559.66,21.526368715083798,7354,10,2009-12-11 12:51:00,2011-11-28 10:23:00,0
13419.0,64,1,221.06,13.81625,275,1,2011-10-07 12:49:00,2011-10-07 12:49:00,0
13420.0,150,2,159.85,19.98125,101,2,2011-06-22 11:35:00,2011-07-13 08:48:00,0
13421.0,40,8,4058.75,15.316037735849056,2351,4,2010-02-14 14:45:00,2011-10-30 14:21:00,0
13422.0,64,1,2626.3,20.67952755905512,1326,1,2011-10-06 13:42:00,2011-10-06 13:42:00,0
13423.0,429,1,217.03,18.085833333333333,141,1,2010-10-07 09:02:00,2010-10-07 09:02:00,1
13424.0,450,1,572.77,14.31925,529,1,2010-09-16 10:49:00,2010-09-16 10:49:00,1
13425.0,108,5,3390.4300000000003,19.154971751412432,2358,5,2010-05-09 14:35:00,2011-08-23 17:13:00,0
13426.0,1,22,8167.38,23.811603498542276,4868,10,2009-12-09 15:16:00,2011-12-09 08:59:00,0
13427.0,19,6,1006.53,19.356346153846154,880,5,2009-12-17 13:44:00,2011-11-20 13:02:00,0
13428.0,10,3,478.54,3.46768115942029,356,2,2010-07-13 13:20:00,2011-11-29 14:20:00,0
13429.0,11,4,1006.8,15.02686567164179,1390,3,2011-09-25 15:59:00,2011-11-29 09:10:00,0
13430.0,19,2,679.45,13.866326530612247,751,2,2011-09-14 14:26:00,2011-11-21 08:19:00,0
13431.0,67,8,3316.2400000000002,25.707286821705427,1570,5,2010-02-18 11:53:00,2011-10-03 13:49:00,0
13432.0,571,2,439.1,3.955855855855856,217,2,2010-04-06 14:42:00,2010-05-17 13:18:00,1
13433.0,501,4,658.32,27.430000000000003,190,3,2010-01-12 08:59:00,2010-07-26 16:55:00,1
13434.0,74,5,1666.8600000000001,47.624571428571436,864,3,2010-02-22 09:54:00,2011-09-26 14:30:00,0
13435.0,5,9,4447.33,29.84785234899329,2754,7,2010-07-27 16:56:00,2011-12-04 14:45:00,0
13436.0,2,1,196.89,16.4075,76,1,2011-12-08 10:33:00,2011-12-08 10:33:00,0
13437.0,14,7,3408.06,20.40754491017964,1283,4,2011-06-02 14:30:00,2011-11-25 14:00:00,0
13438.0,547,1,46.5,46.5,10,1,2010-06-10 18:46:00,2010-06-10 18:46:00,1
13439.0,255,3,986.61,5.907844311377246,952,3,2010-07-01 14:36:00,2011-03-29 14:20:00,1
13440.0,423,7,1295.25,21.953389830508474,573,2,2010-09-14 10:34:00,2010-10-12 13:11:00,1
13441.0,92,2,720.9,18.971052631578946,520,2,2010-10-04 10:38:00,2011-09-09 09:38:00,0
13442.0,667,3,419.87,11.04921052631579,115,3,2009-12-01 14:59:00,2010-02-10 14:03:00,1
13443.0,449,6,1273.16,6.3658,805,4,2010-01-31 13:30:00,2010-09-17 12:31:00,1
13444.0,374,2,619.08,10.861052631578948,331,2,2010-07-21 14:34:00,2010-11-30 13:02:00,1
13445.0,626,1,241.89999999999998,34.55714285714286,198,1,2010-03-23 15:34:00,2010-03-23 15:34:00,1
13446.0,430,11,3881.89,20.218177083333334,2403,7,2010-02-14 11:52:00,2010-10-05 18:51:00,1
13447.0,23,3,1129.14,19.137966101694918,584,1,2011-11-04 10:10:00,2011-11-16 13:38:00,0
13448.0,17,13,8745.93,16.408874296435272,4195,5,2009-12-06 12:14:00,2011-11-23 12:33:00,0
13449.0,24,1,291.88,15.362105263157895,222,1,2011-11-16 08:28:00,2011-11-16 08:28:00,0
13450.0,27,13,4120.04,28.027482993197278,4318,7,2010-04-15 19:15:00,2011-11-13 11:54:00,0
13451.0,26,11,7090.06,6.937436399217222,5229,8,2010-03-21 16:13:00,2011-11-13 15:58:00,0
13452.0,259,3,729.8,243.26666666666665,6,2,2010-08-24 09:53:00,2011-03-25 14:19:00,1
13453.0,166,3,781.69,19.542250000000003,341,3,2010-11-02 13:23:00,2011-06-27 09:34:00,0
13454.0,641,1,219.87,9.559565217391304,198,1,2010-03-08 14:40:00,2010-03-08 14:40:00,1
13455.0,25,6,2212.9900000000002,19.412192982456144,795,4,2009-12-09 08:58:00,2011-11-15 11:21:00,0
13456.0,18,6,1766.72,28.043174603174602,765,5,2011-05-16 15:34:00,2011-11-22 09:18:00,0
13457.0,689,2,148.22,16.468888888888888,96,2,2009-12-02 12:46:00,2010-01-20 08:48:00,1
13458.0,7,16,11959.27,24.658288659793815,6760,10,2010-11-16 14:01:00,2011-12-02 15:29:00,0
13459.0,625,2,1160.41,15.896027397260275,986,2,2010-01-26 13:35:00,2010-03-25 10:24:00,1
13460.0,29,2,183.44,10.790588235294118,286,2,2011-10-21 09:50:00,2011-11-10 17:17:00,0
13461.0,39,6,4160.0,67.09677419354838,3132,5,2010-04-21 16:01:00,2011-11-01 09:01:00,0
13462.0,253,5,1153.8500000000001,16.251408450704226,697,5,2009-12-14 09:48:00,2011-04-01 11:20:00,1
13464.0,58,6,3097.64,20.514172185430464,1440,4,2010-03-31 15:22:00,2011-10-12 15:01:00,0
13465.0,446,2,931.12,27.385882352941177,584,2,2010-05-02 15:30:00,2010-09-19 15:13:00,1
13466.0,184,5,1013.35,18.424545454545456,660,4,2010-03-21 13:50:00,2011-06-08 16:39:00,1
13467.0,11,2,1071.91,10.937857142857144,580,1,2011-11-03 16:56:00,2011-11-29 10:01:00,0
13468.0,2,72,12793.28,18.4607215007215,5617,12,2009-12-03 13:32:00,2011-12-08 10:39:00,0
13469.0,653,1,82.4,13.733333333333334,52,1,2010-02-24 15:03:00,2010-02-24 15:03:00,1
13470.0,99,2,165.0,16.5,100,2,2011-08-16 17:06:00,2011-09-01 14:57:00,0
13471.0,1,4,2501.84,9.84976377952756,1583,3,2011-10-23 13:10:00,2011-12-08 15:44:00,0
13472.0,464,2,592.24,21.15142857142857,310,2,2010-06-02 09:48:00,2010-09-02 09:41:00,1
13473.0,61,8,2657.76,37.968,1000,6,2009-12-15 19:02:00,2011-10-10 11:20:00,0
13474.0,236,3,646.59,5.131666666666667,318,3,2010-08-01 14:40:00,2011-04-17 13:53:00,1
13475.0,191,4,1431.78,16.648604651162792,1012,4,2011-02-14 12:36:00,2011-06-01 13:52:00,1
13476.0,179,5,2061.4700000000003,19.447830188679248,713,4,2010-03-05 09:39:00,2011-06-14 12:00:00,0
13477.0,38,11,2819.17,17.956496815286624,2091,9,2010-01-25 11:52:00,2011-11-02 12:04:00,0
13478.0,469,5,2215.78,17.72624,1189,4,2010-01-31 15:51:00,2010-08-27 13:23:00,1
13479.0,201,4,851.37,16.063584905660377,716,4,2010-08-19 16:18:00,2011-05-23 10:45:00,1
13480.0,417,2,627.82,15.31268292682927,362,2,2010-01-29 12:35:00,2010-10-19 11:53:00,1
13481.0,46,11,3830.84,17.101964285714285,2055,8,2009-12-04 12:37:00,2011-10-25 09:07:00,0
13482.0,232,2,336.09,16.804499999999997,187,2,2010-03-22 10:31:00,2011-04-21 17:03:00,1
13483.0,66,1,140.34,14.034,160,1,2011-10-05 11:53:00,2011-10-05 11:53:00,0
13484.0,241,3,790.72,20.274871794871796,224,3,2010-03-10 11:46:00,2011-04-12 16:30:00,1
13485.0,233,11,3019.2200000000003,19.108987341772153,1798,6,2009-12-03 13:46:00,2011-04-20 13:58:00,1
13486.0,78,3,1122.41,16.2668115942029,669,3,2011-07-07 17:19:00,2011-09-22 13:13:00,0
13487.0,58,5,846.87,17.283061224489796,362,4,2009-12-05 10:25:00,2011-10-13 12:07:00,0
13488.0,17,23,14205.960000000001,20.921885125184097,7375,11,2010-01-25 10:13:00,2011-11-22 14:41:00,0
13489.0,105,4,449.52,32.10857142857143,560,3,2011-02-18 10:42:00,2011-08-26 13:16:00,0
13490.0,654,1,154.25,19.28125,25,1,2010-02-23 14:48:00,2010-02-23 14:48:00,1
13491.0,52,27,4467.66,17.117471264367815,2349,12,2009-12-07 08:24:00,2011-10-19 08:32:00,0
13492.0,136,3,1269.84,25.3968,408,2,2011-05-09 10:06:00,2011-07-26 14:25:00,0
13493.0,275,2,618.63,77.32875,380,2,2011-02-25 16:42:00,2011-03-09 15:35:00,1
13494.0,312,1,316.26000000000005,17.570000000000004,162,1,2011-02-01 11:58:00,2011-02-01 11:58:00,1
13495.0,8,10,4863.31,36.566240601503765,2465,5,2009-12-07 12:12:00,2011-12-02 11:21:00,0
13496.0,11,2,653.33,18.66657142857143,341,2,2010-12-15 10:17:00,2011-11-29 10:58:00,0
13497.0,283,6,1166.8300000000002,20.117758620689656,525,4,2010-02-08 10:27:00,2011-03-02 09:04:00,1
13498.0,730,1,327.38,19.25764705882353,362,1,2009-12-09 15:26:00,2009-12-09 15:26:00,1
13499.0,18,5,1159.1100000000001,27.597857142857144,1365,4,2011-03-15 08:52:00,2011-11-22 11:21:00,0
13500.0,23,4,1466.3,17.250588235294117,838,2,2010-11-03 13:16:00,2011-11-16 15:35:00,0
13501.0,288,3,2885.11,25.30798245614035,1253,3,2010-05-18 13:24:00,2011-02-24 18:59:00,1
13502.0,17,5,780.5,23.651515151515152,490,5,2010-06-09 10:52:00,2011-11-23 10:39:00,0
13503.0,71,6,1859.24,9.837248677248677,1105,5,2010-02-16 13:49:00,2011-09-29 13:23:00,0
13504.0,64,1,295.93,13.451363636363636,178,1,2011-10-06 13:20:00,2011-10-06 13:20:00,0
13505.0,73,4,4393.63,20.435488372093022,2486,4,2011-04-21 12:07:00,2011-09-28 11:56:00,0
13506.0,316,5,1338.08,16.519506172839506,942,5,2010-09-05 12:33:00,2011-01-27 13:53:00,1
13507.0,3,4,2479.16,15.303456790123455,1597,4,2011-07-17 11:50:00,2011-12-06 13:13:00,0
13508.0,244,2,287.05,10.251785714285715,180,2,2010-03-07 11:58:00,2011-04-10 11:58:00,1
13509.0,9,8,1114.72,22.749387755102042,1214,6,2010-07-20 12:10:00,2011-12-01 10:10:00,0
13510.0,1,11,4558.29,15.772629757785467,3044,7,2009-12-21 11:53:00,2011-12-08 13:46:00,0
13511.0,677,1,282.76,56.552,60,1,2010-02-01 12:10:00,2010-02-01 12:10:00,1
13512.0,261,4,713.39,18.292051282051283,419,4,2010-05-05 13:22:00,2011-03-24 10:03:00,1
13513.0,127,3,824.59,20.61475,364,3,2010-02-22 16:36:00,2011-08-05 11:50:00,0
13514.0,74,4,815.9000000000001,38.852380952380955,288,4,2010-01-26 15:11:00,2011-09-27 09:39:00,0
13515.0,73,6,1265.82,16.655526315789473,819,5,2010-03-05 11:58:00,2011-09-28 11:26:00,0
13516.0,21,4,1685.26,27.6272131147541,1114,4,2010-10-18 08:52:00,2011-11-18 13:15:00,0
13517.0,60,3,2128.42,15.09517730496454,1369,3,2011-06-13 08:44:00,2011-10-11 11:43:00,0
13518.0,86,1,627.16,17.42111111111111,382,1,2011-09-15 10:29:00,2011-09-15 10:29:00,0
13519.0,78,2,343.21,18.063684210526315,133,1,2010-09-23 11:45:00,2011-09-22 18:24:00,0
13520.0,59,11,6606.0,33.19597989949749,3179,10,2009-12-17 11:11:00,2011-10-12 10:20:00,0
13521.0,1,3,1071.73,2.5639473684210525,718,2,2011-11-29 15:09:00,2011-12-08 13:50:00,0
13522.0,30,1,125.80000000000001,25.160000000000004,44,1,2011-11-09 15:11:00,2011-11-09 15:11:00,0
13523.0,33,6,4534.57,22.56004975124378,1989,4,2010-11-02 14:55:00,2011-11-06 15:11:00,0
13524.0,41,5,680.1800000000001,25.191851851851855,324,5,2011-05-04 12:26:00,2011-10-30 12:34:00,0
13525.0,15,2,628.78,104.79666666666667,394,2,2011-04-05 15:36:00,2011-11-25 12:01:00,0
13526.0,738,2,1182.0,26.863636363636363,1911,1,2009-12-01 12:56:00,2009-12-01 13:13:00,1
13527.0,34,12,4541.29,10.251218961625282,2736,8,2010-01-21 12:37:00,2011-11-06 12:04:00,0
13529.0,79,2,307.76,20.517333333333333,74,2,2011-05-19 11:50:00,2011-09-22 09:15:00,0
13530.0,634,1,402.98,22.387777777777778,272,1,2010-03-15 14:10:00,2010-03-15 14:10:00,1
13531.0,205,6,1433.07,19.107599999999998,497,4,2009-12-03 15:20:00,2011-05-18 16:56:00,1
13532.0,34,1,210.31,3.1865151515151515,129,1,2011-11-06 12:25:00,2011-11-06 12:25:00,0
13533.0,183,3,269.09,3.5878666666666663,202,2,2011-03-17 12:47:00,2011-06-10 11:54:00,1
13534.0,2,35,7720.900000000001,19.696173469387755,3869,12,2010-07-07 15:00:00,2011-12-07 14:52:00,0
13535.0,403,1,89.5,89.5,10,1,2010-11-02 11:49:00,2010-11-02 11:49:00,1
13536.0,1,7,3444.39,19.35050561797753,2126,4,2011-09-25 13:30:00,2011-12-08 16:38:00,0
13537.0,426,2,717.85,17.09166666666667,337,2,2010-09-14 10:41:00,2010-10-10 12:45:00,1
13538.0,43,12,3103.13,21.853028169014085,959,9,2010-02-02 12:47:00,2011-10-27 16:34:00,0
13539.0,86,7,1569.36,18.248372093023253,710,6,2010-04-28 12:04:00,2011-09-15 10:18:00,0
13540.0,467,3,632.39,19.7621875,189,2,2010-02-22 09:22:00,2010-08-29 14:20:00,1
13541.0,427,2,785.25,78.525,279,2,2010-05-18 16:15:00,2010-10-08 16:37:00,1
13542.0,377,17,3959.4900000000002,11.962205438066466,804,12,2009-12-10 19:53:00,2010-11-28 11:24:00,1
13543.0,634,2,1439.61,30.63,329,2,2010-01-21 14:30:00,2010-03-15 13:34:00,1
13544.0,40,6,790.2,3.320168067226891,331,4,2010-03-05 11:31:00,2011-10-31 11:57:00,0
13545.0,391,2,364.93,6.757962962962963,252,2,2010-06-13 11:49:00,2010-11-14 11:27:00,1
13546.0,12,5,1086.24,7.146315789473684,587,3,2010-10-11 17:23:00,2011-11-27 14:50:00,0
13547.0,408,1,167.08,3.7972727272727274,79,1,2010-10-27 14:14:00,2010-10-27 14:14:00,1
13548.0,96,3,901.44,4.899130434782609,558,3,2010-08-25 13:44:00,2011-09-04 14:50:00,0
13549.0,26,8,1005.8000000000001,17.047457627118646,554,5,2010-11-17 12:17:00,2011-11-14 09:20:00,0
13550.0,383,1,342.55,8.155952380952382,430,1,2010-11-21 15:24:00,2010-11-21 15:24:00,1
13551.0,319,2,244.2,48.839999999999996,36,2,2010-02-11 15:01:00,2011-01-24 14:46:00,1
13552.0,66,22,6948.92,33.56966183574879,2630,10,2010-02-19 13:28:00,2011-10-04 15:19:00,0
13553.0,675,1,499.6,5.613483146067416,201,1,2010-02-03 12:21:00,2010-02-03 12:21:00,1
13554.0,380,7,1629.35,8.313010204081632,578,3,2010-09-19 12:39:00,2010-11-24 15:05:00,1
13555.0,74,13,8891.84,22.39758186397985,4762,8,2010-01-19 13:20:00,2011-09-27 12:36:00,0
13556.0,429,2,200.82,22.313333333333333,134,2,2010-09-30 09:01:00,2010-10-06 16:44:00,1
13557.0,28,13,3032.26,16.84588888888889,2398,7,2009-12-08 17:41:00,2011-11-11 15:24:00,0
13558.0,6,4,594.52,3.517869822485207,338,3,2011-10-02 13:01:00,2011-12-04 11:24:00,0
13559.0,513,2,990.0,495.0,360,2,2010-06-14 11:52:00,2010-07-15 09:52:00,1
13560.0,7,1,171.42000000000002,5.3568750000000005,63,1,2011-12-02 13:11:00,2011-12-02 13:11:00,0
13561.0,216,11,1803.4,7.875109170305677,1125,8,2010-02-28 13:42:00,2011-05-08 12:39:00,1
13562.0,82,8,4838.18,24.684591836734697,1603,7,2010-01-14 16:33:00,2011-09-19 10:51:00,0
13563.0,84,2,777.53,15.867959183673468,209,2,2011-07-22 17:21:00,2011-09-16 14:45:00,0
13564.0,144,37,16498.97,13.749141666666668,8878,12,2009-12-02 11:55:00,2011-07-18 14:33:00,0
13565.0,19,3,414.8,6.913333333333333,260,3,2010-10-24 15:51:00,2011-11-20 14:33:00,0
13566.0,41,5,1688.6,4.613661202185792,1257,4,2010-03-10 12:22:00,2011-10-30 11:59:00,0
13567.0,428,4,1079.29,5.369601990049751,643,3,2010-06-16 12:48:00,2010-10-07 12:51:00,1
13568.0,173,1,187.05,4.3500000000000005,66,1,2011-06-19 14:42:00,2011-06-19 14:42:00,0
13569.0,17,4,726.54,4.058882681564246,345,3,2010-10-07 13:05:00,2011-11-22 13:07:00,0
13570.0,243,1,239.49,8.870000000000001,161,1,2011-04-10 13:36:00,2011-04-10 13:36:00,1
13571.0,13,26,4537.26,6.74184249628529,3191,11,2009-12-08 13:02:00,2011-11-27 10:47:00,0
13572.0,206,1,1384.25,41.946969696969695,534,1,2011-05-18 11:59:00,2011-05-18 11:59:00,1
13573.0,50,6,904.52,10.396781609195402,647,4,2010-03-12 16:06:00,2011-10-20 14:33:00,0
13574.0,411,1,404.45,4.444505494505495,304,1,2010-10-24 13:28:00,2010-10-24 13:28:00,1
13575.0,23,5,732.07,15.914565217391305,449,5,2011-06-16 14:24:00,2011-11-16 13:14:00,0
13576.0,10,28,11202.59,41.80070895522388,4506,12,2009-12-08 15:12:00,2011-11-29 15:34:00,0
13577.0,25,11,3489.28,20.76952380952381,1661,7,2009-12-14 16:10:00,2011-11-14 15:19:00,0
13578.0,409,1,147.66,16.406666666666666,127,1,2010-10-26 13:44:00,2010-10-26 13:44:00,1
13579.0,15,5,1374.3400000000001,16.967160493827162,718,4,2010-02-18 13:53:00,2011-11-25 08:41:00,0
13580.0,406,1,107.75,21.55,45,1,2010-10-29 15:01:00,2010-10-29 15:01:00,1
13581.0,309,2,280.53000000000003,8.500909090909092,119,2,2010-10-21 16:30:00,2011-02-03 14:41:00,1
13582.0,390,2,241.68,21.970909090909092,106,2,2010-04-01 11:38:00,2010-11-15 11:34:00,1
13583.0,156,2,1445.031,15.052406249999999,1097,2,2010-01-29 13:53:00,2011-07-07 10:40:00,0
13584.0,307,3,385.7,4.82125,360,2,2010-02-02 08:40:00,2011-02-06 12:49:00,1
13585.0,531,3,684.54,17.552307692307693,1386,3,2009-12-01 14:56:00,2010-06-27 12:33:00,1
13586.0,541,1,127.28,6.364,38,1,2010-06-16 13:47:00,2010-06-16 13:47:00,1
13587.0,64,4,1673.5,55.78333333333333,664,3,2010-02-14 13:17:00,2011-10-07 12:31:00,0
13588.0,16,9,2478.95,14.246839080459768,2606,6,2011-03-29 15:53:00,2011-11-24 10:42:00,0
13589.0,15,6,1120.74,21.552692307692308,293,5,2009-12-06 10:26:00,2011-11-25 12:10:00,0
13590.0,11,18,6336.04,15.606009852216749,5271,9,2009-12-01 13:37:00,2011-11-28 12:54:00,0
13591.0,65,7,2093.94,20.732079207920794,850,6,2009-12-14 15:44:00,2011-10-06 12:26:00,0
13592.0,36,4,247.95999999999998,15.497499999999999,84,3,2011-03-20 14:01:00,2011-11-04 09:49:00,0
13593.0,108,14,5493.29,13.463946078431372,2170,8,2010-03-02 16:36:00,2011-08-23 13:35:00,0
13594.0,53,2,533.32,16.161212121212124,396,2,2010-08-11 10:23:00,2011-10-18 10:19:00,0
13595.0,517,3,784.48,5.485874125874126,341,3,2010-03-03 14:42:00,2010-07-11 12:36:00,1
13596.0,6,2,664.11,4.548698630136986,384,2,2011-11-27 11:57:00,2011-12-04 12:01:00,0
13597.0,400,2,396.71,23.335882352941177,231,1,2010-11-02 09:30:00,2010-11-04 14:54:00,1
13598.0,47,5,761.96,8.28217391304348,393,4,2010-02-26 11:22:00,2011-10-23 14:28:00,0
13599.0,1,33,9811.04,25.028163265306123,6248,10,2009-12-01 12:30:00,2011-12-08 16:10:00,0
13600.0,312,2,518.42,12.644390243902437,599,2,2010-03-15 17:16:00,2011-01-31 15:27:00,1
13601.0,45,4,1159.99,6.270216216216216,957,4,2010-06-11 15:03:00,2011-10-25 17:31:00,0
13602.0,65,4,1025.17,17.67534482758621,538,4,2010-05-28 11:49:00,2011-10-06 11:47:00,0
13603.0,26,1,164.34,6.086666666666667,164,1,2011-11-13 15:57:00,2011-11-13 15:57:00,0
13604.0,659,1,717.62,34.172380952380955,242,1,2010-02-19 12:02:00,2010-02-19 12:02:00,1
13605.0,387,2,522.67,9.861698113207547,425,2,2010-05-17 15:46:00,2010-11-17 17:16:00,1
13606.0,29,3,276.75,6.91875,276,3,2011-02-01 11:42:00,2011-11-10 17:46:00,0
13607.0,40,2,1075.81,8.89099173553719,466,2,2010-11-02 11:48:00,2011-10-30 16:17:00,0
13608.0,541,1,232.05,6.825,110,1,2010-06-17 12:28:00,2010-06-17 12:28:00,1
13609.0,593,1,167.35,23.907142857142855,19,1,2010-04-25 13:26:00,2010-04-25 13:26:00,1
13610.0,12,14,2103.71,5.272456140350878,869,11,2010-01-05 14:12:00,2011-11-27 15:38:00,0
13611.0,89,10,3297.9300000000003,14.592610619469028,1988,7,2009-12-03 07:57:00,2011-09-11 14:51:00,0
13612.0,633,1,818.29,16.3658,444,1,2010-03-17 12:14:00,2010-03-17 12:14:00,1
13613.0,453,5,1039.8500000000001,17.62457627118644,445,3,2010-02-17 12:40:00,2010-09-13 12:01:00,1
13614.0,24,6,2332.74,8.836136363636363,821,4,2010-06-06 13:42:00,2011-11-15 14:47:00,0
13615.0,319,8,6272.53,17.091362397820163,2910,6,2010-01-28 15:43:00,2011-01-25 08:21:00,1
13616.0,568,2,283.85,8.110000000000001,172,2,2010-01-17 14:56:00,2010-05-20 12:59:00,1
13617.0,40,8,1278.75,11.950934579439252,593,4,2010-08-01 15:23:00,2011-10-30 13:50:00,0
13618.0,174,1,177.34,13.641538461538461,246,1,2011-06-19 11:09:00,2011-06-19 11:09:00,0
13619.0,545,2,224.94,4.998666666666667,79,2,2010-02-03 14:16:00,2010-06-13 11:39:00,1
13620.0,528,1,112.34,22.468,74,1,2010-06-29 15:02:00,2010-06-29 15:02:00,1
13621.0,117,1,213.85,11.255263157894737,343,1,2011-08-15 08:26:00,2011-08-15 08:26:00,0
13622.0,696,1,658.95,20.5921875,379,1,2010-01-12 13:22:00,2010-01-12 13:22:00,1
13623.0,31,10,2533.06,8.919225352112676,1010,9,2009-12-02 13:57:00,2011-11-09 12:00:00,0
13624.0,388,1,462.08,21.003636363636364,820,1,2010-11-16 13:43:00,2010-11-16 13:43:00,1
13625.0,597,1,301.26,14.345714285714285,144,1,2010-04-22 10:50:00,2010-04-22 10:50:00,1
13626.0,253,2,707.04,16.069090909090907,398,2,2010-11-25 16:12:00,2011-04-01 10:05:00,1
13627.0,59,7,2245.9,17.410077519379847,1632,7,2010-03-09 14:03:00,2011-10-11 14:20:00,0
13628.0,676,1,310.14,19.38375,106,1,2010-02-01 14:44:00,2010-02-01 14:44:00,1
13629.0,23,19,13370.86,153.6880459770115,7722,10,2010-02-11 17:34:00,2011-11-16 13:21:00,0
13630.0,5,7,2031.78,28.61661971830986,1391,6,2011-02-27 12:49:00,2011-12-04 15:16:00,0
13631.0,100,11,3070.42,279.1290909090909,467,5,2011-03-17 17:13:00,2011-09-01 09:57:00,0
13632.0,25,8,3645.81,16.571863636363638,1633,5,2010-04-07 10:59:00,2011-11-15 10:51:00,0
13634.0,33,16,5033.77,11.286479820627804,2090,8,2010-01-10 14:26:00,2011-11-06 13:40:00,0
13635.0,68,4,2999.16,18.513333333333332,1884,3,2009-12-01 09:46:00,2011-10-03 10:55:00,0
13636.0,37,5,949.12,15.065396825396826,592,5,2011-02-27 14:29:00,2011-11-03 10:30:00,0
13637.0,52,3,804.3,8.124242424242423,405,3,2011-04-27 13:06:00,2011-10-18 13:32:00,0
13638.0,16,1,122.64,15.33,93,1,2011-11-24 10:38:00,2011-11-24 10:38:00,0
13639.0,74,2,1346.27,22.81813559322034,997,1,2010-09-29 10:05:00,2011-09-26 13:36:00,0
13640.0,611,1,405.0,101.25,108,1,2010-04-07 15:33:00,2010-04-07 15:33:00,1
13641.0,641,5,1016.47,23.10159090909091,1098,2,2009-12-05 13:17:00,2010-03-09 07:37:00,1
13642.0,216,4,472.2,4.497142857142857,231,2,2010-10-03 12:23:00,2011-05-08 12:34:00,1
13643.0,31,10,2156.77,21.144803921568627,902,8,2009-12-08 12:48:00,2011-11-08 15:37:00,0
13644.0,16,4,2624.26,17.974383561643837,2067,4,2011-08-26 11:53:00,2011-11-23 14:07:00,0
13645.0,120,1,252.1,50.42,158,1,2011-08-11 16:11:00,2011-08-11 16:11:00,0
13646.0,400,2,326.25,5.625,79,1,2010-11-05 12:00:00,2010-11-05 12:13:00,1
13647.0,10,8,3041.68,21.882589928057552,1795,6,2010-04-15 12:55:00,2011-11-30 12:00:00,0
13648.0,400,8,1764.02,16.641698113207546,960,6,2009-12-01 18:13:00,2010-11-04 14:46:00,1
13649.0,257,6,1453.68,13.46,782,6,2010-06-30 16:35:00,2011-03-28 11:51:00,1
13650.0,17,10,3288.0,19.11627906976744,1746,7,2010-01-26 08:44:00,2011-11-23 12:22:00,0
13651.0,35,3,226.85,16.20357142857143,62,2,2010-11-23 09:44:00,2011-11-04 14:59:00,0
13652.0,46,5,2262.05,16.04290780141844,1458,4,2010-02-25 17:37:00,2011-10-25 08:51:00,0
13653.0,488,1,152.2,16.91111111111111,72,1,2010-08-09 08:19:00,2010-08-09 08:19:00,1
13654.0,43,11,6308.0,19.173252279635257,4762,8,2009-12-02 11:43:00,2011-10-27 16:24:00,0
13655.0,114,6,2280.51,19.163949579831936,1225,4,2010-04-27 09:59:00,2011-08-17 14:25:00,0
13656.0,165,4,1078.85,12.400574712643676,862,4,2010-04-23 12:50:00,2011-06-28 10:31:00,0
13657.0,11,2,382.14,23.88375,209,2,2011-05-22 12:35:00,2011-11-29 12:32:00,0
13658.0,10,9,6025.5,25.424050632911392,2171,6,2010-02-05 13:17:00,2011-11-30 10:13:00,0
13659.0,206,12,4884.68,17.827299270072995,2527,9,2010-02-17 09:05:00,2011-05-18 12:37:00,1
13660.0,400,1,306.64,7.6659999999999995,136,1,2010-11-04 16:10:00,2010-11-04 16:10:00,1
13661.0,603,1,325.24,19.131764705882354,118,1,2010-04-15 14:58:00,2010-04-15 14:58:00,1
13662.0,86,11,2233.61,16.423602941176473,1169,6,2010-02-19 13:21:00,2011-09-15 12:04:00,0
13663.0,179,5,2047.51,20.681919191919192,893,4,2010-03-03 10:11:00,2011-06-13 15:44:00,0
13665.0,386,3,1711.66,16.147735849056605,1652,3,2010-07-23 13:29:00,2010-11-18 13:06:00,1
13666.0,60,5,127.9,6.731578947368422,54,3,2009-12-04 10:48:00,2011-10-10 15:39:00,0
13667.0,149,1,299.05,3.603012048192771,149,1,2011-07-13 15:42:00,2011-07-13 15:42:00,0
13668.0,3,35,12948.48,17.127619047619046,6096,11,2009-12-11 14:28:00,2011-12-07 12:11:00,0
13669.0,51,3,413.55,29.539285714285715,393,2,2010-10-28 15:05:00,2011-10-20 09:32:00,0
13670.0,75,1,349.7,13.988,282,1,2011-09-25 15:25:00,2011-09-25 15:25:00,0
13671.0,395,1,172.6,2.696875,95,1,2010-11-10 10:50:00,2010-11-10 10:50:00,1
13672.0,301,3,419.92,23.32888888888889,138,3,2009-12-09 11:40:00,2011-02-11 13:53:00,1
13673.0,19,2,387.44,6.457333333333334,114,1,2011-11-07 15:40:00,2011-11-21 12:11:00,0
13674.0,433,1,240.68,17.19142857142857,102,1,2010-10-03 10:41:00,2010-10-03 10:41:00,1
13675.0,151,2,486.82000000000005,19.472800000000003,330,2,2011-02-28 12:14:00,2011-07-11 12:57:00,0
13676.0,539,2,243.9,18.76153846153846,104,2,2010-03-30 16:53:00,2010-06-18 17:30:00,1
13677.0,405,2,551.24,5.200377358490566,217,2,2010-07-07 17:25:00,2010-10-31 11:32:00,1
13678.0,152,1,232.6,14.5375,924,1,2011-07-11 10:14:00,2011-07-11 10:14:00,0
13679.0,494,3,281.26,5.6251999999999995,102,3,2009-12-04 16:52:00,2010-08-03 12:13:00,1
13680.0,1,12,11419.67,17.67750773993808,5244,7,2009-12-04 14:14:00,2011-12-08 13:47:00,0
13681.0,18,4,827.83,14.523333333333333,360,3,2011-07-07 15:21:00,2011-11-22 11:13:00,0
13682.0,187,1,59.5,19.833333333333332,10,1,2011-06-05 14:06:00,2011-06-05 14:06:00,1
13683.0,458,1,258.6,25.860000000000003,180,1,2010-09-08 10:00:00,2010-09-08 10:00:00,1
13684.0,286,4,594.88,5.508148148148148,234,4,2010-03-28 14:48:00,2011-02-27 10:13:00,1
13685.0,3,7,3119.44,79.98564102564103,5056,2,2011-10-10 12:59:00,2011-12-07 11:41:00,0
13686.0,183,3,409.04,12.030588235294118,378,2,2010-11-03 13:44:00,2011-06-10 09:10:00,1
13687.0,438,1,11880.84,264.01866666666666,87167,1,2010-09-27 16:30:00,2010-09-27 16:30:00,1
13688.0,635,1,375.5,75.1,130,1,2010-03-14 14:11:00,2010-03-14 14:11:00,1
13689.0,63,2,1259.5,139.94444444444446,722,2,2010-09-21 10:27:00,2011-10-07 13:21:00,0
13690.0,59,1,172.25,19.13888888888889,67,1,2011-10-11 15:03:00,2011-10-11 15:03:00,0
13691.0,396,1,212.78,3.9403703703703705,145,1,2010-11-08 17:34:00,2010-11-08 17:34:00,1
13692.0,25,5,3114.4,32.44166666666667,2101,4,2010-10-15 13:28:00,2011-11-15 11:17:00,0
13693.0,374,9,2011.8200000000002,18.979433962264153,880,5,2009-12-07 11:29:00,2010-11-30 18:21:00,1
13694.0,4,143,195640.69,128.7957142857143,188201,12,2009-12-04 15:26:00,2011-12-06 09:32:00,0
13695.0,31,16,2770.73,28.861770833333335,1791,9,2010-05-11 11:07:00,2011-11-08 14:26:00,0
13696.0,422,3,2020.4,84.18333333333334,552,3,2010-02-11 14:17:00,2010-10-14 09:44:00,1
13697.0,39,1,151.3,12.608333333333334,177,1,2011-11-01 09:14:00,2011-11-01 09:14:00,0
13698.0,597,2,451.73,11.887631578947369,227,2,2010-01-27 09:02:00,2010-04-22 11:52:00,1
13699.0,155,2,764.15,20.6527027027027,219,2,2010-06-07 13:03:00,2011-07-07 16:51:00,0
13700.0,26,13,2596.9700000000003,10.820708333333334,2786,8,2010-02-07 10:53:00,2011-11-13 13:00:00,0
13701.0,447,1,161.0,17.88888888888889,80,1,2010-09-19 12:39:00,2010-09-19 12:39:00,1
13702.0,446,1,135.18,27.036,74,1,2010-09-20 11:40:00,2010-09-20 11:40:00,1
13703.0,318,2,425.56,11.501621621621622,128,2,2010-10-20 13:11:00,2011-01-25 13:10:00,1
13704.0,5,9,2308.06,17.224328358208954,1531,4,2011-09-12 14:40:00,2011-12-04 15:13:00,0
13705.0,8,7,1717.19,23.205270270270272,906,5,2010-03-25 17:19:00,2011-12-02 12:32:00,0
13706.0,303,2,631.1700000000001,16.609736842105264,301,2,2010-03-23 09:18:00,2011-02-10 09:21:00,1
13707.0,267,5,3365.86,21.715225806451613,2210,4,2010-06-21 11:57:00,2011-03-17 18:03:00,1
13708.0,271,1,285.33,5.823061224489796,301,1,2011-03-13 13:46:00,2011-03-13 13:46:00,1
13709.0,4,18,7571.35,18.602825552825554,4122,8,2010-01-11 10:40:00,2011-12-06 10:28:00,0
13710.0,32,3,509.52,33.967999999999996,336,3,2010-04-06 12:54:00,2011-11-08 08:16:00,0
13711.0,219,9,1792.26,19.48108695652174,819,5,2009-12-15 19:04:00,2011-05-05 10:31:00,1
13712.0,247,2,766.42,23.224848484848483,1128,1,2010-04-08 11:16:00,2011-04-07 12:33:00,1
13713.0,408,3,740.76,9.2595,284,3,2010-05-05 16:48:00,2010-10-27 16:18:00,1
13714.0,465,1,161.35,5.378333333333333,50,1,2010-08-31 13:57:00,2010-08-31 13:57:00,1
13715.0,281,17,8153.04,15.92390625,4800,10,2010-03-11 15:33:00,2011-03-03 19:21:00,1
13716.0,269,1,138.28,6.584761904761905,138,1,2011-03-15 13:49:00,2011-03-15 13:49:00,1
13717.0,32,8,1763.3,14.220161290322581,2144,7,2010-08-11 09:40:00,2011-11-07 14:13:00,0
13718.0,246,2,306.55,25.545833333333334,173,2,2011-02-17 11:58:00,2011-04-07 13:24:00,1
13719.0,15,11,2783.08,11.222096774193549,1588,7,2010-05-17 14:36:00,2011-11-24 15:26:00,0
13720.0,117,4,799.9,18.60232558139535,501,4,2011-03-30 09:17:00,2011-08-15 12:46:00,0
13721.0,36,2,741.54,17.655714285714286,512,1,2010-11-09 17:59:00,2011-11-03 14:05:00,0
13722.0,132,10,5635.41,29.816984126984128,3059,4,2010-03-03 14:13:00,2011-07-31 12:44:00,0
13723.0,217,6,1194.08,20.58758620689655,593,4,2010-04-07 14:32:00,2011-05-06 17:04:00,1
13724.0,637,1,213.01,5.071666666666666,130,1,2010-03-12 15:28:00,2010-03-12 15:28:00,1
13725.0,50,8,1980.56,19.043846153846154,806,5,2011-02-04 12:18:00,2011-10-21 10:03:00,0
13726.0,39,2,1079.66,25.70619047619048,1054,2,2011-08-31 11:06:00,2011-11-01 10:49:00,0
13727.0,29,8,1074.15,12.941566265060242,368,5,2009-12-09 13:25:00,2011-11-11 09:46:00,0
13728.0,37,16,2855.17,17.409573170731708,1269,11,2009-12-09 17:13:00,2011-11-03 10:49:00,0
13729.0,436,3,724.73,18.582820512820515,419,2,2010-01-24 14:57:00,2010-09-30 10:44:00,1
13730.0,136,2,752.6,17.50232558139535,488,1,2011-07-01 12:47:00,2011-07-27 08:35:00,0
13731.0,219,2,610.59,16.068157894736842,278,2,2011-04-07 10:10:00,2011-05-04 14:33:00,1
13732.0,28,1,491.86,14.904848484848486,498,1,2011-11-11 15:49:00,2011-11-11 15:49:00,0
13733.0,411,2,487.03000000000003,16.794137931034484,335,2,2009-12-04 15:28:00,2010-10-25 12:18:00,1
13734.0,509,4,6695.6900000000005,247.98851851851853,302,2,2010-04-16 08:42:00,2010-07-19 12:04:00,1
13735.0,25,13,9762.77,15.089289026275116,4135,9,2009-12-13 13:31:00,2011-11-15 11:14:00,0
13736.0,5,7,2752.47,4.968357400722021,1549,5,2009-12-06 12:07:00,2011-12-04 15:19:00,0
13737.0,200,1,339.6,11.32,125,1,2011-05-23 16:32:00,2011-05-23 16:32:00,1
13738.0,396,1,434.78000000000003,4.885168539325843,237,1,2010-11-08 15:23:00,2010-11-08 15:23:00,1
13739.0,18,2,292.2,48.699999999999996,76,2,2010-06-30 10:25:00,2011-11-21 13:35:00,0
13740.0,241,5,1582.77,16.837978723404255,987,5,2009-12-02 12:22:00,2011-04-13 10:32:00,1
13741.0,72,3,668.4300000000001,19.65970588235294,218,3,2011-05-06 13:43:00,2011-09-29 09:19:00,0
13742.0,17,12,3107.87,9.92929712460064,1115,7,2011-01-23 14:59:00,2011-11-23 11:07:00,0
13743.0,3,7,1341.6,32.72195121951219,1776,6,2011-03-25 14:46:00,2011-12-07 10:09:00,0
13744.0,95,2,1080.52,17.15111111111111,1153,2,2011-02-20 14:08:00,2011-09-05 15:19:00,0
13745.0,162,2,777.36,13.881428571428572,1146,1,2010-06-11 17:19:00,2011-06-30 16:43:00,0
13746.0,414,1,176.69,19.63222222222222,83,1,2010-10-22 11:55:00,2010-10-22 11:55:00,1
13747.0,374,2,169.8,33.96,60,2,2010-10-11 09:15:00,2010-12-01 10:37:00,1
13748.0,96,9,2064.35,35.592241379310344,1028,5,2009-12-01 16:44:00,2011-09-05 09:45:00,0
13750.0,54,11,3602.18,48.029066666666665,1370,8,2010-04-01 14:49:00,2011-10-17 12:16:00,0
13751.0,288,1,296.25,32.916666666666664,152,1,2011-02-24 15:56:00,2011-02-24 15:56:00,1
13752.0,124,7,1579.8300000000002,16.806702127659577,1005,5,2010-06-30 10:23:00,2011-08-07 14:16:00,0
13753.0,288,4,2094.57,26.182125000000003,1450,3,2009-12-03 10:20:00,2011-02-25 12:48:00,1
13754.0,152,3,447.05,21.288095238095238,315,3,2010-09-28 15:29:00,2011-07-11 11:51:00,0
13755.0,4,9,2108.06,6.567165109034268,1242,3,2011-10-07 15:45:00,2011-12-06 12:26:00,0
13756.0,2,23,8655.95,25.236005830903792,5138,10,2009-12-15 15:18:00,2011-12-07 16:44:00,0
13757.0,675,1,195.55,24.44375,54,1,2010-02-03 12:37:00,2010-02-03 12:37:00,1
13758.0,12,15,8698.13,30.51975438596491,4667,7,2009-12-01 10:06:00,2011-11-28 11:11:00,0
13759.0,33,2,659.4100000000001,26.376400000000004,287,2,2011-09-29 15:40:00,2011-11-06 14:47:00,0
13760.0,54,5,1363.6399999999999,11.459159663865545,623,4,2010-04-25 13:10:00,2011-10-16 16:13:00,0
13761.0,50,6,1952.17,16.001393442622952,1079,5,2010-02-21 11:08:00,2011-10-20 14:01:00,0
13762.0,219,5,2472.48,70.64228571428572,2608,4,2010-01-10 12:13:00,2011-05-05 09:15:00,1
13763.0,63,3,5217.44,104.3488,3224,2,2010-09-30 17:39:00,2011-10-07 15:13:00,0
13764.0,71,6,2919.62,7.890864864864865,2084,5,2010-03-07 12:56:00,2011-09-30 12:03:00,0
13765.0,653,1,352.821,20.754176470588238,297,1,2010-02-24 13:46:00,2010-02-24 13:46:00,1
13766.0,495,1,190.35,11.197058823529412,137,1,2010-08-01 14:25:00,2010-08-01 14:25:00,1
13767.0,2,73,33903.57,44.37640052356021,14595,12,2009-12-01 10:52:00,2011-12-07 15:00:00,0
13768.0,727,2,875.97,26.544545454545457,373,1,2009-12-09 10:25:00,2009-12-13 10:41:00,1
13769.0,2,20,5478.12,19.920436363636362,2452,12,2009-12-16 11:59:00,2011-12-07 15:08:00,0
13770.0,422,4,785.37,16.361875,468,4,2009-12-09 14:44:00,2010-10-13 15:10:00,1
13771.0,64,9,5728.82,26.522314814814813,3140,5,2010-02-25 12:37:00,2011-10-06 14:18:00,0
13772.0,34,8,3100.02,5.467407407407407,1446,6,2010-02-23 13:55:00,2011-11-06 11:43:00,0
13773.0,397,2,301.54,15.870526315789474,174,2,2010-02-18 10:27:00,2010-11-08 11:49:00,1
13774.0,82,1,345.0,15.681818181818182,192,1,2011-09-19 12:06:00,2011-09-19 12:06:00,0
13775.0,591,1,1049.66,16.661269841269842,455,1,2010-04-28 12:15:00,2010-04-28 12:15:00,1
13776.0,428,2,623.98,311.99,2,1,2010-10-07 16:07:00,2010-10-07 16:11:00,1
13777.0,1,61,49638.26,139.4333146067416,23190,12,2009-12-02 09:47:00,2011-12-09 12:25:00,0
13778.0,103,4,1124.49,25.55659090909091,511,3,2010-05-23 13:34:00,2011-08-28 15:25:00,0
13779.0,516,1,161.13,5.967777777777777,53,1,2010-07-12 11:24:00,2010-07-12 11:24:00,1
13780.0,7,3,732.07,7.470102040816327,479,3,2010-10-28 19:51:00,2011-12-02 13:49:00,0
13781.0,251,3,778.83,13.663684210526316,300,2,2009-12-18 15:46:00,2011-04-03 12:08:00,1
13782.0,13,13,1786.08,7.50453781512605,643,9,2009-12-06 12:52:00,2011-11-27 11:54:00,0
13783.0,488,4,1542.09,154.209,3437,4,2010-02-04 13:47:00,2010-08-09 09:23:00,1
13784.0,10,14,2910.23,67.67976744186046,2827,9,2010-09-15 12:27:00,2011-11-30 09:33:00,0
13785.0,429,4,542.49,18.083000000000002,151,2,2010-09-05 16:01:00,2010-10-07 09:25:00,1
13786.0,367,6,3127.9900000000002,26.965431034482762,1515,4,2009-12-03 15:32:00,2010-12-07 13:53:00,1
13787.0,76,6,1222.5,14.215116279069768,998,5,2010-01-14 10:13:00,2011-09-25 12:06:00,0
13788.0,505,1,3.75,3.75,1,1,2010-07-22 15:50:00,2010-07-22 15:50:00,1
13789.0,388,1,239.46,13.303333333333335,258,1,2010-11-16 15:31:00,2010-11-16 15:31:00,1
13790.0,4,1,348.79999999999995,7.75111111111111,748,1,2011-12-05 15:48:00,2011-12-05 15:48:00,0
13791.0,128,2,1516.0,137.8181818181818,1200,2,2011-06-24 16:38:00,2011-08-04 11:44:00,0
13792.0,66,3,383.95,16.693478260869565,156,2,2010-10-13 11:05:00,2011-10-04 14:31:00,0
13793.0,647,1,96.0,13.714285714285714,52,1,2010-03-03 08:25:00,2010-03-03 08:25:00,1
13794.0,547,1,126.03,14.003333333333334,63,1,2010-06-11 12:30:00,2010-06-11 12:30:00,1
13795.0,388,4,836.3,28.837931034482757,1250,4,2010-03-12 12:44:00,2010-11-16 17:25:00,1
13796.0,499,1,289.7,13.168181818181818,218,1,2010-07-28 14:45:00,2010-07-28 14:45:00,1
13797.0,437,3,1179.45,15.121153846153847,573,3,2010-03-02 12:17:00,2010-09-29 10:34:00,1
13798.0,1,110,75428.87,104.61701803051317,48187,12,2009-12-08 16:21:00,2011-12-08 15:51:00,0
13799.0,117,9,2803.57,26.448773584905663,1539,7,2010-03-05 16:39:00,2011-08-15 12:07:00,0
13800.0,310,3,1679.56,23.00767123287671,891,3,2009-12-03 10:03:00,2011-02-03 12:27:00,1
13801.0,67,1,324.8,14.121739130434783,168,1,2011-10-04 10:15:00,2011-10-04 10:15:00,0
13802.0,139,19,26259.11,58.61408482142857,14129,10,2010-02-16 10:11:00,2011-07-24 10:54:00,0
13803.0,255,3,1338.91,17.16551282051282,831,2,2010-03-31 10:00:00,2011-03-29 12:57:00,1
13804.0,31,9,3161.12,18.928862275449102,1797,4,2010-09-29 10:26:00,2011-11-09 12:32:00,0
13805.0,52,2,924.5999999999999,71.12307692307692,1900,2,2011-08-02 15:29:00,2011-10-18 14:50:00,0
13806.0,64,1,256.38,25.637999999999998,56,1,2011-10-07 11:43:00,2011-10-07 11:43:00,0
13807.0,367,3,422.2,16.887999999999998,116,2,2009-12-04 12:41:00,2010-12-07 15:48:00,1
13808.0,6,5,1747.66,22.995526315789476,782,3,2011-09-04 12:07:00,2011-12-04 12:18:00,0
13809.0,305,3,679.6999999999999,27.188,281,3,2010-09-05 11:42:00,2011-02-07 13:15:00,1
13810.0,29,3,1499.01,42.828857142857146,312,2,2011-10-14 12:57:00,2011-11-11 08:33:00,0
13811.0,184,3,814.5,62.65384615384615,68,2,2011-04-14 18:40:00,2011-06-09 09:54:00,1
13812.0,42,3,539.0,14.972222222222221,333,2,2011-08-26 12:54:00,2011-10-28 14:27:00,0
13813.0,40,8,2765.4700000000003,19.33895104895105,1292,7,2009-12-06 10:16:00,2011-10-31 10:38:00,0
13814.0,92,3,2257.32,28.573670886075952,1214,3,2010-06-30 14:12:00,2011-09-08 13:48:00,0
13815.0,22,8,7475.74,20.999269662921346,5381,6,2010-02-12 10:26:00,2011-11-17 14:19:00,0
13816.0,24,2,571.6700000000001,20.416785714285716,269,2,2011-10-06 14:37:00,2011-11-16 08:38:00,0
13817.0,29,2,382.98,15.957500000000001,211,2,2010-12-23 11:46:00,2011-11-10 17:49:00,0
13818.0,430,1,61.28,12.256,60,1,2010-10-06 12:35:00,2010-10-06 12:35:00,1
13819.0,302,6,2642.35,26.161881188118812,2309,3,2009-12-01 16:18:00,2011-02-11 10:38:00,1
13820.0,418,3,652.75,7.334269662921348,285,3,2010-01-28 12:26:00,2010-10-17 13:46:00,1
13821.0,145,6,1379.08,6.760196078431372,477,4,2010-01-04 13:36:00,2011-07-18 09:49:00,0
13822.0,6,2,632.0,6.583333333333333,611,2,2011-10-30 15:55:00,2011-12-04 12:13:00,0
13823.0,19,7,3403.4500000000003,20.880061349693253,1564,6,2009-12-15 14:34:00,2011-11-21 10:22:00,0
13824.0,33,12,3314.76,33.147600000000004,1442,8,2010-03-12 15:17:00,2011-11-07 12:41:00,0
13825.0,622,2,255.59,6.38975,182,2,2009-12-09 14:30:00,2010-03-28 11:02:00,1
13826.0,176,1,189.5,18.95,82,1,2011-06-16 13:48:00,2011-06-16 13:48:00,0
13827.0,58,3,409.8,4.4543478260869565,138,2,2011-07-19 15:38:00,2011-10-13 12:38:00,0
13828.0,22,1,209.49,13.966000000000001,311,1,2011-11-17 16:02:00,2011-11-17 16:02:00,0
13829.0,421,1,102.0,102.0,12,1,2010-10-14 18:19:00,2010-10-14 18:19:00,1
13830.0,582,1,156.85000000000002,14.259090909090911,47,1,2010-05-07 12:24:00,2010-05-07 12:24:00,1
13831.0,16,18,6585.54,36.184285714285714,2393,9,2009-12-10 14:50:00,2011-11-23 15:41:00,0
13832.0,19,2,609.89,11.088909090909091,420,2,2010-10-13 14:41:00,2011-11-20 15:36:00,0
13833.0,159,2,700.41,15.91840909090909,243,2,2010-10-31 14:11:00,2011-07-03 13:27:00,0
13834.0,577,2,324.19,20.261875,221,2,2010-02-08 12:52:00,2010-05-12 10:27:00,1
13835.0,25,7,1095.27,15.426338028169013,520,5,2010-03-04 08:26:00,2011-11-14 15:37:00,0
13836.0,399,2,620.37,20.011935483870968,273,2,2010-10-21 13:27:00,2010-11-05 13:31:00,1
13837.0,212,2,266.59000000000003,14.810555555555558,182,2,2011-01-26 12:15:00,2011-05-12 12:10:00,1
13838.0,6,10,1690.07,4.193722084367246,694,4,2010-05-09 11:40:00,2011-12-04 11:00:00,0
13839.0,486,1,139.95000000000002,19.992857142857144,25,1,2010-08-10 13:52:00,2010-08-10 13:52:00,1
13840.0,416,1,651.4,16.285,358,1,2010-10-19 13:34:00,2010-10-19 13:34:00,1
13841.0,253,1,85.0,85.0,100,1,2011-04-01 12:10:00,2011-04-01 12:10:00,1
13842.0,59,18,5319.34,15.878626865671642,2716,11,2010-02-16 15:54:00,2011-10-12 10:51:00,0
13843.0,381,1,319.75,17.76388888888889,145,1,2010-11-23 17:48:00,2010-11-23 17:48:00,1
13844.0,11,1,361.62,18.081,196,1,2011-11-28 13:21:00,2011-11-28 13:21:00,0
13845.0,65,1,312.98,34.775555555555556,182,1,2011-10-06 08:25:00,2011-10-06 08:25:00,0
13846.0,25,4,1307.79,16.145555555555553,705,3,2010-11-05 09:47:00,2011-11-15 12:07:00,0
13847.0,720,1,310.72,16.353684210526318,96,1,2009-12-20 10:41:00,2009-12-20 10:41:00,1
13848.0,92,8,3015.0,301.5,9200,7,2009-12-09 16:17:00,2011-09-08 12:58:00,0
13849.0,52,5,3469.3,15.769545454545455,1883,4,2010-03-25 12:03:00,2011-10-19 10:59:00,0
13850.0,129,1,1595.48,17.155698924731183,944,1,2011-08-02 14:04:00,2011-08-02 14:04:00,0
13851.0,96,8,4606.46,32.903285714285715,2525,5,2010-01-29 11:54:00,2011-09-05 12:36:00,0
13852.0,611,1,187.35000000000002,17.031818181818185,85,1,2010-04-08 09:06:00,2010-04-08 09:06:00,1
13853.0,57,1,1090.1399999999999,47.39739130434782,312,1,2011-10-13 14:18:00,2011-10-13 14:18:00,0
13854.0,9,39,11944.56,67.10426966292134,3642,12,2010-01-08 11:28:00,2011-12-01 09:06:00,0
13855.0,501,4,1310.3400000000001,17.949863013698632,575,3,2009-12-08 16:56:00,2010-07-27 09:53:00,1
13856.0,169,11,1142.03,21.148703703703703,1105,6,2010-03-30 15:40:00,2011-06-24 10:03:00,0
13857.0,393,6,1001.01,7.820390625,782,5,2010-05-17 14:21:00,2010-11-11 12:54:00,1
13858.0,57,1,216.17000000000002,19.651818181818182,75,1,2011-10-13 16:17:00,2011-10-13 16:17:00,0
13859.0,326,2,515.86,14.329444444444444,167,2,2010-06-28 15:36:00,2011-01-17 16:14:00,1
13860.0,1,5,1245.9,16.39342105263158,591,4,2011-09-14 09:27:00,2011-12-08 12:57:00,0
13861.0,429,2,273.26,13.012380952380951,225,2,2010-06-27 11:37:00,2010-10-06 14:20:00,1
13862.0,18,9,2556.09,15.9755625,1927,8,2010-11-15 13:43:00,2011-11-21 16:24:00,0
13863.0,248,4,1239.55,17.707857142857144,553,3,2010-04-25 13:09:00,2011-04-06 10:20:00,1
13864.0,387,1,662.4000000000001,662.4000000000001,192,1,2010-11-18 12:50:00,2010-11-18 12:50:00,1
13865.0,58,4,501.56,16.718666666666667,204,4,2011-02-23 12:04:00,2011-10-12 13:31:00,0
13866.0,74,1,145.67,20.81,57,1,2011-09-26 14:54:00,2011-09-26 14:54:00,0
13867.0,31,3,1005.09,16.7515,501,3,2011-05-05 17:28:00,2011-11-08 15:48:00,0
13868.0,7,2,3192.54,96.74363636363637,1964,2,2011-11-01 12:45:00,2011-12-02 16:32:00,0
13869.0,123,10,7996.87,9.542804295942721,4302,7,2010-01-17 14:53:00,2011-08-08 13:53:00,0
13870.0,2,15,5712.08,23.701576763485477,3449,9,2010-02-08 12:08:00,2011-12-07 13:23:00,0
13871.0,23,17,7885.85,19.616542288557216,3502,11,2009-12-20 13:09:00,2011-11-17 10:49:00,0
13872.0,527,3,919.57,16.13280701754386,339,3,2009-12-14 09:56:00,2010-06-30 15:35:00,1
13873.0,120,8,1038.92,17.315333333333335,472,6,2010-03-03 12:31:00,2011-08-12 10:08:00,0
13874.0,358,7,2049.15,29.697826086956525,864,6,2010-02-04 18:39:00,2010-12-16 18:20:00,1
13875.0,54,14,4814.37,17.831,3072,9,2009-12-17 10:30:00,2011-10-17 09:36:00,0
13876.0,64,1,122.7,17.52857142857143,36,1,2011-10-07 10:22:00,2011-10-07 10:22:00,0
13877.0,86,3,449.68,19.551304347826086,478,3,2010-01-19 10:53:00,2011-09-14 15:49:00,0
13878.0,55,4,2416.9,23.695098039215686,927,4,2010-04-14 13:50:00,2011-10-16 12:19:00,0
13879.0,646,1,395.5,15.82,204,1,2010-03-04 10:49:00,2010-03-04 10:49:00,1
13880.0,21,17,4293.86,19.254977578475334,2535,11,2010-05-26 14:29:00,2011-11-18 13:44:00,0
13881.0,4,43,45179.1,98.8601750547046,29760,11,2010-03-04 14:41:00,2011-12-06 12:50:00,0
13882.0,3,5,1191.13,18.325076923076924,953,3,2011-10-06 15:28:00,2011-12-07 11:16:00,0
13883.0,11,15,6560.02,20.759556962025318,3584,8,2009-12-08 17:26:00,2011-11-29 10:45:00,0
13884.0,7,10,1825.03,10.027637362637362,752,5,2010-08-26 19:57:00,2011-12-02 16:30:00,0
13885.0,189,2,506.8,18.1,182,2,2011-05-23 08:52:00,2011-06-03 15:07:00,1
13886.0,71,1,243.56,15.2225,126,1,2011-09-29 13:17:00,2011-09-29 13:17:00,0
13887.0,204,1,349.55,18.397368421052633,147,1,2011-05-19 17:22:00,2011-05-19 17:22:00,1
13888.0,120,7,2001.5900000000001,11.705204678362573,795,3,2010-05-13 11:57:00,2011-08-12 10:13:00,0
13889.0,93,6,1991.23,23.990722891566264,979,5,2010-01-22 14:32:00,2011-09-08 09:13:00,0
13890.0,1,14,2927.38,16.921271676300577,1392,6,2009-12-06 15:15:00,2011-12-08 15:36:00,0
13891.0,378,3,859.21,8.678888888888888,476,3,2010-05-06 16:02:00,2010-11-26 15:57:00,1
13892.0,27,6,1267.65,35.212500000000006,3125,5,2010-05-13 10:32:00,2011-11-13 11:50:00,0
13893.0,298,1,821.1,39.1,190,1,2011-02-15 11:30:00,2011-02-15 11:30:00,1
13894.0,24,3,564.62,20.911851851851853,354,2,2011-02-02 12:54:00,2011-11-16 09:44:00,0
13895.0,28,6,4008.52,21.551182795698924,2060,5,2009-12-03 13:09:00,2011-11-11 16:57:00,0
13896.0,626,1,388.55,18.502380952380953,149,1,2010-03-24 08:55:00,2010-03-24 08:55:00,1
13897.0,50,3,1160.72,19.67322033898305,820,3,2010-01-31 13:48:00,2011-10-20 14:30:00,0
13898.0,326,2,686.4,14.921739130434782,544,2,2010-10-24 15:42:00,2011-01-18 10:28:00,1
13899.0,16,2,388.52,20.448421052631577,156,2,2011-03-10 09:30:00,2011-11-23 13:40:00,0
13900.0,183,6,1610.5900000000001,16.953578947368424,938,5,2010-03-25 13:46:00,2011-06-09 19:26:00,1
13901.0,72,15,5676.34,18.310774193548387,3344,9,2010-01-05 09:29:00,2011-09-28 14:48:00,0
13902.0,632,5,34095.26,541.1946031746032,220600,4,2009-12-15 10:02:00,2010-03-17 13:09:00,1
13903.0,400,1,165.45000000000002,16.545,103,1,2010-11-04 17:44:00,2010-11-04 17:44:00,1
13904.0,37,2,332.64,12.793846153846154,332,2,2011-02-18 11:18:00,2011-11-02 13:41:00,0
13905.0,733,1,312.65,26.054166666666664,135,1,2009-12-07 11:41:00,2009-12-07 11:41:00,1
13906.0,409,1,42.0,42.0,100,1,2010-10-26 15:00:00,2010-10-26 15:00:00,1
13907.0,692,1,136.8,34.2,68,1,2010-01-17 12:22:00,2010-01-17 12:22:00,1
13908.0,80,4,2369.55,19.42254098360656,1478,4,2011-03-08 12:04:00,2011-09-21 11:49:00,0
13909.0,423,2,282.85,7.44342105263158,301,2,2010-07-06 16:52:00,2010-10-12 17:22:00,1
13911.0,57,20,4234.99,17.7940756302521,4487,9,2010-03-01 16:31:00,2011-10-13 15:43:00,0
13912.0,424,1,124.95,17.85,29,1,2010-10-12 08:43:00,2010-10-12 08:43:00,1
13913.0,507,1,42.22,14.073333333333332,10,1,2010-07-21 10:11:00,2010-07-21 10:11:00,1
13914.0,12,2,626.45,18.983333333333334,380,1,2011-11-03 16:28:00,2011-11-28 10:35:00,0
13915.0,394,1,70.80000000000001,35.400000000000006,24,1,2010-11-10 15:17:00,2010-11-10 15:17:00,1
13916.0,464,4,1275.81,17.240675675675675,673,3,2010-02-02 10:06:00,2010-09-02 10:04:00,1
13917.0,50,2,272.04,15.113333333333335,228,2,2011-06-01 12:46:00,2011-10-21 09:56:00,0
13918.0,50,2,1212.8400000000001,40.428000000000004,1140,2,2011-03-31 18:05:00,2011-10-21 12:25:00,0
13919.0,59,4,1360.68,17.67116883116883,1133,3,2010-06-17 09:30:00,2011-10-11 14:24:00,0
13920.0,432,4,1774.68,20.635813953488373,1772,4,2010-05-26 15:48:00,2010-10-04 12:37:00,1
13921.0,402,4,730.7,16.606818181818184,210,4,2009-12-18 12:19:00,2010-11-02 16:32:00,1
13922.0,352,3,865.2,28.84,467,3,2010-08-29 14:36:00,2010-12-23 10:38:00,1
13923.0,54,1,351.13,17.5565,185,1,2011-10-17 12:33:00,2011-10-17 12:33:00,0
13924.0,2,6,1838.8500000000001,15.716666666666669,1575,4,2011-09-28 15:07:00,2011-12-08 09:39:00,0
13925.0,93,4,678.25,16.54268292682927,331,3,2011-07-28 12:09:00,2011-09-08 12:47:00,0
13926.0,23,1,223.85000000000002,20.35,104,1,2011-11-16 13:16:00,2011-11-16 13:16:00,0
13927.0,75,2,708.26,17.274634146341462,463,1,2010-09-28 16:12:00,2011-09-26 12:00:00,0
13928.0,11,4,464.57,17.206296296296298,129,3,2011-07-29 15:59:00,2011-11-29 10:33:00,0
13929.0,169,11,3494.1,61.3,1566,8,2010-01-14 07:25:00,2011-06-23 15:26:00,0
13930.0,58,2,337.34,19.843529411764706,274,2,2011-07-26 11:00:00,2011-10-13 09:45:00,0
13931.0,96,11,5257.38,19.399926199261994,3488,5,2009-12-03 10:26:00,2011-09-05 10:12:00,0
13932.0,295,1,307.4,19.2125,72,1,2011-02-18 12:02:00,2011-02-18 12:02:00,1
13933.0,109,2,608.79,26.469130434782606,205,2,2011-07-14 13:35:00,2011-08-22 14:03:00,0
13934.0,264,1,922.1,29.74516129032258,390,1,2011-03-21 08:39:00,2011-03-21 08:39:00,1
13935.0,597,3,6116.92,76.4615,2252,3,2010-02-25 16:01:00,2010-04-22 11:21:00,1
13936.0,180,3,939.6600000000001,15.926440677966102,661,3,2010-10-21 14:21:00,2011-06-13 08:47:00,0
13937.0,169,2,880.13,16.298703703703705,587,2,2010-11-02 12:37:00,2011-06-23 16:35:00,0
13938.0,35,1,71.66,10.237142857142857,70,1,2011-11-04 14:37:00,2011-11-04 14:37:00,0
13939.0,23,7,1560.96,14.190545454545456,1608,6,2010-04-06 12:43:00,2011-11-16 13:33:00,0
13940.0,17,4,839.14,17.12530612244898,516,4,2011-07-18 16:05:00,2011-11-22 15:15:00,0
13941.0,22,15,10027.18,106.67212765957447,4782,8,2009-12-16 16:10:00,2011-11-18 09:43:00,0
13942.0,535,1,320.0,320.0,1000,1,2010-06-23 12:35:00,2010-06-23 12:35:00,1
13943.0,578,1,246.54000000000002,16.436,94,1,2010-05-11 11:30:00,2010-05-11 11:30:00,1
13944.0,653,1,200.43,5.726571428571429,153,1,2010-02-24 15:02:00,2010-02-24 15:02:00,1
13945.0,395,2,854.1500000000001,16.748039215686276,413,2,2010-08-17 09:59:00,2010-11-10 10:00:00,1
13946.0,79,6,1876.23,33.504107142857144,2847,5,2009-12-04 11:07:00,2011-09-21 13:33:00,0
13947.0,65,1,90.60000000000001,18.12,44,1,2011-10-05 14:42:00,2011-10-05 14:42:00,0
13948.0,361,4,548.76,22.865,248,3,2009-12-04 12:14:00,2010-12-14 10:18:00,1
13949.0,3,6,2427.32,15.170750000000002,2474,4,2011-09-06 11:55:00,2011-12-07 09:35:00,0
13950.0,11,4,745.0600000000001,21.287428571428574,323,3,2011-04-07 11:29:00,2011-11-28 14:44:00,0
13951.0,176,3,674.45,17.293589743589745,459,3,2011-02-18 15:21:00,2011-06-16 16:43:00,0
13952.0,218,14,12823.521,31.35335207823961,5947,9,2009-12-16 09:41:00,2011-05-06 09:00:00,1
13953.0,7,12,6640.68,265.6272,5224,7,2009-12-11 12:58:00,2011-12-02 16:04:00,0
13954.0,2,2,439.92,17.5968,150,2,2011-09-30 10:52:00,2011-12-08 12:50:00,0
13955.0,154,3,544.0699999999999,6.400823529411764,272,3,2010-11-29 17:35:00,2011-07-08 17:19:00,0
13956.0,5,5,1019.27,6.933809523809524,486,5,2011-03-13 12:51:00,2011-12-04 13:20:00,0
13957.0,418,3,458.25,16.97222222222222,157,3,2010-02-19 10:32:00,2010-10-18 10:02:00,1
13958.0,380,8,4709.2300000000005,20.745506607929517,2264,5,2009-12-05 13:12:00,2010-11-25 10:11:00,1
13959.0,79,6,1064.77,6.781974522292994,694,6,2010-07-16 15:11:00,2011-09-21 15:06:00,0
13960.0,21,2,230.22,19.185,142,2,2011-09-29 12:39:00,2011-11-18 15:27:00,0
13961.0,392,1,538.4,28.336842105263155,226,1,2010-11-12 14:40:00,2010-11-12 14:40:00,1
13962.0,22,3,362.8,15.773913043478261,160,3,2010-09-30 10:35:00,2011-11-18 08:47:00,0
13963.0,308,17,2860.57,17.33678787878788,2007,11,2010-04-21 16:20:00,2011-02-04 14:43:00,1
13964.0,387,2,438.9,18.287499999999998,228,2,2010-10-05 12:38:00,2010-11-17 13:53:00,1
13965.0,477,3,996.61,41.525416666666665,425,3,2010-01-05 15:21:00,2010-08-20 10:40:00,1
13966.0,435,1,384.26,18.298095238095236,760,1,2010-09-30 13:08:00,2010-09-30 13:08:00,1
13967.0,146,2,166.3,27.71666666666667,66,2,2010-11-08 13:24:00,2011-07-17 12:02:00,0
13968.0,423,1,123.66,15.4575,174,1,2010-10-12 13:22:00,2010-10-12 13:22:00,1
13969.0,7,35,12973.460000000001,12.193101503759399,6640,11,2010-03-25 13:15:00,2011-12-02 15:11:00,0
13970.0,386,2,846.55,65.11923076923077,469,2,2010-09-28 11:53:00,2010-11-18 13:21:00,1
13971.0,19,14,4667.57,18.30419607843137,3084,10,2010-01-26 09:51:00,2011-11-21 12:06:00,0
13972.0,71,2,190.25,12.683333333333334,187,2,2011-05-22 11:34:00,2011-09-30 11:54:00,0
13973.0,287,1,264.7,24.063636363636363,109,1,2011-02-25 15:21:00,2011-02-25 15:21:00,1
13974.0,49,2,677.72,15.76093023255814,356,2,2010-05-06 17:55:00,2011-10-21 14:41:00,0
13975.0,31,12,5256.4,7.132157394843961,3884,8,2010-02-02 13:13:00,2011-11-08 13:19:00,0
13976.0,207,4,1192.3600000000001,21.29214285714286,452,4,2010-02-09 13:08:00,2011-05-17 09:13:00,1
13977.0,411,1,519.8100000000001,39.98538461538462,303,1,2010-10-24 14:08:00,2010-10-24 14:08:00,1
13978.0,15,2,196.79,13.119333333333334,315,2,2011-10-25 15:04:00,2011-11-25 11:36:00,0
13979.0,73,7,3379.93,8.60033078880407,2270,5,2009-12-03 10:02:00,2011-09-27 13:32:00,0
13980.0,60,5,768.8199999999999,12.203492063492062,463,5,2010-02-21 14:18:00,2011-10-10 13:34:00,0
13981.0,416,1,331.14,15.05181818181818,234,1,2010-10-20 10:03:00,2010-10-20 10:03:00,1
13982.0,39,9,3954.29,17.57462222222222,2478,7,2010-01-20 14:04:00,2011-10-31 16:24:00,0
13983.0,30,21,6753.89,20.781200000000002,3925,11,2009-12-09 13:53:00,2011-11-10 11:06:00,0
13984.0,27,12,1893.8,21.520454545454545,1301,7,2009-12-07 11:51:00,2011-11-13 12:38:00,0
13985.0,4,22,10020.86,20.87679166666667,4936,10,2010-02-09 13:56:00,2011-12-05 17:06:00,0
13986.0,17,1,320.46,24.650769230769228,430,1,2011-11-22 15:00:00,2011-11-22 15:00:00,0
13987.0,380,2,682.54,14.837826086956522,492,1,2010-11-04 09:54:00,2010-11-25 10:20:00,1
13988.0,20,8,4757.8,16.12813559322034,3385,6,2010-03-24 11:05:00,2011-11-20 10:15:00,0
13989.0,66,5,2026.06,23.558837209302325,2207,5,2010-05-25 12:13:00,2011-10-05 09:47:00,0
13990.0,213,1,311.3,19.45625,190,1,2011-05-10 15:19:00,2011-05-10 15:19:00,1
13991.0,12,6,852.88,10.400975609756097,995,4,2011-07-19 12:58:00,2011-11-27 16:18:00,0
13992.0,30,3,219.5,19.954545454545453,154,2,2010-09-02 17:04:00,2011-11-09 15:23:00,0
13993.0,43,19,6775.71,25.960574712643677,2135,12,2009-12-03 11:57:00,2011-10-28 09:06:00,0
13994.0,4,6,2274.14,15.36581081081081,932,5,2011-07-14 18:28:00,2011-12-06 11:05:00,0
13995.0,15,14,3902.01,16.965260869565217,2359,8,2009-12-18 12:43:00,2011-11-24 14:22:00,0
13996.0,386,2,895.76,27.144242424242425,613,1,2010-11-05 15:07:00,2010-11-18 16:27:00,1
13997.0,519,3,376.46,8.55590909090909,143,2,2010-06-07 17:33:00,2010-07-08 18:06:00,1
13998.0,447,3,566.7,18.280645161290323,204,3,2010-05-12 13:18:00,2010-09-19 10:20:00,1
13999.0,10,29,9502.26,20.391115879828327,5043,12,2009-12-05 12:42:00,2011-11-29 13:40:00,0
14000.0,211,5,2046.34,41.76204081632653,1838,5,2009-12-02 09:50:00,2011-05-12 16:50:00,1
14001.0,46,9,4228.85,41.056796116504856,1779,6,2010-08-03 12:49:00,2011-10-25 10:31:00,0
14002.0,134,2,529.73,11.270851063829788,877,1,2011-07-06 14:59:00,2011-07-28 15:55:00,0
14003.0,733,1,209.41,13.088125,149,1,2009-12-07 08:53:00,2009-12-07 08:53:00,1
14004.0,43,11,6258.45,25.968672199170125,3425,6,2010-09-30 09:39:00,2011-10-27 14:40:00,0
14005.0,10,5,2874.72,34.22285714285714,2478,5,2011-05-08 10:33:00,2011-11-30 12:41:00,0
14006.0,116,7,2196.67,28.528181818181817,2181,6,2010-02-25 09:45:00,2011-08-16 09:39:00,0
14007.0,513,1,79.48,15.896,16,1,2010-07-15 09:06:00,2010-07-15 09:06:00,1
14008.0,432,1,509.04,15.9075,326,1,2010-10-03 13:09:00,2010-10-03 13:09:00,1
14009.0,198,3,1099.91,14.863648648648649,951,2,2010-09-03 12:08:00,2011-05-25 15:47:00,1
14010.0,565,2,445.15,18.547916666666666,177,1,2010-05-23 12:46:00,2010-05-23 13:00:00,1
14011.0,480,2,457.82,14.306875,644,2,2010-04-11 13:40:00,2010-08-16 15:31:00,1
14012.0,278,1,328.8,29.89090909090909,160,1,2011-03-07 12:26:00,2011-03-07 12:26:00,1
14013.0,110,5,1084.57,15.949558823529411,775,4,2010-03-26 10:02:00,2011-08-21 15:01:00,0
14014.0,77,3,1948.21,25.63434210526316,2004,3,2010-05-12 09:04:00,2011-09-23 13:18:00,0
14015.0,53,1,917.34,45.867000000000004,378,1,2011-10-18 10:02:00,2011-10-18 10:02:00,0
14016.0,162,11,11403.41,25.45404017857143,5722,9,2010-01-08 14:12:00,2011-07-01 11:29:00,0
14017.0,571,1,229.75,16.410714285714285,73,1,2010-05-17 14:52:00,2010-05-17 14:52:00,1
14018.0,645,1,367.15,28.24230769230769,224,1,2010-03-04 14:23:00,2010-03-04 14:23:00,1
14019.0,47,3,1421.6100000000001,21.539545454545458,1037,3,2011-07-24 15:39:00,2011-10-24 10:13:00,0
14020.0,17,4,1249.01,17.347361111111113,648,4,2010-06-28 15:29:00,2011-11-23 09:22:00,0
14021.0,155,7,1716.58,19.07311111111111,878,7,2010-04-26 11:22:00,2011-07-07 15:46:00,0
14022.0,225,2,792.15,16.854255319148937,681,2,2010-08-10 09:38:00,2011-04-28 14:39:00,1
14023.0,7,2,584.07,18.840967741935486,345,2,2011-04-03 15:50:00,2011-12-02 13:58:00,0
14024.0,122,3,645.74,18.99235294117647,238,2,2010-11-14 10:51:00,2011-08-10 11:30:00,0
14025.0,465,8,4057.9,40.98888888888889,1914,4,2010-05-05 09:56:00,2010-09-01 10:11:00,1
14026.0,471,2,713.11,14.2622,427,2,2010-03-24 14:10:00,2010-08-26 10:31:00,1
14027.0,61,1,104.82,17.47,62,1,2011-10-10 09:01:00,2011-10-10 09:01:00,0
14028.0,550,3,10396.5,1155.1666666666667,7170,1,2010-06-07 12:02:00,2010-06-07 13:33:00,1
14029.0,63,2,467.66,31.177333333333333,198,2,2011-07-18 16:57:00,2011-10-07 14:46:00,0
14030.0,18,20,7521.8,9.128398058252428,4215,7,2009-12-10 17:27:00,2011-11-21 16:48:00,0
14031.0,7,44,39019.51,52.02601333333334,13783,12,2009-12-03 15:35:00,2011-12-02 17:13:00,0
14032.0,2,16,4546.41,19.767,3740,9,2009-12-14 12:02:00,2011-12-07 15:23:00,0
14033.0,555,1,109.44,109.44,576,1,2010-06-02 15:10:00,2010-06-02 15:10:00,1
14034.0,22,3,648.89,7.545232558139535,420,2,2011-07-05 13:06:00,2011-11-17 14:02:00,0
14035.0,29,9,2794.75,19.27413793103448,1405,8,2010-04-06 12:39:00,2011-11-11 10:03:00,0
14036.0,285,1,626.65,16.49078947368421,268,1,2011-02-28 09:26:00,2011-02-28 09:26:00,1
14037.0,176,6,836.95,7.341666666666667,590,5,2009-12-07 11:39:00,2011-06-16 13:57:00,0
14038.0,78,5,3069.88,19.067577639751555,1708,5,2010-02-04 08:56:00,2011-09-22 13:37:00,0
14039.0,33,2,267.28000000000003,26.728,192,2,2010-05-13 10:15:00,2011-11-06 13:48:00,0
14040.0,41,35,12523.81,16.035608194622277,4972,12,2009-12-01 12:14:00,2011-10-30 12:42:00,0
14041.0,266,1,141.41,6.733809523809524,94,1,2011-03-18 13:25:00,2011-03-18 13:25:00,1
14042.0,725,1,431.98,20.570476190476192,180,1,2009-12-14 15:07:00,2009-12-14 15:07:00,1
14043.0,491,2,302.59999999999997,7.380487804878048,152,2,2009-12-10 15:56:00,2010-08-05 18:18:00,1
14044.0,27,10,3077.7,3.7260290556900726,2100,7,2010-01-24 15:14:00,2011-11-13 12:05:00,0
14045.0,109,16,10986.63,296.93594594594595,4459,8,2010-01-08 10:08:00,2011-08-22 15:27:00,0
14046.0,284,1,154.99,11.070714285714287,460,1,2011-02-28 14:48:00,2011-02-28 14:48:00,1
14047.0,9,14,3968.11,26.105986842105263,1541,9,2010-02-01 10:05:00,2011-12-01 11:43:00,0
14048.0,305,3,748.69,5.309858156028369,467,2,2010-11-22 14:08:00,2011-02-07 14:53:00,1
14049.0,17,13,13023.4,12.274646559849199,8480,8,2010-04-01 14:52:00,2011-11-23 12:20:00,0
14050.0,32,2,746.36,13.821481481481483,689,2,2011-08-25 13:46:00,2011-11-08 10:00:00,0
14051.0,1,37,21770.98,68.46220125786164,5709,12,2009-12-03 11:53:00,2011-12-09 10:20:00,0
14052.0,20,2,466.66,3.8566942148760335,174,1,2010-11-14 11:37:00,2011-11-20 12:30:00,0
14053.0,124,4,572.3,63.58888888888888,490,3,2010-08-10 11:02:00,2011-08-07 14:27:00,0
14054.0,65,1,92.46000000000001,15.410000000000002,62,1,2011-10-05 15:49:00,2011-10-05 15:49:00,0
14055.0,106,3,1520.96,46.08969696969697,720,3,2009-12-16 15:11:00,2011-08-25 15:04:00,0
14056.0,1,23,8152.71,7.493299632352941,4252,11,2011-02-28 15:19:00,2011-12-08 13:36:00,0
14057.0,24,22,8346.66,18.67261744966443,6438,11,2009-12-03 13:17:00,2011-11-16 10:32:00,0
14058.0,463,2,469.19,19.549583333333334,211,2,2010-06-27 11:29:00,2010-09-03 09:31:00,1
14059.0,267,1,183.6,22.95,128,1,2011-03-18 10:06:00,2011-03-18 10:06:00,1
14060.0,5,30,8898.24,34.48930232558139,7419,12,2010-03-11 09:47:00,2011-12-05 12:29:00,0
14061.0,507,3,917.4300000000001,48.28578947368421,133,2,2009-12-01 18:03:00,2010-07-20 17:22:00,1
14062.0,10,24,25585.65,75.25191176470588,12794,11,2009-12-10 14:28:00,2011-11-30 10:04:00,0
14063.0,438,9,22710.2,567.755,3850,3,2009-12-08 13:46:00,2010-09-27 16:18:00,1
14064.0,29,15,3260.2400000000002,13.814576271186441,3911,10,2010-01-21 13:22:00,2011-11-10 13:14:00,0
14065.0,389,3,891.02,18.18408163265306,582,2,2010-10-04 12:03:00,2010-11-15 16:13:00,1
14066.0,267,1,152.55,21.792857142857144,45,1,2011-03-18 12:21:00,2011-03-18 12:21:00,1
14067.0,64,2,374.7,7.2057692307692305,361,2,2011-09-04 12:00:00,2011-10-07 10:21:00,0
14068.0,320,4,1516.72,14.043703703703704,510,3,2010-01-31 10:10:00,2011-01-23 16:02:00,1
14069.0,515,2,225.81,5.507560975609756,58,2,2010-05-27 12:30:00,2010-07-13 12:12:00,1
14070.0,685,1,321.6,7.843902439024391,85,1,2010-01-24 12:27:00,2010-01-24 12:27:00,1
14071.0,4,8,1437.57,4.450681114551084,994,4,2011-03-20 11:33:00,2011-12-06 12:27:00,0
14072.0,667,1,390.85,20.571052631578947,65,1,2010-02-11 12:31:00,2010-02-11 12:31:00,1
14073.0,32,1,151.04,11.618461538461538,130,1,2011-11-07 15:49:00,2011-11-07 15:49:00,0
14074.0,623,1,219.4,36.56666666666667,228,1,2010-03-26 13:55:00,2010-03-26 13:55:00,1
14075.0,5,6,1734.87,21.41814814814815,1494,5,2010-06-16 14:47:00,2011-12-05 08:38:00,0
14076.0,129,1,118.67,2.6970454545454547,79,1,2011-08-02 15:19:00,2011-08-02 15:19:00,0
14077.0,41,6,615.08,10.983571428571429,376,6,2010-11-09 16:01:00,2011-10-30 12:35:00,0
14078.0,102,9,1553.47,10.49641891891892,586,7,2010-03-28 15:05:00,2011-08-30 12:16:00,0
14079.0,125,2,618.73,47.59461538461539,302,2,2010-01-26 17:19:00,2011-08-07 12:10:00,0
14080.0,33,5,1115.68,13.441927710843375,268,4,2009-12-02 15:01:00,2011-11-07 11:09:00,0
14081.0,302,10,4867.57,5.767263033175355,3381,5,2009-12-10 18:27:00,2011-02-10 16:17:00,1
14082.0,365,2,413.36,6.359384615384616,246,2,2010-11-12 11:47:00,2010-12-10 11:02:00,1
14083.0,4,11,1082.19,5.849675675675676,760,5,2009-12-18 11:34:00,2011-12-05 13:14:00,0
14084.0,512,1,150.5,21.5,306,1,2010-07-15 14:36:00,2010-07-15 14:36:00,1
14085.0,2,33,9720.67,9.302076555023923,6434,10,2009-12-08 13:41:00,2011-12-07 13:46:00,0
14086.0,463,1,39.95,39.95,1,1,2010-09-03 10:52:00,2010-09-03 10:52:00,1
14087.0,3,3,829.47,3.8942253521126764,718,2,2009-12-04 15:27:00,2011-12-07 12:41:00,0
14088.0,10,16,64036.8,93.89560117302054,15276,6,2010-10-14 19:46:00,2011-11-29 16:16:00,0
14089.0,57,1,158.75,12.211538461538462,133,1,2011-10-14 10:38:00,2011-10-14 10:38:00,0
14090.0,325,1,76.32000000000001,76.32000000000001,72,1,2011-01-19 10:51:00,2011-01-19 10:51:00,1
14091.0,654,2,9530.08,733.0830769230769,3316,2,2010-01-10 13:41:00,2010-02-23 15:17:00,1
14092.0,8,24,7229.45,19.381903485254693,3606,11,2009-12-16 16:24:00,2011-12-02 12:13:00,0
14093.0,12,1,433.86,4.3386000000000005,391,1,2011-11-27 16:27:00,2011-11-27 16:27:00,0
14094.0,440,1,311.77,7.250465116279069,158,1,2010-09-26 11:58:00,2010-09-26 11:58:00,1
14095.0,723,1,2.95,2.95,1,1,2009-12-17 12:49:00,2009-12-17 12:49:00,1
14096.0,4,17,65164.79,12.749909998043435,16352,5,2011-08-30 10:49:00,2011-12-05 17:17:00,0
14097.0,481,2,422.86,10.5715,352,2,2010-03-04 10:46:00,2010-08-15 14:20:00,1
14098.0,37,1,147.35,7.016666666666667,104,1,2011-11-03 10:13:00,2011-11-03 10:13:00,0
14099.0,16,20,5750.91,11.038214971209213,3666,12,2009-12-10 11:55:00,2011-11-23 13:53:00,0
14100.0,138,1,191.95,7.678,63,1,2011-07-25 11:01:00,2011-07-25 11:01:00,0
14101.0,74,13,9961.93,110.68811111111111,10542,9,2010-03-28 13:36:00,2011-09-27 12:28:00,0
14102.0,5,5,1105.8799999999999,19.066896551724135,769,3,2011-10-26 12:46:00,2011-12-04 15:38:00,0
14104.0,155,5,743.53,5.507629629629629,496,4,2010-05-28 16:11:00,2011-07-08 12:50:00,0
14105.0,239,5,5988.83,21.465340501792113,3534,4,2009-12-18 16:57:00,2011-04-14 17:58:00,1
14106.0,737,1,214.8,214.8,24,1,2009-12-02 14:09:00,2009-12-02 14:09:00,1
14107.0,52,11,4877.3,20.666525423728814,3489,8,2009-12-09 14:20:00,2011-10-19 12:12:00,0
14108.0,31,4,1044.96,20.095384615384617,660,3,2009-12-01 18:07:00,2011-11-09 10:41:00,0
14109.0,73,1,144.2,16.022222222222222,88,1,2011-09-28 10:18:00,2011-09-28 10:18:00,0
14110.0,4,33,12987.95,32.55125313283208,5825,11,2009-12-01 09:50:00,2011-12-06 12:26:00,0
14111.0,14,4,692.85,69.285,458,4,2011-04-12 11:36:00,2011-11-25 13:44:00,0
14112.0,23,13,5834.59,17.897515337423314,3539,7,2010-02-23 14:16:00,2011-11-17 12:30:00,0
14113.0,4,16,7092.610000000001,58.136147540983615,3439,7,2009-12-08 07:42:00,2011-12-06 12:18:00,0
14114.0,274,7,1364.09,18.43364864864865,650,7,2010-04-12 11:07:00,2011-03-11 09:42:00,1
14115.0,502,2,622.67,28.303181818181816,509,2,2010-02-11 11:44:00,2010-07-26 12:36:00,1
14116.0,20,5,1382.74,19.204722222222223,707,4,2011-08-10 12:44:00,2011-11-20 10:29:00,0
14117.0,144,1,90.0,30.0,72,1,2011-07-19 09:49:00,2011-07-19 09:49:00,0
14118.0,429,1,458.45,30.563333333333333,97,1,2010-10-07 11:59:00,2010-10-07 11:59:00,1
14119.0,376,2,183.37,16.67,177,2,2009-12-21 14:52:00,2010-11-29 10:33:00,1
14121.0,4,4,2780.15,17.485220125786164,2082,3,2011-10-11 10:39:00,2011-12-06 12:19:00,0
14122.0,406,3,362.42,27.87846153846154,114,2,2009-12-02 14:22:00,2010-10-29 15:11:00,1
14123.0,733,1,436.18,18.174166666666668,234,1,2009-12-06 15:35:00,2009-12-06 15:35:00,1
14124.0,84,1,419.58,83.916,1618,1,2011-09-16 13:32:00,2011-09-16 13:32:00,0
14125.0,11,3,2720.63,16.38933734939759,1628,2,2011-09-22 15:40:00,2011-11-29 12:47:00,0
14126.0,8,4,1172.46,27.26651162790698,887,3,2010-09-21 14:51:00,2011-12-02 11:45:00,0
14127.0,123,6,1900.0800000000002,16.240000000000002,828,5,2010-10-10 11:53:00,2011-08-09 10:49:00,0
14128.0,61,3,924.21,14.218615384615385,814,3,2010-06-06 14:05:00,2011-10-10 12:00:00,0
14129.0,2,9,2591.34,23.77376146788991,1414,6,2010-05-09 14:54:00,2011-12-08 11:02:00,0
14130.0,319,4,1858.77,8.448954545454546,1215,4,2009-12-11 16:33:00,2011-01-24 16:05:00,1
14131.0,649,1,168.22,3.65695652173913,105,1,2010-03-01 11:59:00,2010-03-01 11:59:00,1
14132.0,2,11,3586.03,17.93015,3368,7,2011-06-09 12:04:00,2011-12-07 13:35:00,0
14133.0,130,4,911.14,25.309444444444445,398,3,2009-12-06 12:10:00,2011-08-02 11:34:00,0
14134.0,383,15,11123.35,61.79638888888889,5814,9,2009-12-10 09:25:00,2010-11-22 12:26:00,1
14135.0,2,24,8839.67,40.363789954337896,8534,10,2009-12-02 08:58:00,2011-12-08 11:38:00,0
14136.0,401,5,1570.81,14.818962264150944,1148,5,2009-12-08 09:19:00,2010-11-04 11:53:00,1
14137.0,696,1,332.7,30.245454545454546,462,1,2010-01-13 12:30:00,2010-01-13 12:30:00,1
14138.0,2,2,965.88,20.997391304347826,600,2,2011-10-07 09:38:00,2011-12-08 12:44:00,0
14139.0,46,4,1086.8,15.75072463768116,1049,4,2010-06-15 09:17:00,2011-10-24 13:34:00,0
14140.0,4,2,935.05,14.167424242424241,811,2,2011-11-08 11:20:00,2011-12-06 09:05:00,0
14141.0,3,4,915.13,22.87825,355,4,2011-08-26 14:40:00,2011-12-07 09:53:00,0
14142.0,373,2,671.34,15.257727272727273,518,2,2010-03-03 15:13:00,2010-12-01 16:33:00,1
14143.0,134,1,115.8,16.54285714285714,30,1,2011-07-29 09:48:00,2011-07-29 09:48:00,0
14144.0,486,1,30.6,30.6,12,1,2010-08-10 15:17:00,2010-08-10 15:17:00,1
14145.0,47,7,7600.05,304.002,1655,6,2010-04-08 09:47:00,2011-10-24 12:10:00,0
14146.0,9,12,9450.3,20.724342105263155,5780,6,2010-01-13 16:04:00,2011-12-01 10:18:00,0
14147.0,78,9,2590.2,86.33999999999999,995,5,2010-03-09 13:43:00,2011-09-22 18:10:00,0
14148.0,234,2,466.29,27.428823529411765,223,2,2010-10-21 14:08:00,2011-04-20 12:02:00,1
14149.0,221,1,446.62,15.950714285714286,218,1,2011-05-03 09:44:00,2011-05-03 09:44:00,1
14150.0,36,2,658.64,25.33230769230769,496,2,2010-12-15 10:04:00,2011-11-04 10:05:00,0
14151.0,673,2,679.45,15.442045454545456,405,2,2009-12-23 10:54:00,2010-02-04 15:35:00,1
14152.0,75,7,1997.3400000000001,15.017593984962406,1844,5,2010-02-18 13:57:00,2011-09-25 12:54:00,0
14153.0,483,1,233.39999999999998,13.729411764705882,312,1,2010-08-13 14:35:00,2010-08-13 14:35:00,1
14154.0,239,8,6460.7,22.12568493150685,3222,5,2010-01-13 12:47:00,2011-04-14 16:26:00,1
14155.0,266,1,118.75,19.791666666666668,25,1,2011-03-18 14:13:00,2011-03-18 14:13:00,1
14156.0,10,156,313437.62,77.62199603764239,164325,12,2009-12-01 12:30:00,2011-11-30 10:54:00,0
14157.0,20,5,978.69,11.514000000000001,521,4,2010-03-03 16:49:00,2011-11-20 11:32:00,0
14158.0,40,1,507.65999999999997,12.381951219512194,781,1,2011-10-30 15:08:00,2011-10-30 15:08:00,0
14159.0,20,20,7860.8,4.281481481481482,6520,8,2009-12-03 12:31:00,2011-11-20 12:36:00,0
14160.0,610,7,8421.47,78.70532710280374,4661,4,2010-01-10 12:06:00,2010-04-08 14:30:00,1
14161.0,216,7,2996.93,10.819241877256317,1480,5,2009-12-13 11:46:00,2011-05-08 11:41:00,1
14162.0,174,2,289.36,11.5744,142,2,2011-02-20 12:32:00,2011-06-19 11:36:00,0
14163.0,87,5,2594.62,44.7348275862069,950,4,2010-09-03 17:15:00,2011-09-13 15:18:00,0
14164.0,71,2,1631.77,56.26793103448276,1033,1,2011-09-20 12:18:00,2011-09-30 12:24:00,0
14165.0,276,1,120.44,5.0183333333333335,53,1,2011-03-09 12:39:00,2011-03-09 12:39:00,1
14166.0,505,2,251.15,4.924509803921569,82,2,2010-03-23 15:10:00,2010-07-22 19:42:00,1
14167.0,39,8,1274.29,11.080782608695651,340,5,2010-01-27 16:07:00,2011-10-31 14:29:00,0
14168.0,421,2,370.45,24.696666666666665,147,2,2010-05-24 12:28:00,2010-10-15 10:49:00,1
14169.0,431,2,621.51,9.71109375,205,2,2010-09-21 13:39:00,2010-10-05 08:45:00,1
14170.0,375,3,570.18,3.9322758620689653,270,1,2010-11-09 14:06:00,2010-11-29 13:10:00,1
14171.0,98,2,498.79,7.79359375,211,2,2009-12-09 13:50:00,2011-09-02 16:43:00,0
14172.0,605,3,369.02,8.386818181818182,78,2,2010-03-07 10:58:00,2010-04-13 13:26:00,1
14173.0,11,6,586.0,17.757575757575758,194,5,2009-12-09 12:46:00,2011-11-29 11:54:00,0
14174.0,33,1,134.46,5.171538461538462,94,1,2011-11-06 13:17:00,2011-11-06 13:17:00,0
14175.0,60,8,7678.88,23.1990332326284,3009,7,2010-03-22 10:43:00,2011-10-11 11:55:00,0
14176.0,297,5,756.46,20.444864864864865,265,4,2010-11-23 13:21:00,2011-02-15 13:12:00,1
14177.0,86,13,2209.69,10.778975609756097,1043,7,2010-02-26 11:59:00,2011-09-14 15:11:00,0
14178.0,9,7,1600.26,5.032264150943396,1494,6,2011-06-10 12:51:00,2011-12-01 12:01:00,0
14179.0,41,2,701.57,4.46859872611465,319,1,2011-10-18 14:00:00,2011-10-30 12:07:00,0
14180.0,11,33,6117.5,21.16782006920415,847,12,2010-06-09 14:56:00,2011-11-29 10:56:00,0
14181.0,411,2,308.35,5.929807692307692,120,2,2010-05-26 12:32:00,2010-10-25 08:27:00,1
14182.0,444,4,678.77,13.5754,174,4,2010-04-22 15:36:00,2010-09-22 11:45:00,1
14183.0,411,2,278.34000000000003,8.186470588235295,60,2,2010-08-15 15:36:00,2010-10-24 14:45:00,1
14184.0,67,1,452.89,18.870416666666667,127,1,2011-10-04 12:43:00,2011-10-04 12:43:00,0
14185.0,331,1,197.65,65.88333333333334,6,1,2011-01-12 13:52:00,2011-01-12 13:52:00,1
14186.0,427,5,1550.63,14.909903846153847,1550,5,2010-03-05 11:17:00,2010-10-08 13:30:00,1
14187.0,474,1,123.5,15.4375,50,1,2010-08-23 12:06:00,2010-08-23 12:06:00,1
14188.0,31,6,2054.36,31.605538461538462,1162,6,2011-02-02 13:46:00,2011-11-09 12:45:00,0
14189.0,2,16,5503.150000000001,17.92557003257329,4392,11,2010-11-16 09:28:00,2011-12-07 15:55:00,0
14190.0,666,1,79.9,79.9,2,1,2010-02-11 14:27:00,2010-02-11 14:27:00,1
14191.0,2,15,4817.66,18.17984905660377,3724,8,2009-12-11 10:48:00,2011-12-08 09:23:00,0
14192.0,388,1,293.74,20.981428571428573,218,1,2010-11-16 17:44:00,2010-11-16 17:44:00,1
14193.0,68,3,1210.19,18.90921875,653,3,2010-11-08 12:31:00,2011-10-03 09:34:00,0
14194.0,5,36,18670.59,19.611964285714286,10037,12,2010-01-06 12:16:00,2011-12-05 10:38:00,0
14195.0,202,6,2615.6,163.475,2144,4,2010-03-15 17:12:00,2011-05-22 10:29:00,1
14196.0,107,1,335.52,55.919999999999995,142,1,2011-08-25 10:25:00,2011-08-25 10:25:00,0
14197.0,411,1,390.05,19.5025,143,1,2010-10-25 10:01:00,2010-10-25 10:01:00,1
14198.0,18,9,1569.73,17.24978021978022,623,8,2010-01-05 10:07:00,2011-11-21 16:35:00,0
14199.0,218,4,1091.7,60.650000000000006,254,4,2010-06-27 12:13:00,2011-05-05 13:44:00,1
14200.0,617,1,379.2,18.057142857142857,140,1,2010-04-01 13:01:00,2010-04-01 13:01:00,1
14201.0,60,10,1193.54,21.70072727272727,806,7,2010-04-30 13:00:00,2011-10-10 13:27:00,0
14202.0,381,3,847.76,29.233103448275862,166,3,2010-03-25 10:36:00,2010-11-23 17:13:00,1
14203.0,397,1,339.34,21.20875,80,1,2010-11-07 13:35:00,2010-11-07 13:35:00,1
14204.0,2,4,1024.83,4.658318181818181,469,3,2009-12-02 13:26:00,2011-12-07 13:38:00,0
14205.0,17,9,2414.2,19.627642276422762,1342,6,2010-03-07 12:20:00,2011-11-23 10:55:00,0
14206.0,239,3,1185.01,16.690281690140846,930,2,2010-11-02 11:37:00,2011-04-14 16:38:00,1
14207.0,688,1,157.8,78.9,36,1,2010-01-21 09:33:00,2010-01-21 09:33:00,1
14208.0,95,2,567.05,16.20142857142857,529,2,2010-06-06 13:11:00,2011-09-06 12:48:00,0
14209.0,11,15,4993.27,21.61588744588745,1739,10,2010-01-22 10:28:00,2011-11-29 10:18:00,0
14210.0,106,16,5556.570000000001,17.69608280254777,2511,10,2010-01-06 10:17:00,2011-08-26 12:36:00,0
14211.0,53,18,4402.29,18.342875,2575,9,2009-12-09 12:48:00,2011-10-17 13:23:00,0
14212.0,90,2,2190.14,104.29238095238095,2046,1,2010-09-20 11:48:00,2011-09-11 12:45:00,0
14213.0,405,1,1192.2,238.44,244,1,2010-10-31 10:37:00,2010-10-31 10:37:00,1
14214.0,31,5,1004.38,14.990746268656716,751,5,2011-03-07 12:26:00,2011-11-09 10:31:00,0
14215.0,12,9,3250.33,17.474892473118278,2181,6,2009-12-08 09:35:00,2011-11-28 12:19:00,0
14216.0,3,5,2150.04,27.9225974025974,712,3,2010-10-21 15:07:00,2011-12-06 14:56:00,0
14217.0,2,23,3298.59,18.95741379310345,1230,12,2010-06-30 12:54:00,2011-12-08 11:53:00,0
14218.0,43,1,169.48000000000002,14.123333333333335,160,1,2011-10-28 10:00:00,2011-10-28 10:00:00,0
14219.0,4,3,633.83,14.740232558139535,363,3,2010-08-03 14:42:00,2011-12-05 16:23:00,0
14220.0,247,4,1515.0,39.86842105263158,468,3,2010-05-19 13:26:00,2011-04-06 13:23:00,1
14221.0,42,17,6517.49,18.782391930835733,3808,8,2010-04-06 14:10:00,2011-10-28 13:42:00,0
14222.0,177,1,683.17,16.662682926829266,607,1,2011-06-15 16:42:00,2011-06-15 16:42:00,0
14223.0,92,3,991.13,16.518833333333333,585,3,2011-03-20 16:02:00,2011-09-08 13:38:00,0
14224.0,110,9,1841.71,8.042401746724892,826,7,2010-06-13 13:46:00,2011-08-21 13:24:00,0
14225.0,435,4,2031.07,23.617093023255812,1167,4,2010-01-12 15:02:00,2010-10-01 10:32:00,1
14226.0,29,6,2985.13,30.774536082474228,1714,4,2010-09-24 14:32:00,2011-11-11 11:34:00,0
14227.0,26,15,6368.71,16.8931299734748,4048,7,2010-02-08 09:38:00,2011-11-13 15:48:00,0
14228.0,438,3,745.5,19.61842105263158,260,3,2010-06-11 12:29:00,2010-09-28 09:45:00,1
14229.0,52,7,2594.04,36.028333333333336,934,6,2010-08-25 11:47:00,2011-10-19 10:04:00,0
14230.0,436,3,979.8000000000001,29.69090909090909,246,2,2010-06-09 13:56:00,2010-09-30 09:07:00,1
14231.0,184,4,1235.6200000000001,17.90753623188406,610,4,2010-09-15 09:52:00,2011-06-09 11:05:00,1
14232.0,43,5,2048.07,17.80930434782609,1941,5,2011-03-20 12:44:00,2011-10-28 11:09:00,0
14233.0,49,7,2904.27,39.784520547945206,1261,7,2010-03-05 16:35:00,2011-10-21 15:54:00,0
14234.0,22,4,754.12,5.130068027210885,951,2,2011-10-13 13:58:00,2011-11-17 17:53:00,0
14235.0,75,9,4717.99,31.87831081081081,3014,5,2010-03-30 13:36:00,2011-09-25 14:37:00,0
14236.0,81,5,1555.34,33.092340425531916,774,5,2010-07-22 14:27:00,2011-09-20 09:13:00,0
14237.0,373,2,471.14,18.12076923076923,238,2,2010-04-28 10:04:00,2010-12-01 13:20:00,1
14238.0,326,3,434.23,33.402307692307694,189,3,2009-12-05 10:58:00,2011-01-17 14:40:00,1
14239.0,43,21,4263.17,20.300809523809523,1729,10,2009-12-05 12:36:00,2011-10-27 14:40:00,0
14240.0,30,3,1247.49,20.450655737704917,655,3,2010-10-12 12:48:00,2011-11-09 13:45:00,0
14241.0,184,2,333.7,27.808333333333334,242,2,2010-01-12 15:11:00,2011-06-09 11:46:00,1
14242.0,235,2,280.55,17.534375,123,2,2011-01-18 08:53:00,2011-04-19 11:46:00,1
14243.0,9,17,7217.75,19.883608815426996,3631,10,2010-08-20 13:41:00,2011-12-01 11:12:00,0
14244.0,661,1,366.41999999999996,22.901249999999997,814,1,2010-02-17 11:40:00,2010-02-17 11:40:00,1
14245.0,220,2,1693.45,15.680092592592594,976,2,2011-03-21 10:41:00,2011-05-04 08:40:00,1
14246.0,111,3,1474.06,19.654133333333334,804,3,2011-04-08 08:25:00,2011-08-21 11:50:00,0
14247.0,278,5,753.56,6.668672566371681,378,5,2010-06-06 15:07:00,2011-03-06 15:21:00,1
14248.0,318,3,1032.95,21.977659574468085,692,3,2010-07-12 14:27:00,2011-01-25 14:45:00,1
14249.0,411,12,5400.461,19.854636029411765,2383,7,2010-01-29 14:21:00,2010-10-25 12:34:00,1
14250.0,7,3,1904.05,17.153603603603603,1200,2,2011-09-11 13:44:00,2011-12-02 14:30:00,0
14251.0,2,5,2879.7000000000003,36.91923076923077,1674,3,2011-10-13 12:46:00,2011-12-08 08:32:00,0
14252.0,381,1,350.99,35.099000000000004,111,1,2010-11-23 13:36:00,2010-11-23 13:36:00,1
14253.0,493,2,363.40000000000003,30.283333333333335,88,2,2010-03-26 15:08:00,2010-08-03 14:55:00,1
14254.0,433,1,601.03,26.13173913043478,263,1,2010-10-03 11:52:00,2010-10-03 11:52:00,1
14255.0,546,1,1000.63,1000.63,1,1,2010-06-11 15:54:00,2010-06-11 15:54:00,1
14256.0,260,5,2460.79,18.50218045112782,1147,4,2010-01-14 10:35:00,2011-03-24 13:17:00,1
14257.0,64,9,5954.45,24.810208333333332,3332,8,2010-03-01 15:36:00,2011-10-06 16:54:00,0
14258.0,9,25,32051.34,106.8378,17488,11,2009-12-04 08:36:00,2011-11-30 15:27:00,0
14259.0,142,1,120.0,24.0,68,1,2011-07-21 10:44:00,2011-07-21 10:44:00,0
14260.0,471,3,824.28,16.16235294117647,544,2,2010-06-09 11:23:00,2010-08-25 14:55:00,1
14261.0,51,2,1163.45,22.37403846153846,406,2,2011-09-22 10:47:00,2011-10-20 10:04:00,0
14262.0,8,8,2618.23,18.3093006993007,1645,7,2011-04-13 12:23:00,2011-12-01 14:17:00,0
14263.0,423,1,322.93,20.183125,171,1,2010-10-12 14:09:00,2010-10-12 14:09:00,1
14264.0,155,6,1517.3600000000001,19.207088607594937,553,5,2010-04-07 13:21:00,2011-07-08 10:20:00,0
14265.0,109,4,1373.35,17.384177215189872,715,4,2010-04-06 14:39:00,2011-08-22 13:32:00,0
14266.0,428,1,40.56,40.56,24,1,2010-10-07 13:32:00,2010-10-07 13:32:00,1
14267.0,163,3,1516.24,27.568,530,2,2011-03-24 11:38:00,2011-06-30 10:09:00,0
14268.0,471,1,354.85,18.676315789473687,147,1,2010-08-26 10:45:00,2010-08-26 10:45:00,1
14269.0,439,1,295.73,18.483125,123,1,2010-09-26 12:53:00,2010-09-26 12:53:00,1
14270.0,332,1,492.65000000000003,16.98793103448276,197,1,2011-01-12 09:33:00,2011-01-12 09:33:00,1
14271.0,226,2,214.18,5.636315789473684,148,2,2010-10-26 17:01:00,2011-04-28 12:47:00,1
14272.0,74,4,920.81,14.38765625,1097,3,2010-05-06 14:01:00,2011-09-27 10:08:00,0
14273.0,51,4,559.97,19.309310344827587,264,4,2011-04-11 13:24:00,2011-10-19 13:20:00,0
14274.0,686,1,256.6,17.10666666666667,178,1,2010-01-22 12:51:00,2010-01-22 12:51:00,1
14275.0,396,6,1189.3799999999999,51.71217391304347,538,4,2010-04-11 12:32:00,2010-11-09 09:06:00,1
14276.0,99,7,2102.68,17.377520661157025,1406,5,2010-02-17 13:10:00,2011-09-02 09:45:00,0
14277.0,15,9,17197.61,45.37627968337731,89806,6,2009-12-13 15:43:00,2011-11-24 15:01:00,0
14278.0,410,1,205.83,15.833076923076923,131,1,2010-10-26 12:07:00,2010-10-26 12:07:00,1
14279.0,521,2,191.86,63.95333333333334,46,2,2010-01-27 16:34:00,2010-07-07 08:42:00,1
14280.0,197,1,134.04,16.755,52,1,2011-05-27 10:37:00,2011-05-27 10:37:00,1
14281.0,408,1,245.15,35.02142857142857,45,1,2010-10-27 14:45:00,2010-10-27 14:45:00,1
14282.0,3,25,7250.76,30.337907949790797,5166,10,2010-02-15 11:22:00,2011-12-06 17:04:00,0
14283.0,463,4,628.44,15.327804878048783,550,4,2010-05-19 12:22:00,2010-09-02 14:46:00,1
14284.0,31,3,1299.65,19.39776119402985,510,3,2010-02-24 12:06:00,2011-11-09 08:11:00,0
14285.0,21,8,3284.42,53.84295081967213,954,7,2009-12-08 14:13:00,2011-11-18 14:50:00,0
14286.0,24,7,8479.76,16.993507014028058,8795,5,2009-12-04 08:40:00,2011-11-16 10:34:00,0
14287.0,8,3,176.63,19.625555555555554,261,2,2011-05-25 11:41:00,2011-12-01 13:25:00,0
14288.0,213,1,426.6,26.6625,188,1,2011-05-10 13:22:00,2011-05-10 13:22:00,1
14289.0,9,6,911.26,19.388510638297873,292,6,2011-02-23 12:33:00,2011-12-01 11:44:00,0
14290.0,11,8,4516.56,29.910993377483447,1600,5,2009-12-08 11:44:00,2011-11-28 14:02:00,0
14291.0,2,23,7904.1,16.000202429149798,6146,9,2009-12-09 10:46:00,2011-12-08 10:26:00,0
14292.0,8,16,9226.25,47.80440414507772,3429,7,2010-03-19 11:10:00,2011-12-02 11:50:00,0
14293.0,3,9,2903.01,24.395042016806723,1558,5,2009-12-10 10:57:00,2011-12-06 15:17:00,0
14294.0,407,1,375.34000000000003,16.31913043478261,190,1,2010-10-28 16:25:00,2010-10-28 16:25:00,1
14295.0,40,5,2362.91,32.818194444444444,1029,4,2009-12-08 09:49:00,2011-10-30 15:50:00,0
14296.0,421,2,456.4,16.9037037037037,314,2,2010-05-14 14:34:00,2010-10-14 14:14:00,1
14297.0,18,4,1305.33,21.053709677419352,865,3,2011-03-10 08:31:00,2011-11-22 09:06:00,0
14298.0,8,82,91194.49,31.841651536312852,100272,12,2009-12-11 13:49:00,2011-12-01 13:12:00,0
14299.0,8,27,14070.25,42.00074626865672,8136,10,2009-12-02 10:58:00,2011-12-01 16:05:00,0
14300.0,19,1,43.2,14.4,32,1,2011-11-21 08:57:00,2011-11-21 08:57:00,0
14301.0,117,4,1992.18,37.58830188679245,1686,4,2010-02-11 13:07:00,2011-08-14 15:33:00,0
14302.0,431,3,742.9000000000001,26.532142857142862,298,3,2009-12-02 08:16:00,2010-10-05 08:10:00,1
14303.0,407,2,277.94,12.633636363636363,218,1,2010-10-01 10:31:00,2010-10-28 15:37:00,1
14304.0,223,3,1725.01,19.602386363636363,775,2,2010-05-18 10:50:00,2011-05-01 11:50:00,1
14305.0,71,3,1858.96,17.70438095238095,1089,3,2011-07-27 14:14:00,2011-09-29 15:29:00,0
14306.0,51,6,3151.4,68.50869565217391,2065,5,2010-01-31 13:42:00,2011-10-19 13:23:00,0
14307.0,89,10,4287.92,16.366106870229007,2816,7,2009-12-07 13:06:00,2011-09-12 09:38:00,0
14308.0,549,2,1147.02,573.51,2,1,2010-06-08 16:39:00,2010-06-08 16:48:00,1
14309.0,8,11,3780.81,20.004285714285714,2583,7,2010-06-07 10:24:00,2011-12-01 13:33:00,0
14310.0,433,1,492.1,22.36818181818182,230,1,2010-10-03 12:34:00,2010-10-03 12:34:00,1
14311.0,243,2,516.45,16.65967741935484,235,2,2010-05-21 10:28:00,2011-04-11 10:14:00,1
14312.0,47,11,3090.29,17.168277777777778,1904,8,2010-07-23 15:05:00,2011-10-24 09:46:00,0
14314.0,107,2,229.79999999999998,22.979999999999997,332,2,2010-10-05 08:00:00,2011-08-25 10:39:00,0
14315.0,45,8,3197.82,24.043759398496242,1344,6,2010-03-15 12:49:00,2011-10-26 12:06:00,0
14316.0,422,5,1370.34,44.20451612903226,4494,4,2010-03-19 15:18:00,2010-10-13 16:31:00,1
14317.0,65,1,508.58,21.190833333333334,255,1,2011-10-06 10:44:00,2011-10-06 10:44:00,0
14318.0,460,1,158.02,17.55777777777778,152,1,2010-09-05 15:32:00,2010-09-05 15:32:00,1
14319.0,424,1,494.85,19.032692307692308,329,1,2010-10-11 13:38:00,2010-10-11 13:38:00,1
14320.0,207,5,1346.75,16.626543209876544,713,4,2010-01-21 11:44:00,2011-05-17 09:24:00,1
14321.0,11,7,2218.06,12.391396648044692,3275,6,2010-08-23 12:56:00,2011-11-29 09:47:00,0
14322.0,429,4,474.1,36.46923076923077,158,3,2010-02-18 08:49:00,2010-10-06 15:17:00,1
14323.0,115,2,605.0600000000001,16.807222222222222,350,2,2011-04-15 11:44:00,2011-08-17 11:37:00,0
14324.0,410,2,701.61,17.112439024390245,402,2,2010-01-15 13:31:00,2010-10-26 11:44:00,1
14325.0,570,1,245.48000000000002,13.637777777777778,320,1,2010-05-19 09:20:00,2010-05-19 09:20:00,1
14326.0,242,3,940.98,16.50842105263158,572,3,2010-06-25 12:10:00,2011-04-11 15:04:00,1
14327.0,163,6,1894.93,17.87669811320755,1296,6,2010-01-08 14:04:00,2011-06-29 13:58:00,0
14328.0,438,1,445.05,445.05,1,1,2010-09-27 16:01:00,2010-09-27 16:01:00,1
14329.0,17,15,9887.62,17.912355072463768,5913,9,2009-12-16 15:31:00,2011-11-22 15:50:00,0
14330.0,624,1,200.63,15.433076923076923,103,1,2010-03-26 09:10:00,2010-03-26 09:10:00,1
14331.0,124,2,462.66,16.52357142857143,252,2,2011-07-27 15:14:00,2011-08-07 13:17:00,0
14332.0,23,5,1917.41,30.925967741935484,875,3,2010-10-19 13:01:00,2011-11-17 11:54:00,0
14333.0,68,1,415.2,27.68,58,1,2011-10-03 10:38:00,2011-10-03 10:38:00,0
14334.0,17,12,4318.4800000000005,16.73829457364341,2986,10,2010-05-20 10:04:00,2011-11-23 10:01:00,0
14335.0,16,2,454.86,7.581,375,2,2011-09-04 13:07:00,2011-11-23 13:41:00,0
14336.0,17,4,1614.91,17.943444444444445,1759,3,2011-03-08 16:48:00,2011-11-23 11:40:00,0
14338.0,161,3,928.1,18.562,622,3,2010-06-21 10:32:00,2011-07-01 14:08:00,0
14339.0,243,2,620.27,26.968260869565217,456,2,2010-10-07 08:50:00,2011-04-11 11:06:00,1
14340.0,219,1,134.7,22.45,58,1,2011-05-05 09:44:00,2011-05-05 09:44:00,1
14341.0,45,18,4452.02,16.800075471698115,2813,10,2009-12-01 12:20:00,2011-10-25 15:48:00,0
14342.0,21,6,918.44,27.831515151515152,521,5,2010-08-24 13:03:00,2011-11-18 13:21:00,0
14343.0,421,4,1079.66,4.613931623931625,626,4,2010-01-18 16:47:00,2010-10-14 13:05:00,1
14344.0,127,20,2993.05,13.013260869565219,1546,8,2010-03-23 15:47:00,2011-08-04 13:51:00,0
14345.0,39,1,108.98,18.163333333333334,50,1,2011-11-01 09:51:00,2011-11-01 09:51:00,0
14346.0,121,5,2315.75,15.861301369863014,1878,4,2010-07-30 10:44:00,2011-08-11 09:47:00,0
14347.0,737,1,82.60000000000001,13.766666666666667,48,1,2009-12-03 10:49:00,2009-12-03 10:49:00,1
14348.0,260,1,409.57,22.753888888888888,183,1,2011-03-24 16:23:00,2011-03-24 16:23:00,1
14349.0,10,1,133.5,4.306451612903226,86,1,2011-11-29 15:39:00,2011-11-29 15:39:00,0
14350.0,274,3,972.03,16.47508474576271,543,3,2010-10-05 15:52:00,2011-03-10 14:14:00,1
14351.0,165,1,51.0,51.0,12,1,2011-06-28 11:56:00,2011-06-28 11:56:00,0
14352.0,157,4,1078.96,22.95659574468085,538,3,2011-03-11 14:58:00,2011-07-05 15:41:00,0
14353.0,215,3,376.5,15.06,344,2,2010-10-04 12:38:00,2011-05-08 16:06:00,1
14354.0,6,2,163.62,18.18,210,2,2011-11-09 15:36:00,2011-12-04 11:32:00,0
14355.0,366,3,840.0500000000001,14.000833333333334,617,3,2010-03-22 15:08:00,2010-12-09 12:16:00,1
14356.0,80,2,701.23,21.24939393939394,277,1,2011-09-19 14:43:00,2011-09-21 09:18:00,0
14357.0,43,1,225.12,5.628,147,1,2011-10-27 16:23:00,2011-10-27 16:23:00,0
14358.0,389,2,400.06,16.0024,338,2,2010-10-07 17:26:00,2010-11-15 15:51:00,1
14359.0,19,3,912.1800000000001,16.585090909090912,371,3,2011-09-13 09:03:00,2011-11-20 13:17:00,0
14360.0,32,4,2118.03,18.102820512820514,1139,3,2011-09-06 11:58:00,2011-11-08 09:12:00,0
14361.0,579,1,214.71,15.336428571428572,251,1,2010-05-10 12:29:00,2010-05-10 12:29:00,1
14362.0,22,1,151.5,4.094594594594595,96,1,2011-11-17 15:08:00,2011-11-17 15:08:00,0
14363.0,402,2,227.47000000000003,28.433750000000003,105,2,2010-09-14 14:39:00,2010-11-02 17:01:00,1
14364.0,109,8,3717.35,53.87463768115942,1967,4,2011-05-12 12:56:00,2011-08-23 11:01:00,0
14365.0,395,2,634.68,12.44470588235294,557,2,2010-01-27 09:44:00,2010-11-10 09:52:00,1
14366.0,525,1,136.0,136.0,16,1,2010-07-02 17:23:00,2010-07-02 17:23:00,1
14367.0,8,16,9227.82,17.711746641074857,4426,9,2011-03-08 14:12:00,2011-12-01 13:19:00,0
14368.0,320,1,155.0,19.375,36,1,2011-01-24 09:52:00,2011-01-24 09:52:00,1
14369.0,642,2,469.13,18.04346153846154,255,2,2010-02-16 10:28:00,2010-03-07 15:47:00,1
14370.0,451,6,1175.78,26.722272727272728,266,5,2010-02-01 08:35:00,2010-09-15 10:53:00,1
14371.0,295,1,100.5,25.125,34,1,2011-02-17 16:35:00,2011-02-17 16:35:00,1
14372.0,443,2,860.08,22.633684210526315,378,2,2010-04-19 15:57:00,2010-09-22 16:17:00,1
14373.0,358,1,76.55,19.1375,17,1,2010-12-16 15:40:00,2010-12-16 15:40:00,1
14374.0,541,1,108.0,15.428571428571429,20,1,2010-06-16 14:25:00,2010-06-16 14:25:00,1
14375.0,185,3,1106.82,5.399121951219512,647,2,2010-06-16 14:34:00,2011-06-07 13:44:00,1
14376.0,683,1,215.46,11.97,50,1,2010-01-25 15:36:00,2010-01-25 15:36:00,1
14377.0,191,2,617.05,56.095454545454544,219,2,2011-03-22 13:38:00,2011-06-01 13:32:00,1
14378.0,622,1,131.25,14.583333333333334,57,1,2010-03-28 12:22:00,2010-03-28 12:22:00,1
14379.0,44,4,1265.16,9.8840625,712,4,2010-08-16 15:31:00,2011-10-26 16:43:00,0
14380.0,682,1,48.96,48.96,1,1,2010-01-26 17:11:00,2010-01-26 17:11:00,1
14381.0,52,2,625.94,5.58875,449,2,2010-09-14 16:15:00,2011-10-18 17:10:00,0
14382.0,26,2,1193.6299999999999,4.278243727598566,1667,1,2010-11-14 16:32:00,2011-11-13 16:18:00,0
14383.0,38,3,1247.69,21.14728813559322,817,3,2011-06-29 10:18:00,2011-11-01 15:53:00,0
14384.0,501,1,58.5,19.5,30,1,2010-07-27 09:53:00,2010-07-27 09:53:00,1
14385.0,9,3,202.10999999999999,14.43642857142857,159,1,2011-11-16 11:55:00,2011-11-30 15:36:00,0
14386.0,297,1,142.4,20.342857142857145,54,1,2011-02-16 09:45:00,2011-02-16 09:45:00,1
14387.0,33,3,1727.6,12.428776978417266,795,3,2011-08-22 14:13:00,2011-11-07 12:29:00,0
14388.0,10,16,6388.2,16.254961832061067,4190,11,2010-01-20 11:54:00,2011-11-29 13:32:00,0
14389.0,65,5,1898.01,21.816206896551723,1388,3,2010-04-28 14:57:00,2011-10-05 15:17:00,0
14390.0,10,13,6150.03,13.39875816993464,2830,6,2010-10-10 14:30:00,2011-11-29 13:49:00,0
14391.0,577,1,135.6,9.685714285714285,168,1,2010-05-12 09:42:00,2010-05-12 09:42:00,1
14392.0,432,1,266.4,19.02857142857143,114,1,2010-10-03 12:56:00,2010-10-03 12:56:00,1
14393.0,218,1,67.95,13.59,13,1,2011-05-05 18:16:00,2011-05-05 18:16:00,1
14394.0,565,1,93.8,15.633333333333333,58,1,2010-05-24 10:43:00,2010-05-24 10:43:00,1
14395.0,2,20,7801.93,10.015314505776637,3872,10,2010-04-18 13:12:00,2011-12-07 14:34:00,0
14396.0,65,7,1969.38,7.909156626506024,959,5,2009-12-02 14:21:00,2011-10-05 16:09:00,0
14397.0,3,19,2612.96,30.034022988505747,1890,8,2011-05-10 12:25:00,2011-12-07 09:22:00,0
14398.0,401,2,707.79,13.354528301886791,267,2,2010-06-30 11:57:00,2010-11-03 13:46:00,1
14399.0,394,8,2108.21,10.980260416666667,965,8,2010-02-03 13:09:00,2010-11-10 13:23:00,1
14400.0,149,3,1732.47,23.73246575342466,1706,3,2010-03-18 12:11:00,2011-07-13 15:50:00,0
14401.0,4,22,6795.9,25.5484962406015,6401,11,2009-12-14 13:22:00,2011-12-05 13:30:00,0
14402.0,652,1,285.6,35.7,240,1,2010-02-25 13:20:00,2010-02-25 13:20:00,1
14403.0,130,6,1880.51,75.2204,737,5,2010-03-10 14:00:00,2011-08-01 12:57:00,0
14404.0,34,13,2724.13,15.050441988950277,1577,8,2009-12-20 14:40:00,2011-11-06 12:30:00,0
14405.0,387,1,195.0,97.5,100,1,2010-11-18 11:40:00,2010-11-18 11:40:00,1
14406.0,119,1,156.75,19.59375,77,1,2011-08-12 16:54:00,2011-08-12 16:54:00,0
14407.0,107,6,2157.73,29.557945205479452,1415,4,2011-03-08 11:59:00,2011-08-24 14:02:00,0
14408.0,11,11,4102.27,32.048984375,2438,8,2009-12-07 12:18:00,2011-11-29 11:41:00,0
14409.0,71,9,3427.29,32.95471153846154,2233,7,2010-05-21 16:45:00,2011-09-29 18:18:00,0
14410.0,92,11,2631.9,6.8361038961038965,1369,7,2010-09-28 15:46:00,2011-09-08 15:08:00,0
14411.0,311,1,1063.0,75.92857142857143,196,1,2011-02-02 10:56:00,2011-02-02 10:56:00,1
14412.0,43,3,1426.19,16.978452380952383,1428,2,2010-10-11 12:33:00,2011-10-28 10:45:00,0
14413.0,362,4,764.52,7.96375,277,3,2010-01-19 14:27:00,2010-12-12 13:37:00,1
14414.0,92,8,2399.33,20.333305084745763,2877,5,2010-11-30 10:12:00,2011-09-09 12:09:00,0
14415.0,1,23,11980.09,9.708338735818476,6263,11,2009-12-16 14:08:00,2011-12-08 14:38:00,0
14416.0,22,2,490.22,35.01571428571429,326,2,2011-10-28 15:10:00,2011-11-17 15:22:00,0
14417.0,388,1,524.65,4.484188034188034,543,1,2010-11-17 10:55:00,2010-11-17 10:55:00,1
14418.0,4,3,1937.25,15.622983870967742,1711,3,2011-08-23 17:18:00,2011-12-06 11:39:00,0
14419.0,11,7,1254.64,5.576177777777779,552,5,2010-11-22 11:09:00,2011-11-29 11:22:00,0
14420.0,99,4,1639.17,17.62548387096774,1120,4,2010-01-17 12:41:00,2011-09-01 18:07:00,0
14421.0,57,6,2469.37,25.722604166666667,1342,5,2010-01-17 11:30:00,2011-10-13 13:24:00,0
14422.0,1,19,10271.52,18.60782608695652,6067,12,2009-12-17 12:12:00,2011-12-09 11:26:00,0
14423.0,218,3,916.61,61.10733333333334,419,3,2010-01-14 11:49:00,2011-05-05 15:12:00,1
14424.0,18,1,322.08,322.08,48,1,2011-11-22 11:48:00,2011-11-22 11:48:00,0
14425.0,435,3,661.39,16.958717948717947,325,2,2009-12-02 11:31:00,2010-10-01 10:24:00,1
14426.0,24,17,11727.94,19.417119205298015,7023,7,2010-03-04 14:36:00,2011-11-16 12:25:00,0
14427.0,50,4,1263.52,28.716363636363635,538,3,2010-03-18 09:49:00,2011-10-20 14:23:00,0
14428.0,7,5,1224.06,8.934744525547444,428,5,2011-01-18 16:39:00,2011-12-02 13:17:00,0
14429.0,404,1,516.28,23.467272727272725,286,1,2010-11-01 10:08:00,2010-11-01 10:08:00,1
14430.0,512,3,1220.9,34.88285714285715,446,2,2010-04-11 15:59:00,2010-07-16 11:35:00,1
14431.0,303,4,2614.2,32.27407407407407,1202,4,2010-01-21 10:49:00,2011-02-10 10:40:00,1
14432.0,10,6,2248.5,5.964190981432361,2013,3,2011-09-11 14:09:00,2011-11-30 08:04:00,0
14433.0,466,1,280.7,3.7932432432432432,131,1,2010-08-31 12:35:00,2010-08-31 12:35:00,1
14434.0,22,6,1372.8,114.39999999999999,368,3,2011-09-28 15:31:00,2011-11-18 08:56:00,0
14435.0,502,1,90.42,30.14,282,1,2010-07-26 12:33:00,2010-07-26 12:33:00,1
14436.0,99,2,271.7,24.7,297,2,2010-06-04 11:32:00,2011-09-02 10:13:00,0
14437.0,366,5,873.34,20.793809523809525,420,5,2010-05-05 12:20:00,2010-12-09 09:27:00,1
14438.0,306,1,131.9,14.655555555555557,82,1,2011-02-06 14:56:00,2011-02-06 14:56:00,1
14439.0,320,5,9443.04,73.20186046511628,2244,3,2010-01-21 14:01:00,2011-01-24 11:39:00,1
14440.0,8,13,5982.03,46.734609375,1605,7,2009-12-02 12:13:00,2011-12-01 15:42:00,0
14441.0,1,11,4611.6900000000005,29.946038961038965,1260,9,2010-01-18 10:40:00,2011-12-09 09:07:00,0
14442.0,205,7,5367.02,29.327978142076507,1431,4,2010-01-18 12:59:00,2011-05-19 11:36:00,1
14443.0,54,5,2082.9700000000003,15.661428571428573,1357,5,2010-11-25 14:18:00,2011-10-17 10:10:00,0
14444.0,456,1,120.44,10.94909090909091,172,1,2010-09-09 18:56:00,2010-09-09 18:56:00,1
14445.0,456,1,221.65,6.9265625,83,1,2010-09-10 11:09:00,2010-09-10 11:09:00,1
14446.0,1,5,1200.28,3.762633228840125,1091,4,2010-11-18 12:08:00,2011-12-09 11:34:00,0
14447.0,19,6,1711.73,16.148396226415095,913,4,2010-11-04 13:32:00,2011-11-21 08:28:00,0
14448.0,9,2,375.35,18.767500000000002,104,2,2010-12-10 17:26:00,2011-11-30 13:50:00,0
14449.0,19,8,2230.96,4.61896480331263,1604,5,2010-09-29 13:15:00,2011-11-21 12:06:00,0
14450.0,181,7,1128.44,14.847894736842106,522,4,2010-04-08 12:09:00,2011-06-12 10:46:00,1
14451.0,60,12,3258.68,6.364609375,1737,10,2010-01-17 10:35:00,2011-10-10 13:38:00,0
14452.0,11,4,658.95,5.108139534883721,285,3,2010-07-06 13:13:00,2011-11-29 12:06:00,0
14453.0,190,1,119.93,5.451363636363637,49,1,2011-06-02 14:15:00,2011-06-02 14:15:00,1
14454.0,376,5,977.3000000000001,8.884545454545455,400,5,2009-12-06 12:56:00,2010-11-28 13:26:00,1
14455.0,432,4,617.72,8.022337662337662,706,3,2010-08-01 13:26:00,2010-10-03 15:48:00,1
14456.0,5,9,3017.28,3.1861457233368533,2885,5,2011-07-20 13:06:00,2011-12-04 13:59:00,0
14457.0,311,1,113.64,28.41,88,1,2011-02-02 09:39:00,2011-02-02 09:39:00,1
14458.0,381,1,228.07,4.852553191489362,317,1,2010-11-24 12:43:00,2010-11-24 12:43:00,1
14459.0,155,2,5375.741,47.57292920353982,2303,2,2010-02-26 13:26:00,2011-07-07 13:35:00,0
14460.0,110,9,1093.5,26.035714285714285,1879,7,2009-12-15 19:06:00,2011-08-21 14:19:00,0
14461.0,148,13,6676.91,10.498286163522012,3005,8,2010-01-18 12:48:00,2011-07-14 17:11:00,0
14462.0,66,12,2242.81,7.98153024911032,1063,9,2010-10-03 14:13:00,2011-10-04 15:55:00,0
14463.0,98,4,786.5699999999999,98.32124999999999,210,4,2010-07-28 11:35:00,2011-09-02 15:20:00,0
14464.0,568,2,111.0,27.75,62,2,2010-03-22 15:20:00,2010-05-20 18:00:00,1
14465.0,247,11,3925.85,20.34119170984456,2539,7,2010-01-07 15:03:00,2011-04-07 12:38:00,1
14466.0,29,13,4267.15,20.714320388349513,2507,9,2009-12-13 15:44:00,2011-11-10 14:07:00,0
14467.0,18,12,2203.2400000000002,7.271419141914192,1187,9,2009-12-02 12:44:00,2011-11-22 12:48:00,0
14468.0,734,1,204.24,17.02,164,1,2009-12-06 12:21:00,2009-12-06 12:21:00,1
14469.0,416,4,2093.46,14.437655172413793,973,4,2010-01-29 11:12:00,2010-10-19 14:30:00,1
14470.0,12,3,712.04,11.867333333333333,282,3,2010-10-05 12:39:00,2011-11-28 10:31:00,0
14471.0,591,2,400.95,9.779268292682927,187,2,2009-12-07 12:26:00,2010-04-27 17:12:00,1
14472.0,104,9,2118.72,6.856699029126213,1271,7,2010-01-19 13:09:00,2011-08-28 11:01:00,0
14473.0,74,2,234.34,33.47714285714286,88,2,2011-03-02 13:56:00,2011-09-26 15:10:00,0
14474.0,46,2,1258.89,9.91251968503937,448,2,2010-05-09 12:12:00,2011-10-24 13:26:00,0
14475.0,72,4,1151.15,23.98229166666667,541,4,2010-10-27 09:20:00,2011-09-29 10:46:00,0
14476.0,257,1,193.0,11.352941176470589,110,1,2011-03-27 15:39:00,2011-03-27 15:39:00,1
14477.0,20,7,1969.6,140.68571428571428,1120,6,2010-01-04 15:41:00,2011-11-20 11:11:00,0
14478.0,382,4,1276.66,18.774411764705885,1226,4,2009-12-01 13:20:00,2010-11-22 15:29:00,1
14479.0,254,4,1124.71,8.091438848920864,562,3,2009-12-06 13:48:00,2011-03-31 09:07:00,1
14480.0,11,4,1299.52,19.992615384615384,670,3,2009-12-21 16:32:00,2011-11-28 16:35:00,0
14481.0,165,5,2284.69,15.231266666666667,1568,5,2010-01-31 12:43:00,2011-06-28 10:38:00,0
14482.0,18,12,4306.72,17.65049180327869,2869,5,2010-08-26 14:13:00,2011-11-21 13:14:00,0
14483.0,282,2,257.1,19.77692307692308,193,2,2009-12-03 10:16:00,2011-03-03 10:26:00,1
14484.0,50,4,1070.98,20.207169811320757,744,4,2009-12-17 10:57:00,2011-10-20 14:11:00,0
14485.0,39,1,162.8,3.539130434782609,70,1,2011-11-01 12:25:00,2011-11-01 12:25:00,0
14486.0,512,2,175.5,29.25,90,2,2010-06-04 10:30:00,2010-07-16 09:42:00,1
14487.0,27,7,1266.27,7.5373214285714285,761,4,2010-11-25 13:36:00,2011-11-13 12:17:00,0
14488.0,68,1,1064.28,23.136521739130433,799,1,2011-10-03 09:30:00,2011-10-03 09:30:00,0
14489.0,207,4,1574.93,15.7493,1011,4,2010-04-06 09:52:00,2011-05-16 14:51:00,1
14490.0,406,2,1273.47,15.918375000000001,933,1,2010-10-07 11:36:00,2010-10-29 15:04:00,1
14491.0,175,2,340.93,20.05470588235294,139,2,2010-12-02 12:10:00,2011-06-17 15:22:00,0
14492.0,430,7,1921.91,20.890326086956524,751,4,2010-03-30 14:23:00,2010-10-05 13:21:00,1
14493.0,7,10,5087.86,14.331999999999999,3148,7,2010-03-08 08:33:00,2011-12-02 16:14:00,0
14494.0,26,3,401.46,23.615294117647057,210,2,2009-12-08 13:25:00,2011-11-14 09:21:00,0
14495.0,51,3,174.8,24.97142857142857,68,3,2010-02-18 08:49:00,2011-10-20 12:28:00,0
14496.0,312,7,2363.89,22.300849056603774,905,6,2010-03-16 13:15:00,2011-02-01 09:01:00,1
14497.0,309,2,697.0600000000001,17.4265,332,1,2010-02-04 09:59:00,2011-02-03 17:01:00,1
14498.0,43,10,3900.83,10.571355013550136,2120,6,2010-06-07 16:05:00,2011-10-28 12:09:00,0
14499.0,26,7,2101.79,6.758167202572347,1231,5,2010-08-27 11:57:00,2011-11-13 13:01:00,0
14500.0,88,3,356.85,50.978571428571435,117,3,2011-06-03 10:08:00,2011-09-12 16:45:00,0
14501.0,184,2,251.21,25.121000000000002,161,2,2011-01-24 10:43:00,2011-06-09 12:02:00,1
14502.0,20,11,2429.83,3.9964309210526316,1480,7,2011-01-30 15:52:00,2011-11-20 11:50:00,0
14503.0,3,6,3543.26,21.605243902439025,2004,4,2011-06-14 10:00:00,2011-12-06 13:30:00,0
14504.0,47,4,673.26,6.2921495327102805,308,3,2011-03-06 14:38:00,2011-10-23 16:00:00,0
14505.0,17,19,11879.08,7.542273015873016,5325,9,2009-12-09 14:48:00,2011-11-22 15:45:00,0
14506.0,17,7,2960.25,7.437814070351759,936,6,2010-04-19 08:27:00,2011-11-22 13:02:00,0
14507.0,24,11,3216.7400000000002,12.467984496124032,1491,8,2009-12-10 17:04:00,2011-11-16 12:21:00,0
14508.0,22,5,822.92,4.6492655367231635,347,3,2010-06-17 13:02:00,2011-11-17 19:48:00,0
14509.0,534,1,110.95,4.438,38,1,2010-06-23 13:21:00,2010-06-23 13:21:00,1
14510.0,376,3,979.85,13.064666666666668,793,2,2010-09-29 13:35:00,2010-11-29 12:46:00,1
14511.0,11,5,1314.81,19.33544117647059,784,4,2011-07-29 12:13:00,2011-11-28 17:05:00,0
14512.0,188,7,1215.97,15.392025316455696,736,6,2009-12-07 13:49:00,2011-06-05 12:39:00,1
14513.0,101,6,788.01,41.47421052631579,593,4,2010-05-20 17:57:00,2011-08-31 11:25:00,0
14514.0,61,9,4380.04,13.730532915360502,2362,8,2009-12-13 13:21:00,2011-10-09 16:05:00,0
14515.0,18,12,3724.06,21.52635838150289,1893,4,2010-06-07 12:37:00,2011-11-22 11:37:00,0
14516.0,516,1,151.17,4.3191428571428565,63,1,2010-07-11 14:07:00,2010-07-11 14:07:00,1
14517.0,33,2,330.45,18.358333333333334,91,2,2011-07-21 11:42:00,2011-11-06 14:20:00,0
14518.0,64,1,174.37,10.898125,278,1,2011-10-06 14:43:00,2011-10-06 14:43:00,0
14519.0,684,2,203.14,5.34578947368421,81,2,2009-12-11 10:40:00,2010-01-25 11:18:00,1
14520.0,2,2,270.6,67.65,146,2,2011-02-22 09:15:00,2011-12-08 09:46:00,0
14521.0,491,1,199.45000000000002,11.732352941176472,211,1,2010-08-05 16:35:00,2010-08-05 16:35:00,1
14522.0,24,8,1748.42,38.85377777777778,956,7,2010-01-24 13:55:00,2011-11-15 13:24:00,0
14523.0,108,1,241.09,20.090833333333332,251,1,2011-08-23 13:13:00,2011-08-23 13:13:00,0
14524.0,32,13,2909.86,9.036832298136646,1169,7,2010-10-19 11:44:00,2011-11-08 12:29:00,0
14525.0,20,17,8026.54,15.25958174904943,5106,11,2009-12-13 14:01:00,2011-11-20 11:37:00,0
14526.0,389,1,258.65,6.308536585365853,178,1,2010-11-15 13:32:00,2010-11-15 13:32:00,1
14527.0,3,122,27246.88,10.324698749526336,6647,12,2009-12-02 12:06:00,2011-12-07 12:19:00,0
14528.0,37,1,364.21999999999997,20.234444444444442,278,1,2011-11-02 17:09:00,2011-11-02 17:09:00,0
14529.0,60,3,578.61,2.7164788732394367,325,3,2011-08-21 14:10:00,2011-10-10 15:27:00,0
14530.0,26,16,6088.87,12.872875264270613,2989,10,2010-01-21 11:25:00,2011-11-14 10:38:00,0
14531.0,480,1,376.34,12.977241379310344,260,1,2010-08-17 10:16:00,2010-08-17 10:16:00,1
14532.0,236,11,3845.78,12.247707006369428,1111,8,2010-01-10 11:47:00,2011-04-17 13:05:00,1
14533.0,25,11,3466.37,38.947977528089886,6038,7,2010-04-08 12:13:00,2011-11-15 12:05:00,0
14534.0,3,26,6187.66,8.65406993006993,2822,12,2010-03-15 14:16:00,2011-12-07 12:19:00,0
14535.0,60,9,5973.2300000000005,7.240278787878789,3214,9,2010-02-24 15:03:00,2011-10-10 15:39:00,0
14536.0,260,1,170.95,9.497222222222222,39,1,2011-03-25 12:21:00,2011-03-25 12:21:00,1
14537.0,58,2,641.4,27.88695652173913,228,2,2010-03-26 13:44:00,2011-10-13 10:54:00,0
14538.0,65,5,1370.8400000000001,26.362307692307695,284,4,2010-01-25 15:42:00,2011-10-06 10:31:00,0
14539.0,16,2,537.48,16.79625,428,2,2011-10-26 12:03:00,2011-11-24 09:50:00,0
14540.0,10,11,3709.64,14.051666666666666,1595,8,2009-12-07 13:00:00,2011-11-30 10:15:00,0
14541.0,59,14,2491.38,14.236457142857143,1123,8,2010-01-07 11:59:00,2011-10-12 10:08:00,0
14542.0,186,1,103.25,20.65,19,1,2011-06-07 08:19:00,2011-06-07 08:19:00,1
14543.0,29,39,14587.87,68.81070754716981,2639,12,2009-12-01 13:47:00,2011-11-11 12:45:00,0
14544.0,24,3,2938.53,15.714064171122995,2412,3,2010-08-26 16:00:00,2011-11-15 15:06:00,0
14545.0,674,1,349.25,15.184782608695652,236,1,2010-02-03 15:23:00,2010-02-03 15:23:00,1
14546.0,5,11,5184.84,6.563088607594937,2688,8,2009-12-06 13:10:00,2011-12-04 13:00:00,0
14547.0,4,8,3974.75,11.196478873239437,2639,3,2011-10-16 14:35:00,2011-12-06 11:06:00,0
14548.0,151,9,2541.29,23.102636363636364,986,6,2009-12-06 14:00:00,2011-07-12 12:19:00,0
14549.0,311,4,913.6,6.388811188811189,394,4,2009-12-02 14:06:00,2011-02-01 13:47:00,1
14550.0,11,4,1345.06,13.866597938144329,771,3,2010-08-13 12:05:00,2011-11-29 12:12:00,0
14551.0,18,7,878.09,11.115063291139242,486,5,2010-01-27 12:06:00,2011-11-21 13:36:00,0
14552.0,152,3,507.93,3.298246753246753,258,3,2010-04-26 13:44:00,2011-07-11 12:49:00,0
14553.0,19,9,1818.6,6.314583333333333,1118,6,2010-07-18 12:07:00,2011-11-20 13:20:00,0
14554.0,10,4,2279.4900000000002,11.229014778325125,1443,2,2011-10-18 13:04:00,2011-11-29 16:44:00,0
14555.0,57,6,2304.03,19.692564102564106,842,6,2009-12-18 11:39:00,2011-10-13 16:24:00,0
14556.0,596,3,815.69,4.161683673469388,323,3,2010-01-20 11:49:00,2010-04-22 14:57:00,1
14557.0,85,1,788.38,49.27375,510,1,2011-09-15 15:48:00,2011-09-15 15:48:00,0
14558.0,654,3,655.5,43.7,162,3,2009-12-08 10:41:00,2010-02-23 12:51:00,1
14559.0,390,1,75.6,37.8,72,1,2010-11-14 16:05:00,2010-11-14 16:05:00,1
14560.0,7,44,6114.03,30.570149999999998,4580,11,2009-12-02 10:15:00,2011-12-02 15:22:00,0
14561.0,76,3,1080.76,15.6631884057971,1014,2,2011-06-08 13:26:00,2011-09-25 12:39:00,0
14562.0,4,26,6638.150000000001,11.045174708818637,2574,10,2010-02-07 14:10:00,2011-12-06 11:05:00,0
14563.0,510,2,640.54,6.042830188679245,279,2,2010-04-26 12:51:00,2010-07-18 12:01:00,1
14564.0,435,2,2605.62,24.35158878504673,1295,2,2009-12-04 09:27:00,2010-10-01 09:02:00,1
14565.0,96,5,3859.2200000000003,24.120125,1940,4,2010-08-23 09:48:00,2011-09-05 09:07:00,0
14566.0,111,4,4092.0,255.75,2400,3,2010-06-24 10:34:00,2011-08-21 11:05:00,0
14567.0,57,2,1530.3600000000001,46.374545454545455,412,2,2011-08-01 13:48:00,2011-10-14 10:21:00,0
14568.0,435,1,919.7,19.56808510638298,645,1,2010-09-30 17:15:00,2010-09-30 17:15:00,1
14569.0,1,4,597.33,17.568529411764708,257,4,2010-04-15 11:49:00,2011-12-08 14:58:00,0
14570.0,281,3,613.75,9.025735294117647,431,2,2010-09-22 13:07:00,2011-03-04 10:58:00,1
14571.0,425,1,160.0,5.333333333333333,56,1,2010-10-10 15:06:00,2010-10-10 15:06:00,1
14572.0,3,11,5526.88,10.901143984220907,2878,7,2010-03-28 13:47:00,2011-12-06 14:40:00,0
14573.0,180,13,2163.12,6.977806451612903,683,6,2010-01-08 16:34:00,2011-06-13 11:15:00,0
14574.0,733,1,143.70000000000002,13.063636363636364,63,1,2009-12-07 12:42:00,2009-12-07 12:42:00,1
14575.0,488,1,420.22,5.836388888888889,163,1,2010-08-08 14:51:00,2010-08-08 14:51:00,1
14576.0,372,1,35.400000000000006,35.400000000000006,12,1,2010-12-02 17:51:00,2010-12-02 17:51:00,1
14577.0,13,7,1364.15,7.495329670329671,569,5,2009-12-11 12:09:00,2011-11-27 12:47:00,0
14578.0,3,1,168.63,7.02625,240,1,2011-12-06 17:18:00,2011-12-06 17:18:00,0
14579.0,432,1,105.56,4.2224,56,1,2010-10-03 14:36:00,2010-10-03 14:36:00,1
14580.0,518,1,14.85,14.85,3,1,2010-07-09 15:20:00,2010-07-09 15:20:00,1
14581.0,17,2,409.65,6.8275,304,2,2010-06-13 15:48:00,2011-11-23 12:39:00,0
14582.0,41,1,114.11,19.018333333333334,73,1,2011-10-30 11:56:00,2011-10-30 11:56:00,0
14583.0,6,8,1660.29,3.5782112068965515,1071,6,2010-03-28 15:16:00,2011-12-04 12:32:00,0
14584.0,169,8,1738.16,7.973211009174312,960,5,2010-02-17 14:01:00,2011-06-23 18:33:00,0
14585.0,50,5,1143.27,10.29972972972973,630,2,2010-10-19 12:17:00,2011-10-20 14:33:00,0
14586.0,277,1,237.35999999999999,12.492631578947368,444,1,2011-03-08 10:04:00,2011-03-08 10:04:00,1
14587.0,19,9,1580.29,4.259541778975741,749,7,2011-01-12 13:16:00,2011-11-21 11:34:00,0
14588.0,578,1,135.39,8.461875,62,1,2010-05-10 15:08:00,2010-05-10 15:08:00,1
14589.0,372,1,39.75,13.25,5,1,2010-12-03 11:42:00,2010-12-03 11:42:00,1
14590.0,425,20,2993.37,14.818663366336633,901,10,2009-12-07 14:10:00,2010-10-11 12:06:00,1
14591.0,15,4,1320.21,7.501193181818182,1228,2,2011-05-10 14:09:00,2011-11-24 13:57:00,0
14592.0,35,3,557.94,3.5312658227848104,407,2,2011-10-06 18:08:00,2011-11-04 16:35:00,0
14593.0,22,12,3665.53,5.99923076923077,1848,6,2009-12-09 12:57:00,2011-11-18 12:48:00,0
14594.0,7,2,363.33,6.987115384615384,183,1,2010-12-01 13:54:00,2011-12-02 13:28:00,0
14595.0,20,8,2164.45,15.915073529411764,1228,4,2010-01-20 13:59:00,2011-11-20 12:12:00,0
14596.0,627,1,222.22,4.192830188679245,75,1,2010-03-23 12:13:00,2010-03-23 12:13:00,1
14597.0,11,6,2184.63,22.996105263157897,1436,3,2010-09-28 13:17:00,2011-11-28 13:13:00,0
14598.0,44,2,384.03999999999996,4.26711111111111,354,2,2010-05-19 13:07:00,2011-10-26 13:19:00,0
14599.0,390,2,457.89,5.796075949367088,292,2,2010-07-18 15:54:00,2010-11-14 14:49:00,1
14600.0,306,2,865.17,16.021666666666665,487,2,2010-11-11 15:56:00,2011-02-07 09:48:00,1
14601.0,11,1,213.96,30.565714285714286,168,1,2011-11-29 09:48:00,2011-11-29 09:48:00,0
14602.0,656,1,205.35999999999999,6.624516129032258,80,1,2010-02-21 15:47:00,2010-02-21 15:47:00,1
14603.0,275,1,660.0,330.0,400,1,2011-03-10 10:27:00,2011-03-10 10:27:00,1
14604.0,633,1,143.85999999999999,6.254782608695652,88,1,2010-03-16 13:00:00,2010-03-16 13:00:00,1
14605.0,374,4,921.5600000000001,8.532962962962964,416,3,2009-12-08 13:59:00,2010-11-30 14:07:00,1
14606.0,1,192,29951.37,4.710075483566598,15217,12,2009-12-03 12:40:00,2011-12-08 19:28:00,0
14607.0,16,22,23763.13,117.05975369458129,15335,8,2009-12-15 11:25:00,2011-11-24 10:35:00,0
14608.0,4,11,3352.94,77.97534883720931,927,6,2009-12-06 12:34:00,2011-12-05 16:52:00,0
14609.0,72,10,1486.2,114.32307692307693,12720,6,2010-02-09 09:48:00,2011-09-28 12:54:00,0
14610.0,396,2,24.35,2.435,15,2,2010-07-13 16:06:00,2010-11-09 10:58:00,1
14611.0,444,2,604.33,15.90342105263158,582,2,2010-04-20 10:19:00,2010-09-22 09:19:00,1
14612.0,415,1,877.7,62.69285714285714,134,1,2010-10-20 16:01:00,2010-10-20 16:01:00,1
14613.0,680,1,76.32000000000001,76.32000000000001,72,1,2010-01-28 13:02:00,2010-01-28 13:02:00,1
14614.0,386,1,295.13,15.533157894736842,189,1,2010-11-18 13:04:00,2010-11-18 13:04:00,1
14615.0,394,5,951.76,19.828333333333333,495,4,2010-06-09 13:59:00,2010-11-10 13:36:00,1
14616.0,243,5,527.78,105.556,170,5,2010-06-09 09:42:00,2011-04-11 09:54:00,1
14617.0,403,2,190.47,21.163333333333334,81,2,2010-10-20 10:40:00,2010-11-02 11:41:00,1
14618.0,9,7,1342.32,26.32,704,4,2010-06-11 10:11:00,2011-11-30 13:45:00,0
14619.0,246,2,1291.24,21.520666666666667,594,2,2010-06-16 14:41:00,2011-04-08 07:37:00,1
14620.0,206,2,412.78000000000003,15.876153846153848,214,2,2011-03-01 08:30:00,2011-05-18 11:58:00,1
14621.0,1,9,3000.57,18.871509433962267,1706,5,2010-01-25 09:08:00,2011-12-08 16:22:00,0
14622.0,185,1,320.58000000000004,15.265714285714287,146,1,2011-06-08 12:42:00,2011-06-08 12:42:00,1
14623.0,32,10,2016.98,7.152411347517731,1025,6,2010-04-16 17:12:00,2011-11-07 13:56:00,0
14624.0,57,6,814.07,15.962156862745099,645,3,2010-04-14 10:44:00,2011-10-13 13:44:00,0
14625.0,196,11,4497.88,16.90932330827068,2155,7,2009-12-16 13:23:00,2011-05-27 15:32:00,1
14626.0,24,11,5410.92,23.32293103448276,3135,9,2009-12-10 14:57:00,2011-11-16 10:37:00,0
14627.0,379,1,462.75,15.956896551724139,284,1,2010-11-25 16:32:00,2010-11-25 16:32:00,1
14628.0,91,5,1998.0,23.232558139534884,1147,4,2010-01-25 14:40:00,2011-09-09 14:58:00,0
14629.0,4,2,955.26,6.3684,378,2,2011-10-23 16:13:00,2011-12-05 16:55:00,0
14630.0,484,1,338.65,16.126190476190477,111,1,2010-08-12 16:38:00,2010-08-12 16:38:00,1
14631.0,51,6,2025.69,22.26032967032967,1407,5,2010-08-09 14:45:00,2011-10-20 11:17:00,0
14632.0,263,1,114.56,14.32,96,1,2011-03-22 08:49:00,2011-03-22 08:49:00,1
14633.0,266,1,344.90000000000003,17.245,96,1,2011-03-18 17:07:00,2011-03-18 17:07:00,1
14634.0,438,4,2124.46,19.49045871559633,1906,3,2010-06-16 09:48:00,2010-09-28 10:40:00,1
14635.0,454,1,215.22,14.348,118,1,2010-09-12 10:47:00,2010-09-12 10:47:00,1
14636.0,36,2,609.85,21.780357142857145,241,2,2011-03-16 09:52:00,2011-11-03 16:12:00,0
14637.0,677,1,106.68,15.24,100,1,2010-01-31 15:52:00,2010-01-31 15:52:00,1
14638.0,51,1,443.6,27.725,166,1,2011-10-20 10:10:00,2011-10-20 10:10:00,0
14639.0,52,9,4978.96,17.05123287671233,2410,5,2010-02-16 12:35:00,2011-10-18 15:06:00,0
14640.0,24,10,3649.36,17.97714285714286,1645,8,2010-01-22 15:44:00,2011-11-15 13:07:00,0
14641.0,22,1,110.46000000000001,15.780000000000001,90,1,2011-11-18 10:42:00,2011-11-18 10:42:00,0
14642.0,59,1,96.12,48.06,76,1,2011-10-12 11:08:00,2011-10-12 11:08:00,0
14643.0,170,5,1679.89,27.095000000000002,1377,4,2009-12-11 11:52:00,2011-06-22 14:41:00,0
14644.0,68,7,2247.72,36.25354838709677,770,4,2009-12-03 16:24:00,2011-10-03 08:30:00,0
14645.0,157,3,876.89,18.268541666666668,587,2,2010-03-15 11:33:00,2011-07-06 09:15:00,0
14646.0,2,151,528602.52,137.33502727981295,367193,12,2009-12-02 16:52:00,2011-12-08 12:12:00,0
14647.0,201,2,506.04,10.5425,175,2,2010-07-04 13:27:00,2011-05-22 13:40:00,1
14648.0,416,15,4466.65,10.363457076566124,3265,9,2009-12-10 13:59:00,2010-10-19 13:12:00,1
14649.0,5,9,3651.19,6.928254269449716,2415,6,2010-01-20 13:10:00,2011-12-05 12:30:00,0
14650.0,589,1,62.5,15.625,22,1,2010-04-29 20:27:00,2010-04-29 20:27:00,1
14651.0,67,9,2025.52,7.157314487632509,880,6,2010-03-18 11:39:00,2011-10-03 15:52:00,0
14652.0,77,1,114.18,3.937241379310345,53,1,2011-09-23 14:21:00,2011-09-23 14:21:00,0
14653.0,1,12,3593.06,9.405916230366492,1969,6,2009-12-02 11:51:00,2011-12-08 13:45:00,0
14654.0,738,1,246.86,9.142962962962963,273,1,2009-12-01 12:57:00,2009-12-01 12:57:00,1
14655.0,8,7,3878.51,37.655436893203884,2341,6,2010-04-22 14:29:00,2011-12-01 16:28:00,0
14656.0,169,5,790.0,3.816425120772947,309,5,2010-04-15 12:10:00,2011-06-23 13:51:00,0
14657.0,18,6,1450.19,6.938708133971292,879,6,2010-09-30 19:57:00,2011-11-22 12:47:00,0
14658.0,5,2,247.15,8.522413793103448,47,2,2011-08-14 15:42:00,2011-12-04 15:35:00,0
14659.0,9,9,2529.93,9.999723320158102,1195,9,2011-01-28 12:43:00,2011-12-01 12:17:00,0
14660.0,87,2,285.74,9.524666666666667,228,2,2011-08-31 10:40:00,2011-09-14 11:34:00,0
14661.0,27,1,107.95,26.9875,35,1,2011-11-13 11:51:00,2011-11-13 11:51:00,0
14662.0,29,7,1376.43,5.783319327731093,907,6,2009-12-03 16:47:00,2011-11-11 12:13:00,0
14663.0,430,2,490.6,7.214705882352941,397,1,2010-10-05 13:12:00,2010-10-05 13:21:00,1
14664.0,20,2,636.24,6.492244897959184,465,1,2011-11-06 14:56:00,2011-11-20 10:59:00,0
14665.0,61,7,2749.65,20.83068181818182,1144,4,2010-04-26 11:17:00,2011-10-10 09:14:00,0
14666.0,24,1,195.25,13.946428571428571,161,1,2011-11-15 12:57:00,2011-11-15 12:57:00,0
14667.0,11,54,20395.34,16.05932283464567,11939,12,2009-12-02 12:38:00,2011-11-29 11:30:00,0
14668.0,445,1,111.63,9.3025,49,1,2010-09-20 15:03:00,2010-09-20 15:03:00,1
14669.0,242,7,3216.78,8.312093023255814,2043,5,2009-12-02 13:06:00,2011-04-12 11:43:00,1
14670.0,280,3,583.33,3.2588268156424585,423,2,2009-12-07 13:59:00,2011-03-04 14:13:00,1
14671.0,549,2,1127.45,20.49909090909091,571,2,2010-05-20 18:21:00,2010-06-08 13:39:00,1
14672.0,235,4,1113.14,10.501320754716982,646,3,2010-01-28 11:33:00,2011-04-19 10:19:00,1
14673.0,3,7,3037.32,20.522432432432435,1822,3,2010-10-26 10:14:00,2011-12-06 14:31:00,0
14674.0,509,1,173.66,12.404285714285715,103,1,2010-07-18 14:25:00,2010-07-18 14:25:00,1
14675.0,16,2,1015.58,4.595384615384615,660,1,2010-11-16 12:22:00,2011-11-23 12:58:00,0
14676.0,31,12,8356.79,62.833007518797,8792,6,2010-03-10 09:30:00,2011-11-08 13:29:00,0
14677.0,593,1,184.91,13.207857142857142,139,1,2010-04-26 09:48:00,2010-04-26 09:48:00,1
14678.0,579,1,403.39,16.807916666666667,179,1,2010-05-09 14:32:00,2010-05-09 14:32:00,1
14679.0,382,3,1289.44,20.467301587301588,794,3,2009-12-08 17:13:00,2010-11-23 11:51:00,1
14680.0,25,58,55688.5,43.71153846153846,26894,12,2009-12-04 12:36:00,2011-11-14 16:59:00,0
14681.0,71,6,875.1500000000001,43.75750000000001,172,5,2010-02-24 08:54:00,2011-09-29 15:52:00,0
14682.0,188,6,1514.81,17.61406976744186,949,5,2010-02-05 14:47:00,2011-06-05 12:12:00,1
14683.0,588,1,146.56,6.979047619047619,386,1,2010-04-30 17:18:00,2010-04-30 17:18:00,1
14684.0,26,6,1430.03,2.942448559670782,1005,5,2010-11-14 14:07:00,2011-11-14 11:33:00,0
14685.0,576,8,4536.64,24.26010695187166,1969,5,2009-12-13 11:32:00,2010-05-12 13:08:00,1
14686.0,414,5,852.53,3.8928310502283106,457,2,2010-02-18 18:29:00,2010-10-21 18:31:00,1
14687.0,107,3,1402.06,35.0515,850,3,2010-06-06 10:36:00,2011-08-25 11:59:00,0
14688.0,8,28,7190.42,14.704335378323108,5041,12,2010-09-09 12:35:00,2011-12-02 12:26:00,0
14689.0,209,1,112.80000000000001,8.676923076923078,76,1,2011-05-15 11:22:00,2011-05-15 11:22:00,1
14690.0,44,4,777.6800000000001,7.550291262135923,341,3,2010-10-25 12:20:00,2011-10-26 15:39:00,0
14691.0,31,5,2114.33,29.779295774647885,707,3,2011-05-11 09:55:00,2011-11-09 12:30:00,0
14692.0,137,12,1715.14,10.787044025157233,890,8,2010-04-01 14:04:00,2011-07-25 15:08:00,0
14693.0,265,7,1165.3600000000001,15.538133333333334,388,5,2010-07-02 08:28:00,2011-03-20 12:50:00,1
14694.0,617,1,244.31,16.287333333333333,193,1,2010-04-01 19:46:00,2010-04-01 19:46:00,1
14695.0,519,3,1534.22,18.71,661,2,2009-12-07 11:05:00,2010-07-08 14:18:00,1
14696.0,4,8,2473.28,16.060259740259742,1867,7,2010-10-14 11:43:00,2011-12-05 13:43:00,0
14697.0,218,2,188.61,8.57318181818182,181,1,2011-05-05 15:29:00,2011-05-05 15:39:00,1
14698.0,2,5,1217.27,6.0863499999999995,602,3,2011-10-19 12:54:00,2011-12-08 12:26:00,0
14699.0,214,4,702.6,14.052,484,4,2010-07-02 12:04:00,2011-05-09 14:54:00,1
14700.0,32,5,3076.06,18.419520958083833,1606,5,2010-08-11 12:19:00,2011-11-07 14:40:00,0
14701.0,11,15,4487.11,7.5413613445378145,1744,8,2010-01-24 12:15:00,2011-11-29 12:38:00,0
14702.0,1,29,6368.78,9.379646539027982,2878,11,2009-12-10 20:22:00,2011-12-08 19:29:00,0
14703.0,15,1,318.17,14.462272727272728,183,1,2011-11-25 09:23:00,2011-11-25 09:23:00,0
14704.0,11,11,1752.92,3.8525714285714288,1164,6,2010-03-25 17:21:00,2011-11-28 12:51:00,0
14705.0,199,1,179.0,179.0,100,1,2011-05-25 12:39:00,2011-05-25 12:39:00,1
14706.0,619,1,367.54,14.701600000000001,246,1,2010-03-31 11:09:00,2010-03-31 11:09:00,1
14707.0,436,2,139.2,69.6,96,2,2010-05-12 11:07:00,2010-09-30 11:37:00,1
14708.0,3,5,1793.22,43.737073170731705,1159,4,2010-09-10 10:26:00,2011-12-07 08:21:00,0
14709.0,15,25,8886.33,24.891680672268908,4141,12,2009-12-05 15:26:00,2011-11-24 15:41:00,0
14710.0,14,13,1899.79,4.397662037037037,1135,8,2009-12-03 17:12:00,2011-11-25 14:53:00,0
14711.0,10,11,2839.62,8.230782608695652,966,7,2011-03-22 13:32:00,2011-11-29 14:58:00,0
14712.0,29,4,1328.0700000000002,41.502187500000005,411,4,2010-10-17 14:49:00,2011-11-10 12:59:00,0
14713.0,9,21,5115.76,7.567692307692308,3329,10,2009-12-03 19:22:00,2011-11-30 16:26:00,0
14714.0,24,4,906.24,9.744516129032258,642,4,2010-01-21 11:51:00,2011-11-15 13:07:00,0
14715.0,25,8,1825.45,13.324452554744527,1030,6,2010-01-19 12:18:00,2011-11-15 12:10:00,0
14716.0,43,3,543.28,5.659166666666667,643,3,2010-09-21 12:07:00,2011-10-27 17:29:00,0
14717.0,733,1,81.3,7.390909090909091,32,1,2009-12-06 13:05:00,2009-12-06 13:05:00,1
14718.0,410,1,226.42,20.583636363636362,202,1,2010-10-25 13:07:00,2010-10-25 13:07:00,1
14719.0,2,5,1581.84,6.731234042553191,1025,5,2011-04-04 14:17:00,2011-12-08 12:43:00,0
14720.0,6,3,663.81,17.94081081081081,219,3,2011-08-05 12:06:00,2011-12-04 12:02:00,0
14721.0,379,1,109.07,4.3628,57,1,2010-11-25 13:08:00,2010-11-25 13:08:00,1
14722.0,147,3,489.52,5.626666666666666,214,2,2010-08-10 13:28:00,2011-07-15 14:58:00,0
14723.0,10,11,1803.06,4.334278846153846,1168,5,2009-12-04 11:22:00,2011-11-29 15:23:00,0
14724.0,590,1,341.9,8.339024390243901,184,1,2010-04-28 13:26:00,2010-04-28 13:26:00,1
14725.0,25,4,1252.74,12.5274,1335,2,2010-06-23 11:34:00,2011-11-15 12:42:00,0
14726.0,655,1,116.5,7.766666666666667,82,1,2010-02-23 12:35:00,2010-02-23 12:35:00,1
14727.0,274,3,463.73,10.08108695652174,458,2,2010-06-11 13:23:00,2011-03-10 14:45:00,1
14728.0,413,1,190.58,13.612857142857143,68,1,2010-10-22 15:57:00,2010-10-22 15:57:00,1
14729.0,374,3,586.24,4.441212121212121,372,2,2010-03-24 13:30:00,2010-12-01 12:43:00,1
14730.0,1,8,1897.57,4.107294372294372,1078,6,2011-03-08 12:49:00,2011-12-08 14:39:00,0
14731.0,47,3,380.02,8.444888888888888,256,2,2011-05-11 13:06:00,2011-10-23 15:54:00,0
14732.0,8,19,5517.07,19.9172202166065,2273,10,2009-12-09 10:48:00,2011-12-01 14:34:00,0
14733.0,16,15,14335.15,44.937774294670845,5799,9,2010-11-02 15:42:00,2011-11-23 15:39:00,0
14734.0,426,4,1056.42,16.76857142857143,378,4,2010-06-06 15:15:00,2010-10-10 12:04:00,1
14735.0,4,56,12240.16,33.44306010928962,4513,12,2009-12-04 11:32:00,2011-12-06 12:09:00,0
14736.0,485,2,374.05,4.250568181818182,148,1,2010-08-11 15:13:00,2010-08-11 15:21:00,1
14737.0,4,4,3554.17,78.98155555555556,1071,3,2010-11-04 11:29:00,2011-12-06 10:16:00,0
14738.0,43,9,1821.9,22.77375,757,6,2009-12-07 10:21:00,2011-10-28 08:56:00,0
14739.0,4,25,11573.62,47.432868852459016,9696,12,2009-12-02 13:23:00,2011-12-05 16:54:00,0
14740.0,197,11,4161.06,18.013246753246754,2081,7,2010-02-25 11:40:00,2011-05-26 18:17:00,1
14741.0,12,7,1713.0900000000001,22.540657894736842,1006,5,2010-10-18 09:33:00,2011-11-28 08:48:00,0
14742.0,435,1,579.85,17.054411764705883,374,1,2010-09-30 14:07:00,2010-09-30 14:07:00,1
14743.0,593,1,50.480000000000004,16.826666666666668,40,1,2010-04-26 10:26:00,2010-04-26 10:26:00,1
14744.0,16,14,3660.08,31.017627118644068,2399,6,2010-05-18 14:06:00,2011-11-23 12:51:00,0
14745.0,113,12,2551.41,18.22435714285714,1969,6,2010-03-12 10:33:00,2011-08-19 10:05:00,0
14746.0,406,4,593.5,65.94444444444444,398,1,2010-10-12 11:06:00,2010-10-29 14:44:00,1
14747.0,249,1,328.2,18.233333333333334,84,1,2011-04-04 14:09:00,2011-04-04 14:09:00,1
14748.0,29,10,2681.9,16.867295597484276,2422,8,2010-03-04 17:08:00,2011-11-10 18:33:00,0
14749.0,480,1,310.15,17.230555555555554,403,1,2010-08-17 12:36:00,2010-08-17 12:36:00,1
14750.0,736,1,112.03,3.5009375,65,1,2009-12-03 17:57:00,2009-12-03 17:57:00,1
14751.0,684,2,126.45,18.064285714285713,65,2,2009-12-13 14:08:00,2010-01-24 13:37:00,1
14752.0,44,1,389.64000000000004,77.92800000000001,260,1,2011-10-27 11:55:00,2011-10-27 11:55:00,0
14753.0,87,2,869.51,18.114791666666665,412,1,2010-09-05 11:04:00,2011-09-13 14:50:00,0
14754.0,45,6,1547.93,11.381838235294119,1010,5,2010-01-18 11:04:00,2011-10-26 12:01:00,0
14755.0,10,25,9972.550000000001,20.99484210526316,4401,12,2009-12-03 16:51:00,2011-11-30 11:24:00,0
14756.0,15,3,2653.76,22.300504201680674,1423,2,2010-10-11 11:50:00,2011-11-24 18:13:00,0
14757.0,75,1,420.5,22.13157894736842,160,1,2011-09-25 14:36:00,2011-09-25 14:36:00,0
14758.0,145,7,2864.9700000000003,21.06595588235294,840,5,2010-04-08 08:27:00,2011-07-18 08:21:00,0
14759.0,5,3,1625.97,15.940882352941177,569,3,2011-04-21 10:55:00,2011-12-05 12:03:00,0
14760.0,297,1,89.2,17.84,40,1,2011-02-15 16:27:00,2011-02-15 16:27:00,1
14761.0,59,3,447.92,18.663333333333334,206,3,2010-09-21 14:22:00,2011-10-12 12:10:00,0
14762.0,264,2,417.57,13.919,428,1,2010-03-23 15:36:00,2011-03-21 08:20:00,1
14764.0,47,1,278.3,46.38333333333333,190,1,2011-10-24 11:54:00,2011-10-24 11:54:00,0
14765.0,29,3,254.11,6.515641025641026,135,3,2011-06-16 19:49:00,2011-11-10 19:53:00,0
14766.0,8,11,6375.7300000000005,19.089011976047907,3999,9,2010-06-06 11:11:00,2011-12-01 16:05:00,0
14767.0,474,1,382.81,21.267222222222223,117,1,2010-08-22 14:54:00,2010-08-22 14:54:00,1
14768.0,17,2,192.60000000000002,38.52,52,2,2011-08-04 13:25:00,2011-11-22 12:54:00,0
14769.0,3,17,15514.11,11.09736051502146,11058,10,2009-12-16 09:17:00,2011-12-07 10:24:00,0
14770.0,232,8,3637.6400000000003,18.46517766497462,1598,6,2010-02-25 18:58:00,2011-04-21 14:21:00,1
14771.0,621,2,594.62,12.651489361702128,622,2,2009-12-03 09:44:00,2010-03-28 12:52:00,1
14772.0,112,1,139.26,15.473333333333333,82,1,2011-08-19 15:04:00,2011-08-19 15:04:00,0
14773.0,593,1,140.55,14.055000000000001,53,1,2010-04-26 10:29:00,2010-04-26 10:29:00,1
14774.0,529,1,241.45000000000002,18.573076923076925,99,1,2010-06-29 12:26:00,2010-06-29 12:26:00,1
14775.0,58,3,1011.9,16.865,1174,3,2010-12-02 16:38:00,2011-10-12 15:27:00,0
14776.0,51,15,3708.2999999999997,19.51736842105263,4658,9,2010-09-19 14:12:00,2011-10-19 15:34:00,0
14777.0,404,1,307.56,19.2225,212,1,2010-11-01 12:50:00,2010-11-01 12:50:00,1
14778.0,127,2,730.86,20.881714285714285,306,2,2011-02-04 11:43:00,2011-08-04 15:23:00,0
14779.0,281,3,386.15,9.418292682926829,84,2,2011-01-20 12:04:00,2011-03-04 12:42:00,1
14780.0,55,2,447.68,16.58074074074074,310,2,2011-09-21 15:15:00,2011-10-16 12:46:00,0
14782.0,320,1,200.10000000000002,33.35,114,1,2011-01-24 11:12:00,2011-01-24 11:12:00,1
14783.0,659,1,307.3,18.076470588235296,262,1,2010-02-18 16:16:00,2010-02-18 16:16:00,1
14784.0,26,3,449.93,16.664074074074076,363,2,2010-11-15 09:49:00,2011-11-13 13:30:00,0
14785.0,10,2,77.4,25.8,84,1,2011-11-24 13:40:00,2011-11-29 13:21:00,0
14786.0,550,1,90.96,12.994285714285713,112,1,2010-06-07 13:42:00,2010-06-07 13:42:00,1
14787.0,471,1,110.65,7.376666666666667,59,1,2010-08-25 14:38:00,2010-08-25 14:38:00,1
14788.0,7,3,1156.32,19.93655172413793,719,3,2010-04-22 18:16:00,2011-12-02 17:06:00,0
14789.0,29,1,197.64,32.94,116,1,2011-11-11 08:59:00,2011-11-11 08:59:00,0
14790.0,17,10,2526.62,17.42496551724138,2642,7,2009-12-11 14:37:00,2011-11-23 09:28:00,0
14791.0,607,1,303.63,15.980526315789474,127,1,2010-04-12 10:24:00,2010-04-12 10:24:00,1
14792.0,64,1,6.2,3.1,2,1,2011-10-07 09:19:00,2011-10-07 09:19:00,0
14793.0,21,2,625.9,16.048717948717947,361,2,2010-06-22 16:54:00,2011-11-18 14:50:00,0
14794.0,3,10,1953.9,18.7875,783,7,2010-08-09 15:44:00,2011-12-07 10:11:00,0
14795.0,166,1,131.45000000000002,21.908333333333335,17,1,2011-06-26 13:04:00,2011-06-26 13:04:00,0
14796.0,1,27,10169.33,6.811339584728734,7188,12,2009-12-14 15:06:00,2011-12-08 15:31:00,0
14797.0,507,1,300.31,18.769375,99,1,2010-07-20 14:07:00,2010-07-20 14:07:00,1
14798.0,53,8,724.31,14.781836734693876,601,7,2010-03-01 08:38:00,2011-10-18 10:58:00,0
14799.0,51,2,338.15000000000003,14.70217391304348,495,2,2009-12-02 11:18:00,2011-10-19 16:16:00,0
14800.0,48,17,7191.33,11.98555,6501,10,2010-09-30 14:38:00,2011-10-23 12:46:00,0
14801.0,61,1,189.34,3.3217543859649123,173,1,2011-10-09 15:24:00,2011-10-09 15:24:00,0
14802.0,438,2,1502.98,751.49,2,1,2010-09-27 16:32:00,2010-09-27 16:34:00,1
14803.0,162,3,845.5500000000001,19.217045454545456,370,3,2011-02-20 13:21:00,2011-06-30 13:58:00,0
14804.0,9,1,353.27,29.439166666666665,121,1,2011-12-01 11:20:00,2011-12-01 11:20:00,0
14805.0,15,7,1082.55,8.524015748031495,416,5,2010-03-28 12:34:00,2011-11-24 16:20:00,0
14806.0,75,2,303.43,15.1715,423,1,2010-09-26 15:50:00,2011-09-25 15:32:00,0
14807.0,391,2,504.14,13.266842105263157,234,2,2010-02-28 11:33:00,2010-11-14 12:47:00,1
14808.0,40,8,2718.6,11.768831168831168,2120,4,2011-06-20 12:53:00,2011-10-31 12:21:00,0
14809.0,621,2,686.76,38.153333333333336,232,1,2010-03-28 15:42:00,2010-03-28 15:44:00,1
14810.0,41,13,2354.03,7.820697674418605,1162,9,2010-10-06 13:12:00,2011-10-30 11:19:00,0
14811.0,387,1,170.5,6.089285714285714,74,1,2010-11-17 13:09:00,2010-11-17 13:09:00,1
14812.0,599,1,178.85,4.968055555555555,135,1,2010-04-20 12:13:00,2010-04-20 12:13:00,1
14813.0,370,4,888.91,6.4413768115942025,392,3,2010-04-08 11:49:00,2010-12-05 11:57:00,1
14814.0,581,1,154.21,5.140333333333333,93,1,2010-05-07 14:10:00,2010-05-07 14:10:00,1
14815.0,37,2,778.5,14.68867924528302,744,2,2011-10-03 11:36:00,2011-11-03 11:36:00,0
14816.0,197,1,271.85,67.9625,5,1,2011-05-26 13:16:00,2011-05-26 13:16:00,1
14817.0,200,7,3959.86,17.216782608695652,2462,6,2010-03-22 12:10:00,2011-05-23 13:35:00,1
14818.0,74,6,1153.56,11.091923076923077,543,4,2010-03-02 12:48:00,2011-09-27 11:01:00,0
14819.0,64,4,456.41,8.452037037037037,170,4,2009-12-21 15:54:00,2011-10-06 13:41:00,0
14820.0,21,9,1274.76,19.918125,724,6,2010-01-31 12:49:00,2011-11-18 15:41:00,0
14821.0,367,7,1230.15,17.82826086956522,459,4,2010-02-01 13:33:00,2010-12-08 08:43:00,1
14822.0,485,1,157.7,17.522222222222222,94,1,2010-08-11 12:52:00,2010-08-11 12:52:00,1
14823.0,180,3,321.43,4.591857142857143,88,2,2011-05-29 12:48:00,2011-06-12 13:12:00,0
14824.0,10,10,4022.9100000000003,25.461455696202535,1954,6,2010-03-12 13:07:00,2011-11-29 14:20:00,0
14825.0,4,24,4735.08,15.83638795986622,2774,11,2010-04-06 14:14:00,2011-12-06 11:38:00,0
14826.0,582,2,385.2,38.519999999999996,152,2,2010-01-13 13:08:00,2010-05-07 09:00:00,1
14828.0,197,13,9839.460000000001,97.42039603960397,9718,8,2009-12-07 11:19:00,2011-05-27 10:16:00,1
14829.0,29,7,1455.8700000000001,15.998571428571429,957,4,2010-09-29 13:14:00,2011-11-10 16:16:00,0
14830.0,53,1,188.88,4.843076923076923,164,1,2011-10-17 14:29:00,2011-10-17 14:29:00,0
14831.0,680,3,1676.57,20.445975609756097,885,2,2009-12-02 09:21:00,2010-01-28 14:31:00,1
14832.0,630,1,322.69,322.69,1,1,2010-03-19 15:14:00,2010-03-19 15:14:00,1
14833.0,499,1,94.8,13.542857142857143,58,1,2010-07-29 10:06:00,2010-07-29 10:06:00,1
14834.0,18,7,2206.16,25.35816091954023,872,5,2010-10-28 17:37:00,2011-11-22 10:30:00,0
14835.0,529,2,297.0,148.5,180,2,2010-04-01 19:34:00,2010-06-29 10:08:00,1
14836.0,10,3,102.45,17.075,45,1,2011-11-09 13:26:00,2011-11-29 16:45:00,0
14837.0,90,9,3460.32,16.556555023923444,3030,6,2010-01-24 10:20:00,2011-09-11 10:58:00,0
14838.0,423,2,769.9200000000001,10.998857142857144,361,2,2009-12-03 09:52:00,2010-10-12 15:46:00,1
14839.0,418,3,915.28,12.368648648648648,927,3,2010-01-04 16:29:00,2010-10-17 13:01:00,1
14840.0,268,2,362.71000000000004,16.486818181818183,179,2,2010-06-18 15:42:00,2011-03-17 12:00:00,1
14841.0,53,14,7163.0,23.876666666666665,4164,7,2009-12-02 16:49:00,2011-10-17 15:03:00,0
14842.0,44,4,2824.69,19.480620689655172,1166,4,2011-02-04 15:32:00,2011-10-27 12:37:00,0
14843.0,437,1,211.8,23.533333333333335,132,1,2010-09-29 12:39:00,2010-09-29 12:39:00,1
14844.0,64,10,6702.43,24.19649819494585,4369,5,2010-04-12 12:50:00,2011-10-07 10:41:00,0
14845.0,600,1,150.0,150.0,600,1,2010-04-19 10:19:00,2010-04-19 10:19:00,1
14846.0,427,1,437.4,36.449999999999996,193,1,2010-10-08 17:07:00,2010-10-08 17:07:00,1
14847.0,149,3,1348.95,21.75725806451613,533,3,2010-05-24 12:29:00,2011-07-14 10:52:00,0
14848.0,405,1,310.56,28.232727272727274,260,1,2010-10-31 12:22:00,2010-10-31 12:22:00,1
14849.0,22,43,15407.61,20.877520325203253,11838,12,2010-01-10 11:40:00,2011-11-18 10:58:00,0
14850.0,312,7,1770.96,9.081846153846154,1393,3,2010-05-20 13:28:00,2011-02-01 11:21:00,1
14851.0,23,3,829.41,19.747857142857143,631,2,2010-03-19 11:52:00,2011-11-16 14:20:00,0
14852.0,58,18,6132.43,19.846051779935276,4366,7,2010-03-05 14:51:00,2011-10-12 13:20:00,0
14853.0,24,5,1376.87,44.41516129032258,345,5,2010-04-13 09:26:00,2011-11-15 16:56:00,0
14854.0,78,11,4303.06,20.107757009345796,2987,8,2010-01-22 09:48:00,2011-09-22 17:00:00,0
14855.0,119,7,6520.3,31.499033816425122,3510,3,2010-04-08 10:30:00,2011-08-12 14:02:00,0
14856.0,36,3,1290.53,19.854307692307692,711,2,2011-10-14 09:35:00,2011-11-03 14:53:00,0
14857.0,60,7,3651.851,17.144840375586856,2081,5,2010-03-15 11:00:00,2011-10-11 09:23:00,0
14858.0,506,1,180.75,16.431818181818183,105,1,2010-07-22 10:51:00,2010-07-22 10:51:00,1
14859.0,13,5,1705.64,25.843030303030304,888,4,2010-06-03 10:26:00,2011-11-27 11:18:00,0
14860.0,19,1,170.32,15.483636363636363,232,1,2011-11-20 14:17:00,2011-11-20 14:17:00,0
14861.0,52,10,1380.73,16.055,1076,7,2009-12-08 12:12:00,2011-10-18 12:54:00,0
14862.0,26,2,841.2,17.525000000000002,772,2,2011-07-14 11:20:00,2011-11-14 10:01:00,0
14863.0,29,1,266.76,24.25090909090909,132,1,2011-11-10 15:04:00,2011-11-10 15:04:00,0
14865.0,7,4,92.52,15.42,204,2,2009-12-01 16:05:00,2011-12-02 16:25:00,0
14866.0,11,19,20746.54,152.54808823529413,9089,6,2010-08-26 11:54:00,2011-11-29 11:45:00,0
14867.0,186,16,2952.06,21.547883211678833,996,8,2009-12-05 15:47:00,2011-06-07 11:39:00,1
14868.0,3,12,4184.01,19.829431279620856,2230,7,2010-10-15 14:52:00,2011-12-06 14:49:00,0
14869.0,9,6,2778.14,11.385819672131147,2130,4,2009-12-16 11:43:00,2011-12-01 12:36:00,0
14870.0,262,6,1838.95,28.29153846153846,483,4,2010-01-25 09:05:00,2011-03-23 10:51:00,1
14871.0,3,9,1228.17,6.330773195876289,446,4,2009-12-01 11:57:00,2011-12-06 13:42:00,0
14872.0,484,3,816.6,18.990697674418605,662,3,2010-03-16 14:41:00,2010-08-13 12:34:00,1
14873.0,210,2,854.13,17.43122448979592,311,2,2010-03-16 10:51:00,2011-05-13 13:52:00,1
14874.0,535,1,116.18,19.363333333333333,148,1,2010-06-22 14:58:00,2010-06-22 14:58:00,1
14875.0,108,3,2862.4,32.16179775280899,1332,3,2010-09-24 10:28:00,2011-08-24 12:20:00,0
14876.0,521,2,256.7,19.746153846153845,162,2,2010-05-27 13:49:00,2010-07-06 14:57:00,1
14877.0,418,2,425.85,6.7595238095238095,168,2,2010-03-07 12:25:00,2010-10-17 13:09:00,1
14878.0,13,25,4076.5,11.047425474254743,2416,11,2010-02-21 11:14:00,2011-11-27 11:15:00,0
14879.0,685,1,185.06,6.854074074074074,104,1,2010-01-24 11:35:00,2010-01-24 11:35:00,1
14880.0,77,3,690.59,15.012826086956522,365,3,2011-02-24 12:27:00,2011-09-23 13:42:00,0
14881.0,20,1,255.4,15.023529411764706,316,1,2011-11-20 11:06:00,2011-11-20 11:06:00,0
14882.0,27,14,3546.65,54.56384615384616,1614,5,2010-03-30 15:02:00,2011-11-13 12:47:00,0
14883.0,19,6,761.59,14.369622641509434,790,5,2011-05-12 09:49:00,2011-11-21 10:23:00,0
14884.0,669,1,120.6,15.075,72,1,2010-02-08 12:56:00,2010-02-08 12:56:00,1
14885.0,132,3,1598.12,51.552258064516124,1308,3,2010-08-31 10:11:00,2011-07-31 12:05:00,0
14886.0,253,1,364.8,20.266666666666666,160,1,2011-04-01 08:56:00,2011-04-01 08:56:00,1
14887.0,79,1,1862.0,310.3333333333333,1100,1,2011-09-21 15:32:00,2011-09-21 15:32:00,0
14888.0,207,1,369.2,18.46,184,1,2011-05-16 14:58:00,2011-05-16 14:58:00,1
14889.0,336,1,135.9,13.59,90,1,2011-01-07 15:19:00,2011-01-07 15:19:00,1
14890.0,254,3,817.25,14.337719298245615,636,2,2010-02-18 09:00:00,2011-03-31 11:57:00,1
14891.0,148,4,1106.73,17.56714285714286,788,4,2010-09-29 12:41:00,2011-07-14 18:08:00,0
14892.0,691,1,202.35000000000002,15.565384615384618,79,1,2010-01-18 08:58:00,2010-01-18 08:58:00,1
14893.0,10,3,1809.6100000000001,17.07179245283019,1047,2,2010-04-01 09:03:00,2011-11-30 12:31:00,0
14894.0,85,3,1492.81,32.45239130434783,603,2,2009-12-02 10:42:00,2011-09-15 13:51:00,0
14895.0,8,38,25119.54,27.910600000000002,10714,11,2009-12-10 14:22:00,2011-12-02 09:23:00,0
14896.0,205,8,1826.0,7.217391304347826,931,5,2009-12-06 12:42:00,2011-05-19 10:20:00,1
14897.0,8,8,3140.54,24.728661417322833,1162,5,2009-12-15 17:05:00,2011-12-02 10:32:00,0
14898.0,23,14,3365.95,11.566838487972507,2207,7,2009-12-03 16:40:00,2011-11-16 14:54:00,0
14899.0,395,1,1331.38,10.32077519379845,570,1,2010-11-09 15:20:00,2010-11-09 15:20:00,1
14900.0,522,1,13.919999999999998,13.919999999999998,48,1,2010-07-05 15:09:00,2010-07-05 15:09:00,1
14901.0,11,12,1919.0,14.32089552238806,880,6,2010-07-29 11:11:00,2011-11-28 17:09:00,0
14902.0,26,3,1035.6200000000001,17.552881355932204,716,2,2010-06-04 12:35:00,2011-11-14 10:34:00,0
14903.0,21,5,2795.33,7.986657142857142,1531,5,2011-03-06 11:50:00,2011-11-18 16:07:00,0
14904.0,2,4,1630.49,11.563758865248227,2522,3,2010-10-08 12:48:00,2011-12-07 12:55:00,0
14905.0,158,8,1971.39,25.27423076923077,1009,6,2009-12-03 14:36:00,2011-07-05 12:41:00,0
14906.0,445,1,68.44,68.44,1,1,2010-09-20 16:30:00,2010-09-20 16:30:00,1
14907.0,3,16,5547.72,20.70044776119403,2583,6,2010-04-16 13:40:00,2011-12-06 14:14:00,0
14908.0,74,2,381.9,27.27857142857143,182,1,2010-09-02 16:39:00,2011-09-26 12:56:00,0
14909.0,437,3,1404.68,17.558500000000002,888,3,2010-02-14 15:47:00,2010-09-28 16:56:00,1
14910.0,3,4,434.35,14.478333333333333,238,3,2011-10-16 11:06:00,2011-12-07 10:06:00,0
14911.0,1,398,291420.81,26.308640426108152,147972,12,2009-12-01 11:41:00,2011-12-08 15:54:00,0
14912.0,17,6,1889.25,29.988095238095237,1819,3,2010-01-26 16:29:00,2011-11-23 09:20:00,0
14913.0,36,8,4073.13,16.490404858299595,3955,7,2010-08-11 08:40:00,2011-11-04 08:29:00,0
14915.0,91,11,1811.25,20.125,707,7,2009-12-03 10:17:00,2011-09-09 13:34:00,0
14916.0,71,8,3042.95,22.708582089552237,2415,6,2010-04-01 10:57:00,2011-09-30 09:20:00,0
14917.0,597,2,1123.75,38.75,891,1,2010-04-22 09:44:00,2010-04-22 11:28:00,1
14918.0,116,9,5955.81,42.23978723404256,2551,6,2010-04-08 11:18:00,2011-08-16 11:50:00,0
14919.0,539,1,359.35,27.642307692307693,129,1,2010-06-18 13:06:00,2010-06-18 13:06:00,1
14920.0,213,3,1607.17,16.568762886597938,886,1,2010-05-23 15:25:00,2011-05-11 10:32:00,1
14921.0,30,2,1316.07,16.872692307692308,953,2,2011-05-22 12:51:00,2011-11-09 13:17:00,0
14922.0,394,2,843.74,16.8748,376,2,2010-07-20 09:45:00,2010-11-11 11:14:00,1
14923.0,51,1,749.1,17.025000000000002,418,1,2011-10-20 11:51:00,2011-10-20 11:51:00,0
14924.0,246,3,931.01,30.03258064516129,312,2,2010-03-10 12:51:00,2011-04-08 09:25:00,1
14926.0,382,2,359.4,119.8,204,2,2010-04-20 09:59:00,2010-11-23 07:13:00,1
14927.0,397,1,308.2,15.41,196,1,2010-11-08 12:30:00,2010-11-08 12:30:00,1
14928.0,628,1,223.91000000000003,10.662380952380953,268,1,2010-03-22 09:14:00,2010-03-22 09:14:00,1
14929.0,32,2,836.69,24.608529411764707,487,2,2010-10-14 12:22:00,2011-11-07 17:21:00,0
14930.0,109,6,5236.7300000000005,18.837158273381295,2193,4,2010-04-12 11:22:00,2011-08-23 10:31:00,0
14931.0,5,5,1257.68,30.675121951219513,417,5,2011-04-13 09:32:00,2011-12-05 10:19:00,0
14932.0,366,2,666.13,20.8165625,257,2,2010-11-19 09:16:00,2010-12-09 11:48:00,1
14933.0,444,4,1770.0,442.5,600,1,2010-09-21 17:29:00,2010-09-22 10:47:00,1
14934.0,82,5,3503.5,18.937837837837836,2100,3,2010-09-24 12:08:00,2011-09-19 10:10:00,0
14935.0,297,2,2849.83,109.60884615384614,1931,2,2010-03-30 11:48:00,2011-02-15 14:44:00,1
14936.0,34,12,12410.81,23.549924098671728,6274,7,2010-05-05 12:26:00,2011-11-06 10:30:00,0
14937.0,57,3,1621.88,47.70235294117647,484,2,2011-08-01 14:16:00,2011-10-14 12:29:00,0
14938.0,562,2,2322.43,32.710281690140846,1369,1,2010-05-26 13:35:00,2010-05-26 13:38:00,1
14940.0,418,2,531.49,16.6090625,384,2,2009-12-06 15:46:00,2010-10-18 10:47:00,1
14941.0,579,1,182.1,26.014285714285712,80,1,2010-05-10 11:30:00,2010-05-10 11:30:00,1
14942.0,402,4,746.56,39.292631578947365,354,4,2009-12-10 10:32:00,2010-11-03 10:51:00,1
14943.0,663,1,107.62,21.524,46,1,2010-02-14 16:04:00,2010-02-14 16:04:00,1
14944.0,30,19,9784.67,32.2926402640264,4864,8,2010-02-17 08:47:00,2011-11-10 09:10:00,0
14945.0,414,1,179.4,16.30909090909091,156,1,2010-10-22 11:26:00,2010-10-22 11:26:00,1
14946.0,14,1,100.9,33.63333333333333,22,1,2011-11-25 13:33:00,2011-11-25 13:33:00,0
14947.0,72,6,1049.79,19.440555555555555,416,6,2010-03-25 11:29:00,2011-09-28 15:48:00,0
14948.0,23,6,1101.97,17.491587301587302,673,5,2011-05-04 14:52:00,2011-11-16 17:16:00,0
14949.0,469,4,515.0,19.074074074074073,250,4,2009-12-18 15:28:00,2010-08-27 15:38:00,1
14950.0,19,1,371.2,19.53684210526316,136,1,2011-11-20 13:48:00,2011-11-20 13:48:00,0
14951.0,79,1,311.69,15.5845,311,1,2011-09-21 15:15:00,2011-09-21 15:15:00,0
14952.0,60,32,17629.35,57.42459283387622,6977,10,2009-12-03 15:34:00,2011-10-11 10:33:00,0
14953.0,25,4,971.32,3.964571428571429,1014,3,2010-09-30 12:16:00,2011-11-14 14:59:00,0
14954.0,12,2,462.12,3.916271186440678,209,2,2010-01-05 16:38:00,2011-11-27 14:30:00,0
14955.0,733,1,163.77,5.282903225806452,74,1,2009-12-07 11:35:00,2009-12-07 11:35:00,1
14956.0,421,1,1325.0,331.25,2500,1,2010-10-14 16:40:00,2010-10-14 16:40:00,1
14957.0,253,2,261.69,9.34607142857143,97,1,2010-03-05 10:50:00,2011-03-31 17:59:00,1
14958.0,147,6,941.99,13.267464788732395,248,5,2009-12-03 16:02:00,2011-07-15 14:20:00,0
14959.0,64,4,695.42,11.786779661016949,494,4,2011-02-16 13:00:00,2011-10-06 18:23:00,0
14960.0,8,2,221.27,8.195185185185185,221,2,2011-06-21 13:38:00,2011-12-01 12:54:00,0
14961.0,11,22,16410.15,24.492761194029853,8372,8,2009-12-04 11:32:00,2011-11-29 09:42:00,0
14962.0,271,4,366.91,26.207857142857144,123,3,2010-05-04 14:57:00,2011-03-14 09:42:00,1
14963.0,10,12,3123.57,6.562121848739496,2287,5,2010-07-02 12:43:00,2011-11-30 12:16:00,0
14964.0,247,1,206.21,15.862307692307693,143,1,2011-04-06 14:13:00,2011-04-06 14:13:00,1
14965.0,96,2,596.09,7.359135802469136,363,1,2011-09-04 13:15:00,2011-09-04 13:20:00,0
14966.0,15,6,1064.26,7.048079470198675,1060,2,2009-12-15 13:48:00,2011-11-25 12:20:00,0
14967.0,50,6,1982.6100000000001,68.36586206896553,652,4,2009-12-03 14:07:00,2011-10-21 11:06:00,0
14968.0,30,2,501.24,5.967142857142857,257,2,2010-09-07 13:28:00,2011-11-09 13:58:00,0
14969.0,704,1,906.23,69.71000000000001,665,1,2010-01-05 12:43:00,2010-01-05 12:43:00,1
14970.0,68,12,4919.35,43.53407079646018,982,8,2010-02-14 13:37:00,2011-10-02 13:44:00,0
14971.0,35,3,1097.98,7.083741935483871,639,2,2011-10-27 13:33:00,2011-11-04 17:07:00,0
14972.0,128,2,145.07,7.2535,40,2,2010-11-23 16:17:00,2011-08-03 14:54:00,0
14973.0,107,3,1314.45,41.0765625,369,3,2011-04-28 12:22:00,2011-08-24 15:51:00,0
14974.0,37,1,89.94,5.290588235294117,37,1,2011-11-02 13:01:00,2011-11-02 13:01:00,0
14975.0,57,2,472.39,18.168846153846154,507,1,2010-10-14 14:11:00,2011-10-13 14:08:00,0
14976.0,57,7,790.86,10.984166666666667,234,5,2011-01-17 11:09:00,2011-10-13 16:37:00,0
14977.0,726,1,31.93,7.9825,17,1,2009-12-14 10:37:00,2009-12-14 10:37:00,1
14978.0,72,10,3112.19,10.731689655172413,736,7,2010-04-28 10:50:00,2011-09-28 13:07:00,0
14979.0,735,1,429.66,8.768571428571429,209,1,2009-12-04 12:54:00,2009-12-04 12:54:00,1
14980.0,737,1,150.68,6.278333333333333,79,1,2009-12-02 14:09:00,2009-12-02 14:09:00,1
14981.0,246,2,372.92,16.950909090909093,241,2,2010-10-12 11:04:00,2011-04-07 13:45:00,1
14982.0,572,1,237.78,6.096923076923077,125,1,2010-05-16 15:52:00,2010-05-16 15:52:00,1
14983.0,689,1,183.20000000000002,6.106666666666667,90,1,2010-01-19 17:32:00,2010-01-19 17:32:00,1
14984.0,19,6,1260.51,23.342777777777776,348,3,2010-01-11 13:22:00,2011-11-20 14:28:00,0
14985.0,198,2,292.01,3.5181927710843373,256,2,2010-12-16 19:51:00,2011-05-25 14:29:00,1
14986.0,376,2,563.1,5.745918367346939,338,2,2010-01-24 15:54:00,2010-11-28 15:25:00,1
14987.0,16,8,1550.6499999999999,103.37666666666665,607,2,2009-12-02 14:56:00,2011-11-24 09:59:00,0
14988.0,212,7,2038.65,8.675106382978724,1260,4,2010-04-16 13:34:00,2011-05-12 12:05:00,1
14989.0,662,1,342.4,19.022222222222222,200,1,2010-02-16 10:40:00,2010-02-16 10:40:00,1
14990.0,612,2,304.17,7.242142857142857,129,2,2009-12-09 13:31:00,2010-04-06 13:54:00,1
14991.0,430,1,314.67,14.984285714285715,191,1,2010-10-05 13:01:00,2010-10-05 13:01:00,1
14992.0,442,1,210.5,7.796296296296297,145,1,2010-09-23 17:48:00,2010-09-23 17:48:00,1
14993.0,564,1,36.13,3.6130000000000004,21,1,2010-05-25 12:47:00,2010-05-25 12:47:00,1
14994.0,382,5,946.72,3.1348344370860928,568,4,2010-03-26 14:16:00,2010-11-22 12:59:00,1
14995.0,39,2,231.98000000000002,3.866333333333334,102,2,2011-03-04 13:14:00,2011-11-01 11:39:00,0
14996.0,481,2,442.28999999999996,10.787560975609756,404,1,2010-08-15 13:41:00,2010-08-15 13:44:00,1
14997.0,46,4,776.6,20.436842105263157,1408,4,2010-02-22 12:11:00,2011-10-24 13:28:00,0
14998.0,170,4,753.18,6.02544,352,3,2010-04-13 16:07:00,2011-06-22 17:30:00,0
14999.0,593,1,129.48000000000002,14.386666666666668,88,1,2010-04-26 10:47:00,2010-04-26 10:47:00,1
15000.0,48,1,490.52,6.37038961038961,218,1,2011-10-23 11:42:00,2011-10-23 11:42:00,0
15001.0,394,2,199.10999999999999,4.328478260869565,70,1,2010-11-10 13:31:00,2010-11-10 13:51:00,1
15002.0,116,9,4138.08,12.279169139465875,2214,6,2010-01-12 11:40:00,2011-08-16 10:44:00,0
15003.0,473,6,1027.03,3.1216717325227963,525,4,2010-01-26 13:04:00,2010-08-23 15:44:00,1
15004.0,147,1,1220.77,7.927077922077922,623,1,2011-07-15 14:05:00,2011-07-15 14:05:00,0
15005.0,16,56,13754.58,5.762287390029326,8666,12,2009-12-01 14:19:00,2011-11-24 12:25:00,0
15006.0,51,2,757.78,4.163626373626373,387,2,2010-09-12 13:03:00,2011-10-19 15:08:00,0
15007.0,159,1,156.91,13.075833333333334,69,1,2011-07-03 16:00:00,2011-07-03 16:00:00,0
15008.0,480,2,360.0,30.0,1500,2,2010-03-12 11:13:00,2010-08-16 13:09:00,1
15009.0,12,3,1259.43,6.996833333333334,639,1,2011-11-14 17:40:00,2011-11-27 13:35:00,0
15010.0,36,1,308.94,15.447,184,1,2011-11-04 12:42:00,2011-11-04 12:42:00,0
15011.0,396,2,416.6,20.830000000000002,289,2,2010-10-19 12:05:00,2010-11-09 11:10:00,1
15012.0,54,3,646.26,3.3835602094240835,383,3,2010-05-12 11:49:00,2011-10-17 12:22:00,0
15013.0,488,10,1610.82,4.737705882352941,1715,8,2010-01-31 12:15:00,2010-08-09 12:05:00,1
15014.0,43,2,257.67,7.808181818181819,149,2,2011-06-16 19:40:00,2011-10-27 20:07:00,0
15015.0,501,13,2354.97,8.010102040816326,1584,7,2009-12-14 14:46:00,2010-07-26 13:50:00,1
15016.0,173,5,620.89,5.913238095238095,243,3,2010-06-14 13:06:00,2011-06-20 12:06:00,0
15017.0,34,1,125.58,6.279,63,1,2011-11-06 10:33:00,2011-11-06 10:33:00,0
15018.0,39,3,496.21,16.006774193548388,189,3,2010-12-07 10:47:00,2011-11-01 12:47:00,0
15019.0,267,1,252.81,3.8304545454545456,150,1,2011-03-18 12:35:00,2011-03-18 12:35:00,1
15020.0,379,1,198.47,7.350740740740741,111,1,2010-11-25 13:29:00,2010-11-25 13:29:00,1
15021.0,9,12,2500.59,4.01378812199037,1079,7,2010-07-29 16:35:00,2011-12-01 11:53:00,0
15022.0,12,5,1133.44,8.096,640,3,2010-01-31 16:02:00,2011-11-28 12:35:00,0
15023.0,3,20,11578.65,12.086273486430063,4758,12,2010-02-03 15:45:00,2011-12-06 17:23:00,0
15024.0,10,16,3559.39,11.123093749999999,1924,5,2010-10-11 16:14:00,2011-11-30 12:06:00,0
15025.0,33,2,979.79,7.048848920863309,503,2,2010-05-20 13:28:00,2011-11-06 15:20:00,0
15026.0,80,5,1048.89,7.600652173913044,655,4,2010-09-17 13:52:00,2011-09-20 13:52:00,0
15027.0,31,10,3195.6,35.11648351648351,2782,5,2010-03-25 14:39:00,2011-11-09 10:16:00,0
15028.0,8,6,962.9399999999999,9.440588235294117,673,3,2010-11-10 14:32:00,2011-12-01 14:06:00,0
15029.0,620,1,365.1,36.510000000000005,234,1,2010-03-30 12:16:00,2010-03-30 12:16:00,1
15030.0,72,8,1979.91,59.99727272727273,1225,5,2010-03-04 17:10:00,2011-09-29 10:50:00,0
15031.0,4,14,3102.94,7.855544303797468,1576,9,2009-12-08 13:38:00,2011-12-05 14:19:00,0
15032.0,256,8,11010.05,115.89526315789473,6601,6,2009-12-10 15:27:00,2011-03-28 15:03:00,1
15033.0,5,10,2557.18,5.104151696606786,1672,8,2011-01-14 13:28:00,2011-12-05 12:40:00,0
15034.0,16,14,8231.2,10.945744680851066,4748,9,2010-05-11 13:30:00,2011-11-24 12:11:00,0
15035.0,90,1,252.73000000000002,9.36037037037037,245,1,2011-09-11 11:08:00,2011-09-11 11:08:00,0
15036.0,72,3,429.56,3.609747899159664,316,2,2011-06-13 12:19:00,2011-09-28 15:42:00,0
15037.0,376,2,397.76,8.83911111111111,298,1,2010-11-28 12:14:00,2010-11-28 13:05:00,1
15038.0,59,9,1146.53,4.878851063829787,381,6,2010-10-10 14:35:00,2011-10-12 11:33:00,0
15039.0,10,93,39141.48,14.523740259740261,17780,12,2009-12-10 11:39:00,2011-11-30 11:31:00,0
15040.0,542,1,7.49,7.49,1,1,2010-06-16 11:40:00,2010-06-16 11:40:00,1
15041.0,170,2,289.4,2.7826923076923076,194,2,2010-09-21 13:16:00,2011-06-22 16:16:00,0
15042.0,199,2,315.45,35.05,238,2,2010-04-23 14:01:00,2011-05-24 16:25:00,1
15043.0,31,6,2870.3199999999997,56.28078431372548,1019,5,2010-06-24 15:50:00,2011-11-08 14:26:00,0
15044.0,19,35,16024.15,17.884095982142856,5241,11,2009-12-16 15:13:00,2011-11-20 13:20:00,0
15045.0,152,2,735.66,61.305,114,2,2011-03-27 11:44:00,2011-07-11 11:33:00,0
15046.0,9,25,7623.79,19.349720812182742,4585,11,2010-01-14 14:29:00,2011-11-30 15:50:00,0
15047.0,270,1,343.62,15.61909090909091,222,1,2011-03-15 10:49:00,2011-03-15 10:49:00,1
15048.0,65,4,381.0,4.053191489361702,192,4,2010-12-06 12:15:00,2011-10-05 14:55:00,0
15049.0,274,1,121.17000000000002,40.39000000000001,63,1,2011-03-11 12:13:00,2011-03-11 12:13:00,1
15050.0,25,5,4087.19,27.430805369127516,2600,4,2010-08-16 12:00:00,2011-11-14 16:17:00,0
15051.0,23,9,3926.91,13.587923875432525,3052,7,2009-12-01 13:29:00,2011-11-16 15:38:00,0
15052.0,319,1,207.73000000000002,7.418928571428572,79,1,2011-01-24 15:52:00,2011-01-24 15:52:00,1
15053.0,5,3,693.95,10.057246376811595,984,3,2011-03-03 12:06:00,2011-12-05 12:08:00,0
15054.0,12,2,302.1,2.6500000000000004,198,2,2011-10-30 14:33:00,2011-11-27 15:02:00,0
15055.0,475,3,549.12,6.779259259259259,225,3,2009-12-16 15:48:00,2010-08-22 11:06:00,1
15056.0,520,1,113.65,18.941666666666666,69,1,2010-07-07 15:58:00,2010-07-07 15:58:00,1
15057.0,275,5,3255.96,46.513714285714286,1394,4,2009-12-05 15:27:00,2011-03-09 15:17:00,1
15058.0,25,16,3387.58,9.762478386167146,1645,8,2010-02-24 14:07:00,2011-11-14 14:57:00,0
15059.0,41,19,3491.2,5.927334465195246,1599,9,2009-12-06 12:17:00,2011-10-30 11:35:00,0
15060.0,8,4,294.25,2.5586956521739133,257,2,2011-11-30 14:03:00,2011-12-01 13:47:00,0
15061.0,4,127,126389.02,140.74501113585745,74280,12,2009-12-01 12:18:00,2011-12-06 12:06:00,0
15062.0,71,8,2585.62,16.26176100628931,1872,7,2010-04-08 15:41:00,2011-09-29 16:51:00,0
15063.0,213,1,370.79999999999995,74.16,56,1,2011-05-10 13:25:00,2011-05-10 13:25:00,1
15064.0,410,4,1254.41,15.486543209876544,810,4,2009-12-22 16:17:00,2010-10-25 14:32:00,1
15065.0,38,5,3326.86,20.04132530120482,1446,5,2010-10-25 09:13:00,2011-11-02 09:45:00,0
15066.0,53,1,893.59,21.275952380952383,317,1,2011-10-17 13:25:00,2011-10-17 13:25:00,0
15067.0,78,5,3862.88,21.82418079096045,2151,4,2010-04-11 15:54:00,2011-09-22 13:20:00,0
15068.0,46,4,1174.9,5.389449541284404,832,2,2010-03-28 13:18:00,2011-10-24 14:47:00,0
15069.0,179,1,1109.53,15.850428571428571,520,1,2011-06-13 14:16:00,2011-06-13 14:16:00,0
15070.0,373,3,737.0500000000001,23.032812500000002,339,2,2009-12-15 13:49:00,2010-12-02 11:23:00,1
15071.0,94,4,1455.5600000000002,26.954814814814817,416,4,2010-05-18 12:45:00,2011-09-07 11:43:00,0
15072.0,479,1,187.52,14.424615384615386,164,1,2010-08-17 15:46:00,2010-08-17 15:46:00,1
15073.0,10,8,2788.02,17.534716981132075,1410,5,2010-01-27 08:48:00,2011-11-30 10:44:00,0
15074.0,105,3,1553.13,21.571250000000003,1039,2,2010-08-29 11:47:00,2011-08-26 14:45:00,0
15075.0,78,1,773.03,28.63074074074074,447,1,2011-09-23 12:27:00,2011-09-23 12:27:00,0
15076.0,173,3,1447.74,18.09675,866,3,2010-07-05 14:11:00,2011-06-20 08:23:00,0
15077.0,495,2,2428.08,75.8775,528,2,2009-12-09 17:10:00,2010-08-02 11:13:00,1
15078.0,7,53,17286.73,22.42118028534371,8777,12,2009-12-04 12:03:00,2011-12-02 15:41:00,0
15079.0,213,11,3625.4,25.712056737588654,1459,7,2009-12-08 11:22:00,2011-05-11 12:45:00,1
15080.0,428,2,546.25,17.620967741935484,287,2,2010-07-26 10:03:00,2010-10-08 11:52:00,1
15081.0,22,12,1854.57,18.362079207920793,749,8,2010-06-22 10:25:00,2011-11-17 17:08:00,0
15082.0,669,1,93.35000000000001,15.558333333333335,43,1,2010-02-09 10:23:00,2010-02-09 10:23:00,1
15083.0,257,1,88.2,17.64,38,1,2011-03-28 12:18:00,2011-03-28 12:18:00,1
15084.0,380,2,965.1999999999999,31.13548387096774,600,2,2010-03-04 10:45:00,2010-11-25 11:58:00,1
15085.0,730,1,347.54,38.61555555555556,169,1,2009-12-10 11:47:00,2009-12-10 11:47:00,1
15086.0,565,2,218.53,19.866363636363637,95,2,2010-03-24 13:56:00,2010-05-24 12:27:00,1
15087.0,282,1,306.94,20.462666666666667,470,1,2011-03-03 10:34:00,2011-03-03 10:34:00,1
15088.0,21,2,1160.07,20.352105263157895,460,2,2011-10-03 14:05:00,2011-11-18 13:14:00,0
15089.0,10,6,2420.84,16.69544827586207,1359,4,2011-08-03 14:14:00,2011-11-29 16:31:00,0
15090.0,308,1,381.32,16.57913043478261,208,1,2011-02-04 14:03:00,2011-02-04 14:03:00,1
15091.0,68,3,1046.6100000000001,18.36157894736842,582,2,2010-02-03 11:46:00,2011-10-03 12:47:00,0
15092.0,215,3,776.46,17.25466666666667,230,3,2010-09-03 12:33:00,2011-05-08 14:10:00,1
15093.0,18,23,13702.380000000001,43.36196202531646,10778,12,2009-12-08 12:46:00,2011-11-21 13:09:00,0
15094.0,463,2,83.0,16.6,28,2,2010-03-05 12:56:00,2010-09-02 16:55:00,1
15095.0,104,10,3141.64,25.335806451612903,2233,6,2010-01-21 09:37:00,2011-08-28 12:01:00,0
15096.0,43,1,219.39000000000001,19.944545454545455,120,1,2011-10-28 10:27:00,2011-10-28 10:27:00,0
15097.0,4,3,908.35,13.762878787878789,424,2,2010-05-05 14:22:00,2011-12-05 14:03:00,0
15098.0,182,3,39916.5,13305.5,121,1,2011-06-10 15:22:00,2011-06-10 15:33:00,1
15099.0,84,1,410.48,17.84695652173913,343,1,2011-09-16 13:13:00,2011-09-16 13:13:00,0
15100.0,334,7,2193.8999999999996,137.11874999999998,270,3,2010-01-07 14:33:00,2011-01-10 10:35:00,1
15101.0,9,6,1477.94,25.481724137931035,676,4,2010-04-28 15:00:00,2011-12-01 10:18:00,0
15102.0,531,2,554.67,20.543333333333333,339,1,2010-06-11 10:16:00,2010-06-27 12:16:00,1
15103.0,31,2,703.36,20.096,329,2,2011-09-14 13:54:00,2011-11-08 14:53:00,0
15104.0,197,2,993.54,14.828955223880596,635,2,2011-03-02 14:16:00,2011-05-27 12:29:00,1
15105.0,18,9,3094.91,20.496092715231786,1747,5,2010-03-23 12:18:00,2011-11-21 16:54:00,0
15106.0,18,5,1422.52,14.2252,1181,5,2011-03-15 12:52:00,2011-11-22 09:16:00,0
15107.0,311,9,824.35,19.627380952380953,330,5,2010-09-14 10:47:00,2011-02-01 14:46:00,1
15108.0,142,4,1300.25,21.670833333333334,499,3,2011-04-26 10:54:00,2011-07-21 10:24:00,0
15109.0,246,3,983.1,20.48125,258,3,2009-12-04 12:33:00,2011-04-08 09:58:00,1
15110.0,24,6,1505.8500000000001,28.4122641509434,337,4,2010-08-11 15:49:00,2011-11-16 11:16:00,0
15111.0,29,5,2442.37,18.09162962962963,1058,4,2010-04-26 13:12:00,2011-11-10 16:58:00,0
15112.0,611,1,209.4,29.914285714285715,72,1,2010-04-07 14:17:00,2010-04-07 14:17:00,1
15113.0,10,3,3509.43,36.179690721649486,2344,2,2011-10-16 15:27:00,2011-11-30 08:23:00,0
15114.0,30,12,3400.12,14.7191341991342,3532,9,2010-10-14 16:44:00,2011-11-09 15:05:00,0
15115.0,18,2,531.85,15.195714285714287,245,2,2009-12-07 11:20:00,2011-11-21 14:59:00,0
15116.0,18,4,1352.75,30.06111111111111,648,4,2011-05-19 08:50:00,2011-11-22 12:25:00,0
15117.0,15,8,2485.97,18.97687022900763,3093,6,2010-03-15 13:39:00,2011-11-25 08:12:00,0
15118.0,134,1,244.8,244.8,1440,1,2011-07-28 14:54:00,2011-07-28 14:54:00,0
15119.0,246,1,266.4,19.02857142857143,88,1,2011-04-08 09:08:00,2011-04-08 09:08:00,1
15120.0,134,1,358.82,17.086666666666666,296,1,2011-07-29 09:48:00,2011-07-29 09:48:00,0
15121.0,50,2,457.72,16.34714285714286,199,2,2011-02-24 12:41:00,2011-10-20 14:51:00,0
15122.0,114,11,4487.27,19.767709251101323,2033,8,2010-03-30 14:05:00,2011-08-17 16:48:00,0
15123.0,7,5,4656.17,25.443551912568307,2524,5,2010-03-16 09:49:00,2011-12-02 13:12:00,0
15124.0,23,4,450.82,14.54258064516129,462,4,2010-02-26 10:49:00,2011-11-17 10:09:00,0
15125.0,25,24,17024.87,70.93695833333332,8433,8,2010-03-31 13:29:00,2011-11-14 13:57:00,0
15126.0,537,2,449.49,17.9796,273,2,2010-01-21 17:09:00,2010-06-21 12:31:00,1
15127.0,66,2,711.5,25.410714285714285,464,2,2010-07-08 10:07:00,2011-10-05 10:30:00,0
15128.0,60,5,1783.68,14.501463414634147,1583,4,2010-10-05 16:46:00,2011-10-10 13:54:00,0
15129.0,50,23,6860.18,33.14096618357488,4002,10,2010-04-08 17:15:00,2011-10-20 14:40:00,0
15130.0,170,1,330.11,15.005,197,1,2011-06-23 10:15:00,2011-06-23 10:15:00,0
15131.0,395,1,80.28,11.468571428571428,88,1,2010-11-10 12:07:00,2010-11-10 12:07:00,1
15132.0,18,5,977.9300000000001,18.806346153846157,679,5,2011-03-22 12:02:00,2011-11-21 17:10:00,0
15133.0,128,5,1806.9,36.875510204081635,960,5,2010-07-07 12:31:00,2011-08-04 10:44:00,0
15134.0,15,10,1596.29,18.779882352941176,1057,7,2010-10-13 12:44:00,2011-11-25 08:55:00,0
15135.0,239,2,305.68,15.284,84,2,2010-06-01 13:33:00,2011-04-14 19:16:00,1
15136.0,3,4,1286.7,18.92205882352941,776,3,2011-09-04 16:05:00,2011-12-07 12:26:00,0
15137.0,521,2,823.4,24.21764705882353,596,2,2010-01-28 15:45:00,2010-07-07 09:41:00,1
15138.0,394,1,502.52,16.210322580645162,300,1,2010-11-11 09:16:00,2010-11-11 09:16:00,1
15139.0,240,2,178.96,13.766153846153847,208,2,2011-01-07 12:44:00,2011-04-14 11:39:00,1
15140.0,52,8,3243.69,28.96151785714286,2010,6,2010-09-23 13:07:00,2011-10-18 14:07:00,0
15141.0,458,7,1388.47,17.355875,1197,5,2010-03-28 15:58:00,2010-09-08 11:33:00,1
15142.0,46,6,2619.92,18.450140845070422,2155,3,2010-07-27 09:05:00,2011-10-24 12:51:00,0
15143.0,226,2,563.63,18.181612903225805,320,2,2010-10-03 13:58:00,2011-04-28 12:03:00,1
15144.0,8,29,12160.31,34.84329512893983,5251,12,2009-12-13 11:35:00,2011-12-01 15:12:00,0
15145.0,4,4,1194.73,17.83179104477612,756,3,2011-04-05 15:20:00,2011-12-05 17:21:00,0
15146.0,165,2,1327.16,14.584175824175825,1473,2,2011-02-21 13:07:00,2011-06-28 12:09:00,0
15147.0,240,1,623.5,22.267857142857142,366,1,2011-04-13 15:57:00,2011-04-13 15:57:00,1
15148.0,11,1,301.29,15.0645,187,1,2011-11-29 08:21:00,2011-11-29 08:21:00,0
15149.0,134,5,1554.6100000000001,22.53057971014493,380,3,2010-02-28 11:13:00,2011-07-29 10:58:00,0
15150.0,17,13,8977.94,15.668307155322863,6167,6,2010-06-14 12:01:00,2011-11-22 12:52:00,0
15151.0,423,2,2085.61,36.58964912280702,795,2,2010-07-18 12:19:00,2010-10-12 16:37:00,1
15152.0,10,14,5263.83,17.5461,2994,7,2010-01-07 15:15:00,2011-11-30 12:32:00,0
15153.0,31,1,329.25,14.965909090909092,198,1,2011-11-08 17:09:00,2011-11-08 17:09:00,0
15154.0,75,3,1343.72,7.767167630057804,333,2,2010-08-18 17:41:00,2011-09-25 16:05:00,0
15155.0,383,1,383.96999999999997,15.99875,192,1,2010-11-21 12:59:00,2010-11-21 12:59:00,1
15156.0,1,3,961.49,17.481636363636365,597,2,2011-11-06 12:41:00,2011-12-08 18:22:00,0
15157.0,4,5,2654.11,17.46125,3466,3,2009-12-10 14:44:00,2011-12-06 11:28:00,0
15158.0,45,2,606.02,55.092727272727274,219,2,2010-11-03 13:46:00,2011-10-25 13:53:00,0
15159.0,2,34,22116.73,27.304604938271606,13512,11,2010-10-04 09:31:00,2011-12-08 12:05:00,0
15160.0,357,4,589.27,25.620434782608694,307,3,2010-10-14 15:26:00,2010-12-17 14:15:00,1
15161.0,388,1,119.92,3.633939393939394,144,1,2010-11-16 16:08:00,2010-11-16 16:08:00,1
15162.0,731,1,312.9,26.075,74,1,2009-12-08 13:14:00,2009-12-08 13:14:00,1
15163.0,18,2,304.47,10.49896551724138,186,2,2011-05-31 15:22:00,2011-11-21 13:10:00,0
15164.0,69,9,2028.1100000000001,5.761676136363636,912,7,2010-01-18 13:34:00,2011-10-02 12:05:00,0
15165.0,373,1,487.75,18.064814814814813,160,1,2010-12-01 14:03:00,2010-12-01 14:03:00,1
15166.0,468,1,167.16,13.93,140,1,2010-08-29 12:31:00,2010-08-29 12:31:00,1
15167.0,321,5,1627.62,5.3540131578947365,863,4,2010-02-04 14:13:00,2011-01-23 12:41:00,1
15168.0,26,1,106.56,21.312,52,1,2011-11-14 11:26:00,2011-11-14 11:26:00,0
15169.0,382,2,569.22,9.647796610169491,356,2,2009-12-13 11:16:00,2010-11-22 13:04:00,1
15170.0,407,1,81.15,20.2875,33,1,2010-10-29 10:34:00,2010-10-29 10:34:00,1
15171.0,331,1,1289.5,257.9,290,1,2011-01-12 15:36:00,2011-01-12 15:36:00,1
15172.0,9,5,1624.05,14.764090909090909,1611,5,2011-04-17 11:56:00,2011-12-01 11:51:00,0
15173.0,381,7,1494.6,17.37906976744186,840,5,2010-04-01 12:26:00,2010-11-24 10:21:00,1
15174.0,323,2,481.46,14.160588235294117,382,2,2010-10-25 09:40:00,2011-01-21 09:06:00,1
15175.0,72,1,224.14,9.745217391304347,454,1,2011-09-29 11:31:00,2011-09-29 11:31:00,0
15176.0,668,1,988.0400000000001,19.000769230769233,448,1,2010-02-10 10:36:00,2010-02-10 10:36:00,1
15177.0,426,1,948.9300000000001,36.49730769230769,485,1,2010-10-10 12:48:00,2010-10-10 12:48:00,1
15178.0,260,1,40.5,13.5,30,1,2011-03-24 15:12:00,2011-03-24 15:12:00,1
15179.0,18,13,7491.92,23.859617834394903,5416,8,2009-12-03 12:27:00,2011-11-21 12:53:00,0
15180.0,367,3,816.9300000000001,15.710192307692308,654,3,2010-04-29 15:27:00,2010-12-07 14:57:00,1
15181.0,66,5,1200.2,60.010000000000005,688,4,2009-12-08 19:02:00,2011-10-04 13:58:00,0
15182.0,154,11,2998.952,23.991616,1186,6,2010-02-21 12:03:00,2011-07-08 13:37:00,0
15183.0,548,3,639.93,16.840263157894736,297,2,2010-05-04 11:31:00,2010-06-10 10:43:00,1
15184.0,29,4,685.39,8.159404761904762,462,3,2009-12-16 12:06:00,2011-11-10 13:41:00,0
15185.0,70,1,310.62,14.791428571428572,666,1,2011-09-30 14:06:00,2011-09-30 14:06:00,0
15186.0,14,5,1403.2,26.984615384615385,716,5,2010-01-12 10:14:00,2011-11-25 14:58:00,0
15187.0,2,16,4777.18,52.49648351648352,1887,8,2011-05-11 13:49:00,2011-12-08 11:56:00,0
15188.0,725,1,310.43,13.496956521739131,233,1,2009-12-14 13:30:00,2009-12-14 13:30:00,1
15189.0,1,46,17524.38,72.71526970954358,6902,12,2010-07-18 13:37:00,2011-12-08 13:22:00,0
15190.0,434,1,834.4399999999999,20.860999999999997,790,1,2010-10-01 13:09:00,2010-10-01 13:09:00,1
15191.0,463,3,588.05,16.80142857142857,287,2,2010-01-20 12:35:00,2010-09-02 15:37:00,1
15192.0,120,5,1666.39,18.311978021978025,1448,5,2010-01-29 10:13:00,2011-08-12 11:41:00,0
15193.0,61,1,499.32,26.28,144,1,2011-10-10 08:23:00,2011-10-10 08:23:00,0
15194.0,3,28,12021.53,25.255315126050423,8922,10,2009-12-03 10:37:00,2011-12-06 15:10:00,0
15195.0,3,1,3861.0,3861.0,1404,1,2011-12-07 12:20:00,2011-12-07 12:20:00,0
15196.0,433,2,313.7,7.469047619047619,130,2,2009-12-13 11:14:00,2010-10-03 10:50:00,1
15197.0,11,6,1877.51,31.82220338983051,1058,4,2009-12-11 12:56:00,2011-11-29 10:00:00,0
15198.0,92,5,571.35,18.43064516129032,327,5,2010-01-19 10:01:00,2011-09-08 14:42:00,0
15199.0,59,10,3122.4,61.22352941176471,894,8,2010-05-13 10:14:00,2011-10-11 15:12:00,0
15200.0,495,1,549.0500000000001,18.30166666666667,195,1,2010-08-02 09:38:00,2010-08-02 09:38:00,1
15201.0,87,7,1842.95,18.4295,1660,4,2010-04-07 14:50:00,2011-09-13 14:53:00,0
15202.0,420,3,6001.49,2000.4966666666667,3,1,2010-10-15 12:39:00,2010-10-15 13:05:00,1
15203.0,26,15,4400.18,12.828513119533529,4182,12,2009-12-08 18:06:00,2011-11-14 08:16:00,0
15204.0,357,1,316.58,35.175555555555555,258,1,2010-12-17 13:49:00,2010-12-17 13:49:00,1
15205.0,85,2,653.24,17.655135135135136,378,2,2011-08-04 16:07:00,2011-09-15 19:36:00,0
15206.0,10,4,420.3,46.7,162,4,2011-03-09 08:59:00,2011-11-29 13:41:00,0
15207.0,416,3,683.92,28.496666666666666,428,2,2010-06-10 17:29:00,2010-10-19 13:29:00,1
15208.0,1,6,970.52,20.219166666666666,356,4,2010-10-12 12:17:00,2011-12-08 17:24:00,0
15209.0,730,1,178.98000000000002,13.76769230769231,94,1,2009-12-09 17:26:00,2009-12-09 17:26:00,1
15210.0,225,3,1176.19,17.55507462686567,841,3,2010-05-13 14:42:00,2011-04-28 16:11:00,1
15211.0,60,2,894.4100000000001,17.20019230769231,240,2,2010-12-09 16:08:00,2011-10-10 13:31:00,0
15212.0,241,2,208.28,20.828,84,2,2010-11-28 10:45:00,2011-04-12 13:45:00,1
15213.0,319,2,328.35,13.68125,272,1,2011-01-14 11:05:00,2011-01-25 12:21:00,1
15214.0,2,8,1661.44,15.104000000000001,1254,6,2011-04-11 09:46:00,2011-12-08 12:07:00,0
15215.0,47,7,2422.4300000000003,21.437433628318587,776,5,2010-04-06 11:21:00,2011-10-24 11:41:00,0
15216.0,88,2,486.09000000000003,20.25375,217,2,2010-03-31 09:52:00,2011-09-13 11:41:00,0
15217.0,563,1,426.24,15.222857142857142,190,1,2010-05-25 13:51:00,2010-05-25 13:51:00,1
15218.0,11,22,11468.83,28.961691919191917,6530,10,2010-01-26 11:33:00,2011-11-29 11:48:00,0
15219.0,176,2,685.45,26.36346153846154,271,2,2010-03-01 11:33:00,2011-06-16 16:57:00,0
15220.0,52,6,1778.96,15.204786324786324,1393,6,2011-03-04 10:24:00,2011-10-19 12:39:00,0
15221.0,366,4,2062.2,71.1103448275862,244,4,2010-03-12 10:40:00,2010-12-08 13:08:00,1
15222.0,319,11,3550.91,25.73123188405797,4458,7,2009-12-16 13:49:00,2011-01-25 08:03:00,1
15223.0,226,5,1417.95,41.70441176470588,385,3,2009-12-05 11:19:00,2011-04-28 11:31:00,1
15224.0,358,5,871.36,24.896,443,4,2010-01-15 16:14:00,2010-12-16 15:02:00,1
15225.0,234,1,409.40000000000003,17.8,226,1,2011-04-19 14:51:00,2011-04-19 14:51:00,1
15226.0,311,1,154.41,19.30125,71,1,2011-02-02 11:41:00,2011-02-02 11:41:00,1
15227.0,37,9,2488.4900000000002,20.737416666666668,1217,6,2010-03-16 08:23:00,2011-11-03 11:59:00,0
15228.0,66,6,5580.27,23.847307692307695,3375,5,2010-07-28 10:21:00,2011-10-04 13:56:00,0
15229.0,586,1,160.5,17.833333333333332,114,1,2010-05-02 13:50:00,2010-05-02 13:50:00,1
15230.0,239,2,429.6,18.678260869565218,351,1,2011-04-13 11:04:00,2011-04-14 14:39:00,1
15231.0,621,1,250.26000000000002,17.875714285714288,190,1,2010-03-28 15:12:00,2010-03-28 15:12:00,1
15232.0,113,2,612.06,19.743870967741934,686,2,2011-07-22 12:21:00,2011-08-18 16:27:00,0
15233.0,401,1,59.400000000000006,59.400000000000006,12,1,2010-11-03 13:36:00,2010-11-03 13:36:00,1
15234.0,277,1,197.0,14.071428571428571,196,1,2011-03-08 08:53:00,2011-03-08 08:53:00,1
15235.0,218,16,2772.76,15.577303370786518,1676,6,2010-11-16 12:48:00,2011-05-06 09:44:00,1
15236.0,299,1,321.05,21.403333333333332,269,1,2011-02-14 10:52:00,2011-02-14 10:52:00,1
15237.0,2,4,1412.32,14.265858585858584,1071,4,2011-04-26 15:04:00,2011-12-08 09:46:00,0
15238.0,29,3,1071.99,21.4398,692,3,2011-06-08 16:00:00,2011-11-10 14:28:00,0
15239.0,10,2,780.59,15.930408163265307,594,2,2011-09-22 09:53:00,2011-11-29 14:14:00,0
15240.0,45,12,4459.9800000000005,19.910625000000003,3214,8,2009-12-05 14:57:00,2011-10-26 09:50:00,0
15241.0,67,11,3050.16,16.57695652173913,3328,8,2010-02-23 13:59:00,2011-10-04 09:05:00,0
15242.0,422,1,302.04,75.51,196,1,2010-10-13 15:33:00,2010-10-13 15:33:00,1
15243.0,74,2,927.28,15.201311475409836,543,1,2010-09-30 17:28:00,2011-09-26 14:12:00,0
15244.0,65,3,912.08,19.00166666666667,472,3,2010-02-11 14:48:00,2011-10-05 13:19:00,0
15245.0,134,8,4610.84,31.154324324324325,3021,6,2010-04-23 14:23:00,2011-07-28 18:56:00,0
15246.0,238,3,780.4,15.301960784313724,359,3,2010-06-02 11:28:00,2011-04-15 14:45:00,1
15247.0,122,3,976.06,57.41529411764706,514,2,2010-06-20 14:08:00,2011-08-09 12:52:00,0
15248.0,411,3,1893.93,17.867264150943395,1065,3,2010-06-23 14:34:00,2010-10-24 13:09:00,1
15249.0,32,18,9266.0,18.45816733067729,4980,9,2010-03-26 14:51:00,2011-11-08 11:45:00,0
15250.0,641,1,60.0,20.0,48,1,2010-03-09 07:35:00,2010-03-09 07:35:00,1
15251.0,9,21,20324.54,88.3675652173913,12108,11,2010-01-29 12:42:00,2011-11-30 15:02:00,0
15252.0,36,5,2103.41,17.82550847457627,1430,5,2010-04-07 10:24:00,2011-11-03 13:30:00,0
15253.0,16,8,2055.09,17.716293103448276,1588,5,2010-05-02 11:17:00,2011-11-23 16:22:00,0
15254.0,127,3,1088.35,16.244029850746266,711,3,2010-05-28 10:08:00,2011-08-04 15:04:00,0
15255.0,67,9,3706.02,19.71287234042553,2214,6,2009-12-03 09:10:00,2011-10-04 12:43:00,0
15256.0,149,2,170.4,17.04,92,2,2010-05-27 11:41:00,2011-07-14 11:47:00,0
15257.0,283,2,685.9,57.15833333333333,71,2,2010-10-21 14:03:00,2011-03-01 12:58:00,1
15258.0,169,2,623.16,18.328235294117647,142,2,2011-05-06 14:16:00,2011-06-24 12:30:00,0
15259.0,513,4,1182.3799999999999,20.74350877192982,631,3,2010-01-26 09:41:00,2010-07-15 08:47:00,1
15260.0,100,25,8767.73,23.01241469816273,4468,10,2009-12-06 11:45:00,2011-08-31 13:55:00,0
15261.0,135,4,1508.0,16.391304347826086,806,3,2010-10-01 11:59:00,2011-07-27 15:20:00,0
15262.0,324,3,418.82,16.108461538461537,218,3,2010-08-08 15:55:00,2011-01-20 12:16:00,1
15263.0,107,1,156.51,13.042499999999999,89,1,2011-08-25 10:26:00,2011-08-25 10:26:00,0
15264.0,64,2,848.4,15.425454545454546,443,2,2010-06-27 13:29:00,2011-10-06 13:49:00,0
15265.0,151,4,3345.64,17.334922279792746,1570,3,2009-12-01 17:08:00,2011-07-11 14:46:00,0
15266.0,338,5,852.21,18.938000000000002,236,3,2010-01-07 12:19:00,2011-01-05 13:40:00,1
15267.0,22,5,1717.36,156.12363636363636,944,4,2011-06-10 10:24:00,2011-11-17 15:59:00,0
15268.0,479,3,961.9000000000001,43.722727272727276,428,2,2010-04-13 11:27:00,2010-08-18 10:33:00,1
15269.0,24,3,1225.3600000000001,35.010285714285715,372,1,2010-11-14 12:58:00,2011-11-16 09:32:00,0
15270.0,16,21,8524.86,50.74321428571429,4010,7,2009-12-17 15:02:00,2011-11-24 09:24:00,0
15271.0,7,24,4528.54,7.94480701754386,2412,9,2010-08-05 14:57:00,2011-12-02 14:11:00,0
15272.0,57,6,2030.95,7.101223776223776,665,5,2010-02-14 13:39:00,2011-10-13 12:59:00,0
15273.0,600,1,228.96,228.96,216,1,2010-04-19 11:31:00,2010-04-19 11:31:00,1
15274.0,4,2,716.57,15.246170212765959,619,2,2011-11-21 14:17:00,2011-12-05 16:57:00,0
15275.0,38,1,615.14,15.003414634146342,498,1,2011-11-02 11:20:00,2011-11-02 11:20:00,0
15276.0,66,4,619.8,3.482022471910112,317,2,2010-10-01 12:24:00,2011-10-04 16:39:00,0
15277.0,47,2,476.34000000000003,18.320769230769233,373,1,2010-10-10 16:02:00,2011-10-24 10:08:00,0
15278.0,562,4,496.16,17.10896551724138,458,2,2010-02-12 14:53:00,2010-05-27 10:03:00,1
15279.0,355,5,1580.54,16.814255319148934,802,5,2010-02-02 10:15:00,2010-12-20 10:48:00,1
15280.0,172,3,397.52,6.625333333333333,507,3,2010-05-17 14:17:00,2011-06-20 17:14:00,0
15281.0,59,16,8543.57,16.36699233716475,5233,7,2010-10-08 12:14:00,2011-10-12 09:10:00,0
15282.0,570,1,348.59,12.91074074074074,395,1,2010-05-18 16:27:00,2010-05-18 16:27:00,1
15283.0,390,3,148.32999999999998,16.481111111111108,27,3,2010-07-09 15:46:00,2010-11-14 14:54:00,1
15284.0,500,1,24.75,24.75,5,1,2010-07-27 13:25:00,2010-07-27 13:25:00,1
15285.0,408,1,94.92,15.82,120,1,2010-10-28 09:46:00,2010-10-28 09:46:00,1
15286.0,50,1,240.55,80.18333333333334,55,1,2011-10-21 11:08:00,2011-10-21 11:08:00,0
15287.0,22,5,856.03,23.77861111111111,1010,3,2009-12-02 12:13:00,2011-11-17 15:34:00,0
15288.0,43,10,3715.38,24.283529411764707,1336,9,2010-02-12 15:27:00,2011-10-27 16:58:00,0
15289.0,29,5,1593.09,16.42360824742268,1627,5,2010-03-28 11:45:00,2011-11-10 13:49:00,0
15290.0,5,26,10496.28,35.946164383561644,6567,12,2010-02-24 10:15:00,2011-12-05 11:39:00,0
15291.0,26,40,13517.76,55.400655737704916,4905,11,2009-12-03 11:09:00,2011-11-14 11:02:00,0
15292.0,201,1,178.39,7.432916666666666,55,1,2011-05-22 15:00:00,2011-05-22 15:00:00,1
15293.0,666,1,247.5,13.026315789473685,178,1,2010-02-12 11:54:00,2010-02-12 11:54:00,1
15294.0,411,1,233.35,15.556666666666667,97,1,2010-10-25 11:45:00,2010-10-25 11:45:00,1
15295.0,654,1,207.04,3.9815384615384612,139,1,2010-02-23 13:03:00,2010-02-23 13:03:00,1
15296.0,51,12,10323.03,19.331516853932584,5452,5,2010-01-21 13:48:00,2011-10-20 11:47:00,0
15297.0,10,3,641.94,16.46,292,2,2011-10-07 09:42:00,2011-11-29 16:32:00,0
15298.0,2,23,9061.77,21.321811764705885,6000,11,2009-12-08 17:04:00,2011-12-07 17:17:00,0
15299.0,67,10,6156.53,615.653,3356,6,2010-01-12 11:34:00,2011-10-03 14:19:00,0
15300.0,64,1,496.44,17.73,292,1,2011-10-06 17:08:00,2011-10-06 17:08:00,0
15301.0,51,17,6909.67,20.028028985507248,3763,10,2010-09-15 15:41:00,2011-10-20 09:57:00,0
15302.0,730,1,308.0,20.533333333333335,102,1,2009-12-09 13:11:00,2009-12-09 13:11:00,1
15303.0,290,3,1224.18,17.741739130434784,514,3,2010-01-25 09:42:00,2011-02-22 13:59:00,1
15304.0,61,9,796.4,33.18333333333333,112,7,2010-10-14 10:24:00,2011-10-10 10:23:00,0
15305.0,555,1,93.6,18.72,40,1,2010-06-02 13:50:00,2010-06-02 13:50:00,1
15306.0,64,9,3484.73,21.51067901234568,3074,6,2010-02-18 17:12:00,2011-10-06 12:56:00,0
15307.0,96,1,205.3,17.108333333333334,37,1,2011-09-05 11:38:00,2011-09-05 11:38:00,0
15308.0,274,1,310.47,16.340526315789475,175,1,2011-03-10 13:08:00,2011-03-10 13:08:00,1
15309.0,611,4,797.96,14.777037037037038,440,4,2009-12-04 13:01:00,2010-04-08 11:11:00,1
15310.0,479,1,1634.64,36.32533333333333,1476,1,2010-08-18 11:38:00,2010-08-18 11:38:00,1
15311.0,1,208,114966.42,26.699122155132372,70149,12,2009-12-01 11:21:00,2011-12-09 12:00:00,0
15312.0,75,12,2930.19,17.976625766871166,1693,8,2009-12-16 09:23:00,2011-09-25 13:10:00,0
15313.0,110,1,52.0,52.0,25,1,2011-08-21 16:02:00,2011-08-21 16:02:00,0
15314.0,199,3,820.45,16.409000000000002,750,2,2010-10-07 15:41:00,2011-05-24 14:39:00,1
15315.0,64,2,570.5,15.41891891891892,862,2,2011-08-15 15:17:00,2011-10-06 12:51:00,0
15316.0,327,1,165.0,165.0,100,1,2011-01-17 11:34:00,2011-01-17 11:34:00,1
15317.0,677,1,129.75,25.95,45,1,2010-01-31 15:55:00,2010-01-31 15:55:00,1
15318.0,4,1,312.62,9.473333333333333,642,1,2011-12-06 11:30:00,2011-12-06 11:30:00,0
15319.0,284,1,204.5,12.78125,175,1,2011-03-01 12:48:00,2011-03-01 12:48:00,1
15320.0,44,1,267.13,7.420277777777778,326,1,2011-10-26 13:27:00,2011-10-26 13:27:00,0
15321.0,71,12,6709.7300000000005,21.714336569579288,3653,4,2010-02-03 09:47:00,2011-09-30 09:40:00,0
15322.0,86,2,1390.86,16.75734939759036,971,2,2010-08-20 13:10:00,2011-09-15 09:34:00,0
15323.0,563,3,434.6,14.986206896551725,188,3,2010-02-16 09:21:00,2010-05-26 10:01:00,1
15324.0,701,1,140.22000000000003,17.527500000000003,74,1,2010-01-07 14:37:00,2010-01-07 14:37:00,1
15325.0,104,8,1601.46,7.149375,1382,5,2010-02-16 13:30:00,2011-08-28 11:55:00,0
15326.0,334,5,1700.52,13.182325581395348,1351,4,2009-12-01 13:19:00,2011-01-10 11:38:00,1
15327.0,53,1,208.75,20.875,116,1,2011-10-18 11:55:00,2011-10-18 11:55:00,0
15328.0,408,1,107.24,13.405,88,1,2010-10-28 09:05:00,2010-10-28 09:05:00,1
15329.0,39,11,2958.83,19.213181818181816,1217,8,2009-12-14 12:18:00,2011-10-31 15:36:00,0
15330.0,32,2,714.9599999999999,54.99692307692307,1312,2,2011-10-10 12:30:00,2011-11-07 17:50:00,0
15331.0,500,3,767.91,17.4525,701,2,2010-04-09 14:26:00,2010-07-28 09:42:00,1
15332.0,366,6,4892.68,31.770649350649354,2306,3,2010-07-14 13:01:00,2010-12-08 14:43:00,1
15333.0,208,1,1028.56,64.285,344,1,2011-05-15 13:27:00,2011-05-15 13:27:00,1
15334.0,157,3,350.82,3.579795918367347,273,2,2011-06-19 13:51:00,2011-07-06 11:22:00,0
15335.0,54,1,170.22,4.863428571428571,79,1,2011-10-17 12:50:00,2011-10-17 12:50:00,0
15336.0,402,1,240.5,16.033333333333335,84,1,2010-11-03 12:39:00,2010-11-03 12:39:00,1
15337.0,411,1,373.02,17.762857142857143,200,1,2010-10-24 15:29:00,2010-10-24 15:29:00,1
15338.0,677,1,277.93,4.791896551724138,148,1,2010-01-31 14:25:00,2010-01-31 14:25:00,1
15339.0,66,7,1821.02,8.277363636363637,1138,5,2010-02-08 13:38:00,2011-10-04 12:51:00,0
15340.0,562,1,105.5,15.071428571428571,76,1,2010-05-27 10:27:00,2010-05-27 10:27:00,1
15341.0,81,2,2402.72,100.11333333333333,1008,1,2010-09-16 16:41:00,2011-09-20 09:40:00,0
15342.0,130,1,406.09000000000003,16.920416666666668,283,1,2011-08-02 10:19:00,2011-08-02 10:19:00,0
15343.0,87,1,364.5,17.357142857142858,84,1,2011-09-13 13:55:00,2011-09-13 13:55:00,0
15344.0,1,3,563.94,21.69,116,3,2011-09-26 14:48:00,2011-12-09 10:45:00,0
15345.0,46,1,393.54,19.677,81,1,2011-10-25 11:28:00,2011-10-25 11:28:00,0
15346.0,333,3,596.12,16.111351351351352,260,2,2010-10-04 15:11:00,2011-01-11 11:18:00,1
15347.0,366,4,1162.0,32.27777777777778,542,3,2010-09-28 12:50:00,2010-12-08 15:25:00,1
15348.0,72,1,158.04,17.56,84,1,2011-09-28 13:17:00,2011-09-28 13:17:00,0
15349.0,158,2,463.91,6.533943661971831,321,2,2011-06-05 15:46:00,2011-07-04 16:06:00,0
15350.0,373,2,547.6,18.253333333333334,272,2,2010-11-21 15:14:00,2010-12-01 13:33:00,1
15351.0,12,10,3430.22,10.924267515923566,1350,4,2010-10-03 12:18:00,2011-11-27 12:52:00,0
15352.0,549,1,111.15,3.269117647058824,40,1,2010-06-09 11:28:00,2010-06-09 11:28:00,1
15353.0,255,7,2794.47,7.762416666666666,1391,6,2009-12-02 11:33:00,2011-03-30 12:15:00,1
15354.0,603,3,284.4,94.8,3,1,2010-04-15 16:17:00,2010-04-15 16:24:00,1
15355.0,29,2,277.05,19.789285714285715,45,2,2011-10-17 15:22:00,2011-11-10 13:44:00,0
15356.0,31,13,3239.57,4.842406576980569,1892,10,2010-10-13 13:12:00,2011-11-08 13:11:00,0
15358.0,5,42,16425.86,15.083434343434345,14902,12,2009-12-07 12:19:00,2011-12-05 09:04:00,0
15359.0,663,8,181.35,11.334375,145,2,2010-01-15 11:30:00,2010-02-15 10:47:00,1
15360.0,40,1,427.93,32.917692307692306,223,1,2011-10-31 09:35:00,2011-10-31 09:35:00,0
15361.0,362,4,689.07,68.90700000000001,373,3,2010-06-14 13:27:00,2010-12-13 09:52:00,1
15362.0,449,2,613.08,15.327000000000002,368,2,2009-12-01 09:08:00,2010-09-17 10:37:00,1
15363.0,373,2,678.11,19.37457142857143,383,2,2010-08-04 08:41:00,2010-12-02 12:28:00,1
15364.0,96,2,913.19,31.489310344827587,493,2,2011-03-30 13:39:00,2011-09-05 09:46:00,0
15365.0,26,13,4557.13,20.904266055045873,2131,5,2010-02-04 16:43:00,2011-11-14 08:29:00,0
15366.0,75,7,2389.08,17.312173913043477,2447,6,2010-02-26 10:10:00,2011-09-25 15:01:00,0
15367.0,57,11,5081.33,18.212652329749105,2944,5,2009-12-10 14:20:00,2011-10-13 14:13:00,0
15368.0,21,2,722.74,90.3425,406,1,2010-11-10 15:52:00,2011-11-18 14:42:00,0
15369.0,492,11,6251.26,105.9535593220339,3288,6,2009-12-08 07:43:00,2010-08-04 13:54:00,1
15370.0,41,8,3739.01,25.965347222222224,1397,6,2010-10-25 12:08:00,2011-10-30 10:58:00,0
15371.0,662,1,59.400000000000006,59.400000000000006,12,1,2010-02-15 13:14:00,2010-02-15 13:14:00,1
15372.0,137,8,6017.0599999999995,105.56245614035087,6410,3,2010-02-14 11:24:00,2011-07-25 16:39:00,0
15373.0,8,17,3084.54,16.32031746031746,726,10,2010-05-02 11:57:00,2011-12-01 15:05:00,0
15374.0,129,2,307.32,30.732,290,2,2010-03-25 12:03:00,2011-08-03 09:59:00,0
15375.0,690,1,60.959999999999994,10.159999999999998,84,1,2010-01-18 15:38:00,2010-01-18 15:38:00,1
15376.0,40,3,1221.56,10.530689655172413,615,3,2011-05-01 13:45:00,2011-10-30 15:04:00,0
15377.0,383,4,1211.75,57.70238095238095,253,2,2010-10-20 11:42:00,2010-11-22 08:55:00,1
15378.0,463,2,246.5,20.541666666666668,130,2,2010-07-26 08:47:00,2010-09-03 11:30:00,1
15379.0,169,8,4877.84,18.546920152091257,3000,6,2010-11-04 11:59:00,2011-06-23 13:13:00,0
15380.0,9,11,3248.96,62.480000000000004,954,7,2009-12-01 13:50:00,2011-12-01 12:13:00,0
15381.0,214,5,1890.57,78.77374999999999,802,4,2010-05-05 14:35:00,2011-05-10 11:55:00,1
15382.0,15,12,13733.550000000001,21.730300632911394,9178,6,2009-12-04 14:13:00,2011-11-25 10:58:00,0
15384.0,170,4,2027.79,17.184661016949153,1767,4,2010-04-26 12:38:00,2011-06-23 10:57:00,0
15385.0,40,3,942.08,44.860952380952384,428,3,2010-01-31 13:02:00,2011-10-30 15:11:00,0
15386.0,186,1,394.14,12.714193548387096,446,1,2011-06-06 13:47:00,2011-06-06 13:47:00,1
15387.0,492,1,468.65,23.432499999999997,335,1,2010-08-04 16:05:00,2010-08-04 16:05:00,1
15388.0,270,1,140.54,14.053999999999998,88,1,2011-03-14 13:53:00,2011-03-14 13:53:00,1
15389.0,172,5,2733.8,455.6333333333334,3940,4,2010-01-27 12:44:00,2011-06-20 16:18:00,0
15390.0,396,2,1216.66,15.800779220779221,894,2,2010-10-26 17:23:00,2010-11-08 15:19:00,1
15391.0,584,1,289.87,24.155833333333334,109,1,2010-05-04 15:04:00,2010-05-04 15:04:00,1
15392.0,5,7,2911.62,20.219583333333333,2144,4,2010-10-04 12:50:00,2011-12-05 11:01:00,0
15393.0,16,5,891.34,20.257727272727273,378,5,2009-12-15 17:56:00,2011-11-23 16:48:00,0
15394.0,10,11,5286.8,23.28986784140969,2372,6,2009-12-15 19:05:00,2011-11-30 11:49:00,0
15395.0,326,1,107.45,15.35,17,1,2011-01-18 12:40:00,2011-01-18 12:40:00,1
15396.0,113,2,796.38,49.77375,278,2,2010-05-05 09:04:00,2011-08-19 10:56:00,0
15397.0,290,1,94.0,15.666666666666666,20,1,2011-02-23 09:25:00,2011-02-23 09:25:00,1
15398.0,16,2,1345.53,18.43191780821918,769,2,2011-09-22 14:56:00,2011-11-23 16:47:00,0
15399.0,1,3,815.77,16.3154,611,3,2011-09-21 15:57:00,2011-12-08 13:04:00,0
15400.0,92,8,1302.3,48.233333333333334,662,6,2010-05-28 08:33:00,2011-09-08 13:57:00,0
15401.0,452,2,216.95,15.49642857142857,93,2,2010-05-20 10:56:00,2010-09-13 13:42:00,1
15402.0,149,6,1830.54,13.973587786259541,2034,6,2010-04-27 12:12:00,2011-07-14 12:17:00,0
15403.0,492,2,170.88,21.36,492,2,2009-12-09 12:45:00,2010-08-05 12:21:00,1
15404.0,376,1,257.06,16.06625,334,1,2010-11-29 11:03:00,2010-11-29 11:03:00,1
15405.0,189,2,659.84,21.994666666666667,348,2,2010-05-12 15:56:00,2011-06-03 14:44:00,1
15406.0,31,4,975.87,7.998934426229508,547,3,2010-09-12 13:06:00,2011-11-08 13:22:00,0
15407.0,34,4,1046.74,7.072567567567567,552,4,2011-02-07 13:18:00,2011-11-06 11:55:00,0
15408.0,264,1,267.18,7.858235294117647,106,1,2011-03-20 15:02:00,2011-03-20 15:02:00,1
15409.0,721,1,131.25,14.583333333333334,59,1,2009-12-18 15:35:00,2009-12-18 15:35:00,1
15410.0,84,10,4685.72,28.9241975308642,1902,6,2010-04-19 08:57:00,2011-09-16 14:47:00,0
15411.0,26,4,1348.93,13.764591836734695,529,4,2011-06-10 12:30:00,2011-11-13 15:19:00,0
15412.0,171,1,190.53,19.053,108,1,2011-06-21 15:24:00,2011-06-21 15:24:00,0
15413.0,692,5,6798.72,271.9488,2694,2,2009-12-01 10:18:00,2010-01-17 11:33:00,1
15414.0,10,3,774.9000000000001,19.86923076923077,443,2,2011-04-11 13:45:00,2011-11-30 09:50:00,0
15415.0,313,1,559.61,11.906595744680851,551,1,2011-01-30 14:13:00,2011-01-30 14:13:00,1
15416.0,65,7,4572.82,20.056228070175436,2420,6,2010-02-01 11:55:00,2011-10-06 09:38:00,0
15417.0,85,1,508.8,18.17142857142857,284,1,2011-09-15 15:26:00,2011-09-15 15:26:00,0
15418.0,425,2,449.42,6.609117647058824,264,2,2010-05-02 11:31:00,2010-10-10 13:38:00,1
15419.0,25,1,135.86,16.9825,230,1,2011-11-15 09:23:00,2011-11-15 09:23:00,0
15420.0,434,6,743.0,13.267857142857142,844,5,2009-12-05 13:29:00,2010-10-01 15:46:00,1
15421.0,59,10,3805.34,12.042215189873419,1927,7,2009-12-07 15:10:00,2011-10-12 09:20:00,0
15422.0,323,7,1619.97,13.49975,710,5,2010-02-07 11:52:00,2011-01-20 16:17:00,1
15423.0,38,3,266.89,19.06357142857143,198,3,2010-03-28 13:42:00,2011-11-01 14:01:00,0
15424.0,254,3,597.78,18.114545454545453,873,2,2010-09-02 17:17:00,2011-03-30 13:02:00,1
15425.0,400,4,1941.1200000000001,13.574265734265735,1041,4,2010-02-14 12:36:00,2010-11-04 18:13:00,1
15426.0,19,9,2156.35,5.026456876456876,1041,6,2010-05-02 15:10:00,2011-11-20 15:36:00,0
15427.0,33,3,1430.54,4.899109589041096,967,2,2011-10-23 14:47:00,2011-11-06 14:29:00,0
15428.0,15,4,762.75,17.335227272727273,347,3,2009-12-17 17:46:00,2011-11-24 16:54:00,0
15429.0,27,2,397.35,4.845731707317073,380,2,2011-09-25 13:42:00,2011-11-13 12:28:00,0
15430.0,468,2,954.75,26.520833333333332,309,2,2010-06-29 15:04:00,2010-08-29 10:42:00,1
15431.0,503,1,153.24,76.62,84,1,2010-07-25 12:44:00,2010-07-25 12:44:00,1
15432.0,23,2,320.76,20.0475,92,2,2010-06-16 14:34:00,2011-11-16 16:30:00,0
15433.0,214,2,533.3,13.00731707317073,534,2,2011-03-17 14:12:00,2011-05-10 10:45:00,1
15434.0,8,11,2567.06,19.157164179104477,1423,7,2010-01-24 15:35:00,2011-12-01 13:33:00,0
15435.0,22,1,149.29,5.147931034482759,54,1,2011-11-17 16:39:00,2011-11-17 16:39:00,0
15436.0,12,3,1067.75,3.6692439862542954,574,3,2011-04-19 16:52:00,2011-11-27 16:05:00,0
15437.0,262,2,393.45,6.902631578947368,177,1,2010-03-09 10:45:00,2011-03-22 13:11:00,1
15438.0,131,1,156.57999999999998,6.263199999999999,59,1,2011-07-31 14:19:00,2011-07-31 14:19:00,0
15439.0,405,4,1269.05,22.264035087719297,572,2,2010-02-24 12:05:00,2010-10-31 10:38:00,1
15440.0,55,3,383.68,6.188387096774194,197,3,2011-05-15 11:30:00,2011-10-16 12:16:00,0
15441.0,396,3,1254.21,22.003684210526316,587,3,2009-12-09 14:55:00,2010-11-08 15:50:00,1
15442.0,249,1,594.0,297.0,120,1,2011-04-05 12:24:00,2011-04-05 12:24:00,1
15443.0,2,14,5114.2300000000005,8.182768000000001,2699,10,2010-03-07 12:10:00,2011-12-08 10:40:00,0
15444.0,9,2,1411.21,6.594439252336449,759,2,2011-10-30 16:12:00,2011-11-30 17:37:00,0
15445.0,264,2,284.5,20.321428571428573,118,2,2010-04-28 15:00:00,2011-03-20 15:06:00,1
15446.0,377,3,399.75,3.5691964285714284,265,3,2009-12-13 13:53:00,2010-11-28 11:59:00,1
15447.0,331,5,492.88,16.99586206896552,228,4,2010-03-24 14:40:00,2011-01-13 11:26:00,1
15448.0,313,2,788.8100000000001,16.098163265306123,487,2,2010-02-03 13:29:00,2011-01-31 10:42:00,1
15449.0,26,3,974.52,16.242,812,3,2011-03-23 10:43:00,2011-11-13 15:02:00,0
15450.0,30,1,429.84,14.328,376,1,2011-11-09 17:11:00,2011-11-09 17:11:00,0
15451.0,434,2,226.86,3.781,76,2,2010-04-19 14:08:00,2010-10-01 13:40:00,1
15452.0,30,6,1785.1100000000001,8.970402010050252,1087,5,2010-07-16 14:23:00,2011-11-10 12:13:00,0
15453.0,2,7,1371.77,4.91673835125448,837,6,2011-06-05 12:37:00,2011-12-08 10:59:00,0
15454.0,362,2,305.99,7.64975,146,2,2010-03-31 13:15:00,2010-12-12 14:21:00,1
15455.0,598,1,38.25,19.125,3,1,2010-04-21 12:43:00,2010-04-21 12:43:00,1
15456.0,283,10,2091.52,9.21374449339207,2727,7,2009-12-08 12:54:00,2011-03-01 13:51:00,1
15457.0,262,1,237.07,4.087413793103448,132,1,2011-03-22 15:31:00,2011-03-22 15:31:00,1
15458.0,25,2,370.44,28.495384615384616,300,1,2010-11-02 19:50:00,2011-11-14 13:08:00,0
15459.0,417,2,202.83,28.975714285714286,121,2,2010-07-30 14:31:00,2010-10-18 15:25:00,1
15460.0,354,1,214.26,3.8260714285714283,107,1,2010-12-20 16:08:00,2010-12-20 16:08:00,1
15461.0,461,2,429.7,214.85,230,2,2010-03-18 12:40:00,2010-09-05 12:31:00,1
15462.0,94,4,737.05,17.976829268292683,495,3,2010-09-20 10:23:00,2011-09-06 13:11:00,0
15463.0,29,1,126.14,18.02,106,1,2011-11-10 12:57:00,2011-11-10 12:57:00,0
15464.0,338,1,1044.65,6.739677419354839,348,1,2011-01-05 15:56:00,2011-01-05 15:56:00,1
15465.0,20,32,12100.4,47.452549019607844,2638,12,2009-12-10 09:42:00,2011-11-20 10:11:00,0
15466.0,85,4,1560.46,5.9559541984732824,941,4,2009-12-03 12:28:00,2011-09-15 14:08:00,0
15467.0,9,3,524.88,10.093846153846155,310,2,2011-07-10 14:42:00,2011-11-30 14:17:00,0
15468.0,51,3,1430.48,17.881,1400,2,2010-11-12 09:39:00,2011-10-19 13:49:00,0
15469.0,50,3,874.25,20.33139534883721,287,3,2010-09-27 10:09:00,2011-10-20 16:21:00,0
15470.0,576,1,63.419999999999995,15.854999999999999,232,1,2010-05-13 09:35:00,2010-05-13 09:35:00,1
15471.0,2,3,1292.01,8.335548387096773,670,3,2010-06-07 12:17:00,2011-12-07 14:12:00,0
15472.0,113,1,371.56,4.888947368421053,251,1,2011-08-18 15:17:00,2011-08-18 15:17:00,0
15473.0,14,8,2046.0,146.14285714285714,776,3,2010-09-21 09:14:00,2011-11-25 15:15:00,0
15474.0,596,1,150.35,7.913157894736842,55,1,2010-04-23 11:14:00,2010-04-23 11:14:00,1
15475.0,77,1,454.11,15.65896551724138,319,1,2011-09-23 15:20:00,2011-09-23 15:20:00,0
15476.0,380,4,2209.98,27.974430379746835,1174,2,2010-09-23 14:00:00,2010-11-24 15:17:00,1
15477.0,650,1,368.4,184.2,216,1,2010-02-28 10:37:00,2010-02-28 10:37:00,1
15478.0,40,3,1983.48,28.74608695652174,894,2,2010-05-13 18:49:00,2011-10-30 14:19:00,0
15479.0,733,1,147.4,16.37777777777778,38,1,2009-12-06 15:08:00,2009-12-06 15:08:00,1
15480.0,116,5,6279.0,29.204651162790697,1852,2,2010-02-01 14:52:00,2011-08-15 14:32:00,0
15481.0,401,1,1993.34,52.456315789473685,1450,1,2010-11-03 14:52:00,2010-11-03 14:52:00,1
15482.0,16,19,14417.36,97.4145945945946,6516,7,2009-12-02 16:59:00,2011-11-24 10:46:00,0
15483.0,161,10,817.82,3.0402230483271375,905,6,2010-01-24 15:42:00,2011-07-01 13:07:00,0
15484.0,1,6,4652.1,19.383750000000003,4074,5,2009-12-05 15:18:00,2011-12-08 15:03:00,0
15485.0,30,7,4810.92,35.11620437956204,2153,4,2009-12-01 17:31:00,2011-11-09 14:31:00,0
15486.0,527,1,102.0,102.0,40,1,2010-06-30 13:15:00,2010-06-30 13:15:00,1
15487.0,680,1,231.32,16.52285714285714,144,1,2010-01-29 12:07:00,2010-01-29 12:07:00,1
15488.0,93,5,431.92,39.265454545454546,251,3,2010-05-05 13:03:00,2011-09-08 10:11:00,0
15489.0,23,8,2419.61,21.22464912280702,1264,7,2010-01-15 16:58:00,2011-11-17 08:53:00,0
15490.0,430,1,210.85,8.434,82,1,2010-10-05 13:11:00,2010-10-05 13:11:00,1
15491.0,95,6,3100.09,20.130454545454548,1646,5,2011-04-18 10:04:00,2011-09-05 15:56:00,0
15492.0,28,2,659.46,18.841714285714286,483,2,2011-09-26 14:02:00,2011-11-11 14:53:00,0
15493.0,33,9,4121.68,6.734771241830066,1206,5,2010-02-23 11:14:00,2011-11-07 12:04:00,0
15494.0,21,5,3702.6,10.061413043478261,3052,4,2009-12-10 20:16:00,2011-11-18 14:51:00,0
15495.0,379,1,246.5,12.325,194,1,2010-11-25 13:46:00,2010-11-25 13:46:00,1
15496.0,631,1,146.14,6.642727272727272,98,1,2010-03-18 13:16:00,2010-03-18 13:16:00,1
15497.0,18,9,8657.39,71.54867768595041,2937,7,2009-12-18 15:08:00,2011-11-22 11:51:00,0
15498.0,3,44,24972.86,26.538639744952178,12134,12,2009-12-16 17:27:00,2011-12-07 12:48:00,0
15499.0,724,1,158.65,3.8695121951219513,59,1,2009-12-16 12:17:00,2009-12-16 12:17:00,1
15500.0,8,4,1131.56,16.640588235294118,572,3,2011-09-19 13:47:00,2011-12-01 13:47:00,0
15501.0,405,2,399.95,5.796376811594203,205,1,2010-10-20 12:47:00,2010-10-31 11:15:00,1
15502.0,16,14,13003.87,39.40566666666667,5559,7,2010-06-03 11:12:00,2011-11-24 12:48:00,0
15503.0,363,2,257.3,2.1991452991452993,130,1,2009-12-13 11:34:00,2010-12-12 10:57:00,1
15504.0,81,4,402.7,6.2921875,141,4,2010-02-12 12:34:00,2011-09-19 13:45:00,0
15505.0,53,5,3610.96,37.22639175257732,2390,4,2011-07-07 13:33:00,2011-10-18 07:56:00,0
15506.0,23,6,2030.33,7.437106227106227,1637,4,2010-08-19 12:38:00,2011-11-17 12:11:00,0
15507.0,172,1,475.86,10.574666666666667,160,1,2011-06-21 11:19:00,2011-06-21 11:19:00,0
15508.0,189,6,1000.27,10.8725,440,3,2011-04-18 15:31:00,2011-06-03 15:43:00,1
15509.0,380,1,152.41,5.861923076923077,58,1,2010-11-24 14:48:00,2010-11-24 14:48:00,1
15510.0,331,1,250.0,250.0,2,1,2011-01-13 12:10:00,2011-01-13 12:10:00,1
15511.0,12,5,900.53,5.699556962025317,269,3,2011-09-15 15:05:00,2011-11-28 09:43:00,0
15512.0,156,4,331.58,10.361875,235,4,2010-02-01 13:23:00,2011-07-07 10:20:00,0
15513.0,33,35,26437.05,48.330987202925044,10477,11,2010-01-13 14:59:00,2011-11-06 14:36:00,0
15514.0,12,18,6392.06,20.16422712933754,4087,6,2009-12-04 16:37:00,2011-11-27 14:40:00,0
15515.0,387,1,171.81,24.544285714285714,131,1,2010-11-17 13:39:00,2010-11-17 13:39:00,1
15516.0,45,3,62.43,4.162,27,1,2011-10-24 11:33:00,2011-10-26 10:51:00,0
15517.0,233,1,267.03,9.889999999999999,293,1,2011-04-20 14:02:00,2011-04-20 14:02:00,1
15518.0,64,15,4189.99,9.352656249999999,2810,8,2009-12-20 12:21:00,2011-10-06 13:05:00,0
15519.0,383,2,344.61,9.313783783783784,116,2,2010-09-19 13:57:00,2010-11-21 14:35:00,1
15520.0,2,1,343.5,19.083333333333332,314,1,2011-12-08 10:58:00,2011-12-08 10:58:00,0
15521.0,40,16,7098.24,17.61349875930521,4507,9,2010-01-05 10:19:00,2011-10-30 13:42:00,0
15522.0,33,2,397.99,7.106964285714286,572,2,2011-09-13 12:26:00,2011-11-07 11:26:00,0
15523.0,84,16,17259.19,81.41127358490566,15633,10,2009-12-02 15:16:00,2011-09-16 16:29:00,0
15524.0,25,2,591.4,65.71111111111111,28,2,2010-04-12 09:19:00,2011-11-15 12:09:00,0
15525.0,2,4,890.22,4.945666666666667,527,2,2010-11-22 12:10:00,2011-12-07 14:43:00,0
15526.0,33,2,148.44,37.11,24,1,2011-11-06 15:01:00,2011-11-06 15:04:00,0
15527.0,19,23,5554.89,16.884164133738604,2211,9,2009-12-15 17:31:00,2011-11-21 12:17:00,0
15528.0,254,1,229.33,8.820384615384615,123,1,2011-03-30 16:14:00,2011-03-30 16:14:00,1
15529.0,23,12,4783.66,6.093834394904459,4271,9,2010-11-10 14:26:00,2011-11-17 11:29:00,0
15530.0,22,5,1808.68,12.737183098591549,1328,4,2010-07-15 11:10:00,2011-11-18 12:25:00,0
15531.0,8,2,1972.39,9.00634703196347,1085,2,2011-11-09 17:47:00,2011-12-01 18:43:00,0
15532.0,25,10,3738.85,6.059724473257698,1337,5,2010-06-08 14:52:00,2011-11-14 14:51:00,0
15533.0,19,3,807.57,9.729759036144578,289,2,2011-09-11 15:41:00,2011-11-20 15:35:00,0
15534.0,726,1,162.25,20.28125,63,1,2009-12-14 12:48:00,2009-12-14 12:48:00,1
15535.0,173,6,1044.37,8.033615384615384,314,5,2010-09-16 20:04:00,2011-06-19 16:02:00,0
15536.0,409,1,259.09,16.193125,242,1,2010-10-26 16:31:00,2010-10-26 16:31:00,1
15537.0,163,1,110.92,4.621666666666667,29,1,2011-06-29 13:10:00,2011-06-29 13:10:00,0
15538.0,538,6,3358.4,239.8857142857143,1016,4,2010-02-14 12:38:00,2010-06-20 10:49:00,1
15539.0,7,1,538.46,13.133170731707319,410,1,2011-12-02 13:36:00,2011-12-02 13:36:00,0
15540.0,11,2,460.68,14.860645161290323,444,1,2010-11-29 11:10:00,2011-11-28 13:51:00,0
15541.0,114,1,85.13000000000001,2.9355172413793107,49,1,2011-08-17 14:58:00,2011-08-17 14:58:00,0
15542.0,512,3,855.71,3.7863274336283186,418,2,2009-12-02 11:53:00,2010-07-15 13:32:00,1
15543.0,288,2,242.26,4.326071428571429,167,2,2010-09-06 11:28:00,2011-02-24 15:26:00,1
15544.0,9,20,7807.89,14.704124293785311,6745,10,2010-01-28 14:39:00,2011-11-30 16:43:00,0
15545.0,54,2,288.96999999999997,3.612125,162,2,2010-12-03 17:28:00,2011-10-16 13:24:00,0
15546.0,607,2,1079.1000000000001,89.92500000000001,198,1,2010-04-12 11:45:00,2010-04-12 11:51:00,1
15547.0,7,26,10057.05,7.550337837837837,7278,12,2009-12-06 13:40:00,2011-12-02 12:52:00,0
15548.0,596,1,158.09,6.8734782608695655,64,1,2010-04-23 12:20:00,2010-04-23 12:20:00,1
15549.0,77,8,2334.16,14.497888198757764,936,6,2010-01-11 13:16:00,2011-09-23 16:22:00,0
15550.0,4,12,2211.05,9.40872340425532,1139,7,2009-12-03 15:15:00,2011-12-05 15:38:00,0
15551.0,37,7,1679.81,11.746923076923077,796,4,2010-06-07 15:05:00,2011-11-03 12:37:00,0
15552.0,217,2,252.52,8.417333333333334,166,2,2010-03-26 16:17:00,2011-05-06 14:47:00,1
15553.0,60,1,428.93,7.798727272727273,449,1,2011-10-10 14:02:00,2011-10-10 14:02:00,0
15554.0,278,1,217.2,15.514285714285714,74,1,2011-03-07 09:00:00,2011-03-07 09:00:00,1
15555.0,12,36,11243.91,7.067196731615336,8511,10,2009-12-06 11:58:00,2011-11-27 16:19:00,0
15556.0,24,1,279.77,9.024838709677418,236,1,2011-11-15 16:08:00,2011-11-15 16:08:00,0
15557.0,29,1,468.91,24.679473684210528,213,1,2011-11-11 12:46:00,2011-11-11 12:46:00,0
15558.0,639,1,202.68,8.812173913043479,73,1,2010-03-10 15:25:00,2010-03-10 15:25:00,1
15559.0,568,1,1109.4,17.893548387096775,526,1,2010-05-20 14:06:00,2010-05-20 14:06:00,1
15560.0,398,2,153.52,15.352,72,1,2010-11-07 10:14:00,2010-11-07 10:15:00,1
15561.0,12,8,1934.3899999999999,21.025978260869564,1334,5,2010-02-14 12:22:00,2011-11-28 11:07:00,0
15562.0,352,3,671.4300000000001,20.346363636363638,560,2,2009-12-13 15:17:00,2010-12-23 09:55:00,1
15563.0,22,7,2859.46,11.126303501945525,3005,6,2010-01-28 11:36:00,2011-11-17 14:50:00,0
15564.0,463,2,70.74000000000001,17.685000000000002,42,2,2010-02-01 15:58:00,2010-09-02 15:52:00,1
15565.0,50,2,173.16000000000003,21.645000000000003,60,2,2011-09-30 10:44:00,2011-10-20 14:33:00,0
15566.0,393,2,227.87,18.989166666666666,153,2,2009-12-15 14:53:00,2010-11-12 12:11:00,1
15567.0,19,1,186.01,26.572857142857142,223,1,2011-11-21 10:48:00,2011-11-21 10:48:00,0
15568.0,3,3,758.29,14.307358490566036,461,3,2011-09-27 14:37:00,2011-12-07 11:27:00,0
15569.0,104,10,3583.45,25.596071428571427,1734,8,2010-02-28 10:55:00,2011-08-28 10:15:00,0
15570.0,7,25,8736.49,11.967794520547946,4079,11,2010-03-28 14:04:00,2011-12-02 14:47:00,0
15571.0,12,14,3892.35,6.4872499999999995,2411,7,2009-12-06 12:10:00,2011-11-28 10:02:00,0
15572.0,5,10,3965.2,11.560349854227404,2089,6,2010-04-14 14:38:00,2011-12-05 10:09:00,0
15573.0,32,5,1188.42,5.632322274881517,770,5,2009-12-10 14:19:00,2011-11-08 11:38:00,0
15574.0,178,6,1101.44,4.788869565217391,750,4,2010-09-01 14:37:00,2011-06-15 12:01:00,0
15575.0,620,1,30.1,10.033333333333333,6,1,2010-03-30 12:50:00,2010-03-30 12:50:00,1
15576.0,38,1,921.37,21.427209302325583,394,1,2011-11-02 12:03:00,2011-11-02 12:03:00,0
15577.0,151,5,396.03,6.712372881355932,120,3,2009-12-13 16:17:00,2011-07-11 17:03:00,0
15578.0,162,1,127.1,9.776923076923076,52,1,2011-06-30 13:03:00,2011-06-30 13:03:00,0
15579.0,69,5,1250.63,7.767888198757765,713,3,2010-10-03 14:37:00,2011-10-02 12:45:00,0
15580.0,377,8,1375.39,6.112844444444445,955,7,2010-02-07 11:21:00,2010-11-28 11:00:00,1
15581.0,121,38,7480.4,10.93625730994152,3028,11,2009-12-02 12:19:00,2011-08-11 09:38:00,0
15582.0,25,3,682.9100000000001,15.52068181818182,453,3,2011-05-03 13:36:00,2011-11-15 09:55:00,0
15583.0,376,1,95.96,2.4605128205128204,56,1,2010-11-28 15:04:00,2010-11-28 15:04:00,1
15584.0,24,6,1268.2,5.764545454545455,483,5,2010-02-07 12:16:00,2011-11-16 10:55:00,0
15585.0,177,1,455.3,14.687096774193549,320,1,2011-06-16 08:38:00,2011-06-16 08:38:00,0
15586.0,593,3,1139.1000000000001,29.976315789473688,1338,3,2010-01-08 10:02:00,2010-04-26 11:00:00,1
15587.0,50,7,1522.08,108.72,528,6,2010-08-05 08:44:00,2011-10-20 13:37:00,0
15588.0,678,1,579.6,144.9,96,1,2010-01-31 12:19:00,2010-01-31 12:19:00,1
15589.0,256,3,478.53,16.50103448275862,243,2,2011-02-02 10:46:00,2011-03-29 09:54:00,1
15590.0,382,5,1496.6,17.20229885057471,832,4,2010-04-12 10:09:00,2010-11-22 14:49:00,1
15591.0,583,3,217.9,31.12857142857143,58,3,2010-02-04 09:20:00,2010-05-06 09:23:00,1
15592.0,47,1,388.58,16.190833333333334,354,1,2011-10-24 08:59:00,2011-10-24 08:59:00,0
15593.0,71,1,199.8,39.96,60,1,2011-09-30 11:46:00,2011-09-30 11:46:00,0
15594.0,16,5,1771.78,17.201747572815535,983,3,2011-04-19 10:08:00,2011-11-24 08:53:00,0
15595.0,488,1,357.59999999999997,89.39999999999999,144,1,2010-08-09 12:27:00,2010-08-09 12:27:00,1
15596.0,101,9,2727.72,17.598193548387094,1208,8,2010-07-28 11:46:00,2011-08-31 10:55:00,0
15597.0,35,2,563.37,15.226216216216216,393,2,2010-05-13 13:10:00,2011-11-04 13:26:00,0
15598.0,53,2,548.02,15.222777777777777,404,1,2010-10-08 09:20:00,2011-10-17 16:04:00,0
15599.0,27,3,1250.06,15.060963855421686,1098,3,2010-09-20 10:15:00,2011-11-13 11:44:00,0
15600.0,428,4,1199.31,16.89169014084507,657,4,2010-04-25 11:50:00,2010-10-07 14:30:00,1
15601.0,11,30,14191.74,17.222985436893204,10395,12,2009-12-01 14:53:00,2011-11-28 15:15:00,0
15602.0,8,16,3137.96,25.10368,2292,8,2009-12-02 09:35:00,2011-12-01 14:14:00,0
15603.0,79,2,88.48,22.12,128,2,2010-03-01 16:02:00,2011-09-22 10:04:00,0
15604.0,52,1,216.39000000000001,12.728823529411766,159,1,2011-10-18 14:47:00,2011-10-18 14:47:00,0
15605.0,36,9,1741.95,17.595454545454547,641,7,2010-01-14 14:03:00,2011-11-03 14:17:00,0
15606.0,61,17,5230.99,36.07579310344828,1615,10,2010-03-02 14:48:00,2011-10-09 15:47:00,0
15607.0,337,9,1708.97,15.67862385321101,1470,5,2010-01-08 12:16:00,2011-01-07 12:44:00,1
15608.0,28,5,1785.98,17.009333333333334,1262,3,2010-10-20 10:10:00,2011-11-11 13:20:00,0
15609.0,184,1,298.48,18.655,148,1,2011-06-08 13:00:00,2011-06-08 13:00:00,1
15610.0,52,1,112.46000000000001,18.743333333333336,66,1,2011-10-19 10:36:00,2011-10-19 10:36:00,0
15611.0,10,26,2997.28,31.88595744680851,747,10,2010-01-25 14:50:00,2011-11-30 12:36:00,0
15612.0,36,2,195.15,32.525,52,2,2011-10-09 12:49:00,2011-11-03 14:52:00,0
15613.0,610,1,433.71999999999997,16.063703703703702,700,1,2010-04-08 12:51:00,2010-04-08 12:51:00,1
15614.0,438,4,3147.36,38.8562962962963,1632,3,2010-03-23 11:13:00,2010-09-28 10:46:00,1
15615.0,10,47,21373.97,23.72249722530522,12090,12,2009-12-02 15:28:00,2011-11-29 14:42:00,0
15616.0,438,1,317.11,24.393076923076926,137,1,2010-09-27 13:10:00,2010-09-27 13:10:00,1
15617.0,396,3,828.5500000000001,19.727380952380955,485,3,2010-07-20 13:16:00,2010-11-08 16:07:00,1
15618.0,33,4,776.851,17.263355555555556,454,3,2011-07-26 10:13:00,2011-11-07 08:34:00,0
15619.0,11,1,336.4,112.13333333333333,136,1,2011-11-29 08:14:00,2011-11-29 08:14:00,0
15620.0,57,4,1942.36,15.05705426356589,1249,3,2010-10-26 11:32:00,2011-10-14 12:41:00,0
15621.0,4,4,1293.03,80.814375,501,2,2011-11-18 11:49:00,2011-12-05 14:01:00,0
15622.0,43,17,7852.610000000001,18.43335680751174,4091,6,2010-03-04 10:29:00,2011-10-27 16:44:00,0
15623.0,141,8,2437.05,22.56527777777778,1087,7,2009-12-10 14:46:00,2011-07-21 17:26:00,0
15624.0,117,4,588.13,17.297941176470587,357,4,2011-03-28 13:32:00,2011-08-15 11:38:00,0
15625.0,104,9,3236.4,18.926315789473684,3020,5,2010-06-15 15:23:00,2011-08-28 10:21:00,0
15626.0,75,3,1067.52,13.344,1138,3,2010-10-14 17:16:00,2011-09-26 10:03:00,0
15627.0,457,2,566.9,23.620833333333334,344,2,2010-07-05 11:56:00,2010-09-08 14:14:00,1
15628.0,5,17,5333.08,17.83638795986622,3569,10,2009-12-13 13:39:00,2011-12-05 10:24:00,0
15629.0,450,4,2240.9,29.102597402597404,1518,3,2010-06-25 11:39:00,2010-09-15 13:46:00,1
15630.0,45,3,1481.4,18.517500000000002,987,3,2010-03-05 14:30:00,2011-10-25 15:36:00,0
15631.0,642,1,596.67,15.299230769230768,525,1,2010-03-07 14:52:00,2010-03-07 14:52:00,1
15632.0,16,8,3285.31,19.67251497005988,2109,7,2011-03-10 08:29:00,2011-11-24 09:51:00,0
15633.0,509,13,4335.96,24.636136363636364,2048,8,2009-12-08 17:51:00,2010-07-18 13:54:00,1
15634.0,17,2,554.65,16.313235294117646,227,1,2010-11-21 15:30:00,2011-11-22 16:28:00,0
15635.0,396,1,100.35,50.175,5,1,2010-11-09 08:58:00,2010-11-09 08:58:00,1
15636.0,90,4,1444.58,25.343508771929823,560,3,2010-05-19 11:37:00,2011-09-11 11:17:00,0
15637.0,53,5,797.59,19.45341463414634,651,4,2009-12-15 17:54:00,2011-10-18 08:28:00,0
15638.0,379,6,2265.2,90.60799999999999,1134,4,2010-04-08 14:37:00,2010-11-26 11:52:00,1
15639.0,134,3,1065.08,15.435942028985506,849,3,2010-04-13 13:11:00,2011-07-28 14:30:00,0
15640.0,4,29,23494.31,31.409505347593583,12140,10,2009-12-14 16:36:00,2011-12-05 14:35:00,0
15641.0,105,12,5345.55,17.188263665594857,4422,8,2009-12-06 15:31:00,2011-08-26 14:04:00,0
15642.0,730,1,105.78,17.63,270,1,2009-12-10 11:51:00,2009-12-10 11:51:00,1
15643.0,192,3,664.0,20.12121212121212,246,2,2011-03-02 14:34:00,2011-06-01 07:38:00,1
15644.0,166,4,803.54,3.4635344827586207,550,2,2011-03-23 15:37:00,2011-06-26 14:54:00,0
15645.0,19,3,1055.17,15.517205882352942,396,2,2010-10-10 12:51:00,2011-11-21 11:55:00,0
15646.0,158,5,784.8100000000001,11.541323529411766,821,5,2010-10-25 13:06:00,2011-07-05 09:53:00,0
15647.0,415,1,169.0,15.363636363636363,124,1,2010-10-20 15:09:00,2010-10-20 15:09:00,1
15648.0,204,2,639.5,26.645833333333332,218,2,2011-03-17 18:59:00,2011-05-19 15:53:00,1
15649.0,336,4,1660.35,150.9409090909091,365,3,2010-11-17 16:22:00,2011-01-07 13:34:00,1
15650.0,522,2,553.88,15.385555555555555,210,2,2010-03-21 11:46:00,2010-07-06 10:41:00,1
15651.0,37,5,1259.06,20.984333333333332,871,4,2010-04-22 13:26:00,2011-11-03 08:41:00,0
15652.0,91,5,1405.94,13.78372549019608,657,4,2010-08-11 16:58:00,2011-09-09 14:22:00,0
15653.0,93,2,877.44,146.24,1200,2,2011-08-16 09:50:00,2011-09-08 10:49:00,0
15654.0,9,2,922.53,43.93,475,1,2011-11-13 15:15:00,2011-11-30 13:08:00,0
15655.0,243,1,560.6700000000001,16.49029411764706,324,1,2011-04-10 15:25:00,2011-04-10 15:25:00,1
15656.0,45,4,748.5,15.925531914893616,343,4,2011-02-28 15:32:00,2011-10-25 14:56:00,0
15657.0,23,1,30.0,30.0,24,1,2011-11-17 12:19:00,2011-11-17 12:19:00,0
15658.0,190,8,2117.27,20.757549019607843,627,7,2009-12-03 11:19:00,2011-06-02 15:22:00,1
15659.0,44,3,532.49,25.356666666666666,161,3,2010-02-24 13:32:00,2011-10-27 09:23:00,0
15660.0,25,15,2603.69,17.24298013245033,1783,8,2010-02-05 16:01:00,2011-11-14 16:58:00,0
15661.0,317,8,1215.95,27.635227272727274,779,7,2010-05-10 07:59:00,2011-01-26 13:56:00,1
15662.0,661,2,283.73,23.644166666666667,145,2,2009-12-01 13:49:00,2010-02-16 16:47:00,1
15663.0,106,1,138.14,15.348888888888887,106,1,2011-08-25 15:50:00,2011-08-25 15:50:00,0
15664.0,51,4,1254.03,17.914714285714286,530,4,2010-02-28 12:50:00,2011-10-20 10:57:00,0
15665.0,168,5,3987.07,13.940804195804196,2777,5,2010-03-14 15:07:00,2011-06-24 14:57:00,0
15666.0,472,2,632.94,9.446865671641792,469,1,2010-08-01 15:41:00,2010-08-24 16:14:00,1
15667.0,40,1,301.32000000000005,23.17846153846154,240,1,2011-10-31 10:56:00,2011-10-31 10:56:00,0
15668.0,218,1,76.32000000000001,76.32000000000001,72,1,2011-05-06 10:39:00,2011-05-06 10:39:00,1
15669.0,40,4,684.34,20.737575757575758,342,4,2011-03-21 09:13:00,2011-10-30 16:03:00,0
15670.0,297,2,325.2,17.11578947368421,132,2,2010-06-01 15:34:00,2011-02-16 10:50:00,1
15671.0,19,7,2657.13,34.065769230769234,1699,5,2011-03-14 09:37:00,2011-11-21 12:43:00,0
15672.0,725,1,45.300000000000004,15.100000000000001,10,1,2009-12-14 16:52:00,2009-12-14 16:52:00,1
15673.0,88,9,6204.32,23.15044776119403,3274,6,2010-02-22 14:28:00,2011-09-12 16:12:00,0
15674.0,73,13,6948.2300000000005,19.795527065527068,3648,9,2009-12-08 17:08:00,2011-09-27 15:17:00,0
15675.0,81,4,542.04,15.486857142857142,624,4,2010-10-31 14:14:00,2011-09-19 13:48:00,0
15676.0,19,3,3435.76,17.00871287128713,2252,2,2011-03-01 10:19:00,2011-11-21 12:40:00,0
15677.0,49,3,1305.6299999999999,18.13375,675,2,2010-09-02 12:08:00,2011-10-21 15:36:00,0
15678.0,53,3,1825.94,19.84717391304348,1022,3,2010-07-05 12:49:00,2011-10-18 09:25:00,0
15679.0,24,4,781.28,7.102545454545455,1170,3,2011-06-10 08:24:00,2011-11-15 16:19:00,0
15680.0,9,10,4028.69,17.07072033898305,2743,8,2009-12-02 12:15:00,2011-11-30 13:46:00,0
15681.0,25,14,2989.7000000000003,33.97386363636364,1392,6,2010-05-24 14:18:00,2011-11-14 16:30:00,0
15682.0,599,2,318.24,12.7296,222,2,2010-01-21 14:37:00,2010-04-19 15:30:00,1
15683.0,117,2,524.54,20.174615384615382,332,1,2010-08-23 12:01:00,2011-08-14 12:56:00,0
15684.0,547,3,173.95,15.813636363636363,77,3,2009-12-04 16:13:00,2010-06-10 18:51:00,1
15685.0,450,1,55.980000000000004,3.2929411764705883,36,1,2010-09-15 13:43:00,2010-09-15 13:43:00,1
15686.0,420,1,90.0,90.0,72,1,2010-10-15 13:50:00,2010-10-15 13:50:00,1
15687.0,9,9,2993.1,18.030722891566263,1310,7,2011-01-13 15:13:00,2011-12-01 08:33:00,0
15688.0,419,1,190.57,7.058148148148148,95,1,2010-10-17 12:06:00,2010-10-17 12:06:00,1
15689.0,120,3,521.03,21.70958333333333,207,3,2010-04-01 09:53:00,2011-08-12 09:37:00,0
15690.0,4,2,239.76,12.618947368421052,408,2,2011-08-31 11:40:00,2011-12-05 15:59:00,0
15691.0,252,4,571.3,40.80714285714286,212,3,2009-12-06 16:01:00,2011-04-01 15:13:00,1
15692.0,28,1,191.04,15.92,138,1,2011-11-11 14:12:00,2011-11-11 14:12:00,0
15693.0,659,1,37.5,37.5,30,1,2010-02-18 14:37:00,2010-02-18 14:37:00,1
15694.0,1,24,9978.48,69.77958041958041,2467,10,2009-12-07 15:43:00,2011-12-09 09:44:00,0
15695.0,267,4,1131.04,19.170169491525424,484,3,2010-01-27 10:56:00,2011-03-18 08:32:00,1
15696.0,33,13,3881.2200000000003,17.562081447963802,1386,7,2010-01-24 14:36:00,2011-11-06 14:02:00,0
15697.0,690,1,246.75,17.625,127,1,2010-01-19 09:10:00,2010-01-19 09:10:00,1
15698.0,624,1,46.2,23.1,60,1,2010-03-25 17:38:00,2010-03-25 17:38:00,1
15699.0,18,1,309.65,17.202777777777776,113,1,2011-11-22 08:26:00,2011-11-22 08:26:00,0
15700.0,172,2,696.68,8.10093023255814,357,1,2011-06-19 15:36:00,2011-06-20 16:53:00,0
15701.0,2,4,1529.0,6.647826086956521,912,4,2011-08-21 12:36:00,2011-12-07 14:39:00,0
15702.0,476,2,140.39,4.679666666666666,103,2,2010-01-26 17:23:00,2010-08-20 14:50:00,1
15703.0,265,1,211.5,42.3,66,1,2011-03-20 10:51:00,2011-03-20 10:51:00,1
15704.0,140,6,3734.6600000000003,18.3071568627451,1709,3,2010-05-05 14:51:00,2011-07-22 13:35:00,0
15705.0,201,1,143.1,23.849999999999998,62,1,2011-05-22 15:37:00,2011-05-22 15:37:00,1
15706.0,64,4,1060.56,19.28290909090909,321,3,2011-08-15 14:32:00,2011-10-07 10:09:00,0
15707.0,35,4,916.98,4.473073170731707,594,3,2011-09-14 14:19:00,2011-11-04 14:35:00,0
15708.0,41,9,3887.15,11.534569732937685,1465,7,2010-10-10 11:33:00,2011-10-30 10:54:00,0
15709.0,284,2,327.85,12.142592592592594,169,2,2010-04-29 18:31:00,2011-03-01 10:38:00,1
15710.0,417,1,898.87,8.171545454545454,641,1,2010-10-18 17:05:00,2010-10-18 17:05:00,1
15711.0,557,2,420.25,16.81,199,2,2010-01-24 12:13:00,2010-06-01 12:14:00,1
15712.0,9,12,3472.41,20.91813253012048,1277,8,2009-12-01 11:17:00,2011-11-30 14:09:00,0
15713.0,143,4,839.64,16.146923076923077,451,3,2009-12-16 09:41:00,2011-07-19 13:34:00,0
15714.0,12,5,783.96,16.3325,361,3,2010-06-02 12:08:00,2011-11-28 11:26:00,0
15715.0,556,5,658.02,17.316315789473684,246,3,2010-03-30 12:17:00,2010-06-02 09:56:00,1
15716.0,146,11,2485.26,8.68972027972028,1379,8,2009-12-07 12:42:00,2011-07-17 11:59:00,0
15717.0,234,5,607.0,25.291666666666668,224,4,2010-04-26 10:41:00,2011-04-19 13:21:00,1
15718.0,540,1,293.79,16.32166666666667,95,1,2010-06-17 16:20:00,2010-06-17 16:20:00,1
15719.0,33,31,10195.97,5.760435028248587,5356,12,2009-12-01 12:47:00,2011-11-07 12:29:00,0
15720.0,24,2,739.22,4.831503267973856,327,2,2010-06-07 15:40:00,2011-11-15 14:48:00,0
15721.0,12,1,471.40000000000003,5.611904761904762,388,1,2011-11-28 12:14:00,2011-11-28 12:14:00,0
15722.0,36,11,5234.0,29.40449438202247,2279,7,2010-03-09 15:05:00,2011-11-04 11:43:00,0
15723.0,365,4,930.7,7.566666666666667,427,4,2010-05-14 12:55:00,2010-12-10 11:12:00,1
15724.0,201,3,310.85,18.28529411764706,117,3,2010-11-04 10:22:00,2011-05-22 14:40:00,1
15725.0,15,1,415.25,12.9765625,221,1,2011-11-24 14:51:00,2011-11-24 14:51:00,0
15726.0,390,1,321.91,13.99608695652174,123,1,2010-11-14 16:12:00,2010-11-14 16:12:00,1
15727.0,17,15,9371.71,13.681328467153284,5908,8,2010-01-24 12:12:00,2011-11-23 12:36:00,0
15728.0,380,2,544.6,45.38333333333333,132,2,2010-09-21 14:46:00,2010-11-25 10:39:00,1
15729.0,213,3,192.55,17.504545454545454,47,2,2010-11-01 13:44:00,2011-05-11 12:36:00,1
15730.0,66,5,1726.58,15.554774774774774,1061,4,2010-10-04 14:15:00,2011-10-05 12:31:00,0
15731.0,554,1,125.3,15.6625,122,1,2010-06-04 10:10:00,2010-06-04 10:10:00,1
15732.0,212,10,1543.97,15.595656565656565,1264,5,2010-02-04 10:10:00,2011-05-11 14:24:00,1
15733.0,283,1,162.3,16.23,62,1,2011-03-02 09:05:00,2011-03-02 09:05:00,1
15734.0,115,4,2263.3,52.63488372093024,516,4,2010-06-10 14:25:00,2011-08-17 10:50:00,0
15735.0,421,1,327.68,17.246315789473684,206,1,2010-10-14 13:38:00,2010-10-14 13:38:00,1
15736.0,435,2,1767.1200000000001,17.671200000000002,1208,1,2010-09-30 14:19:00,2010-09-30 14:20:00,1
15737.0,15,8,1188.1200000000001,16.734084507042255,597,5,2011-04-11 10:01:00,2011-11-25 11:21:00,0
15738.0,19,41,13043.32,27.06082987551867,9030,12,2009-12-10 15:52:00,2011-11-21 08:26:00,0
15739.0,66,1,449.12,56.14,472,1,2011-10-04 13:42:00,2011-10-04 13:42:00,0
15740.0,49,1,154.88,17.20888888888889,152,1,2011-10-21 14:29:00,2011-10-21 14:29:00,0
15741.0,458,2,208.62,17.385,70,2,2010-03-31 11:55:00,2010-09-07 16:21:00,1
15742.0,619,1,156.87,3.82609756097561,51,1,2010-03-30 15:25:00,2010-03-30 15:25:00,1
15743.0,16,4,775.96,9.022790697674418,214,3,2011-06-08 10:14:00,2011-11-23 17:19:00,0
15744.0,78,1,34.8,11.6,120,1,2011-09-23 09:52:00,2011-09-23 09:52:00,0
15745.0,19,4,1094.5900000000001,17.65467741935484,421,3,2011-04-17 13:04:00,2011-11-20 13:45:00,0
15746.0,134,1,196.88,7.031428571428571,178,1,2011-07-28 15:21:00,2011-07-28 15:21:00,0
15747.0,13,9,2499.81,11.573194444444445,1344,6,2010-01-18 11:21:00,2011-11-27 12:26:00,0
15748.0,40,3,609.81,16.939166666666665,261,2,2010-09-16 16:52:00,2011-10-30 12:51:00,0
15749.0,235,3,44534.3,4453.43,18028,2,2011-01-11 12:55:00,2011-04-18 13:20:00,1
15750.0,3,18,6452.991,10.275463375796178,4281,8,2009-12-01 17:19:00,2011-12-07 12:34:00,0
15751.0,461,11,1380.44,10.618769230769232,443,6,2009-12-06 13:08:00,2010-09-05 12:44:00,1
15752.0,40,9,3924.91,6.697798634812287,2792,8,2010-09-08 11:56:00,2011-10-31 11:37:00,0
15753.0,305,1,79.2,79.2,144,1,2011-02-08 12:41:00,2011-02-08 12:41:00,1
15754.0,51,9,3037.61,23.187862595419848,1762,7,2010-02-22 13:31:00,2011-10-19 14:40:00,0
15755.0,10,17,5993.12,16.153962264150945,4034,10,2009-12-04 08:24:00,2011-11-29 14:57:00,0
15756.0,61,4,528.01,2.764450261780105,241,4,2011-04-04 14:00:00,2011-10-09 13:30:00,0
15757.0,66,6,2940.36,15.235025906735752,1757,6,2010-06-10 13:47:00,2011-10-05 12:14:00,0
15758.0,25,1,205.25,22.805555555555557,47,1,2011-11-15 10:48:00,2011-11-15 10:48:00,0
15759.0,218,7,830.9300000000001,48.87823529411765,523,5,2009-12-02 10:08:00,2011-05-05 15:13:00,1
15760.0,631,2,13916.34,6958.17,2,1,2010-03-19 11:35:00,2010-03-19 11:45:00,1
15761.0,443,1,143.05,28.610000000000003,31,1,2010-09-23 09:33:00,2010-09-23 09:33:00,1
15762.0,65,2,583.75,15.777027027027026,251,2,2011-09-23 15:17:00,2011-10-05 16:15:00,0
15763.0,32,2,1086.92,17.818360655737706,271,2,2011-09-23 12:10:00,2011-11-08 09:44:00,0
15764.0,88,8,4503.08,18.08465863453815,2945,5,2010-08-18 13:58:00,2011-09-12 17:58:00,0
15765.0,667,1,370.63,14.8252,335,1,2010-02-11 10:25:00,2010-02-11 10:25:00,1
15766.0,64,3,831.0600000000001,31.963846153846156,334,3,2010-01-26 15:55:00,2011-10-06 17:03:00,0
15768.0,116,34,15308.89,12.672922185430464,4215,9,2009-12-03 12:10:00,2011-08-16 10:48:00,0
15769.0,7,46,88612.52,397.3655605381166,49068,12,2009-12-11 09:58:00,2011-12-02 13:52:00,0
15770.0,613,1,321.45,17.858333333333334,67,1,2010-04-06 11:47:00,2010-04-06 11:47:00,1
15771.0,604,3,1006.54,35.94785714285714,512,2,2010-01-15 12:14:00,2010-04-14 13:56:00,1
15772.0,418,1,280.88,17.555,110,1,2010-10-17 13:33:00,2010-10-17 13:33:00,1
15773.0,6,2,774.52,16.479148936170212,410,2,2010-10-26 15:27:00,2011-12-04 12:48:00,0
15774.0,69,6,1288.34,11.712181818181817,465,5,2010-02-21 12:57:00,2011-10-02 12:04:00,0
15775.0,245,2,150.5,16.72222222222222,260,2,2010-03-18 07:32:00,2011-04-08 12:56:00,1
15776.0,133,1,241.62,13.423333333333334,138,1,2011-07-29 13:46:00,2011-07-29 13:46:00,0
15777.0,241,7,1762.6100000000001,45.195128205128206,599,6,2010-05-20 10:37:00,2011-04-12 16:43:00,1
15778.0,431,1,307.95000000000005,18.114705882352943,101,1,2010-10-04 15:10:00,2010-10-04 15:10:00,1
15779.0,463,2,124.08000000000001,15.510000000000002,20,2,2010-06-25 15:55:00,2010-09-02 16:40:00,1
15780.0,184,3,475.28000000000003,16.38896551724138,220,3,2010-12-17 11:43:00,2011-06-09 12:01:00,1
15781.0,25,3,345.46000000000004,17.273000000000003,180,3,2011-02-07 09:15:00,2011-11-14 14:57:00,0
15782.0,10,4,4014.1,65.80491803278689,1844,3,2010-10-05 15:43:00,2011-11-30 10:49:00,0
15783.0,11,1,246.3,17.592857142857145,212,1,2011-11-29 09:50:00,2011-11-29 09:50:00,0
15784.0,468,2,848.33,19.72860465116279,381,2,2010-02-05 14:42:00,2010-08-29 10:38:00,1
15785.0,33,16,5969.93,26.533022222222222,4479,10,2009-12-15 16:28:00,2011-11-07 11:33:00,0
15786.0,46,5,8501.62,18.28305376344086,5957,3,2010-06-21 10:13:00,2011-10-24 14:13:00,0
15787.0,26,3,933.26,4.6663,534,2,2011-10-09 13:11:00,2011-11-13 14:55:00,0
15788.0,509,1,221.83,15.845,115,1,2010-07-19 12:48:00,2010-07-19 12:48:00,1
15789.0,358,6,1962.01,14.217463768115943,2499,5,2010-03-26 11:21:00,2010-12-16 14:35:00,1
15790.0,10,1,218.75,6.4338235294117645,113,1,2011-11-29 14:53:00,2011-11-29 14:53:00,0
15791.0,44,5,3608.34,21.60682634730539,1970,5,2010-03-08 09:41:00,2011-10-27 10:14:00,0
15792.0,400,2,933.84,16.383157894736843,606,2,2010-03-31 09:42:00,2010-11-05 08:21:00,1
15793.0,15,8,2399.57,79.98566666666667,1685,6,2009-12-01 12:54:00,2011-11-25 09:31:00,0
15794.0,736,2,777.0,51.8,288,1,2009-12-02 15:10:00,2009-12-03 13:04:00,1
15795.0,150,8,1979.8700000000001,15.11351145038168,1411,6,2010-01-18 11:31:00,2011-07-13 10:43:00,0
15796.0,1,17,5171.63,17.65061433447099,1733,11,2010-03-31 13:10:00,2011-12-08 19:55:00,0
15797.0,113,6,2821.08,235.09,1281,4,2010-01-27 13:12:00,2011-08-18 17:04:00,0
15798.0,493,3,1535.37,18.49843373493976,915,3,2010-01-27 11:55:00,2010-08-04 09:13:00,1
15799.0,76,4,1421.34,9.22948051948052,1341,4,2010-10-17 14:26:00,2011-09-25 12:46:00,0
15800.0,107,7,1227.07,5.289094827586206,575,4,2010-03-31 13:17:00,2011-08-24 14:23:00,0
15801.0,46,3,1063.95,16.62421875,570,2,2011-08-22 09:53:00,2011-10-24 13:52:00,0
15802.0,143,1,451.42,451.42,1,1,2011-07-20 11:38:00,2011-07-20 11:38:00,0
15803.0,51,4,1929.66,37.836470588235294,1030,3,2010-02-01 16:29:00,2011-10-19 14:56:00,0
15804.0,1,13,4206.39,16.05492366412214,2565,8,2011-05-25 10:12:00,2011-12-09 12:31:00,0
15805.0,23,30,10148.93,19.185122873345936,6205,10,2009-12-10 12:57:00,2011-11-16 16:32:00,0
15806.0,46,3,784.58,25.309032258064516,602,3,2011-03-08 09:24:00,2011-10-24 14:35:00,0
15807.0,50,5,1817.52,20.653636363636362,1532,3,2010-02-11 15:32:00,2011-10-20 14:10:00,0
15808.0,306,21,17180.25,22.254209844559586,6753,11,2009-12-01 16:30:00,2011-02-06 14:33:00,1
15809.0,36,7,1274.44,21.973103448275864,700,6,2010-06-22 14:23:00,2011-11-03 16:40:00,0
15810.0,79,8,2999.04,18.066506024096384,1653,6,2010-02-04 18:18:00,2011-09-22 09:38:00,0
15811.0,22,7,3486.15,12.76978021978022,1781,5,2010-11-16 16:46:00,2011-11-17 15:31:00,0
15812.0,107,12,5201.47,41.611760000000004,3450,8,2009-12-15 13:40:00,2011-08-24 14:19:00,0
15813.0,208,2,1303.9099999999999,32.59775,603,2,2011-04-14 09:09:00,2011-05-16 08:13:00,1
15814.0,17,6,2634.44,26.88204081632653,1728,3,2010-04-15 14:31:00,2011-11-23 08:17:00,0
15815.0,64,5,2100.6,42.86938775510204,1856,5,2011-03-25 08:43:00,2011-10-07 12:42:00,0
15816.0,542,2,144.15,13.104545454545455,54,1,2010-06-15 12:54:00,2010-06-15 13:36:00,1
15817.0,421,3,2766.4,18.2,1596,3,2010-06-14 13:31:00,2010-10-15 11:07:00,1
15818.0,588,1,340.5,30.954545454545453,284,1,2010-04-30 12:58:00,2010-04-30 12:58:00,1
15819.0,49,10,3934.79,15.133807692307693,2928,6,2010-03-18 11:08:00,2011-10-21 14:50:00,0
15820.0,320,1,206.98,12.175294117647057,128,1,2011-01-24 12:00:00,2011-01-24 12:00:00,1
15821.0,44,2,570.96,9.209032258064516,202,1,2011-10-09 13:28:00,2011-10-26 15:48:00,0
15822.0,3,6,1840.06,28.308615384615383,950,4,2009-12-06 15:12:00,2011-12-06 14:50:00,0
15823.0,372,3,3882.17,25.04625806451613,1774,1,2009-12-08 15:12:00,2010-12-02 15:08:00,1
15824.0,453,2,890.94,34.26692307692308,478,2,2010-06-25 15:10:00,2010-09-12 13:20:00,1
15825.0,172,1,532.94,26.647000000000002,220,1,2011-06-20 13:27:00,2011-06-20 13:27:00,0
15826.0,56,4,2598.28,21.834285714285716,1824,2,2010-05-20 17:00:00,2011-10-14 16:05:00,0
15827.0,73,28,3603.14,16.604331797235023,1715,11,2010-01-08 11:25:00,2011-09-27 15:35:00,0
15828.0,375,1,1108.82,14.984054054054052,367,1,2010-11-29 16:41:00,2010-11-29 16:41:00,1
15829.0,99,2,636.14,12.473333333333333,996,2,2011-07-22 10:23:00,2011-09-01 16:45:00,0
15830.0,38,1,576.0,14.76923076923077,415,1,2011-11-02 10:40:00,2011-11-02 10:40:00,0
15831.0,58,3,794.64,12.04,1092,3,2011-01-19 14:52:00,2011-10-12 13:14:00,0
15832.0,254,1,836.79,15.49611111111111,465,1,2011-03-30 15:29:00,2011-03-30 15:29:00,1
15833.0,738,1,80.4,16.080000000000002,24,1,2009-12-02 11:59:00,2009-12-02 11:59:00,1
15834.0,70,7,3764.39,10.065213903743315,1815,5,2010-10-11 14:05:00,2011-09-30 14:41:00,0
15835.0,44,4,954.09,19.0818,439,4,2011-01-13 10:35:00,2011-10-26 15:47:00,0
15836.0,50,1,137.37,13.737,26,1,2011-10-20 17:13:00,2011-10-20 17:13:00,0
15837.0,65,2,777.01,14.942499999999999,405,2,2010-08-11 10:16:00,2011-10-06 09:01:00,0
15838.0,11,34,73205.5,355.36650485436894,64114,10,2009-12-15 09:51:00,2011-11-28 14:00:00,0
15839.0,33,3,1048.49,16.911129032258064,675,3,2011-07-14 16:35:00,2011-11-06 13:54:00,0
15840.0,59,2,355.56,13.168888888888889,396,2,2011-06-20 11:42:00,2011-10-12 09:08:00,0
15841.0,73,9,2742.41,29.808804347826086,2391,6,2009-12-10 08:29:00,2011-09-28 12:15:00,0
15842.0,393,2,548.8000000000001,21.952,296,2,2010-06-30 09:06:00,2010-11-11 14:08:00,1
15843.0,304,1,118.95,14.86875,27,1,2011-02-09 10:19:00,2011-02-09 10:19:00,1
15844.0,46,1,130.73999999999998,11.885454545454543,134,1,2011-10-24 15:19:00,2011-10-24 15:19:00,0
15845.0,18,11,4426.28,25.4383908045977,2128,8,2010-01-26 14:44:00,2011-11-22 09:42:00,0
15846.0,385,1,107.01,3.6900000000000004,79,1,2010-11-19 14:40:00,2010-11-19 14:40:00,1
15847.0,38,5,822.57,17.136875,643,5,2010-03-08 08:47:00,2011-11-01 14:41:00,0
15848.0,622,1,137.99,4.058529411764706,45,1,2010-03-28 10:54:00,2010-03-28 10:54:00,1
15850.0,19,6,1006.75,3.237138263665595,1334,3,2009-12-13 13:27:00,2011-11-20 14:14:00,0
15851.0,527,1,109.73,13.71625,67,1,2010-07-01 12:34:00,2010-07-01 12:34:00,1
15852.0,187,3,257.26,7.795757575757576,60,3,2010-07-01 10:16:00,2011-06-06 11:22:00,1
15853.0,52,1,110.8,3.6933333333333334,135,1,2011-10-19 10:38:00,2011-10-19 10:38:00,0
15854.0,4,21,5578.28,21.79015625,1691,11,2009-12-10 12:08:00,2011-12-05 13:39:00,0
15855.0,137,6,1052.72,11.081263157894737,712,6,2010-08-20 17:15:00,2011-07-26 10:20:00,0
15856.0,4,52,32275.95,29.288520871143376,19550,12,2009-12-03 14:02:00,2011-12-05 17:09:00,0
15857.0,19,2,570.48,23.77,584,2,2010-10-05 16:43:00,2011-11-21 12:18:00,0
15858.0,16,13,3552.41,8.166459770114942,2715,9,2009-12-10 11:42:00,2011-11-24 12:48:00,0
15859.0,432,1,438.46,19.93,174,1,2010-10-03 12:52:00,2010-10-03 12:52:00,1
15860.0,41,17,2361.3,6.884256559766764,1259,9,2009-12-06 12:31:00,2011-10-30 11:25:00,0
15861.0,12,12,4369.2,5.544670050761421,3837,8,2010-01-28 19:41:00,2011-11-27 15:59:00,0
15862.0,8,13,2512.29,5.044759036144578,1520,6,2009-12-17 11:33:00,2011-12-01 13:28:00,0
15863.0,26,5,355.1,4.611688311688312,162,5,2009-12-17 10:20:00,2011-11-14 12:49:00,0
15864.0,22,7,2180.76,94.81565217391305,1486,5,2010-11-23 15:02:00,2011-11-17 13:32:00,0
15865.0,41,5,2241.42,17.78904761904762,1141,4,2010-01-05 13:58:00,2011-10-30 12:43:00,0
15866.0,101,1,211.89,4.927674418604651,124,1,2011-08-30 14:09:00,2011-08-30 14:09:00,0
15867.0,5,31,8923.3,8.748333333333333,5067,12,2009-12-14 15:16:00,2011-12-04 13:32:00,0
15868.0,583,1,94.53,23.6325,57,1,2010-05-05 14:11:00,2010-05-05 14:11:00,1
15869.0,277,3,321.11,9.444411764705883,273,1,2010-03-23 16:50:00,2011-03-07 17:23:00,1
15870.0,33,4,857.46,5.9962237762237764,504,2,2010-09-19 16:22:00,2011-11-07 10:58:00,0
15871.0,437,1,33.099999999999994,6.619999999999999,5,1,2010-09-28 14:16:00,2010-09-28 14:16:00,1
15872.0,15,4,729.25,3.8789893617021276,467,2,2010-06-07 14:53:00,2011-11-25 11:55:00,0
15873.0,500,4,313.91999999999996,52.31999999999999,1152,1,2010-07-27 11:58:00,2010-07-28 12:41:00,1
15874.0,64,21,11284.76,32.99637426900585,5102,9,2010-01-07 13:56:00,2011-10-07 12:31:00,0
15875.0,646,1,108.52,4.718260869565217,74,1,2010-03-03 16:51:00,2010-03-03 16:51:00,1
15876.0,409,2,1449.14,131.74,886,2,2010-09-17 15:26:00,2010-10-26 18:58:00,1
15877.0,2,2,490.33,3.8915079365079364,368,2,2011-11-22 11:18:00,2011-12-08 11:53:00,0
15878.0,562,2,330.77,6.485686274509804,243,2,2009-12-06 12:28:00,2010-05-27 12:17:00,1
15879.0,404,4,1137.8,6.356424581005586,639,4,2009-12-17 19:54:00,2010-10-31 16:21:00,1
15880.0,369,1,329.03,3.427395833333333,202,1,2010-12-05 13:00:00,2010-12-05 13:00:00,1
15881.0,312,5,501.39,17.289310344827587,260,2,2010-12-10 13:32:00,2011-01-31 16:59:00,1
15882.0,199,8,1124.66,19.062033898305085,650,5,2009-12-10 15:33:00,2011-05-25 11:35:00,1
15883.0,2,2,396.48,8.091428571428573,223,2,2011-11-06 14:50:00,2011-12-07 17:05:00,0
15884.0,432,2,244.60000000000002,17.47142857142857,152,2,2009-12-03 18:23:00,2010-10-03 15:55:00,1
15885.0,93,15,1951.82,16.972347826086956,622,10,2010-01-21 12:47:00,2011-09-08 10:43:00,0
15886.0,60,4,1052.8700000000001,16.98177419354839,667,2,2010-04-20 15:03:00,2011-10-10 14:25:00,0
15887.0,407,3,1027.15,27.760810810810813,605,3,2010-06-02 11:53:00,2010-10-29 08:36:00,1
15888.0,81,3,429.16,11.004102564102565,139,3,2010-07-01 11:51:00,2011-09-20 12:30:00,0
15889.0,157,8,1427.6,4.742857142857143,800,5,2009-12-10 12:21:00,2011-07-06 11:10:00,0
15890.0,395,5,535.65,53.565,119,2,2010-04-14 08:43:00,2010-11-10 12:46:00,1
15891.0,227,1,511.68,8.528,418,1,2011-04-27 12:35:00,2011-04-27 12:35:00,1
15892.0,669,1,128.2,3.3736842105263154,46,1,2010-02-08 16:23:00,2010-02-08 16:23:00,1
15893.0,482,1,305.28000000000003,305.28000000000003,288,1,2010-08-15 11:12:00,2010-08-15 11:12:00,1
15894.0,253,2,258.25,6.97972972972973,164,2,2010-12-05 14:06:00,2011-03-31 13:50:00,1
15895.0,150,1,179.17,16.288181818181815,94,1,2011-07-13 10:27:00,2011-07-13 10:27:00,0
15897.0,194,2,208.59,9.481363636363637,223,1,2011-05-29 13:32:00,2011-05-29 13:50:00,1
15898.0,1,25,4996.45,8.071809369951534,2160,11,2009-12-11 16:11:00,2011-12-08 15:23:00,0
15899.0,369,1,56.25,14.0625,39,1,2010-12-06 10:36:00,2010-12-06 10:36:00,1
15900.0,24,4,886.57,7.036269841269841,656,3,2010-05-26 11:27:00,2011-11-16 12:19:00,0
15901.0,17,7,687.72,4.193414634146341,695,4,2010-06-14 12:39:00,2011-11-23 12:43:00,0
15902.0,380,1,145.01,8.056111111111111,124,1,2010-11-24 16:57:00,2010-11-24 16:57:00,1
15903.0,10,12,8939.84,77.06758620689655,3926,7,2010-01-14 10:57:00,2011-11-30 08:08:00,0
15904.0,8,1,164.68,5.489333333333334,84,1,2011-12-01 14:50:00,2011-12-01 14:50:00,0
15905.0,543,1,114.69,5.213181818181818,82,1,2010-06-14 16:00:00,2010-06-14 16:00:00,1
15906.0,20,10,2530.19,12.588009950248756,749,6,2010-09-15 12:17:00,2011-11-20 12:24:00,0
15907.0,4,3,882.72,3.905840707964602,478,3,2011-05-13 13:01:00,2011-12-06 12:21:00,0
15908.0,491,2,758.62,18.9655,173,2,2010-07-15 19:21:00,2010-08-06 11:56:00,1
15909.0,174,1,191.94,27.419999999999998,98,1,2011-06-19 10:38:00,2011-06-19 10:38:00,0
15910.0,1,15,2661.17,4.292209677419355,2158,12,2010-01-21 11:51:00,2011-12-09 10:51:00,0
15911.0,624,8,1700.24,6.590077519379845,810,4,2009-12-09 13:26:00,2010-03-26 12:06:00,1
15912.0,178,9,1074.7,11.31263157894737,759,6,2009-12-10 12:58:00,2011-06-14 14:29:00,0
15913.0,534,1,6.300000000000001,6.300000000000001,3,1,2010-06-23 16:31:00,2010-06-23 16:31:00,1
15914.0,378,2,205.99,15.845384615384615,149,1,2010-11-26 16:09:00,2010-11-26 16:10:00,1
15915.0,402,1,364.45,3.225221238938053,414,1,2010-11-03 11:13:00,2010-11-03 11:13:00,1
15916.0,16,13,3145.2400000000002,10.278562091503268,1618,8,2009-12-10 16:21:00,2011-11-23 13:46:00,0
15917.0,248,5,530.17,3.7335915492957743,248,2,2009-12-02 14:55:00,2011-04-06 10:40:00,1
15918.0,191,3,582.88,9.555409836065573,240,2,2010-03-18 11:40:00,2011-06-02 11:42:00,1
15919.0,20,2,525.69,4.308934426229508,385,2,2010-12-06 11:26:00,2011-11-20 11:28:00,0
15920.0,154,9,569.14,5.319065420560747,238,5,2009-12-14 13:09:00,2011-07-08 15:31:00,0
15921.0,173,4,775.26,9.813417721518988,335,4,2010-03-09 11:03:00,2011-06-20 11:03:00,0
15922.0,373,1,369.5,33.59090909090909,138,1,2010-12-01 13:51:00,2010-12-01 13:51:00,1
15923.0,373,1,127.08,6.051428571428572,122,1,2010-12-02 12:16:00,2010-12-02 12:16:00,1
15924.0,731,1,102.82,6.854666666666666,103,1,2009-12-08 15:00:00,2009-12-08 15:00:00,1
15925.0,194,1,207.15,17.2625,93,1,2011-05-29 15:35:00,2011-05-29 15:35:00,1
15926.0,542,1,134.44,19.205714285714286,155,1,2010-06-15 15:23:00,2010-06-15 15:23:00,1
15927.0,647,1,106.54,7.102666666666667,66,1,2010-03-02 13:25:00,2010-03-02 13:25:00,1
15928.0,656,1,293.53,26.684545454545454,164,1,2010-02-21 15:16:00,2010-02-21 15:16:00,1
15929.0,644,1,594.0,594.0,120,1,2010-03-05 14:56:00,2010-03-05 14:56:00,1
15930.0,67,1,426.63,20.315714285714286,139,1,2011-10-03 14:52:00,2011-10-03 14:52:00,0
15931.0,428,1,239.9,17.135714285714286,118,1,2010-10-07 16:46:00,2010-10-07 16:46:00,1
15932.0,4,8,2495.87,21.703217391304346,2325,8,2011-02-23 14:50:00,2011-12-05 17:13:00,0
15933.0,21,3,1107.46,14.965675675675676,885,2,2011-09-14 12:05:00,2011-11-18 13:14:00,0
15934.0,418,2,2190.66,75.53999999999999,2166,1,2010-10-06 12:08:00,2010-10-18 10:13:00,1
15935.0,239,2,416.86,34.73833333333334,115,1,2011-04-12 09:35:00,2011-04-14 13:27:00,1
15936.0,379,2,282.79,14.883684210526317,211,2,2010-08-29 11:42:00,2010-11-25 16:39:00,1
15937.0,64,1,145.35000000000002,20.764285714285716,73,1,2011-10-06 15:48:00,2011-10-06 15:48:00,0
15938.0,112,9,734.8100000000001,18.841282051282054,449,8,2010-06-01 09:42:00,2011-08-19 12:56:00,0
15939.0,90,16,9060.39,56.27571428571428,6260,10,2010-11-30 12:07:00,2011-09-11 11:30:00,0
15940.0,311,1,35.8,35.8,4,1,2011-02-01 16:18:00,2011-02-01 16:18:00,1
15941.0,637,1,405.0,67.5,60,1,2010-03-12 14:45:00,2010-03-12 14:45:00,1
15942.0,134,1,337.44,24.102857142857143,232,1,2011-07-29 09:01:00,2011-07-29 09:01:00,0
15943.0,650,2,271.28999999999996,22.607499999999998,183,2,2010-01-31 11:04:00,2010-02-28 12:49:00,1
15944.0,277,4,2164.24,56.95368421052631,859,4,2009-12-13 12:57:00,2011-03-08 10:33:00,1
15945.0,365,4,646.27,23.081071428571427,345,3,2009-12-01 13:47:00,2010-12-09 13:14:00,1
15946.0,503,3,2304.18,88.62230769230769,1614,2,2010-03-16 10:49:00,2010-07-25 12:18:00,1
15947.0,83,1,1708.24,58.9048275862069,898,1,2011-09-18 10:46:00,2011-09-18 10:46:00,0
15948.0,8,3,1509.0900000000001,15.885157894736844,852,2,2010-10-11 12:16:00,2011-12-01 15:32:00,0
15949.0,17,2,364.72,19.19578947368421,284,2,2011-09-29 17:34:00,2011-11-23 09:09:00,0
15950.0,32,10,7120.91,18.119363867684477,3354,7,2010-01-26 11:39:00,2011-11-08 11:09:00,0
15951.0,9,3,1013.1700000000001,17.172372881355933,420,3,2010-11-23 18:20:00,2011-12-01 08:34:00,0
15952.0,34,4,781.91,9.30845238095238,391,4,2011-04-28 12:55:00,2011-11-06 11:18:00,0
15953.0,15,18,3440.34,20.600838323353294,1741,10,2009-12-03 14:00:00,2011-11-24 15:32:00,0
15954.0,589,1,190.75,9.5375,119,1,2010-04-29 13:35:00,2010-04-29 13:35:00,1
15955.0,24,22,8085.9800000000005,23.643216374269006,3967,9,2010-02-23 16:36:00,2011-11-15 14:15:00,0
15956.0,551,2,617.6,34.31111111111111,278,2,2009-12-13 11:16:00,2010-06-06 13:06:00,1
15957.0,32,3,921.25,6.309931506849315,453,2,2010-10-15 12:11:00,2011-11-08 12:14:00,0
15958.0,74,4,462.12,7.109538461538461,154,4,2010-06-07 10:59:00,2011-09-26 13:41:00,0
15959.0,682,3,542.89,7.646338028169014,269,1,2010-01-26 16:19:00,2010-01-26 16:38:00,1
15960.0,374,4,410.95,15.805769230769231,258,2,2010-09-30 15:50:00,2010-11-30 15:57:00,1
15961.0,379,1,451.28999999999996,10.745,154,1,2010-11-25 15:59:00,2010-11-25 15:59:00,1
15962.0,449,1,289.48,5.263272727272728,228,1,2010-09-16 13:48:00,2010-09-16 13:48:00,1
15963.0,20,2,470.76,16.812857142857144,298,2,2011-10-25 13:05:00,2011-11-20 11:33:00,0
15964.0,663,1,269.21000000000004,13.460500000000001,93,1,2010-02-14 15:30:00,2010-02-14 15:30:00,1
15965.0,17,13,2771.94,8.34921686746988,1313,7,2009-12-03 11:45:00,2011-11-22 16:44:00,0
15966.0,451,1,426.53,15.797407407407407,275,1,2010-09-15 10:44:00,2010-09-15 10:44:00,1
15967.0,23,12,2966.0,6.179166666666666,1183,9,2009-12-01 13:29:00,2011-11-16 15:41:00,0
15968.0,388,1,404.55,5.056875,247,1,2010-11-16 13:04:00,2010-11-16 13:04:00,1
15969.0,3,5,1127.05,32.20142857142857,223,4,2010-07-05 13:10:00,2011-12-07 11:06:00,0
15970.0,304,2,1017.3199999999999,42.38833333333333,498,2,2010-04-20 11:30:00,2011-02-09 12:08:00,1
15971.0,18,18,5902.83,140.54357142857143,2251,9,2009-12-08 09:46:00,2011-11-22 12:50:00,0
15972.0,456,5,1769.33,12.728992805755395,468,4,2010-04-18 14:06:00,2010-09-09 13:20:00,1
15973.0,367,3,680.62,61.874545454545455,195,2,2010-10-06 15:00:00,2010-12-08 11:42:00,1
15974.0,39,7,3442.15,19.557670454545455,2262,7,2011-02-24 10:10:00,2011-10-31 13:13:00,0
15975.0,84,1,371.01,15.45875,243,1,2011-09-16 13:33:00,2011-09-16 13:33:00,0
15976.0,165,6,1694.41,4.482566137566137,1053,5,2010-06-06 14:01:00,2011-06-27 13:00:00,0
15977.0,17,2,1054.73,16.226615384615386,1016,2,2011-10-31 16:24:00,2011-11-22 13:29:00,0
15978.0,77,3,3279.42,25.42186046511628,2444,3,2010-03-05 14:39:00,2011-09-23 15:21:00,0
15979.0,603,1,329.21999999999997,14.964545454545453,450,1,2010-04-16 11:35:00,2010-04-16 11:35:00,1
15980.0,89,7,6543.68,56.90156521739131,4822,4,2010-06-01 14:40:00,2011-09-12 09:41:00,0
15981.0,25,21,9362.77,32.509618055555556,4827,10,2010-03-29 10:07:00,2011-11-15 08:00:00,0
15982.0,605,1,324.51,7.211333333333333,131,1,2010-04-13 15:47:00,2010-04-13 15:47:00,1
15983.0,22,8,3110.37,12.055697674418605,1872,2,2009-12-06 12:52:00,2011-11-17 17:34:00,0
15984.0,3,30,8393.02,11.990028571428573,5730,12,2009-12-01 13:38:00,2011-12-07 12:16:00,0
15985.0,123,7,2715.28,26.10846153846154,2750,5,2010-05-27 15:51:00,2011-08-08 16:31:00,0
15986.0,30,2,354.42,14.1768,368,1,2010-11-23 10:02:00,2011-11-09 15:17:00,0
15987.0,12,8,1535.99,9.08869822485207,1599,5,2010-11-25 12:56:00,2011-11-27 15:38:00,0
15988.0,19,3,738.89,6.157416666666666,476,3,2010-02-21 11:36:00,2011-11-20 13:23:00,0
15989.0,376,2,368.31,4.2826744186046515,169,2,2009-12-02 15:51:00,2010-11-29 12:03:00,1
15990.0,44,7,1997.75,11.286723163841808,1086,5,2010-02-28 12:30:00,2011-10-26 15:58:00,0
15991.0,534,1,150.55,25.09166666666667,41,1,2010-06-23 15:50:00,2010-06-23 15:50:00,1
15992.0,4,3,896.6,16.603703703703705,514,3,2010-09-12 11:52:00,2011-12-06 11:00:00,0
15993.0,9,7,2777.67,5.115414364640884,2037,3,2011-10-26 16:21:00,2011-12-01 10:45:00,0
15994.0,55,3,1175.68,10.885925925925926,462,2,2010-03-14 11:55:00,2011-10-16 12:28:00,0
15995.0,414,1,694.54,6.314,352,1,2010-10-21 13:57:00,2010-10-21 13:57:00,1
15996.0,88,7,1386.4,8.013872832369943,643,7,2010-11-07 15:49:00,2011-09-12 15:14:00,0
15998.0,37,16,8274.14,5.806414035087719,5350,9,2009-12-01 11:45:00,2011-11-03 12:45:00,0
15999.0,736,1,20.4,20.4,24,1,2009-12-04 12:31:00,2009-12-04 12:31:00,1
16000.0,3,3,12393.7,1377.0777777777778,5110,1,2011-12-07 12:14:00,2011-12-07 12:17:00,0
16001.0,381,1,583.39,20.11689655172414,337,1,2010-11-23 17:10:00,2010-11-23 17:10:00,1
16002.0,625,1,169.21,4.028809523809524,70,1,2010-03-24 13:08:00,2010-03-24 13:08:00,1
16003.0,30,10,5613.83,27.65433497536946,2210,6,2009-12-03 18:51:00,2011-11-10 09:57:00,0
16004.0,475,5,2146.39,23.848777777777777,1076,4,2010-01-25 13:56:00,2010-08-22 11:48:00,1
16005.0,12,10,2365.4900000000002,4.887376033057851,1269,5,2010-09-15 13:21:00,2011-11-27 13:47:00,0
16006.0,211,2,332.82,4.266923076923077,205,2,2010-11-17 12:03:00,2011-05-12 13:12:00,1
16007.0,48,7,3053.06,4.646971080669711,2631,5,2010-06-14 13:18:00,2011-10-23 11:05:00,0
16008.0,24,15,5339.13,21.103280632411067,3237,7,2010-03-19 11:07:00,2011-11-16 10:32:00,0
16009.0,22,4,972.11,11.855,366,3,2011-07-03 11:26:00,2011-11-17 16:51:00,0
16010.0,246,11,1694.86,5.864567474048442,919,4,2010-10-24 10:54:00,2011-04-08 10:14:00,1
16011.0,8,29,5601.01,13.17884705882353,3323,11,2009-12-01 12:02:00,2011-12-01 16:31:00,0
16012.0,35,5,2978.59,12.462719665271967,1760,4,2010-06-28 11:39:00,2011-11-04 13:25:00,0
16013.0,4,84,56078.44,259.6224074074074,25520,12,2009-12-08 10:24:00,2011-12-06 10:36:00,0
16014.0,38,5,1100.28,4.001018181818182,462,5,2010-01-31 12:43:00,2011-11-02 12:04:00,0
16015.0,4,3,704.55,3.892541436464088,907,3,2011-10-21 12:56:00,2011-12-06 10:58:00,0
16016.0,3,11,2083.4,7.014814814814815,881,5,2010-11-02 13:27:00,2011-12-06 14:35:00,0
16017.0,47,5,1545.58,11.889076923076923,635,3,2010-01-05 12:06:00,2011-10-23 12:56:00,0
16018.0,39,4,698.13,12.466607142857143,503,4,2009-12-07 13:57:00,2011-10-31 14:13:00,0
16019.0,47,27,17329.16,43.00039702233251,6959,10,2009-12-14 14:12:00,2011-10-24 11:51:00,0
16020.0,17,3,851.01,18.500217391304346,487,2,2011-10-05 13:54:00,2011-11-23 11:18:00,0
16021.0,395,2,487.03,3.8653174603174603,276,2,2010-06-13 11:05:00,2010-11-09 14:48:00,1
16022.0,260,1,602.63,8.48774647887324,255,1,2011-03-24 13:16:00,2011-03-24 13:16:00,1
16023.0,46,3,719.81,7.126831683168317,358,3,2011-03-18 13:32:00,2011-10-24 16:34:00,0
16024.0,12,3,483.99,5.694,504,2,2010-10-24 11:40:00,2011-11-27 13:26:00,0
16025.0,30,1,439.65999999999997,15.702142857142857,338,1,2011-11-10 11:45:00,2011-11-10 11:45:00,0
16026.0,43,1,236.09,7.3778125,243,1,2011-10-27 13:53:00,2011-10-27 13:53:00,0
16027.0,92,15,2048.36,58.524571428571434,2099,8,2010-01-08 13:21:00,2011-09-09 10:47:00,0
16028.0,596,1,82.2,16.44,18,1,2010-04-23 11:45:00,2010-04-23 11:45:00,1
16029.0,39,107,117763.62,318.28005405405406,54450,12,2009-12-08 11:23:00,2011-11-01 10:27:00,0
16030.0,310,1,331.24,11.422068965517242,283,1,2011-02-03 11:28:00,2011-02-03 11:28:00,1
16031.0,92,2,547.9,5.590816326530612,421,2,2011-04-06 14:23:00,2011-09-08 13:07:00,0
16032.0,456,6,1965.72,9.36057142857143,1467,3,2010-07-04 13:31:00,2010-09-09 18:00:00,1
16033.0,6,27,10608.81,7.806335540838852,4200,12,2010-08-11 16:44:00,2011-12-04 12:44:00,0
16034.0,196,6,911.32,16.27357142857143,585,4,2010-10-26 13:00:00,2011-05-27 16:17:00,1
16035.0,560,1,217.73,10.368095238095238,33,1,2010-05-28 15:09:00,2010-05-28 15:09:00,1
16036.0,87,4,2556.84,18.263142857142856,1369,3,2010-03-29 14:47:00,2011-09-13 14:53:00,0
16037.0,270,5,1509.3400000000001,21.25830985915493,766,4,2010-03-01 12:31:00,2011-03-15 09:13:00,1
16038.0,8,3,471.78,18.145384615384614,244,3,2011-05-22 11:29:00,2011-12-02 12:40:00,0
16039.0,424,2,456.4,14.2625,409,2,2010-03-21 15:17:00,2010-10-12 10:44:00,1
16040.0,65,7,2416.9,19.3352,1185,6,2010-04-09 10:12:00,2011-10-05 13:47:00,0
16041.0,31,3,3166.4,527.7333333333333,1584,2,2011-07-21 16:27:00,2011-11-09 12:25:00,0
16042.0,22,8,2245.32,17.40558139534884,1430,5,2010-09-12 12:00:00,2011-11-17 17:50:00,0
16043.0,38,8,1856.5900000000001,25.4327397260274,1011,6,2010-08-15 11:26:00,2011-11-02 12:50:00,0
16044.0,435,1,340.84000000000003,17.938947368421054,170,1,2010-09-30 18:12:00,2010-09-30 18:12:00,1
16045.0,120,8,3434.93,23.208986486486484,2108,6,2010-07-29 12:50:00,2011-08-12 12:41:00,0
16046.0,562,1,235.78,10.717272727272727,248,1,2010-05-26 13:18:00,2010-05-26 13:18:00,1
16047.0,682,1,107.14,107.14,1,1,2010-01-26 16:34:00,2010-01-26 16:34:00,1
16048.0,373,4,818.7900000000001,22.74416666666667,425,3,2010-06-08 12:36:00,2010-12-01 15:28:00,1
16049.0,40,6,1852.15,3.8188659793814437,1132,4,2010-07-11 13:53:00,2011-10-30 13:19:00,0
16050.0,174,3,300.7,14.319047619047618,388,2,2010-11-03 15:55:00,2011-06-19 11:44:00,0
16051.0,682,1,188.44,15.703333333333333,80,1,2010-01-27 09:38:00,2010-01-27 09:38:00,1
16052.0,54,1,362.06,10.648823529411764,282,1,2011-10-16 15:13:00,2011-10-16 15:13:00,0
16053.0,33,6,3634.84,18.736288659793814,3067,5,2010-04-08 11:11:00,2011-11-07 11:21:00,0
16054.0,145,4,2111.88,17.31049180327869,791,3,2010-04-01 18:37:00,2011-07-17 13:08:00,0
16055.0,221,1,134.8,16.85,22,1,2011-05-03 09:26:00,2011-05-03 09:26:00,1
16056.0,45,1,650.75,9.859848484848484,345,1,2011-10-25 15:19:00,2011-10-25 15:19:00,0
16057.0,16,10,3854.85,17.682798165137616,1691,6,2010-01-07 17:11:00,2011-11-23 15:23:00,0
16058.0,406,1,62.7,31.35,18,1,2010-10-29 16:48:00,2010-10-29 16:48:00,1
16059.0,66,12,3053.57,7.809641943734015,1431,9,2010-05-19 13:04:00,2011-10-05 09:56:00,0
16060.0,401,3,541.95,22.58125,243,3,2010-08-02 15:26:00,2010-11-04 12:10:00,1
16061.0,431,1,89.65,29.883333333333336,19,1,2010-10-04 15:29:00,2010-10-04 15:29:00,1
16062.0,10,8,2863.45,15.478108108108108,2035,6,2010-06-21 13:32:00,2011-11-30 12:15:00,0
16063.0,260,1,335.32,14.57913043478261,262,1,2011-03-24 14:55:00,2011-03-24 14:56:00,1
16064.0,725,1,109.31,6.43,55,1,2009-12-14 16:11:00,2009-12-14 16:11:00,1
16065.0,365,8,1992.13,5.643427762039661,1207,4,2010-09-02 13:27:00,2010-12-09 13:03:00,1
16066.0,17,5,1521.04,15.059801980198019,935,3,2011-08-07 14:33:00,2011-11-23 11:54:00,0
16067.0,563,3,3269.11,48.07514705882353,1236,3,2010-02-02 18:01:00,2010-05-26 12:33:00,1
16068.0,594,1,115.73,3.3065714285714285,48,1,2010-04-25 11:52:00,2010-04-25 11:52:00,1
16069.0,418,1,457.7,18.308,138,1,2010-10-18 10:32:00,2010-10-18 10:32:00,1
16070.0,22,2,852.15,25.82272727272727,457,1,2011-11-07 16:36:00,2011-11-17 15:50:00,0
16071.0,45,4,1076.8,14.750684931506848,697,4,2010-02-22 14:48:00,2011-10-26 11:14:00,0
16072.0,288,4,4180.09,7.87210922787194,1580,3,2010-06-08 16:47:00,2011-02-24 14:32:00,1
16073.0,297,1,122.4,122.4,48,1,2011-02-15 15:41:00,2011-02-15 15:41:00,1
16074.0,390,1,252.5,10.1,38,1,2010-11-14 13:19:00,2010-11-14 13:19:00,1
16075.0,503,2,736.9300000000001,17.973902439024393,271,2,2010-05-24 15:57:00,2010-07-25 11:31:00,1
16076.0,3,10,2234.73,17.323488372093024,1435,7,2011-05-15 12:31:00,2011-12-06 14:59:00,0
16077.0,626,1,2300.4,287.55,840,1,2010-03-24 10:42:00,2010-03-24 10:42:00,1
16078.0,284,2,362.99,9.307435897435898,200,2,2010-02-08 13:29:00,2011-03-01 09:47:00,1
16079.0,17,3,1352.0,64.38095238095238,864,2,2011-10-30 13:06:00,2011-11-23 12:48:00,0
16080.0,82,4,602.5600000000001,20.085333333333335,298,3,2010-09-15 14:19:00,2011-09-19 10:42:00,0
16081.0,56,8,4278.96,11.627608695652174,2177,8,2010-02-03 12:46:00,2011-10-14 13:06:00,0
16082.0,670,1,106.75,6.671875,39,1,2010-02-07 15:16:00,2010-02-07 15:16:00,1
16083.0,101,4,2351.42,33.11859154929578,1514,3,2010-11-16 11:53:00,2011-08-31 10:47:00,0
16084.0,299,1,436.18,11.47842105263158,216,1,2011-02-13 16:05:00,2011-02-13 16:05:00,1
16085.0,23,12,2341.03,6.242746666666667,1382,8,2010-01-20 14:03:00,2011-11-16 13:24:00,0
16086.0,59,10,2687.73,20.83511627906977,1450,8,2009-12-02 13:20:00,2011-10-11 13:09:00,0
16087.0,389,5,1739.92,173.99200000000002,664,5,2010-01-19 12:30:00,2010-11-15 16:44:00,1
16088.0,576,2,1437.43,239.5716666666667,373,2,2010-04-27 10:56:00,2010-05-13 10:16:00,1
16089.0,386,2,263.49,5.606170212765957,119,2,2010-07-18 15:51:00,2010-11-18 13:51:00,1
16090.0,624,1,180.56,10.03111111111111,58,1,2010-03-25 13:05:00,2010-03-25 13:05:00,1
16091.0,155,2,315.06,17.503333333333334,154,2,2011-05-25 09:18:00,2011-07-08 08:45:00,0
16092.0,115,6,1587.94,17.64377777777778,1188,4,2010-05-09 16:10:00,2011-08-17 10:46:00,0
16093.0,107,1,17.0,17.0,20,1,2011-08-25 11:09:00,2011-08-25 11:09:00,0
16094.0,12,11,3695.56,18.854897959183674,2020,6,2010-04-16 14:00:00,2011-11-28 12:45:00,0
16095.0,456,1,447.05,14.901666666666667,265,1,2010-09-09 16:54:00,2010-09-09 16:54:00,1
16096.0,264,4,1584.97,24.01469696969697,700,3,2010-03-04 15:44:00,2011-03-20 13:38:00,1
16097.0,240,1,185.04999999999998,18.505,87,1,2011-04-13 13:47:00,2011-04-13 13:47:00,1
16098.0,88,14,4010.7,26.738,2008,8,2009-12-15 09:40:00,2011-09-13 09:59:00,0
16099.0,50,7,1573.2,22.8,960,4,2010-03-03 11:13:00,2011-10-20 13:13:00,0
16100.0,463,1,582.64,15.747027027027027,438,1,2010-09-03 11:39:00,2010-09-03 11:39:00,1
16101.0,71,4,3229.16,16.818541666666665,1844,4,2010-05-27 12:50:00,2011-09-30 10:18:00,0
16102.0,42,3,1842.14,32.31824561403509,942,3,2011-08-03 12:50:00,2011-10-28 13:19:00,0
16103.0,7,22,6191.71,30.95855,2639,12,2010-01-08 12:08:00,2011-12-02 14:16:00,0
16104.0,62,9,2774.46,11.958879310344829,1047,6,2009-12-06 10:41:00,2011-10-09 10:23:00,0
16105.0,249,5,2386.19,21.692636363636364,2125,4,2010-04-14 13:27:00,2011-04-05 10:13:00,1
16106.0,66,1,108.38,18.063333333333333,74,1,2011-10-05 10:37:00,2011-10-05 10:37:00,0
16107.0,18,7,3204.1600000000003,103.36000000000001,1176,6,2011-06-09 18:42:00,2011-11-22 09:40:00,0
16108.0,85,4,2235.92,16.56237037037037,1473,4,2010-03-18 14:14:00,2011-09-16 11:48:00,0
16109.0,219,3,939.48,30.305806451612902,1092,3,2010-01-10 10:37:00,2011-05-05 09:17:00,1
16110.0,45,4,1781.59,4.143232558139535,880,4,2010-07-05 13:04:00,2011-10-25 14:35:00,0
16111.0,428,1,549.33,7.525068493150686,233,1,2010-10-07 19:51:00,2010-10-07 19:51:00,1
16112.0,143,4,195.74,12.23375,574,2,2011-01-05 11:47:00,2011-07-19 14:28:00,0
16113.0,183,1,161.38,5.379333333333333,176,1,2011-06-09 16:16:00,2011-06-09 16:16:00,1
16114.0,171,1,135.75000000000003,16.968750000000004,43,1,2011-06-22 10:13:00,2011-06-22 10:13:00,0
16115.0,10,12,2553.8,6.094988066825776,1589,8,2010-05-14 11:59:00,2011-11-30 11:32:00,0
16116.0,212,1,612.78,18.02294117647059,248,1,2011-05-12 12:01:00,2011-05-12 12:01:00,1
16117.0,190,3,654.4,7.352808988764044,321,3,2010-04-27 11:50:00,2011-06-03 11:42:00,1
16118.0,653,1,4376.25,106.73780487804878,2851,1,2010-02-25 09:40:00,2010-02-25 09:40:00,1
16119.0,8,8,1720.81,31.86685185185185,811,7,2009-12-16 11:56:00,2011-12-01 15:11:00,0
16120.0,59,6,2967.51,32.25554347826087,2161,1,2010-10-13 15:07:00,2011-10-11 14:22:00,0
16121.0,57,5,1450.04,4.215232558139535,879,3,2010-05-23 10:52:00,2011-10-13 12:59:00,0
16122.0,73,6,895.62,16.585555555555555,1280,6,2010-10-10 15:26:00,2011-09-27 15:34:00,0
16123.0,52,1,307.78000000000003,19.236250000000002,170,1,2011-10-19 09:18:00,2011-10-19 09:18:00,0
16124.0,317,4,1772.49,21.615731707317074,797,4,2009-12-07 10:33:00,2011-01-26 14:45:00,1
16125.0,367,14,4292.35,14.955923344947736,1819,11,2009-12-14 15:38:00,2010-12-07 15:48:00,1
16126.0,29,15,14644.6,38.43727034120735,6140,11,2009-12-02 13:34:00,2011-11-10 16:03:00,0
16127.0,39,2,801.3100000000001,10.684133333333333,391,2,2009-12-13 12:19:00,2011-10-31 13:58:00,0
16128.0,18,11,3801.05,20.88489010989011,2445,5,2010-07-16 16:30:00,2011-11-22 11:14:00,0
16129.0,407,3,1396.05,14.542187499999999,1261,2,2010-07-20 12:32:00,2010-10-28 14:29:00,1
16130.0,422,4,987.48,17.95418181818182,296,4,2010-04-01 13:58:00,2010-10-13 15:14:00,1
16131.0,52,12,9957.42,45.46767123287671,4768,6,2009-12-02 10:09:00,2011-10-19 11:53:00,0
16132.0,544,2,664.1999999999999,39.07058823529411,280,2,2010-03-22 10:25:00,2010-06-13 13:49:00,1
16133.0,4,56,22992.26,42.26518382352941,13653,12,2010-03-31 12:21:00,2011-12-06 11:24:00,0
16134.0,22,5,2145.34,18.49431034482759,1637,5,2010-06-17 09:48:00,2011-11-18 10:05:00,0
16135.0,263,2,819.45,21.011538461538464,395,2,2010-05-05 09:35:00,2011-03-22 12:30:00,1
16136.0,60,4,946.8000000000001,20.582608695652176,674,4,2010-02-14 12:49:00,2011-10-11 09:10:00,0
16137.0,680,1,422.7,15.096428571428572,210,1,2010-01-28 15:04:00,2010-01-28 15:04:00,1
16138.0,379,3,910.35,24.604054054054053,774,3,2010-04-28 09:51:00,2010-11-26 12:13:00,1
16139.0,19,5,1111.15,19.493859649122808,602,4,2009-12-03 13:51:00,2011-11-21 08:37:00,0
16140.0,66,3,1433.46,22.3978125,1272,3,2010-09-24 12:03:00,2011-10-05 12:15:00,0
16141.0,88,2,955.94,19.1188,410,2,2010-10-18 14:12:00,2011-09-12 13:11:00,0
16142.0,250,1,535.34,14.46864864864865,422,1,2011-04-04 10:16:00,2011-04-04 10:16:00,1
16143.0,3,12,4555.08,20.426367713004485,1866,7,2009-12-10 09:44:00,2011-12-06 14:13:00,0
16144.0,247,1,175.2,175.2,16,1,2011-04-07 10:09:00,2011-04-07 10:09:00,1
16145.0,9,19,6805.4400000000005,17.185454545454547,5270,11,2010-05-04 13:31:00,2011-12-01 10:33:00,0
16146.0,157,4,946.38,23.082439024390244,544,4,2010-09-17 10:46:00,2011-07-05 14:20:00,0
16147.0,134,5,2398.91,17.639044117647057,1395,5,2010-02-05 12:26:00,2011-07-29 09:57:00,0
16148.0,296,2,386.62,42.95777777777778,250,2,2010-09-29 10:12:00,2011-02-16 14:01:00,1
16149.0,5,3,422.21999999999997,14.074,598,3,2010-10-06 15:54:00,2011-12-05 11:29:00,0
16150.0,43,10,4002.17,18.528564814814814,1990,7,2009-12-17 15:33:00,2011-10-28 12:39:00,0
16152.0,269,1,1829.04,63.070344827586204,642,1,2011-03-16 09:47:00,2011-03-16 09:47:00,1
16153.0,50,11,5133.49,22.714557522123894,3693,6,2010-05-26 12:41:00,2011-10-21 10:50:00,0
16155.0,382,5,796.9,16.602083333333333,495,4,2010-06-18 11:23:00,2010-11-23 12:03:00,1
16156.0,9,20,6188.18,23.709501915708813,3205,10,2009-12-02 17:06:00,2011-12-01 12:42:00,0
16157.0,16,3,656.69,36.482777777777784,347,2,2011-09-28 11:48:00,2011-11-24 11:41:00,0
16158.0,522,9,628.32,17.952,182,7,2009-12-05 15:00:00,2010-07-05 13:55:00,1
16159.0,282,4,1232.79,23.7075,635,3,2009-12-03 11:51:00,2011-03-03 12:27:00,1
16160.0,65,2,1025.44,51.272000000000006,1162,2,2011-09-15 10:53:00,2011-10-05 14:19:00,0
16161.0,2,43,12580.06,11.093527336860669,6255,12,2010-02-08 11:06:00,2011-12-08 12:10:00,0
16162.0,252,1,37.4,18.7,4,1,2011-04-01 15:03:00,2011-04-01 15:03:00,1
16163.0,232,6,2407.98,35.4114705882353,676,4,2009-12-02 10:00:00,2011-04-21 15:15:00,1
16164.0,17,3,822.48,24.19058823529412,433,2,2011-10-28 09:12:00,2011-11-22 15:04:00,0
16165.0,505,1,79.9,79.9,2,1,2010-07-22 14:17:00,2010-07-22 14:17:00,1
16166.0,428,2,435.83,19.810454545454544,173,2,2010-01-17 14:16:00,2010-10-07 15:44:00,1
16167.0,414,5,1386.12,22.00190476190476,1494,4,2009-12-01 10:46:00,2010-10-21 15:33:00,1
16168.0,11,66,10360.67,33.85839869281046,4975,12,2009-12-03 12:38:00,2011-11-29 12:45:00,0
16169.0,8,4,1822.97,21.44670588235294,1325,4,2011-09-25 11:33:00,2011-12-01 15:28:00,0
16170.0,51,20,6869.0,15.611363636363636,6056,10,2010-02-18 13:50:00,2011-10-20 08:21:00,0
16171.0,59,1,73.19999999999999,24.399999999999995,24,1,2011-10-11 14:51:00,2011-10-11 14:51:00,0
16172.0,95,8,1884.55,16.677433628318585,1419,5,2010-07-14 15:34:00,2011-09-05 13:22:00,0
16173.0,16,6,1418.32,16.884761904761906,575,3,2011-09-02 15:23:00,2011-11-24 10:53:00,0
16174.0,126,7,2246.75,34.565384615384616,1431,5,2010-04-15 15:12:00,2011-08-05 13:26:00,0
16175.0,94,7,1836.44,18.739183673469388,932,6,2010-05-25 12:01:00,2011-09-06 14:32:00,0
16176.0,421,4,2052.69,28.509583333333335,952,4,2010-03-29 14:52:00,2010-10-14 13:54:00,1
16177.0,50,8,2247.31,19.044999999999998,1021,5,2010-03-02 14:03:00,2011-10-20 12:57:00,0
16178.0,138,2,612.6,24.504,304,2,2010-11-03 14:46:00,2011-07-24 16:05:00,0
16179.0,61,1,215.83,19.62090909090909,99,1,2011-10-10 09:41:00,2011-10-10 09:41:00,0
16180.0,100,13,16249.87,49.693792048929666,9813,5,2010-06-23 13:19:00,2011-08-31 16:28:00,0
16181.0,73,1,305.54,27.776363636363637,152,1,2011-09-27 13:38:00,2011-09-27 13:38:00,0
16182.0,72,9,9971.65,195.52254901960782,5887,7,2010-03-09 09:34:00,2011-09-28 13:23:00,0
16183.0,67,4,1077.81,26.288048780487802,351,2,2010-10-28 14:43:00,2011-10-03 14:59:00,0
16184.0,64,6,1158.79,25.750888888888888,561,5,2011-05-12 13:33:00,2011-10-06 17:43:00,0
16185.0,17,3,644.72,16.118000000000002,321,3,2010-05-24 11:04:00,2011-11-23 09:41:00,0
16186.0,23,26,8718.43,17.26421782178218,6594,10,2009-12-09 15:36:00,2011-11-17 12:43:00,0
16187.0,32,15,6911.4400000000005,23.428610169491527,5048,8,2011-02-28 13:34:00,2011-11-08 09:50:00,0
16188.0,45,5,1087.66,14.698108108108109,838,3,2010-10-27 11:50:00,2011-10-26 12:19:00,0
16189.0,16,2,215.48,19.58909090909091,134,2,2011-09-15 15:21:00,2011-11-24 11:47:00,0
16190.0,40,8,2723.55,22.886974789915968,1231,7,2009-12-14 11:59:00,2011-10-30 15:59:00,0
16191.0,3,24,15677.820000000002,67.57681034482759,9348,7,2009-12-11 12:24:00,2011-12-07 11:26:00,0
16192.0,736,1,351.3,31.936363636363637,208,1,2009-12-04 12:28:00,2009-12-04 12:28:00,1
16193.0,237,2,630.4300000000001,16.59026315789474,379,2,2010-10-25 10:25:00,2011-04-17 11:45:00,1
16194.0,375,1,308.6,38.575,140,1,2010-11-29 13:28:00,2010-11-29 13:28:00,1
16195.0,723,1,323.25,20.203125,123,1,2009-12-16 14:09:00,2009-12-16 14:09:00,1
16196.0,489,1,93.3,23.325,26,1,2010-08-08 11:40:00,2010-08-08 11:40:00,1
16197.0,469,9,2016.71,21.68505376344086,1420,6,2009-12-16 11:44:00,2010-08-27 12:56:00,1
16198.0,75,2,1030.0410000000002,31.213363636363642,384,1,2010-09-28 13:59:00,2011-09-25 14:58:00,0
16199.0,392,7,942.75,94.275,321,6,2010-03-18 18:47:00,2010-11-12 12:55:00,1
16200.0,4,12,5608.1,9.148613376835238,3068,6,2009-12-02 15:04:00,2011-12-05 14:40:00,0
16201.0,3,5,2112.12,17.03322580645161,1421,4,2010-10-20 12:00:00,2011-12-06 16:02:00,0
16202.0,361,9,2501.9900000000002,20.17733870967742,1307,5,2009-12-02 10:48:00,2010-12-14 10:43:00,1
16203.0,59,6,943.84,14.30060606060606,537,5,2010-07-23 13:09:00,2011-10-12 12:31:00,0
16204.0,23,3,918.71,9.096138613861386,671,2,2009-12-08 17:44:00,2011-11-16 13:40:00,0
16205.0,31,7,1820.11,9.239137055837563,1452,3,2010-06-15 11:58:00,2011-11-09 09:32:00,0
16206.0,55,13,2589.87,10.791125,1379,8,2010-01-24 15:25:00,2011-10-16 10:41:00,0
16207.0,25,1,394.38,20.756842105263157,140,1,2011-11-14 13:51:00,2011-11-14 13:51:00,0
16208.0,45,10,3440.4500000000003,13.598616600790514,1541,8,2010-02-24 14:24:00,2011-10-26 11:36:00,0
16209.0,89,9,4146.78,61.892238805970145,1895,6,2010-06-11 11:58:00,2011-09-12 11:58:00,0
16210.0,2,35,33750.97,131.8397265625,12397,11,2009-12-02 12:54:00,2011-12-08 12:36:00,0
16211.0,89,3,1090.59,30.294166666666666,519,2,2010-09-27 15:24:00,2011-09-12 12:11:00,0
16212.0,19,4,1293.71,16.586025641025643,571,3,2010-02-07 15:26:00,2011-11-20 13:00:00,0
16213.0,79,1,159.0,26.5,48,1,2011-09-22 10:03:00,2011-09-22 10:03:00,0
16214.0,171,4,2038.25,20.7984693877551,1308,4,2010-09-30 13:57:00,2011-06-22 11:30:00,0
16215.0,81,1,242.35,17.310714285714287,104,1,2011-09-20 10:18:00,2011-09-20 10:18:00,0
16216.0,267,1,914.9300000000001,24.72783783783784,254,1,2011-03-17 15:34:00,2011-03-17 15:34:00,1
16217.0,235,2,304.25,20.283333333333335,91,2,2011-03-02 15:28:00,2011-04-18 13:31:00,1
16218.0,30,13,3968.67,29.18139705882353,2799,7,2010-05-27 16:09:00,2011-11-10 09:59:00,0
16219.0,501,1,40.8,40.8,48,1,2010-07-27 11:44:00,2010-07-27 11:44:00,1
16221.0,37,9,2019.92,8.451548117154813,1449,6,2010-08-10 13:32:00,2011-11-03 11:43:00,0
16222.0,318,2,1272.05,8.772758620689656,463,2,2009-12-18 14:31:00,2011-01-25 13:38:00,1
16223.0,375,2,1087.05,8.83780487804878,643,1,2010-11-09 12:07:00,2010-11-30 11:50:00,1
16224.0,57,5,1616.54,13.935689655172414,1555,4,2010-11-17 13:14:00,2011-10-13 17:51:00,0
16225.0,45,15,2859.31,9.531033333333333,1281,9,2010-02-07 12:41:00,2011-10-26 08:30:00,0
16226.0,203,5,672.17,21.68290322580645,521,4,2010-10-22 11:19:00,2011-05-20 14:41:00,1
16227.0,225,3,1027.22,30.212352941176473,436,3,2010-06-22 13:28:00,2011-04-28 13:33:00,1
16228.0,385,3,885.71,16.402037037037037,555,1,2010-11-04 18:54:00,2010-11-19 14:20:00,1
16229.0,87,6,2867.86,16.294659090909093,1292,5,2010-05-24 12:59:00,2011-09-13 17:16:00,0
16230.0,190,2,542.03,15.486571428571429,365,2,2011-05-03 15:12:00,2011-06-03 10:06:00,1
16231.0,379,4,1074.47,10.7447,563,3,2010-04-21 12:06:00,2010-11-25 15:00:00,1
16232.0,44,7,2712.97,25.837809523809522,1849,5,2010-06-07 14:04:00,2011-10-27 12:16:00,0
16233.0,71,9,1818.31,24.908356164383562,677,6,2009-12-02 13:23:00,2011-09-29 17:27:00,0
16234.0,476,3,333.18,22.212,170,3,2010-05-27 10:39:00,2010-08-20 14:33:00,1
16235.0,41,9,2053.71,17.858347826086955,788,7,2010-08-26 12:10:00,2011-10-30 10:56:00,0
16236.0,78,1,432.2,21.61,184,1,2011-09-22 14:10:00,2011-09-22 14:10:00,0
16237.0,437,1,136.65,19.521428571428572,57,1,2010-09-28 17:02:00,2010-09-28 17:02:00,1
16238.0,423,1,63.66,10.61,85,1,2010-10-13 12:36:00,2010-10-13 12:36:00,1
16239.0,57,6,1492.2,42.63428571428572,692,4,2010-09-02 19:17:00,2011-10-14 08:29:00,0
16240.0,24,2,3718.8,27.546666666666667,1641,2,2011-09-23 13:44:00,2011-11-15 14:30:00,0
16241.0,10,16,3992.86,4.15058212058212,2258,10,2010-10-25 13:40:00,2011-11-30 11:08:00,0
16242.0,8,14,7404.650000000001,11.018824404761906,3921,8,2010-03-15 16:02:00,2011-12-01 15:12:00,0
16243.0,34,2,409.1,8.02156862745098,110,2,2011-10-16 12:09:00,2011-11-06 12:32:00,0
16244.0,212,2,1522.75,16.733516483516482,855,2,2010-12-02 11:41:00,2011-05-12 10:18:00,1
16245.0,24,3,1413.66,15.707333333333334,1014,3,2011-03-28 09:30:00,2011-11-16 10:14:00,0
16246.0,460,2,821.35,9.333522727272728,336,2,2010-02-08 12:32:00,2010-09-06 12:04:00,1
16247.0,170,1,114.56,7.16,182,1,2011-06-22 14:23:00,2011-06-22 14:23:00,0
16248.0,62,1,152.94,21.84857142857143,78,1,2011-10-09 11:32:00,2011-10-09 11:32:00,0
16249.0,53,5,1800.07,26.08797101449275,950,5,2011-04-14 13:50:00,2011-10-18 10:07:00,0
16250.0,261,3,565.24,16.149714285714285,268,3,2010-11-18 10:43:00,2011-03-23 15:07:00,1
16251.0,512,1,128.31,6.4155,44,1,2010-07-15 14:55:00,2010-07-15 14:55:00,1
16252.0,383,1,295.09000000000003,14.051904761904764,158,1,2010-11-22 11:57:00,2010-11-22 11:57:00,1
16253.0,67,7,7272.2,24.485521885521884,6030,5,2009-12-08 17:24:00,2011-10-04 09:09:00,0
16254.0,378,3,967.44,13.073513513513515,543,3,2010-03-17 15:43:00,2010-11-26 13:22:00,1
16255.0,17,15,4530.0,8.917322834645669,2876,10,2010-01-24 12:21:00,2011-11-23 12:40:00,0
16256.0,267,3,1629.37,56.1851724137931,1590,3,2010-04-21 10:34:00,2011-03-18 12:18:00,1
16257.0,177,1,46.95,23.475,2,1,2011-06-16 10:11:00,2011-06-16 10:11:00,0
16258.0,45,15,11942.52,34.71662790697675,7200,9,2010-03-10 14:19:00,2011-10-25 13:30:00,0
16259.0,410,3,340.94,4.011058823529412,143,2,2010-04-13 16:57:00,2010-10-25 14:27:00,1
16260.0,51,1,1035.45,57.525000000000006,311,1,2011-10-20 09:40:00,2011-10-20 09:40:00,0
16261.0,17,6,1041.16,6.3874846625766875,454,4,2010-09-23 16:40:00,2011-11-22 17:23:00,0
16262.0,378,1,755.15,16.416304347826088,446,1,2010-11-26 13:22:00,2010-11-26 13:22:00,1
16263.0,423,1,348.16,16.57904761904762,197,1,2010-10-12 14:52:00,2010-10-12 14:52:00,1
16264.0,438,2,823.53,13.071904761904761,616,1,2010-09-19 16:14:00,2010-09-27 15:00:00,1
16265.0,9,12,6935.17,20.57913946587537,3214,7,2010-10-28 15:18:00,2011-11-30 16:41:00,0
16266.0,74,14,1757.95,16.127981651376146,791,8,2010-02-04 16:21:00,2011-09-27 12:08:00,0
16267.0,591,1,186.66,26.665714285714284,198,1,2010-04-27 14:10:00,2010-04-27 14:10:00,1
16268.0,71,2,667.65,14.836666666666666,533,1,2011-09-29 18:30:00,2011-09-29 18:30:00,0
16269.0,438,1,717.57,13.539056603773586,579,1,2010-09-28 11:50:00,2010-09-28 11:50:00,1
16270.0,353,1,1141.24,21.134074074074075,688,1,2010-12-21 14:26:00,2010-12-21 14:26:00,1
16271.0,3,10,3397.82,11.363946488294316,2359,7,2010-03-07 12:03:00,2011-12-07 12:45:00,0
16272.0,117,1,411.7,16.468,224,1,2011-08-15 10:53:00,2011-08-15 10:54:00,0
16273.0,648,2,318.34000000000003,21.22266666666667,40,2,2010-02-21 16:02:00,2010-03-01 13:24:00,1
16274.0,373,1,351.75,5.411538461538462,153,1,2010-12-01 15:35:00,2010-12-01 15:35:00,1
16275.0,197,3,2151.11,19.37936936936937,1268,3,2010-03-08 14:41:00,2011-05-27 12:41:00,1
16276.0,177,3,2629.3900000000003,101.13038461538463,1467,3,2010-04-11 12:02:00,2011-06-16 09:34:00,0
16277.0,734,1,188.69,8.203913043478261,33,1,2009-12-06 11:27:00,2009-12-06 11:27:00,1
16278.0,100,3,1117.84,20.324363636363636,342,2,2010-07-28 15:40:00,2011-08-31 17:12:00,0
16279.0,21,9,5698.28,16.374367816091954,3683,7,2010-04-22 14:09:00,2011-11-18 15:00:00,0
16280.0,725,1,238.05,14.878125,101,1,2009-12-14 15:49:00,2009-12-14 15:49:00,1
16281.0,72,3,3424.02,87.79538461538462,1570,3,2010-01-26 13:41:00,2011-09-28 14:57:00,0
16282.0,340,3,1307.5800000000002,39.623636363636365,790,3,2009-12-21 11:52:00,2011-01-04 11:42:00,1
16283.0,6,8,4350.32,7.474776632302405,2867,7,2010-02-28 14:12:00,2011-12-04 12:08:00,0
16284.0,31,3,1018.48,7.657744360902256,674,2,2010-11-11 13:27:00,2011-11-08 16:12:00,0
16285.0,646,1,176.9,5.706451612903226,60,1,2010-03-03 16:03:00,2010-03-03 16:03:00,1
16286.0,477,2,328.95,19.349999999999998,101,2,2010-03-26 09:58:00,2010-08-19 14:48:00,1
16287.0,170,5,1006.98,23.975714285714286,1426,5,2010-01-19 09:46:00,2011-06-23 09:08:00,0
16288.0,470,1,129.85,18.55,19,1,2010-08-26 14:45:00,2010-08-26 14:45:00,1
16289.0,462,1,136.31,6.490952380952381,97,1,2010-09-03 14:02:00,2010-09-03 14:02:00,1
16290.0,465,4,1957.7,15.787903225806453,957,4,2010-05-23 11:46:00,2010-09-01 11:52:00,1
16291.0,682,1,117.72,117.72,1,1,2010-01-26 16:26:00,2010-01-26 16:26:00,1
16292.0,122,5,1253.76,20.22193548387097,688,5,2010-04-14 13:29:00,2011-08-10 12:24:00,0
16293.0,22,15,4279.2,19.018666666666665,1833,6,2009-12-11 09:58:00,2011-11-18 09:58:00,0
16294.0,477,1,126.05000000000001,15.756250000000001,54,1,2010-08-20 12:01:00,2010-08-20 12:01:00,1
16295.0,10,4,1328.55,16.817088607594936,841,2,2011-10-06 10:45:00,2011-11-30 08:17:00,0
16296.0,626,4,1313.67,17.752297297297297,645,3,2009-12-18 12:03:00,2010-03-23 13:11:00,1
16297.0,269,1,301.9,15.094999999999999,206,1,2011-03-16 08:29:00,2011-03-16 08:29:00,1
16298.0,23,7,1085.7,23.1,308,4,2010-09-23 15:23:00,2011-11-17 11:59:00,0
16299.0,477,1,193.65,16.1375,107,1,2010-08-19 17:46:00,2010-08-19 17:46:00,1
16300.0,430,3,1367.32,5.745042016806722,643,3,2010-02-02 11:40:00,2010-10-05 13:14:00,1
16301.0,737,1,107.33,17.888333333333332,41,1,2009-12-03 10:20:00,2009-12-03 10:20:00,1
16302.0,127,1,233.22,21.201818181818183,158,1,2011-08-05 09:44:00,2011-08-05 09:44:00,0
16303.0,26,7,7928.27,27.721223776223777,3859,6,2010-03-18 14:12:00,2011-11-14 10:49:00,0
16304.0,695,1,381.66,15.2664,228,1,2010-01-14 08:30:00,2010-01-14 08:30:00,1
16305.0,139,1,361.22,16.41909090909091,256,1,2011-07-24 12:18:00,2011-07-24 12:18:00,0
16306.0,214,7,1124.72,16.78686567164179,712,5,2010-10-01 09:36:00,2011-05-10 12:12:00,1
16307.0,429,3,1194.92,15.932266666666667,1123,3,2010-05-11 14:40:00,2010-10-06 14:31:00,1
16308.0,38,7,5120.0,731.4285714285714,16000,7,2009-12-15 15:48:00,2011-11-02 11:24:00,0
16309.0,106,2,706.57,16.823095238095238,467,2,2011-04-13 11:46:00,2011-08-25 15:35:00,0
16310.0,414,2,460.08,16.431428571428572,270,2,2010-03-07 15:41:00,2010-10-21 14:47:00,1
16311.0,18,2,616.26,16.655675675675674,394,2,2011-10-21 13:13:00,2011-11-22 08:54:00,0
16312.0,432,1,171.15,17.115000000000002,53,1,2010-10-03 14:15:00,2010-10-03 14:15:00,1
16313.0,3,2,274.15000000000003,17.134375000000002,165,2,2011-10-21 09:04:00,2011-12-06 13:02:00,0
16314.0,390,3,1491.4,24.05483870967742,636,3,2010-08-24 11:52:00,2010-11-15 12:06:00,1
16315.0,331,2,402.71,17.50913043478261,143,2,2010-06-21 13:53:00,2011-01-13 11:57:00,1
16316.0,64,13,5744.91,19.343131313131313,3057,9,2010-08-03 14:38:00,2011-10-06 13:48:00,0
16317.0,120,5,2192.51,18.73940170940171,1236,5,2010-05-04 10:17:00,2011-08-12 12:46:00,0
16318.0,35,1,328.15000000000003,17.27105263157895,199,1,2011-11-04 13:05:00,2011-11-04 13:05:00,0
16319.0,218,1,404.40000000000003,134.8,72,1,2011-05-06 11:27:00,2011-05-06 11:27:00,1
16320.0,172,6,5628.99,23.356804979253113,3319,5,2010-01-27 13:29:00,2011-06-20 15:25:00,0
16321.0,72,7,604.5500000000001,26.284782608695654,259,5,2009-12-01 10:36:00,2011-09-28 14:55:00,0
16322.0,1,2,326.75,8.83108108108108,231,2,2011-11-03 14:33:00,2011-12-08 15:41:00,0
16323.0,196,2,353.66,88.415,146,1,2010-05-11 09:48:00,2011-05-27 14:48:00,1
16324.0,128,3,408.59000000000003,3.6809909909909915,270,2,2011-06-15 14:26:00,2011-08-03 12:58:00,0
16325.0,47,12,3597.5,26.068840579710145,2464,7,2009-12-04 13:21:00,2011-10-24 08:48:00,0
16326.0,6,24,4721.25,10.109743040685224,1083,10,2010-01-28 13:23:00,2011-12-04 10:11:00,0
16327.0,14,16,10159.64,11.584538198403648,8124,10,2009-12-14 13:06:00,2011-11-25 13:23:00,0
16328.0,563,1,310.83,19.426875,141,1,2010-05-25 14:02:00,2010-05-25 14:02:00,1
16329.0,428,4,1664.92,16.008846153846154,797,4,2009-12-01 11:34:00,2010-10-08 12:44:00,1
16330.0,18,7,625.38,5.345128205128205,326,5,2010-02-15 12:36:00,2011-11-22 12:24:00,0
16331.0,432,6,2037.7,59.932352941176475,756,3,2010-03-07 10:55:00,2010-10-03 13:47:00,1
16332.0,28,11,2000.01,10.15233502538071,1128,7,2010-04-29 13:41:00,2011-11-11 14:22:00,0
16333.0,8,22,26626.8,591.7066666666667,32184,9,2011-02-03 10:50:00,2011-12-02 12:19:00,0
16334.0,492,1,263.73,4.883888888888889,206,1,2010-08-04 16:38:00,2010-08-04 16:38:00,1
16335.0,552,7,2753.52,7.6274792243767315,1004,6,2009-12-04 10:18:00,2010-06-06 11:35:00,1
16336.0,421,4,3517.69,51.73073529411765,1473,3,2010-03-18 08:05:00,2010-10-15 12:32:00,1
16337.0,37,1,151.05,15.105,87,1,2011-11-03 10:03:00,2011-11-03 10:03:00,0
16338.0,157,1,214.8,19.527272727272727,94,1,2011-07-05 13:56:00,2011-07-05 13:56:00,0
16339.0,284,1,94.05,5.225,21,1,2011-02-28 13:41:00,2011-02-28 13:41:00,1
16340.0,107,3,1496.24,4.191148459383753,1319,3,2010-06-06 13:26:00,2011-08-24 14:53:00,0
16341.0,25,7,3850.79,24.372088607594936,3022,4,2010-04-09 10:30:00,2011-11-15 09:12:00,0
16342.0,75,4,322.41,21.494000000000003,157,4,2011-06-13 10:10:00,2011-09-25 14:36:00,0
16343.0,16,3,614.12,7.873333333333333,345,2,2010-10-28 14:15:00,2011-11-23 17:45:00,0
16344.0,158,4,842.42,18.313478260869566,706,3,2010-02-09 12:16:00,2011-07-04 15:50:00,0
16345.0,44,2,1178.79,10.914722222222222,611,2,2010-08-13 17:13:00,2011-10-26 16:03:00,0
16346.0,385,1,224.51,14.967333333333332,289,1,2010-11-19 15:55:00,2010-11-19 15:55:00,1
16347.0,11,11,3442.96,10.067134502923977,1715,7,2010-03-12 12:41:00,2011-11-28 13:14:00,0
16348.0,32,8,1744.42,6.894940711462451,1164,6,2010-10-05 13:57:00,2011-11-07 15:44:00,0
16349.0,291,1,53.5,5.944444444444445,9,1,2011-02-22 12:40:00,2011-02-22 12:40:00,1
16350.0,21,9,2253.89,18.47450819672131,1077,4,2010-10-07 16:33:00,2011-11-18 15:53:00,0
16351.0,333,13,3330.03,17.80764705882353,2165,9,2009-12-04 16:12:00,2011-01-11 10:26:00,1
16352.0,18,2,494.44,17.658571428571427,300,1,2011-11-02 08:44:00,2011-11-22 10:32:00,0
16353.0,4,38,9795.460000000001,56.62115606936417,3483,11,2009-12-07 13:55:00,2011-12-06 12:23:00,0
16354.0,63,5,1119.46,7.996142857142857,592,4,2010-04-27 13:33:00,2011-10-07 14:28:00,0
16355.0,375,1,416.35,8.673958333333333,179,1,2010-11-29 14:21:00,2010-11-29 14:21:00,1
16356.0,198,6,415.87,7.0486440677966105,190,5,2010-06-06 11:26:00,2011-05-26 11:51:00,1
16357.0,33,4,868.37,18.47595744680851,389,3,2010-11-23 18:52:00,2011-11-06 16:04:00,0
16358.0,1,5,2919.65,18.958766233766234,2065,5,2010-11-10 11:36:00,2011-12-08 15:09:00,0
16359.0,7,16,2697.75,21.582,1764,12,2010-02-16 10:39:00,2011-12-02 17:04:00,0
16360.0,5,6,3450.41,5.425172955974842,2110,4,2011-09-12 13:50:00,2011-12-05 12:16:00,0
16361.0,10,4,891.21,8.569326923076924,418,3,2011-09-29 13:13:00,2011-11-30 12:32:00,0
16362.0,32,6,922.16,10.246222222222222,467,3,2010-09-28 09:24:00,2011-11-07 13:01:00,0
16363.0,53,1,109.36000000000001,21.872000000000003,52,1,2011-10-17 14:14:00,2011-10-17 14:14:00,0
16364.0,12,2,705.79,13.572884615384615,279,2,2011-07-25 14:35:00,2011-11-28 11:27:00,0
16365.0,18,15,3167.34,25.543064516129032,1034,7,2009-12-11 12:41:00,2011-11-22 11:24:00,0
16366.0,19,4,1548.13,19.847820512820515,882,4,2009-12-16 10:39:00,2011-11-21 08:19:00,0
16367.0,37,3,1350.48,6.055964125560538,1103,2,2010-11-21 13:23:00,2011-11-02 13:13:00,0
16368.0,2,3,621.44,6.904888888888889,307,3,2010-09-30 11:30:00,2011-12-07 13:12:00,0
16369.0,18,7,2656.56,15.719289940828402,1589,5,2010-04-07 16:52:00,2011-11-21 16:25:00,0
16370.0,82,4,1301.91,5.890995475113122,640,4,2011-04-28 16:40:00,2011-09-18 15:55:00,0
16371.0,449,1,157.2,14.29090909090909,108,1,2010-09-17 12:09:00,2010-09-17 12:09:00,1
16372.0,33,5,1290.31,4.096222222222222,722,3,2010-04-11 15:20:00,2011-11-06 13:08:00,0
16373.0,382,2,309.49,10.672068965517242,119,2,2010-10-24 13:10:00,2010-11-22 15:50:00,1
16374.0,66,5,1723.4,4.98092485549133,771,5,2010-04-30 13:10:00,2011-10-04 15:21:00,0
16375.0,470,2,104.0,8.0,74,1,2010-08-26 14:12:00,2010-08-26 14:25:00,1
16376.0,9,2,974.96,7.991475409836066,691,2,2011-11-22 16:47:00,2011-12-01 11:38:00,0
16377.0,267,2,1308.48,130.848,2928,2,2010-04-01 10:36:00,2011-03-17 15:41:00,1
16378.0,247,3,362.95,15.780434782608696,267,2,2011-02-02 12:42:00,2011-04-06 15:07:00,1
16379.0,4,4,2157.4,19.975925925925928,1410,3,2011-09-22 09:33:00,2011-12-05 15:38:00,0
16380.0,61,1,1743.1499999999999,56.23064516129032,1428,1,2011-10-09 15:40:00,2011-10-09 15:40:00,0
16381.0,396,2,247.85,4.06311475409836,108,2,2010-10-17 13:06:00,2010-11-09 09:56:00,1
16382.0,408,2,353.1,8.025,167,2,2010-06-07 12:42:00,2010-10-27 16:23:00,1
16383.0,75,7,2896.69,7.241725,1596,6,2010-02-04 13:18:00,2011-09-26 12:45:00,0
16384.0,90,4,1358.95,16.77716049382716,861,4,2010-04-28 14:01:00,2011-09-11 11:19:00,0
16385.0,60,5,881.35,7.731140350877193,476,5,2010-03-18 12:45:00,2011-10-10 13:12:00,0
16386.0,29,3,1068.16,7.684604316546763,700,2,2010-11-17 11:19:00,2011-11-11 12:28:00,0
16387.0,323,5,882.46,10.143218390804599,448,5,2010-03-11 12:22:00,2011-01-21 11:34:00,1
16388.0,654,1,186.05,14.311538461538463,83,1,2010-02-24 10:20:00,2010-02-24 10:20:00,1
16389.0,53,4,1382.0700000000002,40.64911764705883,1242,4,2011-03-01 15:47:00,2011-10-17 14:41:00,0
16390.0,537,3,467.5,22.261904761904763,122,2,2010-01-29 15:25:00,2010-06-21 10:11:00,1
16391.0,401,4,1052.26,3.4613815789473685,715,4,2010-05-27 11:27:00,2010-11-04 12:27:00,1
16392.0,270,3,756.7,5.254861111111111,604,3,2010-05-27 11:17:00,2011-03-15 12:11:00,1
16393.0,2,23,5297.77,7.092061579651942,3001,10,2009-12-01 12:13:00,2011-12-07 12:51:00,0
16394.0,57,5,1555.34,18.73903614457831,2604,5,2011-02-23 10:58:00,2011-10-14 09:48:00,0
16395.0,61,14,3518.41,5.549542586750788,2901,7,2009-12-06 12:26:00,2011-10-10 12:50:00,0
16396.0,476,1,137.8,17.225,80,1,2010-08-20 14:17:00,2010-08-20 14:17:00,1
16397.0,628,1,123.13,13.681111111111111,43,1,2010-03-21 15:36:00,2010-03-21 15:36:00,1
16398.0,154,2,1705.8,20.802439024390242,758,2,2011-03-31 09:38:00,2011-07-08 15:16:00,0
16399.0,19,3,630.22,5.729272727272727,452,2,2010-11-15 15:03:00,2011-11-20 16:12:00,0
16400.0,95,9,3059.85,11.460112359550562,2066,8,2009-12-08 12:38:00,2011-09-06 12:27:00,0
16401.0,1,23,6849.15,18.868181818181817,6035,11,2010-06-02 13:13:00,2011-12-08 18:15:00,0
16402.0,265,2,293.45,5.148245614035088,146,2,2010-12-05 13:42:00,2011-03-20 12:25:00,1
16403.0,312,1,177.5,17.75,114,1,2011-01-31 13:39:00,2011-01-31 13:39:00,1
16404.0,70,1,443.05,19.26304347826087,157,1,2011-09-30 14:55:00,2011-09-30 14:55:00,0
16405.0,302,2,167.25,33.45,187,1,2011-02-02 17:08:00,2011-02-10 15:24:00,1
16406.0,19,3,528.36,3.5700000000000003,257,3,2010-02-24 11:51:00,2011-11-21 11:57:00,0
16407.0,13,14,2761.65,12.274000000000001,1448,9,2010-10-03 13:56:00,2011-11-27 11:05:00,0
16408.0,591,1,231.93,5.154,227,1,2010-04-27 14:08:00,2010-04-27 14:08:00,1
16409.0,36,12,5652.74,7.293858064516129,3664,8,2009-12-13 15:38:00,2011-11-03 16:45:00,0
16410.0,734,1,130.32,26.064,348,1,2009-12-05 14:51:00,2009-12-05 14:51:00,1
16411.0,19,4,756.39,4.178950276243094,461,3,2010-10-07 15:09:00,2011-11-20 13:23:00,0
16412.0,54,5,593.19,4.862213114754099,288,4,2010-02-04 13:46:00,2011-10-17 12:35:00,0
16413.0,57,2,522.03,7.676911764705882,283,2,2010-11-29 12:49:00,2011-10-14 12:08:00,0
16414.0,22,5,551.21,8.74936507936508,201,5,2010-01-14 10:21:00,2011-11-18 09:42:00,0
16415.0,44,3,696.76,4.805241379310345,508,3,2010-02-01 12:30:00,2011-10-26 13:35:00,0
16416.0,27,9,2957.88,15.90258064516129,2198,4,2010-02-23 12:00:00,2011-11-13 12:50:00,0
16417.0,493,1,35.7,35.7,6,1,2010-08-04 09:08:00,2010-08-04 09:08:00,1
16418.0,45,5,1028.74,6.59448717948718,564,3,2010-10-13 12:31:00,2011-10-26 12:39:00,0
16419.0,113,8,1463.7,16.263333333333335,701,5,2010-02-09 13:26:00,2011-08-19 12:33:00,0
16420.0,396,1,75.0,37.5,120,1,2010-11-08 15:15:00,2010-11-08 15:15:00,1
16421.0,376,3,526.27,13.849210526315789,123,3,2010-08-27 12:02:00,2010-11-28 13:31:00,1
16422.0,17,109,61920.87,88.71184813753582,64225,12,2010-01-12 11:57:00,2011-11-22 14:00:00,0
16423.0,25,1,346.12,19.22888888888889,230,1,2011-11-15 09:21:00,2011-11-15 09:21:00,0
16424.0,191,2,443.06,34.081538461538464,212,2,2010-11-22 11:24:00,2011-06-01 13:40:00,1
16425.0,302,1,302.7,14.414285714285715,199,1,2011-02-10 14:30:00,2011-02-10 14:30:00,1
16426.0,2,10,1863.76,5.279773371104816,1215,5,2011-03-08 15:45:00,2011-12-07 14:01:00,0
16427.0,263,2,241.06,26.784444444444446,156,2,2011-02-28 15:18:00,2011-03-21 17:10:00,1
16428.0,414,3,638.49,5.02748031496063,575,2,2010-07-30 12:10:00,2010-10-22 12:22:00,1
16429.0,106,1,284.55,142.275,9,1,2011-08-25 13:54:00,2011-08-25 13:54:00,0
16430.0,57,7,1117.94,39.92642857142857,307,4,2010-01-27 12:45:00,2011-10-13 14:47:00,0
16431.0,213,3,623.28,8.201052631578946,442,2,2011-02-15 14:02:00,2011-05-10 14:09:00,1
16432.0,64,1,287.40000000000003,35.925000000000004,276,1,2011-10-06 13:59:00,2011-10-06 13:59:00,0
16433.0,28,2,384.52,11.309411764705882,214,2,2010-10-27 12:26:00,2011-11-11 14:09:00,0
16434.0,29,12,2673.69,14.853833333333334,1310,8,2010-01-17 14:51:00,2011-11-10 14:28:00,0
16435.0,512,3,1003.0699999999999,8.02456,608,1,2010-07-13 13:29:00,2010-07-15 18:22:00,1
16436.0,668,3,319.14,7.9784999999999995,227,2,2009-12-06 16:02:00,2010-02-09 13:19:00,1
16437.0,381,2,301.25,14.345238095238095,197,2,2010-10-06 12:34:00,2010-11-23 16:59:00,1
16438.0,6,5,798.35,6.04810606060606,463,4,2011-09-18 13:31:00,2011-12-04 10:51:00,0
16439.0,722,1,310.70000000000005,34.522222222222226,74,1,2009-12-17 14:22:00,2009-12-17 14:22:00,1
16440.0,8,6,3856.97,12.563420195439738,2108,5,2010-08-03 11:32:00,2011-12-02 12:02:00,0
16441.0,67,5,1019.13,11.989764705882353,478,4,2010-03-22 18:00:00,2011-10-03 17:48:00,0
16442.0,2,5,891.98,3.611255060728745,580,2,2009-12-13 11:05:00,2011-12-08 11:43:00,0
16443.0,521,1,162.24,162.24,96,1,2010-07-07 11:57:00,2010-07-07 11:57:00,1
16444.0,46,17,3625.88,9.773261455525606,1945,8,2010-03-24 14:06:00,2011-10-24 13:50:00,0
16445.0,34,4,583.16,3.2397777777777774,287,2,2010-10-24 12:39:00,2011-11-06 12:32:00,0
16446.0,1,2,168472.5,56157.5,80997,2,2011-05-18 09:52:00,2011-12-09 09:15:00,0
16447.0,136,3,727.1,10.69264705882353,315,3,2010-02-17 14:09:00,2011-07-27 12:45:00,0
16448.0,198,2,361.12,7.2224,176,2,2010-08-25 16:58:00,2011-05-25 16:28:00,1
16449.0,198,2,707.69,17.69225,367,2,2011-03-04 12:15:00,2011-05-26 10:25:00,1
16450.0,150,3,1505.73,35.016976744186046,681,3,2010-02-21 15:46:00,2011-07-13 11:47:00,0
16451.0,88,3,1013.15,15.586923076923076,524,3,2009-12-04 15:11:00,2011-09-13 09:17:00,0
16452.0,631,2,332.17,18.45388888888889,199,2,2010-01-15 12:22:00,2010-03-19 12:39:00,1
16453.0,531,2,251.71,16.78066666666667,139,1,2010-06-09 13:15:00,2010-06-27 12:46:00,1
16454.0,45,4,30.950000000000003,7.737500000000001,9,2,2010-04-07 15:54:00,2011-10-26 11:40:00,0
16455.0,64,11,3995.57,19.490585365853658,2851,6,2010-03-30 10:31:00,2011-10-07 12:17:00,0
16456.0,99,13,6000.94,15.347672634271099,3296,9,2010-03-29 11:16:00,2011-09-01 13:50:00,0
16457.0,218,1,208.36,23.151111111111113,140,1,2011-05-05 13:19:00,2011-05-05 13:19:00,1
16458.0,3,30,5690.89,14.936719160104987,3395,11,2010-05-26 14:38:00,2011-12-07 09:34:00,0
16459.0,730,1,71.78999999999999,14.357999999999999,59,1,2009-12-10 12:42:00,2009-12-10 12:42:00,1
16460.0,28,3,811.23,6.145681818181818,876,2,2011-09-19 10:15:00,2011-11-11 13:46:00,0
16461.0,178,3,1545.83,6.134246031746032,933,3,2010-03-03 13:57:00,2011-06-15 12:07:00,0
16462.0,74,3,136.0,45.333333333333336,16,3,2011-03-01 08:58:00,2011-09-27 10:24:00,0
16463.0,21,4,1422.4,17.346341463414635,1163,3,2011-05-19 14:45:00,2011-11-18 14:01:00,0
16464.0,20,3,1298.66,5.646347826086957,952,3,2011-07-20 13:53:00,2011-11-20 12:11:00,0
16465.0,421,2,746.24,15.546666666666667,504,2,2010-09-21 10:46:00,2010-10-15 09:27:00,1
16466.0,34,15,3767.09,11.21157738095238,1777,9,2010-03-07 14:31:00,2011-11-06 11:35:00,0
16467.0,509,7,2869.16,119.54833333333333,7384,6,2009-12-02 11:59:00,2010-07-19 11:49:00,1
16468.0,74,3,787.52,17.500444444444444,371,2,2010-08-15 13:10:00,2011-09-26 14:13:00,0
16469.0,24,5,803.9,4.14381443298969,332,4,2010-07-13 13:17:00,2011-11-16 12:25:00,0
16470.0,52,11,2416.85,5.164209401709401,1335,8,2009-12-11 12:21:00,2011-10-19 12:11:00,0
16471.0,275,4,1189.98,19.193225806451615,670,4,2010-02-25 10:07:00,2011-03-10 09:41:00,1
16472.0,434,2,789.6,20.246153846153845,252,2,2010-04-21 11:48:00,2010-10-01 13:56:00,1
16473.0,165,4,470.83,16.815357142857142,296,4,2010-11-30 16:29:00,2011-06-28 09:10:00,0
16474.0,7,7,1810.65,5.372848664688427,909,5,2011-07-17 14:51:00,2011-12-02 13:02:00,0
16475.0,88,4,544.3,19.439285714285713,319,4,2011-03-11 09:39:00,2011-09-12 14:37:00,0
16476.0,432,1,350.35,14.597916666666668,187,1,2010-10-04 10:29:00,2010-10-04 10:29:00,1
16477.0,64,11,4094.37,16.64378048780488,2507,9,2010-08-12 09:43:00,2011-10-07 09:44:00,0
16478.0,25,3,331.0,19.470588235294116,224,2,2011-10-05 12:02:00,2011-11-14 15:51:00,0
16479.0,10,2,300.83,8.595142857142857,102,1,2011-11-29 13:04:00,2011-11-29 13:40:00,0
16480.0,76,1,769.29,14.514905660377357,455,1,2011-09-25 11:40:00,2011-09-25 11:40:00,0
16481.0,682,1,453.38,28.33625,201,1,2010-01-26 13:09:00,2010-01-26 13:09:00,1
16482.0,16,1,220.62,12.256666666666668,346,1,2011-11-24 12:33:00,2011-11-24 12:33:00,0
16483.0,192,1,139.35,7.334210526315789,44,1,2011-05-31 13:08:00,2011-05-31 13:08:00,1
16484.0,174,2,404.3,16.172,200,1,2011-06-02 10:39:00,2011-06-19 12:06:00,0
16485.0,77,5,2287.19,15.883263888888889,1153,5,2009-12-06 12:28:00,2011-09-23 15:50:00,0
16486.0,538,1,134.36,19.194285714285716,24,1,2010-06-20 12:16:00,2010-06-20 12:16:00,1
16487.0,577,2,209.4,5.982857142857143,163,2,2010-02-18 17:36:00,2010-05-11 13:38:00,1
16488.0,33,3,498.8,17.2,728,3,2011-07-14 11:46:00,2011-11-06 13:42:00,0
16489.0,380,2,303.7,50.61666666666667,38,2,2010-09-29 15:02:00,2010-11-24 14:40:00,1
16490.0,436,1,205.41000000000003,15.800769230769232,113,1,2010-09-29 16:30:00,2010-09-29 16:30:00,1
16491.0,47,2,1533.16,17.622528735632184,1060,1,2010-10-22 15:42:00,2011-10-24 10:18:00,0
16492.0,541,1,385.56,16.763478260869565,235,1,2010-06-17 08:20:00,2010-06-17 08:20:00,1
16493.0,80,7,2132.09,19.20801801801802,1988,6,2010-03-26 13:05:00,2011-09-21 11:10:00,0
16494.0,297,1,826.53,16.5306,675,1,2011-02-16 12:49:00,2011-02-16 12:49:00,1
16495.0,3,3,648.26,7.366590909090909,328,2,2011-03-08 16:38:00,2011-12-06 13:20:00,0
16496.0,9,6,2330.77,16.88963768115942,1764,5,2010-07-18 13:42:00,2011-12-01 10:31:00,0
16497.0,50,23,6695.28,19.867299703264095,3050,9,2009-12-03 14:11:00,2011-10-21 10:55:00,0
16498.0,161,2,100.97,6.731333333333334,45,2,2011-06-30 19:52:00,2011-07-01 15:07:00,0
16499.0,360,8,2578.34,17.90513888888889,1364,6,2010-06-11 12:22:00,2010-12-14 13:31:00,1
16500.0,5,9,843.9100000000001,24.82088235294118,386,4,2010-06-14 14:54:00,2011-12-05 12:04:00,0
16501.0,383,1,1191.23,5.98608040201005,628,1,2010-11-21 14:10:00,2010-11-21 14:10:00,1
16502.0,620,2,258.55,6.30609756097561,220,1,2010-03-29 13:39:00,2010-03-29 13:44:00,1
16503.0,107,11,3614.34,16.9687323943662,1535,8,2010-06-21 14:07:00,2011-08-25 11:46:00,0
16504.0,25,1,465.88,5.613012048192771,510,1,2011-11-14 15:18:00,2011-11-14 15:18:00,0
16505.0,32,1,777.6,194.4,576,1,2011-11-08 12:14:00,2011-11-08 12:14:00,0
16506.0,20,2,90.30000000000001,30.100000000000005,42,2,2011-10-30 15:50:00,2011-11-20 12:17:00,0
16507.0,572,1,142.71,3.755526315789474,111,1,2010-05-16 12:56:00,2010-05-16 12:56:00,1
16508.0,630,1,240.95,5.603488372093023,103,1,2010-03-19 13:41:00,2010-03-19 13:41:00,1
16509.0,297,1,363.70000000000005,27.97692307692308,64,1,2011-02-16 09:25:00,2011-02-16 09:25:00,1
16510.0,372,6,1777.5,15.870535714285714,930,5,2010-01-17 12:30:00,2010-12-02 13:39:00,1
16511.0,22,6,1760.49,5.79108552631579,769,4,2010-03-01 12:21:00,2011-11-18 10:41:00,0
16513.0,5,4,874.59,24.988285714285716,407,3,2011-10-27 14:56:00,2011-12-05 10:18:00,0
16515.0,52,10,3179.06,13.470593220338984,1573,7,2010-06-17 12:17:00,2011-10-18 13:10:00,0
16516.0,30,1,101.69999999999999,16.95,58,1,2011-11-09 14:59:00,2011-11-09 14:59:00,0
16517.0,277,1,162.70000000000002,9.57058823529412,96,1,2011-03-07 13:50:00,2011-03-07 13:50:00,1
16518.0,61,4,959.37,14.108382352941177,524,3,2010-06-01 13:31:00,2011-10-09 15:04:00,0
16519.0,25,4,439.06,12.196111111111112,150,4,2010-03-01 13:51:00,2011-11-14 15:41:00,0
16520.0,186,6,2148.38,6.103352272727273,1045,5,2010-03-02 16:50:00,2011-06-06 13:24:00,1
16521.0,415,3,1140.11,4.810590717299577,1014,2,2010-03-01 13:22:00,2010-10-20 13:09:00,1
16522.0,436,2,433.36,24.075555555555557,212,1,2010-09-15 13:32:00,2010-09-30 10:54:00,1
16523.0,2,28,11916.33,32.11948787061995,4979,11,2010-01-24 13:14:00,2011-12-08 09:06:00,0
16524.0,446,2,306.19,5.777169811320754,259,2,2010-01-17 13:16:00,2010-09-19 13:37:00,1
16525.0,2,48,24151.3,68.41728045325779,14430,12,2009-12-02 13:53:00,2011-12-07 15:07:00,0
16526.0,172,2,717.21,20.491714285714288,279,2,2010-05-04 16:34:00,2011-06-21 12:02:00,0
16527.0,81,2,1232.94,16.889589041095892,708,2,2010-10-11 13:25:00,2011-09-19 16:21:00,0
16528.0,4,1,244.41,14.377058823529412,171,1,2011-12-06 12:45:00,2011-12-06 12:45:00,0
16529.0,190,4,1986.8,15.521875,739,3,2010-06-27 13:29:00,2011-06-02 17:23:00,1
16530.0,668,1,48.35,16.116666666666667,17,1,2010-02-09 15:30:00,2010-02-09 15:30:00,1
16531.0,22,11,2298.33,16.654565217391305,1863,7,2010-09-24 09:49:00,2011-11-17 16:29:00,0
16532.0,18,5,8756.64,1459.4399999999998,2544,5,2010-03-29 10:26:00,2011-11-22 11:08:00,0
16533.0,19,3,1082.81,6.1523295454545455,611,2,2011-10-02 15:07:00,2011-11-20 13:08:00,0
16534.0,642,1,635.9,17.663888888888888,168,1,2010-03-07 15:47:00,2010-03-07 15:47:00,1
16535.0,5,3,972.04,13.690704225352112,664,3,2010-01-28 15:26:00,2011-12-04 15:18:00,0
16536.0,110,1,548.12,10.15037037037037,250,1,2011-08-21 15:54:00,2011-08-21 15:54:00,0
16537.0,641,1,23.35,5.8375,59,1,2010-03-08 13:41:00,2010-03-08 13:41:00,1
16538.0,541,3,395.07,9.635853658536584,254,2,2010-04-23 16:25:00,2010-06-16 16:59:00,1
16539.0,3,10,3289.66,25.111908396946564,1014,6,2010-06-25 15:24:00,2011-12-07 08:41:00,0
16540.0,414,1,205.75,7.094827586206897,105,1,2010-10-21 17:22:00,2010-10-21 17:22:00,1
16541.0,735,1,424.03,11.158684210526316,173,1,2009-12-04 13:22:00,2009-12-04 13:22:00,1
16542.0,54,2,257.32,18.38,142,2,2010-11-03 14:44:00,2011-10-17 10:47:00,0
16543.0,592,1,292.21,16.233888888888888,317,1,2010-04-27 11:38:00,2010-04-27 11:38:00,1
16544.0,520,4,376.70000000000005,34.24545454545455,150,2,2010-02-15 13:20:00,2010-07-08 11:11:00,1
16545.0,165,2,689.8199999999999,86.22749999999999,322,2,2010-11-29 10:39:00,2011-06-28 10:37:00,0
16546.0,291,5,5307.07,60.307613636363634,4211,4,2010-09-23 15:43:00,2011-02-22 11:20:00,1
16547.0,546,1,104.25999999999999,4.1704,108,1,2010-06-11 13:02:00,2010-06-11 13:02:00,1
16548.0,599,1,30.15,5.0249999999999995,6,1,2010-04-19 16:15:00,2010-04-19 16:15:00,1
16549.0,10,34,12781.8,4.1324927255092145,7087,10,2010-03-28 15:45:00,2011-11-29 15:06:00,0
16550.0,109,18,8813.58,11.673615894039735,5405,11,2009-12-02 11:24:00,2011-08-23 11:12:00,0
16551.0,96,7,2237.12,25.421818181818182,2076,7,2009-12-13 16:12:00,2011-09-05 09:38:00,0
16552.0,243,2,379.73,22.337058823529414,219,2,2010-12-01 12:36:00,2011-04-11 10:04:00,1
16553.0,163,33,16584.01,56.79455479452054,16427,10,2010-02-11 18:46:00,2011-06-29 15:42:00,0
16554.0,42,8,2841.7200000000003,17.016287425149702,1346,8,2009-12-15 09:42:00,2011-10-28 14:51:00,0
16555.0,35,6,1915.68,29.025454545454547,1816,3,2010-07-22 13:39:00,2011-11-04 14:31:00,0
16556.0,67,17,8012.58,16.623609958506226,4353,12,2009-12-07 10:51:00,2011-10-04 11:36:00,0
16557.0,24,2,281.85,25.622727272727275,111,2,2011-07-25 13:28:00,2011-11-15 14:04:00,0
16558.0,1,38,13304.11,17.668140770252325,7813,12,2009-12-03 18:11:00,2011-12-09 10:20:00,0
16559.0,397,1,175.0,10.294117647058824,61,1,2010-11-07 13:52:00,2010-11-07 13:52:00,1
16560.0,27,8,3048.38,15.395858585858587,1603,5,2009-12-08 12:05:00,2011-11-13 10:35:00,0
16561.0,6,2,511.12,16.48774193548387,244,2,2011-10-11 09:53:00,2011-12-04 11:50:00,0
16562.0,477,1,223.86,6.584117647058824,264,1,2010-08-20 11:45:00,2010-08-20 11:45:00,1
16563.0,54,6,4412.56,49.57932584269663,2584,6,2009-12-01 18:35:00,2011-10-17 11:51:00,0
16564.0,569,1,87.80000000000001,17.560000000000002,40,1,2010-05-19 14:41:00,2010-05-19 14:41:00,1
16565.0,364,4,773.05,70.27727272727272,211,4,2010-06-02 12:47:00,2010-12-10 15:21:00,1
16566.0,15,5,614.66,34.147777777777776,362,5,2011-02-20 10:29:00,2011-11-24 16:34:00,0
16567.0,194,2,865.6,24.731428571428573,996,2,2011-01-07 09:31:00,2011-05-29 13:57:00,1
16568.0,428,2,1020.9,204.18,366,2,2010-03-08 14:51:00,2010-10-08 10:54:00,1
16569.0,3,5,1455.23,41.578,988,4,2009-12-16 15:05:00,2011-12-06 15:32:00,0
16570.0,15,20,7434.31,30.847759336099585,4292,8,2010-03-30 09:32:00,2011-11-24 17:02:00,0
16571.0,27,10,4248.74,16.661725490196076,3703,7,2010-03-18 09:12:00,2011-11-13 11:46:00,0
16572.0,127,3,1009.6,17.712280701754388,532,3,2011-03-09 12:04:00,2011-08-04 16:34:00,0
16573.0,85,2,663.61,15.800238095238095,360,2,2011-02-22 15:14:00,2011-09-16 09:13:00,0
16574.0,71,3,1301.78,15.136976744186047,1002,3,2010-02-19 11:46:00,2011-09-29 13:39:00,0
16576.0,420,2,540.87,16.39,323,2,2010-07-06 10:42:00,2010-10-15 13:37:00,1
16577.0,667,1,380.0,16.52173913043478,142,1,2010-02-11 09:45:00,2010-02-11 09:45:00,1
16578.0,626,1,156.6,17.4,108,1,2010-03-23 15:11:00,2010-03-23 15:11:00,1
16579.0,426,1,295.05,21.075,119,1,2010-10-10 11:58:00,2010-10-10 11:58:00,1
16581.0,183,1,105.84,11.76,134,1,2011-06-10 10:05:00,2011-06-10 10:05:00,1
16582.0,113,1,313.62,52.27,164,1,2011-08-18 17:02:00,2011-08-18 17:02:00,0
16583.0,374,2,297.95,16.552777777777777,153,2,2010-02-04 12:18:00,2010-12-01 12:03:00,1
16584.0,80,5,3156.17,38.48987804878049,1913,5,2010-02-16 10:41:00,2011-09-20 13:45:00,0
16585.0,594,2,341.59000000000003,18.977222222222224,151,2,2010-01-13 13:31:00,2010-04-25 10:34:00,1
16586.0,249,3,1462.78,52.24214285714286,348,3,2010-03-14 11:24:00,2011-04-05 09:32:00,1
16587.0,232,1,225.15,17.31923076923077,71,1,2011-04-21 15:51:00,2011-04-21 15:51:00,1
16588.0,386,4,1361.28,19.172957746478872,882,4,2010-05-14 13:43:00,2010-11-18 17:56:00,1
16589.0,71,4,612.36,13.917272727272728,536,3,2010-09-15 14:56:00,2011-09-29 14:50:00,0
16590.0,401,2,605.9,20.893103448275863,240,2,2010-10-21 12:09:00,2010-11-04 09:06:00,1
16591.0,69,1,213.5,21.35,41,1,2011-10-02 10:43:00,2011-10-02 10:43:00,0
16592.0,4,28,7807.91,18.242780373831774,5504,11,2009-12-18 15:57:00,2011-12-05 13:49:00,0
16593.0,51,8,1071.14,13.732564102564103,377,6,2009-12-05 10:44:00,2011-10-20 12:41:00,0
16594.0,75,1,181.09,3.416792452830189,64,1,2011-09-25 14:08:00,2011-09-25 14:08:00,0
16595.0,61,5,1757.75,3.8888274336283186,1331,4,2010-01-17 12:12:00,2011-10-09 13:15:00,0
16596.0,16,4,458.98,19.124166666666667,180,3,2009-12-10 13:09:00,2011-11-24 10:02:00,0
16597.0,4,1,90.04,12.862857142857143,184,1,2011-12-05 15:44:00,2011-12-05 15:44:00,0
16598.0,286,1,145.05,14.505,73,1,2011-02-27 11:42:00,2011-02-27 11:42:00,1
16599.0,386,1,172.8,14.4,159,1,2010-11-19 12:45:00,2010-11-19 12:45:00,1
16600.0,4,13,2153.41,15.058811188811188,2420,6,2009-12-18 12:59:00,2011-12-05 16:00:00,0
16601.0,41,3,677.0,9.81159420289855,391,3,2010-03-26 13:39:00,2011-10-30 11:09:00,0
16602.0,36,2,763.33,19.08325,429,1,2010-11-16 09:13:00,2011-11-03 15:54:00,0
16603.0,75,2,482.47,14.19029411764706,480,1,2011-09-09 13:02:00,2011-09-26 10:06:00,0
16604.0,563,2,432.45000000000005,36.0375,175,1,2010-05-20 16:34:00,2010-05-26 09:10:00,1
16605.0,724,1,60.48,60.48,144,1,2009-12-15 19:03:00,2009-12-15 19:03:00,1
16606.0,404,2,357.66,16.257272727272728,148,1,2010-10-01 13:21:00,2010-10-31 13:57:00,1
16607.0,18,25,5706.87,19.15057046979866,4436,11,2010-04-29 14:01:00,2011-11-22 10:24:00,0
16608.0,454,2,1286.6200000000001,10.633223140495868,612,2,2010-02-14 11:57:00,2010-09-12 11:44:00,1
16609.0,15,7,5493.46,19.903840579710145,2420,5,2011-04-01 10:11:00,2011-11-24 13:32:00,0
16610.0,219,1,75.66,12.61,66,1,2011-05-04 13:13:00,2011-05-04 13:13:00,1
16611.0,186,6,1785.13,16.228454545454547,874,5,2010-03-10 16:07:00,2011-06-06 15:46:00,1
16612.0,33,9,3245.4300000000003,19.4337125748503,1419,7,2009-12-03 15:54:00,2011-11-07 07:38:00,0
16613.0,70,1,618.59,20.619666666666667,293,1,2011-09-30 15:52:00,2011-09-30 15:52:00,0
16614.0,183,3,1179.79,24.07734693877551,349,3,2010-05-10 15:18:00,2011-06-10 11:36:00,1
16615.0,626,1,291.5,15.342105263157896,211,1,2010-03-23 15:13:00,2010-03-23 15:13:00,1
16616.0,15,2,500.42,15.164242424242424,370,2,2011-07-05 13:38:00,2011-11-24 16:31:00,0
16617.0,236,1,151.85,30.369999999999997,91,1,2011-04-18 10:35:00,2011-04-18 10:35:00,1
16618.0,31,5,2647.59,27.579062500000003,1363,4,2011-01-21 11:55:00,2011-11-08 13:52:00,0
16619.0,264,4,1938.3300000000002,16.709741379310348,1055,4,2010-02-22 12:05:00,2011-03-21 08:18:00,1
16620.0,4,6,1758.93,18.712021276595745,1146,4,2009-12-01 14:35:00,2011-12-06 12:19:00,0
16621.0,52,4,813.48,28.05103448275862,302,4,2011-03-07 11:32:00,2011-10-19 11:38:00,0
16622.0,544,1,225.4,18.783333333333335,44,1,2010-06-14 10:44:00,2010-06-14 10:44:00,1
16623.0,246,4,1015.24,19.906666666666666,442,3,2010-04-26 14:04:00,2011-04-08 10:09:00,1
16624.0,81,2,810.57,16.886875,488,2,2011-05-26 14:20:00,2011-09-20 12:39:00,0
16625.0,275,5,1654.03,16.707373737373736,1057,5,2010-06-14 11:56:00,2011-03-10 12:50:00,1
16626.0,1,17,4413.1,24.65418994413408,2690,8,2011-03-18 12:27:00,2011-12-09 11:56:00,0
16627.0,79,1,322.8,16.14,162,1,2011-09-21 14:38:00,2011-09-21 14:38:00,0
16628.0,30,7,2318.1,18.5448,1260,7,2010-03-08 12:24:00,2011-11-10 12:45:00,0
16629.0,74,2,408.63,6.8105,489,1,2011-09-04 16:12:00,2011-09-27 10:34:00,0
16630.0,407,1,106.80000000000001,26.700000000000003,72,1,2010-10-28 14:30:00,2010-10-28 14:30:00,1
16631.0,482,7,1892.52,23.6565,775,6,2010-02-26 10:49:00,2010-08-15 11:20:00,1
16632.0,486,2,406.4,15.05185185185185,256,2,2010-05-07 16:46:00,2010-08-11 11:39:00,1
16633.0,17,6,2883.1,18.967763157894737,1138,6,2011-04-19 14:36:00,2011-11-22 13:41:00,0
16634.0,223,6,1649.81,19.87722891566265,1257,6,2010-01-21 09:30:00,2011-05-01 12:09:00,1
16635.0,407,1,473.0,18.92,277,1,2010-10-29 09:41:00,2010-10-29 09:41:00,1
16636.0,438,4,3802.04,52.0827397260274,2186,3,2010-03-03 14:06:00,2010-09-27 13:13:00,1
16637.0,32,4,1154.47,16.73144927536232,927,4,2011-04-28 10:20:00,2011-11-07 13:17:00,0
16638.0,23,15,2380.13,17.247318840579712,1627,8,2010-08-18 13:33:00,2011-11-17 11:09:00,0
16639.0,31,4,1747.98,21.580000000000002,751,4,2010-10-26 18:23:00,2011-11-08 13:20:00,0
16640.0,398,1,179.4,13.8,146,1,2010-11-07 10:48:00,2010-11-07 10:48:00,1
16641.0,106,2,554.5,15.402777777777779,454,2,2010-01-07 12:22:00,2011-08-26 12:49:00,0
16642.0,5,3,1077.45,19.95277777777778,775,3,2010-10-20 14:22:00,2011-12-05 11:31:00,0
16643.0,246,2,923.11,16.783818181818184,553,2,2010-10-13 09:47:00,2011-04-08 08:24:00,1
16644.0,178,2,833.78,13.448064516129032,826,2,2011-05-11 12:53:00,2011-06-15 12:39:00,0
16645.0,736,1,160.39,11.456428571428571,117,1,2009-12-04 09:49:00,2009-12-04 09:49:00,1
16646.0,449,1,678.8,23.406896551724138,1072,1,2010-09-16 13:28:00,2010-09-16 13:28:00,1
16647.0,170,4,541.9,16.421212121212122,396,3,2010-06-13 15:52:00,2011-06-23 11:47:00,0
16648.0,43,3,672.8,18.18378378378378,503,3,2010-04-28 14:58:00,2011-10-28 08:58:00,0
16649.0,520,1,306.58,15.328999999999999,82,1,2010-07-07 15:41:00,2010-07-07 15:41:00,1
16650.0,72,7,1916.11,19.552142857142854,1511,4,2010-07-08 14:18:00,2011-09-29 09:51:00,0
16651.0,587,1,136.2,22.7,60,1,2010-05-02 11:46:00,2010-05-02 11:46:00,1
16652.0,59,16,17550.39,63.8196,7477,6,2010-03-17 10:22:00,2011-10-12 09:38:00,0
16653.0,16,2,1212.66,17.574782608695653,733,2,2011-09-29 13:38:00,2011-11-23 14:51:00,0
16654.0,141,8,1484.07,20.055,640,6,2010-04-06 13:29:00,2011-07-21 15:23:00,0
16655.0,18,13,6423.26,10.886881355932204,3938,9,2010-01-31 15:40:00,2011-11-22 11:25:00,0
16656.0,22,30,16833.170000000002,119.38418439716314,15433,12,2009-12-04 12:59:00,2011-11-17 14:43:00,0
16657.0,10,4,874.43,4.554322916666666,1130,3,2011-03-30 12:02:00,2011-11-30 11:48:00,0
16658.0,368,6,690.83,10.79421875,277,5,2010-03-30 16:24:00,2010-12-06 13:47:00,1
16659.0,189,1,39.12,19.56,72,1,2011-06-03 15:03:00,2011-06-03 15:03:00,1
16660.0,16,7,1879.55,78.31458333333333,991,5,2010-01-14 11:09:00,2011-11-23 14:53:00,0
16661.0,540,4,932.76,15.044516129032258,364,4,2009-12-17 15:39:00,2010-06-17 15:24:00,1
16662.0,394,1,151.05,5.394642857142857,35,1,2010-11-10 16:56:00,2010-11-10 16:56:00,1
16663.0,729,1,165.0,165.0,100,1,2009-12-10 13:12:00,2009-12-10 13:12:00,1
16664.0,569,1,109.2,13.65,24,1,2010-05-19 17:11:00,2010-05-19 17:11:00,1
16665.0,362,1,135.4,15.044444444444444,59,1,2010-12-12 14:03:00,2010-12-12 14:03:00,1
16666.0,19,2,217.71,4.5356250000000005,354,2,2010-03-28 15:13:00,2011-11-20 14:01:00,0
16667.0,68,2,567.1800000000001,10.907307692307693,236,2,2011-02-28 12:57:00,2011-10-02 15:26:00,0
16668.0,15,13,862.42,16.272075471698113,773,8,2010-03-18 18:25:00,2011-11-24 17:43:00,0
16669.0,24,3,1348.88,8.646666666666667,881,2,2011-09-22 14:13:00,2011-11-16 12:26:00,0
16670.0,17,20,8030.150000000001,16.55701030927835,4534,10,2009-12-10 15:28:00,2011-11-23 09:34:00,0
16671.0,28,3,1692.27,282.045,875,2,2011-06-28 11:20:00,2011-11-11 13:40:00,0
16672.0,2,20,8134.9400000000005,71.35912280701754,2832,9,2011-03-18 10:15:00,2011-12-07 16:29:00,0
16673.0,679,1,171.13,9.006842105263157,95,1,2010-01-29 14:22:00,2010-01-29 14:22:00,1
16674.0,55,2,304.24,3.2713978494623657,181,2,2011-09-02 13:59:00,2011-10-16 11:31:00,0
16675.0,442,2,608.86,26.47217391304348,296,2,2010-08-18 13:11:00,2010-09-24 12:15:00,1
16676.0,34,6,2361.9,17.758646616541355,927,5,2010-10-17 13:07:00,2011-11-06 12:01:00,0
16677.0,411,2,880.62,18.73659574468085,457,2,2010-02-25 16:11:00,2010-10-24 14:53:00,1
16678.0,3,12,3109.99,19.07969325153374,2397,8,2011-03-02 09:24:00,2011-12-07 12:17:00,0
16679.0,366,3,663.31,36.85055555555555,247,3,2010-06-10 18:35:00,2010-12-08 13:51:00,1
16680.0,43,3,821.45,28.32586206896552,377,2,2010-06-23 09:30:00,2011-10-27 17:35:00,0
16681.0,73,7,1921.8400000000001,39.22122448979592,1492,5,2010-03-08 14:10:00,2011-09-28 11:11:00,0
16682.0,5,5,1028.0,34.266666666666666,1040,5,2011-06-05 11:02:00,2011-12-05 12:13:00,0
16683.0,534,1,320.25,17.791666666666668,190,1,2010-06-24 10:36:00,2010-06-24 10:36:00,1
16684.0,4,55,147142.77,204.93422005571028,104810,12,2009-12-07 12:56:00,2011-12-05 14:06:00,0
16685.0,61,2,324.24,5.2296774193548385,396,1,2011-10-09 13:44:00,2011-10-09 13:58:00,0
16686.0,47,16,4881.07,4.748122568093385,3419,10,2009-12-06 15:48:00,2011-10-23 13:49:00,0
16687.0,391,1,157.63,19.70375,141,1,2010-11-14 11:46:00,2010-11-14 11:46:00,1
16688.0,1,4,1260.8600000000001,20.33645161290323,804,3,2011-10-10 12:23:00,2011-12-08 15:24:00,0
16689.0,76,2,422.6,32.50769230769231,330,1,2011-09-18 13:29:00,2011-09-25 11:39:00,0
16690.0,72,4,353.03000000000003,18.580526315789474,209,3,2010-09-14 15:00:00,2011-09-28 15:02:00,0
16691.0,418,2,178.83,16.257272727272728,92,2,2010-05-27 14:55:00,2010-10-17 15:03:00,1
16692.0,256,4,1914.6999999999998,382.93999999999994,878,4,2010-09-24 11:31:00,2011-03-28 14:46:00,1
16693.0,69,5,1179.48,7.020714285714286,658,4,2010-02-21 12:42:00,2011-10-02 11:10:00,0
16694.0,723,1,98.30000000000001,32.76666666666667,26,1,2009-12-16 15:45:00,2009-12-16 15:45:00,1
16695.0,562,2,191.9,5.482857142857143,184,1,2010-05-27 12:24:00,2010-05-27 12:36:00,1
16696.0,135,4,657.9,65.78999999999999,146,3,2011-04-05 15:20:00,2011-07-27 14:23:00,0
16697.0,241,1,112.75,5.369047619047619,27,1,2011-04-12 17:12:00,2011-04-12 17:12:00,1
16698.0,227,2,1998.0,399.6,840,2,2011-03-31 13:33:00,2011-04-27 10:52:00,1
16699.0,380,7,994.6,16.04193548387097,640,6,2009-12-04 13:31:00,2010-11-24 14:38:00,1
16700.0,9,25,8830.77,17.147126213592234,6644,11,2009-12-02 10:51:00,2011-12-01 11:00:00,0
16701.0,9,26,9916.73,36.06083636363636,11046,10,2009-12-01 19:19:00,2011-12-01 11:10:00,0
16702.0,415,4,1110.83,12.206923076923076,692,4,2009-12-07 16:40:00,2010-10-20 14:10:00,1
16704.0,618,2,664.16,12.299259259259259,433,2,2010-02-05 14:14:00,2010-03-31 14:02:00,1
16705.0,1,42,43515.051,62.97402460202605,22302,11,2009-12-09 13:34:00,2011-12-09 12:08:00,0
16706.0,37,3,531.35,4.319918699186992,249,3,2011-08-17 15:53:00,2011-11-02 13:50:00,0
16707.0,400,4,533.41,8.206307692307691,396,4,2010-03-09 15:16:00,2010-11-04 14:39:00,1
16708.0,46,1,656.63,24.31962962962963,285,1,2011-10-25 12:20:00,2011-10-25 12:20:00,0
16709.0,85,14,9056.01,29.986788079470198,3261,9,2009-12-09 13:16:00,2011-09-16 10:56:00,0
16710.0,19,22,5921.35,6.514136413641364,4174,9,2009-12-04 13:41:00,2011-11-20 14:50:00,0
16711.0,3,9,2868.48,86.92363636363636,1212,5,2009-12-02 13:22:00,2011-12-06 16:32:00,0
16712.0,9,13,4232.87,8.12451055662188,2074,6,2010-11-03 15:45:00,2011-11-30 13:48:00,0
16713.0,19,32,14115.56,11.149731437598735,8482,11,2009-12-15 12:49:00,2011-11-21 12:36:00,0
16714.0,219,4,1497.33,13.612090909090908,828,3,2010-02-07 11:17:00,2011-05-05 11:09:00,1
16715.0,78,2,625.52,22.34,1174,2,2010-05-26 12:35:00,2011-09-22 18:15:00,0
16716.0,267,3,2149.6800000000003,268.71000000000004,912,2,2010-03-19 11:05:00,2011-03-18 10:03:00,1
16717.0,24,14,6663.68,19.039085714285715,3145,7,2009-12-07 15:55:00,2011-11-16 12:16:00,0
16718.0,369,5,3006.08,16.983502824858757,1924,4,2009-12-06 13:07:00,2010-12-05 13:03:00,1
16719.0,15,14,3513.62,8.963316326530611,2356,10,2009-12-13 10:59:00,2011-11-25 09:27:00,0
16720.0,26,3,758.74,5.4195714285714285,460,2,2009-12-17 17:54:00,2011-11-13 16:22:00,0
16721.0,262,1,292.47,7.904594594594595,172,1,2011-03-22 16:08:00,2011-03-22 16:08:00,1
16722.0,17,22,8189.56,21.665502645502645,7986,11,2009-12-03 19:23:00,2011-11-22 13:28:00,0
16723.0,91,4,1231.3600000000001,9.930322580645162,958,3,2009-12-04 13:23:00,2011-09-09 13:01:00,0
16724.0,405,1,147.35,8.66764705882353,69,1,2010-10-31 11:40:00,2010-10-31 11:40:00,1
16725.0,302,14,1688.26,4.85132183908046,700,6,2009-12-13 15:54:00,2011-02-10 16:52:00,1
16726.0,26,7,2063.88,7.877404580152672,1323,5,2010-10-24 16:09:00,2011-11-13 14:53:00,0
16727.0,364,4,1377.77,6.7208292682926825,1066,4,2010-01-20 10:48:00,2010-12-10 13:48:00,1
16728.0,46,4,1048.28,3.9858555133079845,671,4,2011-03-20 13:28:00,2011-10-24 14:36:00,0
16729.0,38,21,7205.33,10.983734756097562,5722,8,2011-04-12 14:22:00,2011-11-01 14:29:00,0
16730.0,52,3,743.11,9.062317073170732,994,3,2011-01-24 14:01:00,2011-10-18 14:11:00,0
16731.0,648,1,170.3,4.0547619047619055,124,1,2010-03-01 15:05:00,2010-03-01 15:05:00,1
16732.0,32,4,4387.64,19.853574660633484,2414,3,2009-12-08 13:04:00,2011-11-08 09:54:00,0
16733.0,530,1,259.68,21.64,112,1,2010-06-28 10:12:00,2010-06-28 10:12:00,1
16734.0,52,3,646.76,12.437692307692307,345,2,2011-08-17 15:00:00,2011-10-18 13:44:00,0
16735.0,79,14,6217.41,21.14765306122449,4240,8,2009-12-08 09:24:00,2011-09-22 11:49:00,0
16736.0,506,5,2956.56,20.675244755244755,1050,3,2009-12-03 16:12:00,2010-07-22 10:09:00,1
16737.0,53,2,835.2,417.6,576,2,2010-05-11 09:53:00,2011-10-17 13:03:00,0
16738.0,298,1,3.75,3.75,3,1,2011-02-15 09:46:00,2011-02-15 09:46:00,1
16739.0,177,2,786.4300000000001,20.695526315789476,391,1,2010-06-21 09:38:00,2011-06-16 09:17:00,0
16740.0,395,1,226.91,7.0909375,110,1,2010-11-09 13:34:00,2010-11-09 13:34:00,1
16741.0,625,1,173.06,15.732727272727272,81,1,2010-03-24 15:15:00,2010-03-24 15:15:00,1
16742.0,47,14,2799.87,26.92182692307692,2558,9,2009-12-16 17:22:00,2011-10-24 12:02:00,0
16743.0,29,14,4212.15,11.353504043126684,3707,9,2010-04-22 13:21:00,2011-11-10 13:13:00,0
16744.0,11,7,1291.91,5.4741949152542375,798,5,2011-06-19 15:13:00,2011-11-28 13:06:00,0
16745.0,87,17,7180.7,20.227323943661972,6719,8,2011-02-01 11:31:00,2011-09-14 11:58:00,0
16746.0,5,42,18046.75,18.3588504577823,11900,12,2009-12-04 13:00:00,2011-12-05 12:33:00,0
16747.0,38,2,836.0600000000001,19.906190476190478,583,2,2011-10-03 10:18:00,2011-11-02 11:37:00,0
16748.0,18,14,3637.33,22.044424242424242,2127,10,2009-12-10 12:28:00,2011-11-22 10:17:00,0
16749.0,591,2,4157.88,57.748333333333335,1910,2,2009-12-15 14:05:00,2010-04-27 13:06:00,1
16750.0,45,5,623.93,6.567684210526315,214,5,2011-04-21 16:53:00,2011-10-26 12:48:00,0
16751.0,31,1,1764.72,70.5888,1031,1,2011-11-09 10:48:00,2011-11-09 10:48:00,0
16752.0,373,1,207.5,23.055555555555557,54,1,2010-12-02 12:18:00,2010-12-02 12:18:00,1
16753.0,58,1,223.92000000000002,6.5858823529411765,189,1,2011-10-12 13:14:00,2011-10-12 13:14:00,0
16754.0,372,29,65500.07,467.8576428571429,63551,9,2010-03-08 11:32:00,2010-12-02 17:38:00,1
16755.0,114,7,2864.68,8.980188087774295,1985,5,2009-12-09 14:25:00,2011-08-17 13:21:00,0
16756.0,215,7,1312.3700000000001,16.61227848101266,707,7,2010-03-09 15:56:00,2011-05-09 09:33:00,1
16757.0,319,2,270.48,18.032,180,2,2010-10-26 15:09:00,2011-01-25 11:59:00,1
16758.0,65,1,369.34000000000003,16.78818181818182,203,1,2011-10-05 14:47:00,2011-10-05 14:47:00,0
16759.0,8,3,789.79,18.804523809523808,609,2,2011-11-09 09:06:00,2011-12-02 12:42:00,0
16760.0,430,1,228.0,13.411764705882353,168,1,2010-10-05 15:55:00,2010-10-05 15:55:00,1
16761.0,97,1,316.62,24.355384615384615,341,1,2011-09-04 11:15:00,2011-09-04 11:15:00,0
16762.0,20,3,1207.24,19.162539682539684,480,3,2011-07-18 12:52:00,2011-11-20 11:43:00,0
16763.0,199,2,964.6999999999999,21.924999999999997,492,2,2009-12-01 15:26:00,2011-05-25 11:52:00,1
16764.0,4,13,2790.9500000000003,3.987071428571429,1253,6,2011-07-19 17:17:00,2011-12-06 11:41:00,0
16765.0,294,2,454.75,8.745192307692308,311,2,2010-11-22 13:42:00,2011-02-18 15:41:00,1
16766.0,273,2,1145.6,33.69411764705882,536,1,2011-03-11 13:34:00,2011-03-11 15:22:00,1
16767.0,31,15,8056.76,25.09894080996885,7102,10,2010-04-28 16:49:00,2011-11-09 09:42:00,0
16768.0,48,9,1698.57,10.550124223602484,774,8,2009-12-07 11:47:00,2011-10-23 10:38:00,0
16769.0,260,4,1117.05,11.515979381443298,295,3,2009-12-14 11:10:00,2011-03-24 13:41:00,1
16770.0,58,9,1778.93,5.247581120943953,1052,7,2010-08-22 16:08:00,2011-10-13 12:21:00,0
16771.0,33,10,3949.6,9.680392156862744,2308,7,2009-12-09 11:52:00,2011-11-06 13:28:00,0
16772.0,423,3,3698.05,54.38308823529412,687,3,2009-12-18 10:50:00,2010-10-12 13:19:00,1
16773.0,57,3,421.24,6.480615384615385,252,3,2009-12-06 15:01:00,2011-10-13 14:37:00,0
16774.0,68,8,1567.48,11.965496183206106,774,6,2010-02-16 16:53:00,2011-10-03 12:41:00,0
16775.0,10,16,2820.84,10.891274131274132,957,10,2010-09-23 17:34:00,2011-11-29 15:22:00,0
16776.0,60,2,592.51,4.702460317460317,435,1,2010-10-20 12:13:00,2011-10-10 13:04:00,0
16777.0,80,5,1292.18,9.099859154929577,470,4,2010-03-17 12:42:00,2011-09-20 13:41:00,0
16778.0,74,2,245.94,15.37125,194,2,2011-03-10 15:21:00,2011-09-26 13:48:00,0
16779.0,2,53,32809.03,31.54714423076923,19411,12,2009-12-03 13:03:00,2011-12-07 14:54:00,0
16780.0,100,3,596.4,6.2124999999999995,352,3,2010-10-28 19:41:00,2011-08-31 16:09:00,0
16781.0,372,2,623.0,15.974358974358974,192,2,2010-02-08 13:56:00,2010-12-02 14:26:00,1
16782.0,10,38,9636.12,5.725561497326204,4027,11,2009-12-09 11:58:00,2011-11-29 13:20:00,0
16783.0,437,1,391.95,15.677999999999999,163,1,2010-09-29 11:53:00,2010-09-29 11:53:00,1
16784.0,20,5,892.33,5.647658227848101,494,4,2010-03-28 12:55:00,2011-11-20 12:20:00,0
16785.0,410,1,533.78,15.250857142857143,313,1,2010-10-26 10:36:00,2010-10-26 10:36:00,1
16786.0,394,1,51.84,51.84,72,1,2010-11-11 08:25:00,2010-11-11 08:25:00,1
16787.0,398,4,1017.53,9.085089285714286,472,4,2010-01-10 11:12:00,2010-11-07 11:01:00,1
16788.0,123,5,1928.93,4.035418410041841,965,5,2010-02-07 12:40:00,2011-08-08 14:53:00,0
16789.0,8,1,80.80000000000001,16.160000000000004,32,1,2011-12-01 15:12:00,2011-12-01 15:12:00,0
16790.0,4,6,1545.6200000000001,16.61956989247312,898,2,2011-11-02 11:23:00,2011-12-06 11:53:00,0
16791.0,29,15,3957.63,5.811497797356829,1854,8,2009-12-03 18:08:00,2011-11-10 19:12:00,0
16792.0,282,5,623.46,6.1123529411764705,324,4,2010-01-04 13:47:00,2011-03-02 14:41:00,1
16793.0,57,1,243.84,15.24,146,1,2011-10-13 15:08:00,2011-10-13 15:08:00,0
16794.0,1,15,2052.7,4.089043824701195,1576,9,2010-03-25 15:17:00,2011-12-08 17:54:00,0
16795.0,365,3,2062.41,6.138125,1214,3,2010-01-25 13:14:00,2010-12-09 14:08:00,1
16796.0,89,1,305.62,16.97888888888889,186,1,2011-09-11 14:01:00,2011-09-11 14:01:00,0
16797.0,393,5,1802.02,4.527688442211055,898,5,2009-12-02 13:33:00,2010-11-11 19:14:00,1
16798.0,554,3,841.16,4.977278106508876,205,3,2009-12-10 19:35:00,2010-06-03 19:01:00,1
16799.0,432,2,452.78000000000003,4.921521739130435,162,2,2010-09-12 12:46:00,2010-10-03 14:28:00,1
16800.0,11,1,1162.65,7.452884615384616,524,1,2011-11-28 14:06:00,2011-11-28 14:06:00,0
16801.0,163,4,1594.23,21.2564,493,3,2011-03-11 13:56:00,2011-06-29 15:33:00,0
16802.0,679,2,582.61,10.992641509433962,369,2,2009-12-09 13:00:00,2010-01-29 13:44:00,1
16803.0,65,1,332.3,13.845833333333333,245,1,2011-10-05 14:28:00,2011-10-05 14:28:00,0
16804.0,23,3,536.99,8.949833333333334,246,2,2011-03-14 15:48:00,2011-11-16 16:43:00,0
16805.0,174,5,1091.34,4.38289156626506,1120,3,2009-12-08 14:29:00,2011-06-19 11:23:00,0
16806.0,103,4,762.16,8.195268817204301,356,4,2011-04-14 19:59:00,2011-08-28 15:27:00,0
16807.0,143,6,2123.88,14.956901408450705,1433,4,2010-03-26 14:38:00,2011-07-20 12:00:00,0
16808.0,99,2,288.42,12.540000000000001,196,2,2011-03-10 19:05:00,2011-09-01 19:34:00,0
16809.0,23,9,1727.43,6.6696138996139,1093,7,2010-04-13 15:34:00,2011-11-16 15:45:00,0
16810.0,192,2,842.04,24.765882352941176,372,2,2010-10-15 15:32:00,2011-05-31 15:32:00,1
16811.0,5,2,547.07,19.538214285714286,477,2,2011-11-22 17:19:00,2011-12-05 11:39:00,0
16812.0,361,4,2392.0,20.8,1116,2,2010-11-22 14:36:00,2010-12-14 12:35:00,1
16813.0,8,10,1652.18,3.878356807511737,1501,7,2011-05-19 13:28:00,2011-12-01 14:03:00,0
16814.0,14,36,11924.85,15.547392438070405,4844,12,2010-04-11 12:45:00,2011-11-25 13:27:00,0
16815.0,454,2,406.02,5.561917808219178,237,2,2010-06-21 12:05:00,2010-09-12 10:59:00,1
16816.0,103,4,417.06,14.895,274,4,2010-12-16 17:01:00,2011-08-28 14:16:00,0
16817.0,3,13,2560.7000000000003,18.160992907801422,1401,7,2010-10-04 09:06:00,2011-12-07 11:03:00,0
16818.0,11,11,3349.57,17.81686170212766,2164,6,2011-05-18 11:42:00,2011-11-29 10:41:00,0
16819.0,465,2,182.59,10.740588235294117,253,1,2010-08-31 17:31:00,2010-08-31 17:37:00,1
16820.0,96,1,497.61,19.138846153846153,307,1,2011-09-05 12:06:00,2011-09-05 12:06:00,0
16821.0,382,1,113.35,16.192857142857143,13,1,2010-11-23 10:04:00,2010-11-23 10:04:00,1
16822.0,686,1,181.39,16.49,171,1,2010-01-22 14:22:00,2010-01-22 14:22:00,1
16823.0,227,7,2243.09,12.965838150289018,1166,6,2009-12-02 09:57:00,2011-04-26 15:00:00,1
16824.0,16,3,686.24,17.595897435897434,390,2,2010-11-11 12:21:00,2011-11-24 12:38:00,0
16825.0,39,5,1826.89,28.54515625,1297,3,2010-06-23 13:14:00,2011-11-01 11:51:00,0
16826.0,51,1,341.7,15.531818181818181,158,1,2011-10-19 14:05:00,2011-10-19 14:05:00,0
16827.0,393,5,392.13,32.6775,125,4,2010-04-29 19:07:00,2010-11-11 14:04:00,1
16828.0,93,2,128.5,16.0625,59,2,2011-08-19 13:24:00,2011-09-07 15:10:00,0
16829.0,157,2,513.32,19.011851851851855,215,2,2010-11-16 18:11:00,2011-07-06 10:48:00,0
16830.0,39,4,1207.5,16.1,699,4,2009-12-13 12:11:00,2011-11-01 11:35:00,0
16831.0,565,1,91.8,15.299999999999999,48,1,2010-05-24 09:08:00,2010-05-24 09:08:00,1
16832.0,184,5,417.61,19.886190476190478,179,4,2010-09-07 12:35:00,2011-06-08 15:36:00,1
16833.0,1,6,2409.04,26.18521739130435,878,4,2010-03-26 15:31:00,2011-12-08 14:39:00,0
16834.0,228,2,898.96,18.728333333333335,760,2,2010-02-03 14:24:00,2011-04-26 09:37:00,1
16835.0,128,6,1456.66,17.764146341463416,496,6,2010-05-19 08:41:00,2011-08-03 13:50:00,0
16836.0,40,4,782.37,18.627857142857142,539,3,2010-05-14 12:52:00,2011-10-31 10:05:00,0
16837.0,31,11,3170.98,19.218060606060607,1563,5,2011-04-08 08:48:00,2011-11-08 14:27:00,0
16838.0,197,4,1159.6100000000001,19.65440677966102,509,3,2010-02-14 15:27:00,2011-05-26 13:13:00,1
16839.0,9,44,21758.25,62.16642857142857,11295,12,2010-02-11 15:02:00,2011-12-01 09:03:00,0
16840.0,603,2,139.85,15.538888888888888,117,2,2010-02-03 12:42:00,2010-04-15 15:48:00,1
16841.0,37,12,4006.06,18.292511415525112,3478,9,2010-01-12 11:32:00,2011-11-03 11:51:00,0
16842.0,101,3,1264.19,20.066507936507936,693,3,2011-02-10 14:51:00,2011-08-31 10:42:00,0
16843.0,43,35,19571.43,32.83796979865772,18502,10,2009-12-10 11:40:00,2011-10-28 09:06:00,0
16844.0,563,2,614.34,19.198125,281,1,2010-05-06 09:16:00,2010-05-26 10:29:00,1
16845.0,618,1,253.88,12.693999999999999,167,1,2010-03-31 13:09:00,2010-03-31 13:09:00,1
16846.0,50,3,842.41,17.923617021276595,517,3,2010-03-10 12:03:00,2011-10-20 13:55:00,0
16847.0,43,2,614.89,16.618648648648648,255,2,2010-03-31 13:32:00,2011-10-27 13:29:00,0
16848.0,53,4,1411.62,16.607294117647058,780,2,2010-10-03 11:01:00,2011-10-18 08:42:00,0
16849.0,187,1,124.57,15.57125,33,1,2011-06-06 09:16:00,2011-06-06 09:16:00,1
16850.0,334,1,332.41,17.495263157894737,249,1,2011-01-10 11:09:00,2011-01-10 11:09:00,1
16851.0,4,3,342.45,17.1225,271,2,2011-10-19 09:48:00,2011-12-05 13:32:00,0
16852.0,10,2,144.91,16.10111111111111,56,2,2011-06-16 15:49:00,2011-11-29 13:22:00,0
16854.0,417,2,1408.96,18.786133333333336,997,2,2010-03-09 14:32:00,2010-10-18 16:31:00,1
16855.0,24,2,328.40000000000003,17.284210526315793,164,2,2011-10-27 16:31:00,2011-11-16 12:03:00,0
16856.0,15,3,358.49,18.867894736842107,171,3,2010-09-23 13:11:00,2011-11-25 08:59:00,0
16857.0,443,1,352.8,32.07272727272727,168,1,2010-09-23 10:49:00,2010-09-23 10:49:00,1
16858.0,369,10,4292.59,34.068174603174604,1423,8,2009-12-15 11:09:00,2010-12-06 09:52:00,1
16859.0,145,7,1932.41,17.567363636363638,1899,4,2010-03-04 12:37:00,2011-07-18 12:19:00,0
16860.0,453,3,1610.62,37.45627906976744,625,3,2010-02-15 13:46:00,2010-09-13 10:05:00,1
16861.0,60,5,946.59,19.318163265306122,616,3,2010-07-19 11:44:00,2011-10-11 09:05:00,0
16862.0,547,4,662.33,18.923714285714286,513,3,2010-01-07 12:57:00,2010-06-10 13:05:00,1
16863.0,31,3,834.27,17.750425531914892,640,3,2010-10-26 10:03:00,2011-11-08 15:26:00,0
16864.0,434,2,409.25,24.073529411764707,283,2,2010-04-20 11:56:00,2010-10-01 16:16:00,1
16865.0,402,1,130.95,8.184375,157,1,2010-11-03 11:34:00,2010-11-03 11:34:00,1
16866.0,141,3,207.74,18.885454545454547,60,1,2011-07-01 12:34:00,2011-07-22 10:06:00,0
16867.0,690,1,76.74000000000001,12.790000000000001,58,1,2010-01-19 09:11:00,2010-01-19 09:11:00,1
16868.0,394,3,384.56,7.6912,112,3,2010-04-25 11:31:00,2010-11-10 13:17:00,1
16869.0,23,4,817.12,6.434015748031496,583,3,2011-06-17 13:01:00,2011-11-17 12:02:00,0
16870.0,469,1,450.16,16.077142857142857,278,1,2010-08-27 13:53:00,2010-08-27 13:53:00,1
16871.0,22,6,2812.34,20.528029197080293,1253,4,2011-03-14 10:31:00,2011-11-17 19:27:00,0
16872.0,77,6,1213.13,67.39611111111111,1079,4,2010-09-02 17:36:00,2011-09-23 16:05:00,0
16873.0,5,12,14617.39,28.54958984375,8601,7,2010-02-09 14:17:00,2011-12-05 12:05:00,0
16874.0,379,1,209.89000000000001,6.770645161290323,78,1,2010-11-25 13:08:00,2010-11-25 13:08:00,1
16875.0,67,11,4234.53,18.410999999999998,2099,7,2010-01-05 09:16:00,2011-10-03 13:39:00,0
16876.0,404,1,136.01,4.2503125,181,1,2010-11-01 11:59:00,2010-11-01 11:59:00,1
16877.0,12,6,846.62,5.427051282051282,458,4,2011-05-15 16:13:00,2011-11-27 13:47:00,0
16878.0,84,1,13.3,4.433333333333334,12,1,2011-09-16 17:39:00,2011-09-16 17:39:00,0
16880.0,31,8,1813.21,9.908251366120219,904,5,2010-08-03 13:54:00,2011-11-09 11:33:00,0
16881.0,67,1,432.0,432.0,600,1,2011-10-04 10:33:00,2011-10-04 10:33:00,0
16882.0,67,3,705.12,18.080000000000002,424,3,2011-01-26 17:43:00,2011-10-04 10:42:00,0
16883.0,187,19,2246.06,8.412209737827714,1016,6,2009-12-04 12:07:00,2011-06-05 12:51:00,1
16884.0,38,4,1070.97,14.472567567567568,520,3,2010-05-18 12:00:00,2011-11-02 11:52:00,0
16885.0,15,4,684.6,5.033823529411765,358,3,2010-11-19 12:51:00,2011-11-24 13:40:00,0
16886.0,456,1,134.0,16.75,48,1,2010-09-09 15:08:00,2010-09-09 15:08:00,1
16887.0,35,3,658.17,6.516534653465346,423,2,2009-12-01 13:41:00,2011-11-04 14:07:00,0
16888.0,401,3,434.2,8.35,145,3,2010-01-07 13:07:00,2010-11-04 12:39:00,1
16889.0,195,6,2526.65,11.643548387096775,1611,5,2010-05-23 10:46:00,2011-05-29 11:05:00,1
16890.0,477,3,285.41,15.021578947368422,243,2,2010-05-06 16:27:00,2010-08-20 11:23:00,1
16891.0,2,11,1727.94,4.133827751196172,652,8,2009-12-04 12:37:00,2011-12-08 11:15:00,0
16892.0,1,7,754.75,5.509124087591241,367,3,2009-12-08 14:20:00,2011-12-08 13:18:00,0
16893.0,367,2,249.89000000000001,2.8722988505747127,117,2,2010-11-28 15:14:00,2010-12-08 12:06:00,1
16894.0,502,3,1306.96,6.989090909090909,503,2,2010-06-22 14:21:00,2010-07-25 15:43:00,1
16895.0,65,5,1102.9,6.766257668711657,421,5,2010-02-12 11:07:00,2011-10-06 12:15:00,0
16896.0,555,1,103.95,5.775,18,1,2010-06-02 15:40:00,2010-06-02 15:40:00,1
16897.0,299,2,289.78,7.831891891891891,73,2,2011-01-30 11:52:00,2011-02-13 15:02:00,1
16898.0,26,5,885.21,3.526733067729084,695,5,2010-05-12 12:18:00,2011-11-13 15:44:00,0
16899.0,8,8,1695.77,9.8021387283237,811,5,2010-11-07 15:00:00,2011-12-02 12:03:00,0
16900.0,17,3,887.11,11.229240506329115,833,2,2011-10-07 13:17:00,2011-11-23 10:32:00,0
16901.0,729,1,204.26,8.880869565217392,42,1,2009-12-10 16:30:00,2009-12-10 16:30:00,1
16902.0,116,1,1706.88,38.79272727272728,629,1,2011-08-15 14:17:00,2011-08-15 14:17:00,0
16903.0,29,3,1041.75,5.7239010989010985,717,2,2010-10-20 14:42:00,2011-11-10 15:32:00,0
16904.0,4,21,4675.36,5.212218506131549,2607,11,2010-10-24 16:03:00,2011-12-05 13:10:00,0
16905.0,5,17,4706.77,14.70865625,1913,8,2009-12-10 20:04:00,2011-12-04 14:01:00,0
16906.0,82,7,1410.92,6.624037558685447,590,5,2010-05-13 13:23:00,2011-09-19 11:49:00,0
16907.0,29,9,1470.89,7.037751196172249,451,7,2010-07-01 17:30:00,2011-11-10 18:04:00,0
16908.0,722,1,252.59,12.6295,61,1,2009-12-17 13:35:00,2009-12-17 13:35:00,1
16909.0,72,1,379.14,21.063333333333333,436,1,2011-09-28 16:45:00,2011-09-28 16:45:00,0
16910.0,4,8,1508.96,2.7687339449541284,884,4,2011-09-09 14:14:00,2011-12-05 12:51:00,0
16911.0,636,2,255.25,7.292857142857143,161,2,2010-02-16 16:12:00,2010-03-14 12:18:00,1
16912.0,29,15,4460.51,25.933197674418604,1689,8,2009-12-09 12:32:00,2011-11-11 12:18:00,0
16913.0,290,3,423.91,23.550555555555558,229,1,2010-02-26 12:06:00,2011-02-22 12:56:00,1
16914.0,36,1,183.76,6.125333333333333,112,1,2011-11-03 15:27:00,2011-11-03 15:27:00,0
16915.0,9,11,1543.18,20.853783783783786,190,9,2010-05-19 13:32:00,2011-11-30 16:39:00,0
16916.0,24,4,902.02,4.40009756097561,649,3,2010-10-20 12:56:00,2011-11-16 12:08:00,0
16917.0,277,2,1851.88,37.037600000000005,792,1,2010-03-17 15:24:00,2011-03-08 11:55:00,1
16918.0,50,16,3206.54,7.062863436123348,2066,10,2009-12-03 12:27:00,2011-10-21 12:50:00,0
16919.0,156,24,4909.66,7.996188925081433,2333,9,2010-08-19 15:28:00,2011-07-06 13:35:00,0
16920.0,411,1,355.45,15.454347826086956,81,1,2010-10-24 14:07:00,2010-10-24 14:07:00,1
16921.0,61,3,409.21,4.650113636363636,275,3,2010-04-18 15:34:00,2011-10-09 16:22:00,0
16922.0,573,1,611.08,5.008852459016394,281,1,2010-05-16 11:24:00,2010-05-16 11:24:00,1
16923.0,12,32,13157.130000000001,12.148781163434904,6190,11,2010-01-31 11:14:00,2011-11-27 13:00:00,0
16924.0,21,3,829.89,10.245555555555555,467,3,2011-09-16 12:54:00,2011-11-18 12:53:00,0
16925.0,540,1,125.65,6.980555555555556,123,1,2010-06-17 15:03:00,2010-06-17 15:03:00,1
16926.0,371,5,1169.6100000000001,12.183437500000002,197,4,2010-07-01 12:57:00,2010-12-03 13:42:00,1
16927.0,116,3,543.05,90.50833333333333,993,3,2010-12-13 11:57:00,2011-08-16 11:10:00,0
16928.0,80,29,3897.5299999999997,12.21796238244514,2587,11,2010-02-03 12:30:00,2011-09-20 15:10:00,0
16929.0,4,7,1295.39,16.823246753246753,929,5,2011-07-07 12:39:00,2011-12-06 08:37:00,0
16930.0,26,3,378.89,7.148867924528302,339,2,2011-10-02 14:25:00,2011-11-13 16:13:00,0
16931.0,5,23,5032.22,5.30824894514768,3357,12,2010-11-07 13:24:00,2011-12-04 13:15:00,0
16932.0,53,3,412.55,3.1018796992481206,217,2,2010-05-17 14:15:00,2011-10-17 14:12:00,0
16933.0,1,9,3099.3,10.990425531914894,1533,7,2009-12-09 15:03:00,2011-12-08 12:54:00,0
16934.0,55,6,2083.14,14.774042553191489,936,5,2010-03-28 12:43:00,2011-10-16 12:40:00,0
16935.0,382,3,530.86,7.693623188405797,273,2,2010-10-14 13:09:00,2010-11-23 09:16:00,1
16936.0,26,2,548.29,3.944532374100719,339,1,2010-11-19 11:54:00,2011-11-14 11:04:00,0
16937.0,499,1,196.25,4.005102040816326,123,1,2010-07-28 17:56:00,2010-07-28 17:56:00,1
16938.0,9,9,6995.360000000001,8.489514563106797,5041,7,2010-02-17 14:47:00,2011-12-01 10:20:00,0
16939.0,489,3,433.84999999999997,10.58170731707317,229,3,2010-02-28 13:33:00,2010-08-08 12:24:00,1
16940.0,52,8,6427.66,10.218855325914149,4503,6,2009-12-08 13:08:00,2011-10-18 13:15:00,0
16941.0,612,1,33.0,16.5,12,1,2010-04-07 11:13:00,2010-04-07 11:13:00,1
16942.0,13,9,1904.99,6.877220216606498,805,5,2011-04-26 11:59:00,2011-11-27 12:40:00,0
16943.0,212,5,1299.49,37.12828571428572,147,4,2010-03-25 13:34:00,2011-05-12 11:57:00,1
16944.0,610,1,101.36,14.48,27,1,2010-04-09 11:03:00,2010-04-09 11:03:00,1
16945.0,22,33,8548.16,18.03409282700422,5889,10,2009-12-09 11:33:00,2011-11-18 11:39:00,0
16946.0,383,5,1222.04,16.293866666666666,509,4,2010-03-02 10:49:00,2010-11-21 14:06:00,1
16947.0,236,5,955.21,18.022830188679247,655,4,2010-03-03 10:54:00,2011-04-18 09:38:00,1
16948.0,139,7,868.77,20.203953488372093,2091,7,2010-02-21 13:48:00,2011-07-24 12:46:00,0
16949.0,4,6,1286.27,21.437833333333334,791,6,2011-01-27 12:11:00,2011-12-06 11:07:00,0
16950.0,57,10,3541.77,24.595625,2432,8,2010-01-24 11:26:00,2011-10-14 09:06:00,0
16951.0,135,3,1277.75,14.857558139534884,1318,2,2011-02-08 14:58:00,2011-07-28 12:05:00,0
16952.0,109,5,795.83,9.147471264367816,343,3,2009-12-11 13:52:00,2011-08-22 13:03:00,0
16953.0,30,1,20.8,20.8,10,1,2011-11-09 15:54:00,2011-11-09 15:54:00,0
16954.0,1,20,6081.88,29.52368932038835,4086,11,2010-01-18 14:49:00,2011-12-09 09:46:00,0
16955.0,185,6,1120.31,22.4062,723,3,2010-01-31 11:38:00,2011-06-08 10:36:00,1
16956.0,18,1,308.74,19.29625,114,1,2011-11-22 08:56:00,2011-11-22 08:56:00,0
16957.0,239,2,416.64,26.04,172,2,2011-03-03 09:25:00,2011-04-14 13:56:00,1
16958.0,435,1,778.49,11.121285714285714,514,1,2010-09-30 14:25:00,2010-09-30 14:25:00,1
16959.0,87,1,117.35000000000001,16.764285714285716,49,1,2011-09-13 15:03:00,2011-09-13 15:03:00,0
16960.0,39,8,1990.88,4.434031180400891,1492,5,2010-03-02 13:36:00,2011-11-01 11:35:00,0
16961.0,116,3,794.56,15.28,482,3,2010-06-25 14:36:00,2011-08-15 13:46:00,0
16962.0,410,1,251.04,16.736,158,1,2010-10-26 11:36:00,2010-10-26 11:36:00,1
16963.0,187,1,110.55000000000001,15.792857142857144,35,1,2011-06-05 13:48:00,2011-06-05 13:48:00,1
16964.0,733,2,207.85,34.641666666666666,49,1,2009-12-06 12:51:00,2009-12-06 12:53:00,1
16965.0,227,1,201.19,7.738076923076923,291,1,2011-04-27 12:08:00,2011-04-27 12:08:00,1
16966.0,8,7,2154.97,76.96321428571427,1981,6,2011-04-13 14:17:00,2011-12-01 13:40:00,0
16967.0,189,1,319.02,15.19142857142857,333,1,2011-06-03 14:24:00,2011-06-03 14:24:00,1
16968.0,4,2,439.43,14.175161290322581,326,2,2011-08-24 10:51:00,2011-12-05 15:02:00,0
16969.0,39,3,650.41,15.48595238095238,816,3,2011-06-01 12:10:00,2011-10-31 13:12:00,0
16970.0,626,1,71.4,35.7,12,1,2010-03-23 13:50:00,2010-03-23 13:50:00,1
16971.0,38,1,357.21,8.712439024390243,72,1,2011-11-01 15:06:00,2011-11-01 15:06:00,0
16972.0,383,2,749.0,9.134146341463415,183,2,2010-09-09 11:20:00,2010-11-22 10:59:00,1
16973.0,386,1,127.0,21.166666666666668,60,1,2010-11-18 13:56:00,2010-11-18 13:56:00,1
16974.0,523,2,365.5,45.6875,70,2,2010-05-24 10:43:00,2010-07-05 10:18:00,1
16975.0,423,3,926.12,20.580444444444446,586,3,2010-07-22 11:38:00,2010-10-12 17:53:00,1
16976.0,267,1,251.51999999999998,125.75999999999999,88,1,2011-03-17 16:33:00,2011-03-17 16:33:00,1
16977.0,395,4,496.0,17.714285714285715,142,3,2010-03-18 11:06:00,2010-11-09 13:17:00,1
16978.0,78,3,768.88,11.475820895522387,285,2,2010-02-11 16:27:00,2011-09-23 12:50:00,0
16979.0,4,9,2859.74,22.168527131782945,1451,6,2010-09-15 14:30:00,2011-12-06 12:21:00,0
16980.0,255,3,1422.83,13.422924528301886,990,3,2010-10-07 14:05:00,2011-03-29 16:36:00,1
16982.0,61,1,384.06,17.457272727272727,182,1,2011-10-10 12:28:00,2011-10-10 12:28:00,0
16983.0,13,11,3490.53,15.110519480519482,2315,7,2010-09-19 12:38:00,2011-11-27 12:10:00,0
16984.0,88,9,10350.53,9.655345149253732,5127,7,2010-03-07 15:34:00,2011-09-12 13:43:00,0
16985.0,17,23,10923.16,44.95127572016461,3103,9,2009-12-10 13:34:00,2011-11-22 13:33:00,0
16986.0,30,11,4888.75,28.096264367816094,2539,5,2010-02-04 14:46:00,2011-11-10 11:55:00,0
16987.0,3,11,2521.4,9.660536398467434,671,6,2009-12-02 14:34:00,2011-12-06 17:26:00,0
16988.0,5,2,382.67,19.1335,158,2,2010-11-25 09:22:00,2011-12-04 16:02:00,0
16989.0,7,6,1133.25,94.4375,1233,5,2011-07-12 09:11:00,2011-12-02 16:39:00,0
16990.0,219,2,344.0,172.0,200,2,2010-10-13 11:42:00,2011-05-05 08:30:00,1
16991.0,421,1,1041.21,14.070405405405406,793,1,2010-10-14 14:08:00,2010-10-14 14:08:00,1
16992.0,11,13,5476.5,19.21578947368421,2061,7,2010-02-11 12:36:00,2011-11-29 11:50:00,0
16993.0,464,2,1950.95,69.67678571428571,285,2,2010-05-12 13:55:00,2010-09-02 12:16:00,1
16996.0,30,9,2123.61,28.3148,919,6,2010-10-18 12:24:00,2011-11-09 16:43:00,0
16997.0,288,3,702.0,58.5,360,2,2011-01-18 11:51:00,2011-02-24 17:28:00,1
16998.0,150,5,402.0,67.0,104,4,2010-09-21 14:39:00,2011-07-13 09:44:00,0
16999.0,23,2,484.82,21.07913043478261,294,2,2011-09-26 15:43:00,2011-11-16 13:53:00,0
17000.0,396,2,406.3,13.543333333333333,305,2,2010-10-27 14:16:00,2010-11-08 13:35:00,1
17001.0,1,19,6640.8,24.148363636363637,3782,11,2010-03-25 12:41:00,2011-12-09 09:38:00,0
17002.0,86,7,2571.55,30.613690476190477,1265,4,2010-03-08 15:46:00,2011-09-15 12:40:00,0
17003.0,402,4,828.21,7.461351351351352,494,3,2010-05-10 11:20:00,2010-11-02 13:15:00,1
17004.0,46,4,2324.36,33.68637681159421,1233,3,2010-10-11 15:43:00,2011-10-24 14:25:00,0
17005.0,471,2,622.36,34.57555555555555,691,2,2010-04-30 10:55:00,2010-08-26 10:57:00,1
17006.0,5,8,1635.27,12.676511627906976,572,5,2010-03-05 13:33:00,2011-12-05 12:09:00,0
17007.0,51,7,1120.1000000000001,16.717910447761195,717,5,2010-09-28 13:51:00,2011-10-20 10:47:00,0
17008.0,429,1,81.36,81.36,24,1,2010-10-06 15:19:00,2010-10-06 15:19:00,1
17009.0,551,1,242.06,22.005454545454544,336,1,2010-06-06 16:01:00,2010-06-06 16:01:00,1
17010.0,18,1,195.36,17.76,118,1,2011-11-21 14:49:00,2011-11-21 14:49:00,0
17011.0,30,3,671.7,23.989285714285717,792,3,2010-02-26 09:47:00,2011-11-09 13:30:00,0
17012.0,725,1,360.61,10.016944444444444,251,1,2009-12-14 17:34:00,2009-12-14 17:34:00,1
17014.0,8,3,583.4300000000001,8.103194444444446,243,3,2011-10-04 11:36:00,2011-12-01 14:09:00,0
17015.0,29,3,1838.61,8.59163551401869,1978,3,2011-06-07 13:19:00,2011-11-11 10:45:00,0
17016.0,577,1,552.4,13.473170731707317,309,1,2010-05-12 12:32:00,2010-05-12 12:32:00,1
17017.0,3,29,12576.99,33.272460317460315,9397,9,2009-12-03 13:22:00,2011-12-07 09:32:00,0
17018.0,41,6,2287.7,61.82972972972973,456,5,2009-12-05 10:27:00,2011-10-30 11:42:00,0
17019.0,11,11,3602.29,5.602317262830482,2396,6,2009-12-02 11:52:00,2011-11-28 13:06:00,0
17020.0,542,2,935.62,13.559710144927536,860,2,2010-03-03 12:27:00,2010-06-15 13:06:00,1
17021.0,442,6,1182.22,24.629583333333333,992,4,2010-04-29 20:05:00,2010-09-23 20:01:00,1
17022.0,31,2,260.0,16.25,180,2,2010-10-03 10:27:00,2011-11-08 17:09:00,0
17023.0,417,3,800.1800000000001,16.330204081632655,530,3,2010-01-11 15:09:00,2010-10-18 15:37:00,1
17024.0,45,3,95.85,31.95,69,3,2011-07-05 09:31:00,2011-10-25 13:47:00,0
17025.0,61,5,1349.67,36.47756756756757,885,3,2010-03-08 13:37:00,2011-10-10 09:06:00,0
17026.0,185,3,175.83,35.166000000000004,107,3,2010-10-18 15:22:00,2011-06-07 14:28:00,1
17027.0,79,9,1310.63,7.3630898876404505,645,6,2009-12-10 12:10:00,2011-09-22 12:24:00,0
17028.0,581,3,1593.83,16.777157894736842,856,3,2009-12-18 14:28:00,2010-05-07 15:33:00,1
17029.0,111,7,2137.3,73.7,1265,7,2010-02-14 10:19:00,2011-08-21 11:06:00,0
17030.0,64,1,146.87,13.351818181818182,146,1,2011-10-07 08:49:00,2011-10-07 08:49:00,0
17031.0,12,6,2773.85,55.477,1595,5,2010-05-07 14:52:00,2011-11-28 10:23:00,0
17032.0,548,8,2984.32,12.592067510548524,1667,5,2009-12-10 15:36:00,2010-06-10 12:16:00,1
17033.0,86,4,1332.79,33.31975,871,4,2010-11-07 12:55:00,2011-09-14 14:34:00,0
17034.0,16,5,1276.42,22.007241379310347,694,5,2010-07-14 12:55:00,2011-11-23 15:14:00,0
17035.0,246,4,613.59,18.593636363636364,327,3,2009-12-03 10:37:00,2011-04-08 11:23:00,1
17036.0,383,1,176.9,14.741666666666667,76,1,2010-11-21 14:26:00,2010-11-21 14:26:00,1
17037.0,88,1,1267.32,16.8976,656,1,2011-09-13 12:49:00,2011-09-13 12:49:00,0
17038.0,30,2,743.17,11.796349206349205,535,2,2010-10-20 16:04:00,2011-11-09 13:50:00,0
17039.0,604,1,1954.99,44.43159090909091,689,1,2010-04-14 12:56:00,2010-04-14 12:56:00,1
17040.0,138,2,463.25,28.953125,189,2,2010-06-07 15:08:00,2011-07-25 10:19:00,0
17041.0,27,6,1655.2,13.136507936507936,1303,4,2010-04-18 14:25:00,2011-11-13 11:21:00,0
17042.0,3,5,1036.58,10.686391752577318,990,5,2011-04-06 14:53:00,2011-12-07 12:26:00,0
17043.0,32,8,2593.65,13.033417085427136,1616,6,2009-12-09 15:20:00,2011-11-07 15:33:00,0
17044.0,25,12,11962.300000000001,80.28389261744967,5722,7,2009-12-07 12:25:00,2011-11-14 14:28:00,0
17045.0,113,5,827.6800000000001,15.616603773584908,294,5,2010-10-06 14:52:00,2011-08-18 17:09:00,0
17046.0,157,5,1906.07,22.42435294117647,1636,4,2010-03-29 13:46:00,2011-07-05 14:24:00,0
17047.0,85,6,2289.23,16.121338028169014,1184,5,2009-12-08 08:48:00,2011-09-15 13:27:00,0
17048.0,118,7,2071.68,20.51168316831683,1068,5,2010-01-18 13:55:00,2011-08-14 11:49:00,0
17049.0,3,19,9942.53,17.8181541218638,4273,9,2010-03-04 10:23:00,2011-12-07 10:48:00,0
17050.0,96,11,4648.59,13.31974212034384,2432,8,2010-01-26 14:54:00,2011-09-04 13:48:00,0
17051.0,194,4,706.49,4.558,507,3,2010-03-21 14:55:00,2011-05-29 14:13:00,1
17052.0,28,1,399.09,4.808313253012048,251,1,2011-11-11 14:50:00,2011-11-11 14:50:00,0
17053.0,131,1,498.48,38.34461538461539,122,1,2011-08-01 10:23:00,2011-08-01 10:23:00,0
17054.0,28,5,1356.33,16.34132530120482,804,4,2011-04-08 13:14:00,2011-11-11 12:56:00,0
17055.0,446,1,232.85000000000002,8.955769230769231,83,1,2010-09-20 12:21:00,2010-09-20 12:21:00,1
17056.0,738,1,128.60000000000002,16.075000000000003,26,1,2009-12-01 12:55:00,2009-12-01 12:55:00,1
17057.0,596,1,294.74,5.8948,129,1,2010-04-22 19:21:00,2010-04-22 19:21:00,1
17058.0,82,3,1179.89,19.030483870967743,592,3,2011-04-14 09:18:00,2011-09-19 10:13:00,0
17059.0,30,9,4864.57,6.7469764216366155,3107,8,2010-01-26 14:43:00,2011-11-10 12:27:00,0
17060.0,266,1,234.24,46.848,216,1,2011-03-18 13:27:00,2011-03-18 13:27:00,1
17061.0,74,11,5232.2300000000005,52.850808080808086,1526,6,2011-04-21 13:29:00,2011-09-27 11:24:00,0
17062.0,314,6,889.75,7.353305785123967,644,4,2010-09-26 11:57:00,2011-01-30 11:01:00,1
17063.0,21,13,3638.53,17.748926829268292,1899,9,2009-12-01 12:36:00,2011-11-18 16:19:00,0
17064.0,59,3,855.45,14.02377049180328,316,3,2011-01-16 16:10:00,2011-10-12 10:18:00,0
17065.0,638,2,194.7,16.224999999999998,82,1,2010-03-12 11:40:00,2010-03-12 11:41:00,1
17066.0,726,1,228.34,12.685555555555556,93,1,2009-12-13 13:24:00,2009-12-13 13:24:00,1
17067.0,725,3,454.54,34.964615384615385,322,1,2009-12-08 12:03:00,2009-12-15 08:39:00,1
17068.0,12,47,8987.68,9.023775100401608,4351,11,2010-03-28 14:26:00,2011-11-27 13:14:00,0
17069.0,28,14,5517.2300000000005,19.4268661971831,3230,7,2009-12-03 12:27:00,2011-11-11 17:13:00,0
17070.0,114,2,437.42,4.2467961165048544,232,2,2010-10-25 15:57:00,2011-08-17 17:01:00,0
17071.0,28,13,3793.71,17.9796682464455,1934,10,2010-01-24 13:05:00,2011-11-11 16:31:00,0
17072.0,625,1,273.35,13.016666666666667,212,1,2010-03-24 16:33:00,2010-03-24 16:33:00,1
17073.0,18,4,1446.09,8.310862068965516,759,4,2011-08-22 14:37:00,2011-11-22 11:47:00,0
17074.0,563,1,203.05,50.7625,19,1,2010-05-26 12:04:00,2010-05-26 12:04:00,1
17075.0,18,10,2236.63,11.239346733668341,785,7,2009-12-14 11:24:00,2011-11-22 11:58:00,0
17076.0,36,6,1242.75,24.855,514,3,2009-12-04 12:12:00,2011-11-03 17:53:00,0
17077.0,578,1,306.0,306.0,36,1,2010-05-10 16:36:00,2010-05-10 16:36:00,1
17078.0,36,2,378.2,13.507142857142856,788,1,2011-11-03 18:49:00,2011-11-03 19:17:00,0
17079.0,78,1,118.80000000000001,59.400000000000006,24,1,2011-09-22 15:34:00,2011-09-22 15:34:00,0
17080.0,22,7,957.53,29.016060606060606,569,3,2010-07-01 16:03:00,2011-11-17 12:59:00,0
17081.0,25,6,949.39,4.5864251207729465,381,5,2010-02-22 13:19:00,2011-11-14 12:56:00,0
17082.0,33,6,4732.03,27.835470588235292,2526,4,2009-12-15 11:25:00,2011-11-06 15:17:00,0
17083.0,109,9,4049.79,35.2155652173913,1955,7,2010-02-09 11:46:00,2011-08-22 15:43:00,0
17084.0,35,3,5001.21,17.797900355871885,3178,1,2010-11-08 14:20:00,2011-11-04 14:54:00,0
17085.0,123,28,7847.67,7.951033434650456,3583,11,2009-12-06 12:16:00,2011-08-08 14:15:00,0
17086.0,7,6,2050.08,21.355,1859,3,2011-10-07 11:22:00,2011-12-02 13:54:00,0
17087.0,738,1,221.53,18.460833333333333,113,1,2009-12-02 10:41:00,2009-12-02 10:41:00,1
17088.0,28,4,1991.01,17.313130434782607,868,4,2011-03-31 09:48:00,2011-11-11 14:23:00,0
17089.0,386,1,128.45,32.1125,35,1,2010-11-18 15:33:00,2010-11-18 15:33:00,1
17090.0,4,13,3080.1800000000003,34.224222222222224,1344,7,2010-07-19 16:02:00,2011-12-05 13:44:00,0
17091.0,3,19,7495.75,16.474175824175823,3732,11,2009-12-16 15:45:00,2011-12-07 10:43:00,0
17092.0,50,11,5511.41,14.059719387755102,3768,8,2010-02-02 16:42:00,2011-10-20 19:51:00,0
17093.0,593,1,235.88,18.144615384615385,114,1,2010-04-26 10:22:00,2010-04-26 10:22:00,1
17094.0,322,2,402.20000000000005,22.34444444444445,212,2,2010-10-12 10:48:00,2011-01-21 13:09:00,1
17095.0,23,7,2572.25,18.775547445255473,1695,7,2009-12-15 12:32:00,2011-11-17 12:21:00,0
17096.0,15,11,3697.9300000000003,18.03868292682927,1559,6,2010-06-02 14:48:00,2011-11-24 15:01:00,0
17097.0,2,9,1143.36,4.282247191011235,582,5,2010-10-05 14:09:00,2011-12-07 17:05:00,0
17098.0,382,3,591.07,32.83722222222222,125,3,2010-06-17 10:30:00,2010-11-23 12:13:00,1
17099.0,533,1,582.17,14.55425,317,1,2010-06-24 16:25:00,2010-06-24 16:25:00,1
17100.0,18,2,971.74,14.949846153846154,800,1,2011-11-21 16:36:00,2011-11-21 16:36:00,0
17101.0,10,7,2507.05,34.34315068493151,1175,3,2010-06-07 15:12:00,2011-11-29 13:57:00,0
17102.0,262,1,25.5,25.5,2,1,2011-03-23 10:08:00,2011-03-23 10:08:00,1
17103.0,722,1,424.3,13.259375,471,1,2009-12-17 14:08:00,2009-12-17 14:08:00,1
17104.0,424,1,474.03000000000003,24.948947368421056,149,1,2010-10-12 12:21:00,2010-10-12 12:21:00,1
17105.0,159,2,665.78,7.397555555555555,693,2,2011-02-06 14:46:00,2011-07-03 15:53:00,0
17106.0,389,1,481.58000000000004,9.442745098039216,153,1,2010-11-15 14:11:00,2010-11-15 14:11:00,1
17107.0,33,10,16052.72,23.95928358208955,7530,8,2010-01-31 15:47:00,2011-11-06 14:14:00,0
17108.0,664,1,174.95,19.438888888888886,31,1,2010-02-14 12:22:00,2010-02-14 12:22:00,1
17109.0,29,8,1291.71,9.292877697841726,788,4,2010-07-30 12:42:00,2011-11-10 16:59:00,0
17110.0,165,3,499.9,10.20204081632653,136,3,2010-04-08 13:32:00,2011-06-27 12:58:00,0
17111.0,47,2,459.58,9.574583333333333,581,1,2010-10-10 15:21:00,2011-10-23 15:59:00,0
17112.0,503,1,197.57,4.203617021276596,130,1,2010-07-25 11:14:00,2010-07-25 11:14:00,1
17113.0,574,6,2305.59,14.592341772151899,913,4,2010-01-11 10:14:00,2010-05-14 13:59:00,1
17114.0,6,8,801.12,6.5131707317073175,215,8,2011-01-09 11:39:00,2011-12-04 12:17:00,0
17115.0,8,7,2761.4900000000002,23.01241666666667,885,4,2009-12-05 12:13:00,2011-12-01 14:30:00,0
17116.0,648,1,389.78,8.293191489361702,392,1,2010-03-01 16:29:00,2010-03-01 16:29:00,1
17117.0,288,1,116.2,12.911111111111111,68,1,2011-02-24 13:54:00,2011-02-24 13:54:00,1
17118.0,318,1,157.02,15.702000000000002,154,1,2011-01-26 12:19:00,2011-01-26 12:19:00,1
17119.0,3,2,606.91,17.340285714285713,334,2,2011-10-11 11:03:00,2011-12-06 14:40:00,0
17120.0,233,1,307.46,17.08111111111111,120,1,2011-04-20 15:21:00,2011-04-20 15:21:00,1
17121.0,403,1,314.74,26.228333333333335,106,1,2010-11-02 11:47:00,2010-11-02 11:47:00,1
17122.0,119,4,570.5,19.016666666666666,368,4,2010-07-28 09:34:00,2011-08-12 14:33:00,0
17123.0,162,3,977.1700000000001,22.724883720930233,676,3,2010-05-16 11:52:00,2011-07-01 10:47:00,0
17124.0,185,1,294.24,9.491612903225807,129,1,2011-06-07 14:02:00,2011-06-07 14:02:00,1
17125.0,50,1,230.5,6.585714285714285,281,1,2011-10-20 14:41:00,2011-10-20 14:41:00,0
17126.0,152,9,2016.43,4.531303370786517,1426,6,2010-08-31 13:41:00,2011-07-10 13:52:00,0
17127.0,429,5,1155.0300000000002,31.217027027027033,340,5,2009-12-04 15:18:00,2010-10-07 09:54:00,1
17128.0,335,1,157.09,11.220714285714285,76,1,2011-01-09 12:02:00,2011-01-09 12:02:00,1
17129.0,520,1,31.85,15.925,5,1,2010-07-07 13:46:00,2010-07-07 13:46:00,1
17131.0,5,5,2463.17,18.38186567164179,983,4,2011-09-25 12:42:00,2011-12-04 12:52:00,0
17132.0,452,2,1220.91,17.19591549295775,963,2,2010-08-08 13:49:00,2010-09-13 16:31:00,1
17133.0,16,12,14622.33,261.11303571428573,10107,7,2010-03-21 12:31:00,2011-11-24 12:27:00,0
17134.0,107,3,625.3,17.369444444444444,144,3,2010-09-23 18:32:00,2011-08-25 09:53:00,0
17135.0,16,10,1722.18,12.043216783216783,1686,6,2010-05-09 16:03:00,2011-11-23 16:48:00,0
17136.0,662,1,231.68,16.548571428571428,256,1,2010-02-15 13:13:00,2010-02-15 13:13:00,1
17137.0,416,6,1099.81,6.585688622754491,680,5,2010-01-31 12:27:00,2010-10-19 14:51:00,1
17138.0,276,7,4417.27,17.2549609375,2024,5,2010-02-04 14:19:00,2011-03-09 11:54:00,1
17139.0,16,25,19566.76,24.21628712871287,9853,10,2010-01-11 11:31:00,2011-11-24 10:12:00,0
17140.0,247,1,454.12,25.22888888888889,296,1,2011-04-06 13:33:00,2011-04-06 13:33:00,1
17141.0,418,4,727.58,4.491234567901235,423,2,2010-01-24 14:19:00,2010-10-17 14:54:00,1
17142.0,239,4,1275.25,14.32865168539326,322,4,2010-01-24 15:23:00,2011-04-14 18:22:00,1
17143.0,417,2,880.97,7.865803571428572,314,2,2010-07-12 13:26:00,2010-10-18 15:27:00,1
17144.0,1,2,984.57,20.511875,483,2,2011-09-16 12:50:00,2011-12-08 17:57:00,0
17145.0,513,4,3120.91,17.33838888888889,2591,2,2010-02-19 12:07:00,2010-07-15 09:02:00,1
17146.0,106,13,5852.64,19.443986710963458,2188,9,2010-02-02 09:39:00,2011-08-26 12:44:00,0
17147.0,23,9,3199.95,23.529044117647057,1308,8,2010-01-11 09:38:00,2011-11-17 12:32:00,0
17148.0,52,1,124.88,13.875555555555556,82,1,2011-10-19 09:59:00,2011-10-19 09:59:00,0
17149.0,451,1,143.10000000000002,23.850000000000005,18,1,2010-09-14 14:56:00,2010-09-14 14:56:00,1
17150.0,377,6,1357.95,14.760326086956523,397,5,2009-12-06 10:51:00,2010-11-28 11:27:00,1
17151.0,735,1,231.90000000000003,57.97500000000001,42,1,2009-12-04 14:56:00,2009-12-04 14:56:00,1
17152.0,195,4,2016.5,126.03125,577,3,2010-10-10 12:40:00,2011-05-29 12:19:00,1
17153.0,24,1,213.78,15.27,104,1,2011-11-15 13:42:00,2011-11-15 13:42:00,0
17154.0,75,1,329.34,14.319130434782608,490,1,2011-09-25 13:42:00,2011-09-25 13:42:00,0
17155.0,18,7,892.46,12.225479452054795,987,5,2009-12-03 11:34:00,2011-11-22 12:38:00,0
17156.0,492,1,591.87,15.176153846153847,391,1,2010-08-05 11:30:00,2010-08-05 11:30:00,1
17157.0,8,19,5151.900000000001,36.53829787234043,2092,7,2009-12-04 13:00:00,2011-12-02 09:10:00,0
17158.0,32,5,1980.0,17.52212389380531,1147,5,2010-03-07 15:50:00,2011-11-07 15:15:00,0
17159.0,22,5,2099.59,16.15069230769231,1348,5,2010-03-04 14:53:00,2011-11-18 10:52:00,0
17160.0,31,17,10209.16,15.68227342549923,8390,10,2009-12-04 10:57:00,2011-11-08 14:05:00,0
17161.0,444,1,856.01,16.46173076923077,537,1,2010-09-21 16:44:00,2010-09-21 16:44:00,1
17162.0,29,10,1715.46,16.494807692307692,1001,6,2011-02-07 12:27:00,2011-11-11 11:34:00,0
17163.0,22,4,699.78,23.326,531,3,2010-02-02 10:39:00,2011-11-18 08:57:00,0
17164.0,33,7,2467.35,17.134375,1501,5,2011-03-11 14:26:00,2011-11-07 09:14:00,0
17165.0,284,6,1794.32,17.9432,788,6,2009-12-11 09:18:00,2011-02-28 16:39:00,1
17166.0,39,2,206.34,17.195,78,2,2011-05-20 08:18:00,2011-11-01 09:46:00,0
17167.0,380,3,867.11,10.97607594936709,429,3,2010-09-20 14:02:00,2010-11-25 10:05:00,1
17168.0,499,1,400.2,19.057142857142857,220,1,2010-07-29 12:33:00,2010-07-29 12:33:00,1
17169.0,58,3,1156.73,15.423066666666667,671,3,2010-05-10 13:00:00,2011-10-13 10:25:00,0
17170.0,374,2,178.68,17.868000000000002,152,1,2010-11-15 16:23:00,2010-11-30 15:55:00,1
17171.0,289,2,384.59000000000003,15.383600000000001,225,1,2010-02-16 12:02:00,2011-02-23 16:37:00,1
17172.0,79,3,956.5699999999999,24.527435897435897,1215,3,2009-12-13 11:46:00,2011-09-22 09:36:00,0
17173.0,5,8,3766.6,43.79767441860465,1122,5,2011-07-31 15:26:00,2011-12-04 14:40:00,0
17174.0,218,1,59.9,14.975,41,1,2011-05-06 11:47:00,2011-05-06 11:47:00,1
17175.0,44,4,1443.69,22.915714285714287,866,4,2011-02-16 14:56:00,2011-10-26 15:31:00,0
17176.0,202,3,902.3199999999999,21.483809523809523,576,3,2010-01-31 15:49:00,2011-05-22 12:41:00,1
17177.0,505,1,119.5,4.120689655172414,40,1,2010-07-22 14:53:00,2010-07-22 14:53:00,1
17178.0,731,1,432.96000000000004,13.966451612903226,100,1,2009-12-08 16:20:00,2009-12-08 16:20:00,1
17179.0,178,6,1507.26,9.539620253164557,625,6,2010-05-26 11:22:00,2011-06-14 16:48:00,0
17180.0,56,11,2236.77,5.591925,1809,7,2010-01-21 17:43:00,2011-10-14 15:46:00,0
17181.0,57,3,309.85,11.06607142857143,268,3,2010-04-23 11:21:00,2011-10-13 14:48:00,0
17182.0,423,2,321.3,53.550000000000004,54,2,2009-12-21 15:22:00,2010-10-13 10:09:00,1
17183.0,8,6,3347.31,45.85356164383562,1296,4,2011-08-26 15:25:00,2011-12-02 10:07:00,0
17184.0,569,2,198.41000000000003,14.172142857142859,73,2,2009-12-09 14:17:00,2010-05-19 14:24:00,1
17185.0,592,3,229.46,5.215,119,1,2010-04-20 13:49:00,2010-04-27 12:15:00,1
17186.0,47,2,144.0,72.0,200,1,2011-10-10 12:52:00,2011-10-24 10:20:00,0
17187.0,227,2,467.71,20.335217391304347,426,2,2010-07-01 14:38:00,2011-04-27 12:39:00,1
17188.0,11,13,4592.93,26.70308139534884,2569,8,2009-12-08 19:16:00,2011-11-28 13:53:00,0
17189.0,106,5,953.63,7.946916666666667,601,3,2009-12-02 11:45:00,2011-08-25 19:39:00,0
17190.0,59,7,1726.57,9.08721052631579,2218,5,2010-03-05 13:21:00,2011-10-12 11:33:00,0
17191.0,28,15,4310.34,8.672716297786721,2208,8,2009-12-01 16:34:00,2011-11-11 16:58:00,0
17192.0,536,1,75.28,3.7640000000000002,45,1,2010-06-21 16:07:00,2010-06-21 16:07:00,1
17193.0,36,9,2310.04,52.50090909090909,1668,5,2009-12-02 10:02:00,2011-11-04 12:47:00,0
17194.0,274,3,812.5,13.319672131147541,420,3,2010-06-27 13:16:00,2011-03-11 12:05:00,1
17195.0,655,1,562.98,18.160645161290322,486,1,2010-02-22 13:05:00,2010-02-22 13:05:00,1
17196.0,428,1,327.75,3.524193548387097,154,1,2010-10-08 11:31:00,2010-10-08 11:31:00,1
17197.0,30,1,1013.01,34.93137931034483,191,1,2011-11-10 10:32:00,2011-11-10 10:32:00,0
17198.0,24,3,692.22,7.210625,357,2,2010-12-03 14:54:00,2011-11-16 10:39:00,0
17199.0,582,1,135.04000000000002,16.880000000000003,232,1,2010-05-06 13:53:00,2010-05-06 13:53:00,1
17200.0,387,4,356.71,14.2684,367,2,2010-02-25 13:23:00,2010-11-17 13:04:00,1
17201.0,54,4,1143.1,6.684795321637426,1004,4,2010-02-10 12:26:00,2011-10-17 11:55:00,0
17202.0,421,1,160.65,20.08125,55,1,2010-10-15 11:25:00,2010-10-15 11:25:00,1
17203.0,36,10,5564.09,21.318352490421457,4597,2,2010-11-16 12:52:00,2011-11-04 12:27:00,0
17204.0,175,9,5504.6900000000005,31.09994350282486,2651,6,2010-06-10 11:37:00,2011-06-17 14:46:00,0
17205.0,54,3,999.35,28.552857142857142,2214,2,2010-05-24 15:36:00,2011-10-17 12:46:00,0
17206.0,53,1,204.24,29.177142857142858,76,1,2011-10-17 13:25:00,2011-10-17 13:25:00,0
17207.0,652,1,292.62,4.877,233,1,2010-02-25 19:08:00,2010-02-25 19:08:00,1
17208.0,396,1,111.15,4.8326086956521745,101,1,2010-11-09 12:50:00,2010-11-09 12:50:00,1
17209.0,649,3,595.7,15.676315789473685,723,2,2009-12-03 11:10:00,2010-02-28 16:01:00,1
17210.0,393,1,251.72,4.749433962264151,242,1,2010-11-12 12:15:00,2010-11-12 12:15:00,1
17211.0,27,13,3773.35,10.969040697674417,2141,7,2009-12-13 13:17:00,2011-11-13 12:03:00,0
17212.0,253,3,794.41,27.393448275862067,727,3,2010-08-10 09:22:00,2011-03-31 19:42:00,1
17213.0,40,13,4869.400000000001,18.306015037593987,2087,5,2009-12-15 10:28:00,2011-10-30 14:53:00,0
17214.0,60,6,1059.1200000000001,10.486336633663367,272,5,2010-12-15 15:14:00,2011-10-10 13:17:00,0
17215.0,464,1,186.15,16.922727272727272,104,1,2010-09-01 13:39:00,2010-09-01 13:39:00,1
17216.0,554,1,63.6,4.892307692307693,21,1,2010-06-03 13:03:00,2010-06-03 13:03:00,1
17217.0,234,2,210.1,7.781481481481482,93,2,2010-03-30 13:35:00,2011-04-19 17:19:00,1
17218.0,4,18,3891.39,8.261974522292993,2066,8,2010-01-25 16:12:00,2011-12-05 13:52:00,0
17219.0,32,2,259.13,5.1826,188,2,2010-10-19 11:29:00,2011-11-08 11:25:00,0
17220.0,24,21,4457.31,6.632901785714286,2663,9,2010-01-20 11:57:00,2011-11-15 13:47:00,0
17221.0,7,5,976.62,7.875967741935484,713,3,2010-04-11 15:34:00,2011-12-02 13:35:00,0
17222.0,65,6,1579.51,14.102767857142856,857,5,2010-01-10 15:24:00,2011-10-05 13:58:00,0
17223.0,310,3,558.04,8.087536231884057,155,3,2010-11-29 17:19:00,2011-02-02 15:57:00,1
17224.0,501,1,100.86000000000001,12.607500000000002,65,1,2010-07-26 13:30:00,2010-07-26 13:30:00,1
17225.0,582,1,131.15,26.23,36,1,2010-05-07 11:38:00,2010-05-07 11:38:00,1
17226.0,309,3,895.47,15.177457627118644,853,2,2010-02-12 14:31:00,2011-02-04 11:52:00,1
17227.0,19,12,1878.93,16.48184210526316,1681,8,2010-01-15 15:05:00,2011-11-21 10:51:00,0
17228.0,16,13,2820.03,8.623944954128442,2354,8,2010-03-12 11:54:00,2011-11-24 10:24:00,0
17229.0,96,2,318.76,6.782127659574468,185,2,2011-07-20 12:38:00,2011-09-04 13:56:00,0
17230.0,264,18,9388.49,43.264930875576034,3753,6,2009-12-08 13:41:00,2011-03-20 16:12:00,1
17231.0,12,25,7064.8,5.882431307243963,3681,11,2009-12-07 16:38:00,2011-11-27 15:18:00,0
17232.0,3,2,417.77,11.936285714285713,202,2,2011-11-25 12:24:00,2011-12-07 12:21:00,0
17233.0,35,3,560.86,9.67,298,3,2009-12-15 12:03:00,2011-11-04 14:06:00,0
17234.0,183,1,149.89,10.706428571428571,55,1,2011-06-10 11:20:00,2011-06-10 11:20:00,1
17235.0,25,8,1562.98,17.561573033707866,845,5,2010-06-04 17:01:00,2011-11-14 15:51:00,0
17236.0,13,12,1929.26,12.210506329113924,804,10,2010-03-07 13:00:00,2011-11-27 12:00:00,0
17237.0,11,4,994.13,12.58392405063291,414,1,2010-11-23 11:45:00,2011-11-28 15:02:00,0
17238.0,3,32,7331.67,6.436935908691835,3555,10,2009-12-01 10:59:00,2011-12-07 11:35:00,0
17239.0,313,4,1189.45,37.1703125,515,4,2010-07-01 10:53:00,2011-01-31 09:41:00,1
17240.0,596,1,130.60000000000002,18.657142857142862,108,1,2010-04-22 15:44:00,2010-04-22 15:44:00,1
17241.0,385,12,2736.64,16.097882352941177,859,8,2010-02-15 14:47:00,2010-11-19 13:01:00,1
17242.0,108,5,2889.2799999999997,34.396190476190476,1459,5,2010-01-24 10:27:00,2011-08-23 14:55:00,0
17243.0,1,69,20203.58,18.8290587138863,7932,12,2009-12-01 15:36:00,2011-12-08 13:26:00,0
17244.0,53,5,1826.04,15.217,1419,3,2009-12-06 11:27:00,2011-10-17 15:19:00,0
17245.0,205,2,371.63,14.8652,307,2,2010-01-19 15:39:00,2011-05-19 10:43:00,1
17246.0,547,2,38.92,6.486666666666667,36,2,2009-12-01 17:45:00,2010-06-11 12:36:00,1
17247.0,15,1,280.09000000000003,5.186851851851852,105,1,2011-11-24 15:21:00,2011-11-24 15:21:00,0
17248.0,120,2,500.54,4.812884615384616,276,1,2010-08-15 11:55:00,2011-08-11 13:34:00,0
17249.0,429,1,68.03,2.51962962962963,79,1,2010-10-07 11:33:00,2010-10-07 11:33:00,1
17250.0,4,2,381.97,6.820892857142858,167,2,2011-03-23 16:45:00,2011-12-06 12:15:00,0
17251.0,363,3,798.98,10.243333333333334,377,2,2009-12-15 10:36:00,2010-12-12 11:06:00,1
17252.0,117,2,348.90999999999997,4.057093023255813,192,2,2011-06-06 16:41:00,2011-08-15 09:45:00,0
17253.0,18,1,178.26,9.903333333333332,43,1,2011-11-21 12:59:00,2011-11-21 12:59:00,0
17254.0,5,3,469.48,3.1937414965986397,397,2,2010-11-03 14:00:00,2011-12-05 12:46:00,0
17255.0,41,4,781.7,4.295054945054945,583,4,2010-09-19 15:53:00,2011-10-30 12:18:00,0
17256.0,107,5,498.93,16.094516129032257,299,3,2010-04-18 13:40:00,2011-08-24 13:30:00,0
17257.0,436,2,189.78,13.555714285714286,187,1,2010-09-29 12:49:00,2010-09-29 12:51:00,1
17258.0,397,2,417.3,7.587272727272728,188,2,2010-02-12 15:51:00,2010-11-08 12:37:00,1
17259.0,148,6,1452.39,6.314739130434783,844,5,2010-02-22 13:38:00,2011-07-14 15:01:00,0
17260.0,411,1,120.95,20.158333333333335,23,1,2010-10-24 13:21:00,2010-10-24 13:21:00,1
17261.0,510,1,221.59,5.153255813953488,95,1,2010-07-18 11:49:00,2010-07-18 11:49:00,1
17262.0,52,11,2488.76,130.98736842105265,635,7,2009-12-15 11:26:00,2011-10-18 12:56:00,0
17263.0,208,1,63.440000000000005,2.7582608695652175,36,1,2011-05-15 14:32:00,2011-05-15 14:32:00,1
17264.0,424,1,268.28,3.625405405405405,217,1,2010-10-11 12:52:00,2010-10-11 12:52:00,1
17265.0,139,2,550.01,4.50827868852459,389,2,2011-06-12 12:00:00,2011-07-24 10:49:00,0
17266.0,2,5,501.72,4.216134453781513,243,3,2010-03-09 10:42:00,2011-12-07 14:12:00,0
17267.0,127,2,317.2,8.572972972972973,158,1,2011-08-04 17:19:00,2011-08-04 17:22:00,0
17268.0,108,11,1733.8899999999999,57.79633333333333,1395,7,2009-12-08 11:46:00,2011-08-24 10:06:00,0
17269.0,386,1,491.81,3.93448,314,1,2010-11-19 11:12:00,2010-11-19 11:12:00,1
17270.0,469,2,601.45,12.530208333333334,420,2,2009-12-07 17:18:00,2010-08-27 14:09:00,1
17271.0,736,1,204.3,4.2562500000000005,113,1,2009-12-03 13:49:00,2009-12-03 13:49:00,1
17272.0,42,4,2148.63,18.847631578947368,1778,3,2011-03-22 12:05:00,2011-10-28 16:37:00,0
17273.0,424,1,141.12,11.76,133,1,2010-10-11 15:57:00,2010-10-11 15:57:00,1
17274.0,35,2,573.22,7.444415584415585,271,1,2010-11-09 12:06:00,2011-11-04 13:16:00,0
17275.0,383,1,114.1,4.960869565217391,71,1,2010-11-21 13:26:00,2010-11-21 13:26:00,1
17276.0,402,1,502.49,9.480943396226415,187,1,2010-11-02 16:20:00,2010-11-02 16:20:00,1
17277.0,228,2,1065.3500000000001,15.43985507246377,430,2,2011-01-21 12:37:00,2011-04-26 12:47:00,1
17278.0,241,2,271.24,15.955294117647059,195,2,2010-05-23 13:49:00,2011-04-12 13:10:00,1
17279.0,58,1,187.82999999999998,20.869999999999997,48,1,2011-10-13 11:58:00,2011-10-13 11:58:00,0
17280.0,438,1,118.86,19.81,74,1,2010-09-27 16:46:00,2010-09-27 16:46:00,1
17281.0,374,6,797.85,132.975,295,6,2010-02-04 13:00:00,2010-11-30 18:05:00,1
17282.0,130,5,2308.54,11.316372549019608,2332,4,2010-06-09 12:07:00,2011-08-01 14:29:00,0
17283.0,379,1,188.46,12.564,179,1,2010-11-26 11:53:00,2010-11-26 11:53:00,1
17284.0,60,8,2788.06,7.474691689008043,2069,7,2010-09-20 16:18:00,2011-10-10 14:38:00,0
17285.0,628,2,407.94,9.271363636363636,134,2,2010-02-14 14:10:00,2010-03-21 13:38:00,1
17286.0,22,3,389.18,4.324222222222223,368,1,2010-11-04 13:43:00,2011-11-18 12:47:00,0
17287.0,26,21,3826.86,8.265356371490281,1955,9,2009-12-03 12:45:00,2011-11-13 13:27:00,0
17288.0,9,11,2468.43,8.5709375,1699,6,2010-11-10 14:44:00,2011-11-30 16:09:00,0
17289.0,32,9,2041.8,7.67593984962406,1237,6,2010-03-08 12:52:00,2011-11-08 12:01:00,0
17290.0,4,8,1487.96,7.591632653061224,1139,5,2009-12-13 13:28:00,2011-12-06 12:38:00,0
17291.0,308,1,550.8000000000001,550.8000000000001,72,1,2011-02-04 13:04:00,2011-02-04 13:04:00,1
17292.0,472,2,271.75,18.116666666666667,131,2,2010-05-09 14:52:00,2010-08-24 17:14:00,1
17293.0,8,17,3750.63,15.562780082987553,2228,9,2009-12-03 15:09:00,2011-12-01 14:37:00,0
17294.0,669,2,467.79,27.517058823529414,297,1,2010-02-08 14:21:00,2010-02-08 16:12:00,1
17295.0,29,3,547.0,8.044117647058824,293,2,2011-10-06 12:22:00,2011-11-11 10:49:00,0
17296.0,730,1,338.13,10.246363636363636,216,1,2009-12-09 14:01:00,2009-12-09 14:01:00,1
17297.0,17,1,128.18,2.615918367346939,65,1,2011-11-22 14:43:00,2011-11-22 14:43:00,0
17298.0,101,5,954.26,13.829855072463769,852,3,2010-03-08 08:56:00,2011-08-30 16:43:00,0
17299.0,12,6,993.23,8.789646017699114,919,4,2010-08-15 16:00:00,2011-11-28 12:01:00,0
17300.0,391,2,393.64,8.946363636363635,467,2,2010-08-15 11:02:00,2010-11-14 10:56:00,1
17301.0,21,2,294.39,2.605221238938053,216,2,2010-03-25 13:16:00,2011-11-18 13:43:00,0
17302.0,15,5,1135.63,14.375063291139242,575,4,2011-02-07 10:14:00,2011-11-25 09:36:00,0
17303.0,361,1,250.04,4.717735849056604,144,1,2010-12-13 13:32:00,2010-12-13 13:32:00,1
17304.0,534,1,111.5,22.3,73,1,2010-06-23 16:23:00,2010-06-23 16:23:00,1
17305.0,649,1,2135.46,237.27333333333334,1006,1,2010-03-01 12:47:00,2010-03-01 12:47:00,1
17306.0,11,21,9782.35,135.86597222222224,13747,10,2010-11-01 11:38:00,2011-11-29 12:14:00,0
17307.0,395,11,3999.8900000000003,83.33104166666668,3667,9,2010-01-19 16:38:00,2010-11-09 13:40:00,1
17308.0,393,2,4511.76,644.5371428571428,5148,2,2010-09-13 09:35:00,2010-11-11 13:19:00,1
17309.0,95,3,320.39,8.899722222222222,181,3,2010-02-04 15:49:00,2011-09-05 15:20:00,0
17310.0,387,2,1025.1,512.55,402,2,2010-06-23 11:38:00,2010-11-17 16:00:00,1
17311.0,78,6,3566.56,28.083149606299212,2755,6,2010-02-03 12:38:00,2011-09-22 14:11:00,0
17312.0,139,3,644.3,46.021428571428565,372,1,2011-07-03 13:12:00,2011-07-24 11:52:00,0
17313.0,31,1,2328.84,97.03500000000001,1402,1,2011-11-08 15:45:00,2011-11-08 15:45:00,0
17314.0,25,17,4904.43,19.1579296875,3663,11,2009-12-03 11:25:00,2011-11-15 09:41:00,0
17315.0,2,43,9599.58,12.850843373493976,5088,12,2010-09-27 12:45:00,2011-12-08 12:15:00,0
17316.0,420,1,124.45,3.5557142857142856,44,1,2010-10-15 14:35:00,2010-10-15 14:35:00,1
17317.0,46,3,2600.34,288.9266666666667,1146,2,2011-09-11 12:45:00,2011-10-24 17:19:00,0
17318.0,725,1,157.32999999999998,9.25470588235294,59,1,2009-12-14 13:11:00,2009-12-14 13:11:00,1
17319.0,669,1,29.099999999999998,9.7,14,1,2010-02-08 15:47:00,2010-02-08 15:47:00,1
17320.0,100,6,2444.85,16.08453947368421,1182,6,2010-01-21 16:29:00,2011-08-31 13:31:00,0
17321.0,8,6,1665.21,6.144686346863469,790,5,2010-05-11 12:10:00,2011-12-01 13:41:00,0
17322.0,376,5,922.59,5.2123728813559325,631,3,2009-12-03 11:46:00,2010-11-28 14:41:00,1
17323.0,15,12,1551.04,4.685921450151057,1426,7,2010-01-10 11:58:00,2011-11-24 17:29:00,0
17324.0,18,12,2171.07,14.972896551724139,1485,8,2009-12-18 15:29:00,2011-11-22 10:34:00,0
17325.0,280,3,609.5699999999999,15.629999999999999,465,2,2010-03-08 11:31:00,2011-03-04 13:09:00,1
17326.0,408,2,312.35,3.631976744186047,136,2,2010-06-28 14:05:00,2010-10-27 15:38:00,1
17327.0,410,2,152.35,38.0875,59,2,2010-05-26 11:20:00,2010-10-26 09:54:00,1
17328.0,673,1,104.7,17.45,86,1,2010-02-04 17:11:00,2010-02-04 17:11:00,1
17329.0,14,5,998.53,9.60125,430,3,2009-12-03 16:09:00,2011-11-25 14:24:00,0
17330.0,23,4,423.8,52.975,122,4,2010-03-02 09:20:00,2011-11-17 08:56:00,0
17331.0,124,1,175.2,175.2,16,1,2011-08-08 11:55:00,2011-08-08 11:55:00,0
17332.0,528,5,838.27,8.823894736842105,794,5,2010-02-21 14:41:00,2010-06-29 16:10:00,1
17333.0,86,1,494.25,17.651785714285715,375,1,2011-09-15 10:11:00,2011-09-15 10:11:00,0
17334.0,302,3,635.1500000000001,20.488709677419358,566,2,2010-10-29 12:16:00,2011-02-10 14:59:00,1
17335.0,384,2,497.04,13.806666666666667,210,2,2010-01-24 11:15:00,2010-11-21 10:17:00,1
17336.0,472,1,81.12,81.12,48,1,2010-08-24 15:37:00,2010-08-24 15:37:00,1
17337.0,151,4,1981.06,3.802418426103647,1247,4,2011-02-02 17:06:00,2011-07-11 14:55:00,0
17338.0,17,17,11889.33,9.110597701149425,5780,12,2010-03-10 16:09:00,2011-11-22 14:23:00,0
17339.0,94,3,302.36,30.236,172,3,2010-07-18 13:08:00,2011-09-06 13:29:00,0
17340.0,30,18,19617.95,28.935029498525076,9497,9,2010-02-14 14:54:00,2011-11-10 10:45:00,0
17341.0,157,5,1272.21,5.809178082191781,831,3,2010-06-17 18:17:00,2011-07-06 12:33:00,0
17342.0,380,4,1227.54,35.07257142857143,521,3,2010-02-08 09:16:00,2010-11-25 11:07:00,1
17343.0,355,6,1259.94,15.74925,454,5,2009-12-03 18:30:00,2010-12-19 15:07:00,1
17344.0,46,2,457.36,6.826268656716418,200,2,2009-12-11 12:31:00,2011-10-24 12:56:00,0
17345.0,15,10,1586.63,7.59153110047847,2008,5,2009-12-01 16:17:00,2011-11-24 15:03:00,0
17346.0,4,26,4998.61,5.415612134344529,3439,9,2010-04-18 12:18:00,2011-12-06 12:18:00,0
17347.0,86,1,228.96,228.96,216,1,2011-09-14 13:12:00,2011-09-14 13:12:00,0
17348.0,15,9,2442.29,5.513069977426636,2766,5,2010-03-10 12:13:00,2011-11-25 11:25:00,0
17349.0,179,5,772.41,9.087176470588235,772,3,2010-03-18 14:26:00,2011-06-13 14:29:00,0
17350.0,8,7,1893.701,13.242664335664335,1178,5,2010-02-01 15:38:00,2011-12-01 15:47:00,0
17351.0,36,12,1988.23,28.814927536231885,383,9,2009-12-10 18:43:00,2011-11-03 18:45:00,0
17352.0,696,1,36.25,7.25,15,1,2010-01-12 16:13:00,2010-01-12 16:13:00,1
17353.0,129,4,3242.0,231.57142857142858,2168,3,2010-03-25 12:52:00,2011-08-02 17:19:00,0
17354.0,51,4,3133.96,31.02930693069307,2531,1,2010-10-07 13:22:00,2011-10-20 10:34:00,0
17355.0,386,1,273.31,8.282121212121211,249,1,2010-11-18 13:18:00,2010-11-18 13:18:00,1
17356.0,312,5,946.47,11.00546511627907,925,5,2010-01-20 12:14:00,2011-02-01 11:07:00,1
17357.0,24,2,384.39,8.736136363636364,152,1,2011-11-15 16:29:00,2011-11-15 16:30:00,0
17358.0,303,5,861.01,5.8973287671232875,430,4,2010-02-24 16:42:00,2011-02-09 16:57:00,1
17359.0,11,2,284.46,7.48578947368421,237,2,2010-03-01 14:48:00,2011-11-28 14:37:00,0
17360.0,17,6,1200.51,5.242401746724891,624,3,2010-10-01 12:07:00,2011-11-22 13:11:00,0
17361.0,49,5,871.7900000000001,15.294561403508773,380,3,2010-02-01 14:30:00,2011-10-21 15:43:00,0
17362.0,239,7,1024.04,7.1113888888888885,549,5,2010-01-06 10:53:00,2011-04-14 14:43:00,1
17363.0,395,3,920.46,26.298857142857145,499,1,2010-11-02 17:25:00,2010-11-09 17:11:00,1
17364.0,1,28,11972.92,13.244380530973451,7464,10,2009-12-07 15:28:00,2011-12-09 09:00:00,0
17365.0,13,15,8184.49,10.307921914357681,8015,9,2010-02-01 11:56:00,2011-11-27 12:13:00,0
17366.0,432,2,1077.24,8.22320610687023,504,2,2010-09-09 19:46:00,2010-10-03 16:04:00,1
17367.0,238,1,167.55,5.077272727272728,149,1,2011-04-15 14:21:00,2011-04-15 14:21:00,1
17368.0,23,14,2758.29,12.204823008849557,2319,7,2009-12-15 17:45:00,2011-11-16 15:26:00,0
17369.0,456,1,979.2,979.2,1152,1,2010-09-10 09:49:00,2010-09-10 09:49:00,1
17370.0,73,4,446.18,13.520606060606061,540,2,2011-06-23 11:50:00,2011-09-28 10:14:00,0
17371.0,17,6,655.37,4.551180555555556,281,3,2009-12-08 12:25:00,2011-11-22 13:30:00,0
17372.0,41,28,4347.31,6.708811728395062,1863,11,2009-12-03 18:41:00,2011-10-30 11:37:00,0
17373.0,40,7,1167.5,12.82967032967033,738,5,2010-02-28 14:17:00,2011-10-30 15:28:00,0
17374.0,219,3,727.11,17.312142857142856,155,3,2010-11-09 17:14:00,2011-05-05 09:05:00,1
17375.0,199,4,660.55,7.6808139534883715,480,4,2010-10-04 09:14:00,2011-05-24 15:45:00,1
17376.0,71,4,453.64,8.248,244,4,2010-07-05 11:11:00,2011-09-30 12:36:00,0
17377.0,24,78,17644.27,10.306232476635515,7335,12,2009-12-02 12:39:00,2011-11-16 11:17:00,0
17378.0,374,1,10.95,10.95,1,1,2010-11-30 18:46:00,2010-11-30 18:46:00,1
17379.0,11,1,389.71999999999997,4.996410256410256,623,1,2011-11-28 13:56:00,2011-11-28 13:56:00,0
17380.0,434,3,645.0,64.5,252,3,2010-06-23 11:24:00,2010-10-01 16:42:00,1
17381.0,9,38,36398.65,223.30460122699387,42879,12,2010-06-09 12:55:00,2011-12-01 11:59:00,0
17382.0,65,8,902.28,50.126666666666665,457,5,2010-05-19 11:33:00,2011-10-05 13:05:00,0
17383.0,4,2,304.09000000000003,5.9625490196078434,160,2,2010-09-12 14:54:00,2011-12-05 17:36:00,0
17384.0,19,3,507.55,25.3775,121,3,2010-08-29 16:01:00,2011-11-20 15:48:00,0
17385.0,15,1,256.11,5.691333333333334,197,1,2011-11-25 11:02:00,2011-11-25 11:02:00,0
17386.0,8,7,2812.77,74.02026315789473,1955,5,2010-11-19 13:40:00,2011-12-02 11:28:00,0
17387.0,20,2,746.81,9.826447368421052,522,1,2011-11-06 11:25:00,2011-11-20 11:00:00,0
17388.0,78,11,2675.37,48.64309090909091,2555,8,2009-12-10 11:45:00,2011-09-23 10:31:00,0
17389.0,1,61,57215.33,133.3690675990676,17880,12,2009-12-04 12:06:00,2011-12-09 09:38:00,0
17390.0,421,1,149.3,12.441666666666668,49,1,2010-10-15 11:29:00,2010-10-15 11:29:00,1
17391.0,164,2,508.8,169.6,480,1,2011-06-28 12:21:00,2011-06-29 09:58:00,0
17392.0,307,3,585.92,8.370285714285714,450,3,2010-09-15 16:17:00,2011-02-06 12:48:00,1
17393.0,411,2,381.15000000000003,7.940625000000001,238,2,2010-08-08 15:53:00,2010-10-25 11:10:00,1
17394.0,219,1,203.86999999999998,50.967499999999994,241,1,2011-05-04 13:22:00,2011-05-04 13:22:00,1
17395.0,508,1,97.5,32.5,66,1,2010-07-19 15:34:00,2010-07-19 15:34:00,1
17396.0,39,14,8409.6,178.9276595744681,2313,4,2010-09-24 13:04:00,2011-10-31 14:12:00,0
17397.0,22,3,1198.28,8.942388059701493,691,2,2010-10-19 13:20:00,2011-11-17 14:08:00,0
17398.0,115,3,653.38,17.19421052631579,310,3,2011-03-29 13:04:00,2011-08-17 09:48:00,0
17400.0,126,8,4623.28,9.85773987206823,2185,5,2009-12-17 15:41:00,2011-08-05 15:38:00,0
17401.0,541,1,114.85,9.570833333333333,34,1,2010-06-16 16:54:00,2010-06-16 16:54:00,1
17402.0,5,23,4635.5599999999995,26.042471910112358,1450,10,2009-12-16 17:40:00,2011-12-05 10:15:00,0
17403.0,36,2,382.87,8.508222222222223,188,2,2010-09-15 12:29:00,2011-11-03 15:18:00,0
17404.0,4,23,47781.12,163.63397260273973,50679,11,2010-01-07 11:31:00,2011-12-05 16:26:00,0
17405.0,1,3,1031.41,12.578170731707319,726,3,2011-07-12 14:17:00,2011-12-08 17:12:00,0
17406.0,333,13,4186.95,17.5922268907563,1847,7,2009-12-06 13:45:00,2011-01-10 15:07:00,1
17407.0,412,1,552.9,24.039130434782606,426,1,2010-10-24 11:57:00,2010-10-24 11:57:00,1
17408.0,163,3,316.09000000000003,39.511250000000004,163,2,2010-07-13 14:02:00,2011-06-29 12:53:00,0
17409.0,185,10,7793.51,74.93759615384616,4089,7,2009-12-11 12:17:00,2011-06-08 10:36:00,1
17410.0,16,5,1214.72,18.98,616,4,2011-05-08 15:21:00,2011-11-23 15:46:00,0
17411.0,12,5,1425.38,19.005066666666668,608,4,2009-12-03 12:02:00,2011-11-27 14:25:00,0
17412.0,3,16,4220.22,18.509736842105266,2554,8,2009-12-02 13:51:00,2011-12-07 11:36:00,0
17413.0,405,2,560.14,56.013999999999996,302,2,2010-05-19 11:11:00,2010-10-31 12:33:00,1
17414.0,44,6,2249.52,107.12,6256,4,2009-12-03 16:49:00,2011-10-27 12:13:00,0
17415.0,80,1,507.84,36.27428571428571,114,1,2011-09-21 12:50:00,2011-09-21 12:50:00,0
17416.0,30,22,17298.45,28.97562814070352,8769,8,2009-12-14 16:29:00,2011-11-10 12:47:00,0
17417.0,549,1,164.18,10.26125,76,1,2010-06-09 10:00:00,2010-06-09 10:00:00,1
17418.0,42,3,670.0600000000001,15.953809523809525,521,3,2010-11-17 13:42:00,2011-10-28 13:00:00,0
17419.0,11,18,6126.25,20.48913043478261,2884,9,2010-01-25 13:19:00,2011-11-28 13:47:00,0
17420.0,50,6,953.58,19.0716,446,4,2010-11-03 13:09:00,2011-10-20 14:52:00,0
17421.0,386,3,1059.41,18.265689655172416,807,3,2009-12-04 15:43:00,2010-11-18 16:57:00,1
17422.0,16,11,3594.76,17.535414634146342,3538,8,2010-06-23 10:19:00,2011-11-23 13:27:00,0
17423.0,46,3,1118.95,26.022093023255817,790,3,2010-11-11 12:26:00,2011-10-24 13:36:00,0
17425.0,19,2,759.1700000000001,17.65511627906977,407,2,2011-10-10 11:37:00,2011-11-20 15:30:00,0
17426.0,8,13,8077.77,18.917494145199065,5187,6,2010-02-17 13:39:00,2011-12-01 18:07:00,0
17427.0,72,1,100.8,50.4,34,1,2011-09-29 11:29:00,2011-09-29 11:29:00,0
17428.0,1,45,31466.760000000002,43.703833333333336,17356,12,2009-12-01 17:28:00,2011-12-09 09:45:00,0
17429.0,128,5,1357.46,14.289052631578947,1286,5,2010-10-06 12:30:00,2011-08-03 13:22:00,0
17430.0,33,4,622.57,16.826216216216217,455,3,2010-08-17 11:52:00,2011-11-07 09:24:00,0
17431.0,313,1,403.3,9.37906976744186,292,1,2011-01-30 14:36:00,2011-01-30 14:36:00,1
17432.0,18,9,1728.99,6.310182481751825,1008,5,2009-12-03 19:13:00,2011-11-21 17:33:00,0
17433.0,88,2,569.96,6.128602150537635,305,2,2010-11-19 13:37:00,2011-09-12 14:24:00,0
17434.0,2,7,2373.82,17.715074626865672,1693,4,2011-09-15 13:54:00,2011-12-07 13:16:00,0
17435.0,411,1,331.35,22.09,195,1,2010-10-24 13:55:00,2010-10-24 13:55:00,1
17436.0,2,5,534.0600000000001,31.41529411764706,178,3,2009-12-07 12:31:00,2011-12-08 12:30:00,0
17437.0,530,1,369.68,7.109230769230769,283,1,2010-06-28 11:11:00,2010-06-28 11:11:00,1
17438.0,254,5,1422.77,20.03901408450704,553,3,2010-03-08 16:53:00,2011-03-31 10:26:00,1
17439.0,656,1,325.74,40.7175,370,1,2010-02-22 12:48:00,2010-02-22 12:48:00,1
17440.0,157,4,323.58,53.93,282,3,2010-06-08 14:40:00,2011-07-06 11:54:00,0
17441.0,732,1,293.35,13.96904761904762,245,1,2009-12-07 13:32:00,2009-12-07 13:32:00,1
17442.0,37,15,4620.3,16.326148409893992,3134,7,2010-02-15 15:54:00,2011-11-03 09:17:00,0
17443.0,220,1,534.24,534.24,504,1,2011-05-04 10:47:00,2011-05-04 10:47:00,1
17444.0,148,3,2940.04,21.778074074074073,2119,2,2011-06-20 09:04:00,2011-07-15 12:05:00,0
17446.0,177,2,120.89999999999999,13.433333333333332,198,2,2011-02-02 14:40:00,2011-06-16 10:42:00,0
17447.0,40,2,541.53,15.042499999999999,443,2,2011-09-29 10:10:00,2011-10-30 14:18:00,0
17448.0,497,46,14523.67,13.025713004484304,11534,5,2010-03-04 17:29:00,2010-07-30 14:07:00,1
17449.0,2,13,4868.15,8.335873287671232,2483,7,2009-12-09 14:16:00,2011-12-07 16:56:00,0
17450.0,8,51,244784.25,582.8196428571429,83914,11,2010-09-27 16:59:00,2011-12-01 13:29:00,0
17451.0,1,7,1721.4,17.214000000000002,1203,5,2011-08-26 11:54:00,2011-12-08 15:02:00,0
17453.0,18,2,486.72,25.61684210526316,219,2,2011-10-06 17:02:00,2011-11-22 09:42:00,0
17454.0,192,10,1547.94,12.285238095238096,727,9,2010-01-15 15:40:00,2011-05-31 13:58:00,1
17455.0,204,1,131.7,16.4625,66,1,2011-05-20 12:31:00,2011-05-20 12:31:00,1
17456.0,365,2,975.5600000000001,16.259333333333334,508,2,2010-09-09 15:28:00,2010-12-09 15:23:00,1
17457.0,127,14,5984.81,93.51265625,2695,9,2009-12-07 14:52:00,2011-08-05 12:48:00,0
17458.0,15,2,529.58,6.1579069767441865,282,1,2010-11-23 11:43:00,2011-11-24 13:01:00,0
17459.0,43,2,657.3,5.921621621621621,537,1,2011-10-10 17:00:00,2011-10-27 13:25:00,0
17460.0,94,16,2157.9700000000003,15.75160583941606,954,10,2010-01-22 13:25:00,2011-09-06 15:04:00,0
17461.0,23,3,735.82,6.941698113207548,770,1,2011-11-10 12:01:00,2011-11-17 10:21:00,0
17462.0,60,2,675.69,25.025555555555556,227,2,2011-02-28 17:01:00,2011-10-10 13:56:00,0
17463.0,16,7,2535.26,8.022974683544305,1480,6,2010-04-29 17:57:00,2011-11-23 13:40:00,0
17464.0,158,3,907.1400000000001,23.26,608,2,2010-03-30 13:15:00,2011-07-04 13:19:00,0
17465.0,426,7,2542.79,17.906971830985917,1477,6,2009-12-03 13:25:00,2010-10-10 11:56:00,1
17466.0,10,2,763.28,18.61658536585366,306,2,2011-09-22 09:16:00,2011-11-29 13:15:00,0
17467.0,395,1,102.6,25.65,20,1,2010-11-09 12:58:00,2010-11-09 12:58:00,1
17468.0,10,3,194.8,24.35,184,1,2010-11-29 17:25:00,2011-11-29 15:33:00,0
17469.0,16,17,5051.25,18.918539325842698,2304,9,2009-12-16 15:06:00,2011-11-23 13:15:00,0
17470.0,45,11,2626.47,16.944967741935482,2731,8,2010-07-19 16:16:00,2011-10-26 12:42:00,0
17471.0,475,1,321.65000000000003,16.928947368421053,153,1,2010-08-22 11:53:00,2010-08-22 11:53:00,1
17472.0,191,4,922.35,4.13609865470852,551,3,2010-03-21 13:27:00,2011-06-01 14:57:00,1
17473.0,409,2,607.0,17.852941176470587,270,2,2010-09-09 19:03:00,2010-10-27 11:45:00,1
17474.0,600,1,1047.0,174.5,200,1,2010-04-19 10:43:00,2010-04-19 10:43:00,1
17475.0,79,1,194.37,13.883571428571429,178,1,2011-09-21 14:55:00,2011-09-21 14:55:00,0
17476.0,396,2,489.86,15.801935483870968,224,2,2009-12-02 12:09:00,2010-11-09 10:21:00,1
17477.0,613,2,1144.3,26.00681818181818,225,2,2010-03-02 11:53:00,2010-04-06 10:06:00,1
17478.0,408,2,1272.8000000000002,31.820000000000004,516,2,2010-03-16 14:19:00,2010-10-27 15:01:00,1
17479.0,633,1,389.26000000000005,21.625555555555557,266,1,2010-03-17 09:26:00,2010-03-17 09:26:00,1
17480.0,78,2,882.23,16.645849056603772,581,1,2010-09-21 12:31:00,2011-09-23 11:39:00,0
17481.0,4,4,1255.59,15.312073170731706,1061,3,2011-09-07 09:57:00,2011-12-06 12:28:00,0
17482.0,487,2,775.64,14.634716981132076,240,2,2010-05-10 14:10:00,2010-08-09 15:33:00,1
17483.0,65,4,591.73,21.133214285714285,265,3,2010-10-21 12:43:00,2011-10-05 13:10:00,0
17484.0,576,2,209.57,14.969285714285714,339,2,2010-03-25 16:17:00,2010-05-12 15:41:00,1
17486.0,261,1,396.87,16.53625,191,1,2011-03-23 14:00:00,2011-03-23 14:00:00,1
17487.0,728,1,160.55,20.06875,37,1,2009-12-11 15:06:00,2009-12-11 15:06:00,1
17488.0,641,1,336.5,18.694444444444443,136,1,2010-03-08 14:07:00,2010-03-08 14:07:00,1
17489.0,59,2,376.64,12.987586206896552,428,2,2011-05-11 11:34:00,2011-10-12 08:56:00,0
17490.0,1,9,2750.5,23.711206896551722,1531,6,2010-05-19 12:40:00,2011-12-09 09:08:00,0
17491.0,1,17,5653.67,31.941638418079098,3362,9,2010-04-28 11:57:00,2011-12-08 16:18:00,0
17492.0,248,3,1122.42,28.78,450,3,2010-07-09 13:27:00,2011-04-05 15:21:00,1
17493.0,385,1,100.91,12.61375,62,1,2010-11-19 16:57:00,2010-11-19 16:57:00,1
17494.0,502,1,54.7,18.233333333333334,26,1,2010-07-26 10:06:00,2010-07-26 10:06:00,1
17495.0,8,3,806.72,16.80666666666667,367,2,2010-11-14 11:50:00,2011-12-02 12:08:00,0
17496.0,359,4,1412.89,19.623472222222222,675,4,2010-01-14 13:36:00,2010-12-16 08:39:00,1
17497.0,390,2,287.25,41.035714285714285,59,2,2010-04-08 08:01:00,2010-11-14 14:17:00,1
17498.0,76,1,272.21999999999997,16.012941176470587,394,1,2011-09-25 12:25:00,2011-09-25 12:25:00,0
17499.0,290,2,1341.3899999999999,18.892816901408448,1086,2,2010-05-27 09:59:00,2011-02-23 09:14:00,1
17500.0,17,3,1138.0,227.6,17,1,2011-11-10 09:08:00,2011-11-22 14:25:00,0
17501.0,221,2,288.6,16.033333333333335,160,1,2011-05-03 09:46:00,2011-05-03 09:47:00,1
17502.0,9,4,689.1,24.610714285714288,376,1,2011-11-10 16:39:00,2011-11-30 13:13:00,0
17503.0,3,2,558.96,14.709473684210527,486,2,2011-11-01 11:12:00,2011-12-07 09:18:00,0
17504.0,206,18,9490.17,27.7490350877193,5420,7,2010-02-08 09:22:00,2011-05-17 12:59:00,1
17505.0,162,5,2435.48,23.877254901960786,1242,4,2010-04-13 16:33:00,2011-07-01 12:50:00,0
17506.0,76,1,302.2,21.585714285714285,139,1,2011-09-25 11:39:00,2011-09-25 11:39:00,0
17507.0,262,2,605.58,6.881590909090909,359,2,2011-02-03 18:08:00,2011-03-23 11:48:00,1
17508.0,281,8,4579.23,19.823506493506493,2891,7,2009-12-07 11:46:00,2011-03-04 08:10:00,1
17509.0,58,8,6083.64,16.713296703296706,3512,1,2011-10-07 13:14:00,2011-10-13 10:26:00,0
17510.0,25,2,514.56,14.701714285714283,422,2,2010-10-15 10:20:00,2011-11-15 10:00:00,0
17511.0,3,60,172132.87,92.14821734475375,117174,12,2009-12-02 10:52:00,2011-12-07 10:12:00,0
17512.0,29,18,5467.820000000001,27.75543147208122,5434,10,2009-12-10 19:35:00,2011-11-11 12:11:00,0
17513.0,72,3,1158.8,64.37777777777778,440,3,2010-08-17 15:08:00,2011-09-28 16:42:00,0
17514.0,128,2,522.0,6.289156626506024,284,2,2010-02-08 14:00:00,2011-08-03 15:45:00,0
17515.0,31,9,1602.51,8.952569832402235,527,8,2010-06-07 13:29:00,2011-11-08 14:04:00,0
17516.0,15,6,947.5,4.960732984293194,522,4,2010-11-26 12:50:00,2011-11-24 16:51:00,0
17517.0,309,1,153.94,13.994545454545454,102,1,2011-02-04 11:48:00,2011-02-04 11:48:00,1
17518.0,426,2,329.42,4.278181818181818,267,2,2010-03-28 13:31:00,2010-10-10 12:40:00,1
17519.0,17,15,4774.17,23.40279411764706,3230,10,2009-12-01 09:57:00,2011-11-22 16:43:00,0
17520.0,54,1,546.81,18.226999999999997,365,1,2011-10-17 12:04:00,2011-10-17 12:04:00,0
17521.0,30,5,1278.06,16.385384615384616,806,3,2010-10-01 11:49:00,2011-11-10 11:22:00,0
17522.0,2,5,1070.71,14.667260273972603,1034,4,2011-05-05 16:31:00,2011-12-08 12:31:00,0
17523.0,11,4,652.74,19.78,872,1,2011-11-20 13:40:00,2011-11-28 13:20:00,0
17524.0,361,3,539.14,12.53813953488372,362,2,2010-09-27 16:20:00,2010-12-13 14:32:00,1
17525.0,360,3,1161.9,44.68846153846154,338,3,2010-10-07 09:12:00,2010-12-15 12:05:00,1
17526.0,5,12,3939.24,42.81782608695652,1442,8,2009-12-17 16:18:00,2011-12-05 11:05:00,0
17527.0,54,4,939.37,19.98659574468085,488,4,2011-05-05 13:43:00,2011-10-17 12:32:00,0
17528.0,1,8,3628.5,14.34189723320158,2138,4,2011-09-29 13:04:00,2011-12-08 13:27:00,0
17529.0,610,2,1240.25,15.125,790,2,2010-01-11 12:29:00,2010-04-08 17:51:00,1
17530.0,1,12,2791.69,5.852599580712789,1741,7,2009-12-06 16:17:00,2011-12-08 18:42:00,0
17531.0,190,3,1266.82,21.841724137931035,472,2,2010-03-31 12:57:00,2011-06-02 19:17:00,1
17532.0,386,1,65.34,16.335,30,1,2010-11-19 08:13:00,2010-11-19 08:13:00,1
17533.0,435,1,34.8,34.8,24,1,2010-10-01 09:14:00,2010-10-01 09:14:00,1
17534.0,54,5,1668.83,18.13945652173913,860,5,2010-02-25 16:55:00,2011-10-17 12:47:00,0
17535.0,280,1,164.4,12.646153846153847,136,1,2011-03-04 15:20:00,2011-03-04 15:20:00,1
17536.0,177,3,364.83,22.801875,201,3,2010-01-26 12:00:00,2011-06-15 13:23:00,0
17537.0,30,2,887.6700000000001,11.995540540540542,699,2,2011-02-09 13:37:00,2011-11-10 10:56:00,0
17538.0,26,1,98.42,10.935555555555556,134,1,2011-11-14 12:12:00,2011-11-14 12:12:00,0
17539.0,618,4,1176.84,8.1725,708,4,2009-12-13 12:36:00,2010-04-01 12:07:00,1
17540.0,25,6,1590.6000000000001,24.853125000000002,588,5,2010-04-19 09:47:00,2011-11-15 11:56:00,0
17541.0,510,1,119.86,3.8664516129032256,44,1,2010-07-18 11:36:00,2010-07-18 11:36:00,1
17542.0,270,3,340.85,5.32578125,323,1,2010-03-08 12:08:00,2011-03-15 11:45:00,1
17543.0,550,1,120.05,9.234615384615385,62,1,2010-06-08 12:41:00,2010-06-08 12:41:00,1
17544.0,390,3,944.82,10.736590909090909,410,1,2010-11-14 14:47:00,2010-11-14 15:08:00,1
17545.0,43,6,1409.8600000000001,5.422538461538462,682,3,2010-05-11 10:04:00,2011-10-27 14:04:00,0
17547.0,376,2,727.85,23.479032258064517,223,2,2010-02-12 14:34:00,2010-11-29 09:41:00,1
17548.0,234,4,731.26,21.50764705882353,494,2,2010-11-08 16:19:00,2011-04-20 12:01:00,1
17549.0,24,2,148.86,24.810000000000002,210,2,2011-10-19 10:05:00,2011-11-16 09:59:00,0
17550.0,197,9,2506.64,7.808847352024921,968,5,2010-02-07 15:07:00,2011-05-26 14:09:00,1
17551.0,359,1,290.34,7.444615384615384,142,1,2010-12-15 14:12:00,2010-12-15 14:12:00,1
17552.0,60,12,2786.77,19.487902097902097,1951,7,2010-03-22 09:19:00,2011-10-10 17:00:00,0
17553.0,130,4,3757.6,626.2666666666667,2288,2,2010-04-08 09:44:00,2011-08-02 10:00:00,0
17554.0,1,5,1952.45,22.18693181818182,1763,5,2011-07-14 20:01:00,2011-12-08 14:15:00,0
17555.0,20,5,1045.74,3.9611363636363635,739,4,2010-05-02 16:02:00,2011-11-20 12:22:00,0
17556.0,206,2,300.67,21.476428571428574,184,2,2010-11-25 17:00:00,2011-05-18 10:48:00,1
17557.0,14,4,575.46,16.441714285714287,310,4,2009-12-07 10:15:00,2011-11-25 12:57:00,0
17558.0,393,1,259.17,9.25607142857143,54,1,2010-11-11 14:36:00,2010-11-11 14:36:00,1
17559.0,513,1,167.62,13.968333333333334,270,1,2010-07-15 12:02:00,2010-07-15 12:02:00,1
17560.0,95,8,1895.8,34.46909090909091,1588,5,2010-02-17 12:11:00,2011-09-06 09:18:00,0
17561.0,19,4,703.02,3.6807329842931935,381,3,2009-12-06 13:29:00,2011-11-20 12:53:00,0
17562.0,14,7,1122.38,17.81555555555556,817,6,2011-06-19 13:06:00,2011-11-25 14:21:00,0
17563.0,578,2,392.38,13.530344827586207,256,2,2010-04-07 10:02:00,2010-05-10 14:54:00,1
17564.0,24,3,454.01,9.265510204081632,146,3,2011-09-20 14:00:00,2011-11-15 13:27:00,0
17565.0,587,1,131.83,4.394333333333334,67,1,2010-05-02 11:54:00,2010-05-02 11:54:00,1
17566.0,8,2,869.77,6.125140845070423,497,2,2011-11-14 13:42:00,2011-12-01 19:54:00,0
17567.0,7,9,4838.08,24.68408163265306,2908,7,2010-09-24 10:48:00,2011-12-02 15:48:00,0
17568.0,633,1,374.45,6.039516129032258,275,1,2010-03-16 16:45:00,2010-03-16 16:45:00,1
17569.0,332,1,344.14,11.866896551724137,159,1,2011-01-11 14:15:00,2011-01-11 14:15:00,1
17570.0,382,1,100.0,100.0,1,1,2010-11-23 11:56:00,2010-11-23 11:56:00,1
17571.0,50,5,1630.91,5.018184615384616,991,5,2010-06-15 12:50:00,2011-10-20 15:57:00,0
17572.0,71,10,652.21,20.3815625,327,5,2009-12-15 10:00:00,2011-09-29 17:53:00,0
17573.0,29,3,380.6,15.224,308,2,2011-09-07 10:36:00,2011-11-10 13:01:00,0
17574.0,243,1,185.65,23.20625,77,1,2011-04-11 09:47:00,2011-04-11 09:47:00,1
17575.0,667,1,171.7,34.339999999999996,72,1,2010-02-10 13:48:00,2010-02-10 13:48:00,1
17576.0,8,41,8711.95,9.799718785151857,4583,12,2009-12-03 16:54:00,2011-12-01 17:56:00,0
17577.0,645,2,348.75,16.607142857142858,179,2,2010-02-09 10:10:00,2010-03-04 13:01:00,1
17578.0,218,7,1047.33,16.11276923076923,529,4,2010-06-28 11:55:00,2011-05-05 18:38:00,1
17579.0,5,4,753.28,8.013617021276595,375,4,2010-05-10 14:28:00,2011-12-05 12:28:00,0
17580.0,253,5,541.02,5.755531914893617,223,5,2010-10-13 14:28:00,2011-04-01 12:41:00,1
17581.0,1,43,17951.17,22.13461159062885,9519,11,2009-12-03 12:34:00,2011-12-09 12:21:00,0
17582.0,236,5,1446.95,11.860245901639345,603,5,2010-03-26 12:23:00,2011-04-17 13:18:00,1
17583.0,560,1,135.95,19.42142857142857,55,1,2010-05-28 14:24:00,2010-05-28 14:24:00,1
17584.0,7,6,5309.42,42.817903225806454,2464,5,2010-01-25 08:17:00,2011-12-02 17:12:00,0
17585.0,109,7,2064.71,5.376848958333333,2510,5,2010-08-18 16:39:00,2011-08-22 13:30:00,0
17586.0,619,1,167.4,20.925,68,1,2010-03-30 13:12:00,2010-03-30 13:12:00,1
17587.0,628,1,176.71,4.207380952380952,67,1,2010-03-21 14:16:00,2010-03-21 14:16:00,1
17588.0,100,7,2939.55,41.40211267605634,1379,6,2010-03-12 12:34:00,2011-08-31 13:37:00,0
17589.0,60,18,13837.94,10.628218125960062,8704,9,2010-03-07 13:48:00,2011-10-10 16:58:00,0
17590.0,2,3,1468.02,7.489897959183673,822,3,2011-10-30 14:05:00,2011-12-07 12:55:00,0
17591.0,73,8,2339.32,13.29159090909091,1028,7,2010-01-17 16:09:00,2011-09-27 13:42:00,0
17592.0,739,1,148.3,11.407692307692308,38,1,2009-12-01 10:49:00,2009-12-01 10:49:00,1
17593.0,4,11,8092.32,19.83411764705882,5595,6,2009-12-04 14:35:00,2011-12-06 10:30:00,0
17594.0,85,4,2497.88,24.018076923076926,1368,3,2010-04-14 08:53:00,2011-09-15 16:34:00,0
17595.0,12,2,386.69,4.715731707317073,228,1,2011-11-02 16:19:00,2011-11-27 16:08:00,0
17596.0,23,13,4491.46,9.241687242798355,7010,9,2009-12-15 13:21:00,2011-11-16 14:11:00,0
17597.0,214,5,3484.09,27.219453125,2215,4,2010-05-05 15:33:00,2011-05-10 11:54:00,1
17598.0,381,1,409.98,40.998000000000005,126,1,2010-11-23 17:43:00,2010-11-23 17:43:00,1
17599.0,478,1,52.05,17.349999999999998,11,1,2010-08-19 12:50:00,2010-08-19 12:50:00,1
17600.0,18,1,161.67000000000002,12.436153846153847,144,1,2011-11-22 09:43:00,2011-11-22 09:43:00,0
17601.0,239,2,413.08,5.737222222222222,295,2,2010-11-24 14:29:00,2011-04-14 18:02:00,1
17602.0,2,14,7354.43,8.09068206820682,5880,10,2010-03-30 17:25:00,2011-12-07 13:53:00,0
17603.0,78,4,1788.38,16.871509433962267,638,4,2009-12-10 09:44:00,2011-09-22 14:18:00,0
17604.0,217,6,942.38,4.530673076923077,614,5,2010-01-27 12:19:00,2011-05-06 13:43:00,1
17605.0,590,1,160.75,12.365384615384615,71,1,2010-04-28 14:45:00,2010-04-28 14:45:00,1
17606.0,737,1,87.30000000000001,14.550000000000002,42,1,2009-12-02 13:32:00,2009-12-02 13:32:00,1
17607.0,376,1,333.81,15.173181818181819,269,1,2010-11-28 13:11:00,2010-11-28 13:11:00,1
17608.0,33,4,488.06,3.069559748427673,528,3,2010-04-11 13:37:00,2011-11-06 13:06:00,0
17609.0,41,11,1887.8999999999999,4.903636363636363,1321,7,2010-04-09 16:54:00,2011-10-30 12:28:00,0
17610.0,540,5,1511.94,9.817792207792207,893,4,2009-12-06 16:07:00,2010-06-17 16:34:00,1
17611.0,7,28,8337.53,7.497778776978418,5341,11,2009-12-01 13:29:00,2011-12-02 13:29:00,0
17612.0,53,18,5394.86,15.867235294117647,3521,11,2009-12-17 11:59:00,2011-10-17 14:59:00,0
17613.0,23,14,4544.55,14.851470588235294,2490,9,2011-02-07 11:20:00,2011-11-17 10:51:00,0
17614.0,57,1,386.32,3.9420408163265304,235,1,2011-10-13 16:01:00,2011-10-13 16:01:00,0
17615.0,130,6,721.8000000000001,12.889285714285716,378,4,2010-08-11 12:54:00,2011-08-01 14:06:00,0
17616.0,174,4,734.4,183.6,288,4,2010-09-14 10:43:00,2011-06-19 10:11:00,0
17617.0,559,1,385.19,21.399444444444445,249,1,2010-05-30 12:48:00,2010-05-30 12:48:00,1
17618.0,6,11,4001.64,11.2090756302521,1798,8,2010-01-24 11:03:00,2011-12-04 11:50:00,0
17619.0,312,1,214.37,2.896891891891892,124,1,2011-01-31 14:18:00,2011-01-31 14:18:00,1
17620.0,60,1,81.44,20.36,60,1,2011-10-11 12:08:00,2011-10-11 12:08:00,0
17621.0,21,6,3175.12,48.10787878787879,1110,4,2010-10-04 09:37:00,2011-11-18 17:11:00,0
17622.0,598,2,1130.21,29.742368421052632,379,1,2010-04-20 13:38:00,2010-04-21 12:36:00,1
17623.0,33,7,2365.77,12.194690721649485,799,7,2009-12-14 14:36:00,2011-11-07 11:32:00,0
17624.0,15,4,1568.63,16.171443298969074,958,4,2009-12-20 12:35:00,2011-11-25 10:52:00,0
17625.0,18,8,5978.9,8.753879941434846,3505,8,2009-12-15 11:49:00,2011-11-21 13:36:00,0
17626.0,603,1,254.0,14.11111111111111,202,1,2010-04-16 12:15:00,2010-04-16 12:15:00,1
17627.0,479,1,296.36,29.636000000000003,676,1,2010-08-18 11:27:00,2010-08-18 11:27:00,1
17628.0,81,1,75.75,15.15,79,1,2011-09-19 15:21:00,2011-09-19 15:21:00,0
17629.0,6,10,2455.52,15.740512820512821,1903,7,2010-10-14 13:35:00,2011-12-04 10:56:00,0
17630.0,170,2,503.6,19.36923076923077,158,2,2011-04-21 14:03:00,2011-06-23 11:58:00,0
17631.0,2,7,998.49,14.470869565217392,591,5,2009-12-09 14:15:00,2011-12-08 09:47:00,0
17633.0,31,7,2057.39,20.37019801980198,899,3,2010-11-15 14:55:00,2011-11-08 13:25:00,0
17634.0,36,9,2358.59,7.96820945945946,838,8,2011-01-06 12:45:00,2011-11-03 13:09:00,0
17635.0,424,3,1265.58,17.10243243243243,770,3,2010-04-28 10:51:00,2010-10-11 15:12:00,1
17636.0,19,1,285.56,14.278,182,1,2011-11-20 14:40:00,2011-11-20 14:40:00,0
17637.0,31,2,547.0600000000001,15.630285714285716,280,2,2011-08-16 13:25:00,2011-11-08 12:51:00,0
17638.0,647,2,842.4000000000001,280.8,432,2,2009-12-18 09:58:00,2010-03-02 14:32:00,1
17639.0,276,6,615.17,7.7869620253164555,576,3,2010-08-13 11:59:00,2011-03-08 15:22:00,1
17640.0,87,6,3168.94,48.014242424242425,1692,4,2010-03-23 09:15:00,2011-09-14 09:13:00,0
17642.0,120,5,1824.49,16.893425925925925,1475,5,2009-12-05 16:01:00,2011-08-12 09:11:00,0
17643.0,373,2,439.7,14.183870967741935,226,2,2010-07-22 13:07:00,2010-12-01 14:38:00,1
17644.0,1,20,6028.6,18.436085626911318,3469,10,2010-02-16 08:44:00,2011-12-08 13:43:00,0
17646.0,219,12,3898.79,19.891785714285714,1308,10,2009-12-16 09:37:00,2011-05-04 13:17:00,1
17647.0,65,3,331.65999999999997,27.638333333333332,82,2,2010-02-08 14:39:00,2011-10-05 15:38:00,0
17648.0,61,5,2216.37,17.73096,954,4,2010-11-19 16:41:00,2011-10-10 09:41:00,0
17649.0,138,3,1578.89,16.111122448979593,723,2,2010-08-24 13:01:00,2011-07-24 15:53:00,0
17650.0,21,1,166.07999999999998,20.759999999999998,150,1,2011-11-18 14:52:00,2011-11-18 14:52:00,0
17651.0,12,16,5703.52,17.179277108433737,4086,5,2010-07-01 12:17:00,2011-11-28 10:29:00,0
17652.0,25,12,4867.72,18.794285714285714,2509,7,2011-03-03 14:05:00,2011-11-14 12:55:00,0
17653.0,37,4,1207.56,27.44454545454545,1409,3,2011-08-11 15:24:00,2011-11-03 12:46:00,0
17654.0,277,1,117.55,5.343181818181818,41,1,2011-03-07 13:17:00,2011-03-07 13:17:00,1
17655.0,11,9,2976.38,26.814234234234235,1268,6,2010-10-19 10:20:00,2011-11-29 11:34:00,0
17656.0,73,5,1674.69,20.423048780487804,1399,2,2011-08-03 10:45:00,2011-09-27 13:04:00,0
17657.0,430,1,126.0,18.0,60,1,2010-10-05 14:52:00,2010-10-05 14:52:00,1
17658.0,26,2,595.42,31.337894736842102,616,2,2011-05-12 15:23:00,2011-11-14 12:07:00,0
17659.0,17,14,3586.9900000000002,18.682239583333335,1752,7,2010-11-18 14:20:00,2011-11-22 13:29:00,0
17660.0,141,2,342.22,4.173414634146342,259,2,2009-12-02 16:02:00,2011-07-21 13:37:00,0
17662.0,662,2,412.92,27.528000000000002,184,2,2009-12-17 09:54:00,2010-02-16 09:38:00,1
17663.0,26,17,5175.83,21.74718487394958,2297,10,2010-03-04 11:42:00,2011-11-14 08:56:00,0
17664.0,19,4,1166.23,14.577875,1058,4,2010-03-29 17:17:00,2011-11-21 11:29:00,0
17665.0,493,1,563.1,29.63684210526316,690,1,2010-08-03 13:12:00,2010-08-03 13:12:00,1
17666.0,4,5,2047.8,46.54090909090909,1552,4,2010-06-30 12:03:00,2011-12-06 09:06:00,0
17667.0,66,9,3950.7,17.17695652173913,2192,6,2010-02-23 09:57:00,2011-10-04 14:32:00,0
17668.0,1,2,347.75,23.183333333333334,93,2,2011-11-01 14:45:00,2011-12-08 13:25:00,0
17669.0,43,10,6142.35,42.655208333333334,3505,6,2010-04-01 18:48:00,2011-10-28 08:53:00,0
17670.0,228,1,205.7,18.7,110,1,2011-04-26 09:12:00,2011-04-26 09:12:00,1
17671.0,16,5,2009.16,26.788800000000002,987,4,2010-11-29 11:53:00,2011-11-24 12:21:00,0
17672.0,50,7,5778.63,28.051601941747574,2758,5,2010-01-26 17:20:00,2011-10-20 14:18:00,0
17673.0,2,13,4173.88,8.232504930966469,3284,8,2010-03-19 14:02:00,2011-12-08 12:50:00,0
17674.0,74,2,551.04,20.40888888888889,672,2,2010-12-06 10:20:00,2011-09-26 13:35:00,0
17675.0,1,70,37642.48,33.72982078853047,16180,12,2009-12-10 16:10:00,2011-12-08 18:03:00,0
17676.0,4,10,2448.64,16.544864864864863,1764,5,2010-03-30 10:49:00,2011-12-05 15:16:00,0
17677.0,2,54,35058.46,51.18023357664234,20921,12,2009-12-16 11:23:00,2011-12-08 09:56:00,0
17678.0,264,2,599.76,21.419999999999998,368,2,2010-04-15 13:54:00,2011-03-21 11:52:00,1
17679.0,53,7,3577.61,44.16802469135803,1755,6,2009-12-03 17:32:00,2011-10-18 07:43:00,0
17680.0,24,3,497.45000000000005,24.872500000000002,155,2,2010-07-16 16:07:00,2011-11-16 12:42:00,0
17681.0,597,5,731.2,52.228571428571435,450,3,2010-01-15 11:53:00,2010-04-21 17:22:00,1
17682.0,10,11,4065.28,18.478545454545454,2281,9,2010-03-08 09:49:00,2011-11-29 15:59:00,0
17683.0,386,3,819.01,17.804565217391303,781,3,2010-06-03 17:15:00,2010-11-19 10:11:00,1
17684.0,44,1,239.41,15.960666666666667,145,1,2011-10-27 11:10:00,2011-10-27 11:10:00,0
17685.0,17,12,5454.95,27.550252525252525,3474,9,2010-02-11 13:44:00,2011-11-23 11:36:00,0
17686.0,7,9,8296.81,19.339883449883448,3583,7,2010-06-24 09:49:00,2011-12-02 15:39:00,0
17687.0,421,1,432.68,16.641538461538463,210,1,2010-10-15 12:30:00,2010-10-15 12:30:00,1
17688.0,394,1,304.2,16.010526315789473,114,1,2010-11-11 10:41:00,2010-11-11 10:41:00,1
17689.0,388,2,317.08,14.412727272727272,300,2,2010-08-22 13:54:00,2010-11-16 13:22:00,1
17690.0,30,20,6963.8,19.34388888888889,2939,10,2010-02-03 14:26:00,2011-11-09 15:17:00,0
17691.0,358,4,637.55,14.826744186046511,315,3,2010-06-11 11:50:00,2010-12-16 17:20:00,1
17692.0,127,12,2975.8,18.36913580246914,2338,9,2010-06-17 11:14:00,2011-08-04 14:01:00,0
17693.0,137,1,200.47,12.529375,231,1,2011-07-25 15:48:00,2011-07-25 15:48:00,0
17694.0,142,3,1695.97,20.937901234567903,1493,2,2010-05-26 08:27:00,2011-07-21 12:00:00,0
17695.0,132,5,1746.04,28.623606557377048,1809,5,2010-01-28 09:27:00,2011-07-31 10:40:00,0
17696.0,38,27,7679.59,21.039972602739727,5891,10,2009-12-10 17:09:00,2011-11-01 13:43:00,0
17697.0,236,1,338.95,17.839473684210525,93,1,2011-04-17 15:40:00,2011-04-17 15:40:00,1
17698.0,261,1,154.95,19.36875,93,1,2011-03-24 11:34:00,2011-03-24 11:34:00,1
17699.0,477,2,442.0,23.263157894736842,208,2,2010-05-27 11:53:00,2010-08-20 09:39:00,1
17700.0,17,14,6679.97,18.555472222222225,3469,10,2009-12-01 11:37:00,2011-11-23 11:51:00,0
17701.0,253,1,417.95,17.414583333333333,109,1,2011-04-01 12:25:00,2011-04-01 12:25:00,1
17702.0,30,6,3144.04,20.549281045751634,2153,4,2010-11-04 12:09:00,2011-11-09 16:03:00,0
17703.0,35,4,1094.84,14.036410256410255,897,4,2010-10-17 16:16:00,2011-11-04 15:51:00,0
17704.0,169,2,885.19,28.554516129032258,343,2,2011-04-14 09:28:00,2011-06-24 09:40:00,0
17705.0,3,11,2083.9,17.365833333333335,1301,8,2010-05-12 09:47:00,2011-12-06 13:45:00,0
17706.0,4,31,20272.15,27.506309362279513,7824,9,2010-01-19 12:13:00,2011-12-05 13:34:00,0
17707.0,185,8,609.3,25.3875,546,8,2009-12-07 12:19:00,2011-06-07 15:03:00,1
17708.0,188,4,884.1800000000001,12.11205479452055,387,4,2010-10-12 12:13:00,2011-06-05 10:12:00,1
17709.0,170,5,671.01,16.77525,295,3,2010-04-15 14:48:00,2011-06-23 11:55:00,0
17710.0,424,1,293.5,14.675,158,1,2010-10-12 07:49:00,2010-10-12 07:49:00,1
17711.0,11,2,385.1,16.743478260869566,246,2,2011-02-23 11:32:00,2011-11-29 11:40:00,0
17712.0,45,1,522.91,18.031379310344825,215,1,2011-10-26 12:28:00,2011-10-26 12:28:00,0
17713.0,382,4,1198.09,15.764342105263157,989,4,2010-06-09 09:33:00,2010-11-22 16:50:00,1
17714.0,321,5,1410.18,17.40962962962963,608,4,2010-07-14 10:41:00,2011-01-23 10:32:00,1
17715.0,201,2,489.59999999999997,244.79999999999998,576,2,2010-04-26 12:17:00,2011-05-23 12:32:00,1
17716.0,23,24,15956.970000000001,26.550698835274545,8819,10,2009-12-02 17:18:00,2011-11-17 12:00:00,0
17717.0,421,1,376.92,14.496923076923078,344,1,2010-10-14 12:54:00,2010-10-14 12:54:00,1
17718.0,232,2,439.18,19.094782608695652,274,2,2010-03-05 08:01:00,2011-04-21 13:39:00,1
17719.0,38,15,5396.04,19.693576642335767,2466,8,2011-03-29 11:29:00,2011-11-02 10:36:00,0
17720.0,26,10,2666.91,20.203863636363636,1589,8,2010-05-10 09:58:00,2011-11-13 15:04:00,0
17721.0,659,1,307.21000000000004,27.928181818181823,107,1,2010-02-18 15:18:00,2010-02-18 15:18:00,1
17722.0,96,5,3520.2200000000003,20.23114942528736,2412,5,2010-11-29 09:44:00,2011-09-04 15:22:00,0
17723.0,127,7,3378.4000000000005,281.53333333333336,912,5,2010-11-29 10:35:00,2011-08-04 18:37:00,0
17724.0,71,3,1033.0,25.825,300,2,2011-07-24 13:26:00,2011-09-29 15:26:00,0
17725.0,16,11,3439.08,17.911875,2162,9,2011-03-17 19:47:00,2011-11-23 16:34:00,0
17726.0,395,7,1092.06,17.0634375,444,6,2010-01-26 14:58:00,2010-11-09 13:37:00,1
17727.0,15,1,1060.25,16.064393939393938,645,1,2011-11-24 17:06:00,2011-11-24 17:06:00,0
17728.0,4,5,4238.76,17.371967213114754,2146,3,2010-09-12 14:58:00,2011-12-06 08:52:00,0
17729.0,596,1,438.65000000000003,19.071739130434786,247,1,2010-04-22 15:03:00,2010-04-22 15:03:00,1
17730.0,3,20,7773.8,24.757324840764333,5300,11,2010-04-29 11:48:00,2011-12-06 15:43:00,0
17731.0,79,6,1708.99,17.262525252525254,707,5,2010-02-09 12:37:00,2011-09-21 15:02:00,0
17732.0,373,8,2166.42,17.757540983606557,1058,5,2010-08-09 08:41:00,2010-12-02 09:29:00,1
17733.0,39,2,692.19,19.776857142857143,463,2,2011-03-23 09:54:00,2011-11-01 08:16:00,0
17734.0,54,6,1442.32,16.771162790697673,741,4,2010-03-07 13:55:00,2011-10-17 12:33:00,0
17735.0,2,26,16790.33,19.210903890160186,10683,12,2010-07-30 13:25:00,2011-12-07 16:47:00,0
17736.0,9,3,377.44,15.0976,238,3,2011-08-18 14:33:00,2011-11-30 15:36:00,0
17737.0,9,2,168.24,16.824,108,2,2011-10-12 14:42:00,2011-11-30 15:16:00,0
17738.0,19,13,4183.56,18.18939130434783,2776,7,2010-03-19 10:07:00,2011-11-20 15:05:00,0
17739.0,12,18,7730.59,51.88315436241611,2335,10,2009-12-07 10:48:00,2011-11-28 09:12:00,0
17740.0,389,6,426.90000000000003,47.43333333333334,222,5,2010-01-11 13:11:00,2010-11-15 16:33:00,1
17741.0,407,2,101.1,16.849999999999998,114,2,2010-05-28 12:11:00,2010-10-29 11:59:00,1
17742.0,113,11,2098.48,24.688,653,10,2009-12-01 13:16:00,2011-08-18 15:28:00,0
17743.0,448,1,229.2,76.39999999999999,96,1,2010-09-17 14:54:00,2010-09-17 14:54:00,1
17744.0,4,7,2649.14,17.543973509933775,3826,4,2010-11-24 09:34:00,2011-12-06 12:11:00,0
17745.0,478,2,600.34,21.440714285714286,164,2,2010-06-02 09:03:00,2010-08-19 12:30:00,1
17746.0,240,4,904.1800000000001,25.116111111111113,688,2,2010-04-08 12:54:00,2011-04-13 14:31:00,1
17747.0,113,1,71.4,71.4,12,1,2011-08-19 08:13:00,2011-08-19 08:13:00,0
17748.0,527,1,358.15,21.06764705882353,111,1,2010-06-30 13:49:00,2010-06-30 13:49:00,1
17749.0,178,3,1026.18,18.003157894736844,446,2,2010-06-11 14:56:00,2011-06-14 15:45:00,0
17750.0,5,9,1710.45,9.29592391304348,3747,7,2011-06-28 15:44:00,2011-12-04 14:09:00,0
17751.0,421,1,157.85999999999999,4.9331249999999995,147,1,2010-10-14 13:57:00,2010-10-14 13:57:00,1
17752.0,359,1,80.64,80.64,192,1,2010-12-15 16:19:00,2010-12-15 16:19:00,1
17753.0,464,4,382.06,5.5371014492753625,124,3,2010-01-06 14:20:00,2010-09-01 15:49:00,1
17754.0,1,13,4451.22,19.960627802690585,4366,8,2009-12-11 15:52:00,2011-12-09 11:20:00,0
17756.0,376,3,728.75,8.675595238095237,399,1,2010-11-10 12:54:00,2010-11-29 12:20:00,1
17757.0,1,56,9074.05,7.218814638027048,5011,12,2010-01-13 15:56:00,2011-12-08 15:31:00,0
17758.0,19,12,4964.03,9.401571969696969,3199,6,2010-05-20 13:18:00,2011-11-20 14:45:00,0
17759.0,17,5,1261.88,9.487819548872181,965,3,2010-05-05 11:40:00,2011-11-22 16:02:00,0
17760.0,22,6,746.39,11.140149253731343,531,5,2010-02-28 12:15:00,2011-11-18 10:56:00,0
17761.0,33,1,712.78,37.514736842105265,398,1,2011-11-07 10:23:00,2011-11-07 10:23:00,0
17762.0,456,1,129.75,7.632352941176471,129,1,2010-09-09 17:40:00,2010-09-09 17:40:00,1
17763.0,263,4,86.15,6.153571428571429,41,2,2010-02-18 14:32:00,2011-03-21 14:25:00,1
17764.0,51,5,1513.57,10.158187919463087,674,5,2009-12-03 14:28:00,2011-10-20 11:03:00,0
17765.0,159,4,524.0,6.469135802469136,195,4,2010-09-17 12:45:00,2011-07-04 12:41:00,0
17766.0,381,2,299.61,13.618636363636364,155,1,2010-11-23 14:17:00,2010-11-23 14:29:00,1
17767.0,15,2,413.05,10.591025641025642,198,2,2010-10-25 16:22:00,2011-11-24 14:42:00,0
17768.0,8,7,3292.73,18.091923076923077,2339,4,2009-12-02 12:26:00,2011-12-01 13:22:00,0
17769.0,13,17,7053.38,12.098421955403088,3157,9,2010-01-19 11:33:00,2011-11-27 11:18:00,0
17770.0,199,5,1143.27,30.086052631578948,365,2,2011-03-02 13:35:00,2011-05-25 12:34:00,1
17771.0,57,4,387.41,5.6146376811594205,373,4,2010-04-29 13:21:00,2011-10-14 11:43:00,0
17772.0,11,3,360.75,3.7578125,113,1,2010-11-12 11:31:00,2011-11-29 11:05:00,0
17773.0,514,2,575.37,10.461272727272727,254,2,2010-01-18 14:32:00,2010-07-13 14:07:00,1
17774.0,97,9,3273.83,8.246423173803526,1585,7,2010-02-08 16:06:00,2011-09-04 12:49:00,0
17775.0,255,1,56.4,18.8,72,1,2011-03-30 10:50:00,2011-03-30 10:50:00,1
17776.0,387,2,330.56,4.132,273,2,2009-12-16 14:59:00,2010-11-18 12:14:00,1
17777.0,25,3,647.56,3.408210526315789,501,3,2011-08-31 14:35:00,2011-11-15 12:02:00,0
17778.0,662,1,197.70000000000002,19.770000000000003,214,1,2010-02-16 12:44:00,2010-02-16 12:44:00,1
17779.0,21,3,650.32,8.028641975308643,396,3,2011-07-19 12:19:00,2011-11-18 14:15:00,0
17780.0,667,3,346.56,4.386835443037975,156,2,2010-01-24 11:21:00,2010-02-10 13:43:00,1
17781.0,159,2,188.02,15.668333333333335,34,2,2011-03-31 19:54:00,2011-07-03 16:00:00,0
17782.0,383,2,679.02,23.41448275862069,538,1,2010-11-22 10:03:00,2010-11-22 11:15:00,1
17783.0,72,3,376.96,4.142417582417583,438,3,2010-07-15 12:50:00,2011-09-28 16:07:00,0
17784.0,550,1,112.86,4.90695652173913,72,1,2010-06-07 16:08:00,2010-06-07 16:08:00,1
17785.0,53,3,403.38,7.909411764705882,227,3,2010-05-23 13:01:00,2011-10-17 13:43:00,0
17786.0,85,2,266.85,3.9242647058823534,195,2,2011-01-26 14:35:00,2011-09-15 12:51:00,0
17787.0,153,4,1817.54,14.19953125,896,4,2010-12-03 13:43:00,2011-07-10 11:24:00,0
17788.0,74,2,1117.9,223.58,211,2,2011-08-02 10:38:00,2011-09-27 10:09:00,0
17789.0,281,2,397.15,13.694827586206896,199,2,2010-02-16 13:16:00,2011-03-03 13:14:00,1
17790.0,27,20,2779.41,9.203344370860927,1387,9,2010-06-13 13:30:00,2011-11-13 11:30:00,0
17791.0,30,1,106.1,10.61,46,1,2011-11-10 12:09:00,2011-11-10 12:09:00,0
17792.0,467,2,368.35,7.0836538461538465,149,1,2010-08-18 13:08:00,2010-08-29 14:30:00,1
17793.0,25,1,300.34,5.77576923076923,226,1,2011-11-14 14:24:00,2011-11-14 14:24:00,0
17794.0,687,2,147.3,21.042857142857144,46,1,2010-01-20 12:17:00,2010-01-22 10:18:00,1
17795.0,180,2,342.83,7.618444444444444,305,2,2011-03-20 12:02:00,2011-06-13 12:36:00,0
17796.0,40,7,1236.39,6.090591133004927,347,4,2010-10-14 13:37:00,2011-10-30 15:38:00,0
17797.0,22,8,1971.8700000000001,7.276273062730628,1086,6,2009-12-15 14:30:00,2011-11-17 13:21:00,0
17798.0,582,1,178.07,3.957111111111111,138,1,2010-05-07 11:42:00,2010-05-07 11:42:00,1
17799.0,22,20,6246.93,6.910320796460177,3674,8,2009-12-13 16:03:00,2011-11-17 15:16:00,0
17800.0,37,9,1187.21,11.526310679611651,732,8,2011-01-09 13:50:00,2011-11-02 12:57:00,0
17801.0,451,3,770.03,9.506543209876543,820,3,2010-01-17 11:31:00,2010-09-14 14:32:00,1
17802.0,82,10,4946.22,9.439351145038168,2705,7,2009-12-13 13:39:00,2011-09-18 14:56:00,0
17803.0,392,1,184.66,6.839259259259259,98,1,2010-11-12 13:53:00,2010-11-12 13:53:00,1
17804.0,376,3,383.78000000000003,4.217362637362638,194,3,2009-12-01 12:22:00,2010-11-28 14:01:00,1
17805.0,74,2,927.03,84.27545454545454,1126,2,2010-04-08 14:36:00,2011-09-27 11:49:00,0
17806.0,11,1,546.04,12.698604651162789,727,1,2011-11-28 14:12:00,2011-11-28 14:12:00,0
17807.0,395,3,437.87,4.9198876404494385,262,3,2010-01-04 14:00:00,2010-11-09 16:21:00,1
17808.0,549,4,262.64,7.958787878787878,143,2,2010-05-07 16:26:00,2010-06-09 10:44:00,1
17809.0,16,20,10085.89,103.97824742268041,2995,10,2009-12-02 14:52:00,2011-11-23 12:59:00,0
17810.0,669,2,373.16,6.784727272727273,118,2,2010-01-25 10:26:00,2010-02-09 10:47:00,1
17811.0,4,47,9519.8,8.263715277777777,5278,12,2010-09-20 11:24:00,2011-12-05 13:46:00,0
17812.0,13,7,911.99,4.8253439153439155,444,4,2010-06-27 13:34:00,2011-11-27 11:47:00,0
17813.0,14,5,1698.07,4.879511494252873,752,3,2011-09-29 15:57:00,2011-11-25 16:13:00,0
17814.0,375,2,1609.37,11.254335664335663,1435,2,2010-10-13 14:03:00,2010-11-29 14:21:00,1
17815.0,393,1,591.96,45.535384615384615,612,1,2010-11-11 14:39:00,2010-11-11 14:39:00,1
17816.0,37,6,96.11,2.1357777777777778,80,5,2009-12-15 15:27:00,2011-11-03 11:34:00,0
17817.0,4,6,788.15,5.8817164179104475,353,4,2010-10-13 15:07:00,2011-12-05 14:39:00,0
17818.0,738,1,124.78,2.970952380952381,86,1,2009-12-02 11:34:00,2009-12-02 11:34:00,1
17819.0,72,12,6021.05,67.65224719101124,1610,6,2009-12-13 15:24:00,2011-09-29 10:52:00,0
17820.0,374,1,180.60999999999999,4.4051219512195114,111,1,2010-11-30 17:43:00,2010-11-30 17:43:00,1
17821.0,406,1,334.62,55.77,162,1,2010-10-29 13:20:00,2010-10-29 13:20:00,1
17822.0,420,5,2162.93,12.798402366863904,1375,2,2010-05-28 12:15:00,2010-10-15 13:47:00,1
17823.0,421,2,449.25,4.4925,252,1,2010-10-14 16:14:00,2010-10-14 16:24:00,1
17824.0,51,1,298.4,22.95384615384615,408,1,2011-10-19 14:14:00,2011-10-19 14:14:00,0
17825.0,599,4,701.96,25.99851851851852,516,2,2009-12-14 12:09:00,2010-04-20 12:01:00,1
17826.0,374,1,133.34,4.040606060606061,84,1,2010-11-30 13:23:00,2010-11-30 13:23:00,1
17827.0,5,6,2376.17,8.456120996441282,1582,3,2010-03-28 12:20:00,2011-12-04 15:00:00,0
17828.0,23,4,1820.09,27.1655223880597,667,3,2011-06-08 08:31:00,2011-11-17 08:41:00,0
17829.0,299,5,4756.74,27.817192982456138,3009,3,2010-02-22 15:39:00,2011-02-14 12:46:00,1
17830.0,2,3,398.7,17.33478260869565,92,3,2011-02-24 10:15:00,2011-12-08 12:28:00,0
17831.0,33,1,35.400000000000006,17.700000000000003,12,1,2011-11-06 15:09:00,2011-11-06 15:09:00,0
17832.0,50,1,155.37,2.547049180327869,208,1,2011-10-21 11:43:00,2011-10-21 11:43:00,0
17833.0,723,1,338.46000000000004,10.918064516129034,143,1,2009-12-16 13:40:00,2009-12-16 13:40:00,1
17834.0,415,2,689.6700000000001,11.890862068965518,639,2,2010-09-20 15:32:00,2010-10-21 12:09:00,1
17835.0,3,3,342.24,5.800677966101695,344,2,2011-11-16 16:30:00,2011-12-07 11:48:00,0
17836.0,47,1,110.21000000000001,4.592083333333334,88,1,2011-10-23 16:13:00,2011-10-23 16:13:00,0
17837.0,42,8,1541.23,9.513765432098765,510,4,2011-06-29 16:44:00,2011-10-28 16:13:00,0
17838.0,27,13,5604.64,22.065511811023622,3491,9,2010-03-19 09:53:00,2011-11-13 11:20:00,0
17839.0,42,1,318.15,6.11826923076923,257,1,2011-10-28 17:27:00,2011-10-28 17:27:00,0
17840.0,444,1,175.9,3.5180000000000002,128,1,2010-09-22 12:24:00,2010-09-22 12:24:00,1
17841.0,2,211,68545.25,5.512283876156011,36584,12,2009-12-02 15:41:00,2011-12-08 12:07:00,0
17842.0,602,1,430.69,23.927222222222223,89,1,2010-04-16 14:23:00,2010-04-16 14:23:00,1
17843.0,303,2,320.4,5.16774193548387,251,2,2010-10-24 10:56:00,2011-02-09 15:33:00,1
17844.0,107,1,51.559999999999995,10.312,52,1,2011-08-25 11:27:00,2011-08-25 11:27:00,0
17845.0,555,4,596.09,12.68276595744681,195,2,2010-05-12 13:04:00,2010-06-02 15:20:00,1
17846.0,85,1,2033.1,2033.1,1,1,2011-09-15 15:20:00,2011-09-15 15:20:00,0
17847.0,516,2,129.69,14.41,29,2,2010-03-04 12:57:00,2010-07-12 10:00:00,1
17848.0,81,30,3559.11,21.570363636363638,1404,11,2009-12-06 13:19:00,2011-09-19 16:49:00,0
17849.0,218,8,1063.76,21.275199999999998,224,6,2010-03-14 15:17:00,2011-05-05 13:46:00,1
17850.0,372,155,51208.87,20.491744697879152,21052,7,2009-12-05 12:28:00,2010-12-02 15:27:00,1
17851.0,422,6,1552.35,6.691163793103448,933,4,2009-12-03 17:46:00,2010-10-13 15:13:00,1
17852.0,12,5,657.8100000000001,6.090833333333334,372,2,2009-12-08 12:51:00,2011-11-28 12:36:00,0
17853.0,407,3,1596.29,15.202761904761905,625,3,2009-12-03 15:09:00,2010-10-28 15:29:00,1
17854.0,185,6,1068.5,9.055084745762711,607,5,2009-12-08 11:13:00,2011-06-07 16:21:00,1
17855.0,373,1,208.97,12.292352941176471,197,1,2010-12-02 09:44:00,2010-12-02 09:44:00,1
17856.0,2,4,1418.03,94.53533333333333,842,3,2011-03-03 11:40:00,2011-12-08 09:40:00,0
17857.0,4,24,27347.04,488.34000000000003,19906,10,2010-03-08 12:09:00,2011-12-05 13:13:00,0
17858.0,6,30,12518.65,33.562064343163534,5383,11,2009-12-06 15:41:00,2011-12-04 11:56:00,0
17859.0,305,1,141.92,6.170434782608695,102,1,2011-02-08 10:32:00,2011-02-08 10:32:00,1
17860.0,369,4,717.39,4.428333333333334,696,2,2009-12-11 16:48:00,2010-12-06 12:41:00,1
17861.0,3,18,5088.29,9.118799283154122,4541,7,2009-12-10 11:27:00,2011-12-06 16:21:00,0
17862.0,324,4,1254.89,12.675656565656567,440,3,2010-05-25 17:22:00,2011-01-20 12:23:00,1
17863.0,59,12,5360.4800000000005,21.02149019607843,4676,8,2010-02-25 12:01:00,2011-10-11 13:45:00,0
17864.0,13,5,876.57,6.640681818181818,1015,4,2010-10-08 11:49:00,2011-11-27 11:15:00,0
17865.0,31,46,26312.190000000002,26.051673267326734,12950,12,2009-12-01 10:49:00,2011-11-09 12:08:00,0
17866.0,143,3,1134.95,43.651923076923076,535,3,2009-12-14 16:01:00,2011-07-20 11:07:00,0
17867.0,30,15,1582.0500000000002,12.169615384615385,638,10,2009-12-02 13:39:00,2011-11-09 14:15:00,0
17868.0,386,1,227.15,12.619444444444445,85,1,2010-11-18 18:55:00,2010-11-18 18:55:00,1
17869.0,107,7,813.64,10.1705,491,5,2010-06-10 13:47:00,2011-08-24 16:16:00,0
17870.0,2,13,2753.29,10.122389705882354,1699,6,2010-11-23 11:39:00,2011-12-07 15:07:00,0
17871.0,205,5,1068.95,12.878915662650604,665,4,2010-01-15 14:48:00,2011-05-19 11:32:00,1
17872.0,382,1,235.87,15.724666666666668,176,1,2010-11-23 12:02:00,2010-11-23 12:02:00,1
17873.0,80,18,6265.33,37.29363095238095,4159,11,2009-12-16 15:11:00,2011-09-20 16:41:00,0
17874.0,185,6,683.46,14.857826086956523,221,3,2011-03-29 11:25:00,2011-06-07 12:54:00,1
17875.0,688,1,167.1,6.426923076923076,98,1,2010-01-20 15:30:00,2010-01-20 15:30:00,1
17876.0,400,3,3424.02,856.005,1958,3,2010-02-02 13:00:00,2010-11-05 10:52:00,1
17877.0,170,1,237.61,19.800833333333333,98,1,2011-06-22 13:00:00,2011-06-22 13:00:00,0
17878.0,44,3,1378.93,16.816219512195122,1014,2,2010-11-09 13:50:00,2011-10-27 11:24:00,0
17879.0,174,1,178.52,29.753333333333334,45,1,2011-06-19 12:36:00,2011-06-19 12:36:00,0
17880.0,365,3,824.9200000000001,18.331555555555557,466,2,2009-12-09 16:13:00,2010-12-10 10:21:00,1
17881.0,304,1,133.35,16.66875,32,1,2011-02-08 17:16:00,2011-02-08 17:16:00,1
17882.0,379,2,291.56,5.501132075471698,130,1,2010-11-25 14:35:00,2010-11-25 14:40:00,1
17883.0,3,7,988.42,5.713410404624277,476,6,2010-02-25 20:07:00,2011-12-06 17:49:00,0
17884.0,4,20,2698.47,6.646477832512315,2749,8,2009-12-04 16:23:00,2011-12-06 11:33:00,0
17885.0,12,1,156.34,2.949811320754717,110,1,2011-11-27 14:40:00,2011-11-27 14:40:00,0
17886.0,32,6,1572.55,9.473192771084337,711,5,2010-04-29 11:10:00,2011-11-08 10:09:00,0
17887.0,129,1,111.35,11.135,30,1,2011-08-02 17:29:00,2011-08-02 17:29:00,0
17888.0,21,25,1807.44,11.2965,1536,11,2009-12-21 16:34:00,2011-11-18 13:45:00,0
17889.0,212,7,746.42,6.434655172413793,403,4,2010-03-31 10:54:00,2011-05-11 16:26:00,1
17890.0,323,2,586.89,6.449340659340659,402,2,2010-12-13 15:12:00,2011-01-21 11:19:00,1
17891.0,162,1,203.85999999999999,5.995882352941176,393,1,2011-06-30 20:08:00,2011-06-30 20:08:00,0
17892.0,56,3,244.1,8.717857142857143,109,2,2011-07-07 12:56:00,2011-10-14 16:49:00,0
17893.0,225,1,107.21,7.147333333333333,149,1,2011-04-28 13:50:00,2011-04-28 13:50:00,1
17894.0,72,18,2304.58,5.732786069651741,938,7,2010-08-27 14:13:00,2011-09-29 09:23:00,0
17895.0,44,1,95.45,6.363333333333333,127,1,2011-10-26 17:00:00,2011-10-26 17:00:00,0
17896.0,23,1,256.32,128.16,288,1,2011-11-16 13:59:00,2011-11-16 13:59:00,0
17897.0,173,9,2099.89,8.014847328244274,864,5,2010-05-12 16:03:00,2011-06-20 11:23:00,0
17898.0,85,4,299.18,5.9836,251,2,2010-05-21 17:22:00,2011-09-15 14:56:00,0
17899.0,159,1,154.55,4.985483870967743,170,1,2011-07-03 14:58:00,2011-07-03 14:58:00,0
17900.0,190,2,112.19999999999999,18.7,73,1,2011-06-02 14:28:00,2011-06-02 14:38:00,1
17901.0,29,3,260.08,11.82181818181818,38,2,2010-07-06 10:54:00,2011-11-10 17:29:00,0
17902.0,547,1,216.4,9.016666666666667,526,1,2010-06-11 12:25:00,2010-06-11 12:25:00,1
17903.0,394,1,381.09000000000003,8.468666666666667,142,1,2010-11-10 15:39:00,2010-11-10 15:39:00,1
17904.0,21,1,181.07,5.325588235294117,59,1,2011-11-18 12:57:00,2011-11-18 12:57:00,0
17905.0,71,13,2178.87,14.92376712328767,1299,8,2010-01-28 17:54:00,2011-09-29 17:33:00,0
17906.0,247,1,72.9,6.075,26,1,2011-04-06 17:25:00,2011-04-06 17:25:00,1
17907.0,641,1,291.76,22.443076923076923,1046,1,2010-03-09 12:33:00,2010-03-09 12:33:00,1
17908.0,374,5,1142.47,5.492644230769231,670,4,2009-12-14 12:24:00,2010-12-01 11:45:00,1
17909.0,737,1,110.05,13.75625,35,1,2009-12-02 13:10:00,2009-12-02 13:10:00,1
17910.0,726,1,261.7,10.065384615384614,121,1,2009-12-13 16:04:00,2009-12-13 16:04:00,1
17911.0,9,1,366.23,9.390512820512821,223,1,2011-11-30 14:52:00,2011-11-30 14:52:00,0
17912.0,310,6,374.55,7.344117647058824,215,3,2010-11-29 13:53:00,2011-02-02 14:25:00,1
17913.0,59,14,3429.29,7.358991416309013,1725,10,2009-12-03 13:02:00,2011-10-12 10:45:00,0
17914.0,4,1,329.36,4.391466666666667,457,1,2011-12-06 11:58:00,2011-12-06 11:58:00,0
17915.0,551,1,225.78,7.785517241379311,184,1,2010-06-06 13:22:00,2010-06-06 13:22:00,1
17916.0,629,2,43.87,2.3089473684210526,90,2,2009-12-06 14:10:00,2010-03-21 12:26:00,1
17917.0,45,3,335.03,3.6416304347826083,184,3,2010-12-12 12:08:00,2011-10-25 13:20:00,0
17918.0,501,3,396.39,9.909749999999999,352,1,2010-07-22 14:20:00,2010-07-27 11:51:00,1
17919.0,88,2,1840.3200000000002,46.008,1452,1,2010-09-27 10:40:00,2011-09-12 13:41:00,0
17920.0,4,54,23581.78,14.379134146341462,12265,12,2009-12-06 10:37:00,2011-12-05 14:29:00,0
17921.0,64,10,2394.36,6.651000000000001,991,7,2010-07-15 20:05:00,2011-10-06 18:56:00,0
17922.0,543,1,170.4,21.3,49,1,2010-06-14 16:32:00,2010-06-14 16:32:00,1
17923.0,282,3,497.0,165.66666666666666,140,2,2010-06-13 13:58:00,2011-03-02 15:15:00,1
17924.0,12,8,3257.7000000000003,98.71818181818183,1208,4,2010-10-21 12:17:00,2011-11-28 09:11:00,0
17925.0,373,1,244.08,244.08,72,1,2010-12-02 10:10:00,2010-12-02 10:10:00,1
17926.0,133,5,1035.49,23.533863636363638,572,3,2010-05-09 14:07:00,2011-07-29 14:39:00,0
17927.0,722,1,294.0,29.4,108,1,2009-12-18 11:03:00,2009-12-18 11:03:00,1
17928.0,45,3,341.24,12.638518518518518,222,3,2010-05-17 15:30:00,2011-10-25 13:52:00,0
17929.0,11,12,3082.1,205.47333333333333,434,8,2009-12-09 11:40:00,2011-11-28 16:01:00,0
17930.0,36,13,4275.22,49.140459770114944,3795,9,2010-03-04 10:41:00,2011-11-04 10:23:00,0
17931.0,134,14,3402.2400000000002,9.692991452991453,1919,8,2010-02-16 15:47:00,2011-07-28 18:33:00,0
17932.0,29,3,1331.57,14.795222222222222,789,3,2011-05-12 13:58:00,2011-11-10 19:49:00,0
17933.0,632,1,114.69,8.192142857142857,63,1,2010-03-17 15:11:00,2010-03-17 15:11:00,1
17934.0,52,3,1049.15,25.589024390243903,628,1,2010-10-29 12:23:00,2011-10-19 11:16:00,0
17935.0,138,7,686.14,10.7209375,244,5,2009-12-04 14:33:00,2011-07-24 13:18:00,0
17936.0,5,1,380.13,5.279583333333333,257,1,2011-12-04 13:32:00,2011-12-04 13:32:00,0
17937.0,9,7,4301.22,100.02837209302326,1754,5,2010-12-12 14:43:00,2011-12-01 11:45:00,0
17938.0,420,1,144.29,4.97551724137931,53,1,2010-10-15 14:27:00,2010-10-15 14:27:00,1
17939.0,160,1,99.14,8.261666666666667,40,1,2011-07-03 12:27:00,2011-07-03 12:27:00,0
17940.0,49,16,30306.79,865.9082857142857,85148,10,2009-12-03 12:31:00,2011-10-21 13:27:00,0
17941.0,131,4,1433.28,204.75428571428571,1108,4,2010-01-06 15:37:00,2011-08-01 08:30:00,0
17942.0,8,1,77.50000000000001,38.75000000000001,38,1,2011-12-02 10:45:00,2011-12-02 10:45:00,0
17944.0,423,1,74.99,2.9995999999999996,84,1,2010-10-12 16:25:00,2010-10-12 16:25:00,1
17945.0,697,3,360.35,5.004861111111111,244,1,2010-01-12 11:33:00,2010-01-12 11:40:00,1
17946.0,233,2,149.57999999999998,7.478999999999999,75,2,2011-03-25 14:34:00,2011-04-20 17:00:00,1
17947.0,37,1,176.68,19.63111111111111,168,1,2011-11-02 13:05:00,2011-11-02 13:05:00,0
17948.0,147,1,358.56000000000006,358.56000000000006,144,1,2011-07-15 12:58:00,2011-07-15 12:58:00,0
17949.0,1,118,117314.08,752.0133333333333,60538,12,2009-12-02 11:07:00,2011-12-08 18:46:00,0
17950.0,72,7,1166.29,7.068424242424242,659,6,2010-01-04 17:39:00,2011-09-28 15:18:00,0
17951.0,40,4,1340.5800000000002,47.877857142857145,780,2,2010-10-31 15:15:00,2011-10-31 12:30:00,0
17952.0,378,4,788.46,8.045510204081634,477,2,2010-06-16 11:54:00,2010-11-26 13:54:00,1
17953.0,540,1,159.17000000000002,7.958500000000001,98,1,2010-06-17 15:08:00,2010-06-17 15:08:00,1
17954.0,5,19,3804.38,5.1202960969044415,3180,9,2009-12-09 13:22:00,2011-12-04 14:15:00,0
17955.0,199,6,949.9,43.17727272727273,681,2,2010-02-12 16:27:00,2011-05-25 12:00:00,1
17956.0,249,1,12.75,12.75,1,1,2011-04-04 13:47:00,2011-04-04 13:47:00,1
17957.0,66,1,111.68,3.6025806451612907,287,1,2011-10-04 14:58:00,2011-10-04 14:58:00,0
17958.0,117,2,973.88,27.052222222222223,284,2,2009-12-11 15:37:00,2011-08-15 12:19:00,0
17959.0,592,1,140.75,70.375,49,1,2010-04-26 14:12:00,2010-04-26 14:12:00,1
17960.0,171,3,135.08,3.6508108108108113,60,3,2010-03-08 12:22:00,2011-06-21 14:15:00,0
17961.0,21,100,2866.74,4.550380952380952,1491,12,2009-12-01 14:48:00,2011-11-18 16:55:00,0
17962.0,142,4,666.96,3.6445901639344265,633,3,2010-01-13 15:24:00,2011-07-20 14:16:00,0
17963.0,471,4,643.16,5.900550458715596,341,4,2010-01-19 17:25:00,2010-08-25 15:58:00,1
17964.0,32,2,463.21,4.726632653061224,294,2,2010-12-02 13:32:00,2011-11-08 10:44:00,0
17965.0,38,29,7006.65,8.576070991432069,4383,11,2009-12-14 13:19:00,2011-11-02 09:31:00,0
17966.0,38,10,1963.92,17.37982300884956,3918,6,2010-01-18 13:24:00,2011-11-02 10:26:00,0
17967.0,372,2,223.42,3.6626229508196717,111,2,2010-10-19 13:19:00,2010-12-03 11:19:00,1
17968.0,374,4,590.44,4.6128125,352,3,2010-07-15 15:01:00,2010-12-01 12:23:00,1
17969.0,166,20,2354.29,11.540637254901961,1014,8,2009-12-06 13:53:00,2011-06-26 13:00:00,0
17970.0,211,1,562.79,19.40655172413793,513,1,2011-05-12 20:03:00,2011-05-12 20:03:00,1
17971.0,548,1,161.94,7.711428571428572,62,1,2010-06-09 14:04:00,2010-06-09 14:04:00,1
17972.0,242,1,135.19,4.506333333333333,36,1,2011-04-12 12:16:00,2011-04-12 12:16:00,1
17973.0,52,1,337.04,22.469333333333335,176,1,2011-10-19 10:34:00,2011-10-19 10:34:00,0
17974.0,25,6,1739.09,4.817423822714681,1189,3,2010-10-28 20:03:00,2011-11-15 11:37:00,0
17975.0,15,24,6696.33,14.36980686695279,2179,11,2010-08-06 11:24:00,2011-11-24 13:27:00,0
17976.0,372,1,321.79,5.645438596491228,93,1,2010-12-02 13:49:00,2010-12-02 13:49:00,1
17977.0,29,2,1511.45,14.533173076923077,1948,1,2010-11-04 14:26:00,2011-11-10 13:28:00,0
17978.0,365,4,1159.99,17.313283582089554,1297,3,2009-12-08 13:27:00,2010-12-09 14:05:00,1
17979.0,36,4,732.41,5.30731884057971,383,3,2011-03-25 11:34:00,2011-11-04 12:05:00,0
17980.0,166,4,1012.72,16.601967213114754,771,4,2010-11-11 14:42:00,2011-06-27 12:01:00,0
17981.0,411,1,239.12,14.065882352941177,260,1,2010-10-25 10:40:00,2010-10-25 10:40:00,1
17982.0,681,1,138.18,10.62923076923077,117,1,2010-01-28 09:38:00,2010-01-28 09:38:00,1
17983.0,395,1,171.71,7.154583333333334,108,1,2010-11-09 13:23:00,2010-11-09 13:24:00,1
17984.0,145,5,1152.19,4.761115702479339,939,4,2009-12-01 11:51:00,2011-07-17 15:59:00,0
17985.0,22,1,631.35,30.064285714285717,171,1,2011-11-17 14:24:00,2011-11-17 14:24:00,0
17986.0,56,1,20.8,20.8,10,1,2011-10-14 14:22:00,2011-10-14 14:22:00,0
17987.0,185,5,965.4399999999999,5.886829268292683,981,2,2010-06-07 11:23:00,2011-06-07 14:22:00,1
17988.0,12,14,489.54,3.98,186,5,2009-12-07 13:35:00,2011-11-28 11:00:00,0
17989.0,379,1,207.33,7.149310344827587,300,1,2010-11-25 13:49:00,2010-11-25 13:49:00,1
17990.0,237,6,1527.6100000000001,26.800175438596494,777,4,2009-12-07 15:19:00,2011-04-17 11:44:00,1
17991.0,225,3,300.3,7.902631578947369,93,1,2010-04-27 12:46:00,2011-04-28 15:58:00,1
17992.0,389,1,252.88,4.863076923076923,130,1,2010-11-15 13:04:00,2010-11-15 13:04:00,1
17993.0,617,1,225.99,3.7665,108,1,2010-04-01 14:23:00,2010-04-01 14:23:00,1
17994.0,122,11,2270.0299999999997,7.418398692810457,2181,8,2010-03-29 10:37:00,2011-08-10 11:41:00,0
17995.0,282,3,495.48,17.08551724137931,263,2,2010-11-17 17:01:00,2011-03-03 12:30:00,1
17996.0,380,3,482.33,7.1989552238805965,587,2,2010-06-11 11:48:00,2010-11-25 11:00:00,1
17997.0,74,8,1962.46,11.966219512195122,2273,3,2011-06-28 17:28:00,2011-09-26 16:13:00,0
17998.0,380,3,639.24,11.021379310344829,561,2,2009-12-01 13:07:00,2010-11-24 15:31:00,1
17999.0,37,3,528.46,3.9437313432835825,286,2,2010-11-26 13:16:00,2011-11-02 15:56:00,0
18000.0,564,1,124.25,20.708333333333332,109,1,2010-05-24 17:34:00,2010-05-24 17:34:00,1
18001.0,12,6,924.14,7.001060606060606,874,4,2009-12-02 15:38:00,2011-11-27 16:02:00,0
18002.0,376,4,244.37,4.610754716981132,71,4,2009-12-08 11:07:00,2010-11-29 10:57:00,1
18003.0,376,1,353.51,15.37,297,1,2010-11-28 15:09:00,2010-11-28 15:09:00,1
18004.0,362,1,157.92,4.268108108108108,75,1,2010-12-12 13:47:00,2010-12-12 13:47:00,1
18005.0,4,2,226.47,4.273018867924528,86,2,2011-10-23 14:40:00,2011-12-06 11:51:00,0
18006.0,23,4,969.51,15.389047619047618,395,3,2009-12-17 12:27:00,2011-11-16 16:52:00,0
18007.0,393,1,215.22,4.3044,246,1,2010-11-12 11:08:00,2010-11-12 11:08:00,1
18008.0,70,23,19759.079999999998,203.70185567010307,7825,8,2010-01-06 12:35:00,2011-09-30 15:17:00,0
18009.0,235,8,2144.23,11.978938547486033,651,5,2010-02-25 11:49:00,2011-04-18 13:36:00,1
18010.0,257,1,174.8,12.485714285714286,60,1,2011-03-28 12:27:00,2011-03-28 12:27:00,1
18011.0,373,2,410.79,6.520476190476191,125,2,2010-05-21 13:28:00,2010-12-01 17:35:00,1
18012.0,723,1,115.3,8.86923076923077,63,1,2009-12-16 13:16:00,2009-12-16 13:16:00,1
18013.0,155,2,187.29,6.041612903225806,285,1,2011-07-07 14:08:00,2011-07-07 14:11:00,0
18014.0,28,1,162.22,5.407333333333333,66,1,2011-11-11 15:28:00,2011-11-11 15:28:00,0
18015.0,4,1,120.03,2.6093478260869567,157,1,2011-12-05 14:49:00,2011-12-05 14:49:00,0
18016.0,32,7,1954.56,11.565443786982248,1207,6,2010-01-27 16:00:00,2011-11-07 13:25:00,0
18017.0,81,4,688.0,172.0,400,4,2010-10-04 15:11:00,2011-09-19 16:15:00,0
18018.0,108,4,297.99,6.7725,186,4,2010-10-15 11:05:00,2011-08-23 17:37:00,0
18019.0,52,1,38.45,7.69,7,1,2011-10-19 12:10:00,2011-10-19 12:10:00,0
18020.0,544,1,190.48000000000002,15.873333333333335,67,1,2010-06-14 12:31:00,2010-06-14 12:31:00,1
18021.0,510,2,216.41,6.7628125,168,1,2010-07-15 18:47:00,2010-07-18 10:52:00,1
18022.0,36,5,1507.25,3.546470588235294,1311,3,2010-06-11 13:59:00,2011-11-04 12:45:00,0
18024.0,153,2,389.78,18.56095238095238,184,1,2011-07-10 12:28:00,2011-07-10 12:40:00,0
18025.0,380,6,1177.72,10.515357142857143,1053,4,2010-03-30 17:33:00,2010-11-25 12:37:00,1
18026.0,501,2,2074.07,122.00411764705883,530,1,2010-07-22 16:21:00,2010-07-27 10:37:00,1
18027.0,99,1,115.31,5.490952380952381,78,1,2011-09-02 10:38:00,2011-09-02 10:38:00,0
18028.0,583,1,192.05,48.0125,133,1,2010-05-05 13:28:00,2010-05-05 13:28:00,1
18029.0,642,1,433.77,24.098333333333333,253,1,2010-03-07 15:30:00,2010-03-07 15:30:00,1
18030.0,4,2,230.64999999999998,25.627777777777776,67,2,2011-10-28 13:55:00,2011-12-05 16:37:00,0
18031.0,379,1,451.3,7.163492063492064,298,1,2010-11-26 11:00:00,2010-11-26 11:00:00,1
18032.0,334,1,73.5,14.7,42,1,2011-01-09 15:32:00,2011-01-09 15:32:00,1
18033.0,65,1,93.82000000000001,2.8430303030303032,252,1,2011-10-05 17:28:00,2011-10-05 17:28:00,0
18034.0,22,3,754.2,3.524299065420561,951,1,2010-11-29 12:36:00,2011-11-18 12:22:00,0
18035.0,36,5,1260.23,22.109298245614035,1134,2,2010-11-19 13:42:00,2011-11-04 12:39:00,0
18036.0,32,11,1545.49,4.740766871165644,741,8,2009-12-18 12:04:00,2011-11-07 14:40:00,0
18037.0,154,15,167.42,5.073333333333333,37,7,2009-12-01 13:48:00,2011-07-08 13:39:00,0
18038.0,556,1,141.48,5.239999999999999,80,1,2010-06-01 15:59:00,2010-06-01 15:59:00,1
18039.0,374,4,548.22,3.469746835443038,555,4,2010-03-09 11:19:00,2010-11-30 13:07:00,1
18040.0,19,2,357.20000000000005,18.8,148,2,2011-04-08 08:27:00,2011-11-20 14:20:00,0
18041.0,12,38,8018.7699999999995,9.637944711538461,7316,12,2010-01-14 10:04:00,2011-11-28 11:39:00,0
18042.0,54,2,281.15,17.571875,69,2,2010-06-16 10:53:00,2011-10-17 11:49:00,0
18043.0,25,3,529.29,4.6025217391304345,265,3,2010-12-08 12:35:00,2011-11-15 12:48:00,0
18044.0,4,18,3505.61,17.52805,1598,8,2010-05-28 15:31:00,2011-12-05 14:26:00,0
18045.0,45,1,178.34,4.147441860465117,138,1,2011-10-25 13:07:00,2011-10-25 13:07:00,0
18046.0,650,1,189.63,7.293461538461538,44,1,2010-02-28 11:36:00,2010-02-28 11:36:00,1
18047.0,381,2,326.09,3.9287951807228914,130,1,2010-11-23 12:57:00,2010-11-23 13:11:00,1
18048.0,203,3,394.93,6.693728813559322,256,2,2010-08-03 13:03:00,2011-05-20 14:58:00,1
18049.0,437,2,500.92,5.757701149425287,402,2,2010-04-28 13:24:00,2010-09-28 14:26:00,1
18050.0,359,2,412.06,17.915652173913042,250,2,2010-11-11 15:51:00,2010-12-15 14:25:00,1
18051.0,634,7,2282.28,41.496,1661,4,2009-12-09 12:17:00,2010-03-15 13:58:00,1
18052.0,565,1,10877.18,679.82375,17766,1,2010-05-24 11:11:00,2010-05-24 11:11:00,1
18053.0,71,3,571.07,17.8459375,409,3,2010-06-30 12:36:00,2011-09-30 09:05:00,0
18054.0,393,1,176.5,16.045454545454547,96,1,2010-11-12 08:18:00,2010-11-12 08:18:00,1
18055.0,7,14,10142.64,19.029343339587243,3534,7,2010-10-22 13:27:00,2011-12-02 14:25:00,0
18056.0,288,2,554.6,18.486666666666668,334,2,2010-03-31 12:29:00,2011-02-24 14:27:00,1
18057.0,393,3,1188.46,8.869104477611941,970,3,2010-01-18 12:42:00,2010-11-11 16:55:00,1
18058.0,10,3,774.06,48.37875,394,3,2010-02-10 09:38:00,2011-11-30 08:38:00,0
18059.0,23,3,306.46,17.025555555555556,258,2,2011-10-03 09:30:00,2011-11-16 16:49:00,0
18060.0,408,2,1185.46,15.806133333333333,902,2,2010-05-24 08:34:00,2010-10-27 16:41:00,1
18061.0,22,28,6083.81,49.867295081967214,3359,11,2009-12-04 11:36:00,2011-11-18 11:20:00,0
18062.0,173,6,1632.67,30.23462962962963,831,6,2010-04-21 08:55:00,2011-06-19 14:47:00,0
18063.0,391,2,186.60000000000002,62.20000000000001,48,2,2010-03-16 13:05:00,2010-11-14 10:46:00,1
18064.0,133,11,4481.83,70.02859375,2685,6,2010-02-01 15:01:00,2011-07-29 16:39:00,0
18065.0,6,29,5866.63,18.924612903225807,2265,11,2009-12-09 16:00:00,2011-12-04 10:30:00,0
18066.0,75,3,1440.4,27.17735849056604,535,3,2010-10-20 11:42:00,2011-09-25 15:30:00,0
18067.0,40,1,396.33,10.711621621621621,189,1,2011-10-30 15:58:00,2011-10-30 15:58:00,0
18068.0,289,1,101.7,101.7,6,1,2011-02-23 14:50:00,2011-02-23 14:50:00,1
18069.0,26,11,4464.92,4.603010309278351,3168,7,2010-02-28 16:14:00,2011-11-13 16:03:00,0
18070.0,669,1,314.1,34.900000000000006,86,1,2010-02-08 13:28:00,2010-02-08 13:28:00,1
18071.0,258,6,1169.68,16.474366197183098,678,3,2009-12-05 10:31:00,2011-03-27 11:59:00,1
18072.0,186,1,247.44,13.746666666666666,288,1,2011-06-07 10:44:00,2011-06-07 10:44:00,1
18073.0,114,12,3859.82,53.60861111111112,3102,4,2011-05-26 19:38:00,2011-08-17 14:02:00,0
18074.0,374,2,1019.44,23.707906976744187,361,2,2010-07-22 10:31:00,2010-12-01 09:53:00,1
18075.0,23,20,5783.29,17.904922600619194,3281,11,2010-07-29 11:47:00,2011-11-16 15:21:00,0
18076.0,380,1,151.49,18.93625,164,1,2010-11-24 14:02:00,2010-11-24 14:02:00,1
18077.0,8,18,4078.79,11.554645892351274,3020,9,2009-12-07 11:40:00,2011-12-01 13:32:00,0
18078.0,217,4,725.53,9.93876712328767,370,3,2010-03-21 15:50:00,2011-05-06 14:32:00,1
18079.0,45,5,4203.93,30.911250000000003,8730,3,2010-08-05 12:19:00,2011-10-25 15:27:00,0
18080.0,19,2,1231.5,615.75,642,2,2011-04-11 10:10:00,2011-11-21 08:02:00,0
18081.0,36,3,343.45,20.20294117647059,195,3,2011-07-29 11:56:00,2011-11-03 16:30:00,0
18082.0,26,1,680.84,9.726285714285714,608,1,2011-11-14 12:45:00,2011-11-14 12:45:00,0
18083.0,398,1,463.53,11.588249999999999,268,1,2010-11-07 11:44:00,2010-11-07 11:44:00,1
18084.0,16,3,795.23,113.60428571428572,755,1,2010-11-16 08:09:00,2011-11-23 13:57:00,0
18085.0,330,4,1341.8500000000001,21.642741935483873,507,4,2010-03-21 11:57:00,2011-01-13 15:17:00,1
18086.0,274,1,101.34,14.477142857142857,106,1,2011-03-10 13:34:00,2011-03-10 13:34:00,1
18087.0,98,17,14761.52,167.74454545454546,7775,8,2009-12-01 09:43:00,2011-09-02 15:12:00,0
18088.0,61,1,166.03,4.487297297297298,107,1,2011-10-09 13:41:00,2011-10-09 13:41:00,0
18089.0,447,1,428.45,42.845,95,1,2010-09-19 11:57:00,2010-09-19 11:57:00,1
18090.0,422,1,321.9,5.96111111111111,307,1,2010-10-14 12:32:00,2010-10-14 12:32:00,1
18091.0,593,1,360.85,14.434000000000001,539,1,2010-04-25 13:18:00,2010-04-25 13:18:00,1
18092.0,2,18,14693.720000000001,104.95514285714286,8298,9,2009-12-04 12:37:00,2011-12-07 13:14:00,0
18093.0,93,8,4452.71,72.99524590163935,3429,5,2010-03-31 10:27:00,2011-09-07 15:43:00,0
18094.0,82,13,6391.52,50.72634920634921,4164,6,2010-01-07 11:16:00,2011-09-19 09:28:00,0
18095.0,313,5,2303.09,47.98104166666667,1623,4,2010-04-19 14:09:00,2011-01-31 12:50:00,1
18096.0,12,6,1657.87,4.240076726342711,1409,4,2010-07-14 14:30:00,2011-11-28 12:44:00,0
18097.0,8,11,4627.92,29.666153846153847,2716,7,2009-12-17 11:06:00,2011-12-02 11:16:00,0
18098.0,396,1,527.94,6.138837209302326,215,1,2010-11-08 16:31:00,2010-11-08 16:31:00,1
18099.0,127,1,168.31,8.858421052631579,149,1,2011-08-04 15:52:00,2011-08-04 15:52:00,0
18100.0,550,1,451.56,15.052,440,1,2010-06-07 14:19:00,2010-06-07 14:19:00,1
18101.0,11,5,622.01,5.70651376146789,247,3,2010-02-03 13:52:00,2011-11-28 13:37:00,0
18102.0,1,145,580987.04,558.6413846153846,181645,12,2009-12-01 09:24:00,2011-12-09 11:50:00,0
18103.0,549,1,105.8,10.58,23,1,2010-06-08 13:36:00,2010-06-08 13:36:00,1
18104.0,37,1,754.64,19.858947368421052,362,1,2011-11-02 14:07:00,2011-11-02 14:07:00,0
18105.0,38,1,113.48000000000002,6.304444444444446,46,1,2011-11-02 12:04:00,2011-11-02 12:04:00,0
18106.0,330,6,1441.06,7.5448167539267015,506,3,2010-01-15 11:36:00,2011-01-14 12:23:00,1
18107.0,442,1,165.88,4.365263157894737,65,1,2010-09-23 13:03:00,2010-09-23 13:03:00,1
18108.0,254,3,848.8100000000001,18.059787234042556,261,3,2009-12-02 12:47:00,2011-03-30 13:56:00,1
18109.0,2,38,9555.71,14.61117737003058,4822,12,2010-07-01 12:13:00,2011-12-08 11:36:00,0
18110.0,20,2,392.28000000000003,5.448333333333334,169,2,2010-10-24 14:21:00,2011-11-20 12:34:00,0
18111.0,589,1,405.85,15.031481481481482,232,1,2010-04-29 12:58:00,2010-04-29 12:58:00,1
18112.0,12,4,773.36,12.473548387096775,443,3,2010-06-06 12:40:00,2011-11-27 14:43:00,0
18113.0,369,1,76.32000000000001,76.32000000000001,72,1,2010-12-06 12:31:00,2010-12-06 12:31:00,1
18114.0,290,1,220.1,7.860714285714286,55,1,2011-02-22 13:20:00,2011-02-22 13:20:00,1
18115.0,698,1,9.700000000000001,3.233333333333334,3,1,2010-01-11 11:57:00,2010-01-11 11:57:00,1
18116.0,68,13,2134.4900000000002,3.784556737588653,1267,5,2010-10-24 15:29:00,2011-10-03 11:00:00,0
18117.0,26,1,315.65,4.384027777777778,605,1,2011-11-14 12:47:00,2011-11-14 12:47:00,0
18118.0,11,29,6221.02,4.350363636363637,3184,11,2010-11-23 13:36:00,2011-11-29 11:32:00,0
18119.0,368,1,180.7,6.23103448275862,124,1,2010-12-07 11:59:00,2010-12-07 11:59:00,1
18120.0,214,1,111.15,6.538235294117648,31,1,2011-05-09 13:45:00,2011-05-09 13:45:00,1
18121.0,149,2,653.3000000000001,21.0741935483871,438,1,2011-07-08 12:14:00,2011-07-13 12:53:00,0
18122.0,8,6,1793.06,5.022577030812325,1225,5,2011-07-12 11:37:00,2011-12-01 13:08:00,0
18123.0,24,3,666.64,11.904285714285715,616,2,2010-07-14 12:47:00,2011-11-15 14:23:00,0
18124.0,472,1,102.65,5.1325,47,1,2010-08-24 17:21:00,2010-08-24 17:21:00,1
18125.0,30,4,1131.75,5.89453125,800,4,2011-01-27 15:02:00,2011-11-10 12:29:00,0
18126.0,61,1,200.92,3.8638461538461537,135,1,2011-10-10 12:19:00,2011-10-10 12:19:00,0
18127.0,19,4,556.13,8.30044776119403,250,2,2010-11-01 13:56:00,2011-11-20 14:05:00,0
18128.0,537,1,399.29,9.506904761904762,216,1,2010-06-20 13:19:00,2010-06-20 13:19:00,1
18129.0,243,1,112.55000000000001,8.039285714285715,48,1,2011-04-10 14:16:00,2011-04-10 14:16:00,1
18130.0,15,3,1059.39,15.134142857142859,824,2,2011-10-13 15:58:00,2011-11-24 14:40:00,0
18131.0,632,1,222.95999999999998,55.739999999999995,552,1,2010-03-18 08:48:00,2010-03-18 08:48:00,1
18132.0,504,1,220.13,3.5504838709677418,212,1,2010-07-23 16:54:00,2010-07-23 16:54:00,1
18133.0,212,1,931.5,931.5,1350,1,2011-05-11 14:14:00,2011-05-11 14:14:00,1
18134.0,598,2,445.0,15.892857142857142,128,2,2010-01-14 11:59:00,2010-04-20 14:02:00,1
18135.0,29,10,1249.6200000000001,33.773513513513514,753,7,2010-03-15 13:55:00,2011-11-10 19:32:00,0
18136.0,63,5,1631.3600000000001,18.53818181818182,860,4,2010-09-14 15:50:00,2011-10-07 15:40:00,0
18137.0,551,2,145.99,5.034137931034483,59,1,2010-06-06 13:45:00,2010-06-06 14:18:00,1
18138.0,295,1,152.65,19.08125,38,1,2011-02-17 14:51:00,2011-02-17 14:51:00,1
18139.0,18,6,8438.34,53.07132075471698,5557,1,2011-11-21 14:06:00,2011-11-22 10:44:00,0
18140.0,474,1,536.41,9.933518518518518,395,1,2010-08-23 11:58:00,2010-08-23 11:58:00,1
18141.0,402,2,882.47,21.011190476190478,433,2,2010-04-29 15:32:00,2010-11-03 11:44:00,1
18142.0,157,2,1019.52,67.968,1276,2,2011-05-08 12:31:00,2011-07-05 13:19:00,0
18143.0,117,2,1000.16,16.396065573770493,570,2,2011-07-21 10:44:00,2011-08-15 12:07:00,0
18144.0,8,19,4892.95,58.249404761904756,2144,11,2009-12-16 15:57:00,2011-12-02 12:46:00,0
18145.0,13,11,5609.74,13.95457711442786,5104,8,2009-12-08 12:30:00,2011-11-27 11:22:00,0
18146.0,141,2,160.35,16.035,153,2,2011-05-03 16:35:00,2011-07-22 12:08:00,0
18147.0,46,2,179.34,25.62,203,2,2011-08-23 12:22:00,2011-10-25 11:46:00,0
18148.0,647,1,112.85000000000001,11.285,63,1,2010-03-03 11:40:00,2010-03-03 11:40:00,1
18149.0,51,7,1553.96,17.076483516483517,869,5,2010-03-14 12:41:00,2011-10-20 12:04:00,0
18150.0,32,3,566.58,15.312972972972974,332,3,2011-05-22 10:47:00,2011-11-07 16:49:00,0
18151.0,135,6,1879.44,17.730566037735848,986,6,2010-03-04 10:47:00,2011-07-28 11:35:00,0
18152.0,646,1,426.69,42.669,75,1,2010-03-03 15:26:00,2010-03-03 15:26:00,1
18153.0,659,1,246.22,14.483529411764707,200,1,2010-02-18 15:50:00,2010-02-18 15:50:00,1
18154.0,3,5,932.6,19.842553191489362,626,4,2010-08-06 09:18:00,2011-12-06 16:41:00,0
18155.0,75,3,371.62,14.8648,266,3,2011-02-21 10:36:00,2011-09-25 13:32:00,0
18156.0,13,2,675.64,5.538032786885246,283,2,2010-12-05 12:29:00,2011-11-27 12:24:00,0
18157.0,571,1,213.9,8.556000000000001,145,1,2010-05-17 14:09:00,2010-05-17 14:09:00,1
18158.0,9,2,453.4,13.335294117647058,354,2,2011-09-12 09:03:00,2011-11-30 16:19:00,0
18159.0,301,1,530.15,23.05,139,1,2011-02-11 14:26:00,2011-02-11 14:26:00,1
18160.0,57,3,1003.88,15.444307692307692,519,3,2010-11-18 16:33:00,2011-10-13 15:50:00,0
18161.0,15,6,1803.1000000000001,19.388172043010755,965,5,2010-11-25 15:55:00,2011-11-24 16:40:00,0
18162.0,732,1,371.51,8.076304347826087,332,1,2009-12-07 13:24:00,2009-12-07 13:24:00,1
18163.0,584,1,728.84,22.086060606060606,452,1,2010-05-04 14:51:00,2010-05-04 14:51:00,1
18164.0,37,1,399.65,16.652083333333334,184,1,2011-11-02 12:56:00,2011-11-02 12:56:00,0
18165.0,177,1,302.46,30.246,254,1,2011-06-15 13:23:00,2011-06-15 13:23:00,0
18166.0,624,1,175.5,17.55,90,1,2010-03-26 12:26:00,2010-03-26 12:26:00,1
18167.0,23,3,1384.8600000000001,37.428648648648654,382,2,2011-08-26 11:40:00,2011-11-16 15:56:00,0
18168.0,176,16,3435.5,9.46418732782369,1995,8,2009-12-03 17:29:00,2011-06-16 19:21:00,0
18169.0,61,1,202.65,22.516666666666666,61,1,2011-10-10 12:18:00,2011-10-10 12:18:00,0
18170.0,33,9,2878.0,22.841269841269842,1184,7,2010-01-08 14:10:00,2011-11-06 14:35:00,0
18171.0,59,9,2437.31,26.4925,991,8,2010-01-05 10:46:00,2011-10-12 09:13:00,0
18172.0,15,52,17467.24,36.77313684210527,7407,11,2009-12-11 09:58:00,2011-11-25 11:12:00,0
18173.0,87,5,2696.36,59.919111111111114,1730,4,2010-04-06 10:43:00,2011-09-14 11:26:00,0
18174.0,7,2,162.5,81.25,80,2,2010-04-15 12:17:00,2011-12-02 16:56:00,0
18175.0,676,1,176.10000000000002,25.157142857142862,70,1,2010-02-02 10:25:00,2010-02-02 10:25:00,1
18176.0,358,1,476.35,15.878333333333334,283,1,2010-12-16 15:45:00,2010-12-16 15:45:00,1
18177.0,31,9,2216.32,22.38707070707071,1238,6,2009-12-15 18:57:00,2011-11-08 14:44:00,0
18178.0,129,11,6103.74,17.43925714285714,3850,9,2010-02-18 14:25:00,2011-08-03 09:30:00,0
18179.0,9,8,2547.55,23.372018348623854,1811,7,2010-02-14 15:51:00,2011-11-30 16:23:00,0
18180.0,5,6,1843.75,15.493697478991596,1721,4,2011-07-20 08:59:00,2011-12-05 08:39:00,0
18181.0,24,5,1188.34,6.676067415730337,510,3,2009-12-04 15:30:00,2011-11-15 15:08:00,0
18182.0,463,1,291.13,29.113,167,1,2010-09-02 14:25:00,2010-09-02 14:25:00,1
18183.0,227,2,632.07,17.082972972972975,371,2,2011-03-10 10:08:00,2011-04-26 15:26:00,1
18184.0,15,1,49.8,49.8,60,1,2011-11-24 15:28:00,2011-11-24 15:28:00,0
18185.0,249,1,304.25,17.897058823529413,183,1,2011-04-04 13:42:00,2011-04-04 13:42:00,1
18186.0,723,1,329.58000000000004,29.961818181818185,338,1,2009-12-17 10:22:00,2009-12-17 10:22:00,1
18187.0,632,1,724.89,15.101875,310,1,2010-03-18 09:49:00,2010-03-18 09:49:00,1
18188.0,15,6,3280.59,24.66609022556391,1888,6,2010-03-26 11:37:00,2011-11-24 16:46:00,0
18189.0,78,3,1403.73,16.322441860465116,836,2,2010-03-24 09:57:00,2011-09-23 12:40:00,0
18190.0,192,5,745.62,17.752857142857142,490,4,2009-12-22 12:05:00,2011-05-31 14:48:00,1
18191.0,262,2,529.4,35.29333333333333,332,2,2010-08-19 17:42:00,2011-03-23 12:08:00,1
18192.0,72,1,957.97,21.288222222222224,339,1,2011-09-29 09:53:00,2011-09-29 09:53:00,0
18193.0,165,3,1207.3500000000001,17.247857142857146,926,3,2010-09-23 13:33:00,2011-06-27 13:58:00,0
18194.0,82,6,4162.04,148.6442857142857,1774,5,2010-01-28 15:30:00,2011-09-18 13:29:00,0
18195.0,387,1,101.16,20.232,60,1,2010-11-17 15:03:00,2010-11-17 15:03:00,1
18196.0,95,4,1457.19,5.260613718411553,1038,4,2010-03-17 14:55:00,2011-09-05 16:22:00,0
18197.0,576,1,230.1,25.566666666666666,166,1,2010-05-13 10:46:00,2010-05-13 10:46:00,1
18198.0,4,17,5425.56,34.12301886792453,4074,11,2011-01-07 13:39:00,2011-12-05 14:49:00,0
18199.0,684,1,344.75,17.2375,99,1,2010-01-25 11:32:00,2010-01-25 11:32:00,1
18200.0,106,1,150.35,5.011666666666667,104,1,2011-08-25 18:45:00,2011-08-25 18:45:00,0
18201.0,723,1,447.53000000000003,16.575185185185187,191,1,2009-12-17 08:55:00,2009-12-17 08:55:00,1
18202.0,200,3,1396.99,20.543970588235293,581,2,2011-02-01 13:36:00,2011-05-24 12:12:00,1
18203.0,157,4,492.52,8.34779661016949,111,4,2009-12-08 13:19:00,2011-07-05 13:07:00,0
18204.0,71,3,1975.3500000000001,10.28828125,1190,3,2011-05-31 15:26:00,2011-09-29 16:44:00,0
18205.0,36,2,517.36,16.1675,192,2,2011-09-26 12:02:00,2011-11-03 13:22:00,0
18206.0,553,1,314.65999999999997,16.561052631578946,246,1,2010-06-04 13:47:00,2010-06-04 13:47:00,1
18207.0,499,1,544.47,17.563548387096777,325,1,2010-07-28 14:26:00,2010-07-28 14:26:00,1
18208.0,566,1,360.08,21.181176470588234,82,1,2010-05-23 11:54:00,2010-05-23 11:54:00,1
18209.0,29,1,139.10000000000002,17.387500000000003,58,1,2011-11-11 12:07:00,2011-11-11 12:07:00,0
18210.0,2,7,2768.83,19.22798611111111,1499,4,2010-11-22 09:39:00,2011-12-08 11:02:00,0
18211.0,26,5,600.07,14.287380952380953,359,5,2011-03-06 12:09:00,2011-11-14 08:10:00,0
18212.0,326,2,514.37,11.18195652173913,158,1,2010-01-31 14:42:00,2011-01-17 16:14:00,1
18213.0,237,1,232.48000000000002,15.498666666666669,232,1,2011-04-17 10:21:00,2011-04-17 10:21:00,1
18214.0,531,4,1780.34,30.69551724137931,989,1,2010-06-03 19:47:00,2010-06-27 11:21:00,1
18215.0,89,5,2232.4900000000002,25.084157303370787,1131,4,2010-03-26 13:03:00,2011-09-11 16:05:00,0
18216.0,31,1,481.75,18.528846153846153,200,1,2011-11-08 16:55:00,2011-11-08 16:55:00,0
18217.0,29,4,945.04,23.625999999999998,740,3,2010-07-01 15:39:00,2011-11-10 13:18:00,0
18218.0,211,4,1121.84,29.522105263157894,1028,4,2010-02-17 15:11:00,2011-05-12 12:53:00,1
18219.0,3,17,3352.7000000000003,17.64578947368421,1586,11,2009-12-07 13:17:00,2011-12-07 11:43:00,0
18220.0,227,6,1921.76,76.8704,1352,6,2009-12-15 11:42:00,2011-04-27 09:03:00,1
18221.0,22,6,1424.94,16.96357142857143,1000,5,2010-11-14 15:46:00,2011-11-17 14:40:00,0
18222.0,93,1,443.0,23.31578947368421,335,1,2011-09-08 10:45:00,2011-09-08 10:45:00,0
18223.0,5,26,14000.85,24.30703125,6644,11,2009-12-04 12:20:00,2011-12-05 09:11:00,0
18224.0,264,1,158.95000000000002,15.895000000000001,69,1,2011-03-21 10:30:00,2011-03-21 10:30:00,1
18225.0,3,26,13014.8,22.753146853146852,7282,11,2009-12-04 16:52:00,2011-12-06 13:27:00,0
18226.0,44,26,11878.88,22.497878787878786,7883,10,2010-03-05 10:05:00,2011-10-26 13:36:00,0
18227.0,218,2,388.75,64.79166666666667,22,2,2010-08-12 16:45:00,2011-05-06 12:23:00,1
18228.0,57,2,779.9,25.996666666666666,238,2,2011-09-21 10:48:00,2011-10-14 09:21:00,0
18229.0,12,28,10150.51,50.50004975124378,3071,12,2009-12-03 14:42:00,2011-11-28 09:48:00,0
18230.0,9,9,4291.06,30.650428571428574,1996,7,2010-07-02 10:01:00,2011-11-30 13:22:00,0
18231.0,192,28,6854.17,17.896005221932114,2915,9,2010-01-10 12:13:00,2011-05-31 14:18:00,1
18232.0,82,4,592.97,16.026216216216216,302,3,2011-05-26 16:30:00,2011-09-19 11:49:00,0
18233.0,326,1,440.0,440.0,4,1,2011-01-18 08:44:00,2011-01-18 08:44:00,1
18234.0,552,1,179.6,5.986666666666666,80,1,2010-06-06 11:22:00,2010-06-06 11:22:00,1
18235.0,72,3,1796.48,17.273846153846154,1578,3,2011-05-06 13:35:00,2011-09-29 08:27:00,0
18236.0,30,12,1795.3500000000001,18.319897959183674,696,7,2010-04-15 13:39:00,2011-11-10 08:06:00,0
18237.0,3,5,987.1,16.181967213114753,622,5,2011-07-28 13:05:00,2011-12-07 12:49:00,0
18238.0,515,1,270.92,19.351428571428574,114,1,2010-07-12 12:51:00,2010-07-12 12:51:00,1
18239.0,219,6,1712.26,17.836041666666667,844,5,2010-10-13 10:11:00,2011-05-05 12:38:00,1
18240.0,46,1,422.58,70.42999999999999,126,1,2011-10-24 13:06:00,2011-10-24 13:06:00,0
18241.0,10,21,2986.9900000000002,18.786100628930818,1471,8,2010-04-01 11:55:00,2011-11-30 12:10:00,0
18242.0,72,8,3605.21,25.7515,2021,4,2010-01-11 08:49:00,2011-09-28 13:43:00,0
18243.0,414,1,515.78,19.837692307692308,221,1,2010-10-21 14:29:00,2010-10-21 14:29:00,1
18244.0,431,2,568.64,29.928421052631577,856,2,2010-07-25 10:30:00,2010-10-05 11:15:00,1
18245.0,7,20,6324.9800000000005,13.81,5098,9,2010-03-08 15:26:00,2011-12-02 14:48:00,0
18246.0,24,3,758.8199999999999,151.76399999999998,214,2,2010-04-09 10:19:00,2011-11-16 11:49:00,0
18247.0,415,3,839.73,22.695405405405406,335,3,2010-03-18 15:52:00,2010-10-21 09:49:00,1
18248.0,123,2,804.02,17.1068085106383,511,2,2011-06-06 13:18:00,2011-08-09 10:19:00,0
18249.0,17,1,95.34,11.9175,128,1,2011-11-22 15:07:00,2011-11-22 15:07:00,0
18250.0,310,1,349.27,16.63190476190476,199,1,2011-02-02 13:16:00,2011-02-02 13:16:00,1
18251.0,87,9,26278.86,243.3227777777778,39639,5,2009-12-22 12:01:00,2011-09-13 15:03:00,0
18252.0,51,7,1533.69,11.44544776119403,932,5,2009-12-18 16:13:00,2011-10-20 12:43:00,0
18253.0,643,1,317.88,45.41142857142857,128,1,2010-03-07 12:38:00,2010-03-07 12:38:00,1
18254.0,581,1,267.9,16.74375,188,1,2010-05-07 14:37:00,2010-05-07 14:37:00,1
18255.0,89,2,303.15,15.955263157894736,201,1,2010-09-09 16:31:00,2011-09-11 13:16:00,0
18256.0,388,1,110.69999999999999,11.069999999999999,180,1,2010-11-17 08:53:00,2010-11-17 08:53:00,1
18257.0,39,12,4600.15,16.667210144927534,2369,7,2010-02-18 16:20:00,2011-10-31 14:48:00,0
18258.0,464,6,2059.67,41.193400000000004,1981,5,2010-05-16 11:35:00,2010-09-01 14:20:00,1
18259.0,25,7,3941.9,46.37529411764706,1274,4,2009-12-08 08:38:00,2011-11-15 12:34:00,0
18260.0,173,23,9947.26,24.261609756097563,5244,11,2009-12-15 13:50:00,2011-06-20 12:37:00,0
18261.0,43,2,324.24,15.440000000000001,146,2,2011-09-05 09:34:00,2011-10-27 15:36:00,0
18262.0,140,3,577.54,13.75095238095238,552,3,2010-04-16 09:05:00,2011-07-22 16:04:00,0
18263.0,26,3,1213.16,19.887868852459018,1468,3,2011-04-01 11:48:00,2011-11-14 09:00:00,0
18264.0,499,1,603.25,16.756944444444443,241,1,2010-07-29 10:02:00,2010-07-29 10:02:00,1
18265.0,72,2,801.51,17.424130434782608,311,2,2011-07-04 15:26:00,2011-09-28 14:10:00,0
18266.0,434,1,251.1,17.935714285714287,138,1,2010-10-01 15:33:00,2010-10-01 15:33:00,1
18267.0,673,1,269.37,15.84529411764706,135,1,2010-02-05 08:43:00,2010-02-05 08:43:00,1
18268.0,134,6,1490.23,22.24223880597015,711,5,2009-12-11 10:27:00,2011-07-28 19:13:00,0
18269.0,366,1,168.60000000000002,24.08571428571429,76,1,2010-12-08 13:53:00,2010-12-08 13:53:00,1
18270.0,38,3,444.55,26.150000000000002,209,3,2010-10-03 10:49:00,2011-11-01 13:57:00,0
18271.0,610,2,680.85,32.42142857142857,319,2,2009-12-08 11:27:00,2010-04-09 09:26:00,1
18272.0,3,9,4385.9800000000005,19.40699115044248,2880,7,2010-03-04 12:53:00,2011-12-07 12:43:00,0
18273.0,2,4,357.0,89.25,140,4,2010-04-28 12:24:00,2011-12-07 13:16:00,0
18274.0,30,1,175.92,15.992727272727272,88,1,2011-11-09 17:03:00,2011-11-09 17:03:00,0
18275.0,578,2,741.85,39.044736842105266,417,2,2009-12-08 16:23:00,2010-05-10 15:46:00,1
18276.0,44,6,1656.52,17.622553191489363,1246,5,2009-12-10 17:14:00,2011-10-27 10:54:00,0
18277.0,58,5,1180.05,18.43828125,449,3,2010-08-02 10:26:00,2011-10-12 15:22:00,0
18278.0,74,2,414.20000000000005,17.258333333333336,140,2,2010-10-31 12:13:00,2011-09-27 11:58:00,0
18279.0,519,1,231.34,17.795384615384616,630,1,2010-07-08 14:48:00,2010-07-08 14:48:00,1
18280.0,278,2,488.15000000000003,16.27166666666667,194,2,2010-11-10 15:51:00,2011-03-07 09:52:00,1
18281.0,181,2,201.14,11.831764705882351,146,2,2010-05-11 10:49:00,2011-06-12 10:53:00,1
18282.0,8,2,178.05,14.8375,103,2,2011-08-05 13:35:00,2011-12-02 11:43:00,0
18283.0,4,22,2664.9,2.841044776119403,1679,12,2010-02-19 17:16:00,2011-12-06 12:02:00,0
18284.0,432,1,461.68,16.48857142857143,494,1,2010-10-04 11:33:00,2010-10-04 11:33:00,1
18285.0,661,1,427.0,35.583333333333336,145,1,2010-02-17 10:24:00,2010-02-17 10:24:00,1
18286.0,477,2,1296.43,19.349701492537314,608,2,2009-12-16 10:45:00,2010-08-20 11:57:00,1
18287.0,43,7,4182.99,26.987032258064513,3013,4,2010-05-17 11:55:00,2011-10-28 09:29:00,0
