CustomerID,Recency,Frequency,Monetary,TotalQuantity,AverageOrderValue,UniqueProducts,UniqueCountries,FirstPurchase,LastPurchase,CustomerLifetimeDays,ActiveMonths,RevenuePerMonth,AvgQuantityPerOrder
12346.0,326,12,77556.46,74285,2281.0723529411766,27,1,2009-12-14 08:34:00,2011-01-18 10:01:00,400,13.3,5831.31,6190.42
12347.0,2,8,4921.53,2967,22.169054054054055,126,1,2010-10-31 14:20:00,2011-12-07 15:52:00,402,13.4,367.28,370.88
12348.0,75,5,2019.3999999999999,2714,39.59607843137255,25,1,2010-09-27 14:59:00,2011-09-25 13:13:00,362,12.1,166.89,542.8
12349.0,19,4,4428.6900000000005,1624,25.306800000000003,138,1,2010-04-29 13:20:00,2011-11-21 09:51:00,570,19.0,233.09,406.0
12350.0,310,1,334.40000000000003,197,19.67058823529412,17,1,2011-02-02 16:01:00,2011-02-02 16:01:00,0,1.0,334.4,197.0
12351.0,375,1,300.93,261,14.33,21,1,2010-11-29 15:23:00,2010-11-29 15:23:00,0,1.0,300.93,261.0
12352.0,36,10,2849.84,724,27.668349514563108,70,1,2010-11-12 10:20:00,2011-11-03 14:37:00,356,11.9,239.48,72.4
12353.0,204,2,406.76,212,16.948333333333334,23,1,2010-10-27 12:44:00,2011-05-19 17:47:00,204,6.8,59.82,106.0
12354.0,232,1,1079.4,530,18.610344827586207,58,1,2011-04-21 13:11:00,2011-04-21 13:11:00,0,1.0,1079.4,530.0
12355.0,214,2,947.61,543,27.074571428571428,35,1,2010-05-21 11:59:00,2011-05-09 13:49:00,353,11.8,80.31,271.5
12356.0,23,6,6371.7300000000005,3416,44.87133802816902,104,1,2010-10-11 09:42:00,2011-11-17 08:40:00,401,13.4,475.5,569.33
12357.0,33,3,18287.66,6587,61.78263513513514,261,1,2010-11-16 10:05:00,2011-11-06 16:07:00,355,11.8,1549.8,2195.67
12358.0,2,5,3887.07,1079,50.48142857142857,56,1,2009-12-08 07:59:00,2011-12-08 10:26:00,730,24.3,159.96,215.8
12359.0,58,10,8873.39,2739,24.5121270718232,305,1,2009-12-05 13:32:00,2011-10-13 12:47:00,676,22.5,394.37,273.9
12360.0,52,8,4252.89,2459,19.59857142857143,160,1,2010-02-22 09:32:00,2011-10-18 15:22:00,603,20.1,211.59,307.38
12361.0,287,4,511.25,235,17.629310344827587,18,1,2010-01-26 14:37:00,2011-02-25 13:51:00,394,13.1,39.03,58.75
12362.0,3,11,5356.2300000000005,2230,20.060786516853934,201,1,2009-12-01 10:10:00,2011-12-06 15:40:00,735,24.5,218.62,202.73
12363.0,110,2,552.0,408,24.0,23,1,2011-04-11 13:29:00,2011-08-22 10:18:00,132,4.4,125.45,204.0
12364.0,8,4,1313.1,1506,15.448235294117646,70,1,2011-08-19 15:24:00,2011-12-02 10:22:00,104,3.5,375.17,376.5
12365.0,291,2,641.38,174,29.153636363636362,22,1,2011-02-21 13:51:00,2011-02-21 14:04:00,0,1.0,641.38,87.0
12366.0,634,1,500.24,296,166.74666666666667,3,1,2010-03-16 10:28:00,2010-03-16 10:28:00,0,1.0,500.24,296.0
12367.0,4,1,168.9,173,15.354545454545455,11,1,2011-12-05 16:48:00,2011-12-05 16:48:00,0,1.0,168.9,173.0
12368.0,628,1,917.7,330,50.983333333333334,18,1,2010-03-21 15:56:00,2010-03-21 15:56:00,0,1.0,917.7,330.0
12369.0,413,3,1791.15,1241,19.25967741935484,90,1,2010-03-08 08:09:00,2010-10-22 13:13:00,228,7.6,235.68,413.67
12370.0,51,7,4316.56,2604,21.47542288557214,168,2,2010-02-09 09:41:00,2011-10-19 14:51:00,617,20.6,209.54,372.0
12371.0,45,5,4067.38,1436,24.35556886227545,134,1,2010-03-04 18:23:00,2011-10-26 10:16:00,600,20.0,203.37,287.2
12372.0,72,3,1298.04,794,24.962307692307693,34,1,2011-02-16 12:46:00,2011-09-29 12:12:00,224,7.5,173.07,264.67
12373.0,311,3,1127.65,516,22.110784313725492,36,1,2010-02-04 12:08:00,2011-02-01 13:10:00,362,12.1,93.19,172.0
12374.0,25,4,2989.2200000000003,1362,36.01469879518073,79,1,2010-04-30 14:01:00,2011-11-14 15:37:00,563,18.8,159.0,340.5
12375.0,11,2,457.5,178,26.91176470588235,14,1,2011-09-02 14:23:00,2011-11-29 10:36:00,87,2.9,157.76,89.0
12376.0,390,2,503.15,240,38.70384615384615,11,1,2010-10-18 08:42:00,2010-11-15 12:15:00,28,0.9,559.06,120.0
12377.0,315,4,3426.32,2105,22.54157894736842,129,1,2010-04-29 15:34:00,2011-01-28 15:45:00,274,9.1,376.52,526.25
12378.0,130,2,5416.32,3316,17.994418604651162,281,1,2010-05-26 14:07:00,2011-08-02 10:34:00,432,14.4,376.13,1658.0
12379.0,82,4,1620.22,815,20.002716049382716,58,1,2010-06-23 12:49:00,2011-09-19 10:09:00,452,15.1,107.3,203.75
12380.0,22,11,9676.300000000001,3355,34.93249097472925,156,1,2010-02-15 12:05:00,2011-11-18 11:27:00,640,21.3,454.29,305.0
12381.0,5,5,1845.31,808,21.21045977011494,70,1,2011-08-12 09:57:00,2011-12-05 12:44:00,115,3.8,485.61,161.6
12383.0,185,5,1850.56,1532,18.69252525252525,84,1,2010-12-22 14:28:00,2011-06-08 08:02:00,167,5.6,330.46,306.4
12384.0,29,2,585.27,126,21.676666666666666,26,1,2011-08-10 11:23:00,2011-11-11 08:39:00,92,3.1,188.8,63.0
12385.0,379,1,1938.4,612,29.821538461538463,65,1,2010-11-25 15:14:00,2010-11-25 15:14:00,0,1.0,1938.4,612.0
12386.0,338,2,401.9,354,40.19,10,1,2010-12-08 09:53:00,2011-01-06 12:37:00,29,1.0,401.9,177.0
12387.0,415,1,143.94,134,15.993333333333332,9,1,2010-10-20 16:27:00,2010-10-20 16:27:00,0,1.0,143.94,134.0
12388.0,16,8,3901.11,2001,26.719931506849317,83,1,2010-05-06 12:54:00,2011-11-24 12:30:00,566,18.9,206.41,250.12
12389.0,403,3,1433.33,614,29.251632653061222,41,1,2010-02-22 10:15:00,2010-11-02 11:52:00,253,8.4,170.63,204.67
12390.0,80,1,549.84,353,17.1825,32,1,2011-09-21 09:33:00,2011-09-21 09:33:00,0,1.0,549.84,353.0
12391.0,22,6,2724.84,1204,10.205393258426966,241,1,2010-02-15 10:12:00,2011-11-18 12:07:00,641,21.4,127.33,200.67
12392.0,591,1,234.75000000000003,73,33.53571428571429,7,1,2010-04-27 14:04:00,2010-04-27 14:04:00,0,1.0,234.75,73.0
12393.0,72,6,2399.45,1311,22.424766355140186,63,1,2010-10-07 13:49:00,2011-09-28 15:41:00,356,11.9,201.63,218.5
12394.0,64,2,1272.48,819,47.12888888888889,26,2,2011-05-06 14:01:00,2011-10-07 08:08:00,153,5.1,249.51,409.5
12395.0,19,15,4721.17,3205,19.50896694214876,145,1,2010-04-16 10:16:00,2011-11-20 15:21:00,583,19.4,243.36,213.67
12396.0,674,1,931.4300000000001,591,14.329692307692309,65,1,2010-02-03 13:22:00,2010-02-03 13:22:00,0,1.0,931.43,591.0
12397.0,36,2,2409.9,1263,19.126190476190477,110,1,2011-07-27 14:21:00,2011-11-04 09:52:00,99,3.3,730.27,631.5
12398.0,46,1,1635.6599999999999,1394,19.24305882352941,85,1,2011-10-25 10:27:00,2011-10-25 10:27:00,0,1.0,1635.66,1394.0
12399.0,119,7,1962.3,2198,17.83909090909091,67,1,2010-03-05 08:45:00,2011-08-12 13:15:00,525,17.5,112.13,314.0
12400.0,414,1,205.25,91,18.65909090909091,11,1,2010-10-21 13:45:00,2010-10-21 13:45:00,0,1.0,205.25,91.0
12401.0,303,1,84.3,11,16.86,5,1,2011-02-09 13:50:00,2011-02-09 13:50:00,0,1.0,84.3,11.0
12402.0,323,6,1256.9,584,17.955714285714286,43,1,2010-02-07 12:41:00,2011-01-20 13:49:00,347,11.6,108.35,97.33
12403.0,50,2,1019.36,260,113.26222222222222,5,1,2010-07-06 11:39:00,2011-10-21 10:51:00,471,15.7,64.93,130.0
12404.0,682,1,63.24,1,63.24,1,1,2010-01-26 16:25:00,2010-01-26 16:25:00,0,1.0,63.24,1.0
12405.0,149,1,1710.39,857,31.67388888888889,54,1,2011-07-14 08:52:00,2011-07-14 08:52:00,0,1.0,1710.39,857.0
12406.0,22,5,6390.36,3416,38.49614457831325,114,1,2010-01-11 14:04:00,2011-11-17 19:22:00,675,22.5,284.02,683.2
12407.0,50,5,1708.12,1416,22.18337662337662,57,1,2011-03-20 13:21:00,2011-10-21 10:11:00,214,7.1,240.58,283.2
12408.0,33,8,4340.77,2229,27.30044025157233,104,1,2010-07-29 13:27:00,2011-11-07 12:27:00,465,15.5,280.05,278.62
12409.0,79,7,23419.29,13143,88.70943181818183,177,1,2010-05-23 15:21:00,2011-09-22 10:38:00,486,16.2,1445.64,1877.57
12410.0,309,3,1013.71,341,25.342750000000002,36,1,2010-07-25 13:26:00,2011-02-04 10:39:00,193,6.4,158.39,113.67
12411.0,410,1,346.9,138,15.768181818181818,22,1,2010-10-26 09:25:00,2010-10-26 09:25:00,0,1.0,346.9,138.0
12412.0,75,6,2596.93,1997,20.448267716535433,82,1,2010-06-18 13:22:00,2011-09-26 10:16:00,464,15.5,167.54,332.83
12413.0,67,4,999.45,319,19.597058823529412,41,2,2010-11-02 13:26:00,2011-10-04 09:00:00,335,11.2,89.24,79.75
12414.0,217,6,952.4100000000001,495,34.01464285714286,21,1,2010-09-02 12:22:00,2011-05-06 14:51:00,246,8.2,116.15,82.5
12415.0,24,28,144458.37,91447,156.00255939524837,498,1,2010-06-30 08:30:00,2011-11-15 14:22:00,503,16.8,8598.71,3265.96
12416.0,657,1,202.56,132,18.414545454545454,11,1,2010-02-21 10:19:00,2010-02-21 10:19:00,0,1.0,202.56,132.0
12417.0,3,20,6797.41,2884,18.421165311653116,270,2,2009-12-06 10:30:00,2011-12-06 14:52:00,730,24.3,279.73,144.2
12418.0,113,4,2021.2,1088,19.815686274509805,90,1,2010-03-19 14:47:00,2011-08-19 11:08:00,517,17.2,117.51,272.0
12419.0,386,2,503.01,231,20.1204,23,1,2010-10-22 10:40:00,2010-11-19 10:04:00,27,0.9,558.9,115.5
12420.0,64,1,600.39,345,20.70310344827586,29,1,2011-10-07 08:55:00,2011-10-07 08:55:00,0,1.0,600.39,345.0
12421.0,16,6,1098.6,652,16.90153846153846,44,1,2010-07-22 13:57:00,2011-11-24 09:07:00,489,16.3,67.4,108.67
12422.0,96,17,5231.8,2596,30.417441860465118,137,2,2009-12-18 12:44:00,2011-09-05 09:48:00,625,20.8,251.53,152.71
12423.0,1,10,2622.39,1793,15.893272727272727,128,2,2010-08-31 09:31:00,2011-12-09 10:10:00,465,15.5,169.19,179.3
12424.0,163,4,3340.0299999999997,2025,36.30467391304347,78,1,2010-06-09 15:15:00,2011-06-30 12:06:00,385,12.8,260.94,506.25
12425.0,78,2,1741.41,1147,19.136373626373626,87,1,2010-09-17 14:10:00,2011-09-22 17:31:00,370,12.3,141.58,573.5
12426.0,195,2,1345.21,584,17.470259740259742,73,1,2010-02-15 08:41:00,2011-05-29 12:26:00,468,15.6,86.23,292.0
12427.0,22,3,825.8000000000001,533,26.638709677419357,26,1,2010-12-03 10:44:00,2011-11-18 08:56:00,349,11.6,71.19,177.67
12428.0,26,9,7956.46,3536,27.062789115646257,258,1,2011-03-01 09:33:00,2011-11-14 08:22:00,257,8.6,925.17,392.89
12429.0,9,8,6204.41,2890,40.55169934640523,124,2,2010-06-11 13:28:00,2011-11-30 17:22:00,537,17.9,346.62,361.25
12430.0,43,1,256.4,117,23.30909090909091,11,1,2011-10-27 15:09:00,2011-10-27 15:09:00,0,1.0,256.4,117.0
12431.0,36,27,10432.220000000001,4600,26.749282051282055,244,2,2010-01-15 09:04:00,2011-11-04 11:55:00,658,21.9,476.36,170.37
12432.0,43,5,5059.32,1801,46.845555555555556,107,1,2011-06-20 13:27:00,2011-10-28 11:43:00,129,4.3,1176.59,360.2
12433.0,1,10,16794.14,13534,30.04318425760286,285,1,2010-08-20 09:23:00,2011-12-09 10:02:00,476,15.9,1056.24,1353.4
12434.0,85,3,1103.43,532,15.763285714285715,62,1,2010-11-23 13:38:00,2011-09-16 12:38:00,296,9.9,111.46,177.33
12435.0,80,6,13925.93,4958,124.33866071428572,88,1,2009-12-02 13:58:00,2011-09-21 09:06:00,657,21.9,635.89,826.33
12436.0,100,1,509.01,211,31.813125,16,1,2011-09-01 12:09:00,2011-09-01 12:09:00,0,1.0,509.01,211.0
12437.0,2,39,12683.4,8000,22.52824156305506,273,1,2009-12-02 16:24:00,2011-12-08 11:35:00,735,24.5,517.69,205.13
12438.0,14,2,2906.85,1180,29.66173469387755,84,1,2011-07-22 13:29:00,2011-11-25 13:28:00,125,4.2,692.11,590.0
12439.0,683,2,1142.88,478,16.096901408450705,69,1,2009-12-14 08:40:00,2010-01-26 12:11:00,43,1.4,816.34,239.0
12440.0,462,2,859.2,331,26.85,21,1,2009-12-22 12:03:00,2010-09-03 13:11:00,255,8.5,101.08,165.5
12441.0,367,1,173.55,121,15.77727272727273,11,1,2010-12-08 10:45:00,2010-12-08 10:45:00,0,1.0,173.55,121.0
12442.0,3,1,172.06,182,14.338333333333333,12,1,2011-12-06 14:22:00,2011-12-06 14:22:00,0,1.0,172.06,182.0
12443.0,732,1,485.31,182,23.11,21,1,2009-12-07 15:42:00,2009-12-07 15:42:00,0,1.0,485.31,182.0
12444.0,21,5,5005.46,1153,28.440113636363638,138,1,2011-06-21 14:00:00,2011-11-18 13:23:00,149,5.0,1001.09,230.6
12445.0,22,2,434.98,206,18.124166666666667,24,1,2010-10-15 12:28:00,2011-11-17 18:43:00,398,13.3,32.71,103.0
12446.0,58,1,1002.3100000000001,351,17.584385964912283,57,1,2011-10-13 12:50:00,2011-10-13 12:50:00,0,1.0,1002.31,351.0
12447.0,243,1,476.49,190,18.326538461538462,26,1,2011-04-10 13:25:00,2011-04-10 13:25:00,0,1.0,476.49,190.0
12448.0,44,1,449.45,243,20.429545454545455,22,1,2011-10-26 13:46:00,2011-10-26 13:46:00,0,1.0,449.45,243.0
12449.0,22,6,4835.89,2282,24.05915422885572,125,2,2010-09-27 09:37:00,2011-11-17 13:46:00,416,13.9,347.91,380.33
12450.0,156,5,688.2,442,18.6,31,1,2010-08-22 13:11:00,2011-07-06 14:41:00,318,10.6,64.92,88.4
12451.0,11,8,12669.88,9359,24.794285714285714,352,1,2010-06-28 12:58:00,2011-11-29 08:40:00,518,17.3,732.36,1169.88
12452.0,17,2,430.57000000000005,185,19.57136363636364,21,1,2011-11-23 08:05:00,2011-11-23 10:28:00,0,1.0,430.57,92.5
12453.0,134,1,707.09,473,16.443953488372095,43,1,2011-07-28 14:08:00,2011-07-28 14:08:00,0,1.0,707.09,473.0
12454.0,56,5,16679.78,7703,416.99449999999996,24,1,2010-10-14 17:33:00,2011-10-14 17:13:00,364,12.1,1378.49,1540.6
12455.0,73,10,5879.95,3302,25.902863436123347,199,2,2009-12-18 12:33:00,2011-09-27 15:31:00,648,21.6,272.22,330.2
12456.0,44,3,3181.04,1633,25.44832,105,1,2011-03-30 09:12:00,2011-10-26 14:41:00,210,7.0,454.43,544.33
12457.0,66,8,2995.91,1094,35.665595238095236,63,2,2010-09-30 17:59:00,2011-10-04 13:13:00,368,12.3,243.57,136.75
12458.0,71,4,1777.49,986,21.160595238095237,71,1,2010-08-09 10:33:00,2011-09-29 15:25:00,416,13.9,127.88,246.5
12459.0,605,1,454.36,258,19.754782608695653,23,1,2010-04-13 14:53:00,2010-04-13 14:53:00,0,1.0,454.36,258.0
12460.0,456,1,326.65,170,18.147222222222222,18,1,2010-09-09 13:51:00,2010-09-09 13:51:00,0,1.0,326.65,170.0
12461.0,94,2,826.88,287,23.62514285714286,35,1,2011-07-08 10:23:00,2011-09-06 16:57:00,60,2.0,413.44,143.5
12462.0,19,2,1189.59,536,19.186935483870965,51,1,2011-02-09 14:44:00,2011-11-21 09:11:00,284,9.5,125.22,268.0
12463.0,53,4,1344.78,776,16.202168674698793,65,1,2011-04-12 12:47:00,2011-10-17 13:44:00,188,6.3,213.46,194.0
12464.0,10,8,1212.05,112,41.79482758620689,6,1,2011-02-03 13:30:00,2011-11-29 13:33:00,299,10.0,121.2,14.0
12465.0,17,2,742.19,479,15.791276595744682,46,1,2011-06-23 13:37:00,2011-11-22 16:34:00,152,5.1,145.53,239.5
12466.0,682,1,56.73,1,56.73,1,1,2010-01-26 16:26:00,2010-01-26 16:26:00,0,1.0,56.73,1.0
12467.0,423,1,132.8,129,14.755555555555556,9,1,2010-10-12 15:41:00,2010-10-12 15:41:00,0,1.0,132.8,129.0
12468.0,188,5,3670.7400000000002,2201,24.471600000000002,127,1,2010-01-26 10:09:00,2011-06-05 11:36:00,495,16.5,222.47,440.2
12469.0,523,2,3070.54,2552,40.40184210526316,76,1,2010-06-21 10:30:00,2010-07-05 12:40:00,14,0.5,6141.08,1276.0
12470.0,690,1,211.95,95,9.215217391304348,23,1,2010-01-19 11:01:00,2010-01-19 11:01:00,0,1.0,211.95,95.0
12471.0,2,79,39918.19,16858,35.17021145374449,255,1,2009-12-07 10:41:00,2011-12-07 15:43:00,730,24.3,1642.72,213.39
12472.0,32,19,16249.29,10378,19.32139120095125,397,1,2009-12-14 10:49:00,2011-11-07 14:01:00,693,23.1,703.43,546.21
12473.0,29,5,3928.05,2414,23.521257485029942,140,1,2011-06-01 10:15:00,2011-11-10 13:46:00,162,5.4,727.42,482.8
12474.0,17,31,12372.75,7940,17.47563559322034,369,1,2010-02-11 09:41:00,2011-11-22 14:39:00,649,21.6,572.81,256.13
12475.0,54,2,1149.64,771,18.846557377049184,54,1,2010-10-26 08:49:00,2011-10-17 10:10:00,356,11.9,96.61,385.5
12476.0,16,23,14083.91,5631,27.400603112840468,358,1,2010-07-26 09:04:00,2011-11-24 12:40:00,486,16.2,869.38,244.83
12477.0,23,9,20276.37,6119,35.95101063829787,295,1,2010-03-26 14:01:00,2011-11-17 09:51:00,600,20.0,1013.82,679.89
12478.0,4,1,680.99,236,18.91638888888889,36,1,2011-12-06 09:56:00,2011-12-06 09:56:00,0,1.0,680.99,236.0
12479.0,11,1,527.2,385,17.006451612903227,31,1,2011-11-28 13:26:00,2011-11-28 13:26:00,0,1.0,527.2,385.0
12480.0,28,7,5464.85,2952,22.58202479338843,177,1,2010-07-20 13:21:00,2011-11-11 14:52:00,479,16.0,341.55,421.71
12481.0,23,15,12185.51,7158,32.06713157894737,248,1,2010-04-11 13:10:00,2011-11-17 08:29:00,584,19.5,624.9,477.2
12482.0,576,29,23691.4,27042,116.1343137254902,42,1,2010-02-24 10:24:00,2010-05-12 16:51:00,77,2.6,9112.08,932.48
12483.0,17,19,5097.18,2160,36.93608695652174,68,1,2010-01-31 13:28:00,2011-11-22 17:02:00,660,22.0,231.69,113.68
12484.0,33,12,6354.1,3266,13.490658174097666,329,1,2010-01-27 16:41:00,2011-11-07 11:37:00,648,21.6,294.17,272.17
12485.0,529,1,708.1,414,20.826470588235296,34,1,2010-06-28 15:22:00,2010-06-28 15:22:00,0,1.0,708.1,414.0
12486.0,432,1,1037.28,523,21.168979591836734,49,1,2010-10-04 12:14:00,2010-10-04 12:14:00,0,1.0,1037.28,523.0
12487.0,731,1,285.3,174,142.65,2,1,2009-12-09 11:36:00,2009-12-09 11:36:00,0,1.0,285.3,174.0
12488.0,10,3,1298.66,529,23.612000000000002,46,1,2011-09-25 10:34:00,2011-11-30 08:50:00,65,2.2,590.3,176.33
12489.0,336,1,334.93,105,22.328666666666667,15,1,2011-01-07 13:13:00,2011-01-07 13:13:00,0,1.0,334.93,105.0
12490.0,5,21,9823.64,5906,21.26329004329004,195,1,2009-12-01 12:52:00,2011-12-04 16:07:00,733,24.4,402.61,281.24
12491.0,39,1,460.40000000000003,260,17.70769230769231,25,1,2011-11-01 12:18:00,2011-11-01 12:18:00,0,1.0,460.4,260.0
12492.0,63,3,715.21,444,17.028809523809525,38,1,2010-11-01 14:58:00,2011-10-07 15:15:00,340,11.3,63.29,148.0
12493.0,166,2,433.74,207,19.715454545454545,20,1,2011-05-26 14:53:00,2011-06-27 10:17:00,31,1.0,433.74,103.5
12494.0,16,9,1815.27,979,16.808055555555555,83,1,2010-05-12 13:52:00,2011-11-24 09:34:00,560,18.7,97.07,108.78
12495.0,641,1,357.4,130,21.023529411764706,17,1,2010-03-09 10:53:00,2010-03-09 10:53:00,0,1.0,357.4,130.0
12496.0,620,2,45.34,30,4.534000000000001,10,1,2010-03-29 13:57:00,2010-03-29 14:06:00,0,1.0,45.34,15.0
12497.0,82,3,6248.5,5685,109.62280701754386,41,1,2010-03-05 09:39:00,2011-09-19 12:29:00,563,18.8,332.37,1895.0
12498.0,21,3,403.70000000000005,159,17.55217391304348,21,1,2011-10-13 09:30:00,2011-11-18 12:53:00,36,1.2,336.42,53.0
12499.0,560,1,393.72,302,14.582222222222223,27,1,2010-05-28 15:12:00,2010-05-28 15:12:00,0,1.0,393.72,302.0
12500.0,23,19,5955.21,3377,40.7891095890411,88,1,2010-02-04 15:05:00,2011-11-16 16:20:00,650,21.7,274.43,177.74
12501.0,337,1,2169.39,1783,14.559664429530201,149,1,2011-01-07 12:28:00,2011-01-07 12:28:00,0,1.0,2169.39,1783.0
12502.0,96,5,3723.87,820,25.332448979591835,102,1,2011-02-03 10:41:00,2011-09-05 11:52:00,214,7.1,524.49,164.0
12503.0,584,1,1126.0,561,563.0,2,1,2010-05-04 13:59:00,2010-05-04 13:59:00,0,1.0,1126.0,561.0
12504.0,18,4,779.05,458,38.9525,11,1,2010-04-22 10:24:00,2011-11-21 16:02:00,578,19.3,40.37,114.5
12505.0,409,1,955.2,324,22.742857142857144,42,1,2010-10-27 09:18:00,2010-10-27 09:18:00,0,1.0,955.2,324.0
12506.0,233,1,73.5,23,3.1956521739130435,23,1,2011-04-21 08:54:00,2011-04-21 08:54:00,0,1.0,73.5,23.0
12507.0,134,4,1844.06,1256,37.633877551020404,46,1,2010-05-04 09:23:00,2011-07-28 17:09:00,450,15.0,122.94,314.0
12508.0,26,2,397.88,271,5.851176470588236,57,1,2011-11-10 16:27:00,2011-11-13 15:37:00,2,0.1,3978.8,135.5
12509.0,284,1,176.5,55,25.214285714285715,7,1,2011-02-28 14:45:00,2011-02-28 14:45:00,0,1.0,176.5,55.0
12510.0,143,9,5178.02,2049,35.71048275862069,94,1,2009-12-04 13:47:00,2011-07-20 10:15:00,592,19.7,262.84,227.67
12511.0,429,1,3084.02,1753,16.231684210526314,190,1,2010-10-07 10:39:00,2010-10-07 10:39:00,0,1.0,3084.02,1753.0
12512.0,66,2,132.18,96,4.263870967741935,31,1,2011-10-04 14:53:00,2011-10-04 14:55:00,0,1.0,132.18,48.0
12513.0,113,1,612.29,462,17.494,35,1,2011-08-19 10:51:00,2011-08-19 10:51:00,0,1.0,612.29,462.0
12514.0,267,2,1597.76,840,19.02095238095238,76,1,2010-03-08 12:18:00,2011-03-17 16:38:00,374,12.5,127.82,420.0
12515.0,353,1,383.7,131,23.98125,16,1,2010-12-21 15:43:00,2010-12-21 15:43:00,0,1.0,383.7,131.0
12516.0,78,4,2648.62,1952,35.792162162162164,49,1,2010-04-19 14:14:00,2011-09-23 09:13:00,521,17.4,152.22,488.0
12517.0,28,5,2481.6,1361,8.894623655913978,232,1,2011-06-02 15:13:00,2011-11-11 14:04:00,161,5.4,459.56,272.2
12518.0,1,5,2056.89,1318,16.58782258064516,84,1,2011-08-21 13:18:00,2011-12-09 10:13:00,109,3.6,571.36,263.6
12519.0,64,2,716.54,387,18.37282051282051,34,1,2010-08-20 08:21:00,2011-10-07 09:26:00,413,13.8,51.92,193.5
12520.0,79,5,2634.26,1439,17.330657894736845,121,1,2011-03-11 11:35:00,2011-09-21 15:23:00,194,6.5,405.27,287.8
12521.0,143,1,599.68,309,15.781052631578946,38,1,2011-07-20 10:51:00,2011-07-20 10:51:00,0,1.0,599.68,309.0
12522.0,39,2,192.72,194,16.06,11,1,2011-10-19 14:41:00,2011-10-31 15:30:00,12,0.4,481.8,97.0
12523.0,19,23,4352.35,2263,17.479317269076308,176,1,2009-12-07 13:46:00,2011-11-20 12:55:00,712,23.7,183.64,98.39
12524.0,9,17,11126.11,7178,46.35879166666667,157,1,2010-02-08 14:41:00,2011-11-30 15:31:00,660,22.0,505.73,422.24
12525.0,498,3,973.73,509,16.228833333333334,56,1,2010-03-02 14:01:00,2010-07-29 16:08:00,149,5.0,194.75,169.67
12526.0,1,3,1316.66,632,18.54450704225352,64,1,2011-09-06 14:19:00,2011-12-09 12:09:00,93,3.1,424.73,210.67
12527.0,82,5,735.51,526,22.9846875,26,1,2010-06-28 15:37:00,2011-09-19 11:55:00,447,14.9,49.36,105.2
12528.0,9,6,1933.48,756,21.01608695652174,50,1,2011-01-31 09:05:00,2011-11-30 14:40:00,303,10.1,191.43,126.0
12529.0,528,1,316.48,192,15.07047619047619,21,1,2010-06-29 13:10:00,2010-06-29 13:10:00,0,1.0,316.48,192.0
12530.0,60,9,3759.26,2713,23.792784810126584,94,1,2010-03-07 14:37:00,2011-10-11 12:34:00,582,19.4,193.78,301.44
12531.0,15,2,1933.2,1119,15.222047244094489,126,1,2010-01-22 14:17:00,2011-11-25 11:12:00,671,22.4,86.3,559.5
12532.0,30,1,349.83000000000004,153,21.864375000000003,16,1,2011-11-09 13:47:00,2011-11-09 13:47:00,0,1.0,349.83,153.0
12533.0,628,2,1367.89,704,18.998472222222222,63,1,2009-12-01 11:50:00,2010-03-22 10:56:00,110,3.7,369.7,352.0
12534.0,131,1,1089.18,651,17.28857142857143,63,1,2011-08-01 10:26:00,2011-08-01 10:26:00,0,1.0,1089.18,651.0
12535.0,92,2,716.35,219,21.069117647058825,28,1,2011-06-06 12:47:00,2011-09-09 08:48:00,94,3.1,231.08,109.5
12536.0,43,3,12601.830000000002,2803,48.282873563218395,260,1,2011-10-11 14:52:00,2011-10-27 14:20:00,15,0.5,25203.66,934.33
12537.0,409,1,732.94,449,17.04511627906977,43,1,2010-10-27 08:36:00,2010-10-27 08:36:00,0,1.0,732.94,449.0
12538.0,29,2,640.45,336,18.836764705882356,33,1,2010-11-26 13:02:00,2011-11-10 17:16:00,349,11.6,55.21,168.0
12539.0,22,7,11214.75,4535,22.251488095238095,276,1,2009-12-23 13:00:00,2011-11-17 13:30:00,694,23.1,485.49,647.86
12540.0,20,33,22254.49,11019,28.864448767833984,354,1,2009-12-07 16:56:00,2011-11-20 11:31:00,712,23.7,939.01,333.91
12541.0,30,3,981.18,680,18.868846153846153,46,1,2011-03-04 09:32:00,2011-11-10 10:40:00,251,8.4,116.81,226.67
12542.0,484,2,481.88,522,12.355897435897436,39,1,2010-03-09 16:26:00,2010-08-12 19:12:00,156,5.2,92.67,261.0
12543.0,448,1,980.25,688,22.796511627906977,43,1,2010-09-17 15:51:00,2010-09-17 15:51:00,0,1.0,980.25,688.0
12544.0,36,1,372.7,136,19.61578947368421,19,1,2011-11-03 16:15:00,2011-11-03 16:15:00,0,1.0,372.7,136.0
12545.0,75,2,1000.39,523,20.0078,42,1,2011-03-25 12:04:00,2011-09-25 13:39:00,184,6.1,164.0,261.5
12546.0,47,2,1161.5,633,16.833333333333332,59,1,2011-09-23 09:44:00,2011-10-24 12:09:00,31,1.0,1161.5,316.5
12547.0,198,3,383.58,309,18.265714285714285,13,1,2010-07-27 13:55:00,2011-05-26 12:38:00,302,10.1,37.98,103.0
12548.0,166,1,95.19999999999999,49,19.04,5,1,2011-06-26 15:35:00,2011-06-26 15:35:00,0,1.0,95.2,49.0
12549.0,576,6,1575.68,1366,32.15673469387755,38,1,2010-01-11 12:29:00,2010-05-13 12:05:00,121,4.0,393.92,227.67
12550.0,79,1,964.83,569,16.92684210526316,57,1,2011-09-21 14:35:00,2011-09-21 14:35:00,0,1.0,964.83,569.0
12551.0,358,1,168.0,100,16.8,10,1,2010-12-17 11:23:00,2010-12-17 11:23:00,0,1.0,168.0,100.0
12552.0,39,2,437.82,88,21.891,20,1,2011-10-31 12:11:00,2011-11-01 10:02:00,0,1.0,437.82,44.0
12553.0,8,12,4608.75,2325,19.36449579831933,109,1,2010-10-12 13:35:00,2011-12-01 16:38:00,415,13.8,333.97,193.75
12554.0,449,1,468.5,240,18.01923076923077,26,1,2010-09-17 12:29:00,2010-09-17 12:29:00,0,1.0,468.5,240.0
12555.0,682,1,129.23,1,129.23,1,1,2010-01-26 16:26:00,2010-01-26 16:26:00,0,1.0,129.23,1.0
12556.0,50,2,599.56,355,5.038319327731092,100,1,2011-07-11 13:35:00,2011-10-20 13:06:00,100,3.3,181.68,177.5
12557.0,16,8,18096.14,6382,341.4366037735849,15,1,2009-12-17 10:39:00,2011-11-23 16:59:00,706,23.5,770.05,797.75
12558.0,8,1,269.96,196,24.54181818181818,11,1,2011-12-02 10:41:00,2011-12-02 10:41:00,0,1.0,269.96,196.0
12559.0,311,2,561.71,283,26.74809523809524,21,1,2011-01-24 10:12:00,2011-02-02 09:49:00,8,0.3,1872.37,141.5
12560.0,5,3,2134.01,1110,20.323904761904764,91,1,2011-07-19 15:55:00,2011-12-04 13:54:00,137,4.6,463.92,370.0
12561.0,303,1,238.85,177,14.928125,16,1,2011-02-10 11:39:00,2011-02-10 11:39:00,0,1.0,238.85,177.0
12562.0,8,9,4966.92,2327,23.99478260869565,113,1,2010-09-30 13:13:00,2011-12-01 17:20:00,427,14.2,349.78,258.56
12563.0,409,1,249.24,113,19.172307692307694,13,1,2010-10-27 09:52:00,2010-10-27 09:52:00,0,1.0,249.24,113.0
12564.0,261,1,456.90000000000003,133,21.75714285714286,21,1,2011-03-23 14:55:00,2011-03-23 14:55:00,0,1.0,456.9,133.0
12565.0,289,1,145.92000000000002,80,16.213333333333335,9,1,2011-02-24 10:34:00,2011-02-24 10:34:00,0,1.0,145.92,80.0
12566.0,86,1,351.65,265,18.507894736842104,19,1,2011-09-14 14:30:00,2011-09-14 14:30:00,0,1.0,351.65,265.0
12567.0,23,15,11767.48,5308,21.16453237410072,365,1,2010-02-11 10:30:00,2011-11-17 11:02:00,644,21.5,547.32,353.87
12568.0,645,1,70.0,48,14.0,5,1,2010-03-05 09:15:00,2010-03-05 09:15:00,0,1.0,70.0,48.0
12569.0,2,32,4124.6900000000005,1801,21.93984042553192,92,1,2011-04-01 13:47:00,2011-12-07 16:24:00,250,8.3,496.95,56.28
12570.0,682,1,77.52,1,77.52,1,1,2010-01-26 17:28:00,2010-01-26 17:28:00,0,1.0,77.52,1.0
12571.0,40,2,519.61,523,15.28264705882353,31,1,2011-08-10 12:35:00,2011-10-31 10:19:00,81,2.7,192.45,261.5
12572.0,9,2,1020.4200000000001,452,17.007,53,1,2011-10-19 08:20:00,2011-12-01 09:20:00,43,1.4,728.87,226.0
12573.0,227,5,717.41,479,6.028655462184874,107,1,2010-08-31 17:25:00,2011-04-26 15:52:00,237,7.9,90.81,95.8
12574.0,316,1,218.45000000000002,61,19.85909090909091,11,1,2011-01-28 09:20:00,2011-01-28 09:20:00,0,1.0,218.45,61.0
12575.0,457,2,622.82,315,16.39,34,1,2010-07-01 09:15:00,2010-09-08 13:09:00,69,2.3,270.79,157.5
12576.0,36,8,2142.7200000000003,1494,15.089577464788734,114,1,2010-07-01 13:46:00,2011-11-04 10:11:00,490,16.3,131.46,186.75
12577.0,35,8,1617.1,1191,5.426510067114093,259,1,2009-12-03 19:31:00,2011-11-04 13:24:00,700,23.3,69.4,148.88
12578.0,21,4,4642.45,2380,26.99098837209302,149,1,2010-09-22 11:19:00,2011-11-18 13:30:00,422,14.1,329.25,595.0
12579.0,78,1,440.42,285,15.18689655172414,29,1,2011-09-22 17:15:00,2011-09-22 17:15:00,0,1.0,440.42,285.0
12580.0,247,2,1052.9,569,18.153448275862072,52,1,2010-05-12 11:45:00,2011-04-07 10:24:00,329,11.0,95.72,284.5
12581.0,40,1,197.71,161,13.180666666666667,15,1,2011-10-31 08:56:00,2011-10-31 08:56:00,0,1.0,197.71,161.0
12582.0,239,4,1980.4,985,19.22718446601942,88,1,2010-05-11 09:55:00,2011-04-15 08:45:00,338,11.3,175.26,246.25
12583.0,3,27,13591.58,8535,30.47439461883408,141,1,2009-12-06 11:57:00,2011-12-07 08:07:00,730,24.3,559.32,316.11
12584.0,4,9,2338.15,416,24.355729166666666,44,1,2011-03-04 15:15:00,2011-12-06 09:35:00,276,9.2,254.15,46.22
12585.0,234,2,2040.1,1279,23.44942528735632,77,1,2010-12-23 12:58:00,2011-04-19 13:39:00,117,3.9,523.1,639.5
12586.0,17,4,2062.67,687,21.943297872340427,82,1,2009-12-16 13:15:00,2011-11-22 16:24:00,706,23.5,87.77,171.75
12587.0,8,1,144.0,51,36.0,4,1,2011-12-02 12:47:00,2011-12-02 12:47:00,0,1.0,144.0,51.0
12588.0,39,4,958.78,438,20.84304347826087,31,1,2010-04-21 12:22:00,2011-10-31 15:01:00,558,18.6,51.55,109.5
12589.0,29,8,4695.66,1764,26.087,121,1,2010-01-19 12:26:00,2011-11-11 10:19:00,660,22.0,213.44,220.5
12590.0,211,2,9864.26,4283,145.06264705882353,68,1,2011-05-12 14:46:00,2011-05-12 14:52:00,0,1.0,9864.26,2141.5
12591.0,317,3,1338.95,653,19.69044117647059,63,1,2010-10-27 10:42:00,2011-01-26 14:35:00,91,3.0,446.32,217.67
12592.0,92,5,2582.66,1875,31.88469135802469,42,1,2010-07-08 14:06:00,2011-09-08 15:04:00,427,14.2,181.88,375.0
12593.0,109,3,418.1,206,19.90952380952381,14,1,2011-05-05 09:29:00,2011-08-23 12:43:00,110,3.7,113.0,68.67
12594.0,38,15,5090.110000000001,2768,25.57844221105528,78,1,2010-03-03 13:51:00,2011-11-02 12:20:00,608,20.3,250.74,184.53
12595.0,505,1,299.02,271,15.737894736842104,19,1,2010-07-23 09:10:00,2010-07-23 09:10:00,0,1.0,299.02,271.0
12596.0,51,2,618.27,474,22.898888888888887,25,1,2011-04-11 13:22:00,2011-10-19 13:02:00,190,6.3,98.14,237.0
12597.0,19,4,3811.22,2236,18.50106796116505,184,1,2011-03-16 14:00:00,2011-11-20 13:33:00,248,8.3,459.18,559.0
12598.0,10,11,4534.09,2906,22.01014563106796,130,1,2010-03-01 09:58:00,2011-11-30 12:18:00,639,21.3,212.87,264.18
12599.0,29,13,2296.72,2189,17.268571428571427,47,1,2010-05-11 10:42:00,2011-11-10 13:34:00,548,18.3,125.5,168.38
12600.0,29,21,4967.42,1383,38.21092307692308,53,1,2009-12-07 13:37:00,2011-11-11 10:29:00,703,23.4,212.28,65.86
12601.0,190,6,681.26,290,20.03705882352941,24,1,2010-10-31 10:57:00,2011-06-03 10:17:00,214,7.1,95.95,48.33
12602.0,59,1,153.12,162,12.76,12,1,2011-10-12 11:22:00,2011-10-12 11:22:00,0,1.0,153.12,162.0
12603.0,22,1,739.1999999999999,63,369.59999999999997,2,1,2011-11-18 10:42:00,2011-11-18 10:42:00,0,1.0,739.2,63.0
12604.0,79,2,254.18,201,15.88625,15,1,2011-03-23 12:06:00,2011-09-21 14:08:00,182,6.1,41.67,100.5
12605.0,376,4,1232.95,929,16.223026315789475,63,1,2010-09-07 14:21:00,2010-11-28 14:18:00,81,2.7,456.65,232.25
12606.0,682,1,21.0,1,21.0,1,1,2010-01-26 16:23:00,2010-01-26 16:23:00,0,1.0,21.0,1.0
12607.0,60,1,1579.51,1228,15.63871287128713,101,1,2011-10-10 16:06:00,2011-10-10 16:06:00,0,1.0,1579.51,1228.0
12608.0,405,1,415.79,323,25.986875,16,1,2010-10-31 10:49:00,2010-10-31 10:49:00,0,1.0,415.79,323.0
12609.0,78,9,3435.86,1553,19.633485714285715,129,1,2009-12-20 13:30:00,2011-09-22 16:34:00,641,21.4,160.55,172.56
12610.0,23,5,2099.54,1049,19.80698113207547,85,1,2011-08-05 13:52:00,2011-11-17 09:34:00,103,3.4,617.51,209.8
12611.0,52,1,1193.32,846,18.35876923076923,65,1,2011-10-18 13:12:00,2011-10-18 13:12:00,0,1.0,1193.32,846.0
12612.0,74,1,704.04,262,37.054736842105264,19,1,2011-09-26 15:35:00,2011-09-26 15:35:00,0,1.0,704.04,262.0
12613.0,57,10,6817.37,4157,20.91217791411043,218,1,2009-12-14 13:10:00,2011-10-13 14:59:00,668,22.3,305.71,415.7
12614.0,278,1,315.6,76,15.780000000000001,20,1,2011-03-07 10:22:00,2011-03-07 10:22:00,0,1.0,315.6,76.0
12615.0,2,8,5740.9800000000005,3317,21.26288888888889,198,1,2010-03-18 14:09:00,2011-12-07 15:02:00,629,21.0,273.38,414.62
12616.0,95,3,1131.1,498,20.946296296296296,32,1,2010-11-16 11:38:00,2011-09-05 15:17:00,293,9.8,115.42,166.0
12617.0,29,1,352.98,210,8.609268292682927,39,1,2011-11-10 14:39:00,2011-11-10 14:39:00,0,1.0,352.98,210.0
12618.0,22,1,177.31,96,16.11909090909091,11,1,2011-11-18 11:10:00,2011-11-18 11:10:00,0,1.0,177.31,96.0
12619.0,16,10,3781.38,3518,37.8138,55,1,2010-05-28 12:52:00,2011-11-23 14:52:00,544,18.1,208.92,351.8
12620.0,15,3,1339.41,1181,14.558804347826088,89,1,2011-05-19 12:10:00,2011-11-25 10:20:00,189,6.3,212.6,393.67
12621.0,2,35,24311.2,13706,32.15767195767196,344,1,2010-02-09 12:01:00,2011-12-08 11:25:00,666,22.2,1095.1,391.6
12622.0,232,1,180.1,69,16.37272727272727,11,1,2011-04-21 16:39:00,2011-04-21 16:39:00,0,1.0,180.1,69.0
12623.0,276,7,3747.84,1971,21.663815028901734,112,1,2010-01-12 11:45:00,2011-03-08 13:50:00,420,14.0,267.7,281.57
12624.0,106,2,641.13,355,16.87184210526316,36,1,2011-06-15 12:34:00,2011-08-25 15:04:00,71,2.4,267.14,177.5
12625.0,212,4,5164.88,3309,28.22338797814208,144,1,2010-04-22 11:33:00,2011-05-12 09:54:00,384,12.8,403.51,827.25
12626.0,23,9,6620.4800000000005,3453,22.518639455782314,232,1,2011-01-17 11:01:00,2011-11-16 16:06:00,303,10.1,655.49,383.67
12627.0,11,7,4478.53,2752,19.47186956521739,162,1,2011-07-22 13:59:00,2011-11-29 12:07:00,129,4.3,1041.52,393.14
12628.0,4,3,786.46,448,19.181951219512197,34,1,2011-10-06 09:28:00,2011-12-05 13:15:00,60,2.0,393.23,149.33
12629.0,386,2,1558.22,722,34.62711111111111,40,1,2010-10-12 16:40:00,2010-11-19 09:18:00,37,1.2,1298.52,361.0
12630.0,10,2,1270.88,548,19.8575,60,1,2011-10-27 10:41:00,2011-11-30 10:48:00,34,1.1,1155.35,274.0
12631.0,57,6,3481.57,1607,19.024972677595628,131,1,2010-01-15 14:50:00,2011-10-13 13:53:00,635,21.2,164.23,267.83
12632.0,521,2,804.88,694,22.99657142857143,32,1,2010-05-24 09:07:00,2010-07-07 09:39:00,44,1.5,536.59,347.0
12633.0,59,7,5678.16,3238,18.556078431372548,220,1,2010-07-02 11:44:00,2011-10-12 11:40:00,466,15.5,366.33,462.57
12634.0,536,2,490.0,337,24.5,20,1,2010-06-09 15:41:00,2010-06-22 10:05:00,12,0.4,1225.0,168.5
12635.0,90,4,2930.41,1949,16.37100558659218,159,1,2010-09-09 10:50:00,2011-09-11 11:04:00,367,12.2,240.2,487.25
12636.0,739,1,141.0,1,141.0,1,1,2009-12-01 09:55:00,2009-12-01 09:55:00,0,1.0,141.0,1.0
12637.0,67,12,8283.81,4257,13.491547231270358,295,1,2010-06-14 13:36:00,2011-10-03 13:46:00,476,15.9,520.99,354.75
12638.0,33,2,921.49,663,19.197708333333335,47,1,2010-03-10 10:30:00,2011-11-06 13:11:00,606,20.2,45.62,331.5
12639.0,239,3,1312.3700000000001,631,20.505781250000002,58,1,2010-03-22 09:05:00,2011-04-15 12:48:00,389,13.0,100.95,210.33
12640.0,24,3,1174.58,311,22.16188679245283,47,1,2011-09-19 12:01:00,2011-11-16 11:52:00,57,1.9,618.2,103.67
12641.0,115,1,185.9,72,18.59,10,1,2011-08-16 13:26:00,2011-08-16 13:26:00,0,1.0,185.9,72.0
12642.0,25,3,1013.26,552,21.558723404255318,39,1,2011-08-24 09:23:00,2011-11-14 15:03:00,82,2.7,375.28,184.0
12643.0,128,12,8304.82,4665,162.83960784313726,14,1,2010-04-07 14:16:00,2011-08-03 12:56:00,482,16.1,515.83,388.75
12644.0,130,4,1918.49,1032,17.283693693693692,106,1,2010-01-14 13:02:00,2011-08-02 10:33:00,564,18.8,102.05,258.0
12645.0,34,8,3539.3,2125,22.120625,111,1,2010-02-09 10:49:00,2011-11-06 12:38:00,635,21.2,166.95,265.62
12646.0,5,2,1346.97,897,29.932666666666666,43,1,2011-10-21 12:52:00,2011-12-05 10:14:00,44,1.5,897.98,448.5
12647.0,22,36,16955.55,6633,32.923398058252424,240,1,2010-01-13 15:06:00,2011-11-17 12:56:00,672,22.4,756.94,184.25
12648.0,155,4,1112.0,518,17.107692307692307,38,1,2010-01-07 18:38:00,2011-07-08 11:55:00,546,18.2,61.1,129.5
12649.0,107,8,2294.65,1959,19.446186440677966,94,1,2010-01-12 17:24:00,2011-08-24 14:41:00,588,19.6,117.07,244.88
12650.0,3,1,314.44,254,15.722,20,1,2011-12-06 16:34:00,2011-12-06 16:34:00,0,1.0,314.44,254.0
12651.0,335,4,377.75,265,12.591666666666667,30,1,2010-08-31 15:21:00,2011-01-09 12:46:00,130,4.3,87.85,66.25
12652.0,331,2,1017.0300000000001,536,19.941764705882356,51,2,2010-10-01 15:16:00,2011-01-12 15:00:00,102,3.4,299.13,268.0
12653.0,149,3,4160.83,1681,48.38174418604651,76,1,2010-07-01 09:56:00,2011-07-14 10:41:00,378,12.6,330.22,560.33
12654.0,11,5,601.98,264,15.841578947368422,31,1,2011-02-17 13:16:00,2011-11-29 10:10:00,284,9.5,63.37,52.8
12655.0,424,1,261.35,80,16.334375,16,1,2010-10-12 09:17:00,2010-10-12 09:17:00,0,1.0,261.35,80.0
12656.0,17,8,6407.83,2860,25.942631578947367,174,1,2010-05-26 09:00:00,2011-11-22 13:42:00,545,18.2,352.08,357.5
12657.0,11,4,1643.18,1044,34.961276595744685,35,1,2011-09-22 11:40:00,2011-11-28 15:47:00,67,2.2,746.9,261.0
12658.0,19,1,686.05,320,19.056944444444444,36,1,2011-11-21 10:22:00,2011-11-21 10:22:00,0,1.0,686.05,320.0
12659.0,30,1,91.68,105,18.336000000000002,5,1,2011-11-10 11:53:00,2011-11-10 11:53:00,0,1.0,91.68,105.0
12660.0,11,1,245.10000000000002,127,18.853846153846156,13,1,2011-11-28 13:26:00,2011-11-28 13:26:00,0,1.0,245.1,127.0
12661.0,436,1,162.0,216,14.727272727272727,11,1,2010-09-29 16:46:00,2010-09-29 16:46:00,0,1.0,162.0,216.0
12662.0,1,20,6726.54,3424,17.203427109974424,163,1,2010-04-01 09:50:00,2011-12-09 11:59:00,617,20.6,326.53,171.2
12663.0,625,2,239.4,181,23.94,9,1,2010-02-09 14:28:00,2010-03-25 09:40:00,43,1.4,171.0,90.5
12664.0,8,11,6070.04,1495,134.88977777777777,10,1,2009-12-13 10:28:00,2011-12-01 17:07:00,718,23.9,253.98,135.91
12665.0,325,3,313.6,165,18.447058823529414,13,1,2010-02-08 15:11:00,2011-01-19 08:34:00,344,11.5,27.27,55.0
12666.0,394,1,1248.42,370,40.27161290322581,31,1,2010-11-10 16:40:00,2010-11-10 16:40:00,0,1.0,1248.42,370.0
12667.0,58,1,620.13,395,18.791818181818183,33,1,2011-10-12 17:00:00,2011-10-12 17:00:00,0,1.0,620.13,395.0
12668.0,12,10,11383.03,5049,21.236996268656718,263,1,2010-01-31 15:45:00,2011-11-28 10:56:00,665,22.2,512.75,504.9
12669.0,151,3,2744.0299999999997,1115,27.168613861386135,98,1,2011-03-28 10:15:00,2011-07-12 09:54:00,105,3.5,784.01,371.67
12670.0,10,7,3760.29,1627,32.698173913043476,71,1,2010-02-11 10:13:00,2011-11-29 15:23:00,656,21.9,171.7,232.43
12671.0,606,1,2622.481,1460,58.27735555555556,45,1,2010-04-12 16:30:00,2010-04-12 16:30:00,0,1.0,2622.48,1460.0
12672.0,330,2,437.05,138,19.865909090909092,22,1,2010-04-23 09:57:00,2011-01-14 09:20:00,265,8.8,49.66,69.0
12673.0,5,3,1230.02,700,16.62189189189189,68,1,2010-11-03 10:46:00,2011-12-04 13:55:00,396,13.2,93.18,233.33
12674.0,39,4,1970.6,1133,23.742168674698792,52,1,2011-05-16 09:10:00,2011-11-01 12:12:00,169,5.6,351.89,283.25
12675.0,554,2,957.25,336,8.546875,111,1,2010-05-10 16:44:00,2010-06-04 09:49:00,24,0.8,1196.56,168.0
12676.0,25,11,2843.09,1867,26.570934579439253,67,1,2010-08-13 13:29:00,2011-11-15 12:25:00,458,15.3,185.82,169.73
12677.0,555,2,395.1,176,18.814285714285717,13,1,2010-02-11 13:55:00,2010-06-02 14:30:00,111,3.7,106.78,88.0
12678.0,42,21,34281.18,22372,91.17335106382978,199,1,2010-01-07 16:46:00,2011-10-28 13:04:00,658,21.9,1565.35,1065.33
12679.0,59,4,1113.02,554,23.187916666666666,43,1,2011-03-01 12:26:00,2011-10-12 12:30:00,225,7.5,148.4,138.5
12680.0,1,4,880.81,444,16.619056603773583,33,1,2011-08-18 15:44:00,2011-12-09 12:50:00,112,3.7,238.06,111.0
12681.0,15,45,29834.760000000002,17011,20.951376404494383,459,1,2009-12-13 13:31:00,2011-11-25 11:33:00,711,23.7,1258.85,378.02
12682.0,4,52,22950.22,10522,23.20548028311426,327,1,2009-12-01 09:28:00,2011-12-06 10:00:00,735,24.5,936.74,202.35
12683.0,4,21,11633.7,7019,23.888501026694048,236,1,2009-12-13 15:01:00,2011-12-05 16:31:00,722,24.1,482.73,334.24
12684.0,8,7,2283.63,1985,21.748857142857144,61,1,2011-05-10 12:55:00,2011-12-02 09:53:00,205,6.8,335.83,283.57
12685.0,28,6,2863.08,1523,18.236178343949042,117,1,2011-09-07 10:28:00,2011-11-11 13:46:00,65,2.2,1301.4,253.83
12686.0,372,1,89.14,107,12.734285714285715,7,1,2010-12-03 09:51:00,2010-12-03 09:51:00,0,1.0,89.14,107.0
12687.0,481,2,2138.91,1403,16.97547619047619,126,1,2010-08-16 12:10:00,2010-08-16 12:12:00,0,1.0,2138.91,701.5
12688.0,114,1,4873.81,3028,28.50181286549708,171,1,2011-08-18 08:49:00,2011-08-18 08:49:00,0,1.0,4873.81,3028.0
12689.0,26,2,1247.6100000000001,628,17.327916666666667,57,1,2011-08-04 10:04:00,2011-11-14 08:31:00,101,3.4,366.94,314.0
12690.0,206,1,389.01,106,24.313125,16,1,2011-05-18 09:09:00,2011-05-18 09:09:00,0,1.0,389.01,106.0
12691.0,28,7,1170.4,445,30.010256410256414,24,1,2010-10-15 12:00:00,2011-11-11 16:49:00,392,13.1,89.34,63.57
12692.0,637,1,110.95,36,8.534615384615385,13,1,2010-03-12 14:02:00,2010-03-12 14:02:00,0,1.0,110.95,36.0
12693.0,127,7,1703.02,536,21.557215189873418,63,1,2010-07-05 13:56:00,2011-08-04 17:51:00,395,13.2,129.02,76.57
12694.0,70,3,1843.35,1355,22.209036144578313,69,1,2010-10-14 19:39:00,2011-09-30 13:06:00,350,11.7,157.55,451.67
12695.0,7,7,1407.1200000000001,454,23.84949152542373,46,1,2010-02-12 13:22:00,2011-12-02 13:22:00,658,21.9,64.25,64.86
12696.0,435,2,851.91,564,17.38591836734694,43,1,2010-07-19 10:02:00,2010-10-01 10:43:00,74,2.5,340.76,282.0
12697.0,29,3,957.59,508,23.355853658536585,37,1,2011-06-23 15:44:00,2011-11-11 08:47:00,140,4.7,203.74,169.33
12698.0,590,1,339.75,111,21.234375,16,1,2010-04-28 15:51:00,2010-04-28 15:51:00,0,1.0,339.75,111.0
12699.0,418,1,638.11,373,15.563658536585367,41,1,2010-10-18 12:07:00,2010-10-18 12:07:00,0,1.0,638.11,373.0
12700.0,8,4,4939.99,2967,18.432798507462685,193,1,2011-05-08 16:10:00,2011-12-02 10:47:00,207,6.9,715.94,741.75
12701.0,80,6,2446.41,1727,16.642244897959184,118,1,2010-03-16 13:23:00,2011-09-21 10:47:00,553,18.4,132.96,287.83
12702.0,20,1,219.0,53,18.25,12,1,2011-11-20 10:36:00,2011-11-20 10:36:00,0,1.0,219.0,53.0
12703.0,71,4,1006.53,595,13.601756756756757,56,1,2010-01-24 12:05:00,2011-09-29 17:52:00,613,20.4,49.34,148.75
12704.0,7,8,2340.84,1006,26.600454545454546,64,1,2011-06-23 10:20:00,2011-12-02 13:15:00,162,5.4,433.49,125.75
12705.0,15,14,11762.1,7188,19.636227045075128,320,1,2010-06-24 09:51:00,2011-11-24 13:17:00,518,17.3,679.89,513.43
12707.0,292,1,603.42,256,18.285454545454545,33,1,2011-02-21 08:38:00,2011-02-21 08:38:00,0,1.0,603.42,256.0
12708.0,30,18,5117.66,2432,17.289391891891892,130,1,2009-12-18 10:25:00,2011-11-10 09:52:00,691,23.0,222.51,135.11
12709.0,15,34,30291.76,13772,61.819918367346936,189,1,2009-12-09 13:49:00,2011-11-24 15:38:00,715,23.8,1272.76,405.06
12710.0,97,3,1149.02,851,14.922337662337663,75,1,2011-05-22 14:05:00,2011-09-04 12:00:00,104,3.5,328.29,283.67
12711.0,612,2,1339.05,770,22.3175,56,1,2010-02-01 11:30:00,2010-04-07 11:59:00,65,2.2,608.66,385.0
12712.0,29,21,6723.03,2205,26.2618359375,126,1,2009-12-09 10:46:00,2011-11-11 08:19:00,701,23.4,287.31,105.0
12713.0,1,1,848.55,508,22.330263157894734,38,1,2011-12-09 12:16:00,2011-12-09 12:16:00,0,1.0,848.55,508.0
12714.0,9,12,14093.710000000001,8774,20.249583333333334,436,1,2009-12-04 10:00:00,2011-11-30 15:43:00,726,24.2,582.38,731.17
12715.0,106,1,343.36,192,17.168,20,1,2011-08-25 15:22:00,2011-08-25 15:22:00,0,1.0,343.36,192.0
12716.0,4,2,1053.49,708,15.267971014492753,60,1,2011-07-29 13:28:00,2011-12-06 08:55:00,129,4.3,245.0,354.0
12717.0,151,3,1308.91,600,18.435352112676057,60,1,2010-04-28 14:34:00,2011-07-11 14:47:00,439,14.6,89.65,200.0
12718.0,71,1,238.25,203,12.539473684210526,19,1,2011-09-29 16:38:00,2011-09-29 16:38:00,0,1.0,238.25,203.0
12719.0,5,2,644.95,374,16.53717948717949,34,1,2011-10-05 14:50:00,2011-12-04 13:45:00,59,2.0,322.48,187.0
12720.0,3,30,7787.28,6018,16.257369519832984,262,1,2010-07-21 09:46:00,2011-12-07 08:03:00,503,16.8,463.53,200.6
12721.0,32,8,4013.08,2655,16.79112970711297,183,1,2010-08-25 11:07:00,2011-11-08 12:13:00,440,14.7,273.0,331.88
12722.0,85,4,997.63,566,18.82320754716981,50,1,2011-07-12 11:55:00,2011-09-15 14:50:00,65,2.2,453.47,141.5
12723.0,4,5,725.07,434,10.508260869565218,53,1,2011-10-05 15:52:00,2011-12-06 10:19:00,61,2.0,362.54,86.8
12724.0,5,7,2317.52,1379,17.96527131782946,94,1,2010-06-22 14:00:00,2011-12-04 16:02:00,530,17.7,130.93,197.0
12725.0,371,4,2266.76,1142,21.384528301886796,92,1,2010-05-04 13:59:00,2010-12-03 15:45:00,213,7.1,319.26,285.5
12726.0,28,11,4014.6,4618,22.427932960893855,63,1,2010-03-25 16:25:00,2011-11-11 13:35:00,595,19.8,202.76,419.82
12727.0,11,10,5679.53,2832,27.9779802955665,132,1,2010-02-23 09:54:00,2011-11-29 11:46:00,644,21.5,264.16,283.2
12728.0,71,5,1070.17,543,17.54377049180328,48,1,2010-11-21 11:34:00,2011-09-29 15:31:00,312,10.4,102.9,108.6
12729.0,114,1,453.01,233,17.423461538461538,26,1,2011-08-18 11:40:00,2011-08-18 11:40:00,0,1.0,453.01,233.0
12730.0,522,1,829.25,234,17.643617021276597,47,1,2010-07-06 12:19:00,2010-07-06 12:19:00,0,1.0,829.25,234.0
12731.0,24,17,25775.71,11641,65.58704834605598,137,1,2010-03-02 09:23:00,2011-11-16 11:59:00,624,20.8,1239.22,684.76
12732.0,180,1,236.26000000000002,111,19.688333333333336,12,1,2011-06-13 11:33:00,2011-06-13 11:33:00,0,1.0,236.26,111.0
12733.0,234,4,2424.87,896,15.445031847133757,117,1,2010-01-19 13:23:00,2011-04-19 16:19:00,455,15.2,159.53,224.0
12734.0,353,3,639.65,265,33.66578947368421,17,1,2010-11-12 13:26:00,2010-12-22 12:47:00,39,1.3,492.04,88.33
12735.0,315,2,779.5699999999999,368,18.12953488372093,38,1,2011-01-06 14:26:00,2011-01-28 13:37:00,21,0.7,1113.67,184.0
12736.0,333,1,234.0,173,58.5,4,1,2011-01-11 07:57:00,2011-01-11 07:57:00,0,1.0,234.0,173.0
12737.0,499,2,3710.5,2,1855.25,2,1,2010-07-29 12:27:00,2010-07-29 12:29:00,0,1.0,3710.5,1.0
12738.0,372,1,155.35,148,14.122727272727273,11,1,2010-12-02 18:27:00,2010-12-02 18:27:00,0,1.0,155.35,148.0
12739.0,78,4,2726.73,951,30.63741573033708,85,1,2010-11-10 14:27:00,2011-09-22 13:00:00,315,10.5,259.69,237.75
12740.0,64,1,427.6,342,15.837037037037037,27,1,2011-10-07 10:44:00,2011-10-07 10:44:00,0,1.0,427.6,342.0
12741.0,529,2,406.07,214,25.379375,16,1,2010-06-24 16:24:00,2010-06-28 14:36:00,3,0.1,4060.7,107.0
12742.0,626,1,1201.52,1359,17.933134328358207,67,1,2010-03-24 12:43:00,2010-03-24 12:43:00,0,1.0,1201.52,1359.0
12743.0,134,2,540.13,315,4.123129770992366,114,1,2011-07-28 16:06:00,2011-07-28 16:21:00,0,1.0,540.13,157.5
12744.0,52,11,25317.06,6994,74.68159292035399,245,1,2010-04-27 16:19:00,2011-10-19 11:18:00,539,18.0,1406.5,635.82
12745.0,487,3,925.41,468,40.235217391304346,21,2,2010-01-26 16:22:00,2010-08-10 10:14:00,195,6.5,142.37,156.0
12746.0,541,1,254.55,97,14.973529411764707,17,1,2010-06-17 10:41:00,2010-06-17 10:41:00,0,1.0,254.55,97.0
12747.0,2,26,8898.48,2640,35.73686746987951,85,1,2009-12-07 13:23:00,2011-12-07 14:34:00,730,24.3,366.19,101.54
12748.0,1,336,53539.64,37109,8.130545178435838,2286,1,2009-12-04 17:31:00,2011-12-09 12:20:00,734,24.5,2185.29,110.44
12749.0,4,9,6897.36,2360,20.40639053254438,260,1,2010-07-06 15:05:00,2011-12-06 09:56:00,517,17.2,401.01,262.22
12750.0,129,1,275.88,137,18.392,15,1,2011-08-03 09:13:00,2011-08-03 09:13:00,0,1.0,275.88,137.0
12751.0,445,1,268.27,189,4.326935483870967,61,1,2010-09-21 12:49:00,2010-09-21 12:49:00,0,1.0,268.27,189.0
12752.0,81,1,4366.78,2262,82.3920754716981,53,1,2011-09-19 13:32:00,2011-09-19 13:32:00,0,1.0,4366.78,2262.0
12753.0,23,6,21429.39,11421,108.77862944162436,132,1,2010-12-12 11:44:00,2011-11-17 10:52:00,339,11.3,1896.41,1903.5
12754.0,236,3,3010.74,6481,47.78952380952381,49,1,2011-02-04 10:31:00,2011-04-18 09:00:00,72,2.4,1254.47,2160.33
12755.0,281,11,5236.26,2293,83.1152380952381,34,1,2010-01-15 11:57:00,2011-03-04 12:42:00,413,13.8,379.44,208.45
12756.0,87,1,112.08,144,28.02,4,1,2011-09-14 09:31:00,2011-09-14 09:31:00,0,1.0,112.08,144.0
12757.0,16,13,7834.650000000001,2395,21.52376373626374,237,1,2011-05-12 19:01:00,2011-11-24 12:30:00,195,6.5,1205.33,184.23
12758.0,117,7,9903.24,6155,31.639744408945685,187,1,2009-12-01 14:40:00,2011-08-15 10:22:00,621,20.7,478.42,879.29
12759.0,52,8,5020.74,3202,16.62496688741722,206,1,2009-12-04 10:47:00,2011-10-18 14:49:00,683,22.8,220.21,400.25
12760.0,456,1,347.8,198,16.561904761904763,21,1,2010-09-10 08:50:00,2010-09-10 08:50:00,0,1.0,347.8,198.0
12761.0,458,2,782.95,281,28.99814814814815,27,1,2010-09-01 10:47:00,2010-09-08 12:17:00,7,0.2,3914.75,140.5
12762.0,8,2,1898.52,1227,27.51478260869565,62,1,2011-11-14 14:23:00,2011-12-02 10:23:00,17,0.6,3164.2,613.5
12763.0,138,2,494.08,316,27.448888888888888,16,1,2010-12-05 15:46:00,2011-07-24 14:12:00,230,7.7,64.17,158.0
12764.0,317,1,1693.88,386,37.64177777777778,45,1,2011-01-27 10:19:00,2011-01-27 10:19:00,0,1.0,1693.88,386.0
12765.0,472,6,1404.58,1009,20.65558823529412,49,1,2010-03-08 09:43:00,2010-08-24 13:51:00,169,5.6,250.82,168.17
12766.0,4,9,8918.99,5022,22.186542288557213,253,1,2010-10-28 09:29:00,2011-12-06 08:46:00,403,13.4,665.6,558.0
12767.0,376,1,949.82,598,22.088837209302326,43,1,2010-11-29 09:38:00,2010-11-29 09:38:00,0,1.0,949.82,598.0
12768.0,451,1,168.69,102,16.869,10,1,2010-09-15 12:08:00,2010-09-15 12:08:00,0,1.0,168.69,102.0
12769.0,239,1,1143.6,356,35.7375,32,1,2011-04-15 10:25:00,2011-04-15 10:25:00,0,1.0,1143.6,356.0
12770.0,211,2,3246.45,1843,115.94464285714285,19,1,2010-09-09 11:43:00,2011-05-13 09:33:00,245,8.2,395.91,921.5
12771.0,486,1,282.3,104,18.82,15,1,2010-08-11 11:51:00,2010-08-11 11:51:00,0,1.0,282.3,104.0
12772.0,60,1,892.47,556,16.226727272727274,55,1,2011-10-11 09:19:00,2011-10-11 09:19:00,0,1.0,892.47,556.0
12773.0,564,1,124.25,109,20.708333333333332,6,1,2010-05-24 17:30:00,2010-05-24 17:30:00,0,1.0,124.25,109.0
12774.0,536,1,98.7,53,16.45,6,1,2010-06-22 10:38:00,2010-06-22 10:38:00,0,1.0,98.7,53.0
12775.0,17,7,1686.1200000000001,1083,20.816296296296297,55,1,2010-10-26 14:24:00,2011-11-22 16:33:00,392,13.1,128.71,154.71
12776.0,668,1,55.5,46,13.875,4,1,2010-02-10 12:11:00,2010-02-10 12:11:00,0,1.0,55.5,46.0
12777.0,458,1,519.45,458,19.978846153846156,26,1,2010-09-08 11:35:00,2010-09-08 11:35:00,0,1.0,519.45,458.0
12778.0,20,9,1775.68,1735,15.576140350877193,77,1,2010-04-16 09:57:00,2011-11-20 11:30:00,583,19.4,91.53,192.78
12779.0,38,14,6474.11,3501,24.06732342007435,142,1,2009-12-03 07:25:00,2011-11-02 11:43:00,699,23.3,277.86,250.07
12780.0,599,1,337.4,285,16.869999999999997,20,1,2010-04-20 09:40:00,2010-04-20 09:40:00,0,1.0,337.4,285.0
12781.0,64,2,826.74,671,33.0696,25,1,2011-02-28 08:43:00,2011-10-07 10:37:00,221,7.4,111.72,335.5
12782.0,5,11,4618.24,2017,20.344669603524228,142,1,2010-07-08 13:31:00,2011-12-05 09:16:00,514,17.1,270.07,183.36
12783.0,2,6,2225.91,624,26.49892857142857,76,1,2011-09-25 15:35:00,2011-12-07 15:56:00,73,2.4,927.46,104.0
12784.0,9,3,1763.15,862,13.667829457364341,121,1,2010-06-28 13:06:00,2011-11-30 15:38:00,520,17.3,101.92,287.33
12785.0,364,3,1100.4,453,19.650000000000002,42,1,2009-12-08 13:56:00,2010-12-10 13:48:00,366,12.2,90.2,151.0
12786.0,610,1,728.5000000000001,324,40.47222222222223,18,1,2010-04-09 12:12:00,2010-04-09 12:12:00,0,1.0,728.5,324.0
12787.0,10,4,862.1800000000001,510,19.595000000000002,30,1,2010-10-22 14:57:00,2011-11-30 08:44:00,403,13.4,64.34,127.5
12788.0,463,4,444.90000000000003,194,17.111538461538462,20,1,2010-06-29 13:05:00,2010-09-02 14:21:00,65,2.2,202.23,48.5
12789.0,65,3,273.35,36,34.16875,5,1,2010-01-15 12:06:00,2011-10-05 13:34:00,628,20.9,13.08,12.0
12790.0,192,2,591.85,306,15.995945945945946,36,1,2010-10-25 13:04:00,2011-05-31 14:14:00,218,7.3,81.08,153.0
12791.0,374,6,863.51,353,30.839642857142856,17,1,2010-03-25 17:29:00,2010-12-01 11:27:00,250,8.3,104.04,58.83
12792.0,257,2,827.01,394,17.59595744680851,39,1,2010-06-23 10:49:00,2011-03-28 11:36:00,278,9.3,88.93,197.0
12793.0,335,3,885.53,461,20.125681818181818,34,1,2010-11-03 13:05:00,2011-01-09 12:12:00,66,2.2,402.51,153.67
12794.0,53,2,860.41,592,19.12022222222222,43,1,2011-09-02 12:01:00,2011-10-17 14:54:00,45,1.5,573.61,296.0
12795.0,19,1,430.48,68,30.74857142857143,14,1,2011-11-21 10:27:00,2011-11-21 10:27:00,0,1.0,430.48,68.0
12796.0,628,1,381.0,182,54.42857142857143,7,1,2010-03-21 15:49:00,2010-03-21 15:49:00,0,1.0,381.0,182.0
12797.0,366,2,552.08,215,18.40266666666667,27,1,2010-10-11 12:53:00,2010-12-09 10:55:00,58,1.9,290.57,107.5
12798.0,10,4,8510.93,8455,257.9069696969697,27,1,2010-10-14 12:27:00,2011-11-29 15:52:00,411,13.7,621.24,2113.75
12799.0,529,1,219.35,137,14.623333333333333,15,1,2010-06-28 15:57:00,2010-06-28 15:57:00,0,1.0,219.35,137.0
12800.0,470,3,584.25,284,17.183823529411764,31,1,2010-02-01 11:02:00,2010-08-26 14:11:00,206,6.9,84.67,94.67
12801.0,501,1,1071.82,505,21.4364,50,1,2010-07-27 09:38:00,2010-07-27 09:38:00,0,1.0,1071.82,505.0
12802.0,187,7,2416.42,1972,17.510289855072465,108,1,2010-05-25 09:34:00,2011-06-06 09:36:00,377,12.6,191.78,281.71
12803.0,393,1,1092.81,872,19.869272727272726,55,1,2010-11-11 14:57:00,2010-11-11 14:57:00,0,1.0,1092.81,872.0
12804.0,466,2,325.37,270,4.929848484848485,60,1,2010-07-27 13:52:00,2010-08-31 11:58:00,34,1.1,295.79,135.0
12805.0,382,4,1434.95,593,24.74051724137931,44,1,2010-02-03 09:06:00,2010-11-23 12:27:00,293,9.8,146.42,148.25
12806.0,435,4,2878.96,2087,42.96955223880597,58,1,2010-04-30 10:44:00,2010-09-30 13:34:00,153,5.1,564.5,521.75
12807.0,383,1,330.35,145,20.646875,16,1,2010-11-21 14:21:00,2010-11-21 14:21:00,0,1.0,330.35,145.0
12808.0,37,5,776.7,322,16.52553191489362,46,1,2010-09-03 10:24:00,2011-11-03 10:05:00,425,14.2,54.7,64.4
12809.0,178,3,1755.94,518,21.67827160493827,75,1,2010-03-02 14:19:00,2011-06-15 10:51:00,469,15.6,112.56,172.67
12810.0,535,2,534.99,389,16.7184375,32,1,2010-02-01 09:52:00,2010-06-23 10:53:00,142,4.7,113.83,194.5
12811.0,261,5,1033.9,435,18.462500000000002,47,1,2010-10-08 12:20:00,2011-03-24 09:42:00,166,5.5,187.98,87.0
12812.0,45,1,229.64000000000001,164,15.309333333333335,15,1,2011-10-26 09:54:00,2011-10-26 09:54:00,0,1.0,229.64,164.0
12813.0,502,3,1687.8,1141,37.50666666666667,37,1,2010-01-15 16:52:00,2010-07-26 09:50:00,191,6.4,263.72,380.33
12814.0,102,1,125.92,49,62.96,2,1,2011-08-30 12:11:00,2011-08-30 12:11:00,0,1.0,125.92,49.0
12815.0,148,2,1063.46,379,22.6268085106383,38,1,2011-05-25 13:34:00,2011-07-15 10:21:00,50,1.7,625.56,189.5
12816.0,96,2,572.2,128,19.731034482758623,27,1,2011-06-16 13:24:00,2011-09-05 12:41:00,80,2.7,211.93,64.0
12817.0,281,3,690.98,219,27.639200000000002,16,1,2010-10-01 08:57:00,2011-03-03 16:28:00,153,5.1,135.49,73.0
12818.0,262,1,1542.08,929,110.14857142857143,14,1,2011-03-23 12:06:00,2011-03-23 12:06:00,0,1.0,1542.08,929.0
12819.0,458,1,540.52,344,28.448421052631577,19,1,2010-09-07 15:20:00,2010-09-07 15:20:00,0,1.0,540.52,344.0
12820.0,3,11,2689.52,1964,16.915220125786163,131,1,2009-12-05 13:37:00,2011-12-06 15:12:00,731,24.4,110.23,178.55
12821.0,214,2,220.8,162,16.984615384615385,13,1,2010-04-07 15:14:00,2011-05-09 15:51:00,397,13.2,16.73,81.0
12822.0,71,2,948.88,550,20.62782608695652,41,1,2011-09-13 13:46:00,2011-09-30 10:04:00,16,0.5,1897.76,275.0
12823.0,75,18,6501.5,930,361.19444444444446,1,1,2010-01-29 12:52:00,2011-09-26 07:35:00,604,20.1,323.46,51.67
12824.0,60,1,397.12,232,15.8848,25,1,2011-10-11 12:49:00,2011-10-11 12:49:00,0,1.0,397.12,232.0
12825.0,521,2,518.63,139,21.609583333333333,20,1,2010-03-08 10:17:00,2010-07-06 13:56:00,120,4.0,129.66,69.5
12826.0,3,12,2800.75,1915,17.839171974522294,93,1,2009-12-18 10:43:00,2011-12-07 10:25:00,718,23.9,117.19,159.58
12827.0,6,3,430.15,197,17.206,19,1,2011-10-26 15:44:00,2011-12-04 12:17:00,38,1.3,330.88,65.67
12828.0,3,6,1018.71,494,18.19125,46,1,2011-08-01 16:16:00,2011-12-07 08:45:00,127,4.2,242.55,82.33
12829.0,337,3,385.3,550,20.278947368421054,17,1,2010-06-07 15:04:00,2011-01-07 11:13:00,213,7.1,54.27,183.33
12830.0,38,6,6814.64,9848,179.33263157894737,13,1,2011-06-21 10:53:00,2011-11-02 11:54:00,134,4.5,1514.36,1641.33
12831.0,262,3,451.11,303,20.505,16,1,2010-09-02 15:58:00,2011-03-22 13:02:00,200,6.7,67.33,101.0
12832.0,32,2,383.03000000000003,195,14.186296296296298,27,1,2011-09-02 13:48:00,2011-11-07 13:30:00,65,2.2,174.1,97.5
12833.0,145,1,417.38,156,17.390833333333333,24,1,2011-07-17 13:46:00,2011-07-17 13:46:00,0,1.0,417.38,156.0
12834.0,283,1,312.38,110,17.354444444444443,18,1,2011-03-02 09:49:00,2011-03-02 09:49:00,0,1.0,312.38,110.0
12835.0,428,41,5996.83,2349,9.750943089430894,138,1,2009-12-03 12:13:00,2010-10-08 10:59:00,308,10.3,582.22,57.29
12836.0,59,15,6559.7300000000005,2231,15.960413625304138,280,1,2009-12-01 14:19:00,2011-10-11 15:10:00,679,22.6,290.25,148.73
12837.0,173,2,662.66,194,7.530227272727273,83,1,2010-05-19 15:10:00,2011-06-19 16:07:00,396,13.2,50.2,97.0
12838.0,34,10,2975.91,1606,8.359297752808988,230,1,2010-04-26 09:59:00,2011-11-06 12:20:00,559,18.6,160.0,160.6
12839.0,3,26,9669.12,6578,17.453285198555957,156,1,2009-12-07 09:18:00,2011-12-07 12:33:00,730,24.3,397.91,253.0
12840.0,144,7,4041.9700000000003,2258,22.96573863636364,109,1,2010-02-03 14:51:00,2011-07-19 09:29:00,530,17.7,228.36,322.57
12841.0,5,40,6958.2,5008,10.804658385093168,307,1,2010-07-08 15:38:00,2011-12-05 11:13:00,514,17.1,406.91,125.2
12842.0,70,4,1917.99,887,39.958125,45,1,2009-12-02 08:15:00,2011-09-30 15:33:00,667,22.2,86.4,221.75
12843.0,66,30,6583.36,3028,30.061004566210045,130,1,2009-12-13 11:41:00,2011-10-05 12:09:00,661,22.0,299.24,100.93
12844.0,29,4,648.6,223,6.297087378640777,88,1,2010-04-25 11:51:00,2011-11-10 13:31:00,564,18.8,34.5,55.75
12845.0,267,4,354.09000000000003,204,13.114444444444446,26,1,2011-02-22 14:10:00,2011-03-17 13:34:00,22,0.7,505.84,51.0
12846.0,682,1,15.58,1,15.58,1,1,2010-01-26 16:29:00,2010-01-26 16:29:00,0,1.0,15.58,1.0
12847.0,22,2,1609.0,1497,13.521008403361344,100,1,2010-11-17 12:44:00,2011-11-17 13:16:00,365,12.2,131.89,748.5
12848.0,676,1,208.0,58,13.0,16,1,2010-02-02 12:45:00,2010-02-02 12:45:00,0,1.0,208.0,58.0
12849.0,31,6,3042.4700000000003,1855,21.128263888888892,123,1,2010-04-27 13:44:00,2011-11-08 13:41:00,559,18.6,163.57,309.17
12850.0,446,1,330.0,200,165.0,2,1,2010-09-20 12:26:00,2010-09-20 12:26:00,0,1.0,330.0,200.0
12851.0,97,2,280.76,157,3.6462337662337663,71,1,2010-08-19 15:13:00,2011-09-04 12:41:00,380,12.7,22.11,78.5
12852.0,295,1,311.55,149,18.326470588235296,17,1,2011-02-18 08:47:00,2011-02-18 08:47:00,0,1.0,311.55,149.0
12853.0,135,11,3907.5,1668,26.402027027027028,111,1,2010-02-05 11:57:00,2011-07-28 11:29:00,537,17.9,218.3,151.64
12854.0,79,7,2970.9700000000003,1630,11.383026819923373,188,1,2009-12-11 12:55:00,2011-09-22 12:15:00,649,21.6,137.54,232.86
12855.0,373,4,612.84,240,9.146865671641791,65,1,2010-11-02 18:16:00,2010-12-02 09:37:00,29,1.0,612.84,60.0
12856.0,8,6,2170.78,1076,6.98,155,1,2011-10-07 12:38:00,2011-12-02 10:52:00,55,1.8,1205.99,179.33
12857.0,211,6,3688.0,1420,30.479338842975206,71,1,2010-01-25 15:37:00,2011-05-13 10:20:00,472,15.7,234.9,236.67
12858.0,383,1,147.27,51,3.9802702702702706,36,1,2010-11-21 12:55:00,2010-11-21 12:55:00,0,1.0,147.27,51.0
12859.0,459,1,575.1,292,27.385714285714286,21,1,2010-09-07 12:20:00,2010-09-07 12:20:00,0,1.0,575.1,292.0
12860.0,693,1,54.22,26,3.38875,16,1,2010-01-15 15:22:00,2010-01-15 15:22:00,0,1.0,54.22,26.0
12861.0,620,1,68.25,27,17.0625,4,1,2010-03-30 11:39:00,2010-03-30 11:39:00,0,1.0,68.25,27.0
12862.0,426,2,984.62,611,7.51618320610687,119,1,2010-08-01 15:20:00,2010-10-10 11:47:00,69,2.3,428.1,305.5
12863.0,52,6,2792.55,895,58.178125,24,1,2010-04-29 13:54:00,2011-10-18 14:15:00,537,17.9,156.01,149.17
12864.0,138,2,299.57,447,42.79571428571428,5,1,2010-07-19 17:22:00,2011-07-24 13:03:00,369,12.3,24.36,223.5
12865.0,26,4,3323.4700000000003,1973,17.0434358974359,156,1,2010-08-20 12:20:00,2011-11-13 14:31:00,450,15.0,221.56,493.25
12866.0,283,3,1227.35,553,19.48174603174603,58,1,2010-07-25 11:37:00,2011-03-01 14:11:00,219,7.3,168.13,184.33
12867.0,26,13,7829.26,7876,7.456438095238095,365,1,2009-12-16 16:25:00,2011-11-13 15:30:00,696,23.2,337.47,605.85
12868.0,186,8,2043.76,1170,15.251940298507463,86,1,2010-11-12 10:05:00,2011-06-07 10:42:00,207,6.9,296.2,146.25
12869.0,682,1,337.66999999999996,144,9.126216216216216,35,1,2010-01-27 12:10:00,2010-01-27 12:10:00,0,1.0,337.67,144.0
12870.0,375,3,1676.95,906,18.031720430107526,85,1,2010-03-25 14:32:00,2010-11-29 13:42:00,248,8.3,202.04,302.0
12871.0,84,3,744.02,484,41.33444444444444,13,1,2010-09-26 10:34:00,2011-09-16 15:07:00,355,11.8,63.05,161.33
12872.0,327,12,3283.96,1642,8.33492385786802,217,1,2009-12-03 20:03:00,2011-01-17 10:52:00,409,13.6,241.47,136.83
12873.0,282,3,2027.3,786,57.92285714285714,33,1,2010-01-27 09:50:00,2011-03-02 14:58:00,399,13.3,152.43,262.0
12874.0,385,2,948.42,623,19.75875,44,1,2010-06-03 12:51:00,2010-11-19 15:23:00,169,5.6,169.36,311.5
12875.0,143,5,1356.9900000000002,5187,169.62375000000003,2,1,2010-01-11 12:37:00,2011-07-19 15:30:00,554,18.5,73.35,1037.4
12876.0,58,4,4081.79,3047,24.010529411764704,117,1,2010-04-28 13:26:00,2011-10-13 12:26:00,532,17.7,230.61,761.75
12877.0,4,20,2942.14,2237,10.737737226277371,149,1,2010-01-18 10:23:00,2011-12-06 10:30:00,687,22.9,128.48,111.85
12878.0,236,2,854.99,547,18.191276595744682,38,1,2011-03-18 14:02:00,2011-04-17 13:07:00,29,1.0,854.99,273.5
12879.0,45,3,573.22,370,57.322,7,1,2011-09-09 12:11:00,2011-10-26 12:24:00,47,1.6,358.26,123.33
12880.0,382,2,640.13,279,17.781388888888888,32,1,2010-05-14 11:57:00,2010-11-23 10:50:00,192,6.4,100.02,139.5
12881.0,276,1,298.0,21,42.57142857142857,7,1,2011-03-09 11:44:00,2011-03-09 11:44:00,0,1.0,298.0,21.0
12882.0,9,2,1463.04,246,112.54153846153847,12,1,2011-11-06 11:22:00,2011-11-30 16:18:00,24,0.8,1828.8,123.0
12883.0,25,4,703.47,196,16.749285714285715,39,1,2011-09-11 15:18:00,2011-11-15 09:32:00,64,2.1,334.99,49.0
12884.0,88,1,309.05,43,44.15,7,1,2011-09-12 13:10:00,2011-09-12 13:10:00,0,1.0,309.05,43.0
12885.0,63,3,1175.22,655,16.552394366197184,66,1,2011-08-08 11:45:00,2011-10-07 13:40:00,60,2.0,587.61,218.33
12886.0,68,2,1378.4,770,16.809756097560978,75,1,2011-05-04 11:21:00,2011-10-03 10:09:00,151,5.0,275.68,385.0
12887.0,384,1,222.4,100,17.107692307692307,13,1,2010-11-21 11:18:00,2010-11-21 11:18:00,0,1.0,222.4,100.0
12888.0,214,2,354.12,76,70.824,4,1,2011-03-29 14:31:00,2011-05-09 16:02:00,41,1.4,252.94,38.0
12889.0,381,4,385.46000000000004,124,15.418400000000002,25,1,2010-07-25 14:32:00,2010-11-23 16:08:00,121,4.0,96.36,31.0
12890.0,24,2,706.02,457,5.229777777777778,124,1,2010-11-17 14:05:00,2011-11-15 17:26:00,363,12.1,58.35,228.5
12891.0,186,11,840.5,2325,76.4090909090909,2,1,2010-02-18 14:32:00,2011-06-07 12:31:00,473,15.8,53.2,211.36
12892.0,397,1,263.38,140,14.632222222222222,18,1,2010-11-08 09:51:00,2010-11-08 09:51:00,0,1.0,263.38,140.0
12893.0,31,1,176.55,90,5.695161290322581,27,1,2011-11-09 12:34:00,2011-11-09 12:34:00,0,1.0,176.55,90.0
12894.0,575,1,157.35,33,7.492857142857143,21,1,2010-05-13 14:47:00,2010-05-13 14:47:00,0,1.0,157.35,33.0
12895.0,42,2,372.8,210,16.945454545454545,22,1,2011-09-14 08:35:00,2011-10-28 13:51:00,44,1.5,248.53,105.0
12897.0,205,4,514.25,249,36.732142857142854,10,1,2010-06-14 11:58:00,2011-05-19 12:13:00,339,11.3,45.51,62.25
12898.0,464,2,296.21,235,10.97074074074074,27,1,2010-02-18 12:36:00,2010-09-02 08:08:00,195,6.5,45.57,117.5
12899.0,414,1,366.4,108,21.552941176470586,17,1,2010-10-22 09:53:00,2010-10-22 09:53:00,0,1.0,366.4,108.0
12900.0,422,1,340.33000000000004,139,26.179230769230774,13,1,2010-10-13 15:17:00,2010-10-13 15:17:00,0,1.0,340.33,139.0
12901.0,9,28,17654.54,23075,152.19431034482758,30,1,2011-03-14 10:41:00,2011-12-01 10:07:00,261,8.7,2029.26,824.11
12902.0,265,1,138.68,66,13.868,10,1,2011-03-20 12:06:00,2011-03-20 12:06:00,0,1.0,138.68,66.0
12903.0,429,1,833.5300000000001,493,20.330000000000002,41,1,2010-10-07 12:39:00,2010-10-07 12:39:00,0,1.0,833.53,493.0
12904.0,18,2,496.06,294,6.986760563380281,59,1,2011-06-20 13:18:00,2011-11-21 14:34:00,154,5.1,97.27,147.0
12905.0,577,2,1018.42,532,18.85962962962963,52,1,2010-01-26 14:06:00,2010-05-12 10:05:00,105,3.5,290.98,266.0
12906.0,12,5,2919.81,1749,46.34619047619047,55,1,2011-09-22 15:03:00,2011-11-28 09:55:00,66,2.2,1327.19,349.8
12907.0,396,2,508.91,177,20.3564,23,1,2010-08-02 14:33:00,2010-11-09 12:08:00,98,3.3,154.22,88.5
12908.0,176,5,1776.0,3000,355.2,1,1,2010-03-19 15:59:00,2011-06-16 15:39:00,453,15.1,117.62,600.0
12909.0,40,8,3103.19,1948,19.640443037974684,120,1,2010-02-24 12:14:00,2011-10-31 12:43:00,614,20.5,151.38,243.5
12910.0,23,13,5796.52,3632,42.31036496350365,75,1,2010-03-28 13:10:00,2011-11-16 14:28:00,598,19.9,291.28,279.38
12911.0,552,1,1651.72,807,6.998813559322034,220,1,2010-06-06 12:13:00,2010-06-06 12:13:00,0,1.0,1651.72,807.0
12912.0,3,5,1662.3,670,69.2625,17,1,2011-10-30 11:35:00,2011-12-07 08:55:00,37,1.2,1385.25,134.0
12913.0,5,13,6283.24,3086,68.29608695652173,52,1,2009-12-01 12:18:00,2011-12-05 12:11:00,733,24.4,257.51,237.38
12914.0,401,1,223.98,336,24.886666666666667,9,1,2010-11-04 12:28:00,2010-11-04 12:28:00,0,1.0,223.98,336.0
12915.0,149,4,975.1,411,16.25166666666667,46,1,2010-04-29 19:36:00,2011-07-14 11:34:00,440,14.7,66.33,102.75
12916.0,139,7,4479.73,1681,26.044941860465112,82,1,2010-01-24 11:26:00,2011-07-24 10:35:00,545,18.2,246.14,240.14
12917.0,128,6,4359.2,1104,87.184,45,1,2009-12-09 14:22:00,2011-08-03 16:42:00,602,20.1,216.88,184.0
12918.0,626,1,10953.5,1,10953.5,1,1,2010-03-23 15:22:00,2010-03-23 15:22:00,0,1.0,10953.5,1.0
12919.0,8,6,1335.19,673,26.7038,34,1,2011-06-23 09:22:00,2011-12-01 13:47:00,161,5.4,247.26,112.17
12920.0,17,4,486.64,420,8.248135593220338,59,1,2009-12-14 15:58:00,2011-11-22 15:05:00,707,23.6,20.62,105.0
12921.0,9,74,35233.24,21328,23.504496330887257,322,1,2009-12-01 13:43:00,2011-11-30 16:22:00,729,24.3,1449.93,288.22
12922.0,161,1,405.38,370,14.477857142857143,28,1,2011-07-01 15:35:00,2011-07-01 15:35:00,0,1.0,405.38,370.0
12923.0,64,3,770.42,230,12.840333333333332,54,1,2010-05-13 14:55:00,2011-10-06 16:20:00,511,17.0,45.32,76.67
12924.0,88,12,2469.4,1423,33.37027027027027,56,1,2009-12-09 12:40:00,2011-09-12 13:55:00,642,21.4,115.39,118.58
12925.0,5,3,729.33,649,14.5866,46,1,2010-04-26 10:32:00,2011-12-05 11:11:00,588,19.6,37.21,216.33
12926.0,411,4,1523.97,754,5.816679389312977,202,1,2009-12-14 14:35:00,2010-10-24 15:57:00,314,10.5,145.14,188.5
12927.0,395,1,197.31,145,17.937272727272727,11,1,2010-11-10 10:02:00,2010-11-10 10:02:00,0,1.0,197.31,145.0
12928.0,35,12,4304.89,2899,24.049664804469277,94,1,2010-06-08 10:16:00,2011-11-04 14:24:00,514,17.1,251.75,241.58
12929.0,312,1,117.85,37,14.73125,8,1,2011-02-01 12:08:00,2011-02-01 12:08:00,0,1.0,117.85,37.0
12930.0,78,2,415.8,252,16.632,20,1,2011-06-21 13:25:00,2011-09-22 15:18:00,93,3.1,134.13,126.0
12931.0,22,57,92347.34,62906,423.61165137614677,37,1,2009-12-01 11:46:00,2011-11-18 12:39:00,717,23.9,3863.91,1103.61
12932.0,539,8,1698.56,1609,17.87957894736842,69,1,2010-02-10 08:46:00,2010-06-18 14:22:00,128,4.3,395.01,201.12
12933.0,24,8,1636.63,949,5.663079584775087,227,1,2009-12-10 16:39:00,2011-11-15 16:38:00,704,23.5,69.64,118.62
12934.0,737,1,181.65,31,90.825,2,1,2009-12-03 10:51:00,2009-12-03 10:51:00,0,1.0,181.65,31.0
12935.0,2,15,4243.86,3201,16.70811023622047,113,1,2010-04-11 15:59:00,2011-12-07 17:25:00,605,20.2,210.09,213.4
12936.0,17,4,1063.9,559,17.15967741935484,56,1,2011-09-22 13:51:00,2011-11-22 17:32:00,61,2.0,531.95,139.75
12937.0,15,9,3097.61,1983,14.274700460829493,128,1,2009-12-03 15:43:00,2011-11-24 15:05:00,720,24.0,129.07,220.33
12938.0,26,1,114.14,140,12.682222222222222,9,1,2011-11-14 11:21:00,2011-11-14 11:21:00,0,1.0,114.14,140.0
12939.0,64,20,25264.8,10328,293.7767441860465,24,1,2010-01-12 11:27:00,2011-10-06 14:33:00,632,21.1,1197.38,516.4
12940.0,55,2,899.69,404,9.371770833333334,87,1,2011-09-13 10:16:00,2011-10-16 12:09:00,33,1.1,817.9,202.0
12941.0,724,1,377.49,381,13.981111111111112,27,1,2009-12-15 13:12:00,2009-12-15 13:12:00,0,1.0,377.49,381.0
12942.0,131,3,675.6,198,9.651428571428571,68,1,2010-12-09 09:34:00,2011-07-31 14:39:00,234,7.8,86.62,66.0
12943.0,558,2,496.5,222,19.86,22,1,2010-04-13 11:03:00,2010-05-30 13:52:00,47,1.6,310.31,111.0
12944.0,36,2,604.51,289,20.150333333333332,29,1,2010-12-20 10:41:00,2011-11-04 11:04:00,319,10.6,57.03,144.5
12945.0,288,2,900.11,446,17.64921568627451,47,1,2010-02-21 15:18:00,2011-02-24 14:15:00,367,12.2,73.78,223.0
12946.0,437,1,324.45,149,16.2225,20,1,2010-09-29 10:14:00,2010-09-29 10:14:00,0,1.0,324.45,149.0
12947.0,144,6,1603.99,1165,16.535979381443298,83,1,2010-12-01 16:21:00,2011-07-19 10:06:00,229,7.6,211.05,194.17
12948.0,16,9,2317.43,1304,18.53944,89,1,2009-12-02 12:28:00,2011-11-23 17:10:00,721,24.0,96.56,144.89
12949.0,31,22,15526.7,8233,21.715664335664336,347,1,2009-12-03 15:56:00,2011-11-09 11:25:00,705,23.5,660.71,374.23
12950.0,2,3,1843.0,1380,80.1304347826087,13,1,2011-11-15 13:48:00,2011-12-07 13:17:00,21,0.7,2632.86,460.0
12951.0,9,15,3213.7200000000003,1662,16.56556701030928,110,1,2010-01-10 12:43:00,2011-12-01 12:14:00,689,23.0,139.73,110.8
12952.0,6,4,1387.79,653,17.566962025316457,64,1,2011-09-22 16:37:00,2011-12-04 10:35:00,72,2.4,578.25,163.25
12953.0,10,2,828.8100000000001,364,17.266875000000002,45,1,2010-07-05 13:37:00,2011-11-30 09:24:00,512,17.1,48.47,182.0
12954.0,639,1,162.45,83,16.244999999999997,10,1,2010-03-11 10:16:00,2010-03-11 10:16:00,0,1.0,162.45,83.0
12955.0,1,11,4757.16,3664,26.428666666666665,81,1,2011-03-17 09:03:00,2011-12-08 16:29:00,266,8.9,534.51,333.09
12956.0,306,4,521.89,340,12.425952380952381,42,1,2009-12-15 19:03:00,2011-02-06 16:08:00,417,13.9,37.55,85.0
12957.0,10,13,8706.97,4686,17.769326530612243,402,1,2009-12-11 12:01:00,2011-11-30 09:53:00,718,23.9,364.31,360.46
12958.0,400,2,467.34,118,9.537551020408163,45,1,2010-05-05 16:22:00,2010-11-04 16:16:00,182,6.1,76.61,59.0
12959.0,484,1,150.95,109,18.86875,8,1,2010-08-12 17:20:00,2010-08-12 17:20:00,0,1.0,150.95,109.0
12960.0,414,4,1322.0700000000002,1379,18.886714285714287,49,1,2010-02-16 13:32:00,2010-10-22 09:31:00,247,8.2,161.23,344.75
12961.0,379,1,211.99,180,5.29975,37,1,2010-11-25 16:44:00,2010-11-25 16:44:00,0,1.0,211.99,180.0
12962.0,7,2,266.39,129,16.649375,15,1,2011-08-18 13:38:00,2011-12-02 15:55:00,106,3.5,76.11,64.5
12963.0,8,12,3235.79,1637,18.596494252873562,129,1,2010-07-08 14:45:00,2011-12-01 12:55:00,510,17.0,190.34,136.42
12964.0,437,1,132.24,56,5.086153846153847,26,1,2010-09-28 17:47:00,2010-09-28 17:47:00,0,1.0,132.24,56.0
12965.0,89,1,769.8100000000001,282,7.1278703703703705,108,1,2011-09-11 15:31:00,2011-09-11 15:31:00,0,1.0,769.81,282.0
12966.0,10,1,160.18,75,16.018,10,1,2011-11-30 12:38:00,2011-11-30 12:38:00,0,1.0,160.18,75.0
12967.0,358,3,2938.52,912,45.208,47,1,2010-11-21 11:03:00,2010-12-16 19:10:00,25,0.8,3673.15,304.0
12968.0,112,1,135.95,73,27.189999999999998,5,1,2011-08-19 15:44:00,2011-08-19 15:44:00,0,1.0,135.95,73.0
12969.0,603,1,122.45,55,24.490000000000002,5,1,2010-04-16 10:50:00,2010-04-16 10:50:00,0,1.0,122.45,55.0
12970.0,7,10,1453.6,954,4.213333333333333,280,1,2009-12-04 14:19:00,2011-12-02 14:30:00,728,24.3,59.82,95.4
12971.0,4,116,15704.6,14306,38.586240786240786,102,1,2009-12-15 19:04:00,2011-12-06 12:20:00,720,24.0,654.36,123.33
12972.0,414,4,1161.2,844,15.08051948051948,69,1,2010-02-16 14:30:00,2010-10-22 08:41:00,247,8.2,141.61,211.0
12973.0,414,1,385.55,31,64.25833333333334,6,1,2010-10-22 10:14:00,2010-10-22 10:14:00,0,1.0,385.55,31.0
12974.0,198,2,408.95,104,12.7796875,27,1,2010-05-23 11:45:00,2011-05-26 09:33:00,367,12.2,33.52,52.0
12975.0,437,6,2100.09,911,18.750803571428573,92,1,2009-12-06 10:38:00,2010-09-29 09:46:00,296,9.9,212.13,151.83
12976.0,212,8,3156.38,2684,20.495974025974025,106,1,2010-02-12 15:46:00,2011-05-12 09:55:00,453,15.1,209.03,335.5
12977.0,156,4,513.88,128,8.86,54,1,2010-07-16 16:25:00,2011-07-06 16:40:00,355,11.8,43.55,32.0
12978.0,385,5,2502.82,1394,15.35472392638037,126,1,2009-12-10 12:10:00,2010-11-19 14:29:00,344,11.5,217.64,278.8
12979.0,729,1,517.7,520,9.244642857142859,56,1,2009-12-10 15:45:00,2009-12-10 15:45:00,0,1.0,517.7,520.0
12980.0,158,21,16245.78,1910,312.4188461538462,7,1,2009-12-02 11:26:00,2011-07-05 09:34:00,579,19.3,841.75,90.95
12981.0,30,2,372.21999999999997,242,18.610999999999997,12,1,2011-07-29 14:14:00,2011-11-10 12:00:00,103,3.4,109.48,121.0
12982.0,243,8,2744.81,1729,15.420280898876404,139,1,2010-04-12 13:50:00,2011-04-11 11:51:00,363,12.1,226.84,216.12
12983.0,598,1,490.08,638,16.336,30,1,2010-04-20 12:58:00,2010-04-20 12:58:00,0,1.0,490.08,638.0
12984.0,19,1,97.5,26,24.375,4,1,2011-11-21 12:37:00,2011-11-21 12:37:00,0,1.0,97.5,26.0
12985.0,1,2,1239.38,1533,16.30763157894737,73,1,2011-11-11 12:44:00,2011-12-09 10:46:00,27,0.9,1377.09,766.5
12986.0,429,10,2729.84,1164,26.763137254901963,61,1,2010-01-21 10:45:00,2010-10-07 11:57:00,259,8.6,317.42,116.4
12987.0,74,5,1312.21,585,19.881969696969698,61,1,2010-01-20 09:57:00,2011-09-27 12:03:00,615,20.5,64.01,117.0
12988.0,292,1,505.82,126,6.094216867469879,75,1,2011-02-20 14:31:00,2011-02-20 14:31:00,0,1.0,505.82,126.0
12989.0,3,33,13551.75,6935,139.70876288659792,50,1,2009-12-10 13:27:00,2011-12-06 15:28:00,726,24.2,559.99,210.15
12990.0,31,7,955.5,480,35.388888888888886,9,1,2010-03-30 11:36:00,2011-11-08 13:01:00,588,19.6,48.75,68.57
12991.0,23,3,764.82,483,16.996000000000002,45,1,2010-11-15 13:43:00,2011-11-16 15:34:00,366,12.2,62.69,161.0
12992.0,725,1,93.35,21,15.558333333333332,6,1,2009-12-14 16:46:00,2009-12-14 16:46:00,0,1.0,93.35,21.0
12993.0,23,8,1259.63,751,16.574078947368424,57,1,2010-02-18 10:35:00,2011-11-16 15:49:00,636,21.2,59.42,93.88
12994.0,4,3,974.42,459,15.974098360655738,52,1,2011-03-16 08:31:00,2011-12-05 15:43:00,264,8.8,110.73,153.0
12995.0,85,1,211.32,108,70.44,3,1,2011-09-15 15:44:00,2011-09-15 15:44:00,0,1.0,211.32,108.0
12996.0,376,1,355.5,122,16.15909090909091,22,1,2010-11-29 09:27:00,2010-11-29 09:27:00,0,1.0,355.5,122.0
12997.0,22,8,2110.91,1186,19.728130841121494,65,1,2010-04-06 11:06:00,2011-11-17 15:47:00,590,19.7,107.15,148.25
12998.0,493,3,920.08,1124,15.86344827586207,58,1,2010-02-24 11:55:00,2010-08-04 08:05:00,160,5.3,173.6,374.67
12999.0,196,3,455.88,342,16.28142857142857,25,1,2011-04-08 10:26:00,2011-05-27 13:24:00,49,1.6,284.92,114.0
13000.0,107,4,1032.5,548,16.653225806451612,57,1,2009-12-14 17:03:00,2011-08-25 10:43:00,618,20.6,50.12,137.0
13001.0,4,33,24042.65,13448,23.687339901477834,300,1,2009-12-03 16:21:00,2011-12-05 14:51:00,731,24.4,985.35,407.52
13002.0,318,3,414.13,201,18.00565217391304,19,1,2010-10-01 11:58:00,2011-01-25 15:18:00,116,3.9,106.19,67.0
13003.0,106,3,149.05,103,24.84166666666667,4,1,2011-05-09 08:23:00,2011-08-26 10:50:00,109,3.6,41.4,34.33
13004.0,12,36,11650.85,8768,14.295521472392638,417,1,2009-12-15 09:44:00,2011-11-28 11:27:00,713,23.8,489.53,243.56
13005.0,174,4,999.68,462,17.85142857142857,41,1,2010-09-08 12:52:00,2011-06-19 10:53:00,283,9.4,106.35,115.5
13006.0,56,1,81.57,55,20.3925,4,1,2011-10-14 13:49:00,2011-10-14 13:49:00,0,1.0,81.57,55.0
13007.0,580,1,175.25,59,15.931818181818182,11,1,2010-05-09 10:38:00,2010-05-09 10:38:00,0,1.0,175.25,59.0
13008.0,323,3,612.13,379,17.489428571428572,31,1,2009-12-16 16:07:00,2011-01-20 14:24:00,399,13.3,46.02,126.33
13009.0,673,1,234.0,120,58.5,4,1,2010-02-05 12:22:00,2010-02-05 12:22:00,0,1.0,234.0,120.0
13010.0,374,2,330.12,323,27.51,10,1,2010-03-01 11:28:00,2010-11-30 15:09:00,274,9.1,36.28,161.5
13011.0,372,1,50.550000000000004,13,16.85,3,1,2010-12-02 17:22:00,2010-12-02 17:22:00,0,1.0,50.55,13.0
13012.0,9,11,2957.83,1559,19.33222222222222,95,1,2010-04-26 14:14:00,2011-11-30 13:05:00,582,19.4,152.47,141.73
13013.0,1,29,11097.43,5661,22.787330595482548,289,1,2009-12-14 10:34:00,2011-12-08 15:01:00,724,24.1,460.47,195.21
13014.0,11,11,5381.08,1979,24.02267857142857,140,1,2010-10-03 11:35:00,2011-11-29 12:27:00,422,14.1,381.64,179.91
13015.0,53,11,6579.78,3527,18.907413793103448,260,1,2010-04-15 16:35:00,2011-10-17 13:19:00,549,18.3,359.55,320.64
13016.0,73,3,789.89,527,16.806170212765956,39,1,2011-08-08 15:00:00,2011-09-27 14:08:00,49,1.6,493.68,175.67
13017.0,7,1,204.0,48,204.0,1,1,2011-12-02 15:53:00,2011-12-02 15:53:00,0,1.0,204.0,48.0
13018.0,16,35,9763.16,6746,16.190978441127694,401,1,2010-03-01 12:34:00,2011-11-23 13:28:00,632,21.1,462.71,192.74
13019.0,379,6,1229.95,397,22.362727272727273,46,1,2009-12-06 15:40:00,2010-11-25 14:56:00,353,11.8,104.23,66.17
13020.0,563,2,618.96,278,15.870769230769232,38,1,2010-02-18 10:35:00,2010-05-26 11:12:00,97,3.2,193.42,139.0
13021.0,4,17,4887.24,2546,19.016498054474706,166,1,2009-12-05 12:02:00,2011-12-05 16:37:00,730,24.3,201.12,149.76
13022.0,430,1,65.3,35,13.059999999999999,5,1,2010-10-06 10:50:00,2010-10-06 10:50:00,0,1.0,65.3,35.0
13023.0,64,3,1449.03,585,19.066184210526316,69,1,2010-06-29 09:51:00,2011-10-06 16:27:00,464,15.5,93.49,195.0
13024.0,471,2,555.87,181,17.931290322580644,26,1,2010-05-06 14:25:00,2010-08-26 09:42:00,111,3.7,150.24,90.5
13025.0,732,1,323.39,241,24.876153846153844,13,1,2009-12-08 10:02:00,2009-12-08 10:02:00,0,1.0,323.39,241.0
13026.0,1,9,1733.08,2466,21.13512195121951,52,1,2009-12-13 11:34:00,2011-12-08 16:58:00,725,24.2,71.61,274.0
13027.0,114,19,17239.2,42840,202.81411764705882,7,1,2010-01-20 10:41:00,2011-08-18 09:39:00,574,19.1,902.58,2254.74
13028.0,23,2,661.3199999999999,798,14.695999999999998,40,1,2011-10-25 14:09:00,2011-11-17 11:10:00,22,0.7,944.74,399.0
13029.0,31,5,1927.3,194,113.37058823529412,13,1,2010-07-04 13:46:00,2011-11-09 09:13:00,492,16.4,117.52,38.8
13030.0,11,2,752.44,348,8.178695652173914,76,1,2010-12-06 14:31:00,2011-11-28 14:30:00,356,11.9,63.23,174.0
13031.0,407,5,3292.84,2309,8.090515970515971,275,1,2010-06-03 14:57:00,2010-10-28 15:34:00,147,4.9,672.01,461.8
13032.0,52,9,2815.96,1274,13.603671497584541,147,1,2010-09-05 14:01:00,2011-10-18 15:54:00,408,13.6,207.06,141.56
13033.0,357,2,220.55,98,16.965384615384615,12,1,2010-10-06 09:37:00,2010-12-17 14:23:00,72,2.4,91.9,49.0
13034.0,55,3,756.82,406,17.200454545454548,42,1,2010-11-03 15:22:00,2011-10-16 12:21:00,346,11.5,65.81,135.33
13035.0,74,3,1364.2,926,32.48095238095238,27,1,2010-10-04 15:41:00,2011-09-27 08:57:00,357,11.9,114.64,308.67
13036.0,685,1,307.1,38,51.18333333333334,6,1,2010-01-24 11:35:00,2010-01-24 11:35:00,0,1.0,307.1,38.0
13037.0,138,12,3914.9500000000003,2130,16.87478448275862,181,1,2009-12-03 17:04:00,2011-07-24 15:46:00,597,19.9,196.73,177.5
13038.0,80,3,908.46,360,32.445,24,1,2011-02-22 11:43:00,2011-09-20 14:37:00,210,7.0,129.78,120.0
13039.0,584,4,1010.73,290,18.37690909090909,37,1,2009-12-17 16:43:00,2010-05-04 16:45:00,138,4.6,219.72,72.5
13040.0,9,2,676.99,355,15.743953488372092,38,1,2011-11-06 13:53:00,2011-12-01 10:38:00,24,0.8,846.24,177.5
13041.0,451,4,799.13,335,22.832285714285714,23,1,2010-04-29 08:43:00,2010-09-15 11:44:00,139,4.6,173.72,83.75
13042.0,598,3,1488.59,812,8.09016304347826,164,1,2009-12-07 15:42:00,2010-04-20 13:43:00,133,4.4,338.32,270.67
13043.0,273,1,516.42,254,39.72461538461538,13,1,2011-03-11 14:52:00,2011-03-11 14:52:00,0,1.0,516.42,254.0
13044.0,291,11,4848.05,2548,11.653966346153847,356,1,2010-01-08 14:46:00,2011-02-21 15:20:00,409,13.6,356.47,231.64
13045.0,99,3,808.9200000000001,405,17.976000000000003,41,1,2010-08-10 13:02:00,2011-09-01 15:04:00,387,12.9,62.71,135.0
13046.0,31,3,949.25,505,16.950892857142858,50,1,2010-09-09 13:09:00,2011-11-09 08:36:00,425,14.2,66.85,168.33
13047.0,32,24,8428.53,3328,22.297698412698413,190,1,2009-12-16 11:43:00,2011-11-08 12:06:00,692,23.1,364.87,138.67
13048.0,14,9,4049.13,2661,15.279735849056603,125,1,2010-01-27 12:55:00,2011-11-25 13:23:00,667,22.2,182.39,295.67
13049.0,64,4,1408.24,620,54.16307692307692,19,1,2010-11-03 15:39:00,2011-10-06 15:31:00,336,11.2,125.74,155.0
13050.0,15,35,11986.52,7015,12.181422764227642,513,1,2009-12-15 15:06:00,2011-11-25 09:18:00,709,23.6,507.9,200.43
13051.0,579,2,155.8,72,38.95,4,1,2010-03-30 11:11:00,2010-05-10 09:14:00,40,1.3,119.85,36.0
13052.0,212,7,3119.33,1424,12.577943548387097,161,1,2010-02-23 12:31:00,2011-05-11 14:12:00,442,14.7,212.2,203.43
13053.0,622,1,127.65,47,7.508823529411765,17,1,2010-03-28 11:28:00,2010-03-28 11:28:00,0,1.0,127.65,47.0
13055.0,78,4,2321.11,1821,15.072142857142858,145,1,2010-10-06 08:17:00,2011-09-22 14:26:00,351,11.7,198.39,455.25
13056.0,551,1,209.48,158,11.025263157894736,18,1,2010-06-06 14:10:00,2010-06-06 14:10:00,0,1.0,209.48,158.0
13057.0,530,3,709.59,456,17.73975,34,1,2010-03-18 12:14:00,2010-06-27 15:44:00,101,3.4,208.7,152.0
13058.0,25,3,271.40000000000003,52,33.925000000000004,5,1,2011-07-11 12:01:00,2011-11-15 12:43:00,127,4.2,64.62,17.33
13059.0,250,10,2291.77,860,11.574595959595959,155,1,2010-03-31 12:23:00,2011-04-04 10:40:00,368,12.3,186.32,86.0
13060.0,254,1,307.53000000000003,123,20.502000000000002,15,1,2011-03-31 11:37:00,2011-03-31 11:37:00,0,1.0,307.53,123.0
13061.0,72,1,248.61,107,24.861,10,1,2011-09-28 16:04:00,2011-09-28 16:04:00,0,1.0,248.61,107.0
13062.0,191,1,346.98,343,31.543636363636367,11,1,2011-06-01 15:12:00,2011-06-01 15:12:00,0,1.0,346.98,343.0
13063.0,481,1,188.4,116,15.700000000000001,12,1,2010-08-16 12:27:00,2010-08-16 12:27:00,0,1.0,188.4,116.0
13064.0,13,6,1666.84,668,17.92301075268817,58,1,2010-04-27 10:08:00,2011-11-27 12:31:00,579,19.3,86.36,111.33
13065.0,373,5,1055.05,381,17.016935483870967,49,1,2010-06-10 11:44:00,2010-12-01 16:52:00,174,5.8,181.91,76.2
13066.0,24,2,470.8,322,9.808333333333334,48,1,2011-11-07 17:06:00,2011-11-15 12:57:00,7,0.2,2354.0,161.0
13067.0,82,3,508.51,131,15.8909375,24,1,2010-09-19 13:43:00,2011-09-18 13:38:00,363,12.1,42.03,43.67
13068.0,10,2,344.0,200,172.0,1,1,2011-01-24 08:20:00,2011-11-29 15:00:00,309,10.3,33.4,100.0
13069.0,1,38,9284.45,15171,8.944556840077071,573,1,2010-06-14 14:27:00,2011-12-09 08:39:00,542,18.1,512.95,399.24
13070.0,192,4,751.7,372,22.77878787878788,12,1,2009-12-07 14:44:00,2011-05-31 13:45:00,539,18.0,41.76,93.0
13071.0,612,1,129.22,30,10.768333333333333,12,1,2010-04-06 13:37:00,2010-04-06 13:37:00,0,1.0,129.22,30.0
13072.0,267,1,177.15,69,25.307142857142857,7,1,2011-03-18 08:12:00,2011-03-18 08:12:00,0,1.0,177.15,69.0
13073.0,411,2,418.08,261,15.484444444444444,25,1,2010-09-28 09:27:00,2010-10-24 14:06:00,26,0.9,464.53,130.5
13074.0,511,4,1378.74,826,47.54275862068965,26,1,2009-12-16 11:46:00,2010-07-16 16:53:00,212,7.1,194.19,206.5
13075.0,130,1,919.61,485,41.80045454545455,22,1,2011-08-02 10:19:00,2011-08-02 10:19:00,0,1.0,919.61,485.0
13076.0,458,1,135.4,44,15.044444444444444,9,1,2010-09-08 10:27:00,2010-09-08 10:27:00,0,1.0,135.4,44.0
13077.0,1,11,2740.65,2468,8.305,208,1,2009-12-11 11:17:00,2011-12-08 19:24:00,727,24.2,113.25,224.36
13078.0,3,57,29018.06,12032,36.685284450063214,153,1,2009-12-01 09:06:00,2011-12-06 15:36:00,735,24.5,1184.41,211.09
13079.0,4,6,419.18,158,24.657647058823528,11,1,2010-10-18 14:15:00,2011-12-05 16:53:00,413,13.8,30.38,26.33
13080.0,179,4,280.73,193,14.775263157894738,17,1,2010-04-09 13:07:00,2011-06-13 14:59:00,430,14.3,19.63,48.25
13081.0,12,28,56838.37,40077,24.929109649122807,738,1,2009-12-08 13:58:00,2011-11-28 10:54:00,719,24.0,2368.27,1431.32
13082.0,126,21,7335.75,8466,56.866279069767444,99,1,2009-12-22 15:37:00,2011-08-05 16:16:00,591,19.7,372.37,403.14
13083.0,4,3,395.43,307,17.974090909090908,19,1,2010-10-10 13:38:00,2011-12-05 15:01:00,421,14.0,28.24,102.33
13084.0,492,1,122.39999999999999,144,61.199999999999996,2,1,2010-08-05 08:49:00,2010-08-05 08:49:00,0,1.0,122.4,144.0
13085.0,158,8,2433.28,944,28.96761904761905,50,1,2009-12-01 07:45:00,2011-07-05 12:11:00,581,19.4,125.43,118.0
13086.0,383,1,439.33000000000004,155,9.34744680851064,47,1,2010-11-22 10:28:00,2010-11-22 10:28:00,0,1.0,439.33,155.0
13087.0,726,1,313.64,86,20.909333333333333,15,1,2009-12-13 15:16:00,2009-12-13 15:16:00,0,1.0,313.64,86.0
13088.0,417,1,236.11,76,11.8055,19,1,2010-10-18 15:35:00,2010-10-18 15:35:00,0,1.0,236.11,76.0
13089.0,3,203,113416.91,58932,34.21324585218703,857,1,2009-12-02 15:44:00,2011-12-07 09:02:00,734,24.5,4629.26,290.31
13090.0,9,24,13091.74,3247,47.78007299270073,163,1,2010-08-02 13:58:00,2011-12-01 12:39:00,485,16.2,808.13,135.29
13091.0,28,3,2321.82,1339,51.596000000000004,41,1,2009-12-10 11:50:00,2011-11-11 15:54:00,701,23.4,99.22,446.33
13092.0,71,12,2140.28,664,20.38361904761905,52,1,2010-02-10 08:44:00,2011-09-30 11:18:00,597,19.9,107.55,55.33
13093.0,276,55,54144.25,25971,52.212391513982645,199,1,2009-12-04 10:32:00,2011-03-09 12:14:00,460,15.3,3538.84,472.2
13094.0,21,13,2209.44,1896,76.18758620689655,5,1,2010-11-15 14:15:00,2011-11-18 14:07:00,367,12.2,181.1,145.85
13095.0,71,1,74.39999999999999,144,12.399999999999999,6,1,2011-09-30 12:03:00,2011-09-30 12:03:00,0,1.0,74.4,144.0
13096.0,394,1,419.7000000000001,6,419.7000000000001,1,1,2010-11-10 14:08:00,2010-11-10 14:08:00,0,1.0,419.7,6.0
13097.0,33,28,13324.1,5345,13.271015936254981,390,1,2009-12-01 13:31:00,2011-11-07 10:43:00,705,23.5,566.98,190.89
13098.0,1,28,28882.44,15968,50.49377622377622,156,1,2011-01-26 13:46:00,2011-12-08 14:14:00,316,10.5,2750.71,570.29
13099.0,99,1,207.36,288,207.36,1,1,2011-09-01 17:40:00,2011-09-01 17:40:00,0,1.0,207.36,288.0
13101.0,234,4,695.4,478,13.635294117647058,48,1,2010-01-27 15:49:00,2011-04-19 14:37:00,446,14.9,46.67,119.5
13102.0,1,37,11380.1,6366,23.65925155925156,212,1,2010-05-06 13:12:00,2011-12-08 12:52:00,580,19.3,589.64,172.05
13103.0,40,3,709.64,426,21.504242424242424,27,1,2010-05-11 14:41:00,2011-10-31 09:38:00,537,17.9,39.64,142.0
13104.0,3,9,1709.1,834,56.97,15,1,2010-02-24 15:06:00,2011-12-06 13:10:00,649,21.6,79.12,92.67
13105.0,436,1,72.0,100,72.0,1,1,2010-09-29 13:41:00,2010-09-29 13:41:00,0,1.0,72.0,100.0
13106.0,133,2,603.46,231,37.71625,15,1,2010-10-22 13:10:00,2011-07-29 15:12:00,280,9.3,64.89,115.5
13107.0,44,9,5253.07,4316,29.511629213483143,142,1,2010-02-04 10:50:00,2011-10-26 14:52:00,629,21.0,250.15,479.56
13108.0,373,2,748.46,745,21.38457142857143,27,1,2010-09-30 17:09:00,2010-12-02 10:35:00,62,2.1,356.41,372.5
13109.0,60,3,1134.03,757,16.20042857142857,57,1,2010-06-06 12:59:00,2011-10-11 10:16:00,491,16.4,69.15,252.33
13110.0,31,12,2957.4700000000003,763,11.735992063492064,167,1,2009-12-01 14:14:00,2011-11-08 14:30:00,707,23.6,125.32,63.58
13111.0,719,1,321.88000000000005,180,26.823333333333338,12,1,2009-12-21 09:00:00,2009-12-21 09:00:00,0,1.0,321.88,180.0
13112.0,541,1,20.599999999999998,11,10.299999999999999,2,1,2010-06-16 17:03:00,2010-06-16 17:03:00,0,1.0,20.6,11.0
13113.0,1,37,18230.07,4435,48.355623342175065,166,1,2010-03-28 16:13:00,2011-12-09 12:49:00,620,20.7,880.68,119.86
13114.0,731,1,234.38,74,14.64875,16,1,2009-12-09 09:56:00,2009-12-09 09:56:00,0,1.0,234.38,74.0
13115.0,12,10,5494.7,3934,17.49904458598726,178,1,2010-04-19 13:29:00,2011-11-28 12:38:00,587,19.6,280.34,393.4
13116.0,138,1,501.14,291,16.704666666666665,30,1,2011-07-24 14:33:00,2011-07-24 14:33:00,0,1.0,501.14,291.0
13117.0,22,18,2255.66,1852,13.923827160493826,122,1,2010-03-26 13:50:00,2011-11-18 12:02:00,601,20.0,112.78,102.89
13118.0,20,9,2415.41,834,16.320337837837837,111,1,2010-09-26 15:46:00,2011-11-20 12:46:00,419,14.0,172.53,92.67
13119.0,669,1,134.9,110,12.263636363636364,11,1,2010-02-09 08:38:00,2010-02-09 08:38:00,0,1.0,134.9,110.0
13120.0,239,1,30.6,12,30.6,1,1,2011-04-15 10:19:00,2011-04-15 10:19:00,0,1.0,30.6,12.0
13121.0,269,1,283.73,252,5.674600000000001,50,1,2011-03-15 16:47:00,2011-03-15 16:47:00,0,1.0,283.73,252.0
13122.0,94,2,922.39,585,16.77072727272727,54,1,2011-04-13 14:12:00,2011-09-06 15:53:00,146,4.9,188.24,292.5
13123.0,473,2,506.75,268,11.261111111111111,36,1,2010-06-28 12:43:00,2010-08-24 10:18:00,56,1.9,266.71,134.0
13124.0,90,4,4641.66,2738,16.401625441696112,216,1,2010-11-19 15:50:00,2011-09-11 12:45:00,295,9.8,473.64,684.5
13125.0,524,1,148.62,53,7.431,20,1,2010-07-04 11:58:00,2010-07-04 11:58:00,0,1.0,148.62,53.0
13126.0,5,13,3774.81,3289,15.860546218487395,183,1,2010-03-02 12:24:00,2011-12-05 10:00:00,642,21.4,176.39,253.0
13127.0,78,1,259.17,127,17.278000000000002,15,1,2011-09-23 10:26:00,2011-09-23 10:26:00,0,1.0,259.17,127.0
13128.0,631,1,263.5,31,263.5,1,1,2010-03-18 15:08:00,2010-03-18 15:08:00,0,1.0,263.5,31.0
13129.0,452,2,233.25,296,21.204545454545453,10,1,2010-06-28 11:54:00,2010-09-13 13:47:00,77,2.6,89.71,148.0
13130.0,94,1,64.0,32,32.0,2,1,2011-09-06 15:30:00,2011-09-06 15:30:00,0,1.0,64.0,32.0
13131.0,23,7,3313.77,1523,22.24006711409396,107,1,2010-02-09 09:47:00,2011-11-16 13:21:00,645,21.5,154.13,217.57
13132.0,262,1,77.3,20,25.766666666666666,3,1,2011-03-23 12:44:00,2011-03-23 12:44:00,0,1.0,77.3,20.0
13133.0,274,3,200.45,55,16.704166666666666,12,1,2010-09-06 15:30:00,2011-03-11 10:31:00,185,6.2,32.33,18.33
13134.0,86,6,2475.23,1364,20.456446280991734,110,1,2010-10-19 13:21:00,2011-09-15 10:35:00,330,11.0,225.02,227.33
13135.0,197,2,3371.45,4423,187.30277777777778,18,1,2010-08-05 17:28:00,2011-05-27 10:52:00,294,9.8,344.03,2211.5
13136.0,56,13,6274.56,3109,19.919238095238097,204,1,2009-12-08 18:30:00,2011-10-14 13:41:00,674,22.5,278.87,239.15
13137.0,11,16,7586.94,4238,5.442568149210904,628,1,2010-07-25 15:40:00,2011-11-29 12:09:00,491,16.4,462.62,264.88
13138.0,22,7,1274.01,593,14.98835294117647,41,1,2010-11-08 11:45:00,2011-11-17 16:51:00,374,12.5,101.92,84.71
13139.0,16,8,8202.98,4614,30.954641509433962,214,1,2010-09-28 09:12:00,2011-11-23 13:54:00,421,14.0,585.93,576.75
13140.0,108,5,1054.92,572,10.046857142857144,89,1,2010-08-05 19:05:00,2011-08-23 15:33:00,382,12.7,83.06,114.4
13141.0,85,17,7656.08,5159,18.056792452830187,285,1,2009-12-09 13:34:00,2011-09-16 09:54:00,645,21.5,356.1,303.47
13142.0,19,1,307.09000000000003,258,13.351739130434783,23,1,2011-11-20 16:07:00,2011-11-20 16:07:00,0,1.0,307.09,258.0
13143.0,585,1,405.1,198,17.61304347826087,23,1,2010-05-04 12:22:00,2010-05-04 12:22:00,0,1.0,405.1,198.0
13144.0,333,2,135.35,29,22.558333333333334,6,1,2010-10-04 14:14:00,2011-01-11 11:15:00,98,3.3,41.02,14.5
13145.0,40,7,1128.52,265,125.39111111111112,5,1,2010-04-19 11:11:00,2011-10-31 12:45:00,560,18.7,60.35,37.86
13146.0,26,1,228.91,154,13.465294117647058,16,1,2011-11-13 15:29:00,2011-11-13 15:29:00,0,1.0,228.91,154.0
13147.0,10,4,712.8,144,178.2,1,1,2011-09-01 12:28:00,2011-11-29 13:59:00,89,3.0,237.6,36.0
13148.0,29,26,8497.82,4487,11.13737876802097,451,1,2009-12-07 15:26:00,2011-11-10 15:23:00,702,23.4,363.15,172.58
13149.0,14,4,1676.06,1280,19.48906976744186,76,1,2011-02-23 13:57:00,2011-11-25 13:09:00,274,9.1,184.18,320.0
13150.0,484,3,449.96999999999997,171,56.246249999999996,7,1,2010-03-19 09:03:00,2010-08-12 12:59:00,146,4.9,91.83,57.0
13151.0,296,3,2465.21,813,15.602594936708861,131,1,2010-03-22 10:26:00,2011-02-17 12:29:00,332,11.1,222.09,271.0
13152.0,417,7,2146.38,977,15.899111111111113,114,1,2010-01-14 10:01:00,2010-10-18 13:44:00,277,9.2,233.3,139.57
13153.0,6,1,486.22,418,32.41466666666667,15,1,2011-12-04 12:14:00,2011-12-04 12:14:00,0,1.0,486.22,418.0
13154.0,399,3,1624.84,976,17.471397849462363,78,1,2009-12-04 08:46:00,2010-11-05 16:00:00,336,11.2,145.07,325.33
13155.0,33,6,1370.48,741,12.236428571428572,79,1,2010-08-05 09:30:00,2011-11-06 15:41:00,458,15.3,89.57,123.5
13156.0,385,3,1586.54,914,15.255192307692308,94,1,2010-02-01 13:45:00,2010-11-19 13:09:00,290,9.7,163.56,304.67
13157.0,49,9,5687.36,4762,22.658804780876494,173,1,2010-03-08 11:59:00,2011-10-21 13:50:00,592,19.7,288.7,529.11
13158.0,95,5,1508.18,992,15.081800000000001,70,1,2010-11-16 17:12:00,2011-09-06 11:58:00,293,9.8,153.9,198.4
13159.0,9,4,1429.35,1058,11.911249999999999,114,1,2011-08-16 11:44:00,2011-12-01 11:20:00,106,3.5,408.39,264.5
13160.0,22,1,91.8,56,22.95,4,1,2011-11-17 13:07:00,2011-11-17 13:07:00,0,1.0,91.8,56.0
13161.0,313,2,472.13,105,14.306969696969697,30,1,2010-07-27 12:44:00,2011-01-30 14:03:00,187,6.2,76.15,52.5
13162.0,122,16,9275.49,5755,38.972647058823526,186,1,2009-12-04 13:59:00,2011-08-09 15:59:00,613,20.4,454.68,359.69
13163.0,610,1,17.65,3,8.825,2,1,2010-04-08 16:21:00,2010-04-08 16:21:00,0,1.0,17.65,3.0
13164.0,569,2,372.2,120,37.22,7,1,2010-02-10 11:52:00,2010-05-19 13:52:00,98,3.3,112.79,60.0
13165.0,46,3,1451.1599999999999,1736,29.61551020408163,47,1,2010-10-22 17:04:00,2011-10-24 15:05:00,366,12.2,118.95,578.67
13166.0,283,2,875.93,522,12.881323529411764,55,1,2010-10-21 14:29:00,2011-03-01 15:16:00,131,4.4,199.07,261.0
13167.0,19,5,1125.15,1007,13.890740740740743,64,1,2010-11-14 12:58:00,2011-11-21 12:24:00,371,12.4,90.74,201.4
13168.0,36,5,1840.73,898,10.640057803468208,127,1,2010-06-15 15:00:00,2011-11-03 12:56:00,505,16.8,109.57,179.6
13169.0,64,3,840.08,296,46.67111111111112,16,1,2010-05-26 15:58:00,2011-10-07 12:11:00,498,16.6,50.61,98.67
13170.0,27,1,108.81,141,3.6270000000000002,29,1,2011-11-13 12:19:00,2011-11-13 12:19:00,0,1.0,108.81,141.0
13171.0,22,3,468.41,229,10.182826086956522,37,1,2011-02-13 14:16:00,2011-11-18 10:27:00,277,9.2,50.91,76.33
13172.0,400,1,69.6,48,69.6,1,1,2010-11-04 15:10:00,2010-11-04 15:10:00,0,1.0,69.6,48.0
13173.0,4,11,2399.82,1481,11.110277777777778,160,1,2009-12-10 12:52:00,2011-12-05 15:51:00,725,24.2,99.17,134.64
13174.0,16,12,7995.36,3794,8.523837953091684,602,1,2009-12-04 15:40:00,2011-11-23 14:35:00,718,23.9,334.53,316.17
13175.0,582,2,831.45,423,18.075,40,1,2009-12-04 12:11:00,2010-05-06 13:13:00,153,5.1,163.03,211.5
13176.0,46,1,481.49,448,7.186417910447761,66,1,2011-10-24 15:43:00,2011-10-24 15:43:00,0,1.0,481.49,448.0
13177.0,65,2,512.2,180,17.073333333333334,23,1,2010-10-05 10:35:00,2011-10-06 09:56:00,365,12.2,41.98,90.0
13178.0,26,21,14059.19,8778,20.46461426491994,194,1,2009-12-16 14:00:00,2011-11-13 16:14:00,697,23.2,606.0,418.0
13179.0,619,1,572.3100000000001,368,16.832647058823532,34,1,2010-03-31 11:40:00,2010-03-31 11:40:00,0,1.0,572.31,368.0
13180.0,607,1,86.10000000000001,42,21.525000000000002,4,1,2010-04-11 13:37:00,2010-04-11 13:37:00,0,1.0,86.1,42.0
13181.0,381,1,359.69,171,18.931052631578947,19,1,2010-11-23 15:05:00,2010-11-23 15:05:00,0,1.0,359.69,171.0
13182.0,45,1,121.18,201,11.016363636363637,11,1,2011-10-25 13:46:00,2011-10-25 13:46:00,0,1.0,121.18,201.0
13183.0,8,15,7036.18,4027,45.10371794871795,64,1,2010-03-14 12:32:00,2011-12-02 10:30:00,627,20.9,336.66,268.47
13184.0,15,10,1668.95,1662,9.323743016759776,138,1,2011-02-22 17:25:00,2011-11-25 12:02:00,275,9.2,181.41,166.2
13185.0,268,1,71.4,12,71.4,1,1,2011-03-17 11:56:00,2011-03-17 11:56:00,0,1.0,71.4,12.0
13186.0,40,3,1575.89,820,19.947974683544306,69,1,2011-08-03 09:09:00,2011-10-31 11:40:00,89,3.0,525.3,273.33
13187.0,337,4,341.36,296,6.095714285714286,51,1,2010-03-25 17:18:00,2011-01-06 18:57:00,287,9.6,35.56,74.0
13188.0,11,1,114.6,25,57.3,2,1,2011-11-28 15:28:00,2011-11-28 15:28:00,0,1.0,114.6,25.0
13189.0,19,2,260.68,842,8.988965517241379,29,1,2011-08-16 13:12:00,2011-11-21 10:39:00,96,3.2,81.46,421.0
13190.0,544,3,570.66,308,33.56823529411764,16,1,2009-12-07 12:13:00,2010-06-13 15:47:00,188,6.3,90.58,102.67
13191.0,658,1,164.69,115,2.79135593220339,58,1,2010-02-19 17:02:00,2010-02-19 17:02:00,0,1.0,164.69,115.0
13192.0,95,6,2558.58,1629,15.793703703703704,135,1,2010-01-22 08:37:00,2011-09-05 14:13:00,591,19.7,129.88,271.5
13193.0,61,1,112.08,46,4.4832,22,1,2011-10-09 14:30:00,2011-10-09 14:30:00,0,1.0,112.08,46.0
13194.0,136,2,472.78,326,47.278,10,1,2010-10-14 11:54:00,2011-07-27 09:01:00,285,9.5,49.77,163.0
13195.0,414,1,136.73,70,2.972391304347826,43,1,2010-10-21 13:07:00,2010-10-21 13:07:00,0,1.0,136.73,70.0
13196.0,11,7,3068.84,2006,16.323617021276597,141,1,2010-04-01 12:54:00,2011-11-28 13:54:00,606,20.2,151.92,286.57
13197.0,610,1,373.01000000000005,204,19.632105263157897,19,1,2010-04-09 09:14:00,2010-04-09 09:14:00,0,1.0,373.01,204.0
13198.0,10,8,4974.2300000000005,3449,15.841496815286625,265,1,2010-10-01 13:27:00,2011-11-29 15:17:00,424,14.1,352.78,431.12
13199.0,4,67,15964.210000000001,11567,78.64142857142858,61,1,2009-12-05 10:11:00,2011-12-06 12:30:00,731,24.4,654.27,172.64
13200.0,19,4,870.09,516,18.915,42,1,2011-08-05 14:50:00,2011-11-20 15:35:00,107,3.6,241.69,129.0
13201.0,502,4,1233.06,1036,14.337906976744186,65,1,2010-03-07 11:01:00,2010-07-25 14:30:00,140,4.7,262.35,259.0
13202.0,394,7,1580.3,572,22.902898550724636,55,1,2009-12-09 10:48:00,2010-11-10 16:24:00,336,11.2,141.1,81.71
13203.0,10,10,2648.25,2413,15.670118343195266,158,1,2009-12-17 14:15:00,2011-11-30 10:45:00,712,23.7,111.74,241.3
13204.0,731,1,966.6600000000001,428,16.958947368421054,57,1,2009-12-08 14:56:00,2009-12-08 14:56:00,0,1.0,966.66,428.0
13205.0,443,1,2803.2,256,2803.2,1,1,2010-09-22 16:26:00,2010-09-22 16:26:00,0,1.0,2803.2,256.0
13206.0,400,13,8308.19,7086,14.678780918727917,393,1,2009-12-07 13:48:00,2010-11-04 16:50:00,332,11.1,748.49,545.08
13207.0,15,4,535.86,178,41.22,10,1,2010-04-06 16:37:00,2011-11-24 14:52:00,596,19.9,26.93,44.5
13208.0,59,9,1976.3,1343,7.842460317460318,198,1,2009-12-03 13:25:00,2011-10-12 09:54:00,677,22.6,87.45,149.22
13209.0,30,13,8509.51,5781,23.25002732240437,284,1,2010-01-24 14:30:00,2011-11-09 13:54:00,653,21.8,390.34,444.69
13210.0,94,1,353.48,316,16.067272727272726,22,1,2011-09-07 08:18:00,2011-09-07 08:18:00,0,1.0,353.48,316.0
13211.0,10,10,2618.77,1845,13.028706467661692,98,1,2009-12-06 15:24:00,2011-11-29 14:43:00,722,24.1,108.66,184.5
13212.0,20,3,786.83,309,5.580354609929079,128,1,2011-10-09 14:48:00,2011-11-20 12:40:00,41,1.4,562.02,103.0
13213.0,57,11,3851.52,2962,18.88,181,1,2010-05-20 14:50:00,2011-10-14 11:42:00,511,17.0,226.56,269.27
13214.0,418,7,3264.23,2966,14.254279475982532,207,1,2010-03-03 14:10:00,2010-10-18 10:00:00,228,7.6,429.5,423.71
13215.0,402,1,81.6,96,81.6,1,1,2010-11-02 18:26:00,2010-11-02 18:26:00,0,1.0,81.6,96.0
13216.0,268,1,333.74,297,66.748,5,1,2011-03-17 12:18:00,2011-03-17 12:18:00,0,1.0,333.74,297.0
13217.0,122,4,666.48,512,133.296,3,1,2010-02-22 12:49:00,2011-08-09 15:32:00,533,17.8,37.44,128.0
13218.0,127,1,62.64,88,12.528,5,1,2011-08-04 16:59:00,2011-08-04 16:59:00,0,1.0,62.64,88.0
13219.0,618,1,76.23,11,6.930000000000001,11,1,2010-03-31 14:18:00,2010-03-31 14:18:00,0,1.0,76.23,11.0
13220.0,78,5,1336.0900000000001,396,25.20924528301887,46,1,2010-05-13 10:35:00,2011-09-22 13:38:00,497,16.6,80.49,79.2
13221.0,240,2,847.41,244,12.839545454545455,62,1,2010-12-15 13:24:00,2011-04-13 16:58:00,119,4.0,211.85,122.0
13222.0,577,1,88.5,30,88.5,1,1,2010-05-11 13:54:00,2010-05-11 13:54:00,0,1.0,88.5,30.0
13223.0,200,6,969.12,568,74.5476923076923,8,1,2010-02-12 13:27:00,2011-05-23 13:03:00,464,15.5,62.52,94.67
13224.0,60,2,2155.95,1518,19.9625,101,1,2011-07-11 14:10:00,2011-10-10 14:55:00,91,3.0,718.65,759.0
13225.0,3,16,16260.07,7401,130.08056,60,1,2009-12-17 09:09:00,2011-12-06 13:29:00,719,24.0,677.5,462.56
13226.0,273,2,312.46,179,11.159285714285714,28,1,2010-11-11 13:46:00,2011-03-11 14:35:00,120,4.0,78.11,89.5
13227.0,202,1,257.7,99,28.633333333333333,9,1,2011-05-22 11:47:00,2011-05-22 11:47:00,0,1.0,257.7,99.0
13228.0,81,1,358.0,200,179.0,2,1,2011-09-19 14:28:00,2011-09-19 14:28:00,0,1.0,358.0,200.0
13229.0,226,1,160.95,63,16.095,10,1,2011-04-28 12:07:00,2011-04-28 12:07:00,0,1.0,160.95,63.0
13230.0,4,30,6120.01,3520,4.892094324540368,653,1,2010-03-18 20:02:00,2011-12-05 16:03:00,626,20.9,292.82,117.33
13232.0,13,7,1328.35,773,6.575990099009901,147,1,2011-04-10 13:48:00,2011-11-27 10:39:00,230,7.7,172.51,110.43
13233.0,74,4,1176.46,1604,15.479736842105263,74,1,2010-01-14 14:10:00,2011-09-26 13:25:00,619,20.6,57.11,401.0
13234.0,673,2,346.5,159,5.680327868852459,56,1,2009-12-07 12:32:00,2010-02-05 11:41:00,59,2.0,173.25,79.5
13235.0,212,1,1031.07,441,17.77706896551724,53,1,2011-05-11 17:13:00,2011-05-11 17:13:00,0,1.0,1031.07,441.0
13236.0,25,2,744.85,416,20.69027777777778,34,1,2011-08-25 08:58:00,2011-11-15 12:50:00,82,2.7,275.87,208.0
13237.0,388,1,643.0,128,26.791666666666668,24,1,2010-11-17 10:07:00,2010-11-17 10:07:00,0,1.0,643.0,128.0
13238.0,17,6,1006.63,442,21.417659574468086,24,1,2010-04-28 15:02:00,2011-11-22 15:37:00,573,19.1,52.7,73.67
13239.0,262,5,1594.69,1151,17.14720430107527,86,1,2010-07-25 13:34:00,2011-03-23 10:25:00,240,8.0,199.34,230.2
13240.0,96,8,1475.79,709,7.342238805970149,160,1,2010-02-25 13:17:00,2011-09-04 14:08:00,556,18.5,79.77,88.62
13241.0,412,1,112.53,46,2.81325,40,1,2010-10-24 11:17:00,2010-10-24 11:17:00,0,1.0,112.53,46.0
13242.0,112,7,699.4,350,19.982857142857142,19,1,2010-02-09 13:12:00,2011-08-19 12:53:00,555,18.5,37.81,50.0
13243.0,203,5,1220.38,554,5.953073170731708,165,1,2010-03-18 13:10:00,2011-05-20 13:14:00,428,14.3,85.34,110.8
13244.0,93,1,121.74000000000001,38,4.508888888888889,27,1,2011-09-08 11:46:00,2011-09-08 11:46:00,0,1.0,121.74,38.0
13245.0,51,2,989.22,371,21.982666666666667,43,1,2010-10-03 14:03:00,2011-10-20 11:40:00,381,12.7,77.89,185.5
13246.0,18,11,3351.75,2796,9.034366576819407,229,1,2010-07-02 13:36:00,2011-11-21 16:50:00,507,16.9,198.33,254.18
13247.0,18,4,501.12,328,20.0448,18,1,2011-09-18 11:31:00,2011-11-22 10:59:00,64,2.1,238.63,82.0
13248.0,125,2,465.68,305,17.91076923076923,25,1,2011-06-03 13:05:00,2011-08-07 12:40:00,64,2.1,221.75,152.5
13249.0,92,9,1608.9299999999998,1246,45.969428571428566,21,1,2010-01-24 12:11:00,2011-09-08 13:26:00,592,19.7,81.67,138.44
13250.0,461,2,253.09,107,13.320526315789474,17,1,2010-07-25 14:01:00,2010-09-05 11:33:00,41,1.4,180.78,53.5
13251.0,402,1,252.68,215,10.1072,25,1,2010-11-02 13:20:00,2010-11-02 13:20:00,0,1.0,252.68,215.0
13252.0,394,2,399.3,134,21.01578947368421,19,1,2010-03-24 10:30:00,2010-11-10 16:00:00,231,7.7,51.86,67.0
13253.0,157,4,2951.11,3015,39.34813333333334,73,1,2010-01-05 12:13:00,2011-07-06 10:09:00,546,18.2,162.15,753.75
13254.0,376,1,51.41,43,12.8525,4,1,2010-11-28 15:42:00,2010-11-28 15:42:00,0,1.0,51.41,43.0
13255.0,9,3,678.76,407,26.106153846153845,26,1,2010-07-15 13:20:00,2011-11-30 13:14:00,502,16.7,40.64,135.67
13257.0,436,1,149.75,33,21.392857142857142,7,1,2010-09-29 14:58:00,2010-09-29 14:58:00,0,1.0,149.75,33.0
13258.0,12,5,1009.43,446,22.94159090909091,29,1,2010-11-04 12:45:00,2011-11-28 09:31:00,388,12.9,78.25,89.2
13259.0,62,9,1402.54,503,4.480958466453674,234,1,2010-01-10 10:26:00,2011-10-09 10:48:00,637,21.2,66.16,55.89
13260.0,61,1,557.62,142,69.7025,8,1,2011-10-09 13:21:00,2011-10-09 13:21:00,0,1.0,557.62,142.0
13261.0,269,2,944.1,210,104.9,8,1,2011-02-27 10:41:00,2011-03-16 12:22:00,17,0.6,1573.5,105.0
13262.0,263,3,573.45,247,11.469000000000001,48,1,2010-04-18 12:14:00,2011-03-21 15:06:00,337,11.2,51.2,82.33
13263.0,1,39,8676.2,5372,4.554435695538058,507,1,2010-10-22 17:07:00,2011-12-08 13:59:00,411,13.7,633.3,137.74
13264.0,443,1,722.5600000000001,375,19.014736842105265,38,1,2010-09-23 12:42:00,2010-09-23 12:42:00,0,1.0,722.56,375.0
13265.0,53,5,2092.66,1740,23.251777777777775,66,1,2011-03-11 09:54:00,2011-10-17 15:02:00,220,7.3,286.67,348.0
13266.0,11,19,6135.04,6837,19.98384364820847,154,1,2009-12-17 10:52:00,2011-11-28 14:39:00,711,23.7,258.86,359.84
13267.0,3,36,9429.81,3959,22.943576642335763,152,1,2009-12-07 16:56:00,2011-12-07 11:12:00,729,24.3,388.06,109.97
13268.0,18,11,3174.75,3624,7.331986143187067,257,1,2011-03-17 13:20:00,2011-11-22 11:51:00,249,8.3,382.5,329.45
13269.0,1,28,8537.32,6366,17.566502057613167,238,1,2009-12-02 11:47:00,2011-12-08 14:53:00,736,24.5,348.46,227.36
13270.0,366,1,590.0,200,590.0,1,1,2010-12-08 14:53:00,2010-12-08 14:53:00,0,1.0,590.0,200.0
13271.0,37,1,211.49,240,2.430919540229885,79,1,2011-11-02 14:31:00,2011-11-02 14:31:00,0,1.0,211.49,240.0
13272.0,31,2,276.56,96,18.437333333333335,15,1,2011-09-11 12:06:00,2011-11-08 14:00:00,58,1.9,145.56,48.0
13273.0,113,1,138.98,153,8.68625,16,1,2011-08-18 14:02:00,2011-08-18 14:02:00,0,1.0,138.98,153.0
13274.0,409,1,360.85,199,18.992105263157896,19,1,2010-10-26 13:48:00,2010-10-26 13:48:00,0,1.0,360.85,199.0
13275.0,384,2,238.86,138,4.97625,48,1,2010-03-17 14:05:00,2010-11-21 12:09:00,248,8.3,28.78,69.0
13276.0,64,5,1891.91,840,7.915941422594143,209,1,2010-03-07 14:05:00,2011-10-07 12:44:00,578,19.3,98.03,168.0
13277.0,16,7,523.3,382,22.752173913043475,10,1,2010-06-18 08:45:00,2011-11-24 09:21:00,524,17.5,29.9,54.57
13278.0,41,4,1435.85,1358,13.294907407407406,80,1,2010-04-08 11:59:00,2011-10-30 11:49:00,569,19.0,75.57,339.5
13279.0,78,1,137.75,73,15.305555555555555,9,1,2011-09-22 17:24:00,2011-09-22 17:24:00,0,1.0,137.75,73.0
13280.0,122,7,2293.33,1489,11.186975609756097,159,1,2010-03-05 09:07:00,2011-08-09 13:14:00,522,17.4,131.8,212.71
13281.0,439,1,350.85,201,15.947727272727274,22,1,2010-09-26 16:03:00,2010-09-26 16:03:00,0,1.0,350.85,201.0
13282.0,18,4,1313.19,410,25.748823529411766,42,1,2010-10-29 14:11:00,2011-11-21 15:33:00,388,12.9,101.8,102.5
13283.0,60,4,373.36,204,18.668,19,1,2010-03-09 14:36:00,2011-10-11 09:50:00,580,19.3,19.35,51.0
13284.0,331,1,201.19,91,15.476153846153846,13,1,2011-01-13 09:23:00,2011-01-13 09:23:00,0,1.0,201.19,91.0
13285.0,23,6,3364.59,2457,14.565324675324677,182,1,2010-03-25 14:26:00,2011-11-16 13:19:00,600,20.0,168.23,409.5
13286.0,600,1,734.91,274,14.998163265306122,46,1,2010-04-18 15:35:00,2010-04-18 15:35:00,0,1.0,734.91,274.0
13287.0,603,3,781.59,429,14.746981132075472,46,1,2010-01-04 10:43:00,2010-04-15 15:26:00,101,3.4,229.88,143.0
13288.0,443,5,927.61,379,92.761,7,1,2010-02-11 14:59:00,2010-09-22 16:32:00,223,7.4,125.35,75.8
13289.0,724,1,307.95,119,19.246875,16,1,2009-12-16 11:53:00,2009-12-16 11:53:00,0,1.0,307.95,119.0
13290.0,438,1,208.63,1,208.63,1,1,2010-09-27 16:29:00,2010-09-27 16:29:00,0,1.0,208.63,1.0
13291.0,156,11,3270.79,1600,10.285503144654088,155,1,2010-02-11 18:36:00,2011-07-07 10:36:00,510,17.0,192.4,145.45
13292.0,39,5,994.51,530,16.856101694915253,55,1,2010-07-01 14:36:00,2011-11-01 10:04:00,487,16.2,61.39,106.0
13293.0,392,6,1192.94,555,16.56861111111111,51,1,2010-02-09 12:05:00,2010-11-12 13:28:00,276,9.2,129.67,92.5
13294.0,190,3,1689.53,996,16.564019607843136,93,1,2010-03-03 12:54:00,2011-06-03 08:54:00,456,15.2,111.15,332.0
13295.0,360,4,1101.97,733,16.44731343283582,56,1,2010-05-12 09:13:00,2010-12-15 11:21:00,217,7.2,153.05,183.25
13296.0,137,6,792.51,653,14.953018867924529,50,1,2010-05-11 14:29:00,2011-07-25 13:46:00,439,14.6,54.28,108.83
13297.0,8,7,4368.62,2694,35.51723577235772,108,1,2010-06-15 12:35:00,2011-12-02 09:32:00,534,17.8,245.43,384.86
13298.0,1,1,360.0,96,180.0,2,1,2011-12-08 13:11:00,2011-12-08 13:11:00,0,1.0,360.0,96.0
13299.0,268,3,1218.7,416,19.656451612903226,56,1,2010-06-29 11:30:00,2011-03-16 12:55:00,260,8.7,140.08,138.67
13300.0,169,3,1285.51,455,23.37290909090909,44,1,2010-05-14 15:56:00,2011-06-23 13:09:00,404,13.5,95.22,151.67
13301.0,104,4,618.09,345,7.630740740740741,75,1,2011-02-20 13:13:00,2011-08-28 11:25:00,188,6.3,98.11,86.25
13302.0,155,2,159.2,12,53.06666666666666,3,1,2010-07-01 12:32:00,2011-07-07 17:56:00,371,12.4,12.84,6.0
13303.0,400,1,61.72,26,15.43,4,1,2010-11-04 14:55:00,2010-11-04 14:55:00,0,1.0,61.72,26.0
13304.0,351,4,1217.99,716,15.61525641025641,59,1,2010-02-08 12:42:00,2010-12-23 14:35:00,318,10.6,114.9,179.0
13305.0,4,16,3616.41,2228,18.08205,153,1,2010-03-10 14:49:00,2011-12-05 15:15:00,635,21.2,170.59,139.25
13306.0,430,1,53.65,74,13.4125,4,1,2010-10-05 14:55:00,2010-10-05 14:55:00,0,1.0,53.65,74.0
13307.0,120,3,273.34,140,18.222666666666665,15,1,2010-04-26 13:28:00,2011-08-11 17:14:00,472,15.7,17.41,46.67
13308.0,23,4,1670.3700000000001,1073,23.526338028169015,65,1,2010-04-22 09:22:00,2011-11-17 09:31:00,574,19.1,87.45,268.25
13309.0,7,6,1706.3700000000001,1914,13.125923076923078,95,1,2010-11-12 12:10:00,2011-12-02 16:34:00,385,12.8,133.31,319.0
13310.0,28,5,1541.2,816,16.223157894736843,80,1,2010-11-02 17:03:00,2011-11-11 17:23:00,374,12.5,123.3,163.2
13311.0,4,2,598.57,305,23.02192307692308,25,1,2011-07-12 14:26:00,2011-12-05 12:55:00,145,4.8,124.7,152.5
13312.0,451,1,124.75,41,24.95,5,1,2010-09-14 14:36:00,2010-09-14 14:36:00,0,1.0,124.75,41.0
13313.0,22,12,3445.32,2308,18.424171122994654,105,1,2009-12-02 16:18:00,2011-11-17 16:48:00,715,23.8,144.76,192.33
13314.0,2,3,775.94,560,12.515161290322581,55,1,2011-09-27 10:20:00,2011-12-08 12:29:00,72,2.4,323.31,186.67
13315.0,689,1,310.26000000000005,232,14.102727272727275,22,1,2010-01-19 15:34:00,2010-01-19 15:34:00,0,1.0,310.26,232.0
13316.0,37,10,12940.82,19931,74.80242774566474,115,1,2010-03-10 10:01:00,2011-11-02 13:40:00,602,20.1,643.82,1993.1
13317.0,66,19,6486.091,3149,18.854915697674418,222,1,2009-12-13 11:11:00,2011-10-04 13:35:00,660,22.0,294.82,165.74
13318.0,1,3,640.76,304,32.038,14,1,2011-11-02 13:26:00,2011-12-08 18:51:00,36,1.2,533.97,101.33
13319.0,5,58,21323.22,8974,23.10208017334778,345,1,2009-12-06 14:46:00,2011-12-04 13:34:00,727,24.2,881.12,154.72
13320.0,78,6,2211.6,1509,14.842953020134228,98,1,2010-08-18 10:29:00,2011-09-22 18:07:00,400,13.3,166.29,251.5
13321.0,72,2,567.36,372,51.57818181818182,10,1,2011-09-14 15:18:00,2011-09-28 15:24:00,14,0.5,1134.72,186.0
13322.0,17,1,199.48000000000002,117,7.9792000000000005,25,1,2011-11-22 14:21:00,2011-11-22 14:21:00,0,1.0,199.48,117.0
13323.0,3,5,787.85,175,37.516666666666666,6,1,2011-09-16 13:23:00,2011-12-06 17:12:00,81,2.7,291.8,35.0
13324.0,36,18,10513.47,8448,79.6475,36,1,2010-05-25 10:23:00,2011-11-03 16:28:00,527,17.6,597.36,469.33
13325.0,82,1,675.3,240,56.275,12,1,2011-09-19 10:36:00,2011-09-19 10:36:00,0,1.0,675.3,240.0
13326.0,432,1,281.76,140,21.673846153846153,13,1,2010-10-03 16:00:00,2010-10-03 16:00:00,0,1.0,281.76,140.0
13327.0,39,20,9134.48,4203,28.45632398753894,175,1,2009-12-18 15:35:00,2011-11-01 10:21:00,682,22.7,402.4,210.15
13328.0,316,1,1308.48,680,76.96941176470588,17,1,2011-01-27 15:22:00,2011-01-27 15:22:00,0,1.0,1308.48,680.0
13329.0,32,8,4808.7699999999995,3311,40.75228813559322,68,1,2009-12-04 15:41:00,2011-11-08 10:29:00,703,23.4,205.5,413.88
13330.0,93,6,2796.1,1951,23.898290598290597,80,1,2010-02-23 10:12:00,2011-09-08 12:27:00,562,18.7,149.52,325.17
13331.0,402,1,262.4,54,21.866666666666664,12,1,2010-11-03 08:04:00,2010-11-03 08:04:00,0,1.0,262.4,54.0
13332.0,14,1,350.90000000000003,179,16.709523809523812,21,1,2011-11-25 13:30:00,2011-11-25 13:30:00,0,1.0,350.9,179.0
13333.0,411,3,1015.74,685,18.468,54,1,2010-02-19 09:26:00,2010-10-24 13:24:00,247,8.2,123.87,228.33
13334.0,82,5,6201.8,3198,13.083966244725739,307,1,2010-02-25 12:21:00,2011-09-18 15:21:00,570,19.0,326.41,639.6
13336.0,77,1,795.12,559,15.590588235294117,51,1,2011-09-23 14:05:00,2011-09-23 14:05:00,0,1.0,795.12,559.0
13337.0,546,1,1575.26,980,18.106436781609194,87,1,2010-06-11 13:27:00,2010-06-11 13:27:00,0,1.0,1575.26,980.0
13338.0,158,4,2445.62,1151,19.10640625,113,1,2010-01-05 12:25:00,2011-07-05 09:06:00,545,18.2,134.37,287.75
13339.0,201,1,860.12,326,15.928148148148148,54,1,2011-05-23 08:31:00,2011-05-23 08:31:00,0,1.0,860.12,326.0
13340.0,45,12,22100.56,9636,102.79330232558141,190,1,2010-02-22 14:54:00,2011-10-25 13:15:00,609,20.3,1088.7,803.0
13341.0,261,1,775.85,301,18.472619047619048,42,1,2011-03-24 09:50:00,2011-03-24 09:50:00,0,1.0,775.85,301.0
13343.0,178,1,353.43,135,18.60157894736842,19,1,2011-06-15 12:24:00,2011-06-15 12:24:00,0,1.0,353.43,135.0
13344.0,68,3,2511.69,952,21.6525,115,1,2011-03-07 10:28:00,2011-10-03 09:45:00,209,7.0,358.81,317.33
13345.0,288,1,389.5,141,19.475,20,1,2011-02-25 09:01:00,2011-02-25 09:01:00,0,1.0,389.5,141.0
13346.0,463,6,299.4,180,49.9,4,1,2010-04-22 12:34:00,2010-09-03 11:41:00,133,4.4,68.05,30.0
13347.0,70,1,341.36,205,42.67,8,1,2011-09-30 13:28:00,2011-09-30 13:28:00,0,1.0,341.36,205.0
13348.0,64,1,233.76000000000002,136,16.697142857142858,14,1,2011-10-06 17:28:00,2011-10-06 17:28:00,0,1.0,233.76,136.0
13349.0,11,1,247.32,225,15.4575,16,1,2011-11-29 08:07:00,2011-11-29 08:07:00,0,1.0,247.32,225.0
13350.0,16,2,979.12,287,24.478,36,1,2011-09-21 13:33:00,2011-11-23 16:33:00,63,2.1,466.25,143.5
13351.0,66,1,373.94,117,23.37125,16,1,2011-10-04 12:55:00,2011-10-04 12:55:00,0,1.0,373.94,117.0
13352.0,60,1,397.98,321,16.5825,24,1,2011-10-10 13:55:00,2011-10-10 13:55:00,0,1.0,397.98,321.0
13354.0,71,1,743.53,604,14.579019607843136,51,1,2011-09-29 13:17:00,2011-09-29 13:17:00,0,1.0,743.53,604.0
13355.0,122,1,674.7,314,21.084375,32,1,2011-08-09 14:48:00,2011-08-09 14:48:00,0,1.0,674.7,314.0
13356.0,80,1,768.24,325,18.291428571428572,42,1,2011-09-20 14:33:00,2011-09-20 14:33:00,0,1.0,768.24,325.0
13357.0,257,5,3805.51,2112,9.658654822335025,284,1,2010-03-22 14:30:00,2011-03-27 13:56:00,369,12.3,309.39,422.4
13358.0,269,1,439.03000000000003,285,15.138965517241381,29,1,2011-03-16 11:52:00,2011-03-16 11:52:00,0,1.0,439.03,285.0
13359.0,64,2,1043.31,381,18.630535714285713,52,1,2010-11-01 15:05:00,2011-10-07 09:30:00,339,11.3,92.33,190.5
13360.0,432,4,1553.65,942,23.540151515151518,58,1,2010-01-08 11:16:00,2010-10-04 12:37:00,269,9.0,172.63,235.5
13361.0,472,2,1450.5,324,42.661764705882355,29,1,2010-04-01 07:49:00,2010-08-24 14:56:00,145,4.8,302.19,162.0
13362.0,9,7,5394.07,2481,18.100906040268455,186,1,2010-10-10 15:27:00,2011-11-30 14:41:00,415,13.8,390.87,354.43
13363.0,18,3,1723.8600000000001,1146,16.90058823529412,78,1,2010-10-26 11:07:00,2011-11-22 12:40:00,392,13.1,131.59,382.0
13364.0,71,1,134.96,71,13.496,10,1,2011-09-29 18:13:00,2011-09-29 18:13:00,0,1.0,134.96,71.0
13365.0,34,2,2225.37,1247,17.385703125,122,1,2011-05-06 12:00:00,2011-11-06 12:36:00,184,6.1,364.81,623.5
13366.0,50,1,56.16,144,56.16,1,1,2011-10-20 13:37:00,2011-10-20 13:37:00,0,1.0,56.16,144.0
13367.0,432,1,510.2,253,25.509999999999998,20,1,2010-10-04 10:00:00,2010-10-04 10:00:00,0,1.0,510.2,253.0
13368.0,257,4,1121.5,606,21.567307692307693,45,1,2010-10-12 10:43:00,2011-03-28 09:59:00,166,5.5,203.91,151.5
13369.0,366,1,308.28000000000003,149,22.020000000000003,14,1,2010-12-09 11:30:00,2010-12-09 11:30:00,0,1.0,308.28,149.0
13370.0,372,1,754.87,343,19.355641025641027,39,1,2010-12-03 10:26:00,2010-12-03 10:26:00,0,1.0,754.87,343.0
13371.0,505,2,2297.66,1019,24.9745652173913,75,1,2010-03-17 15:29:00,2010-07-22 17:33:00,127,4.2,547.06,509.5
13372.0,90,1,378.64,159,16.46260869565217,23,1,2011-09-11 12:46:00,2011-09-11 12:46:00,0,1.0,378.64,159.0
13373.0,61,6,7587.1900000000005,4263,21.193268156424583,292,1,2009-12-06 12:34:00,2011-10-10 10:51:00,672,22.4,338.71,710.5
13374.0,415,2,422.8,135,24.870588235294118,17,1,2010-09-16 10:29:00,2010-10-21 10:04:00,34,1.1,384.36,67.5
13375.0,89,2,1792.23,1124,25.242676056338027,62,1,2010-09-21 08:12:00,2011-09-12 10:19:00,356,11.9,150.61,562.0
13376.0,99,3,1019.76,493,19.240754716981133,45,1,2011-04-19 13:03:00,2011-09-01 16:16:00,135,4.5,226.61,164.33
13377.0,397,2,1552.88,748,19.90871794871795,71,1,2010-03-04 10:06:00,2010-11-08 12:20:00,249,8.3,187.09,374.0
13379.0,26,3,572.56,601,5.902680412371134,85,1,2011-07-26 12:26:00,2011-11-13 13:45:00,110,3.7,154.75,200.33
13380.0,433,1,62.4,48,20.8,3,1,2010-10-03 10:18:00,2010-10-03 10:18:00,0,1.0,62.4,48.0
13381.0,32,12,8224.37,5125,23.102162921348317,154,1,2009-12-01 15:19:00,2011-11-08 11:58:00,706,23.5,349.97,427.08
13382.0,281,5,1387.58,863,16.134651162790696,74,1,2009-12-08 09:56:00,2011-03-04 10:03:00,451,15.0,92.51,172.6
13383.0,544,1,305.28000000000003,288,305.28000000000003,1,1,2010-06-14 11:45:00,2010-06-14 11:45:00,0,1.0,305.28,288.0
13384.0,31,11,6680.83,4142,25.30617424242424,192,1,2010-07-27 12:22:00,2011-11-09 11:04:00,469,15.6,428.26,376.55
13385.0,330,1,534.57,281,15.273428571428573,35,1,2011-01-14 09:52:00,2011-01-14 09:52:00,0,1.0,534.57,281.0
13386.0,414,2,835.46,514,26.950322580645164,24,1,2010-09-28 13:09:00,2010-10-21 12:52:00,22,0.7,1193.51,257.0
13387.0,417,1,186.94,123,2.632957746478873,71,1,2010-10-18 14:07:00,2010-10-18 14:07:00,0,1.0,186.94,123.0
13388.0,131,3,1185.65,701,17.183333333333334,68,1,2010-04-15 10:18:00,2011-07-31 12:52:00,472,15.7,75.52,233.67
13389.0,11,3,797.96,429,15.646274509803922,50,1,2011-04-21 12:12:00,2011-11-28 14:01:00,221,7.4,107.83,143.0
13390.0,75,1,544.08,224,41.8523076923077,13,1,2011-09-26 08:38:00,2011-09-26 08:38:00,0,1.0,544.08,224.0
13391.0,204,1,59.8,4,59.8,1,1,2011-05-20 10:50:00,2011-05-20 10:50:00,0,1.0,59.8,4.0
13392.0,677,1,91.14,82,11.3925,8,1,2010-01-31 13:34:00,2010-01-31 13:34:00,0,1.0,91.14,82.0
13393.0,584,4,1131.45,662,16.397826086956524,53,1,2009-12-07 18:12:00,2010-05-05 09:34:00,148,4.9,230.91,165.5
13394.0,2,19,6621.7,5354,16.18997555012225,254,1,2009-12-01 11:58:00,2011-12-08 11:36:00,736,24.5,270.27,281.79
13395.0,185,3,1180.23,1660,14.57074074074074,77,1,2010-10-14 13:00:00,2011-06-07 15:04:00,236,7.9,149.4,553.33
13396.0,29,2,1360.99,600,31.65093023255814,42,1,2011-01-24 13:37:00,2011-11-10 16:59:00,290,9.7,140.31,300.0
13397.0,73,10,3191.87,1336,35.863707865168536,68,1,2010-01-20 09:50:00,2011-09-28 10:56:00,616,20.5,155.7,133.6
13398.0,192,2,670.34,341,17.18820512820513,37,1,2010-09-17 09:34:00,2011-05-31 13:17:00,256,8.5,78.86,170.5
13399.0,464,3,275.4,120,18.36,10,1,2010-07-08 17:47:00,2010-09-01 13:59:00,54,1.8,153.0,40.0
13400.0,583,1,310.83,284,13.514347826086956,23,1,2010-05-06 09:00:00,2010-05-06 09:00:00,0,1.0,310.83,284.0
13402.0,127,4,1226.8500000000001,917,15.52974683544304,55,1,2010-05-24 10:56:00,2011-08-04 15:51:00,437,14.6,84.03,229.25
13403.0,18,3,229.5,114,25.5,9,1,2009-12-16 13:23:00,2011-11-22 08:28:00,705,23.5,9.77,38.0
13404.0,1,2,252.49,111,22.953636363636363,11,1,2011-05-11 11:57:00,2011-12-08 15:37:00,211,7.0,36.07,55.5
13405.0,74,6,1213.811,855,28.228162790697674,33,1,2009-12-15 14:13:00,2011-09-26 17:01:00,650,21.7,55.94,142.5
13406.0,427,2,568.92,292,63.21333333333333,7,1,2010-03-18 07:29:00,2010-10-08 14:44:00,204,6.8,83.66,146.0
13407.0,579,3,2244.7,1690,26.408235294117645,85,1,2010-02-16 11:13:00,2010-05-10 12:41:00,83,2.8,801.68,563.33
13408.0,2,106,50174.782,28675,60.74428813559322,321,1,2009-12-04 09:31:00,2011-12-08 09:05:00,733,24.4,2056.34,270.52
13410.0,24,9,2201.96,1244,44.0392,25,1,2009-12-08 13:43:00,2011-11-15 15:33:00,707,23.6,93.3,138.22
13411.0,107,1,213.55,72,11.863888888888889,17,1,2011-08-24 13:57:00,2011-08-24 13:57:00,0,1.0,213.55,72.0
13412.0,620,1,487.35,176,14.333823529411765,33,1,2010-03-29 16:28:00,2010-03-29 16:28:00,0,1.0,487.35,176.0
13413.0,640,6,429.44,455,9.986976744186046,38,1,2010-01-21 17:43:00,2010-03-10 12:17:00,47,1.6,268.4,75.83
13414.0,134,6,2494.14,2702,45.348,48,1,2010-04-15 17:00:00,2011-07-29 11:45:00,469,15.6,159.88,450.33
13415.0,473,4,784.17,496,7.764059405940594,85,1,2009-12-11 14:20:00,2010-08-24 11:38:00,255,8.5,92.26,124.0
13416.0,44,3,940.8000000000001,208,36.184615384615384,16,1,2009-12-03 13:02:00,2011-10-27 08:56:00,692,23.1,40.73,69.33
13417.0,5,6,1669.49,532,21.681688311688312,57,1,2010-02-08 12:39:00,2011-12-05 08:49:00,664,22.1,75.54,88.67
13418.0,12,31,11559.66,7354,21.526368715083798,328,1,2009-12-11 12:51:00,2011-11-28 10:23:00,716,23.9,483.67,237.23
13419.0,64,1,221.06,275,13.81625,16,1,2011-10-07 12:49:00,2011-10-07 12:49:00,0,1.0,221.06,275.0
13420.0,150,2,159.85,101,19.98125,8,1,2011-06-22 11:35:00,2011-07-13 08:48:00,20,0.7,228.36,50.5
13421.0,40,8,4058.75,2351,15.316037735849056,174,1,2010-02-14 14:45:00,2011-10-30 14:21:00,622,20.7,196.07,293.88
13422.0,64,1,2626.3,1326,20.67952755905512,127,1,2011-10-06 13:42:00,2011-10-06 13:42:00,0,1.0,2626.3,1326.0
13423.0,429,1,217.03,141,18.085833333333333,12,1,2010-10-07 09:02:00,2010-10-07 09:02:00,0,1.0,217.03,141.0
13424.0,450,1,572.77,529,14.31925,40,1,2010-09-16 10:49:00,2010-09-16 10:49:00,0,1.0,572.77,529.0
13425.0,108,5,3390.4300000000003,2358,19.154971751412432,124,1,2010-05-09 14:35:00,2011-08-23 17:13:00,471,15.7,215.95,471.6
13426.0,1,22,8167.38,4868,23.811603498542276,162,1,2009-12-09 15:16:00,2011-12-09 08:59:00,729,24.3,336.11,221.27
13427.0,19,6,1006.53,880,19.356346153846154,35,1,2009-12-17 13:44:00,2011-11-20 13:02:00,702,23.4,43.01,146.67
13428.0,10,3,478.54,356,3.46768115942029,122,1,2010-07-13 13:20:00,2011-11-29 14:20:00,504,16.8,28.48,118.67
13429.0,11,4,1006.8,1390,15.02686567164179,55,1,2011-09-25 15:59:00,2011-11-29 09:10:00,64,2.1,479.43,347.5
13430.0,19,2,679.45,751,13.866326530612247,48,1,2011-09-14 14:26:00,2011-11-21 08:19:00,67,2.2,308.84,375.5
13431.0,67,8,3316.2400000000002,1570,25.707286821705427,113,1,2010-02-18 11:53:00,2011-10-03 13:49:00,592,19.7,168.34,196.25
13432.0,571,2,439.1,217,3.955855855855856,98,1,2010-04-06 14:42:00,2010-05-17 13:18:00,40,1.3,337.77,108.5
13433.0,501,4,658.32,190,27.430000000000003,22,1,2010-01-12 08:59:00,2010-07-26 16:55:00,195,6.5,101.28,47.5
13434.0,74,5,1666.8600000000001,864,47.624571428571436,17,1,2010-02-22 09:54:00,2011-09-26 14:30:00,581,19.4,85.92,172.8
13435.0,5,9,4447.33,2754,29.84785234899329,96,1,2010-07-27 16:56:00,2011-12-04 14:45:00,494,16.5,269.54,306.0
13436.0,2,1,196.89,76,16.4075,12,1,2011-12-08 10:33:00,2011-12-08 10:33:00,0,1.0,196.89,76.0
13437.0,14,7,3408.06,1283,20.40754491017964,143,1,2011-06-02 14:30:00,2011-11-25 14:00:00,175,5.8,587.6,183.29
13438.0,547,1,46.5,10,46.5,1,1,2010-06-10 18:46:00,2010-06-10 18:46:00,0,1.0,46.5,10.0
13439.0,255,3,986.61,952,5.907844311377246,132,1,2010-07-01 14:36:00,2011-03-29 14:20:00,270,9.0,109.62,317.33
13440.0,423,7,1295.25,573,21.953389830508474,49,1,2010-09-14 10:34:00,2010-10-12 13:11:00,28,0.9,1439.17,81.86
13441.0,92,2,720.9,520,18.971052631578946,33,1,2010-10-04 10:38:00,2011-09-09 09:38:00,339,11.3,63.8,260.0
13442.0,667,3,419.87,115,11.04921052631579,33,1,2009-12-01 14:59:00,2010-02-10 14:03:00,70,2.3,182.55,38.33
13443.0,449,6,1273.16,805,6.3658,176,1,2010-01-31 13:30:00,2010-09-17 12:31:00,228,7.6,167.52,134.17
13444.0,374,2,619.08,331,10.861052631578948,51,1,2010-07-21 14:34:00,2010-11-30 13:02:00,131,4.4,140.7,165.5
13445.0,626,1,241.89999999999998,198,34.55714285714286,7,1,2010-03-23 15:34:00,2010-03-23 15:34:00,0,1.0,241.9,198.0
13446.0,430,11,3881.89,2403,20.218177083333334,113,1,2010-02-14 11:52:00,2010-10-05 18:51:00,233,7.8,497.68,218.45
13447.0,23,3,1129.14,584,19.137966101694918,55,1,2011-11-04 10:10:00,2011-11-16 13:38:00,12,0.4,2822.85,194.67
13448.0,17,13,8745.93,4195,16.408874296435272,321,1,2009-12-06 12:14:00,2011-11-23 12:33:00,717,23.9,365.94,322.69
13449.0,24,1,291.88,222,15.362105263157895,19,1,2011-11-16 08:28:00,2011-11-16 08:28:00,0,1.0,291.88,222.0
13450.0,27,13,4120.04,4318,28.027482993197278,57,1,2010-04-15 19:15:00,2011-11-13 11:54:00,576,19.2,214.59,332.15
13451.0,26,11,7090.06,5229,6.937436399217222,561,1,2010-03-21 16:13:00,2011-11-13 15:58:00,601,20.0,354.5,475.36
13452.0,259,3,729.8,6,243.26666666666665,2,1,2010-08-24 09:53:00,2011-03-25 14:19:00,213,7.1,102.79,2.0
13453.0,166,3,781.69,341,19.542250000000003,33,1,2010-11-02 13:23:00,2011-06-27 09:34:00,236,7.9,98.95,113.67
13454.0,641,1,219.87,198,9.559565217391304,23,1,2010-03-08 14:40:00,2010-03-08 14:40:00,0,1.0,219.87,198.0
13455.0,25,6,2212.9900000000002,795,19.412192982456144,79,1,2009-12-09 08:58:00,2011-11-15 11:21:00,706,23.5,94.17,132.5
13456.0,18,6,1766.72,765,28.043174603174602,43,1,2011-05-16 15:34:00,2011-11-22 09:18:00,189,6.3,280.43,127.5
13457.0,689,2,148.22,96,16.468888888888888,9,1,2009-12-02 12:46:00,2010-01-20 08:48:00,48,1.6,92.64,48.0
13458.0,7,16,11959.27,6760,24.658288659793815,290,1,2010-11-16 14:01:00,2011-12-02 15:29:00,381,12.7,941.67,422.5
13459.0,625,2,1160.41,986,15.896027397260275,57,1,2010-01-26 13:35:00,2010-03-25 10:24:00,57,1.9,610.74,493.0
13460.0,29,2,183.44,286,10.790588235294118,16,1,2011-10-21 09:50:00,2011-11-10 17:17:00,20,0.7,262.06,143.0
13461.0,39,6,4160.0,3132,67.09677419354838,30,1,2010-04-21 16:01:00,2011-11-01 09:01:00,558,18.6,223.66,522.0
13462.0,253,5,1153.8500000000001,697,16.251408450704226,64,1,2009-12-14 09:48:00,2011-04-01 11:20:00,473,15.8,73.03,139.4
13464.0,58,6,3097.64,1440,20.514172185430464,128,1,2010-03-31 15:22:00,2011-10-12 15:01:00,559,18.6,166.54,240.0
13465.0,446,2,931.12,584,27.385882352941177,34,1,2010-05-02 15:30:00,2010-09-19 15:13:00,139,4.6,202.42,292.0
13466.0,184,5,1013.35,660,18.424545454545456,49,1,2010-03-21 13:50:00,2011-06-08 16:39:00,444,14.8,68.47,132.0
13467.0,11,2,1071.91,580,10.937857142857144,89,1,2011-11-03 16:56:00,2011-11-29 10:01:00,25,0.8,1339.89,290.0
13468.0,2,72,12793.28,5617,18.4607215007215,290,1,2009-12-03 13:32:00,2011-12-08 10:39:00,734,24.5,522.17,78.01
13469.0,653,1,82.4,52,13.733333333333334,6,1,2010-02-24 15:03:00,2010-02-24 15:03:00,0,1.0,82.4,52.0
13470.0,99,2,165.0,100,16.5,7,1,2011-08-16 17:06:00,2011-09-01 14:57:00,15,0.5,330.0,50.0
13471.0,1,4,2501.84,1583,9.84976377952756,214,1,2011-10-23 13:10:00,2011-12-08 15:44:00,46,1.5,1667.89,395.75
13472.0,464,2,592.24,310,21.15142857142857,24,1,2010-06-02 09:48:00,2010-09-02 09:41:00,91,3.0,197.41,155.0
13473.0,61,8,2657.76,1000,37.968,65,1,2009-12-15 19:02:00,2011-10-10 11:20:00,663,22.1,120.26,125.0
13474.0,236,3,646.59,318,5.131666666666667,116,1,2010-08-01 14:40:00,2011-04-17 13:53:00,258,8.6,75.18,106.0
13475.0,191,4,1431.78,1012,16.648604651162792,64,1,2011-02-14 12:36:00,2011-06-01 13:52:00,107,3.6,397.72,253.0
13476.0,179,5,2061.4700000000003,713,19.447830188679248,86,1,2010-03-05 09:39:00,2011-06-14 12:00:00,466,15.5,133.0,142.6
13477.0,38,11,2819.17,2091,17.956496815286624,112,1,2010-01-25 11:52:00,2011-11-02 12:04:00,646,21.5,131.12,190.09
13478.0,469,5,2215.78,1189,17.72624,114,1,2010-01-31 15:51:00,2010-08-27 13:23:00,207,6.9,321.13,237.8
13479.0,201,4,851.37,716,16.063584905660377,45,1,2010-08-19 16:18:00,2011-05-23 10:45:00,276,9.2,92.54,179.0
13480.0,417,2,627.82,362,15.31268292682927,40,1,2010-01-29 12:35:00,2010-10-19 11:53:00,262,8.7,72.16,181.0
13481.0,46,11,3830.84,2055,17.101964285714285,162,1,2009-12-04 12:37:00,2011-10-25 09:07:00,689,23.0,166.56,186.82
13482.0,232,2,336.09,187,16.804499999999997,20,1,2010-03-22 10:31:00,2011-04-21 17:03:00,395,13.2,25.46,93.5
13483.0,66,1,140.34,160,14.034,10,1,2011-10-05 11:53:00,2011-10-05 11:53:00,0,1.0,140.34,160.0
13484.0,241,3,790.72,224,20.274871794871796,38,1,2010-03-10 11:46:00,2011-04-12 16:30:00,398,13.3,59.45,74.67
13485.0,233,11,3019.2200000000003,1798,19.108987341772153,131,1,2009-12-03 13:46:00,2011-04-20 13:58:00,503,16.8,179.72,163.45
13486.0,78,3,1122.41,669,16.2668115942029,69,1,2011-07-07 17:19:00,2011-09-22 13:13:00,76,2.5,448.96,223.0
13487.0,58,5,846.87,362,17.283061224489796,31,1,2009-12-05 10:25:00,2011-10-13 12:07:00,677,22.6,37.47,72.4
13488.0,17,23,14205.960000000001,7375,20.921885125184097,370,1,2010-01-25 10:13:00,2011-11-22 14:41:00,666,22.2,639.91,320.65
13489.0,105,4,449.52,560,32.10857142857143,11,1,2011-02-18 10:42:00,2011-08-26 13:16:00,189,6.3,71.35,140.0
13490.0,654,1,154.25,25,19.28125,8,1,2010-02-23 14:48:00,2010-02-23 14:48:00,0,1.0,154.25,25.0
13491.0,52,27,4467.66,2349,17.117471264367815,144,1,2009-12-07 08:24:00,2011-10-19 08:32:00,681,22.7,196.81,87.0
13492.0,136,3,1269.84,408,25.3968,38,1,2011-05-09 10:06:00,2011-07-26 14:25:00,78,2.6,488.4,136.0
13493.0,275,2,618.63,380,77.32875,6,1,2011-02-25 16:42:00,2011-03-09 15:35:00,11,0.4,1546.57,190.0
13494.0,312,1,316.26000000000005,162,17.570000000000004,18,1,2011-02-01 11:58:00,2011-02-01 11:58:00,0,1.0,316.26,162.0
13495.0,8,10,4863.31,2465,36.566240601503765,59,1,2009-12-07 12:12:00,2011-12-02 11:21:00,724,24.1,201.8,246.5
13496.0,11,2,653.33,341,18.66657142857143,28,1,2010-12-15 10:17:00,2011-11-29 10:58:00,349,11.6,56.32,170.5
13497.0,283,6,1166.8300000000002,525,20.117758620689656,52,1,2010-02-08 10:27:00,2011-03-02 09:04:00,386,12.9,90.45,87.5
13498.0,730,1,327.38,362,19.25764705882353,17,1,2009-12-09 15:26:00,2009-12-09 15:26:00,0,1.0,327.38,362.0
13499.0,18,5,1159.1100000000001,1365,27.597857142857144,31,1,2011-03-15 08:52:00,2011-11-22 11:21:00,252,8.4,137.99,273.0
13500.0,23,4,1466.3,838,17.250588235294117,77,1,2010-11-03 13:16:00,2011-11-16 15:35:00,378,12.6,116.37,209.5
13501.0,288,3,2885.11,1253,25.30798245614035,90,1,2010-05-18 13:24:00,2011-02-24 18:59:00,282,9.4,306.93,417.67
13502.0,17,5,780.5,490,23.651515151515152,28,1,2010-06-09 10:52:00,2011-11-23 10:39:00,531,17.7,44.1,98.0
13503.0,71,6,1859.24,1105,9.837248677248677,158,1,2010-02-16 13:49:00,2011-09-29 13:23:00,589,19.6,94.86,184.17
13504.0,64,1,295.93,178,13.451363636363636,22,1,2011-10-06 13:20:00,2011-10-06 13:20:00,0,1.0,295.93,178.0
13505.0,73,4,4393.63,2486,20.435488372093022,182,1,2011-04-21 12:07:00,2011-09-28 11:56:00,159,5.3,828.99,621.5
13506.0,316,5,1338.08,942,16.519506172839506,55,1,2010-09-05 12:33:00,2011-01-27 13:53:00,144,4.8,278.77,188.4
13507.0,3,4,2479.16,1597,15.303456790123455,146,1,2011-07-17 11:50:00,2011-12-06 13:13:00,142,4.7,527.48,399.25
13508.0,244,2,287.05,180,10.251785714285715,27,1,2010-03-07 11:58:00,2011-04-10 11:58:00,399,13.3,21.58,90.0
13509.0,9,8,1114.72,1214,22.749387755102042,27,1,2010-07-20 12:10:00,2011-12-01 10:10:00,498,16.6,67.15,151.75
13510.0,1,11,4558.29,3044,15.772629757785467,176,1,2009-12-21 11:53:00,2011-12-08 13:46:00,717,23.9,190.72,276.73
13511.0,677,1,282.76,60,56.552,5,1,2010-02-01 12:10:00,2010-02-01 12:10:00,0,1.0,282.76,60.0
13512.0,261,4,713.39,419,18.292051282051283,31,1,2010-05-05 13:22:00,2011-03-24 10:03:00,322,10.7,66.67,104.75
13513.0,127,3,824.59,364,20.61475,32,1,2010-02-22 16:36:00,2011-08-05 11:50:00,528,17.6,46.85,121.33
13514.0,74,4,815.9000000000001,288,38.852380952380955,15,1,2010-01-26 15:11:00,2011-09-27 09:39:00,608,20.3,40.19,72.0
13515.0,73,6,1265.82,819,16.655526315789473,64,1,2010-03-05 11:58:00,2011-09-28 11:26:00,571,19.0,66.62,136.5
13516.0,21,4,1685.26,1114,27.6272131147541,55,1,2010-10-18 08:52:00,2011-11-18 13:15:00,396,13.2,127.67,278.5
13517.0,60,3,2128.42,1369,15.09517730496454,125,1,2011-06-13 08:44:00,2011-10-11 11:43:00,120,4.0,532.1,456.33
13518.0,86,1,627.16,382,17.42111111111111,36,1,2011-09-15 10:29:00,2011-09-15 10:29:00,0,1.0,627.16,382.0
13519.0,78,2,343.21,133,18.063684210526315,19,1,2010-09-23 11:45:00,2011-09-22 18:24:00,364,12.1,28.36,66.5
13520.0,59,11,6606.0,3179,33.19597989949749,81,1,2009-12-17 11:11:00,2011-10-12 10:20:00,663,22.1,298.91,289.0
13521.0,1,3,1071.73,718,2.5639473684210525,313,1,2011-11-29 15:09:00,2011-12-08 13:50:00,8,0.3,3572.43,239.33
13522.0,30,1,125.80000000000001,44,25.160000000000004,5,1,2011-11-09 15:11:00,2011-11-09 15:11:00,0,1.0,125.8,44.0
13523.0,33,6,4534.57,1989,22.56004975124378,177,1,2010-11-02 14:55:00,2011-11-06 15:11:00,369,12.3,368.66,331.5
13524.0,41,5,680.1800000000001,324,25.191851851851855,17,1,2011-05-04 12:26:00,2011-10-30 12:34:00,179,6.0,113.36,64.8
13525.0,15,2,628.78,394,104.79666666666667,5,1,2011-04-05 15:36:00,2011-11-25 12:01:00,233,7.8,80.61,197.0
13526.0,738,2,1182.0,1911,26.863636363636363,29,1,2009-12-01 12:56:00,2009-12-01 13:13:00,0,1.0,1182.0,955.5
13527.0,34,12,4541.29,2736,10.251218961625282,266,1,2010-01-21 12:37:00,2011-11-06 12:04:00,653,21.8,208.32,228.0
13529.0,79,2,307.76,74,20.517333333333333,15,1,2011-05-19 11:50:00,2011-09-22 09:15:00,125,4.2,73.28,37.0
13530.0,634,1,402.98,272,22.387777777777778,18,1,2010-03-15 14:10:00,2010-03-15 14:10:00,0,1.0,402.98,272.0
13531.0,205,6,1433.07,497,19.107599999999998,44,1,2009-12-03 15:20:00,2011-05-18 16:56:00,531,17.7,80.96,82.83
13532.0,34,1,210.31,129,3.1865151515151515,66,1,2011-11-06 12:25:00,2011-11-06 12:25:00,0,1.0,210.31,129.0
13533.0,183,3,269.09,202,3.5878666666666663,61,1,2011-03-17 12:47:00,2011-06-10 11:54:00,84,2.8,96.1,67.33
13534.0,2,35,7720.900000000001,3869,19.696173469387755,163,1,2010-07-07 15:00:00,2011-12-07 14:52:00,517,17.2,448.89,110.54
13535.0,403,1,89.5,10,89.5,1,1,2010-11-02 11:49:00,2010-11-02 11:49:00,0,1.0,89.5,10.0
13536.0,1,7,3444.39,2126,19.35050561797753,91,1,2011-09-25 13:30:00,2011-12-08 16:38:00,74,2.5,1377.76,303.71
13537.0,426,2,717.85,337,17.09166666666667,38,1,2010-09-14 10:41:00,2010-10-10 12:45:00,26,0.9,797.61,168.5
13538.0,43,12,3103.13,959,21.853028169014085,105,1,2010-02-02 12:47:00,2011-10-27 16:34:00,632,21.1,147.07,79.92
13539.0,86,7,1569.36,710,18.248372093023253,69,1,2010-04-28 12:04:00,2011-09-15 10:18:00,504,16.8,93.41,101.43
13540.0,467,3,632.39,189,19.7621875,26,1,2010-02-22 09:22:00,2010-08-29 14:20:00,188,6.3,100.38,63.0
13541.0,427,2,785.25,279,78.525,10,1,2010-05-18 16:15:00,2010-10-08 16:37:00,143,4.8,163.59,139.5
13542.0,377,17,3959.4900000000002,804,11.962205438066466,98,1,2009-12-10 19:53:00,2010-11-28 11:24:00,352,11.7,338.42,47.29
13543.0,634,2,1439.61,329,30.63,37,1,2010-01-21 14:30:00,2010-03-15 13:34:00,52,1.7,846.83,164.5
13544.0,40,6,790.2,331,3.320168067226891,219,1,2010-03-05 11:31:00,2011-10-31 11:57:00,605,20.2,39.12,55.17
13545.0,391,2,364.93,252,6.757962962962963,54,1,2010-06-13 11:49:00,2010-11-14 11:27:00,153,5.1,71.55,126.0
13546.0,12,5,1086.24,587,7.146315789473684,95,1,2010-10-11 17:23:00,2011-11-27 14:50:00,411,13.7,79.29,117.4
13547.0,408,1,167.08,79,3.7972727272727274,44,1,2010-10-27 14:14:00,2010-10-27 14:14:00,0,1.0,167.08,79.0
13548.0,96,3,901.44,558,4.899130434782609,169,1,2010-08-25 13:44:00,2011-09-04 14:50:00,375,12.5,72.12,186.0
13549.0,26,8,1005.8000000000001,554,17.047457627118646,44,1,2010-11-17 12:17:00,2011-11-14 09:20:00,361,12.0,83.82,69.25
13550.0,383,1,342.55,430,8.155952380952382,40,1,2010-11-21 15:24:00,2010-11-21 15:24:00,0,1.0,342.55,430.0
13551.0,319,2,244.2,36,48.839999999999996,5,1,2010-02-11 15:01:00,2011-01-24 14:46:00,346,11.5,21.23,18.0
13552.0,66,22,6948.92,2630,33.56966183574879,162,1,2010-02-19 13:28:00,2011-10-04 15:19:00,592,19.7,352.74,119.55
13553.0,675,1,499.6,201,5.613483146067416,85,1,2010-02-03 12:21:00,2010-02-03 12:21:00,0,1.0,499.6,201.0
13554.0,380,7,1629.35,578,8.313010204081632,156,1,2010-09-19 12:39:00,2010-11-24 15:05:00,66,2.2,740.61,82.57
13555.0,74,13,8891.84,4762,22.39758186397985,264,1,2010-01-19 13:20:00,2011-09-27 12:36:00,615,20.5,433.75,366.31
13556.0,429,2,200.82,134,22.313333333333333,8,1,2010-09-30 09:01:00,2010-10-06 16:44:00,6,0.2,1004.1,67.0
13557.0,28,13,3032.26,2398,16.84588888888889,126,1,2009-12-08 17:41:00,2011-11-11 15:24:00,702,23.4,129.58,184.46
13558.0,6,4,594.52,338,3.517869822485207,123,1,2011-10-02 13:01:00,2011-12-04 11:24:00,62,2.1,283.1,84.5
13559.0,513,2,990.0,360,495.0,1,1,2010-06-14 11:52:00,2010-07-15 09:52:00,30,1.0,990.0,180.0
13560.0,7,1,171.42000000000002,63,5.3568750000000005,32,1,2011-12-02 13:11:00,2011-12-02 13:11:00,0,1.0,171.42,63.0
13561.0,216,11,1803.4,1125,7.875109170305677,131,1,2010-02-28 13:42:00,2011-05-08 12:39:00,433,14.4,125.24,102.27
13562.0,82,8,4838.18,1603,24.684591836734697,88,1,2010-01-14 16:33:00,2011-09-19 10:51:00,612,20.4,237.17,200.38
13563.0,84,2,777.53,209,15.867959183673468,49,1,2011-07-22 17:21:00,2011-09-16 14:45:00,55,1.8,431.96,104.5
13564.0,144,37,16498.97,8878,13.749141666666668,484,1,2009-12-02 11:55:00,2011-07-18 14:33:00,593,19.8,833.28,239.95
13565.0,19,3,414.8,260,6.913333333333333,45,1,2010-10-24 15:51:00,2011-11-20 14:33:00,391,13.0,31.91,86.67
13566.0,41,5,1688.6,1257,4.613661202185792,263,1,2010-03-10 12:22:00,2011-10-30 11:59:00,598,19.9,84.85,251.4
13567.0,428,4,1079.29,643,5.369601990049751,180,1,2010-06-16 12:48:00,2010-10-07 12:51:00,113,3.8,284.02,160.75
13568.0,173,1,187.05,66,4.3500000000000005,41,1,2011-06-19 14:42:00,2011-06-19 14:42:00,0,1.0,187.05,66.0
13569.0,17,4,726.54,345,4.058882681564246,140,1,2010-10-07 13:05:00,2011-11-22 13:07:00,411,13.7,53.03,86.25
13570.0,243,1,239.49,161,8.870000000000001,27,1,2011-04-10 13:36:00,2011-04-10 13:36:00,0,1.0,239.49,161.0
13571.0,13,26,4537.26,3191,6.74184249628529,263,1,2009-12-08 13:02:00,2011-11-27 10:47:00,718,23.9,189.84,122.73
13572.0,206,1,1384.25,534,41.946969696969695,32,1,2011-05-18 11:59:00,2011-05-18 11:59:00,0,1.0,1384.25,534.0
13573.0,50,6,904.52,647,10.396781609195402,73,1,2010-03-12 16:06:00,2011-10-20 14:33:00,586,19.5,46.39,107.83
13574.0,411,1,404.45,304,4.444505494505495,84,1,2010-10-24 13:28:00,2010-10-24 13:28:00,0,1.0,404.45,304.0
13575.0,23,5,732.07,449,15.914565217391305,41,1,2011-06-16 14:24:00,2011-11-16 13:14:00,152,5.1,143.54,89.8
13576.0,10,28,11202.59,4506,41.80070895522388,145,1,2009-12-08 15:12:00,2011-11-29 15:34:00,721,24.0,466.77,160.93
13577.0,25,11,3489.28,1661,20.76952380952381,102,1,2009-12-14 16:10:00,2011-11-14 15:19:00,699,23.3,149.75,151.0
13578.0,409,1,147.66,127,16.406666666666666,9,1,2010-10-26 13:44:00,2010-10-26 13:44:00,0,1.0,147.66,127.0
13579.0,15,5,1374.3400000000001,718,16.967160493827162,72,1,2010-02-18 13:53:00,2011-11-25 08:41:00,644,21.5,63.92,143.6
13580.0,406,1,107.75,45,21.55,5,1,2010-10-29 15:01:00,2010-10-29 15:01:00,0,1.0,107.75,45.0
13581.0,309,2,280.53000000000003,119,8.500909090909092,32,1,2010-10-21 16:30:00,2011-02-03 14:41:00,104,3.5,80.15,59.5
13582.0,390,2,241.68,106,21.970909090909092,10,1,2010-04-01 11:38:00,2010-11-15 11:34:00,227,7.6,31.8,53.0
13583.0,156,2,1445.031,1097,15.052406249999999,93,1,2010-01-29 13:53:00,2011-07-07 10:40:00,523,17.4,83.05,548.5
13584.0,307,3,385.7,360,4.82125,74,1,2010-02-02 08:40:00,2011-02-06 12:49:00,369,12.3,31.36,120.0
13585.0,531,3,684.54,1386,17.552307692307693,29,1,2009-12-01 14:56:00,2010-06-27 12:33:00,207,6.9,99.21,462.0
13586.0,541,1,127.28,38,6.364,20,1,2010-06-16 13:47:00,2010-06-16 13:47:00,0,1.0,127.28,38.0
13587.0,64,4,1673.5,664,55.78333333333333,27,1,2010-02-14 13:17:00,2011-10-07 12:31:00,599,20.0,83.68,166.0
13588.0,16,9,2478.95,2606,14.246839080459768,131,1,2011-03-29 15:53:00,2011-11-24 10:42:00,239,8.0,309.87,289.56
13589.0,15,6,1120.74,293,21.552692307692308,48,1,2009-12-06 10:26:00,2011-11-25 12:10:00,719,24.0,46.7,48.83
13590.0,11,18,6336.04,5271,15.606009852216749,255,1,2009-12-01 13:37:00,2011-11-28 12:54:00,726,24.2,261.82,292.83
13591.0,65,7,2093.94,850,20.732079207920794,89,1,2009-12-14 15:44:00,2011-10-06 12:26:00,660,22.0,95.18,121.43
13592.0,36,4,247.95999999999998,84,15.497499999999999,15,1,2011-03-20 14:01:00,2011-11-04 09:49:00,228,7.6,32.63,21.0
13593.0,108,14,5493.29,2170,13.463946078431372,212,1,2010-03-02 16:36:00,2011-08-23 13:35:00,538,17.9,306.89,155.0
13594.0,53,2,533.32,396,16.161212121212124,31,1,2010-08-11 10:23:00,2011-10-18 10:19:00,432,14.4,37.04,198.0
13595.0,517,3,784.48,341,5.485874125874126,114,1,2010-03-03 14:42:00,2010-07-11 12:36:00,129,4.3,182.44,113.67
13596.0,6,2,664.11,384,4.548698630136986,133,1,2011-11-27 11:57:00,2011-12-04 12:01:00,7,0.2,3320.55,192.0
13597.0,400,2,396.71,231,23.335882352941177,17,1,2010-11-02 09:30:00,2010-11-04 14:54:00,2,0.1,3967.1,115.5
13598.0,47,5,761.96,393,8.28217391304348,78,1,2010-02-26 11:22:00,2011-10-23 14:28:00,604,20.1,37.91,78.6
13599.0,1,33,9811.04,6248,25.028163265306123,235,1,2009-12-01 12:30:00,2011-12-08 16:10:00,737,24.6,398.82,189.33
13600.0,312,2,518.42,599,12.644390243902437,35,1,2010-03-15 17:16:00,2011-01-31 15:27:00,321,10.7,48.45,299.5
13601.0,45,4,1159.99,957,6.270216216216216,160,1,2010-06-11 15:03:00,2011-10-25 17:31:00,501,16.7,69.46,239.25
13602.0,65,4,1025.17,538,17.67534482758621,49,1,2010-05-28 11:49:00,2011-10-06 11:47:00,495,16.5,62.13,134.5
13603.0,26,1,164.34,164,6.086666666666667,27,1,2011-11-13 15:57:00,2011-11-13 15:57:00,0,1.0,164.34,164.0
13604.0,659,1,717.62,242,34.172380952380955,21,1,2010-02-19 12:02:00,2010-02-19 12:02:00,0,1.0,717.62,242.0
13605.0,387,2,522.67,425,9.861698113207547,50,1,2010-05-17 15:46:00,2010-11-17 17:16:00,184,6.1,85.68,212.5
13606.0,29,3,276.75,276,6.91875,40,1,2011-02-01 11:42:00,2011-11-10 17:46:00,282,9.4,29.44,92.0
13607.0,40,2,1075.81,466,8.89099173553719,110,1,2010-11-02 11:48:00,2011-10-30 16:17:00,362,12.1,88.91,233.0
13608.0,541,1,232.05,110,6.825,31,1,2010-06-17 12:28:00,2010-06-17 12:28:00,0,1.0,232.05,110.0
13609.0,593,1,167.35,19,23.907142857142855,7,1,2010-04-25 13:26:00,2010-04-25 13:26:00,0,1.0,167.35,19.0
13610.0,12,14,2103.71,869,5.272456140350878,309,1,2010-01-05 14:12:00,2011-11-27 15:38:00,691,23.0,91.47,62.07
13611.0,89,10,3297.9300000000003,1988,14.592610619469028,170,1,2009-12-03 07:57:00,2011-09-11 14:51:00,647,21.6,152.68,198.8
13612.0,633,1,818.29,444,16.3658,50,1,2010-03-17 12:14:00,2010-03-17 12:14:00,0,1.0,818.29,444.0
13613.0,453,5,1039.8500000000001,445,17.62457627118644,50,1,2010-02-17 12:40:00,2010-09-13 12:01:00,207,6.9,150.7,89.0
13614.0,24,6,2332.74,821,8.836136363636363,227,1,2010-06-06 13:42:00,2011-11-15 14:47:00,527,17.6,132.54,136.83
13615.0,319,8,6272.53,2910,17.091362397820163,259,1,2010-01-28 15:43:00,2011-01-25 08:21:00,361,12.0,522.71,363.75
13616.0,568,2,283.85,172,8.110000000000001,31,1,2010-01-17 14:56:00,2010-05-20 12:59:00,122,4.1,69.23,86.0
13617.0,40,8,1278.75,593,11.950934579439252,48,1,2010-08-01 15:23:00,2011-10-30 13:50:00,454,15.1,84.69,74.12
13618.0,174,1,177.34,246,13.641538461538461,13,1,2011-06-19 11:09:00,2011-06-19 11:09:00,0,1.0,177.34,246.0
13619.0,545,2,224.94,79,4.998666666666667,39,1,2010-02-03 14:16:00,2010-06-13 11:39:00,129,4.3,52.31,39.5
13620.0,528,1,112.34,74,22.468,5,1,2010-06-29 15:02:00,2010-06-29 15:02:00,0,1.0,112.34,74.0
13621.0,117,1,213.85,343,11.255263157894737,19,1,2011-08-15 08:26:00,2011-08-15 08:26:00,0,1.0,213.85,343.0
13622.0,696,1,658.95,379,20.5921875,32,1,2010-01-12 13:22:00,2010-01-12 13:22:00,0,1.0,658.95,379.0
13623.0,31,10,2533.06,1010,8.919225352112676,211,1,2009-12-02 13:57:00,2011-11-09 12:00:00,706,23.5,107.79,101.0
13624.0,388,1,462.08,820,21.003636363636364,22,1,2010-11-16 13:43:00,2010-11-16 13:43:00,0,1.0,462.08,820.0
13625.0,597,1,301.26,144,14.345714285714285,21,1,2010-04-22 10:50:00,2010-04-22 10:50:00,0,1.0,301.26,144.0
13626.0,253,2,707.04,398,16.069090909090907,44,1,2010-11-25 16:12:00,2011-04-01 10:05:00,126,4.2,168.34,199.0
13627.0,59,7,2245.9,1632,17.410077519379847,118,1,2010-03-09 14:03:00,2011-10-11 14:20:00,581,19.4,115.77,233.14
13628.0,676,1,310.14,106,19.38375,16,1,2010-02-01 14:44:00,2010-02-01 14:44:00,0,1.0,310.14,106.0
13629.0,23,19,13370.86,7722,153.6880459770115,28,1,2010-02-11 17:34:00,2011-11-16 13:21:00,642,21.4,624.81,406.42
13630.0,5,7,2031.78,1391,28.61661971830986,51,1,2011-02-27 12:49:00,2011-12-04 15:16:00,280,9.3,218.47,198.71
13631.0,100,11,3070.42,467,279.1290909090909,6,1,2011-03-17 17:13:00,2011-09-01 09:57:00,167,5.6,548.29,42.45
13632.0,25,8,3645.81,1633,16.571863636363638,166,1,2010-04-07 10:59:00,2011-11-15 10:51:00,586,19.5,186.96,204.12
13634.0,33,16,5033.77,2090,11.286479820627804,269,1,2010-01-10 14:26:00,2011-11-06 13:40:00,664,22.1,227.77,130.62
13635.0,68,4,2999.16,1884,18.513333333333332,135,1,2009-12-01 09:46:00,2011-10-03 10:55:00,671,22.4,133.89,471.0
13636.0,37,5,949.12,592,15.065396825396826,57,1,2011-02-27 14:29:00,2011-11-03 10:30:00,248,8.3,114.35,118.4
13637.0,52,3,804.3,405,8.124242424242423,79,1,2011-04-27 13:06:00,2011-10-18 13:32:00,174,5.8,138.67,135.0
13638.0,16,1,122.64,93,15.33,8,1,2011-11-24 10:38:00,2011-11-24 10:38:00,0,1.0,122.64,93.0
13639.0,74,2,1346.27,997,22.81813559322034,49,1,2010-09-29 10:05:00,2011-09-26 13:36:00,362,12.1,111.26,498.5
13640.0,611,1,405.0,108,101.25,4,1,2010-04-07 15:33:00,2010-04-07 15:33:00,0,1.0,405.0,108.0
13641.0,641,5,1016.47,1098,23.10159090909091,41,1,2009-12-05 13:17:00,2010-03-09 07:37:00,93,3.1,327.89,219.6
13642.0,216,4,472.2,231,4.497142857142857,93,1,2010-10-03 12:23:00,2011-05-08 12:34:00,217,7.2,65.58,57.75
13643.0,31,10,2156.77,902,21.144803921568627,71,1,2009-12-08 12:48:00,2011-11-08 15:37:00,700,23.3,92.57,90.2
13644.0,16,4,2624.26,2067,17.974383561643837,144,1,2011-08-26 11:53:00,2011-11-23 14:07:00,89,3.0,874.75,516.75
13645.0,120,1,252.1,158,50.42,5,1,2011-08-11 16:11:00,2011-08-11 16:11:00,0,1.0,252.1,158.0
13646.0,400,2,326.25,79,5.625,58,1,2010-11-05 12:00:00,2010-11-05 12:13:00,0,1.0,326.25,39.5
13647.0,10,8,3041.68,1795,21.882589928057552,98,1,2010-04-15 12:55:00,2011-11-30 12:00:00,593,19.8,153.62,224.38
13648.0,400,8,1764.02,960,16.641698113207546,95,1,2009-12-01 18:13:00,2010-11-04 14:46:00,337,11.2,157.5,120.0
13649.0,257,6,1453.68,782,13.46,97,1,2010-06-30 16:35:00,2011-03-28 11:51:00,270,9.0,161.52,130.33
13650.0,17,10,3288.0,1746,19.11627906976744,127,1,2010-01-26 08:44:00,2011-11-23 12:22:00,666,22.2,148.11,174.6
13651.0,35,3,226.85,62,16.20357142857143,14,1,2010-11-23 09:44:00,2011-11-04 14:59:00,346,11.5,19.73,20.67
13652.0,46,5,2262.05,1458,16.04290780141844,116,1,2010-02-25 17:37:00,2011-10-25 08:51:00,606,20.2,111.98,291.6
13653.0,488,1,152.2,72,16.91111111111111,9,1,2010-08-09 08:19:00,2010-08-09 08:19:00,0,1.0,152.2,72.0
13654.0,43,11,6308.0,4762,19.173252279635257,262,1,2009-12-02 11:43:00,2011-10-27 16:24:00,694,23.1,273.07,432.91
13655.0,114,6,2280.51,1225,19.163949579831936,103,1,2010-04-27 09:59:00,2011-08-17 14:25:00,477,15.9,143.43,204.17
13656.0,165,4,1078.85,862,12.400574712643676,81,1,2010-04-23 12:50:00,2011-06-28 10:31:00,430,14.3,75.44,215.5
13657.0,11,2,382.14,209,23.88375,16,1,2011-05-22 12:35:00,2011-11-29 12:32:00,190,6.3,60.66,104.5
13658.0,10,9,6025.5,2171,25.424050632911392,164,1,2010-02-05 13:17:00,2011-11-30 10:13:00,662,22.1,272.65,241.22
13659.0,206,12,4884.68,2527,17.827299270072995,224,1,2010-02-17 09:05:00,2011-05-18 12:37:00,455,15.2,321.36,210.58
13660.0,400,1,306.64,136,7.6659999999999995,39,1,2010-11-04 16:10:00,2010-11-04 16:10:00,0,1.0,306.64,136.0
13661.0,603,1,325.24,118,19.131764705882354,17,1,2010-04-15 14:58:00,2010-04-15 14:58:00,0,1.0,325.24,118.0
13662.0,86,11,2233.61,1169,16.423602941176473,126,1,2010-02-19 13:21:00,2011-09-15 12:04:00,572,19.1,116.94,106.27
13663.0,179,5,2047.51,893,20.681919191919192,87,1,2010-03-03 10:11:00,2011-06-13 15:44:00,467,15.6,131.25,178.6
13665.0,386,3,1711.66,1652,16.147735849056605,97,1,2010-07-23 13:29:00,2010-11-18 13:06:00,117,3.9,438.89,550.67
13666.0,60,5,127.9,54,6.731578947368422,19,1,2009-12-04 10:48:00,2011-10-10 15:39:00,675,22.5,5.68,10.8
13667.0,149,1,299.05,149,3.603012048192771,82,1,2011-07-13 15:42:00,2011-07-13 15:42:00,0,1.0,299.05,149.0
13668.0,3,35,12948.48,6096,17.127619047619046,411,1,2009-12-11 14:28:00,2011-12-07 12:11:00,725,24.2,535.06,174.17
13669.0,51,3,413.55,393,29.539285714285715,13,1,2010-10-28 15:05:00,2011-10-20 09:32:00,356,11.9,34.75,131.0
13670.0,75,1,349.7,282,13.988,25,1,2011-09-25 15:25:00,2011-09-25 15:25:00,0,1.0,349.7,282.0
13671.0,395,1,172.6,95,2.696875,61,1,2010-11-10 10:50:00,2010-11-10 10:50:00,0,1.0,172.6,95.0
13672.0,301,3,419.92,138,23.32888888888889,13,1,2009-12-09 11:40:00,2011-02-11 13:53:00,429,14.3,29.37,46.0
13673.0,19,2,387.44,114,6.457333333333334,47,1,2011-11-07 15:40:00,2011-11-21 12:11:00,13,0.4,968.6,57.0
13674.0,433,1,240.68,102,17.19142857142857,14,1,2010-10-03 10:41:00,2010-10-03 10:41:00,0,1.0,240.68,102.0
13675.0,151,2,486.82000000000005,330,19.472800000000003,25,1,2011-02-28 12:14:00,2011-07-11 12:57:00,133,4.4,110.64,165.0
13676.0,539,2,243.9,104,18.76153846153846,13,1,2010-03-30 16:53:00,2010-06-18 17:30:00,80,2.7,90.33,52.0
13677.0,405,2,551.24,217,5.200377358490566,98,1,2010-07-07 17:25:00,2010-10-31 11:32:00,115,3.8,145.06,108.5
13678.0,152,1,232.6,924,14.5375,16,1,2011-07-11 10:14:00,2011-07-11 10:14:00,0,1.0,232.6,924.0
13679.0,494,3,281.26,102,5.6251999999999995,44,1,2009-12-04 16:52:00,2010-08-03 12:13:00,241,8.0,35.16,34.0
13680.0,1,12,11419.67,5244,17.67750773993808,354,1,2009-12-04 14:14:00,2011-12-08 13:47:00,733,24.4,468.02,437.0
13681.0,18,4,827.83,360,14.523333333333333,37,1,2011-07-07 15:21:00,2011-11-22 11:13:00,137,4.6,179.96,90.0
13682.0,187,1,59.5,10,19.833333333333332,3,1,2011-06-05 14:06:00,2011-06-05 14:06:00,0,1.0,59.5,10.0
13683.0,458,1,258.6,180,25.860000000000003,10,1,2010-09-08 10:00:00,2010-09-08 10:00:00,0,1.0,258.6,180.0
13684.0,286,4,594.88,234,5.508148148148148,81,1,2010-03-28 14:48:00,2011-02-27 10:13:00,335,11.2,53.11,58.5
13685.0,3,7,3119.44,5056,79.98564102564103,29,1,2011-10-10 12:59:00,2011-12-07 11:41:00,57,1.9,1641.81,722.29
13686.0,183,3,409.04,378,12.030588235294118,27,1,2010-11-03 13:44:00,2011-06-10 09:10:00,218,7.3,56.03,126.0
13687.0,438,1,11880.84,87167,264.01866666666666,45,1,2010-09-27 16:30:00,2010-09-27 16:30:00,0,1.0,11880.84,87167.0
13688.0,635,1,375.5,130,75.1,5,1,2010-03-14 14:11:00,2010-03-14 14:11:00,0,1.0,375.5,130.0
13689.0,63,2,1259.5,722,139.94444444444446,6,1,2010-09-21 10:27:00,2011-10-07 13:21:00,381,12.7,99.17,361.0
13690.0,59,1,172.25,67,19.13888888888889,9,1,2011-10-11 15:03:00,2011-10-11 15:03:00,0,1.0,172.25,67.0
13691.0,396,1,212.78,145,3.9403703703703705,54,1,2010-11-08 17:34:00,2010-11-08 17:34:00,0,1.0,212.78,145.0
13692.0,25,5,3114.4,2101,32.44166666666667,83,1,2010-10-15 13:28:00,2011-11-15 11:17:00,395,13.2,235.94,420.2
13693.0,374,9,2011.8200000000002,880,18.979433962264153,78,1,2009-12-07 11:29:00,2010-11-30 18:21:00,358,11.9,169.06,97.78
13694.0,4,143,195640.69,188201,128.7957142857143,896,1,2009-12-04 15:26:00,2011-12-06 09:32:00,731,24.4,8018.06,1316.09
13695.0,31,16,2770.73,1791,28.861770833333335,47,1,2010-05-11 11:07:00,2011-11-08 14:26:00,546,18.2,152.24,111.94
13696.0,422,3,2020.4,552,84.18333333333334,24,1,2010-02-11 14:17:00,2010-10-14 09:44:00,244,8.1,249.43,184.0
13697.0,39,1,151.3,177,12.608333333333334,12,1,2011-11-01 09:14:00,2011-11-01 09:14:00,0,1.0,151.3,177.0
13698.0,597,2,451.73,227,11.887631578947369,31,1,2010-01-27 09:02:00,2010-04-22 11:52:00,85,2.8,161.33,113.5
13699.0,155,2,764.15,219,20.6527027027027,33,1,2010-06-07 13:03:00,2011-07-07 16:51:00,395,13.2,57.89,109.5
13700.0,26,13,2596.9700000000003,2786,10.820708333333334,163,1,2010-02-07 10:53:00,2011-11-13 13:00:00,644,21.5,120.79,214.31
13701.0,447,1,161.0,80,17.88888888888889,9,1,2010-09-19 12:39:00,2010-09-19 12:39:00,0,1.0,161.0,80.0
13702.0,446,1,135.18,74,27.036,5,1,2010-09-20 11:40:00,2010-09-20 11:40:00,0,1.0,135.18,74.0
13703.0,318,2,425.56,128,11.501621621621622,36,1,2010-10-20 13:11:00,2011-01-25 13:10:00,96,3.2,132.99,64.0
13704.0,5,9,2308.06,1531,17.224328358208954,111,1,2011-09-12 14:40:00,2011-12-04 15:13:00,83,2.8,824.31,170.11
13705.0,8,7,1717.19,906,23.205270270270272,55,1,2010-03-25 17:19:00,2011-12-02 12:32:00,616,20.5,83.77,129.43
13706.0,303,2,631.1700000000001,301,16.609736842105264,38,1,2010-03-23 09:18:00,2011-02-10 09:21:00,324,10.8,58.44,150.5
13707.0,267,5,3365.86,2210,21.715225806451613,142,1,2010-06-21 11:57:00,2011-03-17 18:03:00,269,9.0,373.98,442.0
13708.0,271,1,285.33,301,5.823061224489796,49,1,2011-03-13 13:46:00,2011-03-13 13:46:00,0,1.0,285.33,301.0
13709.0,4,18,7571.35,4122,18.602825552825554,296,1,2010-01-11 10:40:00,2011-12-06 10:28:00,693,23.1,327.76,229.0
13710.0,32,3,509.52,336,33.967999999999996,13,1,2010-04-06 12:54:00,2011-11-08 08:16:00,580,19.3,26.4,112.0
13711.0,219,9,1792.26,819,19.48108695652174,80,1,2009-12-15 19:04:00,2011-05-05 10:31:00,505,16.8,106.68,91.0
13712.0,247,2,766.42,1128,23.224848484848483,32,1,2010-04-08 11:16:00,2011-04-07 12:33:00,364,12.1,63.34,564.0
13713.0,408,3,740.76,284,9.2595,70,1,2010-05-05 16:48:00,2010-10-27 16:18:00,174,5.8,127.72,94.67
13714.0,465,1,161.35,50,5.378333333333333,30,1,2010-08-31 13:57:00,2010-08-31 13:57:00,0,1.0,161.35,50.0
13715.0,281,17,8153.04,4800,15.92390625,277,1,2010-03-11 15:33:00,2011-03-03 19:21:00,357,11.9,685.13,282.35
13716.0,269,1,138.28,138,6.584761904761905,21,1,2011-03-15 13:49:00,2011-03-15 13:49:00,0,1.0,138.28,138.0
13717.0,32,8,1763.3,2144,14.220161290322581,110,1,2010-08-11 09:40:00,2011-11-07 14:13:00,453,15.1,116.77,268.0
13718.0,246,2,306.55,173,25.545833333333334,9,1,2011-02-17 11:58:00,2011-04-07 13:24:00,49,1.6,191.59,86.5
13719.0,15,11,2783.08,1588,11.222096774193549,194,1,2010-05-17 14:36:00,2011-11-24 15:26:00,556,18.5,150.44,144.36
13720.0,117,4,799.9,501,18.60232558139535,42,1,2011-03-30 09:17:00,2011-08-15 12:46:00,138,4.6,173.89,125.25
13721.0,36,2,741.54,512,17.655714285714286,41,1,2010-11-09 17:59:00,2011-11-03 14:05:00,358,11.9,62.31,256.0
13722.0,132,10,5635.41,3059,29.816984126984128,137,1,2010-03-03 14:13:00,2011-07-31 12:44:00,514,17.1,329.56,305.9
13723.0,217,6,1194.08,593,20.58758620689655,51,1,2010-04-07 14:32:00,2011-05-06 17:04:00,394,13.1,91.15,98.83
13724.0,637,1,213.01,130,5.071666666666666,39,1,2010-03-12 15:28:00,2010-03-12 15:28:00,0,1.0,213.01,130.0
13725.0,50,8,1980.56,806,19.043846153846154,95,1,2011-02-04 12:18:00,2011-10-21 10:03:00,258,8.6,230.3,100.75
13726.0,39,2,1079.66,1054,25.70619047619048,39,1,2011-08-31 11:06:00,2011-11-01 10:49:00,61,2.0,539.83,527.0
13727.0,29,8,1074.15,368,12.941566265060242,74,1,2009-12-09 13:25:00,2011-11-11 09:46:00,701,23.4,45.9,46.0
13728.0,37,16,2855.17,1269,17.409573170731708,75,1,2009-12-09 17:13:00,2011-11-03 10:49:00,693,23.1,123.6,79.31
13729.0,436,3,724.73,419,18.582820512820515,36,1,2010-01-24 14:57:00,2010-09-30 10:44:00,248,8.3,87.32,139.67
13730.0,136,2,752.6,488,17.50232558139535,38,1,2011-07-01 12:47:00,2011-07-27 08:35:00,25,0.8,940.75,244.0
13731.0,219,2,610.59,278,16.068157894736842,36,1,2011-04-07 10:10:00,2011-05-04 14:33:00,27,0.9,678.43,139.0
13732.0,28,1,491.86,498,14.904848484848486,33,1,2011-11-11 15:49:00,2011-11-11 15:49:00,0,1.0,491.86,498.0
13733.0,411,2,487.03000000000003,335,16.794137931034484,28,1,2009-12-04 15:28:00,2010-10-25 12:18:00,324,10.8,45.1,167.5
13734.0,509,4,6695.6900000000005,302,247.98851851851853,24,1,2010-04-16 08:42:00,2010-07-19 12:04:00,94,3.1,2159.9,75.5
13735.0,25,13,9762.77,4135,15.089289026275116,362,1,2009-12-13 13:31:00,2011-11-15 11:14:00,701,23.4,417.21,318.08
13736.0,5,7,2752.47,1549,4.968357400722021,325,1,2009-12-06 12:07:00,2011-12-04 15:19:00,728,24.3,113.27,221.29
13737.0,200,1,339.6,125,11.32,29,1,2011-05-23 16:32:00,2011-05-23 16:32:00,0,1.0,339.6,125.0
13738.0,396,1,434.78000000000003,237,4.885168539325843,88,1,2010-11-08 15:23:00,2010-11-08 15:23:00,0,1.0,434.78,237.0
13739.0,18,2,292.2,76,48.699999999999996,6,1,2010-06-30 10:25:00,2011-11-21 13:35:00,509,17.0,17.19,38.0
13740.0,241,5,1582.77,987,16.837978723404255,83,1,2009-12-02 12:22:00,2011-04-13 10:32:00,496,16.5,95.93,197.4
13741.0,72,3,668.4300000000001,218,19.65970588235294,34,1,2011-05-06 13:43:00,2011-09-29 09:19:00,145,4.8,139.26,72.67
13742.0,17,12,3107.87,1115,9.92929712460064,200,1,2011-01-23 14:59:00,2011-11-23 11:07:00,303,10.1,307.71,92.92
13743.0,3,7,1341.6,1776,32.72195121951219,8,1,2011-03-25 14:46:00,2011-12-07 10:09:00,256,8.5,157.84,253.71
13744.0,95,2,1080.52,1153,17.15111111111111,54,1,2011-02-20 14:08:00,2011-09-05 15:19:00,197,6.6,163.72,576.5
13745.0,162,2,777.36,1146,13.881428571428572,46,1,2010-06-11 17:19:00,2011-06-30 16:43:00,383,12.8,60.73,573.0
13746.0,414,1,176.69,83,19.63222222222222,9,1,2010-10-22 11:55:00,2010-10-22 11:55:00,0,1.0,176.69,83.0
13747.0,374,2,169.8,60,33.96,4,1,2010-10-11 09:15:00,2010-12-01 10:37:00,51,1.7,99.88,30.0
13748.0,96,9,2064.35,1028,35.592241379310344,40,1,2009-12-01 16:44:00,2011-09-05 09:45:00,642,21.4,96.46,114.22
13750.0,54,11,3602.18,1370,48.029066666666665,51,1,2010-04-01 14:49:00,2011-10-17 12:16:00,563,18.8,191.61,124.55
13751.0,288,1,296.25,152,32.916666666666664,9,1,2011-02-24 15:56:00,2011-02-24 15:56:00,0,1.0,296.25,152.0
13752.0,124,7,1579.8300000000002,1005,16.806702127659577,75,1,2010-06-30 10:23:00,2011-08-07 14:16:00,403,13.4,117.9,143.57
13753.0,288,4,2094.57,1450,26.182125000000003,64,1,2009-12-03 10:20:00,2011-02-25 12:48:00,449,15.0,139.64,362.5
13754.0,152,3,447.05,315,21.288095238095238,16,1,2010-09-28 15:29:00,2011-07-11 11:51:00,285,9.5,47.06,105.0
13755.0,4,9,2108.06,1242,6.567165109034268,232,1,2011-10-07 15:45:00,2011-12-06 12:26:00,59,2.0,1054.03,138.0
13756.0,2,23,8655.95,5138,25.236005830903792,142,1,2009-12-15 15:18:00,2011-12-07 16:44:00,722,24.1,359.17,223.39
13757.0,675,1,195.55,54,24.44375,8,1,2010-02-03 12:37:00,2010-02-03 12:37:00,0,1.0,195.55,54.0
13758.0,12,15,8698.13,4667,30.51975438596491,213,1,2009-12-01 10:06:00,2011-11-28 11:11:00,727,24.2,359.43,311.13
13759.0,33,2,659.4100000000001,287,26.376400000000004,24,1,2011-09-29 15:40:00,2011-11-06 14:47:00,37,1.2,549.51,143.5
13760.0,54,5,1363.6399999999999,623,11.459159663865545,95,1,2010-04-25 13:10:00,2011-10-16 16:13:00,539,18.0,75.76,124.6
13761.0,50,6,1952.17,1079,16.001393442622952,118,1,2010-02-21 11:08:00,2011-10-20 14:01:00,606,20.2,96.64,179.83
13762.0,219,5,2472.48,2608,70.64228571428572,23,1,2010-01-10 12:13:00,2011-05-05 09:15:00,479,16.0,154.53,521.6
13763.0,63,3,5217.44,3224,104.3488,50,1,2010-09-30 17:39:00,2011-10-07 15:13:00,371,12.4,420.76,1074.67
13764.0,71,6,2919.62,2084,7.890864864864865,295,1,2010-03-07 12:56:00,2011-09-30 12:03:00,571,19.0,153.66,347.33
13765.0,653,1,352.821,297,20.754176470588238,17,1,2010-02-24 13:46:00,2010-02-24 13:46:00,0,1.0,352.82,297.0
13766.0,495,1,190.35,137,11.197058823529412,16,1,2010-08-01 14:25:00,2010-08-01 14:25:00,0,1.0,190.35,137.0
13767.0,2,73,33903.57,14595,44.37640052356021,117,1,2009-12-01 10:52:00,2011-12-07 15:00:00,736,24.5,1383.82,199.93
13768.0,727,2,875.97,373,26.544545454545457,30,1,2009-12-09 10:25:00,2009-12-13 10:41:00,4,0.1,8759.7,186.5
13769.0,2,20,5478.12,2452,19.920436363636362,121,1,2009-12-16 11:59:00,2011-12-07 15:08:00,721,24.0,228.26,122.6
13770.0,422,4,785.37,468,16.361875,48,1,2009-12-09 14:44:00,2010-10-13 15:10:00,308,10.3,76.25,117.0
13771.0,64,9,5728.82,3140,26.522314814814813,182,1,2010-02-25 12:37:00,2011-10-06 14:18:00,588,19.6,292.29,348.89
13772.0,34,8,3100.02,1446,5.467407407407407,394,1,2010-02-23 13:55:00,2011-11-06 11:43:00,620,20.7,149.76,180.75
13773.0,397,2,301.54,174,15.870526315789474,19,1,2010-02-18 10:27:00,2010-11-08 11:49:00,263,8.8,34.27,87.0
13774.0,82,1,345.0,192,15.681818181818182,22,1,2011-09-19 12:06:00,2011-09-19 12:06:00,0,1.0,345.0,192.0
13775.0,591,1,1049.66,455,16.661269841269842,63,1,2010-04-28 12:15:00,2010-04-28 12:15:00,0,1.0,1049.66,455.0
13776.0,428,2,623.98,2,311.99,1,1,2010-10-07 16:07:00,2010-10-07 16:11:00,0,1.0,623.98,1.0
13777.0,1,61,49638.26,23190,139.4333146067416,44,1,2009-12-02 09:47:00,2011-12-09 12:25:00,737,24.6,2017.82,380.16
13778.0,103,4,1124.49,511,25.55659090909091,33,1,2010-05-23 13:34:00,2011-08-28 15:25:00,462,15.4,73.02,127.75
13779.0,516,1,161.13,53,5.967777777777777,27,1,2010-07-12 11:24:00,2010-07-12 11:24:00,0,1.0,161.13,53.0
13780.0,7,3,732.07,479,7.470102040816327,90,1,2010-10-28 19:51:00,2011-12-02 13:49:00,399,13.3,55.04,159.67
13781.0,251,3,778.83,300,13.663684210526316,56,1,2009-12-18 15:46:00,2011-04-03 12:08:00,470,15.7,49.61,100.0
13782.0,13,13,1786.08,643,7.50453781512605,187,1,2009-12-06 12:52:00,2011-11-27 11:54:00,720,24.0,74.42,49.46
13783.0,488,4,1542.09,3437,154.209,4,1,2010-02-04 13:47:00,2010-08-09 09:23:00,185,6.2,248.72,859.25
13784.0,10,14,2910.23,2827,67.67976744186046,13,1,2010-09-15 12:27:00,2011-11-30 09:33:00,440,14.7,197.97,201.93
13785.0,429,4,542.49,151,18.083000000000002,26,1,2010-09-05 16:01:00,2010-10-07 09:25:00,31,1.0,542.49,37.75
13786.0,367,6,3127.9900000000002,1515,26.965431034482762,80,1,2009-12-03 15:32:00,2010-12-07 13:53:00,368,12.3,254.31,252.5
13787.0,76,6,1222.5,998,14.215116279069768,71,1,2010-01-14 10:13:00,2011-09-25 12:06:00,619,20.6,59.34,166.33
13788.0,505,1,3.75,1,3.75,1,1,2010-07-22 15:50:00,2010-07-22 15:50:00,0,1.0,3.75,1.0
13789.0,388,1,239.46,258,13.303333333333335,18,1,2010-11-16 15:31:00,2010-11-16 15:31:00,0,1.0,239.46,258.0
13790.0,4,1,348.79999999999995,748,7.75111111111111,45,1,2011-12-05 15:48:00,2011-12-05 15:48:00,0,1.0,348.8,748.0
13791.0,128,2,1516.0,1200,137.8181818181818,7,1,2011-06-24 16:38:00,2011-08-04 11:44:00,40,1.3,1166.15,600.0
13792.0,66,3,383.95,156,16.693478260869565,23,1,2010-10-13 11:05:00,2011-10-04 14:31:00,356,11.9,32.26,52.0
13793.0,647,1,96.0,52,13.714285714285714,7,1,2010-03-03 08:25:00,2010-03-03 08:25:00,0,1.0,96.0,52.0
13794.0,547,1,126.03,63,14.003333333333334,9,1,2010-06-11 12:30:00,2010-06-11 12:30:00,0,1.0,126.03,63.0
13795.0,388,4,836.3,1250,28.837931034482757,23,1,2010-03-12 12:44:00,2010-11-16 17:25:00,249,8.3,100.76,312.5
13796.0,499,1,289.7,218,13.168181818181818,22,1,2010-07-28 14:45:00,2010-07-28 14:45:00,0,1.0,289.7,218.0
13797.0,437,3,1179.45,573,15.121153846153847,71,1,2010-03-02 12:17:00,2010-09-29 10:34:00,210,7.0,168.49,191.0
13798.0,1,110,75428.87,48187,104.61701803051317,168,1,2009-12-08 16:21:00,2011-12-08 15:51:00,729,24.3,3104.07,438.06
13799.0,117,9,2803.57,1539,26.448773584905663,64,1,2010-03-05 16:39:00,2011-08-15 12:07:00,527,17.6,159.29,171.0
13800.0,310,3,1679.56,891,23.00767123287671,73,1,2009-12-03 10:03:00,2011-02-03 12:27:00,427,14.2,118.28,297.0
13801.0,67,1,324.8,168,14.121739130434783,23,1,2011-10-04 10:15:00,2011-10-04 10:15:00,0,1.0,324.8,168.0
13802.0,139,19,26259.11,14129,58.61408482142857,212,1,2010-02-16 10:11:00,2011-07-24 10:54:00,523,17.4,1509.14,743.63
13803.0,255,3,1338.91,831,17.16551282051282,73,1,2010-03-31 10:00:00,2011-03-29 12:57:00,363,12.1,110.65,277.0
13804.0,31,9,3161.12,1797,18.928862275449102,149,1,2010-09-29 10:26:00,2011-11-09 12:32:00,406,13.5,234.16,199.67
13805.0,52,2,924.5999999999999,1900,71.12307692307692,10,1,2011-08-02 15:29:00,2011-10-18 14:50:00,76,2.5,369.84,950.0
13806.0,64,1,256.38,56,25.637999999999998,10,1,2011-10-07 11:43:00,2011-10-07 11:43:00,0,1.0,256.38,56.0
13807.0,367,3,422.2,116,16.887999999999998,24,1,2009-12-04 12:41:00,2010-12-07 15:48:00,368,12.3,34.33,38.67
13808.0,6,5,1747.66,782,22.995526315789476,70,1,2011-09-04 12:07:00,2011-12-04 12:18:00,91,3.0,582.55,156.4
13809.0,305,3,679.6999999999999,281,27.188,23,1,2010-09-05 11:42:00,2011-02-07 13:15:00,155,5.2,130.71,93.67
13810.0,29,3,1499.01,312,42.828857142857146,32,1,2011-10-14 12:57:00,2011-11-11 08:33:00,27,0.9,1665.57,104.0
13811.0,184,3,814.5,68,62.65384615384615,7,1,2011-04-14 18:40:00,2011-06-09 09:54:00,55,1.8,452.5,22.67
13812.0,42,3,539.0,333,14.972222222222221,33,1,2011-08-26 12:54:00,2011-10-28 14:27:00,63,2.1,256.67,111.0
13813.0,40,8,2765.4700000000003,1292,19.33895104895105,84,1,2009-12-06 10:16:00,2011-10-31 10:38:00,694,23.1,119.72,161.5
13814.0,92,3,2257.32,1214,28.573670886075952,56,1,2010-06-30 14:12:00,2011-09-08 13:48:00,434,14.5,155.68,404.67
13815.0,22,8,7475.74,5381,20.999269662921346,203,1,2010-02-12 10:26:00,2011-11-17 14:19:00,643,21.4,349.33,672.62
13816.0,24,2,571.6700000000001,269,20.416785714285716,25,1,2011-10-06 14:37:00,2011-11-16 08:38:00,40,1.3,439.75,134.5
13817.0,29,2,382.98,211,15.957500000000001,20,1,2010-12-23 11:46:00,2011-11-10 17:49:00,322,10.7,35.79,105.5
13818.0,430,1,61.28,60,12.256,5,1,2010-10-06 12:35:00,2010-10-06 12:35:00,0,1.0,61.28,60.0
13819.0,302,6,2642.35,2309,26.161881188118812,47,1,2009-12-01 16:18:00,2011-02-11 10:38:00,436,14.5,182.23,384.83
13820.0,418,3,652.75,285,7.334269662921348,68,1,2010-01-28 12:26:00,2010-10-17 13:46:00,262,8.7,75.03,95.0
13821.0,145,6,1379.08,477,6.760196078431372,158,1,2010-01-04 13:36:00,2011-07-18 09:49:00,559,18.6,74.14,79.5
13822.0,6,2,632.0,611,6.583333333333333,90,1,2011-10-30 15:55:00,2011-12-04 12:13:00,34,1.1,574.55,305.5
13823.0,19,7,3403.4500000000003,1564,20.880061349693253,108,1,2009-12-15 14:34:00,2011-11-21 10:22:00,705,23.5,144.83,223.43
13824.0,33,12,3314.76,1442,33.147600000000004,59,1,2010-03-12 15:17:00,2011-11-07 12:41:00,604,20.1,164.91,120.17
13825.0,622,2,255.59,182,6.38975,38,1,2009-12-09 14:30:00,2010-03-28 11:02:00,108,3.6,71.0,91.0
13826.0,176,1,189.5,82,18.95,10,1,2011-06-16 13:48:00,2011-06-16 13:48:00,0,1.0,189.5,82.0
13827.0,58,3,409.8,138,4.4543478260869565,83,1,2011-07-19 15:38:00,2011-10-13 12:38:00,85,2.8,146.36,46.0
13828.0,22,1,209.49,311,13.966000000000001,15,1,2011-11-17 16:02:00,2011-11-17 16:02:00,0,1.0,209.49,311.0
13829.0,421,1,102.0,12,102.0,1,1,2010-10-14 18:19:00,2010-10-14 18:19:00,0,1.0,102.0,12.0
13830.0,582,1,156.85000000000002,47,14.259090909090911,11,1,2010-05-07 12:24:00,2010-05-07 12:24:00,0,1.0,156.85,47.0
13831.0,16,18,6585.54,2393,36.184285714285714,121,1,2009-12-10 14:50:00,2011-11-23 15:41:00,713,23.8,276.7,132.94
13832.0,19,2,609.89,420,11.088909090909091,54,1,2010-10-13 14:41:00,2011-11-20 15:36:00,403,13.4,45.51,210.0
13833.0,159,2,700.41,243,15.91840909090909,43,1,2010-10-31 14:11:00,2011-07-03 13:27:00,244,8.1,86.47,121.5
13834.0,577,2,324.19,221,20.261875,15,1,2010-02-08 12:52:00,2010-05-12 10:27:00,92,3.1,104.58,110.5
13835.0,25,7,1095.27,520,15.426338028169013,60,1,2010-03-04 08:26:00,2011-11-14 15:37:00,620,20.7,52.91,74.29
13836.0,399,2,620.37,273,20.011935483870968,29,1,2010-10-21 13:27:00,2010-11-05 13:31:00,15,0.5,1240.74,136.5
13837.0,212,2,266.59000000000003,182,14.810555555555558,17,1,2011-01-26 12:15:00,2011-05-12 12:10:00,105,3.5,76.17,91.0
13838.0,6,10,1690.07,694,4.193722084367246,328,1,2010-05-09 11:40:00,2011-12-04 11:00:00,573,19.1,88.49,69.4
13839.0,486,1,139.95000000000002,25,19.992857142857144,7,1,2010-08-10 13:52:00,2010-08-10 13:52:00,0,1.0,139.95,25.0
13840.0,416,1,651.4,358,16.285,40,1,2010-10-19 13:34:00,2010-10-19 13:34:00,0,1.0,651.4,358.0
13841.0,253,1,85.0,100,85.0,1,1,2011-04-01 12:10:00,2011-04-01 12:10:00,0,1.0,85.0,100.0
13842.0,59,18,5319.34,2716,15.878626865671642,214,1,2010-02-16 15:54:00,2011-10-12 10:51:00,602,20.1,264.64,150.89
13843.0,381,1,319.75,145,17.76388888888889,18,1,2010-11-23 17:48:00,2010-11-23 17:48:00,0,1.0,319.75,145.0
13844.0,11,1,361.62,196,18.081,20,1,2011-11-28 13:21:00,2011-11-28 13:21:00,0,1.0,361.62,196.0
13845.0,65,1,312.98,182,34.775555555555556,9,1,2011-10-06 08:25:00,2011-10-06 08:25:00,0,1.0,312.98,182.0
13846.0,25,4,1307.79,705,16.145555555555553,81,1,2010-11-05 09:47:00,2011-11-15 12:07:00,375,12.5,104.62,176.25
13847.0,720,1,310.72,96,16.353684210526318,19,1,2009-12-20 10:41:00,2009-12-20 10:41:00,0,1.0,310.72,96.0
13848.0,92,8,3015.0,9200,301.5,3,1,2009-12-09 16:17:00,2011-09-08 12:58:00,637,21.2,142.22,1150.0
13849.0,52,5,3469.3,1883,15.769545454545455,189,1,2010-03-25 12:03:00,2011-10-19 10:59:00,572,19.1,181.64,376.6
13850.0,129,1,1595.48,944,17.155698924731183,93,1,2011-08-02 14:04:00,2011-08-02 14:04:00,0,1.0,1595.48,944.0
13851.0,96,8,4606.46,2525,32.903285714285715,111,1,2010-01-29 11:54:00,2011-09-05 12:36:00,584,19.5,236.23,315.62
13852.0,611,1,187.35000000000002,85,17.031818181818185,11,1,2010-04-08 09:06:00,2010-04-08 09:06:00,0,1.0,187.35,85.0
13853.0,57,1,1090.1399999999999,312,47.39739130434782,23,1,2011-10-13 14:18:00,2011-10-13 14:18:00,0,1.0,1090.14,312.0
13854.0,9,39,11944.56,3642,67.10426966292134,61,1,2010-01-08 11:28:00,2011-12-01 09:06:00,691,23.0,519.33,93.38
13855.0,501,4,1310.3400000000001,575,17.949863013698632,64,1,2009-12-08 16:56:00,2010-07-27 09:53:00,230,7.7,170.17,143.75
13856.0,169,11,1142.03,1105,21.148703703703703,33,1,2010-03-30 15:40:00,2011-06-24 10:03:00,450,15.0,76.14,100.45
13857.0,393,6,1001.01,782,7.820390625,99,1,2010-05-17 14:21:00,2010-11-11 12:54:00,177,5.9,169.66,130.33
13858.0,57,1,216.17000000000002,75,19.651818181818182,11,1,2011-10-13 16:17:00,2011-10-13 16:17:00,0,1.0,216.17,75.0
13859.0,326,2,515.86,167,14.329444444444444,34,1,2010-06-28 15:36:00,2011-01-17 16:14:00,203,6.8,75.86,83.5
13860.0,1,5,1245.9,591,16.39342105263158,58,1,2011-09-14 09:27:00,2011-12-08 12:57:00,85,2.8,444.96,118.2
13861.0,429,2,273.26,225,13.012380952380951,21,1,2010-06-27 11:37:00,2010-10-06 14:20:00,101,3.4,80.37,112.5
13862.0,18,9,2556.09,1927,15.9755625,113,1,2010-11-15 13:43:00,2011-11-21 16:24:00,371,12.4,206.14,214.11
13863.0,248,4,1239.55,553,17.707857142857144,59,1,2010-04-25 13:09:00,2011-04-06 10:20:00,345,11.5,107.79,138.25
13864.0,387,1,662.4000000000001,192,662.4000000000001,1,1,2010-11-18 12:50:00,2010-11-18 12:50:00,0,1.0,662.4,192.0
13865.0,58,4,501.56,204,16.718666666666667,26,1,2011-02-23 12:04:00,2011-10-12 13:31:00,231,7.7,65.14,51.0
13866.0,74,1,145.67,57,20.81,7,1,2011-09-26 14:54:00,2011-09-26 14:54:00,0,1.0,145.67,57.0
13867.0,31,3,1005.09,501,16.7515,51,1,2011-05-05 17:28:00,2011-11-08 15:48:00,186,6.2,162.11,167.0
13868.0,7,2,3192.54,1964,96.74363636363637,32,1,2011-11-01 12:45:00,2011-12-02 16:32:00,31,1.0,3192.54,982.0
13869.0,123,10,7996.87,4302,9.542804295942721,502,1,2010-01-17 14:53:00,2011-08-08 13:53:00,567,18.9,423.11,430.2
13870.0,2,15,5712.08,3449,23.701576763485477,159,1,2010-02-08 12:08:00,2011-12-07 13:23:00,667,22.2,257.3,229.93
13871.0,23,17,7885.85,3502,19.616542288557216,183,1,2009-12-20 13:09:00,2011-11-17 10:49:00,696,23.2,339.91,206.0
13872.0,527,3,919.57,339,16.13280701754386,51,1,2009-12-14 09:56:00,2010-06-30 15:35:00,198,6.6,139.33,113.0
13873.0,120,8,1038.92,472,17.315333333333335,55,1,2010-03-03 12:31:00,2011-08-12 10:08:00,526,17.5,59.37,59.0
13874.0,358,7,2049.15,864,29.697826086956525,46,1,2010-02-04 18:39:00,2010-12-16 18:20:00,314,10.5,195.16,123.43
13875.0,54,14,4814.37,3072,17.831,159,1,2009-12-17 10:30:00,2011-10-17 09:36:00,668,22.3,215.89,219.43
13876.0,64,1,122.7,36,17.52857142857143,7,1,2011-10-07 10:22:00,2011-10-07 10:22:00,0,1.0,122.7,36.0
13877.0,86,3,449.68,478,19.551304347826086,23,1,2010-01-19 10:53:00,2011-09-14 15:49:00,603,20.1,22.37,159.33
13878.0,55,4,2416.9,927,23.695098039215686,93,1,2010-04-14 13:50:00,2011-10-16 12:19:00,549,18.3,132.07,231.75
13879.0,646,1,395.5,204,15.82,25,1,2010-03-04 10:49:00,2010-03-04 10:49:00,0,1.0,395.5,204.0
13880.0,21,17,4293.86,2535,19.254977578475334,148,1,2010-05-26 14:29:00,2011-11-18 13:44:00,540,18.0,238.55,149.12
13881.0,4,43,45179.1,29760,98.8601750547046,182,1,2010-03-04 14:41:00,2011-12-06 12:50:00,641,21.4,2111.17,692.09
13882.0,3,5,1191.13,953,18.325076923076924,54,1,2011-10-06 15:28:00,2011-12-07 11:16:00,61,2.0,595.57,190.6
13883.0,11,15,6560.02,3584,20.759556962025318,200,1,2009-12-08 17:26:00,2011-11-29 10:45:00,720,24.0,273.33,238.93
13884.0,7,10,1825.03,752,10.027637362637362,108,1,2010-08-26 19:57:00,2011-12-02 16:30:00,462,15.4,118.51,75.2
13885.0,189,2,506.8,182,18.1,28,1,2011-05-23 08:52:00,2011-06-03 15:07:00,11,0.4,1267.0,91.0
13886.0,71,1,243.56,126,15.2225,16,1,2011-09-29 13:17:00,2011-09-29 13:17:00,0,1.0,243.56,126.0
13887.0,204,1,349.55,147,18.397368421052633,19,1,2011-05-19 17:22:00,2011-05-19 17:22:00,0,1.0,349.55,147.0
13888.0,120,7,2001.5900000000001,795,11.705204678362573,124,1,2010-05-13 11:57:00,2011-08-12 10:13:00,455,15.2,131.68,113.57
13889.0,93,6,1991.23,979,23.990722891566264,57,1,2010-01-22 14:32:00,2011-09-08 09:13:00,593,19.8,100.57,163.17
13890.0,1,14,2927.38,1392,16.921271676300577,100,1,2009-12-06 15:15:00,2011-12-08 15:36:00,732,24.4,119.97,99.43
13891.0,378,3,859.21,476,8.678888888888888,97,1,2010-05-06 16:02:00,2010-11-26 15:57:00,203,6.8,126.35,158.67
13892.0,27,6,1267.65,3125,35.212500000000006,33,1,2010-05-13 10:32:00,2011-11-13 11:50:00,549,18.3,69.27,520.83
13893.0,298,1,821.1,190,39.1,21,1,2011-02-15 11:30:00,2011-02-15 11:30:00,0,1.0,821.1,190.0
13894.0,24,3,564.62,354,20.911851851851853,25,1,2011-02-02 12:54:00,2011-11-16 09:44:00,286,9.5,59.43,118.0
13895.0,28,6,4008.52,2060,21.551182795698924,154,1,2009-12-03 13:09:00,2011-11-11 16:57:00,708,23.6,169.85,343.33
13896.0,626,1,388.55,149,18.502380952380953,21,1,2010-03-24 08:55:00,2010-03-24 08:55:00,0,1.0,388.55,149.0
13897.0,50,3,1160.72,820,19.67322033898305,58,1,2010-01-31 13:48:00,2011-10-20 14:30:00,627,20.9,55.54,273.33
13898.0,326,2,686.4,544,14.921739130434782,43,1,2010-10-24 15:42:00,2011-01-18 10:28:00,85,2.8,245.14,272.0
13899.0,16,2,388.52,156,20.448421052631577,19,1,2011-03-10 09:30:00,2011-11-23 13:40:00,258,8.6,45.18,78.0
13900.0,183,6,1610.5900000000001,938,16.953578947368424,80,1,2010-03-25 13:46:00,2011-06-09 19:26:00,441,14.7,109.56,156.33
13901.0,72,15,5676.34,3344,18.310774193548387,280,1,2010-01-05 09:29:00,2011-09-28 14:48:00,631,21.0,270.3,222.93
13902.0,632,5,34095.26,220600,541.1946031746032,58,1,2009-12-15 10:02:00,2010-03-17 13:09:00,92,3.1,10998.47,44120.0
13903.0,400,1,165.45000000000002,103,16.545,10,1,2010-11-04 17:44:00,2010-11-04 17:44:00,0,1.0,165.45,103.0
13904.0,37,2,332.64,332,12.793846153846154,24,1,2011-02-18 11:18:00,2011-11-02 13:41:00,257,8.6,38.68,166.0
13905.0,733,1,312.65,135,26.054166666666664,12,1,2009-12-07 11:41:00,2009-12-07 11:41:00,0,1.0,312.65,135.0
13906.0,409,1,42.0,100,42.0,1,1,2010-10-26 15:00:00,2010-10-26 15:00:00,0,1.0,42.0,100.0
13907.0,692,1,136.8,68,34.2,4,1,2010-01-17 12:22:00,2010-01-17 12:22:00,0,1.0,136.8,68.0
13908.0,80,4,2369.55,1478,19.42254098360656,104,1,2011-03-08 12:04:00,2011-09-21 11:49:00,196,6.5,364.55,369.5
13909.0,423,2,282.85,301,7.44342105263158,35,1,2010-07-06 16:52:00,2010-10-12 17:22:00,98,3.3,85.71,150.5
13911.0,57,20,4234.99,4487,17.7940756302521,178,1,2010-03-01 16:31:00,2011-10-13 15:43:00,590,19.7,214.97,224.35
13912.0,424,1,124.95,29,17.85,7,1,2010-10-12 08:43:00,2010-10-12 08:43:00,0,1.0,124.95,29.0
13913.0,507,1,42.22,10,14.073333333333332,3,1,2010-07-21 10:11:00,2010-07-21 10:11:00,0,1.0,42.22,10.0
13914.0,12,2,626.45,380,18.983333333333334,28,1,2011-11-03 16:28:00,2011-11-28 10:35:00,24,0.8,783.06,190.0
13915.0,394,1,70.80000000000001,24,35.400000000000006,2,1,2010-11-10 15:17:00,2010-11-10 15:17:00,0,1.0,70.8,24.0
13916.0,464,4,1275.81,673,17.240675675675675,72,1,2010-02-02 10:06:00,2010-09-02 10:04:00,211,7.0,182.26,168.25
13917.0,50,2,272.04,228,15.113333333333335,16,1,2011-06-01 12:46:00,2011-10-21 09:56:00,141,4.7,57.88,114.0
13918.0,50,2,1212.8400000000001,1140,40.428000000000004,30,1,2011-03-31 18:05:00,2011-10-21 12:25:00,203,6.8,178.36,570.0
13919.0,59,4,1360.68,1133,17.67116883116883,65,1,2010-06-17 09:30:00,2011-10-11 14:24:00,481,16.0,85.04,283.25
13920.0,432,4,1774.68,1772,20.635813953488373,81,1,2010-05-26 15:48:00,2010-10-04 12:37:00,130,4.3,412.72,443.0
13921.0,402,4,730.7,210,16.606818181818184,36,1,2009-12-18 12:19:00,2010-11-02 16:32:00,319,10.6,68.93,52.5
13922.0,352,3,865.2,467,28.84,30,1,2010-08-29 14:36:00,2010-12-23 10:38:00,115,3.8,227.68,155.67
13923.0,54,1,351.13,185,17.5565,20,1,2011-10-17 12:33:00,2011-10-17 12:33:00,0,1.0,351.13,185.0
13924.0,2,6,1838.8500000000001,1575,15.716666666666669,90,1,2011-09-28 15:07:00,2011-12-08 09:39:00,70,2.3,799.5,262.5
13925.0,93,4,678.25,331,16.54268292682927,28,1,2011-07-28 12:09:00,2011-09-08 12:47:00,42,1.4,484.46,82.75
13926.0,23,1,223.85000000000002,104,20.35,11,1,2011-11-16 13:16:00,2011-11-16 13:16:00,0,1.0,223.85,104.0
13927.0,75,2,708.26,463,17.274634146341462,37,1,2010-09-28 16:12:00,2011-09-26 12:00:00,362,12.1,58.53,231.5
13928.0,11,4,464.57,129,17.206296296296298,23,1,2011-07-29 15:59:00,2011-11-29 10:33:00,122,4.1,113.31,32.25
13929.0,169,11,3494.1,1566,61.3,38,1,2010-01-14 07:25:00,2011-06-23 15:26:00,525,17.5,199.66,142.36
13930.0,58,2,337.34,274,19.843529411764706,15,1,2011-07-26 11:00:00,2011-10-13 09:45:00,78,2.6,129.75,137.0
13931.0,96,11,5257.38,3488,19.399926199261994,205,1,2009-12-03 10:26:00,2011-09-05 10:12:00,640,21.3,246.83,317.09
13932.0,295,1,307.4,72,19.2125,16,1,2011-02-18 12:02:00,2011-02-18 12:02:00,0,1.0,307.4,72.0
13933.0,109,2,608.79,205,26.469130434782606,23,1,2011-07-14 13:35:00,2011-08-22 14:03:00,39,1.3,468.3,102.5
13934.0,264,1,922.1,390,29.74516129032258,31,1,2011-03-21 08:39:00,2011-03-21 08:39:00,0,1.0,922.1,390.0
13935.0,597,3,6116.92,2252,76.4615,67,1,2010-02-25 16:01:00,2010-04-22 11:21:00,55,1.8,3398.29,750.67
13936.0,180,3,939.6600000000001,661,15.926440677966102,56,1,2010-10-21 14:21:00,2011-06-13 08:47:00,234,7.8,120.47,220.33
13937.0,169,2,880.13,587,16.298703703703705,54,1,2010-11-02 12:37:00,2011-06-23 16:35:00,233,7.8,112.84,293.5
13938.0,35,1,71.66,70,10.237142857142857,7,1,2011-11-04 14:37:00,2011-11-04 14:37:00,0,1.0,71.66,70.0
13939.0,23,7,1560.96,1608,14.190545454545456,91,1,2010-04-06 12:43:00,2011-11-16 13:33:00,589,19.6,79.64,229.71
13940.0,17,4,839.14,516,17.12530612244898,39,1,2011-07-18 16:05:00,2011-11-22 15:15:00,126,4.2,199.8,129.0
13941.0,22,15,10027.18,4782,106.67212765957447,42,1,2009-12-16 16:10:00,2011-11-18 09:43:00,701,23.4,428.51,318.8
13942.0,535,1,320.0,1000,320.0,1,1,2010-06-23 12:35:00,2010-06-23 12:35:00,0,1.0,320.0,1000.0
13943.0,578,1,246.54000000000002,94,16.436,15,1,2010-05-11 11:30:00,2010-05-11 11:30:00,0,1.0,246.54,94.0
13944.0,653,1,200.43,153,5.726571428571429,35,1,2010-02-24 15:02:00,2010-02-24 15:02:00,0,1.0,200.43,153.0
13945.0,395,2,854.1500000000001,413,16.748039215686276,49,1,2010-08-17 09:59:00,2010-11-10 10:00:00,85,2.8,305.05,206.5
13946.0,79,6,1876.23,2847,33.504107142857144,49,1,2009-12-04 11:07:00,2011-09-21 13:33:00,656,21.9,85.67,474.5
13947.0,65,1,90.60000000000001,44,18.12,5,1,2011-10-05 14:42:00,2011-10-05 14:42:00,0,1.0,90.6,44.0
13948.0,361,4,548.76,248,22.865,23,1,2009-12-04 12:14:00,2010-12-14 10:18:00,374,12.5,43.9,62.0
13949.0,3,6,2427.32,2474,15.170750000000002,124,1,2011-09-06 11:55:00,2011-12-07 09:35:00,91,3.0,809.11,412.33
13950.0,11,4,745.0600000000001,323,21.287428571428574,33,1,2011-04-07 11:29:00,2011-11-28 14:44:00,235,7.8,95.52,80.75
13951.0,176,3,674.45,459,17.293589743589745,38,1,2011-02-18 15:21:00,2011-06-16 16:43:00,118,3.9,172.94,153.0
13952.0,218,14,12823.521,5947,31.35335207823961,238,1,2009-12-16 09:41:00,2011-05-06 09:00:00,505,16.8,763.3,424.79
13953.0,7,12,6640.68,5224,265.6272,8,1,2009-12-11 12:58:00,2011-12-02 16:04:00,721,24.0,276.7,435.33
13954.0,2,2,439.92,150,17.5968,24,1,2011-09-30 10:52:00,2011-12-08 12:50:00,69,2.3,191.27,75.0
13955.0,154,3,544.0699999999999,272,6.400823529411764,82,1,2010-11-29 17:35:00,2011-07-08 17:19:00,220,7.3,74.53,90.67
13956.0,5,5,1019.27,486,6.933809523809524,123,1,2011-03-13 12:51:00,2011-12-04 13:20:00,266,8.9,114.52,97.2
13957.0,418,3,458.25,157,16.97222222222222,21,1,2010-02-19 10:32:00,2010-10-18 10:02:00,240,8.0,57.28,52.33
13958.0,380,8,4709.2300000000005,2264,20.745506607929517,172,1,2009-12-05 13:12:00,2010-11-25 10:11:00,354,11.8,399.09,283.0
13959.0,79,6,1064.77,694,6.781974522292994,120,1,2010-07-16 15:11:00,2011-09-21 15:06:00,431,14.4,73.94,115.67
13960.0,21,2,230.22,142,19.185,11,1,2011-09-29 12:39:00,2011-11-18 15:27:00,50,1.7,135.42,71.0
13961.0,392,1,538.4,226,28.336842105263155,19,1,2010-11-12 14:40:00,2010-11-12 14:40:00,0,1.0,538.4,226.0
13962.0,22,3,362.8,160,15.773913043478261,23,1,2010-09-30 10:35:00,2011-11-18 08:47:00,413,13.8,26.29,53.33
13963.0,308,17,2860.57,2007,17.33678787878788,129,1,2010-04-21 16:20:00,2011-02-04 14:43:00,288,9.6,297.98,118.06
13964.0,387,2,438.9,228,18.287499999999998,22,1,2010-10-05 12:38:00,2010-11-17 13:53:00,43,1.4,313.5,114.0
13965.0,477,3,996.61,425,41.525416666666665,23,1,2010-01-05 15:21:00,2010-08-20 10:40:00,226,7.5,132.88,141.67
13966.0,435,1,384.26,760,18.298095238095236,21,1,2010-09-30 13:08:00,2010-09-30 13:08:00,0,1.0,384.26,760.0
13967.0,146,2,166.3,66,27.71666666666667,4,1,2010-11-08 13:24:00,2011-07-17 12:02:00,250,8.3,20.04,33.0
13968.0,423,1,123.66,174,15.4575,8,1,2010-10-12 13:22:00,2010-10-12 13:22:00,0,1.0,123.66,174.0
13969.0,7,35,12973.460000000001,6640,12.193101503759399,472,1,2010-03-25 13:15:00,2011-12-02 15:11:00,617,20.6,629.78,189.71
13970.0,386,2,846.55,469,65.11923076923077,10,1,2010-09-28 11:53:00,2010-11-18 13:21:00,51,1.7,497.97,234.5
13971.0,19,14,4667.57,3084,18.30419607843137,184,1,2010-01-26 09:51:00,2011-11-21 12:06:00,664,22.1,211.2,220.29
13972.0,71,2,190.25,187,12.683333333333334,15,1,2011-05-22 11:34:00,2011-09-30 11:54:00,131,4.4,43.24,93.5
13973.0,287,1,264.7,109,24.063636363636363,11,1,2011-02-25 15:21:00,2011-02-25 15:21:00,0,1.0,264.7,109.0
13974.0,49,2,677.72,356,15.76093023255814,43,1,2010-05-06 17:55:00,2011-10-21 14:41:00,532,17.7,38.29,178.0
13975.0,31,12,5256.4,3884,7.132157394843961,434,1,2010-02-02 13:13:00,2011-11-08 13:19:00,644,21.5,244.48,323.67
13976.0,207,4,1192.3600000000001,452,21.29214285714286,49,1,2010-02-09 13:08:00,2011-05-17 09:13:00,461,15.4,77.43,113.0
13977.0,411,1,519.8100000000001,303,39.98538461538462,13,1,2010-10-24 14:08:00,2010-10-24 14:08:00,0,1.0,519.81,303.0
13978.0,15,2,196.79,315,13.119333333333334,14,1,2011-10-25 15:04:00,2011-11-25 11:36:00,30,1.0,196.79,157.5
13979.0,73,7,3379.93,2270,8.60033078880407,356,1,2009-12-03 10:02:00,2011-09-27 13:32:00,663,22.1,152.94,324.29
13980.0,60,5,768.8199999999999,463,12.203492063492062,57,1,2010-02-21 14:18:00,2011-10-10 13:34:00,595,19.8,38.83,92.6
13981.0,416,1,331.14,234,15.05181818181818,22,1,2010-10-20 10:03:00,2010-10-20 10:03:00,0,1.0,331.14,234.0
13982.0,39,9,3954.29,2478,17.57462222222222,123,1,2010-01-20 14:04:00,2011-10-31 16:24:00,649,21.6,183.07,275.33
13983.0,30,21,6753.89,3925,20.781200000000002,238,1,2009-12-09 13:53:00,2011-11-10 11:06:00,700,23.3,289.87,186.9
13984.0,27,12,1893.8,1301,21.520454545454545,53,1,2009-12-07 11:51:00,2011-11-13 12:38:00,706,23.5,80.59,108.42
13985.0,4,22,10020.86,4936,20.87679166666667,149,1,2010-02-09 13:56:00,2011-12-05 17:06:00,664,22.1,453.43,224.36
13986.0,17,1,320.46,430,24.650769230769228,12,1,2011-11-22 15:00:00,2011-11-22 15:00:00,0,1.0,320.46,430.0
13987.0,380,2,682.54,492,14.837826086956522,46,1,2010-11-04 09:54:00,2010-11-25 10:20:00,21,0.7,975.06,246.0
13988.0,20,8,4757.8,3385,16.12813559322034,218,1,2010-03-24 11:05:00,2011-11-20 10:15:00,605,20.2,235.53,423.12
13989.0,66,5,2026.06,2207,23.558837209302325,61,1,2010-05-25 12:13:00,2011-10-05 09:47:00,497,16.6,122.05,441.4
13990.0,213,1,311.3,190,19.45625,16,1,2011-05-10 15:19:00,2011-05-10 15:19:00,0,1.0,311.3,190.0
13991.0,12,6,852.88,995,10.400975609756097,58,1,2011-07-19 12:58:00,2011-11-27 16:18:00,131,4.4,193.84,165.83
13992.0,30,3,219.5,154,19.954545454545453,10,1,2010-09-02 17:04:00,2011-11-09 15:23:00,432,14.4,15.24,51.33
13993.0,43,19,6775.71,2135,25.960574712643677,110,1,2009-12-03 11:57:00,2011-10-28 09:06:00,693,23.1,293.32,112.37
13994.0,4,6,2274.14,932,15.36581081081081,122,1,2011-07-14 18:28:00,2011-12-06 11:05:00,144,4.8,473.78,155.33
13995.0,15,14,3902.01,2359,16.965260869565217,146,1,2009-12-18 12:43:00,2011-11-24 14:22:00,706,23.5,166.04,168.5
13996.0,386,2,895.76,613,27.144242424242425,29,1,2010-11-05 15:07:00,2010-11-18 16:27:00,13,0.4,2239.4,306.5
13997.0,519,3,376.46,143,8.55590909090909,36,1,2010-06-07 17:33:00,2010-07-08 18:06:00,31,1.0,376.46,47.67
13998.0,447,3,566.7,204,18.280645161290323,30,1,2010-05-12 13:18:00,2010-09-19 10:20:00,129,4.3,131.79,68.0
13999.0,10,29,9502.26,5043,20.391115879828327,174,1,2009-12-05 12:42:00,2011-11-29 13:40:00,724,24.1,394.28,173.9
14000.0,211,5,2046.34,1838,41.76204081632653,28,1,2009-12-02 09:50:00,2011-05-12 16:50:00,526,17.5,116.93,367.6
14001.0,46,9,4228.85,1779,41.056796116504856,60,1,2010-08-03 12:49:00,2011-10-25 10:31:00,447,14.9,283.82,197.67
14002.0,134,2,529.73,877,11.270851063829788,47,1,2011-07-06 14:59:00,2011-07-28 15:55:00,22,0.7,756.76,438.5
14003.0,733,1,209.41,149,13.088125,16,1,2009-12-07 08:53:00,2009-12-07 08:53:00,0,1.0,209.41,149.0
14004.0,43,11,6258.45,3425,25.968672199170125,127,1,2010-09-30 09:39:00,2011-10-27 14:40:00,392,13.1,477.74,311.36
14005.0,10,5,2874.72,2478,34.22285714285714,53,1,2011-05-08 10:33:00,2011-11-30 12:41:00,206,6.9,416.63,495.6
14006.0,116,7,2196.67,2181,28.528181818181817,55,1,2010-02-25 09:45:00,2011-08-16 09:39:00,536,17.9,122.72,311.57
14007.0,513,1,79.48,16,15.896,5,1,2010-07-15 09:06:00,2010-07-15 09:06:00,0,1.0,79.48,16.0
14008.0,432,1,509.04,326,15.9075,32,1,2010-10-03 13:09:00,2010-10-03 13:09:00,0,1.0,509.04,326.0
14009.0,198,3,1099.91,951,14.863648648648649,71,1,2010-09-03 12:08:00,2011-05-25 15:47:00,264,8.8,124.99,317.0
14010.0,565,2,445.15,177,18.547916666666666,20,1,2010-05-23 12:46:00,2010-05-23 13:00:00,0,1.0,445.15,88.5
14011.0,480,2,457.82,644,14.306875,32,1,2010-04-11 13:40:00,2010-08-16 15:31:00,127,4.2,109.0,322.0
14012.0,278,1,328.8,160,29.89090909090909,11,1,2011-03-07 12:26:00,2011-03-07 12:26:00,0,1.0,328.8,160.0
14013.0,110,5,1084.57,775,15.949558823529411,56,1,2010-03-26 10:02:00,2011-08-21 15:01:00,513,17.1,63.43,155.0
14014.0,77,3,1948.21,2004,25.63434210526316,76,1,2010-05-12 09:04:00,2011-09-23 13:18:00,499,16.6,117.36,668.0
14015.0,53,1,917.34,378,45.867000000000004,20,1,2011-10-18 10:02:00,2011-10-18 10:02:00,0,1.0,917.34,378.0
14016.0,162,11,11403.41,5722,25.45404017857143,354,1,2010-01-08 14:12:00,2011-07-01 11:29:00,538,17.9,637.06,520.18
14017.0,571,1,229.75,73,16.410714285714285,14,1,2010-05-17 14:52:00,2010-05-17 14:52:00,0,1.0,229.75,73.0
14018.0,645,1,367.15,224,28.24230769230769,13,1,2010-03-04 14:23:00,2010-03-04 14:23:00,0,1.0,367.15,224.0
14019.0,47,3,1421.6100000000001,1037,21.539545454545458,37,1,2011-07-24 15:39:00,2011-10-24 10:13:00,91,3.0,473.87,345.67
14020.0,17,4,1249.01,648,17.347361111111113,63,1,2010-06-28 15:29:00,2011-11-23 09:22:00,512,17.1,73.04,162.0
14021.0,155,7,1716.58,878,19.07311111111111,84,1,2010-04-26 11:22:00,2011-07-07 15:46:00,437,14.6,117.57,125.43
14022.0,225,2,792.15,681,16.854255319148937,45,1,2010-08-10 09:38:00,2011-04-28 14:39:00,261,8.7,91.05,340.5
14023.0,7,2,584.07,345,18.840967741935486,30,1,2011-04-03 15:50:00,2011-12-02 13:58:00,242,8.1,72.11,172.5
14024.0,122,3,645.74,238,18.99235294117647,33,1,2010-11-14 10:51:00,2011-08-10 11:30:00,269,9.0,71.75,79.33
14025.0,465,8,4057.9,1914,40.98888888888889,60,1,2010-05-05 09:56:00,2010-09-01 10:11:00,119,4.0,1014.48,239.25
14026.0,471,2,713.11,427,14.2622,43,1,2010-03-24 14:10:00,2010-08-26 10:31:00,154,5.1,139.83,213.5
14027.0,61,1,104.82,62,17.47,6,1,2011-10-10 09:01:00,2011-10-10 09:01:00,0,1.0,104.82,62.0
14028.0,550,3,10396.5,7170,1155.1666666666667,3,1,2010-06-07 12:02:00,2010-06-07 13:33:00,0,1.0,10396.5,2390.0
14029.0,63,2,467.66,198,31.177333333333333,15,1,2011-07-18 16:57:00,2011-10-07 14:46:00,80,2.7,173.21,99.0
14030.0,18,20,7521.8,4215,9.128398058252428,591,1,2009-12-10 17:27:00,2011-11-21 16:48:00,710,23.7,317.38,210.75
14031.0,7,44,39019.51,13783,52.02601333333334,280,1,2009-12-03 15:35:00,2011-12-02 17:13:00,729,24.3,1605.74,313.25
14032.0,2,16,4546.41,3740,19.767,79,1,2009-12-14 12:02:00,2011-12-07 15:23:00,723,24.1,188.65,233.75
14033.0,555,1,109.44,576,109.44,1,1,2010-06-02 15:10:00,2010-06-02 15:10:00,0,1.0,109.44,576.0
14034.0,22,3,648.89,420,7.545232558139535,82,1,2011-07-05 13:06:00,2011-11-17 14:02:00,135,4.5,144.2,140.0
14035.0,29,9,2794.75,1405,19.27413793103448,70,1,2010-04-06 12:39:00,2011-11-11 10:03:00,583,19.4,144.06,156.11
14036.0,285,1,626.65,268,16.49078947368421,38,1,2011-02-28 09:26:00,2011-02-28 09:26:00,0,1.0,626.65,268.0
14037.0,176,6,836.95,590,7.341666666666667,96,1,2009-12-07 11:39:00,2011-06-16 13:57:00,556,18.5,45.24,98.33
14038.0,78,5,3069.88,1708,19.067577639751555,99,1,2010-02-04 08:56:00,2011-09-22 13:37:00,595,19.8,155.04,341.6
14039.0,33,2,267.28000000000003,192,26.728,10,1,2010-05-13 10:15:00,2011-11-06 13:48:00,542,18.1,14.77,96.0
14040.0,41,35,12523.81,4972,16.035608194622277,335,1,2009-12-01 12:14:00,2011-10-30 12:42:00,698,23.3,537.5,142.06
14041.0,266,1,141.41,94,6.733809523809524,21,1,2011-03-18 13:25:00,2011-03-18 13:25:00,0,1.0,141.41,94.0
14042.0,725,1,431.98,180,20.570476190476192,21,1,2009-12-14 15:07:00,2009-12-14 15:07:00,0,1.0,431.98,180.0
14043.0,491,2,302.59999999999997,152,7.380487804878048,37,1,2009-12-10 15:56:00,2010-08-05 18:18:00,238,7.9,38.3,76.0
14044.0,27,10,3077.7,2100,3.7260290556900726,533,1,2010-01-24 15:14:00,2011-11-13 12:05:00,657,21.9,140.53,210.0
14045.0,109,16,10986.63,4459,296.93594594594595,16,1,2010-01-08 10:08:00,2011-08-22 15:27:00,591,19.7,557.7,278.69
14046.0,284,1,154.99,460,11.070714285714287,14,1,2011-02-28 14:48:00,2011-02-28 14:48:00,0,1.0,154.99,460.0
14047.0,9,14,3968.11,1541,26.105986842105263,91,1,2010-02-01 10:05:00,2011-12-01 11:43:00,668,22.3,177.94,110.07
14048.0,305,3,748.69,467,5.309858156028369,126,1,2010-11-22 14:08:00,2011-02-07 14:53:00,77,2.6,287.96,155.67
14049.0,17,13,13023.4,8480,12.274646559849199,573,1,2010-04-01 14:52:00,2011-11-23 12:20:00,600,20.0,651.17,652.31
14050.0,32,2,746.36,689,13.821481481481483,49,1,2011-08-25 13:46:00,2011-11-08 10:00:00,74,2.5,298.54,344.5
14051.0,1,37,21770.98,5709,68.46220125786164,82,1,2009-12-03 11:53:00,2011-12-09 10:20:00,735,24.5,888.61,154.3
14052.0,20,2,466.66,174,3.8566942148760335,115,1,2010-11-14 11:37:00,2011-11-20 12:30:00,371,12.4,37.63,87.0
14053.0,124,4,572.3,490,63.58888888888888,3,1,2010-08-10 11:02:00,2011-08-07 14:27:00,362,12.1,47.3,122.5
14054.0,65,1,92.46000000000001,62,15.410000000000002,6,1,2011-10-05 15:49:00,2011-10-05 15:49:00,0,1.0,92.46,62.0
14055.0,106,3,1520.96,720,46.08969696969697,33,1,2009-12-16 15:11:00,2011-08-25 15:04:00,616,20.5,74.19,240.0
14056.0,1,23,8152.71,4252,7.493299632352941,320,1,2011-02-28 15:19:00,2011-12-08 13:36:00,282,9.4,867.31,184.87
14057.0,24,22,8346.66,6438,18.67261744966443,244,1,2009-12-03 13:17:00,2011-11-16 10:32:00,712,23.7,352.18,292.64
14058.0,463,2,469.19,211,19.549583333333334,23,1,2010-06-27 11:29:00,2010-09-03 09:31:00,67,2.2,213.27,105.5
14059.0,267,1,183.6,128,22.95,8,1,2011-03-18 10:06:00,2011-03-18 10:06:00,0,1.0,183.6,128.0
14060.0,5,30,8898.24,7419,34.48930232558139,100,1,2010-03-11 09:47:00,2011-12-05 12:29:00,634,21.1,421.72,247.3
14061.0,507,3,917.4300000000001,133,48.28578947368421,17,1,2009-12-01 18:03:00,2010-07-20 17:22:00,230,7.7,119.15,44.33
14062.0,10,24,25585.65,12794,75.25191176470588,141,1,2009-12-10 14:28:00,2011-11-30 10:04:00,719,24.0,1066.07,533.08
14063.0,438,9,22710.2,3850,567.755,30,1,2009-12-08 13:46:00,2010-09-27 16:18:00,293,9.8,2317.37,427.78
14064.0,29,15,3260.2400000000002,3911,13.814576271186441,131,1,2010-01-21 13:22:00,2011-11-10 13:14:00,657,21.9,148.87,260.73
14065.0,389,3,891.02,582,18.18408163265306,42,1,2010-10-04 12:03:00,2010-11-15 16:13:00,42,1.4,636.44,194.0
14066.0,267,1,152.55,45,21.792857142857144,7,1,2011-03-18 12:21:00,2011-03-18 12:21:00,0,1.0,152.55,45.0
14067.0,64,2,374.7,361,7.2057692307692305,51,1,2011-09-04 12:00:00,2011-10-07 10:21:00,32,1.1,340.64,180.5
14068.0,320,4,1516.72,510,14.043703703703704,93,1,2010-01-31 10:10:00,2011-01-23 16:02:00,357,11.9,127.46,127.5
14069.0,515,2,225.81,58,5.507560975609756,37,1,2010-05-27 12:30:00,2010-07-13 12:12:00,46,1.5,150.54,29.0
14070.0,685,1,321.6,85,7.843902439024391,40,1,2010-01-24 12:27:00,2010-01-24 12:27:00,0,1.0,321.6,85.0
14071.0,4,8,1437.57,994,4.450681114551084,271,1,2011-03-20 11:33:00,2011-12-06 12:27:00,261,8.7,165.24,124.25
14072.0,667,1,390.85,65,20.571052631578947,19,1,2010-02-11 12:31:00,2010-02-11 12:31:00,0,1.0,390.85,65.0
14073.0,32,1,151.04,130,11.618461538461538,13,1,2011-11-07 15:49:00,2011-11-07 15:49:00,0,1.0,151.04,130.0
14074.0,623,1,219.4,228,36.56666666666667,6,1,2010-03-26 13:55:00,2010-03-26 13:55:00,0,1.0,219.4,228.0
14075.0,5,6,1734.87,1494,21.41814814814815,59,1,2010-06-16 14:47:00,2011-12-05 08:38:00,536,17.9,96.92,249.0
14076.0,129,1,118.67,79,2.6970454545454547,43,1,2011-08-02 15:19:00,2011-08-02 15:19:00,0,1.0,118.67,79.0
14077.0,41,6,615.08,376,10.983571428571429,43,1,2010-11-09 16:01:00,2011-10-30 12:35:00,354,11.8,52.13,62.67
14078.0,102,9,1553.47,586,10.49641891891892,107,1,2010-03-28 15:05:00,2011-08-30 12:16:00,519,17.3,89.8,65.11
14079.0,125,2,618.73,302,47.59461538461539,13,1,2010-01-26 17:19:00,2011-08-07 12:10:00,557,18.6,33.27,151.0
14080.0,33,5,1115.68,268,13.441927710843375,74,1,2009-12-02 15:01:00,2011-11-07 11:09:00,704,23.5,47.48,53.6
14081.0,302,10,4867.57,3381,5.767263033175355,465,1,2009-12-10 18:27:00,2011-02-10 16:17:00,426,14.2,342.79,338.1
14082.0,365,2,413.36,246,6.359384615384616,48,1,2010-11-12 11:47:00,2010-12-10 11:02:00,27,0.9,459.29,123.0
14083.0,4,11,1082.19,760,5.849675675675676,169,1,2009-12-18 11:34:00,2011-12-05 13:14:00,717,23.9,45.28,69.09
14084.0,512,1,150.5,306,21.5,7,1,2010-07-15 14:36:00,2010-07-15 14:36:00,0,1.0,150.5,306.0
14085.0,2,33,9720.67,6434,9.302076555023923,479,1,2009-12-08 13:41:00,2011-12-07 13:46:00,729,24.3,400.03,194.97
14086.0,463,1,39.95,1,39.95,1,1,2010-09-03 10:52:00,2010-09-03 10:52:00,0,1.0,39.95,1.0
14087.0,3,3,829.47,718,3.8942253521126764,175,1,2009-12-04 15:27:00,2011-12-07 12:41:00,732,24.4,33.99,239.33
14088.0,10,16,64036.8,15276,93.89560117302054,436,1,2010-10-14 19:46:00,2011-11-29 16:16:00,410,13.7,4674.22,954.75
14089.0,57,1,158.75,133,12.211538461538462,13,1,2011-10-14 10:38:00,2011-10-14 10:38:00,0,1.0,158.75,133.0
14090.0,325,1,76.32000000000001,72,76.32000000000001,1,1,2011-01-19 10:51:00,2011-01-19 10:51:00,0,1.0,76.32,72.0
14091.0,654,2,9530.08,3316,733.0830769230769,13,1,2010-01-10 13:41:00,2010-02-23 15:17:00,44,1.5,6353.39,1658.0
14092.0,8,24,7229.45,3606,19.381903485254693,169,1,2009-12-16 16:24:00,2011-12-02 12:13:00,715,23.8,303.76,150.25
14093.0,12,1,433.86,391,4.3386000000000005,95,1,2011-11-27 16:27:00,2011-11-27 16:27:00,0,1.0,433.86,391.0
14094.0,440,1,311.77,158,7.250465116279069,41,1,2010-09-26 11:58:00,2010-09-26 11:58:00,0,1.0,311.77,158.0
14095.0,723,1,2.95,1,2.95,1,1,2009-12-17 12:49:00,2009-12-17 12:49:00,0,1.0,2.95,1.0
14096.0,4,17,65164.79,16352,12.749909998043435,1119,1,2011-08-30 10:49:00,2011-12-05 17:17:00,97,3.2,20364.0,961.88
14097.0,481,2,422.86,352,10.5715,39,1,2010-03-04 10:46:00,2010-08-15 14:20:00,164,5.5,76.88,176.0
14098.0,37,1,147.35,104,7.016666666666667,21,1,2011-11-03 10:13:00,2011-11-03 10:13:00,0,1.0,147.35,104.0
14099.0,16,20,5750.91,3666,11.038214971209213,273,1,2009-12-10 11:55:00,2011-11-23 13:53:00,713,23.8,241.63,183.3
14100.0,138,1,191.95,63,7.678,24,1,2011-07-25 11:01:00,2011-07-25 11:01:00,0,1.0,191.95,63.0
14101.0,74,13,9961.93,10542,110.68811111111111,19,1,2010-03-28 13:36:00,2011-09-27 12:28:00,547,18.2,547.36,810.92
14102.0,5,5,1105.8799999999999,769,19.066896551724135,35,1,2011-10-26 12:46:00,2011-12-04 15:38:00,39,1.3,850.68,153.8
14104.0,155,5,743.53,496,5.507629629629629,117,1,2010-05-28 16:11:00,2011-07-08 12:50:00,405,13.5,55.08,99.2
14105.0,239,5,5988.83,3534,21.465340501792113,200,1,2009-12-18 16:57:00,2011-04-14 17:58:00,482,16.1,371.98,706.8
14106.0,737,1,214.8,24,214.8,1,1,2009-12-02 14:09:00,2009-12-02 14:09:00,0,1.0,214.8,24.0
14107.0,52,11,4877.3,3489,20.666525423728814,102,1,2009-12-09 14:20:00,2011-10-19 12:12:00,678,22.6,215.81,317.18
14108.0,31,4,1044.96,660,20.095384615384617,49,1,2009-12-01 18:07:00,2011-11-09 10:41:00,707,23.6,44.28,165.0
14109.0,73,1,144.2,88,16.022222222222222,9,1,2011-09-28 10:18:00,2011-09-28 10:18:00,0,1.0,144.2,88.0
14110.0,4,33,12987.95,5825,32.55125313283208,177,1,2009-12-01 09:50:00,2011-12-06 12:26:00,735,24.5,530.12,176.52
14111.0,14,4,692.85,458,69.285,10,1,2011-04-12 11:36:00,2011-11-25 13:44:00,227,7.6,91.16,114.5
14112.0,23,13,5834.59,3539,17.897515337423314,199,1,2010-02-23 14:16:00,2011-11-17 12:30:00,631,21.0,277.84,272.23
14113.0,4,16,7092.610000000001,3439,58.136147540983615,76,1,2009-12-08 07:42:00,2011-12-06 12:18:00,728,24.3,291.88,214.94
14114.0,274,7,1364.09,650,18.43364864864865,72,1,2010-04-12 11:07:00,2011-03-11 09:42:00,332,11.1,122.89,92.86
14115.0,502,2,622.67,509,28.303181818181816,22,1,2010-02-11 11:44:00,2010-07-26 12:36:00,165,5.5,113.21,254.5
14116.0,20,5,1382.74,707,19.204722222222223,61,1,2011-08-10 12:44:00,2011-11-20 10:29:00,101,3.4,406.69,141.4
14117.0,144,1,90.0,72,30.0,3,1,2011-07-19 09:49:00,2011-07-19 09:49:00,0,1.0,90.0,72.0
14118.0,429,1,458.45,97,30.563333333333333,15,1,2010-10-07 11:59:00,2010-10-07 11:59:00,0,1.0,458.45,97.0
14119.0,376,2,183.37,177,16.67,11,1,2009-12-21 14:52:00,2010-11-29 10:33:00,342,11.4,16.09,88.5
14121.0,4,4,2780.15,2082,17.485220125786164,148,1,2011-10-11 10:39:00,2011-12-06 12:19:00,56,1.9,1463.24,520.5
14122.0,406,3,362.42,114,27.87846153846154,12,1,2009-12-02 14:22:00,2010-10-29 15:11:00,331,11.0,32.95,38.0
14123.0,733,1,436.18,234,18.174166666666668,24,1,2009-12-06 15:35:00,2009-12-06 15:35:00,0,1.0,436.18,234.0
14124.0,84,1,419.58,1618,83.916,4,1,2011-09-16 13:32:00,2011-09-16 13:32:00,0,1.0,419.58,1618.0
14125.0,11,3,2720.63,1628,16.38933734939759,159,1,2011-09-22 15:40:00,2011-11-29 12:47:00,67,2.2,1236.65,542.67
14126.0,8,4,1172.46,887,27.26651162790698,37,1,2010-09-21 14:51:00,2011-12-02 11:45:00,436,14.5,80.86,221.75
14127.0,123,6,1900.0800000000002,828,16.240000000000002,96,1,2010-10-10 11:53:00,2011-08-09 10:49:00,302,10.1,188.13,138.0
14128.0,61,3,924.21,814,14.218615384615385,50,1,2010-06-06 14:05:00,2011-10-10 12:00:00,490,16.3,56.7,271.33
14129.0,2,9,2591.34,1414,23.77376146788991,40,1,2010-05-09 14:54:00,2011-12-08 11:02:00,577,19.2,134.97,157.11
14130.0,319,4,1858.77,1215,8.448954545454546,189,1,2009-12-11 16:33:00,2011-01-24 16:05:00,408,13.6,136.67,303.75
14131.0,649,1,168.22,105,3.65695652173913,45,1,2010-03-01 11:59:00,2010-03-01 11:59:00,0,1.0,168.22,105.0
14132.0,2,11,3586.03,3368,17.93015,100,1,2011-06-09 12:04:00,2011-12-07 13:35:00,181,6.0,597.67,306.18
14133.0,130,4,911.14,398,25.309444444444445,33,1,2009-12-06 12:10:00,2011-08-02 11:34:00,603,20.1,45.33,99.5
14134.0,383,15,11123.35,5814,61.79638888888889,130,1,2009-12-10 09:25:00,2010-11-22 12:26:00,347,11.6,958.91,387.6
14135.0,2,24,8839.67,8534,40.363789954337896,138,1,2009-12-02 08:58:00,2011-12-08 11:38:00,736,24.5,360.8,355.58
14136.0,401,5,1570.81,1148,14.818962264150944,86,1,2009-12-08 09:19:00,2010-11-04 11:53:00,331,11.0,142.8,229.6
14137.0,696,1,332.7,462,30.245454545454546,11,1,2010-01-13 12:30:00,2010-01-13 12:30:00,0,1.0,332.7,462.0
14138.0,2,2,965.88,600,20.997391304347826,40,1,2011-10-07 09:38:00,2011-12-08 12:44:00,62,2.1,459.94,300.0
14139.0,46,4,1086.8,1049,15.75072463768116,48,1,2010-06-15 09:17:00,2011-10-24 13:34:00,496,16.5,65.87,262.25
14140.0,4,2,935.05,811,14.167424242424241,60,1,2011-11-08 11:20:00,2011-12-06 09:05:00,27,0.9,1038.94,405.5
14141.0,3,4,915.13,355,22.87825,27,1,2011-08-26 14:40:00,2011-12-07 09:53:00,102,3.4,269.16,88.75
14142.0,373,2,671.34,518,15.257727272727273,42,1,2010-03-03 15:13:00,2010-12-01 16:33:00,273,9.1,73.77,259.0
14143.0,134,1,115.8,30,16.54285714285714,7,1,2011-07-29 09:48:00,2011-07-29 09:48:00,0,1.0,115.8,30.0
14144.0,486,1,30.6,12,30.6,1,1,2010-08-10 15:17:00,2010-08-10 15:17:00,0,1.0,30.6,12.0
14145.0,47,7,7600.05,1655,304.002,11,1,2010-04-08 09:47:00,2011-10-24 12:10:00,564,18.8,404.26,236.43
14146.0,9,12,9450.3,5780,20.724342105263155,337,1,2010-01-13 16:04:00,2011-12-01 10:18:00,686,22.9,412.68,481.67
14147.0,78,9,2590.2,995,86.33999999999999,24,1,2010-03-09 13:43:00,2011-09-22 18:10:00,562,18.7,138.51,110.56
14148.0,234,2,466.29,223,27.428823529411765,15,1,2010-10-21 14:08:00,2011-04-20 12:02:00,180,6.0,77.72,111.5
14149.0,221,1,446.62,218,15.950714285714286,28,1,2011-05-03 09:44:00,2011-05-03 09:44:00,0,1.0,446.62,218.0
14150.0,36,2,658.64,496,25.33230769230769,23,1,2010-12-15 10:04:00,2011-11-04 10:05:00,324,10.8,60.99,248.0
14151.0,673,2,679.45,405,15.442045454545456,44,1,2009-12-23 10:54:00,2010-02-04 15:35:00,43,1.4,485.32,202.5
14152.0,75,7,1997.3400000000001,1844,15.017593984962406,104,1,2010-02-18 13:57:00,2011-09-25 12:54:00,583,19.4,102.96,263.43
14153.0,483,1,233.39999999999998,312,13.729411764705882,17,1,2010-08-13 14:35:00,2010-08-13 14:35:00,0,1.0,233.4,312.0
14154.0,239,8,6460.7,3222,22.12568493150685,236,1,2010-01-13 12:47:00,2011-04-14 16:26:00,456,15.2,425.05,402.75
14155.0,266,1,118.75,25,19.791666666666668,6,1,2011-03-18 14:13:00,2011-03-18 14:13:00,0,1.0,118.75,25.0
14156.0,10,156,313437.62,164325,77.62199603764239,1446,1,2009-12-01 12:30:00,2011-11-30 10:54:00,728,24.3,12898.67,1053.37
14157.0,20,5,978.69,521,11.514000000000001,75,1,2010-03-03 16:49:00,2011-11-20 11:32:00,626,20.9,46.83,104.2
14158.0,40,1,507.65999999999997,781,12.381951219512194,41,1,2011-10-30 15:08:00,2011-10-30 15:08:00,0,1.0,507.66,781.0
14159.0,20,20,7860.8,6520,4.281481481481482,706,1,2009-12-03 12:31:00,2011-11-20 12:36:00,717,23.9,328.9,326.0
14160.0,610,7,8421.47,4661,78.70532710280374,80,1,2010-01-10 12:06:00,2010-04-08 14:30:00,88,2.9,2903.96,665.86
14161.0,216,7,2996.93,1480,10.819241877256317,202,1,2009-12-13 11:46:00,2011-05-08 11:41:00,510,17.0,176.29,211.43
14162.0,174,2,289.36,142,11.5744,25,1,2011-02-20 12:32:00,2011-06-19 11:36:00,118,3.9,74.19,71.0
14163.0,87,5,2594.62,950,44.7348275862069,42,1,2010-09-03 17:15:00,2011-09-13 15:18:00,374,12.5,207.57,190.0
14164.0,71,2,1631.77,1033,56.26793103448276,28,1,2011-09-20 12:18:00,2011-09-30 12:24:00,10,0.3,5439.23,516.5
14165.0,276,1,120.44,53,5.0183333333333335,23,1,2011-03-09 12:39:00,2011-03-09 12:39:00,0,1.0,120.44,53.0
14166.0,505,2,251.15,82,4.924509803921569,39,1,2010-03-23 15:10:00,2010-07-22 19:42:00,121,4.0,62.79,41.0
14167.0,39,8,1274.29,340,11.080782608695651,48,1,2010-01-27 16:07:00,2011-10-31 14:29:00,641,21.4,59.55,42.5
14168.0,421,2,370.45,147,24.696666666666665,11,1,2010-05-24 12:28:00,2010-10-15 10:49:00,143,4.8,77.18,73.5
14169.0,431,2,621.51,205,9.71109375,50,1,2010-09-21 13:39:00,2010-10-05 08:45:00,13,0.4,1553.78,102.5
14170.0,375,3,570.18,270,3.9322758620689653,123,1,2010-11-09 14:06:00,2010-11-29 13:10:00,19,0.6,950.3,90.0
14171.0,98,2,498.79,211,7.79359375,61,1,2009-12-09 13:50:00,2011-09-02 16:43:00,632,21.1,23.64,105.5
14172.0,605,3,369.02,78,8.386818181818182,38,1,2010-03-07 10:58:00,2010-04-13 13:26:00,37,1.2,307.52,26.0
14173.0,11,6,586.0,194,17.757575757575758,30,1,2009-12-09 12:46:00,2011-11-29 11:54:00,719,24.0,24.42,32.33
14174.0,33,1,134.46,94,5.171538461538462,26,1,2011-11-06 13:17:00,2011-11-06 13:17:00,0,1.0,134.46,94.0
14175.0,60,8,7678.88,3009,23.1990332326284,237,1,2010-03-22 10:43:00,2011-10-11 11:55:00,568,18.9,406.29,376.12
14176.0,297,5,756.46,265,20.444864864864865,33,1,2010-11-23 13:21:00,2011-02-15 13:12:00,83,2.8,270.16,53.0
14177.0,86,13,2209.69,1043,10.778975609756097,141,1,2010-02-26 11:59:00,2011-09-14 15:11:00,565,18.8,117.54,80.23
14178.0,9,7,1600.26,1494,5.032264150943396,191,1,2011-06-10 12:51:00,2011-12-01 12:01:00,173,5.8,275.91,213.43
14179.0,41,2,701.57,319,4.46859872611465,135,1,2011-10-18 14:00:00,2011-10-30 12:07:00,11,0.4,1753.92,159.5
14180.0,11,33,6117.5,847,21.16782006920415,125,1,2010-06-09 14:56:00,2011-11-29 10:56:00,537,17.9,341.76,25.67
14181.0,411,2,308.35,120,5.929807692307692,48,1,2010-05-26 12:32:00,2010-10-25 08:27:00,151,5.0,61.67,60.0
14182.0,444,4,678.77,174,13.5754,42,1,2010-04-22 15:36:00,2010-09-22 11:45:00,152,5.1,133.09,43.5
14183.0,411,2,278.34000000000003,60,8.186470588235295,27,1,2010-08-15 15:36:00,2010-10-24 14:45:00,69,2.3,121.02,30.0
14184.0,67,1,452.89,127,18.870416666666667,24,1,2011-10-04 12:43:00,2011-10-04 12:43:00,0,1.0,452.89,127.0
14185.0,331,1,197.65,6,65.88333333333334,3,1,2011-01-12 13:52:00,2011-01-12 13:52:00,0,1.0,197.65,6.0
14186.0,427,5,1550.63,1550,14.909903846153847,75,1,2010-03-05 11:17:00,2010-10-08 13:30:00,217,7.2,215.37,310.0
14187.0,474,1,123.5,50,15.4375,8,1,2010-08-23 12:06:00,2010-08-23 12:06:00,0,1.0,123.5,50.0
14188.0,31,6,2054.36,1162,31.605538461538462,34,1,2011-02-02 13:46:00,2011-11-09 12:45:00,279,9.3,220.9,193.67
14189.0,2,16,5503.150000000001,4392,17.92557003257329,199,1,2010-11-16 09:28:00,2011-12-07 15:55:00,386,12.9,426.6,274.5
14190.0,666,1,79.9,2,79.9,1,1,2010-02-11 14:27:00,2010-02-11 14:27:00,0,1.0,79.9,2.0
14191.0,2,15,4817.66,3724,18.17984905660377,147,1,2009-12-11 10:48:00,2011-12-08 09:23:00,726,24.2,199.08,248.27
14192.0,388,1,293.74,218,20.981428571428573,14,1,2010-11-16 17:44:00,2010-11-16 17:44:00,0,1.0,293.74,218.0
14193.0,68,3,1210.19,653,18.90921875,49,1,2010-11-08 12:31:00,2011-10-03 09:34:00,328,10.9,111.03,217.67
14194.0,5,36,18670.59,10037,19.611964285714286,432,1,2010-01-06 12:16:00,2011-12-05 10:38:00,697,23.2,804.77,278.81
14195.0,202,6,2615.6,2144,163.475,10,1,2010-03-15 17:12:00,2011-05-22 10:29:00,432,14.4,181.64,357.33
14196.0,107,1,335.52,142,55.919999999999995,6,1,2011-08-25 10:25:00,2011-08-25 10:25:00,0,1.0,335.52,142.0
14197.0,411,1,390.05,143,19.5025,20,1,2010-10-25 10:01:00,2010-10-25 10:01:00,0,1.0,390.05,143.0
14198.0,18,9,1569.73,623,17.24978021978022,58,1,2010-01-05 10:07:00,2011-11-21 16:35:00,685,22.8,68.85,69.22
14199.0,218,4,1091.7,254,60.650000000000006,15,1,2010-06-27 12:13:00,2011-05-05 13:44:00,312,10.4,104.97,63.5
14200.0,617,1,379.2,140,18.057142857142857,21,1,2010-04-01 13:01:00,2010-04-01 13:01:00,0,1.0,379.2,140.0
14201.0,60,10,1193.54,806,21.70072727272727,47,1,2010-04-30 13:00:00,2011-10-10 13:27:00,528,17.6,67.81,80.6
14202.0,381,3,847.76,166,29.233103448275862,27,1,2010-03-25 10:36:00,2010-11-23 17:13:00,243,8.1,104.66,55.33
14203.0,397,1,339.34,80,21.20875,16,1,2010-11-07 13:35:00,2010-11-07 13:35:00,0,1.0,339.34,80.0
14204.0,2,4,1024.83,469,4.658318181818181,186,1,2009-12-02 13:26:00,2011-12-07 13:38:00,735,24.5,41.83,117.25
14205.0,17,9,2414.2,1342,19.627642276422762,79,1,2010-03-07 12:20:00,2011-11-23 10:55:00,625,20.8,116.07,149.11
14206.0,239,3,1185.01,930,16.690281690140846,62,1,2010-11-02 11:37:00,2011-04-14 16:38:00,163,5.4,219.45,310.0
14207.0,688,1,157.8,36,78.9,2,1,2010-01-21 09:33:00,2010-01-21 09:33:00,0,1.0,157.8,36.0
14208.0,95,2,567.05,529,16.20142857142857,34,1,2010-06-06 13:11:00,2011-09-06 12:48:00,456,15.2,37.31,264.5
14209.0,11,15,4993.27,1739,21.61588744588745,133,1,2010-01-22 10:28:00,2011-11-29 10:18:00,675,22.5,221.92,115.93
14210.0,106,16,5556.570000000001,2511,17.69608280254777,143,1,2010-01-06 10:17:00,2011-08-26 12:36:00,597,19.9,279.22,156.94
14211.0,53,18,4402.29,2575,18.342875,155,1,2009-12-09 12:48:00,2011-10-17 13:23:00,677,22.6,194.79,143.06
14212.0,90,2,2190.14,2046,104.29238095238095,18,1,2010-09-20 11:48:00,2011-09-11 12:45:00,356,11.9,184.05,1023.0
14213.0,405,1,1192.2,244,238.44,5,1,2010-10-31 10:37:00,2010-10-31 10:37:00,0,1.0,1192.2,244.0
14214.0,31,5,1004.38,751,14.990746268656716,64,1,2011-03-07 12:26:00,2011-11-09 10:31:00,246,8.2,122.49,150.2
14215.0,12,9,3250.33,2181,17.474892473118278,167,1,2009-12-08 09:35:00,2011-11-28 12:19:00,720,24.0,135.43,242.33
14216.0,3,5,2150.04,712,27.9225974025974,65,1,2010-10-21 15:07:00,2011-12-06 14:56:00,410,13.7,156.94,142.4
14217.0,2,23,3298.59,1230,18.95741379310345,122,1,2010-06-30 12:54:00,2011-12-08 11:53:00,525,17.5,188.49,53.48
14218.0,43,1,169.48000000000002,160,14.123333333333335,12,1,2011-10-28 10:00:00,2011-10-28 10:00:00,0,1.0,169.48,160.0
14219.0,4,3,633.83,363,14.740232558139535,39,1,2010-08-03 14:42:00,2011-12-05 16:23:00,489,16.3,38.89,121.0
14220.0,247,4,1515.0,468,39.86842105263158,26,1,2010-05-19 13:26:00,2011-04-06 13:23:00,321,10.7,141.59,117.0
14221.0,42,17,6517.49,3808,18.782391930835733,166,1,2010-04-06 14:10:00,2011-10-28 13:42:00,569,19.0,343.03,224.0
14222.0,177,1,683.17,607,16.662682926829266,41,1,2011-06-15 16:42:00,2011-06-15 16:42:00,0,1.0,683.17,607.0
14223.0,92,3,991.13,585,16.518833333333333,50,1,2011-03-20 16:02:00,2011-09-08 13:38:00,171,5.7,173.88,195.0
14224.0,110,9,1841.71,826,8.042401746724892,189,1,2010-06-13 13:46:00,2011-08-21 13:24:00,433,14.4,127.9,91.78
14225.0,435,4,2031.07,1167,23.617093023255812,70,1,2010-01-12 15:02:00,2010-10-01 10:32:00,261,8.7,233.46,291.75
14226.0,29,6,2985.13,1714,30.774536082474228,89,1,2010-09-24 14:32:00,2011-11-11 11:34:00,412,13.7,217.89,285.67
14227.0,26,15,6368.71,4048,16.8931299734748,246,1,2010-02-08 09:38:00,2011-11-13 15:48:00,643,21.4,297.6,269.87
14228.0,438,3,745.5,260,19.61842105263158,38,1,2010-06-11 12:29:00,2010-09-28 09:45:00,108,3.6,207.08,86.67
14229.0,52,7,2594.04,934,36.028333333333336,41,1,2010-08-25 11:47:00,2011-10-19 10:04:00,419,14.0,185.29,133.43
14230.0,436,3,979.8000000000001,246,29.69090909090909,27,1,2010-06-09 13:56:00,2010-09-30 09:07:00,112,3.7,264.81,82.0
14231.0,184,4,1235.6200000000001,610,17.90753623188406,66,1,2010-09-15 09:52:00,2011-06-09 11:05:00,267,8.9,138.83,152.5
14232.0,43,5,2048.07,1941,17.80930434782609,81,1,2011-03-20 12:44:00,2011-10-28 11:09:00,221,7.4,276.77,388.2
14233.0,49,7,2904.27,1261,39.784520547945206,42,1,2010-03-05 16:35:00,2011-10-21 15:54:00,594,19.8,146.68,180.14
14234.0,22,4,754.12,951,5.130068027210885,122,1,2011-10-13 13:58:00,2011-11-17 17:53:00,35,1.2,628.43,237.75
14235.0,75,9,4717.99,3014,31.87831081081081,107,1,2010-03-30 13:36:00,2011-09-25 14:37:00,544,18.1,260.66,334.89
14236.0,81,5,1555.34,774,33.092340425531916,39,1,2010-07-22 14:27:00,2011-09-20 09:13:00,424,14.1,110.31,154.8
14237.0,373,2,471.14,238,18.12076923076923,26,1,2010-04-28 10:04:00,2010-12-01 13:20:00,217,7.2,65.44,119.0
14238.0,326,3,434.23,189,33.402307692307694,13,1,2009-12-05 10:58:00,2011-01-17 14:40:00,408,13.6,31.93,63.0
14239.0,43,21,4263.17,1729,20.300809523809523,97,1,2009-12-05 12:36:00,2011-10-27 14:40:00,691,23.0,185.36,82.33
14240.0,30,3,1247.49,655,20.450655737704917,46,1,2010-10-12 12:48:00,2011-11-09 13:45:00,393,13.1,95.23,218.33
14241.0,184,2,333.7,242,27.808333333333334,12,1,2010-01-12 15:11:00,2011-06-09 11:46:00,512,17.1,19.51,121.0
14242.0,235,2,280.55,123,17.534375,13,1,2011-01-18 08:53:00,2011-04-19 11:46:00,91,3.0,93.52,61.5
14243.0,9,17,7217.75,3631,19.883608815426996,235,1,2010-08-20 13:41:00,2011-12-01 11:12:00,467,15.6,462.68,213.59
14244.0,661,1,366.41999999999996,814,22.901249999999997,16,1,2010-02-17 11:40:00,2010-02-17 11:40:00,0,1.0,366.42,814.0
14245.0,220,2,1693.45,976,15.680092592592594,107,1,2011-03-21 10:41:00,2011-05-04 08:40:00,43,1.4,1209.61,488.0
14246.0,111,3,1474.06,804,19.654133333333334,57,1,2011-04-08 08:25:00,2011-08-21 11:50:00,135,4.5,327.57,268.0
14247.0,278,5,753.56,378,6.668672566371681,82,1,2010-06-06 15:07:00,2011-03-06 15:21:00,273,9.1,82.81,75.6
14248.0,318,3,1032.95,692,21.977659574468085,41,1,2010-07-12 14:27:00,2011-01-25 14:45:00,197,6.6,156.51,230.67
14249.0,411,12,5400.461,2383,19.854636029411765,178,1,2010-01-29 14:21:00,2010-10-25 12:34:00,268,8.9,606.79,198.58
14250.0,7,3,1904.05,1200,17.153603603603603,94,1,2011-09-11 13:44:00,2011-12-02 14:30:00,82,2.7,705.2,400.0
14251.0,2,5,2879.7000000000003,1674,36.91923076923077,37,1,2011-10-13 12:46:00,2011-12-08 08:32:00,55,1.8,1599.83,334.8
14252.0,381,1,350.99,111,35.099000000000004,10,1,2010-11-23 13:36:00,2010-11-23 13:36:00,0,1.0,350.99,111.0
14253.0,493,2,363.40000000000003,88,30.283333333333335,11,1,2010-03-26 15:08:00,2010-08-03 14:55:00,129,4.3,84.51,44.0
14254.0,433,1,601.03,263,26.13173913043478,23,1,2010-10-03 11:52:00,2010-10-03 11:52:00,0,1.0,601.03,263.0
14255.0,546,1,1000.63,1,1000.63,1,1,2010-06-11 15:54:00,2010-06-11 15:54:00,0,1.0,1000.63,1.0
14256.0,260,5,2460.79,1147,18.50218045112782,100,1,2010-01-14 10:35:00,2011-03-24 13:17:00,434,14.5,169.71,229.4
14257.0,64,9,5954.45,3332,24.810208333333332,167,1,2010-03-01 15:36:00,2011-10-06 16:54:00,584,19.5,305.36,370.22
14258.0,9,25,32051.34,17488,106.8378,97,1,2009-12-04 08:36:00,2011-11-30 15:27:00,726,24.2,1324.44,699.52
14259.0,142,1,120.0,68,24.0,5,1,2011-07-21 10:44:00,2011-07-21 10:44:00,0,1.0,120.0,68.0
14260.0,471,3,824.28,544,16.16235294117647,50,1,2010-06-09 11:23:00,2010-08-25 14:55:00,77,2.6,317.03,181.33
14261.0,51,2,1163.45,406,22.37403846153846,52,1,2011-09-22 10:47:00,2011-10-20 10:04:00,27,0.9,1292.72,203.0
14262.0,8,8,2618.23,1645,18.3093006993007,87,1,2011-04-13 12:23:00,2011-12-01 14:17:00,232,7.7,340.03,205.62
14263.0,423,1,322.93,171,20.183125,16,1,2010-10-12 14:09:00,2010-10-12 14:09:00,0,1.0,322.93,171.0
14264.0,155,6,1517.3600000000001,553,19.207088607594937,59,1,2010-04-07 13:21:00,2011-07-08 10:20:00,456,15.2,99.83,92.17
14265.0,109,4,1373.35,715,17.384177215189872,74,1,2010-04-06 14:39:00,2011-08-22 13:32:00,502,16.7,82.24,178.75
14266.0,428,1,40.56,24,40.56,1,1,2010-10-07 13:32:00,2010-10-07 13:32:00,0,1.0,40.56,24.0
14267.0,163,3,1516.24,530,27.568,25,1,2011-03-24 11:38:00,2011-06-30 10:09:00,97,3.2,473.82,176.67
14268.0,471,1,354.85,147,18.676315789473687,19,1,2010-08-26 10:45:00,2010-08-26 10:45:00,0,1.0,354.85,147.0
14269.0,439,1,295.73,123,18.483125,16,1,2010-09-26 12:53:00,2010-09-26 12:53:00,0,1.0,295.73,123.0
14270.0,332,1,492.65000000000003,197,16.98793103448276,29,1,2011-01-12 09:33:00,2011-01-12 09:33:00,0,1.0,492.65,197.0
14271.0,226,2,214.18,148,5.636315789473684,38,1,2010-10-26 17:01:00,2011-04-28 12:47:00,183,6.1,35.11,74.0
14272.0,74,4,920.81,1097,14.38765625,62,1,2010-05-06 14:01:00,2011-09-27 10:08:00,508,16.9,54.49,274.25
14273.0,51,4,559.97,264,19.309310344827587,22,1,2011-04-11 13:24:00,2011-10-19 13:20:00,190,6.3,88.88,66.0
14274.0,686,1,256.6,178,17.10666666666667,15,1,2010-01-22 12:51:00,2010-01-22 12:51:00,0,1.0,256.6,178.0
14275.0,396,6,1189.3799999999999,538,51.71217391304347,14,1,2010-04-11 12:32:00,2010-11-09 09:06:00,211,7.0,169.91,89.67
14276.0,99,7,2102.68,1406,17.377520661157025,75,1,2010-02-17 13:10:00,2011-09-02 09:45:00,561,18.7,112.44,200.86
14277.0,15,9,17197.61,89806,45.37627968337731,334,1,2009-12-13 15:43:00,2011-11-24 15:01:00,710,23.7,725.64,9978.44
14278.0,410,1,205.83,131,15.833076923076923,13,1,2010-10-26 12:07:00,2010-10-26 12:07:00,0,1.0,205.83,131.0
14279.0,521,2,191.86,46,63.95333333333334,3,1,2010-01-27 16:34:00,2010-07-07 08:42:00,160,5.3,36.2,23.0
14280.0,197,1,134.04,52,16.755,8,1,2011-05-27 10:37:00,2011-05-27 10:37:00,0,1.0,134.04,52.0
14281.0,408,1,245.15,45,35.02142857142857,7,1,2010-10-27 14:45:00,2010-10-27 14:45:00,0,1.0,245.15,45.0
14282.0,3,25,7250.76,5166,30.337907949790797,100,1,2010-02-15 11:22:00,2011-12-06 17:04:00,659,22.0,329.58,206.64
14283.0,463,4,628.44,550,15.327804878048783,36,1,2010-05-19 12:22:00,2010-09-02 14:46:00,106,3.5,179.55,137.5
14284.0,31,3,1299.65,510,19.39776119402985,59,1,2010-02-24 12:06:00,2011-11-09 08:11:00,622,20.7,62.79,170.0
14285.0,21,8,3284.42,954,53.84295081967213,48,1,2009-12-08 14:13:00,2011-11-18 14:50:00,710,23.7,138.58,119.25
14286.0,24,7,8479.76,8795,16.993507014028058,270,1,2009-12-04 08:40:00,2011-11-16 10:34:00,712,23.7,357.8,1256.43
14287.0,8,3,176.63,261,19.625555555555554,9,1,2011-05-25 11:41:00,2011-12-01 13:25:00,190,6.3,28.04,87.0
14288.0,213,1,426.6,188,26.6625,16,1,2011-05-10 13:22:00,2011-05-10 13:22:00,0,1.0,426.6,188.0
14289.0,9,6,911.26,292,19.388510638297873,33,1,2011-02-23 12:33:00,2011-12-01 11:44:00,280,9.3,97.98,48.67
14290.0,11,8,4516.56,1600,29.910993377483447,120,1,2009-12-08 11:44:00,2011-11-28 14:02:00,720,24.0,188.19,200.0
14291.0,2,23,7904.1,6146,16.000202429149798,241,1,2009-12-09 10:46:00,2011-12-08 10:26:00,728,24.3,325.27,267.22
14292.0,8,16,9226.25,3429,47.80440414507772,120,1,2010-03-19 11:10:00,2011-12-02 11:50:00,623,20.8,443.57,214.31
14293.0,3,9,2903.01,1558,24.395042016806723,88,1,2009-12-10 10:57:00,2011-12-06 15:17:00,726,24.2,119.96,173.11
14294.0,407,1,375.34000000000003,190,16.31913043478261,23,1,2010-10-28 16:25:00,2010-10-28 16:25:00,0,1.0,375.34,190.0
14295.0,40,5,2362.91,1029,32.818194444444444,66,1,2009-12-08 09:49:00,2011-10-30 15:50:00,691,23.0,102.74,205.8
14296.0,421,2,456.4,314,16.9037037037037,27,1,2010-05-14 14:34:00,2010-10-14 14:14:00,152,5.1,89.49,157.0
14297.0,18,4,1305.33,865,21.053709677419352,48,1,2011-03-10 08:31:00,2011-11-22 09:06:00,257,8.6,151.78,216.25
14298.0,8,82,91194.49,100272,31.841651536312852,1370,1,2009-12-11 13:49:00,2011-12-01 13:12:00,719,24.0,3799.77,1222.83
14299.0,8,27,14070.25,8136,42.00074626865672,164,1,2009-12-02 10:58:00,2011-12-01 16:05:00,729,24.3,579.02,301.33
14300.0,19,1,43.2,32,14.4,3,1,2011-11-21 08:57:00,2011-11-21 08:57:00,0,1.0,43.2,32.0
14301.0,117,4,1992.18,1686,37.58830188679245,37,1,2010-02-11 13:07:00,2011-08-14 15:33:00,549,18.3,108.86,421.5
14302.0,431,3,742.9000000000001,298,26.532142857142862,25,1,2009-12-02 08:16:00,2010-10-05 08:10:00,306,10.2,72.83,99.33
14303.0,407,2,277.94,218,12.633636363636363,21,1,2010-10-01 10:31:00,2010-10-28 15:37:00,27,0.9,308.82,109.0
14304.0,223,3,1725.01,775,19.602386363636363,69,1,2010-05-18 10:50:00,2011-05-01 11:50:00,348,11.6,148.71,258.33
14305.0,71,3,1858.96,1089,17.70438095238095,96,1,2011-07-27 14:14:00,2011-09-29 15:29:00,64,2.1,885.22,363.0
14306.0,51,6,3151.4,2065,68.50869565217391,43,1,2010-01-31 13:42:00,2011-10-19 13:23:00,625,20.8,151.51,344.17
14307.0,89,10,4287.92,2816,16.366106870229007,205,1,2009-12-07 13:06:00,2011-09-12 09:38:00,643,21.4,200.37,281.6
14308.0,549,2,1147.02,2,573.51,1,1,2010-06-08 16:39:00,2010-06-08 16:48:00,0,1.0,1147.02,1.0
14309.0,8,11,3780.81,2583,20.004285714285714,125,1,2010-06-07 10:24:00,2011-12-01 13:33:00,542,18.1,208.88,234.82
14310.0,433,1,492.1,230,22.36818181818182,22,1,2010-10-03 12:34:00,2010-10-03 12:34:00,0,1.0,492.1,230.0
14311.0,243,2,516.45,235,16.65967741935484,31,1,2010-05-21 10:28:00,2011-04-11 10:14:00,324,10.8,47.82,117.5
14312.0,47,11,3090.29,1904,17.168277777777778,148,1,2010-07-23 15:05:00,2011-10-24 09:46:00,457,15.2,203.31,173.09
14314.0,107,2,229.79999999999998,332,22.979999999999997,10,1,2010-10-05 08:00:00,2011-08-25 10:39:00,324,10.8,21.28,166.0
14315.0,45,8,3197.82,1344,24.043759398496242,83,1,2010-03-15 12:49:00,2011-10-26 12:06:00,589,19.6,163.15,168.0
14316.0,422,5,1370.34,4494,44.20451612903226,21,1,2010-03-19 15:18:00,2010-10-13 16:31:00,208,6.9,198.6,898.8
14317.0,65,1,508.58,255,21.190833333333334,24,1,2011-10-06 10:44:00,2011-10-06 10:44:00,0,1.0,508.58,255.0
14318.0,460,1,158.02,152,17.55777777777778,9,1,2010-09-05 15:32:00,2010-09-05 15:32:00,0,1.0,158.02,152.0
14319.0,424,1,494.85,329,19.032692307692308,26,1,2010-10-11 13:38:00,2010-10-11 13:38:00,0,1.0,494.85,329.0
14320.0,207,5,1346.75,713,16.626543209876544,68,1,2010-01-21 11:44:00,2011-05-17 09:24:00,480,16.0,84.17,142.6
14321.0,11,7,2218.06,3275,12.391396648044692,162,1,2010-08-23 12:56:00,2011-11-29 09:47:00,462,15.4,144.03,467.86
14322.0,429,4,474.1,158,36.46923076923077,10,1,2010-02-18 08:49:00,2010-10-06 15:17:00,230,7.7,61.57,39.5
14323.0,115,2,605.0600000000001,350,16.807222222222222,32,1,2011-04-15 11:44:00,2011-08-17 11:37:00,123,4.1,147.58,175.0
14324.0,410,2,701.61,402,17.112439024390245,41,1,2010-01-15 13:31:00,2010-10-26 11:44:00,283,9.4,74.64,201.0
14325.0,570,1,245.48000000000002,320,13.637777777777778,18,1,2010-05-19 09:20:00,2010-05-19 09:20:00,0,1.0,245.48,320.0
14326.0,242,3,940.98,572,16.50842105263158,54,1,2010-06-25 12:10:00,2011-04-11 15:04:00,290,9.7,97.01,190.67
14327.0,163,6,1894.93,1296,17.87669811320755,99,1,2010-01-08 14:04:00,2011-06-29 13:58:00,536,17.9,105.86,216.0
14328.0,438,1,445.05,1,445.05,1,1,2010-09-27 16:01:00,2010-09-27 16:01:00,0,1.0,445.05,1.0
14329.0,17,15,9887.62,5913,17.912355072463768,349,1,2009-12-16 15:31:00,2011-11-22 15:50:00,706,23.5,420.75,394.2
14330.0,624,1,200.63,103,15.433076923076923,13,1,2010-03-26 09:10:00,2010-03-26 09:10:00,0,1.0,200.63,103.0
14331.0,124,2,462.66,252,16.52357142857143,27,1,2011-07-27 15:14:00,2011-08-07 13:17:00,10,0.3,1542.2,126.0
14332.0,23,5,1917.41,875,30.925967741935484,47,1,2010-10-19 13:01:00,2011-11-17 11:54:00,393,13.1,146.37,175.0
14333.0,68,1,415.2,58,27.68,15,1,2011-10-03 10:38:00,2011-10-03 10:38:00,0,1.0,415.2,58.0
14334.0,17,12,4318.4800000000005,2986,16.73829457364341,148,1,2010-05-20 10:04:00,2011-11-23 10:01:00,551,18.4,234.7,248.83
14335.0,16,2,454.86,375,7.581,55,1,2011-09-04 13:07:00,2011-11-23 13:41:00,80,2.7,168.47,187.5
14336.0,17,4,1614.91,1759,17.943444444444445,77,1,2011-03-08 16:48:00,2011-11-23 11:40:00,259,8.6,187.78,439.75
14338.0,161,3,928.1,622,18.562,43,1,2010-06-21 10:32:00,2011-07-01 14:08:00,375,12.5,74.25,207.33
14339.0,243,2,620.27,456,26.968260869565217,21,1,2010-10-07 08:50:00,2011-04-11 11:06:00,186,6.2,100.04,228.0
14340.0,219,1,134.7,58,22.45,6,1,2011-05-05 09:44:00,2011-05-05 09:44:00,0,1.0,134.7,58.0
14341.0,45,18,4452.02,2813,16.800075471698115,185,1,2009-12-01 12:20:00,2011-10-25 15:48:00,693,23.1,192.73,156.28
14342.0,21,6,918.44,521,27.831515151515152,27,1,2010-08-24 13:03:00,2011-11-18 13:21:00,451,15.0,61.23,86.83
14343.0,421,4,1079.66,626,4.613931623931625,193,1,2010-01-18 16:47:00,2010-10-14 13:05:00,268,8.9,121.31,156.5
14344.0,127,20,2993.05,1546,13.013260869565219,140,1,2010-03-23 15:47:00,2011-08-04 13:51:00,498,16.6,180.3,77.3
14345.0,39,1,108.98,50,18.163333333333334,6,1,2011-11-01 09:51:00,2011-11-01 09:51:00,0,1.0,108.98,50.0
14346.0,121,5,2315.75,1878,15.861301369863014,123,1,2010-07-30 10:44:00,2011-08-11 09:47:00,376,12.5,185.26,375.6
14347.0,737,1,82.60000000000001,48,13.766666666666667,6,1,2009-12-03 10:49:00,2009-12-03 10:49:00,0,1.0,82.6,48.0
14348.0,260,1,409.57,183,22.753888888888888,18,1,2011-03-24 16:23:00,2011-03-24 16:23:00,0,1.0,409.57,183.0
14349.0,10,1,133.5,86,4.306451612903226,31,1,2011-11-29 15:39:00,2011-11-29 15:39:00,0,1.0,133.5,86.0
14350.0,274,3,972.03,543,16.47508474576271,55,1,2010-10-05 15:52:00,2011-03-10 14:14:00,155,5.2,186.93,181.0
14351.0,165,1,51.0,12,51.0,1,1,2011-06-28 11:56:00,2011-06-28 11:56:00,0,1.0,51.0,12.0
14352.0,157,4,1078.96,538,22.95659574468085,44,1,2011-03-11 14:58:00,2011-07-05 15:41:00,116,3.9,276.66,134.5
14353.0,215,3,376.5,344,15.06,18,1,2010-10-04 12:38:00,2011-05-08 16:06:00,216,7.2,52.29,114.67
14354.0,6,2,163.62,210,18.18,9,1,2011-11-09 15:36:00,2011-12-04 11:32:00,24,0.8,204.52,105.0
14355.0,366,3,840.0500000000001,617,14.000833333333334,57,1,2010-03-22 15:08:00,2010-12-09 12:16:00,261,8.7,96.56,205.67
14356.0,80,2,701.23,277,21.24939393939394,33,1,2011-09-19 14:43:00,2011-09-21 09:18:00,1,1.0,701.23,138.5
14357.0,43,1,225.12,147,5.628,39,1,2011-10-27 16:23:00,2011-10-27 16:23:00,0,1.0,225.12,147.0
14358.0,389,2,400.06,338,16.0024,21,1,2010-10-07 17:26:00,2010-11-15 15:51:00,38,1.3,307.74,169.0
14359.0,19,3,912.1800000000001,371,16.585090909090912,44,1,2011-09-13 09:03:00,2011-11-20 13:17:00,68,2.3,396.6,123.67
14360.0,32,4,2118.03,1139,18.102820512820514,104,1,2011-09-06 11:58:00,2011-11-08 09:12:00,62,2.1,1008.59,284.75
14361.0,579,1,214.71,251,15.336428571428572,14,1,2010-05-10 12:29:00,2010-05-10 12:29:00,0,1.0,214.71,251.0
14362.0,22,1,151.5,96,4.094594594594595,37,1,2011-11-17 15:08:00,2011-11-17 15:08:00,0,1.0,151.5,96.0
14363.0,402,2,227.47000000000003,105,28.433750000000003,8,1,2010-09-14 14:39:00,2010-11-02 17:01:00,49,1.6,142.17,52.5
14364.0,109,8,3717.35,1967,53.87463768115942,61,1,2011-05-12 12:56:00,2011-08-23 11:01:00,102,3.4,1093.34,245.88
14365.0,395,2,634.68,557,12.44470588235294,50,1,2010-01-27 09:44:00,2010-11-10 09:52:00,287,9.6,66.11,278.5
14366.0,525,1,136.0,16,136.0,1,1,2010-07-02 17:23:00,2010-07-02 17:23:00,0,1.0,136.0,16.0
14367.0,8,16,9227.82,4426,17.711746641074857,270,1,2011-03-08 14:12:00,2011-12-01 13:19:00,267,8.9,1036.83,276.62
14368.0,320,1,155.0,36,19.375,8,1,2011-01-24 09:52:00,2011-01-24 09:52:00,0,1.0,155.0,36.0
14369.0,642,2,469.13,255,18.04346153846154,24,1,2010-02-16 10:28:00,2010-03-07 15:47:00,19,0.6,781.88,127.5
14370.0,451,6,1175.78,266,26.722272727272728,37,1,2010-02-01 08:35:00,2010-09-15 10:53:00,226,7.5,156.77,44.33
14371.0,295,1,100.5,34,25.125,4,1,2011-02-17 16:35:00,2011-02-17 16:35:00,0,1.0,100.5,34.0
14372.0,443,2,860.08,378,22.633684210526315,36,1,2010-04-19 15:57:00,2010-09-22 16:17:00,156,5.2,165.4,189.0
14373.0,358,1,76.55,17,19.1375,4,1,2010-12-16 15:40:00,2010-12-16 15:40:00,0,1.0,76.55,17.0
14374.0,541,1,108.0,20,15.428571428571429,7,1,2010-06-16 14:25:00,2010-06-16 14:25:00,0,1.0,108.0,20.0
14375.0,185,3,1106.82,647,5.399121951219512,176,1,2010-06-16 14:34:00,2011-06-07 13:44:00,355,11.8,93.8,215.67
14376.0,683,1,215.46,50,11.97,17,1,2010-01-25 15:36:00,2010-01-25 15:36:00,0,1.0,215.46,50.0
14377.0,191,2,617.05,219,56.095454545454544,11,1,2011-03-22 13:38:00,2011-06-01 13:32:00,70,2.3,268.28,109.5
14378.0,622,1,131.25,57,14.583333333333334,9,1,2010-03-28 12:22:00,2010-03-28 12:22:00,0,1.0,131.25,57.0
14379.0,44,4,1265.16,712,9.8840625,93,1,2010-08-16 15:31:00,2011-10-26 16:43:00,436,14.5,87.25,178.0
14380.0,682,1,48.96,1,48.96,1,1,2010-01-26 17:11:00,2010-01-26 17:11:00,0,1.0,48.96,1.0
14381.0,52,2,625.94,449,5.58875,104,1,2010-09-14 16:15:00,2011-10-18 17:10:00,399,13.3,47.06,224.5
14382.0,26,2,1193.6299999999999,1667,4.278243727598566,227,1,2010-11-14 16:32:00,2011-11-13 16:18:00,363,12.1,98.65,833.5
14383.0,38,3,1247.69,817,21.14728813559322,49,1,2011-06-29 10:18:00,2011-11-01 15:53:00,125,4.2,297.07,272.33
14384.0,501,1,58.5,30,19.5,3,1,2010-07-27 09:53:00,2010-07-27 09:53:00,0,1.0,58.5,30.0
14385.0,9,3,202.10999999999999,159,14.43642857142857,13,1,2011-11-16 11:55:00,2011-11-30 15:36:00,14,0.5,404.22,53.0
14386.0,297,1,142.4,54,20.342857142857145,7,1,2011-02-16 09:45:00,2011-02-16 09:45:00,0,1.0,142.4,54.0
14387.0,33,3,1727.6,795,12.428776978417266,125,1,2011-08-22 14:13:00,2011-11-07 12:29:00,76,2.5,691.04,265.0
14388.0,10,16,6388.2,4190,16.254961832061067,184,1,2010-01-20 11:54:00,2011-11-29 13:32:00,678,22.6,282.66,261.88
14389.0,65,5,1898.01,1388,21.816206896551723,48,1,2010-04-28 14:57:00,2011-10-05 15:17:00,525,17.5,108.46,277.6
14390.0,10,13,6150.03,2830,13.39875816993464,197,1,2010-10-10 14:30:00,2011-11-29 13:49:00,414,13.8,445.65,217.69
14391.0,577,1,135.6,168,9.685714285714285,14,1,2010-05-12 09:42:00,2010-05-12 09:42:00,0,1.0,135.6,168.0
14392.0,432,1,266.4,114,19.02857142857143,14,1,2010-10-03 12:56:00,2010-10-03 12:56:00,0,1.0,266.4,114.0
14393.0,218,1,67.95,13,13.59,5,1,2011-05-05 18:16:00,2011-05-05 18:16:00,0,1.0,67.95,13.0
14394.0,565,1,93.8,58,15.633333333333333,6,1,2010-05-24 10:43:00,2010-05-24 10:43:00,0,1.0,93.8,58.0
14395.0,2,20,7801.93,3872,10.015314505776637,320,1,2010-04-18 13:12:00,2011-12-07 14:34:00,598,19.9,392.06,193.6
14396.0,65,7,1969.38,959,7.909156626506024,202,1,2009-12-02 14:21:00,2011-10-05 16:09:00,672,22.4,87.92,137.0
14397.0,3,19,2612.96,1890,30.034022988505747,18,1,2011-05-10 12:25:00,2011-12-07 09:22:00,210,7.0,373.28,99.47
14398.0,401,2,707.79,267,13.354528301886791,50,1,2010-06-30 11:57:00,2010-11-03 13:46:00,126,4.2,168.52,133.5
14399.0,394,8,2108.21,965,10.980260416666667,119,1,2010-02-03 13:09:00,2010-11-10 13:23:00,280,9.3,226.69,120.62
14400.0,149,3,1732.47,1706,23.73246575342466,71,1,2010-03-18 12:11:00,2011-07-13 15:50:00,482,16.1,107.61,568.67
14401.0,4,22,6795.9,6401,25.5484962406015,171,1,2009-12-14 13:22:00,2011-12-05 13:30:00,721,24.0,283.16,290.95
14402.0,652,1,285.6,240,35.7,8,1,2010-02-25 13:20:00,2010-02-25 13:20:00,0,1.0,285.6,240.0
14403.0,130,6,1880.51,737,75.2204,20,1,2010-03-10 14:00:00,2011-08-01 12:57:00,508,16.9,111.27,122.83
14404.0,34,13,2724.13,1577,15.050441988950277,123,1,2009-12-20 14:40:00,2011-11-06 12:30:00,685,22.8,119.48,121.31
14405.0,387,1,195.0,100,97.5,2,1,2010-11-18 11:40:00,2010-11-18 11:40:00,0,1.0,195.0,100.0
14406.0,119,1,156.75,77,19.59375,8,1,2011-08-12 16:54:00,2011-08-12 16:54:00,0,1.0,156.75,77.0
14407.0,107,6,2157.73,1415,29.557945205479452,67,1,2011-03-08 11:59:00,2011-08-24 14:02:00,169,5.6,385.31,235.83
14408.0,11,11,4102.27,2438,32.048984375,63,1,2009-12-07 12:18:00,2011-11-29 11:41:00,721,24.0,170.93,221.64
14409.0,71,9,3427.29,2233,32.95471153846154,76,1,2010-05-21 16:45:00,2011-09-29 18:18:00,496,16.5,207.71,248.11
14410.0,92,11,2631.9,1369,6.8361038961038965,307,1,2010-09-28 15:46:00,2011-09-08 15:08:00,344,11.5,228.86,124.45
14411.0,311,1,1063.0,196,75.92857142857143,14,1,2011-02-02 10:56:00,2011-02-02 10:56:00,0,1.0,1063.0,196.0
14412.0,43,3,1426.19,1428,16.978452380952383,75,1,2010-10-11 12:33:00,2011-10-28 10:45:00,381,12.7,112.3,476.0
14413.0,362,4,764.52,277,7.96375,93,1,2010-01-19 14:27:00,2010-12-12 13:37:00,326,10.9,70.14,69.25
14414.0,92,8,2399.33,2877,20.333305084745763,99,1,2010-11-30 10:12:00,2011-09-09 12:09:00,283,9.4,255.25,359.62
14415.0,1,23,11980.09,6263,9.708338735818476,445,1,2009-12-16 14:08:00,2011-12-08 14:38:00,722,24.1,497.1,272.3
14416.0,22,2,490.22,326,35.01571428571429,13,1,2011-10-28 15:10:00,2011-11-17 15:22:00,20,0.7,700.31,163.0
14417.0,388,1,524.65,543,4.484188034188034,106,1,2010-11-17 10:55:00,2010-11-17 10:55:00,0,1.0,524.65,543.0
14418.0,4,3,1937.25,1711,15.622983870967742,114,1,2011-08-23 17:18:00,2011-12-06 11:39:00,104,3.5,553.5,570.33
14419.0,11,7,1254.64,552,5.576177777777779,118,1,2010-11-22 11:09:00,2011-11-29 11:22:00,372,12.4,101.18,78.86
14420.0,99,4,1639.17,1120,17.62548387096774,85,1,2010-01-17 12:41:00,2011-09-01 18:07:00,592,19.7,83.21,280.0
14421.0,57,6,2469.37,1342,25.722604166666667,72,1,2010-01-17 11:30:00,2011-10-13 13:24:00,634,21.1,117.03,223.67
14422.0,1,19,10271.52,6067,18.60782608695652,317,1,2009-12-17 12:12:00,2011-12-09 11:26:00,721,24.0,427.98,319.32
14423.0,218,3,916.61,419,61.10733333333334,12,1,2010-01-14 11:49:00,2011-05-05 15:12:00,476,15.9,57.65,139.67
14424.0,18,1,322.08,48,322.08,1,1,2011-11-22 11:48:00,2011-11-22 11:48:00,0,1.0,322.08,48.0
14425.0,435,3,661.39,325,16.958717948717947,35,1,2009-12-02 11:31:00,2010-10-01 10:24:00,302,10.1,65.48,108.33
14426.0,24,17,11727.94,7023,19.417119205298015,452,1,2010-03-04 14:36:00,2011-11-16 12:25:00,621,20.7,566.57,413.12
14427.0,50,4,1263.52,538,28.716363636363635,43,1,2010-03-18 09:49:00,2011-10-20 14:23:00,581,19.4,65.13,134.5
14428.0,7,5,1224.06,428,8.934744525547444,108,1,2011-01-18 16:39:00,2011-12-02 13:17:00,317,10.6,115.48,85.6
14429.0,404,1,516.28,286,23.467272727272725,22,1,2010-11-01 10:08:00,2010-11-01 10:08:00,0,1.0,516.28,286.0
14430.0,512,3,1220.9,446,34.88285714285715,29,1,2010-04-11 15:59:00,2010-07-16 11:35:00,95,3.2,381.53,148.67
14431.0,303,4,2614.2,1202,32.27407407407407,72,1,2010-01-21 10:49:00,2011-02-10 10:40:00,384,12.8,204.23,300.5
14432.0,10,6,2248.5,2013,5.964190981432361,256,1,2011-09-11 14:09:00,2011-11-30 08:04:00,79,2.6,864.81,335.5
14433.0,466,1,280.7,131,3.7932432432432432,72,1,2010-08-31 12:35:00,2010-08-31 12:35:00,0,1.0,280.7,131.0
14434.0,22,6,1372.8,368,114.39999999999999,3,1,2011-09-28 15:31:00,2011-11-18 08:56:00,50,1.7,807.53,61.33
14435.0,502,1,90.42,282,30.14,3,1,2010-07-26 12:33:00,2010-07-26 12:33:00,0,1.0,90.42,282.0
14436.0,99,2,271.7,297,24.7,11,1,2010-06-04 11:32:00,2011-09-02 10:13:00,454,15.1,17.99,148.5
14437.0,366,5,873.34,420,20.793809523809525,34,1,2010-05-05 12:20:00,2010-12-09 09:27:00,217,7.2,121.3,84.0
14438.0,306,1,131.9,82,14.655555555555557,9,1,2011-02-06 14:56:00,2011-02-06 14:56:00,0,1.0,131.9,82.0
14439.0,320,5,9443.04,2244,73.20186046511628,105,1,2010-01-21 14:01:00,2011-01-24 11:39:00,367,12.2,774.02,448.8
14440.0,8,13,5982.03,1605,46.734609375,63,1,2009-12-02 12:13:00,2011-12-01 15:42:00,729,24.3,246.17,123.46
14441.0,1,11,4611.6900000000005,1260,29.946038961038965,103,1,2010-01-18 10:40:00,2011-12-09 09:07:00,689,23.0,200.51,114.55
14442.0,205,7,5367.02,1431,29.327978142076507,128,1,2010-01-18 12:59:00,2011-05-19 11:36:00,485,16.2,331.3,204.43
14443.0,54,5,2082.9700000000003,1357,15.661428571428573,119,1,2010-11-25 14:18:00,2011-10-17 10:10:00,325,10.8,192.87,271.4
14444.0,456,1,120.44,172,10.94909090909091,11,1,2010-09-09 18:56:00,2010-09-09 18:56:00,0,1.0,120.44,172.0
14445.0,456,1,221.65,83,6.9265625,32,1,2010-09-10 11:09:00,2010-09-10 11:09:00,0,1.0,221.65,83.0
14446.0,1,5,1200.28,1091,3.762633228840125,259,1,2010-11-18 12:08:00,2011-12-09 11:34:00,385,12.8,93.77,218.2
14447.0,19,6,1711.73,913,16.148396226415095,81,1,2010-11-04 13:32:00,2011-11-21 08:28:00,381,12.7,134.78,152.17
14448.0,9,2,375.35,104,18.767500000000002,20,1,2010-12-10 17:26:00,2011-11-30 13:50:00,354,11.8,31.81,52.0
14449.0,19,8,2230.96,1604,4.61896480331263,301,1,2010-09-29 13:15:00,2011-11-21 12:06:00,417,13.9,160.5,200.5
14450.0,181,7,1128.44,522,14.847894736842106,47,1,2010-04-08 12:09:00,2011-06-12 10:46:00,429,14.3,78.91,74.57
14451.0,60,12,3258.68,1737,6.364609375,245,1,2010-01-17 10:35:00,2011-10-10 13:38:00,631,21.0,155.18,144.75
14452.0,11,4,658.95,285,5.108139534883721,108,1,2010-07-06 13:13:00,2011-11-29 12:06:00,510,17.0,38.76,71.25
14453.0,190,1,119.93,49,5.451363636363637,22,1,2011-06-02 14:15:00,2011-06-02 14:15:00,0,1.0,119.93,49.0
14454.0,376,5,977.3000000000001,400,8.884545454545455,93,1,2009-12-06 12:56:00,2010-11-28 13:26:00,357,11.9,82.13,80.0
14455.0,432,4,617.72,706,8.022337662337662,65,1,2010-08-01 13:26:00,2010-10-03 15:48:00,63,2.1,294.15,176.5
14456.0,5,9,3017.28,2885,3.1861457233368533,580,1,2011-07-20 13:06:00,2011-12-04 13:59:00,137,4.6,655.93,320.56
14457.0,311,1,113.64,88,28.41,4,1,2011-02-02 09:39:00,2011-02-02 09:39:00,0,1.0,113.64,88.0
14458.0,381,1,228.07,317,4.852553191489362,46,1,2010-11-24 12:43:00,2010-11-24 12:43:00,0,1.0,228.07,317.0
14459.0,155,2,5375.741,2303,47.57292920353982,113,1,2010-02-26 13:26:00,2011-07-07 13:35:00,496,16.5,325.8,1151.5
14460.0,110,9,1093.5,1879,26.035714285714285,33,1,2009-12-15 19:06:00,2011-08-21 14:19:00,613,20.4,53.6,208.78
14461.0,148,13,6676.91,3005,10.498286163522012,515,1,2010-01-18 12:48:00,2011-07-14 17:11:00,542,18.1,368.89,231.15
14462.0,66,12,2242.81,1063,7.98153024911032,182,1,2010-10-03 14:13:00,2011-10-04 15:55:00,366,12.2,183.84,88.58
14463.0,98,4,786.5699999999999,210,98.32124999999999,7,1,2010-07-28 11:35:00,2011-09-02 15:20:00,401,13.4,58.7,52.5
14464.0,568,2,111.0,62,27.75,4,1,2010-03-22 15:20:00,2010-05-20 18:00:00,59,2.0,55.5,31.0
14465.0,247,11,3925.85,2539,20.34119170984456,128,1,2010-01-07 15:03:00,2011-04-07 12:38:00,454,15.1,259.99,230.82
14466.0,29,13,4267.15,2507,20.714320388349513,77,1,2009-12-13 15:44:00,2011-11-10 14:07:00,696,23.2,183.93,192.85
14467.0,18,12,2203.2400000000002,1187,7.271419141914192,144,1,2009-12-02 12:44:00,2011-11-22 12:48:00,720,24.0,91.8,98.92
14468.0,734,1,204.24,164,17.02,12,1,2009-12-06 12:21:00,2009-12-06 12:21:00,0,1.0,204.24,164.0
14469.0,416,4,2093.46,973,14.437655172413793,120,1,2010-01-29 11:12:00,2010-10-19 14:30:00,263,8.8,237.89,243.25
14470.0,12,3,712.04,282,11.867333333333333,56,1,2010-10-05 12:39:00,2011-11-28 10:31:00,418,13.9,51.23,94.0
14471.0,591,2,400.95,187,9.779268292682927,38,1,2009-12-07 12:26:00,2010-04-27 17:12:00,141,4.7,85.31,93.5
14472.0,104,9,2118.72,1271,6.856699029126213,173,1,2010-01-19 13:09:00,2011-08-28 11:01:00,585,19.5,108.65,141.22
14473.0,74,2,234.34,88,33.47714285714286,7,1,2011-03-02 13:56:00,2011-09-26 15:10:00,208,6.9,33.96,44.0
14474.0,46,2,1258.89,448,9.91251968503937,122,1,2010-05-09 12:12:00,2011-10-24 13:26:00,533,17.8,70.72,224.0
14475.0,72,4,1151.15,541,23.98229166666667,40,1,2010-10-27 09:20:00,2011-09-29 10:46:00,337,11.2,102.78,135.25
14476.0,257,1,193.0,110,11.352941176470589,17,1,2011-03-27 15:39:00,2011-03-27 15:39:00,0,1.0,193.0,110.0
14477.0,20,7,1969.6,1120,140.68571428571428,7,1,2010-01-04 15:41:00,2011-11-20 11:11:00,684,22.8,86.39,160.0
14478.0,382,4,1276.66,1226,18.774411764705885,59,1,2009-12-01 13:20:00,2010-11-22 15:29:00,356,11.9,107.28,306.5
14479.0,254,4,1124.71,562,8.091438848920864,127,1,2009-12-06 13:48:00,2011-03-31 09:07:00,479,16.0,70.29,140.5
14480.0,11,4,1299.52,670,19.992615384615384,52,1,2009-12-21 16:32:00,2011-11-28 16:35:00,707,23.6,55.06,167.5
14481.0,165,5,2284.69,1568,15.231266666666667,114,1,2010-01-31 12:43:00,2011-06-28 10:38:00,512,17.1,133.61,313.6
14482.0,18,12,4306.72,2869,17.65049180327869,185,1,2010-08-26 14:13:00,2011-11-21 13:14:00,451,15.0,287.11,239.08
14483.0,282,2,257.1,193,19.77692307692308,13,1,2009-12-03 10:16:00,2011-03-03 10:26:00,455,15.2,16.91,96.5
14484.0,50,4,1070.98,744,20.207169811320757,47,1,2009-12-17 10:57:00,2011-10-20 14:11:00,672,22.4,47.81,186.0
14485.0,39,1,162.8,70,3.539130434782609,44,1,2011-11-01 12:25:00,2011-11-01 12:25:00,0,1.0,162.8,70.0
14486.0,512,2,175.5,90,29.25,4,1,2010-06-04 10:30:00,2010-07-16 09:42:00,41,1.4,125.36,45.0
14487.0,27,7,1266.27,761,7.5373214285714285,129,1,2010-11-25 13:36:00,2011-11-13 12:17:00,352,11.7,108.23,108.71
14488.0,68,1,1064.28,799,23.136521739130433,46,1,2011-10-03 09:30:00,2011-10-03 09:30:00,0,1.0,1064.28,799.0
14489.0,207,4,1574.93,1011,15.7493,65,1,2010-04-06 09:52:00,2011-05-16 14:51:00,405,13.5,116.66,252.75
14490.0,406,2,1273.47,933,15.918375000000001,72,1,2010-10-07 11:36:00,2010-10-29 15:04:00,22,0.7,1819.24,466.5
14491.0,175,2,340.93,139,20.05470588235294,17,1,2010-12-02 12:10:00,2011-06-17 15:22:00,197,6.6,51.66,69.5
14492.0,430,7,1921.91,751,20.890326086956524,70,1,2010-03-30 14:23:00,2010-10-05 13:21:00,188,6.3,305.07,107.29
14493.0,7,10,5087.86,3148,14.331999999999999,292,1,2010-03-08 08:33:00,2011-12-02 16:14:00,634,21.1,241.13,314.8
14494.0,26,3,401.46,210,23.615294117647057,17,1,2009-12-08 13:25:00,2011-11-14 09:21:00,705,23.5,17.08,70.0
14495.0,51,3,174.8,68,24.97142857142857,7,1,2010-02-18 08:49:00,2011-10-20 12:28:00,609,20.3,8.61,22.67
14496.0,312,7,2363.89,905,22.300849056603774,64,1,2010-03-16 13:15:00,2011-02-01 09:01:00,321,10.7,220.92,129.29
14497.0,309,2,697.0600000000001,332,17.4265,40,1,2010-02-04 09:59:00,2011-02-03 17:01:00,364,12.1,57.61,166.0
14498.0,43,10,3900.83,2120,10.571355013550136,276,1,2010-06-07 16:05:00,2011-10-28 12:09:00,507,16.9,230.82,212.0
14499.0,26,7,2101.79,1231,6.758167202572347,199,1,2010-08-27 11:57:00,2011-11-13 13:01:00,443,14.8,142.01,175.86
14500.0,88,3,356.85,117,50.978571428571435,6,1,2011-06-03 10:08:00,2011-09-12 16:45:00,101,3.4,104.96,39.0
14501.0,184,2,251.21,161,25.121000000000002,9,1,2011-01-24 10:43:00,2011-06-09 12:02:00,136,4.5,55.82,80.5
14502.0,20,11,2429.83,1480,3.9964309210526316,368,1,2011-01-30 15:52:00,2011-11-20 11:50:00,293,9.8,247.94,134.55
14503.0,3,6,3543.26,2004,21.605243902439025,113,1,2011-06-14 10:00:00,2011-12-06 13:30:00,175,5.8,610.91,334.0
14504.0,47,4,673.26,308,6.2921495327102805,85,1,2011-03-06 14:38:00,2011-10-23 16:00:00,231,7.7,87.44,77.0
14505.0,17,19,11879.08,5325,7.542273015873016,898,1,2009-12-09 14:48:00,2011-11-22 15:45:00,713,23.8,499.12,280.26
14506.0,17,7,2960.25,936,7.437814070351759,251,1,2010-04-19 08:27:00,2011-11-22 13:02:00,582,19.4,152.59,133.71
14507.0,24,11,3216.7400000000002,1491,12.467984496124032,182,1,2009-12-10 17:04:00,2011-11-16 12:21:00,705,23.5,136.88,135.55
14508.0,22,5,822.92,347,4.6492655367231635,142,1,2010-06-17 13:02:00,2011-11-17 19:48:00,518,17.3,47.57,69.4
14509.0,534,1,110.95,38,4.438,25,1,2010-06-23 13:21:00,2010-06-23 13:21:00,0,1.0,110.95,38.0
14510.0,376,3,979.85,793,13.064666666666668,67,1,2010-09-29 13:35:00,2010-11-29 12:46:00,60,2.0,489.92,264.33
14511.0,11,5,1314.81,784,19.33544117647059,53,1,2011-07-29 12:13:00,2011-11-28 17:05:00,122,4.1,320.69,156.8
14512.0,188,7,1215.97,736,15.392025316455696,55,1,2009-12-07 13:49:00,2011-06-05 12:39:00,544,18.1,67.18,105.14
14513.0,101,6,788.01,593,41.47421052631579,15,1,2010-05-20 17:57:00,2011-08-31 11:25:00,467,15.6,50.51,98.83
14514.0,61,9,4380.04,2362,13.730532915360502,212,1,2009-12-13 13:21:00,2011-10-09 16:05:00,665,22.2,197.3,262.44
14515.0,18,12,3724.06,1893,21.52635838150289,109,1,2010-06-07 12:37:00,2011-11-22 11:37:00,532,17.7,210.4,157.75
14516.0,516,1,151.17,63,4.3191428571428565,35,1,2010-07-11 14:07:00,2010-07-11 14:07:00,0,1.0,151.17,63.0
14517.0,33,2,330.45,91,18.358333333333334,17,1,2011-07-21 11:42:00,2011-11-06 14:20:00,108,3.6,91.79,45.5
14518.0,64,1,174.37,278,10.898125,16,1,2011-10-06 14:43:00,2011-10-06 14:43:00,0,1.0,174.37,278.0
14519.0,684,2,203.14,81,5.34578947368421,38,1,2009-12-11 10:40:00,2010-01-25 11:18:00,45,1.5,135.43,40.5
14520.0,2,2,270.6,146,67.65,3,1,2011-02-22 09:15:00,2011-12-08 09:46:00,289,9.6,28.19,73.0
14521.0,491,1,199.45000000000002,211,11.732352941176472,17,1,2010-08-05 16:35:00,2010-08-05 16:35:00,0,1.0,199.45,211.0
14522.0,24,8,1748.42,956,38.85377777777778,34,1,2010-01-24 13:55:00,2011-11-15 13:24:00,659,22.0,79.47,119.5
14523.0,108,1,241.09,251,20.090833333333332,12,1,2011-08-23 13:13:00,2011-08-23 13:13:00,0,1.0,241.09,251.0
14524.0,32,13,2909.86,1169,9.036832298136646,250,1,2010-10-19 11:44:00,2011-11-08 12:29:00,385,12.8,227.33,89.92
14525.0,20,17,8026.54,5106,15.25958174904943,340,1,2009-12-13 14:01:00,2011-11-20 11:37:00,706,23.5,341.55,300.35
14526.0,389,1,258.65,178,6.308536585365853,41,1,2010-11-15 13:32:00,2010-11-15 13:32:00,0,1.0,258.65,178.0
14527.0,3,122,27246.88,6647,10.324698749526336,607,1,2009-12-02 12:06:00,2011-12-07 12:19:00,735,24.5,1112.12,54.48
14528.0,37,1,364.21999999999997,278,20.234444444444442,18,1,2011-11-02 17:09:00,2011-11-02 17:09:00,0,1.0,364.22,278.0
14529.0,60,3,578.61,325,2.7164788732394367,177,1,2011-08-21 14:10:00,2011-10-10 15:27:00,50,1.7,340.36,108.33
14530.0,26,16,6088.87,2989,12.872875264270613,269,1,2010-01-21 11:25:00,2011-11-14 10:38:00,661,22.0,276.77,186.81
14531.0,480,1,376.34,260,12.977241379310344,29,1,2010-08-17 10:16:00,2010-08-17 10:16:00,0,1.0,376.34,260.0
14532.0,236,11,3845.78,1111,12.247707006369428,209,1,2010-01-10 11:47:00,2011-04-17 13:05:00,462,15.4,249.73,101.0
14533.0,25,11,3466.37,6038,38.947977528089886,74,1,2010-04-08 12:13:00,2011-11-15 12:05:00,585,19.5,177.76,548.91
14534.0,3,26,6187.66,2822,8.65406993006993,437,1,2010-03-15 14:16:00,2011-12-07 12:19:00,631,21.0,294.65,108.54
14535.0,60,9,5973.2300000000005,3214,7.240278787878789,589,1,2010-02-24 15:03:00,2011-10-10 15:39:00,593,19.8,301.68,357.11
14536.0,260,1,170.95,39,9.497222222222222,18,1,2011-03-25 12:21:00,2011-03-25 12:21:00,0,1.0,170.95,39.0
14537.0,58,2,641.4,228,27.88695652173913,23,1,2010-03-26 13:44:00,2011-10-13 10:54:00,565,18.8,34.12,114.0
14538.0,65,5,1370.8400000000001,284,26.362307692307695,45,1,2010-01-25 15:42:00,2011-10-06 10:31:00,618,20.6,66.55,56.8
14539.0,16,2,537.48,428,16.79625,31,1,2011-10-26 12:03:00,2011-11-24 09:50:00,28,0.9,597.2,214.0
14540.0,10,11,3709.64,1595,14.051666666666666,197,1,2009-12-07 13:00:00,2011-11-30 10:15:00,722,24.1,153.93,145.0
14541.0,59,14,2491.38,1123,14.236457142857143,99,1,2010-01-07 11:59:00,2011-10-12 10:08:00,642,21.4,116.42,80.21
14542.0,186,1,103.25,19,20.65,5,1,2011-06-07 08:19:00,2011-06-07 08:19:00,0,1.0,103.25,19.0
14543.0,29,39,14587.87,2639,68.81070754716981,106,1,2009-12-01 13:47:00,2011-11-11 12:45:00,709,23.6,618.13,67.67
14544.0,24,3,2938.53,2412,15.714064171122995,148,1,2010-08-26 16:00:00,2011-11-15 15:06:00,445,14.8,198.55,804.0
14545.0,674,1,349.25,236,15.184782608695652,23,1,2010-02-03 15:23:00,2010-02-03 15:23:00,0,1.0,349.25,236.0
14546.0,5,11,5184.84,2688,6.563088607594937,410,1,2009-12-06 13:10:00,2011-12-04 13:00:00,727,24.2,214.25,244.36
14547.0,4,8,3974.75,2639,11.196478873239437,198,1,2011-10-16 14:35:00,2011-12-06 11:06:00,50,1.7,2338.09,329.88
14548.0,151,9,2541.29,986,23.102636363636364,66,1,2009-12-06 14:00:00,2011-07-12 12:19:00,582,19.4,130.99,109.56
14549.0,311,4,913.6,394,6.388811188811189,117,1,2009-12-02 14:06:00,2011-02-01 13:47:00,425,14.2,64.34,98.5
14550.0,11,4,1345.06,771,13.866597938144329,77,1,2010-08-13 12:05:00,2011-11-29 12:12:00,473,15.8,85.13,192.75
14551.0,18,7,878.09,486,11.115063291139242,69,1,2010-01-27 12:06:00,2011-11-21 13:36:00,663,22.1,39.73,69.43
14552.0,152,3,507.93,258,3.298246753246753,124,1,2010-04-26 13:44:00,2011-07-11 12:49:00,440,14.7,34.55,86.0
14553.0,19,9,1818.6,1118,6.314583333333333,233,1,2010-07-18 12:07:00,2011-11-20 13:20:00,490,16.3,111.57,124.22
14554.0,10,4,2279.4900000000002,1443,11.229014778325125,147,1,2011-10-18 13:04:00,2011-11-29 16:44:00,42,1.4,1628.21,360.75
14555.0,57,6,2304.03,842,19.692564102564106,94,1,2009-12-18 11:39:00,2011-10-13 16:24:00,664,22.1,104.25,140.33
14556.0,596,3,815.69,323,4.161683673469388,158,1,2010-01-20 11:49:00,2010-04-22 14:57:00,92,3.1,263.13,107.67
14557.0,85,1,788.38,510,49.27375,16,1,2011-09-15 15:48:00,2011-09-15 15:48:00,0,1.0,788.38,510.0
14558.0,654,3,655.5,162,43.7,13,1,2009-12-08 10:41:00,2010-02-23 12:51:00,77,2.6,252.12,54.0
14559.0,390,1,75.6,72,37.8,2,1,2010-11-14 16:05:00,2010-11-14 16:05:00,0,1.0,75.6,72.0
14560.0,7,44,6114.03,4580,30.570149999999998,60,1,2009-12-02 10:15:00,2011-12-02 15:22:00,730,24.3,251.61,104.09
14561.0,76,3,1080.76,1014,15.6631884057971,67,1,2011-06-08 13:26:00,2011-09-25 12:39:00,108,3.6,300.21,338.0
14562.0,4,26,6638.150000000001,2574,11.045174708818637,245,1,2010-02-07 14:10:00,2011-12-06 11:05:00,666,22.2,299.02,99.0
14563.0,510,2,640.54,279,6.042830188679245,95,1,2010-04-26 12:51:00,2010-07-18 12:01:00,82,2.7,237.24,139.5
14564.0,435,2,2605.62,1295,24.35158878504673,107,1,2009-12-04 09:27:00,2010-10-01 09:02:00,300,10.0,260.56,647.5
14565.0,96,5,3859.2200000000003,1940,24.120125,139,1,2010-08-23 09:48:00,2011-09-05 09:07:00,377,12.6,306.29,388.0
14566.0,111,4,4092.0,2400,255.75,9,1,2010-06-24 10:34:00,2011-08-21 11:05:00,423,14.1,290.21,600.0
14567.0,57,2,1530.3600000000001,412,46.374545454545455,33,1,2011-08-01 13:48:00,2011-10-14 10:21:00,73,2.4,637.65,206.0
14568.0,435,1,919.7,645,19.56808510638298,47,1,2010-09-30 17:15:00,2010-09-30 17:15:00,0,1.0,919.7,645.0
14569.0,1,4,597.33,257,17.568529411764708,31,1,2010-04-15 11:49:00,2011-12-08 14:58:00,602,20.1,29.72,64.25
14570.0,281,3,613.75,431,9.025735294117647,64,1,2010-09-22 13:07:00,2011-03-04 10:58:00,162,5.4,113.66,143.67
14571.0,425,1,160.0,56,5.333333333333333,30,1,2010-10-10 15:06:00,2010-10-10 15:06:00,0,1.0,160.0,56.0
14572.0,3,11,5526.88,2878,10.901143984220907,336,1,2010-03-28 13:47:00,2011-12-06 14:40:00,618,20.6,268.3,261.64
14573.0,180,13,2163.12,683,6.977806451612903,183,1,2010-01-08 16:34:00,2011-06-13 11:15:00,520,17.3,125.04,52.54
14574.0,733,1,143.70000000000002,63,13.063636363636364,11,1,2009-12-07 12:42:00,2009-12-07 12:42:00,0,1.0,143.7,63.0
14575.0,488,1,420.22,163,5.836388888888889,71,1,2010-08-08 14:51:00,2010-08-08 14:51:00,0,1.0,420.22,163.0
14576.0,372,1,35.400000000000006,12,35.400000000000006,1,1,2010-12-02 17:51:00,2010-12-02 17:51:00,0,1.0,35.4,12.0
14577.0,13,7,1364.15,569,7.495329670329671,104,1,2009-12-11 12:09:00,2011-11-27 12:47:00,716,23.9,57.08,81.29
14578.0,3,1,168.63,240,7.02625,24,1,2011-12-06 17:18:00,2011-12-06 17:18:00,0,1.0,168.63,240.0
14579.0,432,1,105.56,56,4.2224,24,1,2010-10-03 14:36:00,2010-10-03 14:36:00,0,1.0,105.56,56.0
14580.0,518,1,14.85,3,14.85,1,1,2010-07-09 15:20:00,2010-07-09 15:20:00,0,1.0,14.85,3.0
14581.0,17,2,409.65,304,6.8275,59,1,2010-06-13 15:48:00,2011-11-23 12:39:00,527,17.6,23.28,152.0
14582.0,41,1,114.11,73,19.018333333333334,6,1,2011-10-30 11:56:00,2011-10-30 11:56:00,0,1.0,114.11,73.0
14583.0,6,8,1660.29,1071,3.5782112068965515,353,1,2010-03-28 15:16:00,2011-12-04 12:32:00,615,20.5,80.99,133.88
14584.0,169,8,1738.16,960,7.973211009174312,127,1,2010-02-17 14:01:00,2011-06-23 18:33:00,491,16.4,105.99,120.0
14585.0,50,5,1143.27,630,10.29972972972973,88,1,2010-10-19 12:17:00,2011-10-20 14:33:00,366,12.2,93.71,126.0
14586.0,277,1,237.35999999999999,444,12.492631578947368,19,1,2011-03-08 10:04:00,2011-03-08 10:04:00,0,1.0,237.36,444.0
14587.0,19,9,1580.29,749,4.259541778975741,170,1,2011-01-12 13:16:00,2011-11-21 11:34:00,312,10.4,151.95,83.22
14588.0,578,1,135.39,62,8.461875,16,1,2010-05-10 15:08:00,2010-05-10 15:08:00,0,1.0,135.39,62.0
14589.0,372,1,39.75,5,13.25,3,1,2010-12-03 11:42:00,2010-12-03 11:42:00,0,1.0,39.75,5.0
14590.0,425,20,2993.37,901,14.818663366336633,124,1,2009-12-07 14:10:00,2010-10-11 12:06:00,307,10.2,293.47,45.05
14591.0,15,4,1320.21,1228,7.501193181818182,138,1,2011-05-10 14:09:00,2011-11-24 13:57:00,197,6.6,200.03,307.0
14592.0,35,3,557.94,407,3.5312658227848104,132,1,2011-10-06 18:08:00,2011-11-04 16:35:00,28,0.9,619.93,135.67
14593.0,22,12,3665.53,1848,5.99923076923077,436,1,2009-12-09 12:57:00,2011-11-18 12:48:00,708,23.6,155.32,154.0
14594.0,7,2,363.33,183,6.987115384615384,48,1,2010-12-01 13:54:00,2011-12-02 13:28:00,365,12.2,29.78,91.5
14595.0,20,8,2164.45,1228,15.915073529411764,119,1,2010-01-20 13:59:00,2011-11-20 12:12:00,668,22.3,97.06,153.5
14596.0,627,1,222.22,75,4.192830188679245,50,1,2010-03-23 12:13:00,2010-03-23 12:13:00,0,1.0,222.22,75.0
14597.0,11,6,2184.63,1436,22.996105263157897,79,1,2010-09-28 13:17:00,2011-11-28 13:13:00,425,14.2,153.85,239.33
14598.0,44,2,384.03999999999996,354,4.26711111111111,83,1,2010-05-19 13:07:00,2011-10-26 13:19:00,525,17.5,21.95,177.0
14599.0,390,2,457.89,292,5.796075949367088,77,1,2010-07-18 15:54:00,2010-11-14 14:49:00,118,3.9,117.41,146.0
14600.0,306,2,865.17,487,16.021666666666665,53,1,2010-11-11 15:56:00,2011-02-07 09:48:00,87,2.9,298.33,243.5
14601.0,11,1,213.96,168,30.565714285714286,7,1,2011-11-29 09:48:00,2011-11-29 09:48:00,0,1.0,213.96,168.0
14602.0,656,1,205.35999999999999,80,6.624516129032258,31,1,2010-02-21 15:47:00,2010-02-21 15:47:00,0,1.0,205.36,80.0
14603.0,275,1,660.0,400,330.0,2,1,2011-03-10 10:27:00,2011-03-10 10:27:00,0,1.0,660.0,400.0
14604.0,633,1,143.85999999999999,88,6.254782608695652,20,1,2010-03-16 13:00:00,2010-03-16 13:00:00,0,1.0,143.86,88.0
14605.0,374,4,921.5600000000001,416,8.532962962962964,88,1,2009-12-08 13:59:00,2010-11-30 14:07:00,357,11.9,77.44,104.0
14606.0,1,192,29951.37,15217,4.710075483566598,1262,1,2009-12-03 12:40:00,2011-12-08 19:28:00,735,24.5,1222.5,79.26
14607.0,16,22,23763.13,15335,117.05975369458129,106,1,2009-12-15 11:25:00,2011-11-24 10:35:00,708,23.6,1006.91,697.05
14608.0,4,11,3352.94,927,77.97534883720931,15,1,2009-12-06 12:34:00,2011-12-05 16:52:00,729,24.3,137.98,84.27
14609.0,72,10,1486.2,12720,114.32307692307693,6,1,2010-02-09 09:48:00,2011-09-28 12:54:00,596,19.9,74.68,1272.0
14610.0,396,2,24.35,15,2.435,10,1,2010-07-13 16:06:00,2010-11-09 10:58:00,118,3.9,6.24,7.5
14611.0,444,2,604.33,582,15.90342105263158,37,1,2010-04-20 10:19:00,2010-09-22 09:19:00,154,5.1,118.5,291.0
14612.0,415,1,877.7,134,62.69285714285714,14,1,2010-10-20 16:01:00,2010-10-20 16:01:00,0,1.0,877.7,134.0
14613.0,680,1,76.32000000000001,72,76.32000000000001,1,1,2010-01-28 13:02:00,2010-01-28 13:02:00,0,1.0,76.32,72.0
14614.0,386,1,295.13,189,15.533157894736842,19,1,2010-11-18 13:04:00,2010-11-18 13:04:00,0,1.0,295.13,189.0
14615.0,394,5,951.76,495,19.828333333333333,40,1,2010-06-09 13:59:00,2010-11-10 13:36:00,153,5.1,186.62,99.0
14616.0,243,5,527.78,170,105.556,3,1,2010-06-09 09:42:00,2011-04-11 09:54:00,306,10.2,51.74,34.0
14617.0,403,2,190.47,81,21.163333333333334,7,1,2010-10-20 10:40:00,2010-11-02 11:41:00,13,0.4,476.17,40.5
14618.0,9,7,1342.32,704,26.32,40,1,2010-06-11 10:11:00,2011-11-30 13:45:00,537,17.9,74.99,100.57
14619.0,246,2,1291.24,594,21.520666666666667,58,1,2010-06-16 14:41:00,2011-04-08 07:37:00,295,9.8,131.76,297.0
14620.0,206,2,412.78000000000003,214,15.876153846153848,26,1,2011-03-01 08:30:00,2011-05-18 11:58:00,78,2.6,158.76,107.0
14621.0,1,9,3000.57,1706,18.871509433962267,134,1,2010-01-25 09:08:00,2011-12-08 16:22:00,682,22.7,132.18,189.56
14622.0,185,1,320.58000000000004,146,15.265714285714287,21,1,2011-06-08 12:42:00,2011-06-08 12:42:00,0,1.0,320.58,146.0
14623.0,32,10,2016.98,1025,7.152411347517731,193,1,2010-04-16 17:12:00,2011-11-07 13:56:00,569,19.0,106.16,102.5
14624.0,57,6,814.07,645,15.962156862745099,39,1,2010-04-14 10:44:00,2011-10-13 13:44:00,547,18.2,44.73,107.5
14625.0,196,11,4497.88,2155,16.90932330827068,167,1,2009-12-16 13:23:00,2011-05-27 15:32:00,527,17.6,255.56,195.91
14626.0,24,11,5410.92,3135,23.32293103448276,181,1,2009-12-10 14:57:00,2011-11-16 10:37:00,705,23.5,230.25,285.0
14627.0,379,1,462.75,284,15.956896551724139,29,1,2010-11-25 16:32:00,2010-11-25 16:32:00,0,1.0,462.75,284.0
14628.0,91,5,1998.0,1147,23.232558139534884,65,1,2010-01-25 14:40:00,2011-09-09 14:58:00,592,19.7,101.42,229.4
14629.0,4,2,955.26,378,6.3684,133,1,2011-10-23 16:13:00,2011-12-05 16:55:00,43,1.4,682.33,189.0
14630.0,484,1,338.65,111,16.126190476190477,21,1,2010-08-12 16:38:00,2010-08-12 16:38:00,0,1.0,338.65,111.0
14631.0,51,6,2025.69,1407,22.26032967032967,65,1,2010-08-09 14:45:00,2011-10-20 11:17:00,436,14.5,139.7,234.5
14632.0,263,1,114.56,96,14.32,8,1,2011-03-22 08:49:00,2011-03-22 08:49:00,0,1.0,114.56,96.0
14633.0,266,1,344.90000000000003,96,17.245,20,1,2011-03-18 17:07:00,2011-03-18 17:07:00,0,1.0,344.9,96.0
14634.0,438,4,2124.46,1906,19.49045871559633,105,1,2010-06-16 09:48:00,2010-09-28 10:40:00,104,3.5,606.99,476.5
14635.0,454,1,215.22,118,14.348,15,1,2010-09-12 10:47:00,2010-09-12 10:47:00,0,1.0,215.22,118.0
14636.0,36,2,609.85,241,21.780357142857145,27,1,2011-03-16 09:52:00,2011-11-03 16:12:00,232,7.7,79.2,120.5
14637.0,677,1,106.68,100,15.24,7,1,2010-01-31 15:52:00,2010-01-31 15:52:00,0,1.0,106.68,100.0
14638.0,51,1,443.6,166,27.725,16,1,2011-10-20 10:10:00,2011-10-20 10:10:00,0,1.0,443.6,166.0
14639.0,52,9,4978.96,2410,17.05123287671233,203,1,2010-02-16 12:35:00,2011-10-18 15:06:00,609,20.3,245.27,267.78
14640.0,24,10,3649.36,1645,17.97714285714286,165,1,2010-01-22 15:44:00,2011-11-15 13:07:00,661,22.0,165.88,164.5
14641.0,22,1,110.46000000000001,90,15.780000000000001,7,1,2011-11-18 10:42:00,2011-11-18 10:42:00,0,1.0,110.46,90.0
14642.0,59,1,96.12,76,48.06,2,1,2011-10-12 11:08:00,2011-10-12 11:08:00,0,1.0,96.12,76.0
14643.0,170,5,1679.89,1377,27.095000000000002,57,1,2009-12-11 11:52:00,2011-06-22 14:41:00,558,18.6,90.32,275.4
14644.0,68,7,2247.72,770,36.25354838709677,50,1,2009-12-03 16:24:00,2011-10-03 08:30:00,668,22.3,100.79,110.0
14645.0,157,3,876.89,587,18.268541666666668,45,1,2010-03-15 11:33:00,2011-07-06 09:15:00,477,15.9,55.15,195.67
14646.0,2,151,528602.52,367193,137.33502727981295,961,1,2009-12-02 16:52:00,2011-12-08 12:12:00,735,24.5,21575.61,2431.74
14647.0,201,2,506.04,175,10.5425,42,1,2010-07-04 13:27:00,2011-05-22 13:40:00,322,10.7,47.29,87.5
14648.0,416,15,4466.65,3265,10.363457076566124,286,1,2009-12-10 13:59:00,2010-10-19 13:12:00,312,10.4,429.49,217.67
14649.0,5,9,3651.19,2415,6.928254269449716,374,1,2010-01-20 13:10:00,2011-12-05 12:30:00,683,22.8,160.14,268.33
14650.0,589,1,62.5,22,15.625,4,1,2010-04-29 20:27:00,2010-04-29 20:27:00,0,1.0,62.5,22.0
14651.0,67,9,2025.52,880,7.157314487632509,216,1,2010-03-18 11:39:00,2011-10-03 15:52:00,564,18.8,107.74,97.78
14652.0,77,1,114.18,53,3.937241379310345,29,1,2011-09-23 14:21:00,2011-09-23 14:21:00,0,1.0,114.18,53.0
14653.0,1,12,3593.06,1969,9.405916230366492,271,1,2009-12-02 11:51:00,2011-12-08 13:45:00,736,24.5,146.66,164.08
14654.0,738,1,246.86,273,9.142962962962963,27,1,2009-12-01 12:57:00,2009-12-01 12:57:00,0,1.0,246.86,273.0
14655.0,8,7,3878.51,2341,37.655436893203884,72,1,2010-04-22 14:29:00,2011-12-01 16:28:00,588,19.6,197.88,334.43
14656.0,169,5,790.0,309,3.816425120772947,148,1,2010-04-15 12:10:00,2011-06-23 13:51:00,434,14.5,54.48,61.8
14657.0,18,6,1450.19,879,6.938708133971292,143,1,2010-09-30 19:57:00,2011-11-22 12:47:00,417,13.9,104.33,146.5
14658.0,5,2,247.15,47,8.522413793103448,27,1,2011-08-14 15:42:00,2011-12-04 15:35:00,111,3.7,66.8,23.5
14659.0,9,9,2529.93,1195,9.999723320158102,147,1,2011-01-28 12:43:00,2011-12-01 12:17:00,306,10.2,248.03,132.78
14660.0,87,2,285.74,228,9.524666666666667,24,1,2011-08-31 10:40:00,2011-09-14 11:34:00,14,0.5,571.48,114.0
14661.0,27,1,107.95,35,26.9875,4,1,2011-11-13 11:51:00,2011-11-13 11:51:00,0,1.0,107.95,35.0
14662.0,29,7,1376.43,907,5.783319327731093,199,1,2009-12-03 16:47:00,2011-11-11 12:13:00,707,23.6,58.32,129.57
14663.0,430,2,490.6,397,7.214705882352941,60,1,2010-10-05 13:12:00,2010-10-05 13:21:00,0,1.0,490.6,198.5
14664.0,20,2,636.24,465,6.492244897959184,78,1,2011-11-06 14:56:00,2011-11-20 10:59:00,13,0.4,1590.6,232.5
14665.0,61,7,2749.65,1144,20.83068181818182,94,1,2010-04-26 11:17:00,2011-10-10 09:14:00,531,17.7,155.35,163.43
14666.0,24,1,195.25,161,13.946428571428571,14,1,2011-11-15 12:57:00,2011-11-15 12:57:00,0,1.0,195.25,161.0
14667.0,11,54,20395.34,11939,16.05932283464567,578,1,2009-12-02 12:38:00,2011-11-29 11:30:00,726,24.2,842.78,221.09
14668.0,445,1,111.63,49,9.3025,10,1,2010-09-20 15:03:00,2010-09-20 15:03:00,0,1.0,111.63,49.0
14669.0,242,7,3216.78,2043,8.312093023255814,334,1,2009-12-02 13:06:00,2011-04-12 11:43:00,495,16.5,194.96,291.86
14670.0,280,3,583.33,423,3.2588268156424585,159,1,2009-12-07 13:59:00,2011-03-04 14:13:00,452,15.1,38.63,141.0
14671.0,549,2,1127.45,571,20.49909090909091,48,1,2010-05-20 18:21:00,2010-06-08 13:39:00,18,0.6,1879.08,285.5
14672.0,235,4,1113.14,646,10.501320754716982,93,1,2010-01-28 11:33:00,2011-04-19 10:19:00,445,14.8,75.21,161.5
14673.0,3,7,3037.32,1822,20.522432432432435,86,1,2010-10-26 10:14:00,2011-12-06 14:31:00,406,13.5,224.99,260.29
14674.0,509,1,173.66,103,12.404285714285715,14,1,2010-07-18 14:25:00,2010-07-18 14:25:00,0,1.0,173.66,103.0
14675.0,16,2,1015.58,660,4.595384615384615,196,1,2010-11-16 12:22:00,2011-11-23 12:58:00,372,12.4,81.9,330.0
14676.0,31,12,8356.79,8792,62.833007518797,77,1,2010-03-10 09:30:00,2011-11-08 13:29:00,608,20.3,411.66,732.67
14677.0,593,1,184.91,139,13.207857142857142,14,1,2010-04-26 09:48:00,2010-04-26 09:48:00,0,1.0,184.91,139.0
14678.0,579,1,403.39,179,16.807916666666667,24,1,2010-05-09 14:32:00,2010-05-09 14:32:00,0,1.0,403.39,179.0
14679.0,382,3,1289.44,794,20.467301587301588,49,1,2009-12-08 17:13:00,2010-11-23 11:51:00,349,11.6,111.16,264.67
14680.0,25,58,55688.5,26894,43.71153846153846,222,1,2009-12-04 12:36:00,2011-11-14 16:59:00,710,23.7,2349.73,463.69
14681.0,71,6,875.1500000000001,172,43.75750000000001,19,1,2010-02-24 08:54:00,2011-09-29 15:52:00,582,19.4,45.11,28.67
14682.0,188,6,1514.81,949,17.61406976744186,79,1,2010-02-05 14:47:00,2011-06-05 12:12:00,484,16.1,94.09,158.17
14683.0,588,1,146.56,386,6.979047619047619,21,1,2010-04-30 17:18:00,2010-04-30 17:18:00,0,1.0,146.56,386.0
14684.0,26,6,1430.03,1005,2.942448559670782,272,1,2010-11-14 14:07:00,2011-11-14 11:33:00,364,12.1,118.18,167.5
14685.0,576,8,4536.64,1969,24.26010695187166,109,1,2009-12-13 11:32:00,2010-05-12 13:08:00,150,5.0,907.33,246.12
14686.0,414,5,852.53,457,3.8928310502283106,185,1,2010-02-18 18:29:00,2010-10-21 18:31:00,245,8.2,103.97,91.4
14687.0,107,3,1402.06,850,35.0515,34,1,2010-06-06 10:36:00,2011-08-25 11:59:00,445,14.8,94.73,283.33
14688.0,8,28,7190.42,5041,14.704335378323108,197,1,2010-09-09 12:35:00,2011-12-02 12:26:00,448,14.9,482.58,180.04
14689.0,209,1,112.80000000000001,76,8.676923076923078,13,1,2011-05-15 11:22:00,2011-05-15 11:22:00,0,1.0,112.8,76.0
14690.0,44,4,777.6800000000001,341,7.550291262135923,69,1,2010-10-25 12:20:00,2011-10-26 15:39:00,366,12.2,63.74,85.25
14691.0,31,5,2114.33,707,29.779295774647885,50,1,2011-05-11 09:55:00,2011-11-09 12:30:00,182,6.1,346.61,141.4
14692.0,137,12,1715.14,890,10.787044025157233,101,1,2010-04-01 14:04:00,2011-07-25 15:08:00,480,16.0,107.2,74.17
14693.0,265,7,1165.3600000000001,388,15.538133333333334,43,1,2010-07-02 08:28:00,2011-03-20 12:50:00,261,8.7,133.95,55.43
14694.0,617,1,244.31,193,16.287333333333333,15,1,2010-04-01 19:46:00,2010-04-01 19:46:00,0,1.0,244.31,193.0
14695.0,519,3,1534.22,661,18.71,76,1,2009-12-07 11:05:00,2010-07-08 14:18:00,213,7.1,216.09,220.33
14696.0,4,8,2473.28,1867,16.060259740259742,137,1,2010-10-14 11:43:00,2011-12-05 13:43:00,417,13.9,177.93,233.38
14697.0,218,2,188.61,181,8.57318181818182,22,1,2011-05-05 15:29:00,2011-05-05 15:39:00,0,1.0,188.61,90.5
14698.0,2,5,1217.27,602,6.0863499999999995,148,1,2011-10-19 12:54:00,2011-12-08 12:26:00,49,1.6,760.79,120.4
14699.0,214,4,702.6,484,14.052,45,1,2010-07-02 12:04:00,2011-05-09 14:54:00,311,10.4,67.56,121.0
14700.0,32,5,3076.06,1606,18.419520958083833,111,1,2010-08-11 12:19:00,2011-11-07 14:40:00,453,15.1,203.71,321.2
14701.0,11,15,4487.11,1744,7.5413613445378145,455,1,2010-01-24 12:15:00,2011-11-29 12:38:00,674,22.5,199.43,116.27
14702.0,1,29,6368.78,2878,9.379646539027982,338,1,2009-12-10 20:22:00,2011-12-08 19:29:00,727,24.2,263.17,99.24
14703.0,15,1,318.17,183,14.462272727272728,22,1,2011-11-25 09:23:00,2011-11-25 09:23:00,0,1.0,318.17,183.0
14704.0,11,11,1752.92,1164,3.8525714285714288,319,1,2010-03-25 17:21:00,2011-11-28 12:51:00,612,20.4,85.93,105.82
14705.0,199,1,179.0,100,179.0,1,1,2011-05-25 12:39:00,2011-05-25 12:39:00,0,1.0,179.0,100.0
14706.0,619,1,367.54,246,14.701600000000001,25,1,2010-03-31 11:09:00,2010-03-31 11:09:00,0,1.0,367.54,246.0
14707.0,436,2,139.2,96,69.6,1,1,2010-05-12 11:07:00,2010-09-30 11:37:00,141,4.7,29.62,48.0
14708.0,3,5,1793.22,1159,43.737073170731705,27,1,2010-09-10 10:26:00,2011-12-07 08:21:00,452,15.1,118.76,231.8
14709.0,15,25,8886.33,4141,24.891680672268908,105,1,2009-12-05 15:26:00,2011-11-24 15:41:00,719,24.0,370.26,165.64
14710.0,14,13,1899.79,1135,4.397662037037037,310,1,2009-12-03 17:12:00,2011-11-25 14:53:00,721,24.0,79.16,87.31
14711.0,10,11,2839.62,966,8.230782608695652,221,1,2011-03-22 13:32:00,2011-11-29 14:58:00,252,8.4,338.05,87.82
14712.0,29,4,1328.0700000000002,411,41.502187500000005,24,1,2010-10-17 14:49:00,2011-11-10 12:59:00,388,12.9,102.95,102.75
14713.0,9,21,5115.76,3329,7.567692307692308,222,1,2009-12-03 19:22:00,2011-11-30 16:26:00,726,24.2,211.4,158.52
14714.0,24,4,906.24,642,9.744516129032258,64,1,2010-01-21 11:51:00,2011-11-15 13:07:00,663,22.1,41.01,160.5
14715.0,25,8,1825.45,1030,13.324452554744527,102,1,2010-01-19 12:18:00,2011-11-15 12:10:00,664,22.1,82.6,128.75
14716.0,43,3,543.28,643,5.659166666666667,85,1,2010-09-21 12:07:00,2011-10-27 17:29:00,401,13.4,40.54,214.33
14717.0,733,1,81.3,32,7.390909090909091,11,1,2009-12-06 13:05:00,2009-12-06 13:05:00,0,1.0,81.3,32.0
14718.0,410,1,226.42,202,20.583636363636362,11,1,2010-10-25 13:07:00,2010-10-25 13:07:00,0,1.0,226.42,202.0
14719.0,2,5,1581.84,1025,6.731234042553191,177,1,2011-04-04 14:17:00,2011-12-08 12:43:00,247,8.2,192.91,205.0
14720.0,6,3,663.81,219,17.94081081081081,34,1,2011-08-05 12:06:00,2011-12-04 12:02:00,120,4.0,165.95,73.0
14721.0,379,1,109.07,57,4.3628,24,1,2010-11-25 13:08:00,2010-11-25 13:08:00,0,1.0,109.07,57.0
14722.0,147,3,489.52,214,5.626666666666666,72,1,2010-08-10 13:28:00,2011-07-15 14:58:00,339,11.3,43.32,71.33
14723.0,10,11,1803.06,1168,4.334278846153846,287,1,2009-12-04 11:22:00,2011-11-29 15:23:00,725,24.2,74.51,106.18
14724.0,590,1,341.9,184,8.339024390243901,40,1,2010-04-28 13:26:00,2010-04-28 13:26:00,0,1.0,341.9,184.0
14725.0,25,4,1252.74,1335,12.5274,85,1,2010-06-23 11:34:00,2011-11-15 12:42:00,510,17.0,73.69,333.75
14726.0,655,1,116.5,82,7.766666666666667,15,1,2010-02-23 12:35:00,2010-02-23 12:35:00,0,1.0,116.5,82.0
14727.0,274,3,463.73,458,10.08108695652174,43,1,2010-06-11 13:23:00,2011-03-10 14:45:00,272,9.1,50.96,152.67
14728.0,413,1,190.58,68,13.612857142857143,14,1,2010-10-22 15:57:00,2010-10-22 15:57:00,0,1.0,190.58,68.0
14729.0,374,3,586.24,372,4.441212121212121,126,1,2010-03-24 13:30:00,2010-12-01 12:43:00,251,8.4,69.79,124.0
14730.0,1,8,1897.57,1078,4.107294372294372,317,1,2011-03-08 12:49:00,2011-12-08 14:39:00,275,9.2,206.26,134.75
14731.0,47,3,380.02,256,8.444888888888888,38,1,2011-05-11 13:06:00,2011-10-23 15:54:00,165,5.5,69.09,85.33
14732.0,8,19,5517.07,2273,19.9172202166065,162,1,2009-12-09 10:48:00,2011-12-01 14:34:00,722,24.1,228.92,119.63
14733.0,16,15,14335.15,5799,44.937774294670845,140,1,2010-11-02 15:42:00,2011-11-23 15:39:00,385,12.8,1119.93,386.6
14734.0,426,4,1056.42,378,16.76857142857143,48,1,2010-06-06 15:15:00,2010-10-10 12:04:00,125,4.2,251.53,94.5
14735.0,4,56,12240.16,4513,33.44306010928962,198,1,2009-12-04 11:32:00,2011-12-06 12:09:00,732,24.4,501.65,80.59
14736.0,485,2,374.05,148,4.250568181818182,70,1,2010-08-11 15:13:00,2010-08-11 15:21:00,0,1.0,374.05,74.0
14737.0,4,4,3554.17,1071,78.98155555555556,28,1,2010-11-04 11:29:00,2011-12-06 10:16:00,396,13.2,269.26,267.75
14738.0,43,9,1821.9,757,22.77375,58,1,2009-12-07 10:21:00,2011-10-28 08:56:00,689,23.0,79.21,84.11
14739.0,4,25,11573.62,9696,47.432868852459016,129,1,2009-12-02 13:23:00,2011-12-05 16:54:00,733,24.4,474.33,387.84
14740.0,197,11,4161.06,2081,18.013246753246754,173,1,2010-02-25 11:40:00,2011-05-26 18:17:00,455,15.2,273.75,189.18
14741.0,12,7,1713.0900000000001,1006,22.540657894736842,48,1,2010-10-18 09:33:00,2011-11-28 08:48:00,405,13.5,126.9,143.71
14742.0,435,1,579.85,374,17.054411764705883,34,1,2010-09-30 14:07:00,2010-09-30 14:07:00,0,1.0,579.85,374.0
14743.0,593,1,50.480000000000004,40,16.826666666666668,3,1,2010-04-26 10:26:00,2010-04-26 10:26:00,0,1.0,50.48,40.0
14744.0,16,14,3660.08,2399,31.017627118644068,57,1,2010-05-18 14:06:00,2011-11-23 12:51:00,553,18.4,198.92,171.36
14745.0,113,12,2551.41,1969,18.22435714285714,74,1,2010-03-12 10:33:00,2011-08-19 10:05:00,524,17.5,145.79,164.08
14746.0,406,4,593.5,398,65.94444444444444,7,1,2010-10-12 11:06:00,2010-10-29 14:44:00,17,0.6,989.17,99.5
14747.0,249,1,328.2,84,18.233333333333334,18,1,2011-04-04 14:09:00,2011-04-04 14:09:00,0,1.0,328.2,84.0
14748.0,29,10,2681.9,2422,16.867295597484276,129,1,2010-03-04 17:08:00,2011-11-10 18:33:00,616,20.5,130.82,242.2
14749.0,480,1,310.15,403,17.230555555555554,18,1,2010-08-17 12:36:00,2010-08-17 12:36:00,0,1.0,310.15,403.0
14750.0,736,1,112.03,65,3.5009375,32,1,2009-12-03 17:57:00,2009-12-03 17:57:00,0,1.0,112.03,65.0
14751.0,684,2,126.45,65,18.064285714285713,7,1,2009-12-13 14:08:00,2010-01-24 13:37:00,41,1.4,90.32,32.5
14752.0,44,1,389.64000000000004,260,77.92800000000001,5,1,2011-10-27 11:55:00,2011-10-27 11:55:00,0,1.0,389.64,260.0
14753.0,87,2,869.51,412,18.114791666666665,45,1,2010-09-05 11:04:00,2011-09-13 14:50:00,373,12.4,70.12,206.0
14754.0,45,6,1547.93,1010,11.381838235294119,110,1,2010-01-18 11:04:00,2011-10-26 12:01:00,646,21.5,72.0,168.33
14755.0,10,25,9972.550000000001,4401,20.99484210526316,219,1,2009-12-03 16:51:00,2011-11-30 11:24:00,726,24.2,412.09,176.04
14756.0,15,3,2653.76,1423,22.300504201680674,102,1,2010-10-11 11:50:00,2011-11-24 18:13:00,409,13.6,195.13,474.33
14757.0,75,1,420.5,160,22.13157894736842,19,1,2011-09-25 14:36:00,2011-09-25 14:36:00,0,1.0,420.5,160.0
14758.0,145,7,2864.9700000000003,840,21.06595588235294,91,1,2010-04-08 08:27:00,2011-07-18 08:21:00,465,15.5,184.84,120.0
14759.0,5,3,1625.97,569,15.940882352941177,92,1,2011-04-21 10:55:00,2011-12-05 12:03:00,228,7.6,213.94,189.67
14760.0,297,1,89.2,40,17.84,5,1,2011-02-15 16:27:00,2011-02-15 16:27:00,0,1.0,89.2,40.0
14761.0,59,3,447.92,206,18.663333333333334,21,1,2010-09-21 14:22:00,2011-10-12 12:10:00,385,12.8,34.99,68.67
14762.0,264,2,417.57,428,13.919,28,1,2010-03-23 15:36:00,2011-03-21 08:20:00,362,12.1,34.51,214.0
14764.0,47,1,278.3,190,46.38333333333333,6,1,2011-10-24 11:54:00,2011-10-24 11:54:00,0,1.0,278.3,190.0
14765.0,29,3,254.11,135,6.515641025641026,38,1,2011-06-16 19:49:00,2011-11-10 19:53:00,147,4.9,51.86,45.0
14766.0,8,11,6375.7300000000005,3999,19.089011976047907,251,1,2010-06-06 11:11:00,2011-12-01 16:05:00,543,18.1,352.25,363.55
14767.0,474,1,382.81,117,21.267222222222223,18,1,2010-08-22 14:54:00,2010-08-22 14:54:00,0,1.0,382.81,117.0
14768.0,17,2,192.60000000000002,52,38.52,4,1,2011-08-04 13:25:00,2011-11-22 12:54:00,109,3.6,53.5,26.0
14769.0,3,17,15514.11,11058,11.09736051502146,834,1,2009-12-16 09:17:00,2011-12-07 10:24:00,721,24.0,646.42,650.47
14770.0,232,8,3637.6400000000003,1598,18.46517766497462,152,1,2010-02-25 18:58:00,2011-04-21 14:21:00,419,14.0,259.83,199.75
14771.0,621,2,594.62,622,12.651489361702128,46,1,2009-12-03 09:44:00,2010-03-28 12:52:00,115,3.8,156.48,311.0
14772.0,112,1,139.26,82,15.473333333333333,9,1,2011-08-19 15:04:00,2011-08-19 15:04:00,0,1.0,139.26,82.0
14773.0,593,1,140.55,53,14.055000000000001,10,1,2010-04-26 10:29:00,2010-04-26 10:29:00,0,1.0,140.55,53.0
14774.0,529,1,241.45000000000002,99,18.573076923076925,13,1,2010-06-29 12:26:00,2010-06-29 12:26:00,0,1.0,241.45,99.0
14775.0,58,3,1011.9,1174,16.865,57,1,2010-12-02 16:38:00,2011-10-12 15:27:00,313,10.4,97.3,391.33
14776.0,51,15,3708.2999999999997,4658,19.51736842105263,68,1,2010-09-19 14:12:00,2011-10-19 15:34:00,395,13.2,280.93,310.53
14777.0,404,1,307.56,212,19.2225,16,1,2010-11-01 12:50:00,2010-11-01 12:50:00,0,1.0,307.56,212.0
14778.0,127,2,730.86,306,20.881714285714285,34,1,2011-02-04 11:43:00,2011-08-04 15:23:00,181,6.0,121.81,153.0
14779.0,281,3,386.15,84,9.418292682926829,40,1,2011-01-20 12:04:00,2011-03-04 12:42:00,43,1.4,275.82,28.0
14780.0,55,2,447.68,310,16.58074074074074,26,1,2011-09-21 15:15:00,2011-10-16 12:46:00,24,0.8,559.6,155.0
14782.0,320,1,200.10000000000002,114,33.35,6,1,2011-01-24 11:12:00,2011-01-24 11:12:00,0,1.0,200.1,114.0
14783.0,659,1,307.3,262,18.076470588235296,17,1,2010-02-18 16:16:00,2010-02-18 16:16:00,0,1.0,307.3,262.0
14784.0,26,3,449.93,363,16.664074074074076,25,1,2010-11-15 09:49:00,2011-11-13 13:30:00,363,12.1,37.18,121.0
14785.0,10,2,77.4,84,25.8,2,1,2011-11-24 13:40:00,2011-11-29 13:21:00,4,0.1,774.0,42.0
14786.0,550,1,90.96,112,12.994285714285713,7,1,2010-06-07 13:42:00,2010-06-07 13:42:00,0,1.0,90.96,112.0
14787.0,471,1,110.65,59,7.376666666666667,14,1,2010-08-25 14:38:00,2010-08-25 14:38:00,0,1.0,110.65,59.0
14788.0,7,3,1156.32,719,19.93655172413793,53,1,2010-04-22 18:16:00,2011-12-02 17:06:00,588,19.6,59.0,239.67
14789.0,29,1,197.64,116,32.94,6,1,2011-11-11 08:59:00,2011-11-11 08:59:00,0,1.0,197.64,116.0
14790.0,17,10,2526.62,2642,17.42496551724138,65,1,2009-12-11 14:37:00,2011-11-23 09:28:00,711,23.7,106.61,264.2
14791.0,607,1,303.63,127,15.980526315789474,19,1,2010-04-12 10:24:00,2010-04-12 10:24:00,0,1.0,303.63,127.0
14792.0,64,1,6.2,2,3.1,2,1,2011-10-07 09:19:00,2011-10-07 09:19:00,0,1.0,6.2,2.0
14793.0,21,2,625.9,361,16.048717948717947,39,1,2010-06-22 16:54:00,2011-11-18 14:50:00,513,17.1,36.6,180.5
14794.0,3,10,1953.9,783,18.7875,85,1,2010-08-09 15:44:00,2011-12-07 10:11:00,484,16.1,121.36,78.3
14795.0,166,1,131.45000000000002,17,21.908333333333335,6,1,2011-06-26 13:04:00,2011-06-26 13:04:00,0,1.0,131.45,17.0
14796.0,1,27,10169.33,7188,6.811339584728734,487,1,2009-12-14 15:06:00,2011-12-08 15:31:00,724,24.1,421.96,266.22
14797.0,507,1,300.31,99,18.769375,16,1,2010-07-20 14:07:00,2010-07-20 14:07:00,0,1.0,300.31,99.0
14798.0,53,8,724.31,601,14.781836734693876,30,1,2010-03-01 08:38:00,2011-10-18 10:58:00,596,19.9,36.4,75.12
14799.0,51,2,338.15000000000003,495,14.70217391304348,20,1,2009-12-02 11:18:00,2011-10-19 16:16:00,686,22.9,14.77,247.5
14800.0,48,17,7191.33,6501,11.98555,337,1,2010-09-30 14:38:00,2011-10-23 12:46:00,387,12.9,557.47,382.41
14801.0,61,1,189.34,173,3.3217543859649123,56,1,2011-10-09 15:24:00,2011-10-09 15:24:00,0,1.0,189.34,173.0
14802.0,438,2,1502.98,2,751.49,1,1,2010-09-27 16:32:00,2010-09-27 16:34:00,0,1.0,1502.98,1.0
14803.0,162,3,845.5500000000001,370,19.217045454545456,35,1,2011-02-20 13:21:00,2011-06-30 13:58:00,130,4.3,196.64,123.33
14804.0,9,1,353.27,121,29.439166666666665,12,1,2011-12-01 11:20:00,2011-12-01 11:20:00,0,1.0,353.27,121.0
14805.0,15,7,1082.55,416,8.524015748031495,88,1,2010-03-28 12:34:00,2011-11-24 16:20:00,606,20.2,53.59,59.43
14806.0,75,2,303.43,423,15.1715,17,1,2010-09-26 15:50:00,2011-09-25 15:32:00,363,12.1,25.08,211.5
14807.0,391,2,504.14,234,13.266842105263157,37,1,2010-02-28 11:33:00,2010-11-14 12:47:00,259,8.6,58.62,117.0
14808.0,40,8,2718.6,2120,11.768831168831168,176,1,2011-06-20 12:53:00,2011-10-31 12:21:00,132,4.4,617.86,265.0
14809.0,621,2,686.76,232,38.153333333333336,18,1,2010-03-28 15:42:00,2010-03-28 15:44:00,0,1.0,686.76,116.0
14810.0,41,13,2354.03,1162,7.820697674418605,125,1,2010-10-06 13:12:00,2011-10-30 11:19:00,388,12.9,182.48,89.38
14811.0,387,1,170.5,74,6.089285714285714,28,1,2010-11-17 13:09:00,2010-11-17 13:09:00,0,1.0,170.5,74.0
14812.0,599,1,178.85,135,4.968055555555555,36,1,2010-04-20 12:13:00,2010-04-20 12:13:00,0,1.0,178.85,135.0
14813.0,370,4,888.91,392,6.4413768115942025,110,1,2010-04-08 11:49:00,2010-12-05 11:57:00,241,8.0,111.11,98.0
14814.0,581,1,154.21,93,5.140333333333333,28,1,2010-05-07 14:10:00,2010-05-07 14:10:00,0,1.0,154.21,93.0
14815.0,37,2,778.5,744,14.68867924528302,53,1,2011-10-03 11:36:00,2011-11-03 11:36:00,31,1.0,778.5,372.0
14816.0,197,1,271.85,5,67.9625,4,1,2011-05-26 13:16:00,2011-05-26 13:16:00,0,1.0,271.85,5.0
14817.0,200,7,3959.86,2462,17.216782608695652,142,1,2010-03-22 12:10:00,2011-05-23 13:35:00,427,14.2,278.86,351.71
14818.0,74,6,1153.56,543,11.091923076923077,87,1,2010-03-02 12:48:00,2011-09-27 11:01:00,573,19.1,60.4,90.5
14819.0,64,4,456.41,170,8.452037037037037,52,1,2009-12-21 15:54:00,2011-10-06 13:41:00,653,21.8,20.94,42.5
14820.0,21,9,1274.76,724,19.918125,51,1,2010-01-31 12:49:00,2011-11-18 15:41:00,656,21.9,58.21,80.44
14821.0,367,7,1230.15,459,17.82826086956522,65,1,2010-02-01 13:33:00,2010-12-08 08:43:00,309,10.3,119.43,65.57
14822.0,485,1,157.7,94,17.522222222222222,9,1,2010-08-11 12:52:00,2010-08-11 12:52:00,0,1.0,157.7,94.0
14823.0,180,3,321.43,88,4.591857142857143,56,1,2011-05-29 12:48:00,2011-06-12 13:12:00,14,0.5,642.86,29.33
14824.0,10,10,4022.9100000000003,1954,25.461455696202535,84,1,2010-03-12 13:07:00,2011-11-29 14:20:00,627,20.9,192.48,195.4
14825.0,4,24,4735.08,2774,15.83638795986622,187,1,2010-04-06 14:14:00,2011-12-06 11:38:00,608,20.3,233.26,115.58
14826.0,582,2,385.2,152,38.519999999999996,10,1,2010-01-13 13:08:00,2010-05-07 09:00:00,113,3.8,101.37,76.0
14828.0,197,13,9839.460000000001,9718,97.42039603960397,72,1,2009-12-07 11:19:00,2011-05-27 10:16:00,535,17.8,552.78,747.54
14829.0,29,7,1455.8700000000001,957,15.998571428571429,77,1,2010-09-29 13:14:00,2011-11-10 16:16:00,407,13.6,107.05,136.71
14830.0,53,1,188.88,164,4.843076923076923,39,1,2011-10-17 14:29:00,2011-10-17 14:29:00,0,1.0,188.88,164.0
14831.0,680,3,1676.57,885,20.445975609756097,67,1,2009-12-02 09:21:00,2010-01-28 14:31:00,57,1.9,882.41,295.0
14832.0,630,1,322.69,1,322.69,1,1,2010-03-19 15:14:00,2010-03-19 15:14:00,0,1.0,322.69,1.0
14833.0,499,1,94.8,58,13.542857142857143,7,1,2010-07-29 10:06:00,2010-07-29 10:06:00,0,1.0,94.8,58.0
14834.0,18,7,2206.16,872,25.35816091954023,55,1,2010-10-28 17:37:00,2011-11-22 10:30:00,389,13.0,169.7,124.57
14835.0,529,2,297.0,180,148.5,1,1,2010-04-01 19:34:00,2010-06-29 10:08:00,88,2.9,102.41,90.0
14836.0,10,3,102.45,45,17.075,5,1,2011-11-09 13:26:00,2011-11-29 16:45:00,20,0.7,146.36,15.0
14837.0,90,9,3460.32,3030,16.556555023923444,171,1,2010-01-24 10:20:00,2011-09-11 10:58:00,595,19.8,174.76,336.67
14838.0,423,2,769.9200000000001,361,10.998857142857144,69,1,2009-12-03 09:52:00,2010-10-12 15:46:00,313,10.4,74.03,180.5
14839.0,418,3,915.28,927,12.368648648648648,61,1,2010-01-04 16:29:00,2010-10-17 13:01:00,285,9.5,96.35,309.0
14840.0,268,2,362.71000000000004,179,16.486818181818183,20,1,2010-06-18 15:42:00,2011-03-17 12:00:00,271,9.0,40.3,89.5
14841.0,53,14,7163.0,4164,23.876666666666665,196,1,2009-12-02 16:49:00,2011-10-17 15:03:00,683,22.8,314.17,297.43
14842.0,44,4,2824.69,1166,19.480620689655172,128,1,2011-02-04 15:32:00,2011-10-27 12:37:00,264,8.8,320.99,291.5
14843.0,437,1,211.8,132,23.533333333333335,9,1,2010-09-29 12:39:00,2010-09-29 12:39:00,0,1.0,211.8,132.0
14844.0,64,10,6702.43,4369,24.19649819494585,158,1,2010-04-12 12:50:00,2011-10-07 10:41:00,542,18.1,370.3,436.9
14845.0,600,1,150.0,600,150.0,1,1,2010-04-19 10:19:00,2010-04-19 10:19:00,0,1.0,150.0,600.0
14846.0,427,1,437.4,193,36.449999999999996,12,1,2010-10-08 17:07:00,2010-10-08 17:07:00,0,1.0,437.4,193.0
14847.0,149,3,1348.95,533,21.75725806451613,56,1,2010-05-24 12:29:00,2011-07-14 10:52:00,415,13.8,97.75,177.67
14848.0,405,1,310.56,260,28.232727272727274,11,1,2010-10-31 12:22:00,2010-10-31 12:22:00,0,1.0,310.56,260.0
14849.0,22,43,15407.61,11838,20.877520325203253,279,1,2010-01-10 11:40:00,2011-11-18 10:58:00,676,22.5,684.78,275.3
14850.0,312,7,1770.96,1393,9.081846153846154,129,1,2010-05-20 13:28:00,2011-02-01 11:21:00,256,8.5,208.35,199.0
14851.0,23,3,829.41,631,19.747857142857143,38,1,2010-03-19 11:52:00,2011-11-16 14:20:00,607,20.2,41.06,210.33
14852.0,58,18,6132.43,4366,19.846051779935276,152,1,2010-03-05 14:51:00,2011-10-12 13:20:00,585,19.5,314.48,242.56
14853.0,24,5,1376.87,345,44.41516129032258,26,1,2010-04-13 09:26:00,2011-11-15 16:56:00,581,19.4,70.97,69.0
14854.0,78,11,4303.06,2987,20.107757009345796,170,1,2010-01-22 09:48:00,2011-09-22 17:00:00,608,20.3,211.97,271.55
14855.0,119,7,6520.3,3510,31.499033816425122,168,1,2010-04-08 10:30:00,2011-08-12 14:02:00,491,16.4,397.58,501.43
14856.0,36,3,1290.53,711,19.854307692307692,65,1,2011-10-14 09:35:00,2011-11-03 14:53:00,20,0.7,1843.61,237.0
14857.0,60,7,3651.851,2081,17.144840375586856,170,1,2010-03-15 11:00:00,2011-10-11 09:23:00,574,19.1,191.2,297.29
14858.0,506,1,180.75,105,16.431818181818183,11,1,2010-07-22 10:51:00,2010-07-22 10:51:00,0,1.0,180.75,105.0
14859.0,13,5,1705.64,888,25.843030303030304,51,1,2010-06-03 10:26:00,2011-11-27 11:18:00,542,18.1,94.23,177.6
14860.0,19,1,170.32,232,15.483636363636363,11,1,2011-11-20 14:17:00,2011-11-20 14:17:00,0,1.0,170.32,232.0
14861.0,52,10,1380.73,1076,16.055,62,1,2009-12-08 12:12:00,2011-10-18 12:54:00,679,22.6,61.09,107.6
14862.0,26,2,841.2,772,17.525000000000002,47,1,2011-07-14 11:20:00,2011-11-14 10:01:00,122,4.1,205.17,386.0
14863.0,29,1,266.76,132,24.25090909090909,11,1,2011-11-10 15:04:00,2011-11-10 15:04:00,0,1.0,266.76,132.0
14865.0,7,4,92.52,204,15.42,4,1,2009-12-01 16:05:00,2011-12-02 16:25:00,731,24.4,3.79,51.0
14866.0,11,19,20746.54,9089,152.54808823529413,40,1,2010-08-26 11:54:00,2011-11-29 11:45:00,459,15.3,1355.98,478.37
14867.0,186,16,2952.06,996,21.547883211678833,67,1,2009-12-05 15:47:00,2011-06-07 11:39:00,548,18.3,161.31,62.25
14868.0,3,12,4184.01,2230,19.829431279620856,132,1,2010-10-15 14:52:00,2011-12-06 14:49:00,416,13.9,301.01,185.83
14869.0,9,6,2778.14,2130,11.385819672131147,187,1,2009-12-16 11:43:00,2011-12-01 12:36:00,715,23.8,116.73,355.0
14870.0,262,6,1838.95,483,28.29153846153846,43,1,2010-01-25 09:05:00,2011-03-23 10:51:00,422,14.1,130.42,80.5
14871.0,3,9,1228.17,446,6.330773195876289,123,1,2009-12-01 11:57:00,2011-12-06 13:42:00,735,24.5,50.13,49.56
14872.0,484,3,816.6,662,18.990697674418605,34,1,2010-03-16 14:41:00,2010-08-13 12:34:00,149,5.0,163.32,220.67
14873.0,210,2,854.13,311,17.43122448979592,48,1,2010-03-16 10:51:00,2011-05-13 13:52:00,423,14.1,60.58,155.5
14874.0,535,1,116.18,148,19.363333333333333,6,1,2010-06-22 14:58:00,2010-06-22 14:58:00,0,1.0,116.18,148.0
14875.0,108,3,2862.4,1332,32.16179775280899,88,1,2010-09-24 10:28:00,2011-08-24 12:20:00,334,11.1,257.87,444.0
14876.0,521,2,256.7,162,19.746153846153845,12,1,2010-05-27 13:49:00,2010-07-06 14:57:00,40,1.3,197.46,81.0
14877.0,418,2,425.85,168,6.7595238095238095,57,1,2010-03-07 12:25:00,2010-10-17 13:09:00,224,7.5,56.78,84.0
14878.0,13,25,4076.5,2416,11.047425474254743,159,1,2010-02-21 11:14:00,2011-11-27 11:15:00,644,21.5,189.6,96.64
14879.0,685,1,185.06,104,6.854074074074074,27,1,2010-01-24 11:35:00,2010-01-24 11:35:00,0,1.0,185.06,104.0
14880.0,77,3,690.59,365,15.012826086956522,45,1,2011-02-24 12:27:00,2011-09-23 13:42:00,211,7.0,98.66,121.67
14881.0,20,1,255.4,316,15.023529411764706,17,1,2011-11-20 11:06:00,2011-11-20 11:06:00,0,1.0,255.4,316.0
14882.0,27,14,3546.65,1614,54.56384615384616,32,1,2010-03-30 15:02:00,2011-11-13 12:47:00,592,19.7,180.03,115.29
14883.0,19,6,761.59,790,14.369622641509434,39,1,2011-05-12 09:49:00,2011-11-21 10:23:00,193,6.4,119.0,131.67
14884.0,669,1,120.6,72,15.075,8,1,2010-02-08 12:56:00,2010-02-08 12:56:00,0,1.0,120.6,72.0
14885.0,132,3,1598.12,1308,51.552258064516124,24,1,2010-08-31 10:11:00,2011-07-31 12:05:00,334,11.1,143.97,436.0
14886.0,253,1,364.8,160,20.266666666666666,18,1,2011-04-01 08:56:00,2011-04-01 08:56:00,0,1.0,364.8,160.0
14887.0,79,1,1862.0,1100,310.3333333333333,6,1,2011-09-21 15:32:00,2011-09-21 15:32:00,0,1.0,1862.0,1100.0
14888.0,207,1,369.2,184,18.46,20,1,2011-05-16 14:58:00,2011-05-16 14:58:00,0,1.0,369.2,184.0
14889.0,336,1,135.9,90,13.59,10,1,2011-01-07 15:19:00,2011-01-07 15:19:00,0,1.0,135.9,90.0
14890.0,254,3,817.25,636,14.337719298245615,55,1,2010-02-18 09:00:00,2011-03-31 11:57:00,406,13.5,60.54,212.0
14891.0,148,4,1106.73,788,17.56714285714286,55,1,2010-09-29 12:41:00,2011-07-14 18:08:00,288,9.6,115.28,197.0
14892.0,691,1,202.35000000000002,79,15.565384615384618,13,1,2010-01-18 08:58:00,2010-01-18 08:58:00,0,1.0,202.35,79.0
14893.0,10,3,1809.6100000000001,1047,17.07179245283019,98,1,2010-04-01 09:03:00,2011-11-30 12:31:00,608,20.3,89.14,349.0
14894.0,85,3,1492.81,603,32.45239130434783,39,1,2009-12-02 10:42:00,2011-09-15 13:51:00,652,21.7,68.79,201.0
14895.0,8,38,25119.54,10714,27.910600000000002,441,1,2009-12-10 14:22:00,2011-12-02 09:23:00,721,24.0,1046.65,281.95
14896.0,205,8,1826.0,931,7.217391304347826,150,1,2009-12-06 12:42:00,2011-05-19 10:20:00,528,17.6,103.75,116.38
14897.0,8,8,3140.54,1162,24.728661417322833,94,1,2009-12-15 17:05:00,2011-12-02 10:32:00,716,23.9,131.4,145.25
14898.0,23,14,3365.95,2207,11.566838487972507,185,1,2009-12-03 16:40:00,2011-11-16 14:54:00,712,23.7,142.02,157.64
14899.0,395,1,1331.38,570,10.32077519379845,126,1,2010-11-09 15:20:00,2010-11-09 15:20:00,0,1.0,1331.38,570.0
14900.0,522,1,13.919999999999998,48,13.919999999999998,1,1,2010-07-05 15:09:00,2010-07-05 15:09:00,0,1.0,13.92,48.0
14901.0,11,12,1919.0,880,14.32089552238806,103,1,2010-07-29 11:11:00,2011-11-28 17:09:00,487,16.2,118.46,73.33
14902.0,26,3,1035.6200000000001,716,17.552881355932204,51,1,2010-06-04 12:35:00,2011-11-14 10:34:00,527,17.6,58.84,238.67
14903.0,21,5,2795.33,1531,7.986657142857142,227,1,2011-03-06 11:50:00,2011-11-18 16:07:00,257,8.6,325.04,306.2
14904.0,2,4,1630.49,2522,11.563758865248227,127,1,2010-10-08 12:48:00,2011-12-07 12:55:00,425,14.2,114.82,630.5
14905.0,158,8,1971.39,1009,25.27423076923077,45,1,2009-12-03 14:36:00,2011-07-05 12:41:00,578,19.3,102.14,126.12
14906.0,445,1,68.44,1,68.44,1,1,2010-09-20 16:30:00,2010-09-20 16:30:00,0,1.0,68.44,1.0
14907.0,3,16,5547.72,2583,20.70044776119403,153,1,2010-04-16 13:40:00,2011-12-06 14:14:00,599,20.0,277.39,161.44
14908.0,74,2,381.9,182,27.27857142857143,14,1,2010-09-02 16:39:00,2011-09-26 12:56:00,388,12.9,29.6,91.0
14909.0,437,3,1404.68,888,17.558500000000002,61,1,2010-02-14 15:47:00,2010-09-28 16:56:00,226,7.5,187.29,296.0
14910.0,3,4,434.35,238,14.478333333333333,25,1,2011-10-16 11:06:00,2011-12-07 10:06:00,51,1.7,255.5,59.5
14911.0,1,398,291420.81,147972,26.308640426108152,2550,1,2009-12-01 11:41:00,2011-12-08 15:54:00,737,24.6,11846.37,371.79
14912.0,17,6,1889.25,1819,29.988095238095237,44,1,2010-01-26 16:29:00,2011-11-23 09:20:00,665,22.2,85.1,303.17
14913.0,36,8,4073.13,3955,16.490404858299595,176,1,2010-08-11 08:40:00,2011-11-04 08:29:00,449,15.0,271.54,494.38
14915.0,91,11,1811.25,707,20.125,65,1,2009-12-03 10:17:00,2011-09-09 13:34:00,645,21.5,84.24,64.27
14916.0,71,8,3042.95,2415,22.708582089552237,113,1,2010-04-01 10:57:00,2011-09-30 09:20:00,546,18.2,167.2,301.88
14917.0,597,2,1123.75,891,38.75,29,1,2010-04-22 09:44:00,2010-04-22 11:28:00,0,1.0,1123.75,445.5
14918.0,116,9,5955.81,2551,42.23978723404256,79,1,2010-04-08 11:18:00,2011-08-16 11:50:00,495,16.5,360.96,283.44
14919.0,539,1,359.35,129,27.642307692307693,13,1,2010-06-18 13:06:00,2010-06-18 13:06:00,0,1.0,359.35,129.0
14920.0,213,3,1607.17,886,16.568762886597938,90,1,2010-05-23 15:25:00,2011-05-11 10:32:00,352,11.7,137.36,295.33
14921.0,30,2,1316.07,953,16.872692307692308,78,1,2011-05-22 12:51:00,2011-11-09 13:17:00,171,5.7,230.89,476.5
14922.0,394,2,843.74,376,16.8748,49,1,2010-07-20 09:45:00,2010-11-11 11:14:00,114,3.8,222.04,188.0
14923.0,51,1,749.1,418,17.025000000000002,44,1,2011-10-20 11:51:00,2011-10-20 11:51:00,0,1.0,749.1,418.0
14924.0,246,3,931.01,312,30.03258064516129,30,1,2010-03-10 12:51:00,2011-04-08 09:25:00,393,13.1,71.07,104.0
14926.0,382,2,359.4,204,119.8,2,1,2010-04-20 09:59:00,2010-11-23 07:13:00,216,7.2,49.92,102.0
14927.0,397,1,308.2,196,15.41,20,1,2010-11-08 12:30:00,2010-11-08 12:30:00,0,1.0,308.2,196.0
14928.0,628,1,223.91000000000003,268,10.662380952380953,21,1,2010-03-22 09:14:00,2010-03-22 09:14:00,0,1.0,223.91,268.0
14929.0,32,2,836.69,487,24.608529411764707,34,1,2010-10-14 12:22:00,2011-11-07 17:21:00,389,13.0,64.36,243.5
14930.0,109,6,5236.7300000000005,2193,18.837158273381295,213,1,2010-04-12 11:22:00,2011-08-23 10:31:00,497,16.6,315.47,365.5
14931.0,5,5,1257.68,417,30.675121951219513,30,1,2011-04-13 09:32:00,2011-12-05 10:19:00,236,7.9,159.2,83.4
14932.0,366,2,666.13,257,20.8165625,29,1,2010-11-19 09:16:00,2010-12-09 11:48:00,20,0.7,951.61,128.5
14933.0,444,4,1770.0,600,442.5,1,1,2010-09-21 17:29:00,2010-09-22 10:47:00,0,1.0,1770.0,150.0
14934.0,82,5,3503.5,2100,18.937837837837836,115,1,2010-09-24 12:08:00,2011-09-19 10:10:00,359,12.0,291.96,420.0
14935.0,297,2,2849.83,1931,109.60884615384614,25,1,2010-03-30 11:48:00,2011-02-15 14:44:00,322,10.7,266.34,965.5
14936.0,34,12,12410.81,6274,23.549924098671728,267,1,2010-05-05 12:26:00,2011-11-06 10:30:00,549,18.3,678.19,522.83
14937.0,57,3,1621.88,484,47.70235294117647,33,1,2011-08-01 14:16:00,2011-10-14 12:29:00,73,2.4,675.78,161.33
14938.0,562,2,2322.43,1369,32.710281690140846,71,1,2010-05-26 13:35:00,2010-05-26 13:38:00,0,1.0,2322.43,684.5
14940.0,418,2,531.49,384,16.6090625,32,1,2009-12-06 15:46:00,2010-10-18 10:47:00,315,10.5,50.62,192.0
14941.0,579,1,182.1,80,26.014285714285712,7,1,2010-05-10 11:30:00,2010-05-10 11:30:00,0,1.0,182.1,80.0
14942.0,402,4,746.56,354,39.292631578947365,12,1,2009-12-10 10:32:00,2010-11-03 10:51:00,328,10.9,68.49,88.5
14943.0,663,1,107.62,46,21.524,5,1,2010-02-14 16:04:00,2010-02-14 16:04:00,0,1.0,107.62,46.0
14944.0,30,19,9784.67,4864,32.2926402640264,184,1,2010-02-17 08:47:00,2011-11-10 09:10:00,631,21.0,465.94,256.0
14945.0,414,1,179.4,156,16.30909090909091,11,1,2010-10-22 11:26:00,2010-10-22 11:26:00,0,1.0,179.4,156.0
14946.0,14,1,100.9,22,33.63333333333333,3,1,2011-11-25 13:33:00,2011-11-25 13:33:00,0,1.0,100.9,22.0
14947.0,72,6,1049.79,416,19.440555555555555,47,1,2010-03-25 11:29:00,2011-09-28 15:48:00,552,18.4,57.05,69.33
14948.0,23,6,1101.97,673,17.491587301587302,56,1,2011-05-04 14:52:00,2011-11-16 17:16:00,196,6.5,169.53,112.17
14949.0,469,4,515.0,250,19.074074074074073,16,1,2009-12-18 15:28:00,2010-08-27 15:38:00,252,8.4,61.31,62.5
14950.0,19,1,371.2,136,19.53684210526316,19,1,2011-11-20 13:48:00,2011-11-20 13:48:00,0,1.0,371.2,136.0
14951.0,79,1,311.69,311,15.5845,20,1,2011-09-21 15:15:00,2011-09-21 15:15:00,0,1.0,311.69,311.0
14952.0,60,32,17629.35,6977,57.42459283387622,240,1,2009-12-03 15:34:00,2011-10-11 10:33:00,676,22.5,783.53,218.03
14953.0,25,4,971.32,1014,3.964571428571429,202,1,2010-09-30 12:16:00,2011-11-14 14:59:00,410,13.7,70.9,253.5
14954.0,12,2,462.12,209,3.916271186440678,111,1,2010-01-05 16:38:00,2011-11-27 14:30:00,690,23.0,20.09,104.5
14955.0,733,1,163.77,74,5.282903225806452,30,1,2009-12-07 11:35:00,2009-12-07 11:35:00,0,1.0,163.77,74.0
14956.0,421,1,1325.0,2500,331.25,4,1,2010-10-14 16:40:00,2010-10-14 16:40:00,0,1.0,1325.0,2500.0
14957.0,253,2,261.69,97,9.34607142857143,27,1,2010-03-05 10:50:00,2011-03-31 17:59:00,391,13.0,20.13,48.5
14958.0,147,6,941.99,248,13.267464788732395,52,1,2009-12-03 16:02:00,2011-07-15 14:20:00,588,19.6,48.06,41.33
14959.0,64,4,695.42,494,11.786779661016949,37,1,2011-02-16 13:00:00,2011-10-06 18:23:00,232,7.7,90.31,123.5
14960.0,8,2,221.27,221,8.195185185185185,23,1,2011-06-21 13:38:00,2011-12-01 12:54:00,162,5.4,40.98,110.5
14961.0,11,22,16410.15,8372,24.492761194029853,328,1,2009-12-04 11:32:00,2011-11-29 09:42:00,724,24.1,680.92,380.55
14962.0,271,4,366.91,123,26.207857142857144,14,1,2010-05-04 14:57:00,2011-03-14 09:42:00,313,10.4,35.28,30.75
14963.0,10,12,3123.57,2287,6.562121848739496,304,1,2010-07-02 12:43:00,2011-11-30 12:16:00,515,17.2,181.6,190.58
14964.0,247,1,206.21,143,15.862307692307693,13,1,2011-04-06 14:13:00,2011-04-06 14:13:00,0,1.0,206.21,143.0
14965.0,96,2,596.09,363,7.359135802469136,80,1,2011-09-04 13:15:00,2011-09-04 13:20:00,0,1.0,596.09,181.5
14966.0,15,6,1064.26,1060,7.048079470198675,125,1,2009-12-15 13:48:00,2011-11-25 12:20:00,709,23.6,45.1,176.67
14967.0,50,6,1982.6100000000001,652,68.36586206896553,22,1,2009-12-03 14:07:00,2011-10-21 11:06:00,686,22.9,86.58,108.67
14968.0,30,2,501.24,257,5.967142857142857,83,1,2010-09-07 13:28:00,2011-11-09 13:58:00,428,14.3,35.05,128.5
14969.0,704,1,906.23,665,69.71000000000001,13,1,2010-01-05 12:43:00,2010-01-05 12:43:00,0,1.0,906.23,665.0
14970.0,68,12,4919.35,982,43.53407079646018,71,1,2010-02-14 13:37:00,2011-10-02 13:44:00,595,19.8,248.45,81.83
14971.0,35,3,1097.98,639,7.083741935483871,144,1,2011-10-27 13:33:00,2011-11-04 17:07:00,8,0.3,3659.93,213.0
14972.0,128,2,145.07,40,7.2535,20,1,2010-11-23 16:17:00,2011-08-03 14:54:00,252,8.4,17.27,20.0
14973.0,107,3,1314.45,369,41.0765625,29,1,2011-04-28 12:22:00,2011-08-24 15:51:00,118,3.9,337.04,123.0
14974.0,37,1,89.94,37,5.290588235294117,17,1,2011-11-02 13:01:00,2011-11-02 13:01:00,0,1.0,89.94,37.0
14975.0,57,2,472.39,507,18.168846153846154,25,1,2010-10-14 14:11:00,2011-10-13 14:08:00,363,12.1,39.04,253.5
14976.0,57,7,790.86,234,10.984166666666667,47,1,2011-01-17 11:09:00,2011-10-13 16:37:00,269,9.0,87.87,33.43
14977.0,726,1,31.93,17,7.9825,4,1,2009-12-14 10:37:00,2009-12-14 10:37:00,0,1.0,31.93,17.0
14978.0,72,10,3112.19,736,10.731689655172413,175,1,2010-04-28 10:50:00,2011-09-28 13:07:00,518,17.3,179.9,73.6
14979.0,735,1,429.66,209,8.768571428571429,42,1,2009-12-04 12:54:00,2009-12-04 12:54:00,0,1.0,429.66,209.0
14980.0,737,1,150.68,79,6.278333333333333,24,1,2009-12-02 14:09:00,2009-12-02 14:09:00,0,1.0,150.68,79.0
14981.0,246,2,372.92,241,16.950909090909093,20,1,2010-10-12 11:04:00,2011-04-07 13:45:00,177,5.9,63.21,120.5
14982.0,572,1,237.78,125,6.096923076923077,39,1,2010-05-16 15:52:00,2010-05-16 15:52:00,0,1.0,237.78,125.0
14983.0,689,1,183.20000000000002,90,6.106666666666667,30,1,2010-01-19 17:32:00,2010-01-19 17:32:00,0,1.0,183.2,90.0
14984.0,19,6,1260.51,348,23.342777777777776,48,1,2010-01-11 13:22:00,2011-11-20 14:28:00,678,22.6,55.77,58.0
14985.0,198,2,292.01,256,3.5181927710843373,78,1,2010-12-16 19:51:00,2011-05-25 14:29:00,159,5.3,55.1,128.0
14986.0,376,2,563.1,338,5.745918367346939,87,1,2010-01-24 15:54:00,2010-11-28 15:25:00,307,10.2,55.21,169.0
14987.0,16,8,1550.6499999999999,607,103.37666666666665,4,1,2009-12-02 14:56:00,2011-11-24 09:59:00,721,24.0,64.61,75.88
14988.0,212,7,2038.65,1260,8.675106382978724,171,1,2010-04-16 13:34:00,2011-05-12 12:05:00,390,13.0,156.82,180.0
14989.0,662,1,342.4,200,19.022222222222222,18,1,2010-02-16 10:40:00,2010-02-16 10:40:00,0,1.0,342.4,200.0
14990.0,612,2,304.17,129,7.242142857142857,41,1,2009-12-09 13:31:00,2010-04-06 13:54:00,118,3.9,77.99,64.5
14991.0,430,1,314.67,191,14.984285714285715,21,1,2010-10-05 13:01:00,2010-10-05 13:01:00,0,1.0,314.67,191.0
14992.0,442,1,210.5,145,7.796296296296297,27,1,2010-09-23 17:48:00,2010-09-23 17:48:00,0,1.0,210.5,145.0
14993.0,564,1,36.13,21,3.6130000000000004,9,1,2010-05-25 12:47:00,2010-05-25 12:47:00,0,1.0,36.13,21.0
14994.0,382,5,946.72,568,3.1348344370860928,233,1,2010-03-26 14:16:00,2010-11-22 12:59:00,240,8.0,118.34,113.6
14995.0,39,2,231.98000000000002,102,3.866333333333334,53,1,2011-03-04 13:14:00,2011-11-01 11:39:00,241,8.0,29.0,51.0
14996.0,481,2,442.28999999999996,404,10.787560975609756,37,1,2010-08-15 13:41:00,2010-08-15 13:44:00,0,1.0,442.29,202.0
14997.0,46,4,776.6,1408,20.436842105263157,36,1,2010-02-22 12:11:00,2011-10-24 13:28:00,609,20.3,38.26,352.0
14998.0,170,4,753.18,352,6.02544,111,1,2010-04-13 16:07:00,2011-06-22 17:30:00,435,14.5,51.94,88.0
14999.0,593,1,129.48000000000002,88,14.386666666666668,9,1,2010-04-26 10:47:00,2010-04-26 10:47:00,0,1.0,129.48,88.0
15000.0,48,1,490.52,218,6.37038961038961,76,1,2011-10-23 11:42:00,2011-10-23 11:42:00,0,1.0,490.52,218.0
15001.0,394,2,199.10999999999999,70,4.328478260869565,44,1,2010-11-10 13:31:00,2010-11-10 13:51:00,0,1.0,199.11,35.0
15002.0,116,9,4138.08,2214,12.279169139465875,220,1,2010-01-12 11:40:00,2011-08-16 10:44:00,580,19.3,214.41,246.0
15003.0,473,6,1027.03,525,3.1216717325227963,253,1,2010-01-26 13:04:00,2010-08-23 15:44:00,209,7.0,146.72,87.5
15004.0,147,1,1220.77,623,7.927077922077922,154,1,2011-07-15 14:05:00,2011-07-15 14:05:00,0,1.0,1220.77,623.0
15005.0,16,56,13754.58,8666,5.762287390029326,591,1,2009-12-01 14:19:00,2011-11-24 12:25:00,722,24.1,570.73,154.75
15006.0,51,2,757.78,387,4.163626373626373,165,1,2010-09-12 13:03:00,2011-10-19 15:08:00,402,13.4,56.55,193.5
15007.0,159,1,156.91,69,13.075833333333334,12,1,2011-07-03 16:00:00,2011-07-03 16:00:00,0,1.0,156.91,69.0
15008.0,480,2,360.0,1500,30.0,6,1,2010-03-12 11:13:00,2010-08-16 13:09:00,157,5.2,69.23,750.0
15009.0,12,3,1259.43,639,6.996833333333334,148,1,2011-11-14 17:40:00,2011-11-27 13:35:00,12,0.4,3148.58,213.0
15010.0,36,1,308.94,184,15.447,20,1,2011-11-04 12:42:00,2011-11-04 12:42:00,0,1.0,308.94,184.0
15011.0,396,2,416.6,289,20.830000000000002,17,1,2010-10-19 12:05:00,2010-11-09 11:10:00,20,0.7,595.14,144.5
15012.0,54,3,646.26,383,3.3835602094240835,165,1,2010-05-12 11:49:00,2011-10-17 12:22:00,523,17.4,37.14,127.67
15013.0,488,10,1610.82,1715,4.737705882352941,177,1,2010-01-31 12:15:00,2010-08-09 12:05:00,189,6.3,255.69,171.5
15014.0,43,2,257.67,149,7.808181818181819,29,1,2011-06-16 19:40:00,2011-10-27 20:07:00,133,4.4,58.56,74.5
15015.0,501,13,2354.97,1584,8.010102040816326,158,1,2009-12-14 14:46:00,2010-07-26 13:50:00,223,7.4,318.24,121.85
15016.0,173,5,620.89,243,5.913238095238095,93,1,2010-06-14 13:06:00,2011-06-20 12:06:00,370,12.3,50.48,48.6
15017.0,34,1,125.58,63,6.279,20,1,2011-11-06 10:33:00,2011-11-06 10:33:00,0,1.0,125.58,63.0
15018.0,39,3,496.21,189,16.006774193548388,30,1,2010-12-07 10:47:00,2011-11-01 12:47:00,329,11.0,45.11,63.0
15019.0,267,1,252.81,150,3.8304545454545456,64,1,2011-03-18 12:35:00,2011-03-18 12:35:00,0,1.0,252.81,150.0
15020.0,379,1,198.47,111,7.350740740740741,27,1,2010-11-25 13:29:00,2010-11-25 13:29:00,0,1.0,198.47,111.0
15021.0,9,12,2500.59,1079,4.01378812199037,355,1,2010-07-29 16:35:00,2011-12-01 11:53:00,489,16.3,153.41,89.92
15022.0,12,5,1133.44,640,8.096,115,1,2010-01-31 16:02:00,2011-11-28 12:35:00,665,22.2,51.06,128.0
15023.0,3,20,11578.65,4758,12.086273486430063,486,1,2010-02-03 15:45:00,2011-12-06 17:23:00,671,22.4,516.9,237.9
15024.0,10,16,3559.39,1924,11.123093749999999,168,1,2010-10-11 16:14:00,2011-11-30 12:06:00,414,13.8,257.93,120.25
15025.0,33,2,979.79,503,7.048848920863309,132,1,2010-05-20 13:28:00,2011-11-06 15:20:00,535,17.8,55.04,251.5
15026.0,80,5,1048.89,655,7.600652173913044,109,1,2010-09-17 13:52:00,2011-09-20 13:52:00,368,12.3,85.28,131.0
15027.0,31,10,3195.6,2782,35.11648351648351,69,1,2010-03-25 14:39:00,2011-11-09 10:16:00,593,19.8,161.39,278.2
15028.0,8,6,962.9399999999999,673,9.440588235294117,65,1,2010-11-10 14:32:00,2011-12-01 14:06:00,385,12.8,75.23,112.17
15029.0,620,1,365.1,234,36.510000000000005,10,1,2010-03-30 12:16:00,2010-03-30 12:16:00,0,1.0,365.1,234.0
15030.0,72,8,1979.91,1225,59.99727272727273,25,1,2010-03-04 17:10:00,2011-09-29 10:50:00,573,19.1,103.66,153.12
15031.0,4,14,3102.94,1576,7.855544303797468,237,1,2009-12-08 13:38:00,2011-12-05 14:19:00,727,24.2,128.22,112.57
15032.0,256,8,11010.05,6601,115.89526315789473,39,1,2009-12-10 15:27:00,2011-03-28 15:03:00,472,15.7,701.28,825.12
15033.0,5,10,2557.18,1672,5.104151696606786,315,1,2011-01-14 13:28:00,2011-12-05 12:40:00,324,10.8,236.78,167.2
15034.0,16,14,8231.2,4748,10.945744680851066,416,1,2010-05-11 13:30:00,2011-11-24 12:11:00,561,18.7,440.17,339.14
15035.0,90,1,252.73000000000002,245,9.36037037037037,26,1,2011-09-11 11:08:00,2011-09-11 11:08:00,0,1.0,252.73,245.0
15036.0,72,3,429.56,316,3.609747899159664,107,1,2011-06-13 12:19:00,2011-09-28 15:42:00,107,3.6,119.32,105.33
15037.0,376,2,397.76,298,8.83911111111111,40,1,2010-11-28 12:14:00,2010-11-28 13:05:00,0,1.0,397.76,149.0
15038.0,59,9,1146.53,381,4.878851063829787,190,1,2010-10-10 14:35:00,2011-10-12 11:33:00,366,12.2,93.98,42.33
15039.0,10,93,39141.48,17780,14.523740259740261,562,1,2009-12-10 11:39:00,2011-11-30 11:31:00,719,24.0,1630.9,191.18
15040.0,542,1,7.49,1,7.49,1,1,2010-06-16 11:40:00,2010-06-16 11:40:00,0,1.0,7.49,1.0
15041.0,170,2,289.4,194,2.7826923076923076,98,1,2010-09-21 13:16:00,2011-06-22 16:16:00,274,9.1,31.8,97.0
15042.0,199,2,315.45,238,35.05,9,1,2010-04-23 14:01:00,2011-05-24 16:25:00,396,13.2,23.9,119.0
15043.0,31,6,2870.3199999999997,1019,56.28078431372548,39,1,2010-06-24 15:50:00,2011-11-08 14:26:00,501,16.7,171.88,169.83
15044.0,19,35,16024.15,5241,17.884095982142856,344,1,2009-12-16 15:13:00,2011-11-20 13:20:00,703,23.4,684.79,149.74
15045.0,152,2,735.66,114,61.305,11,1,2011-03-27 11:44:00,2011-07-11 11:33:00,105,3.5,210.19,57.0
15046.0,9,25,7623.79,4585,19.349720812182742,248,1,2010-01-14 14:29:00,2011-11-30 15:50:00,685,22.8,334.38,183.4
15047.0,270,1,343.62,222,15.61909090909091,22,1,2011-03-15 10:49:00,2011-03-15 10:49:00,0,1.0,343.62,222.0
15048.0,65,4,381.0,192,4.053191489361702,86,1,2010-12-06 12:15:00,2011-10-05 14:55:00,303,10.1,37.72,48.0
15049.0,274,1,121.17000000000002,63,40.39000000000001,3,1,2011-03-11 12:13:00,2011-03-11 12:13:00,0,1.0,121.17,63.0
15050.0,25,5,4087.19,2600,27.430805369127516,116,1,2010-08-16 12:00:00,2011-11-14 16:17:00,455,15.2,268.89,520.0
15051.0,23,9,3926.91,3052,13.587923875432525,226,1,2009-12-01 13:29:00,2011-11-16 15:38:00,715,23.8,165.0,339.11
15052.0,319,1,207.73000000000002,79,7.418928571428572,27,1,2011-01-24 15:52:00,2011-01-24 15:52:00,0,1.0,207.73,79.0
15053.0,5,3,693.95,984,10.057246376811595,49,1,2011-03-03 12:06:00,2011-12-05 12:08:00,277,9.2,75.43,328.0
15054.0,12,2,302.1,198,2.6500000000000004,105,1,2011-10-30 14:33:00,2011-11-27 15:02:00,28,0.9,335.67,99.0
15055.0,475,3,549.12,225,6.779259259259259,77,1,2009-12-16 15:48:00,2010-08-22 11:06:00,248,8.3,66.16,75.0
15056.0,520,1,113.65,69,18.941666666666666,6,1,2010-07-07 15:58:00,2010-07-07 15:58:00,0,1.0,113.65,69.0
15057.0,275,5,3255.96,1394,46.513714285714286,62,1,2009-12-05 15:27:00,2011-03-09 15:17:00,458,15.3,212.81,278.8
15058.0,25,16,3387.58,1645,9.762478386167146,232,1,2010-02-24 14:07:00,2011-11-14 14:57:00,628,20.9,162.09,102.81
15059.0,41,19,3491.2,1599,5.927334465195246,308,1,2009-12-06 12:17:00,2011-10-30 11:35:00,692,23.1,151.13,84.16
15060.0,8,4,294.25,257,2.5586956521739133,81,1,2011-11-30 14:03:00,2011-12-01 13:47:00,0,1.0,294.25,64.25
15061.0,4,127,126389.02,74280,140.74501113585745,131,1,2009-12-01 12:18:00,2011-12-06 12:06:00,734,24.5,5158.74,584.88
15062.0,71,8,2585.62,1872,16.26176100628931,98,1,2010-04-08 15:41:00,2011-09-29 16:51:00,539,18.0,143.65,234.0
15063.0,213,1,370.79999999999995,56,74.16,5,1,2011-05-10 13:25:00,2011-05-10 13:25:00,0,1.0,370.8,56.0
15064.0,410,4,1254.41,810,15.486543209876544,75,1,2009-12-22 16:17:00,2010-10-25 14:32:00,306,10.2,122.98,202.5
15065.0,38,5,3326.86,1446,20.04132530120482,156,1,2010-10-25 09:13:00,2011-11-02 09:45:00,373,12.4,268.3,289.2
15066.0,53,1,893.59,317,21.275952380952383,42,1,2011-10-17 13:25:00,2011-10-17 13:25:00,0,1.0,893.59,317.0
15067.0,78,5,3862.88,2151,21.82418079096045,170,1,2010-04-11 15:54:00,2011-09-22 13:20:00,528,17.6,219.48,430.2
15068.0,46,4,1174.9,832,5.389449541284404,178,1,2010-03-28 13:18:00,2011-10-24 14:47:00,575,19.2,61.19,208.0
15069.0,179,1,1109.53,520,15.850428571428571,70,1,2011-06-13 14:16:00,2011-06-13 14:16:00,0,1.0,1109.53,520.0
15070.0,373,3,737.0500000000001,339,23.032812500000002,26,1,2009-12-15 13:49:00,2010-12-02 11:23:00,351,11.7,63.0,113.0
15071.0,94,4,1455.5600000000002,416,26.954814814814817,41,1,2010-05-18 12:45:00,2011-09-07 11:43:00,476,15.9,91.54,104.0
15072.0,479,1,187.52,164,14.424615384615386,13,1,2010-08-17 15:46:00,2010-08-17 15:46:00,0,1.0,187.52,164.0
15073.0,10,8,2788.02,1410,17.534716981132075,115,1,2010-01-27 08:48:00,2011-11-30 10:44:00,672,22.4,124.47,176.25
15074.0,105,3,1553.13,1039,21.571250000000003,63,1,2010-08-29 11:47:00,2011-08-26 14:45:00,362,12.1,128.36,346.33
15075.0,78,1,773.03,447,28.63074074074074,27,1,2011-09-23 12:27:00,2011-09-23 12:27:00,0,1.0,773.03,447.0
15076.0,173,3,1447.74,866,18.09675,68,1,2010-07-05 14:11:00,2011-06-20 08:23:00,349,11.6,124.81,288.67
15077.0,495,2,2428.08,528,75.8775,28,1,2009-12-09 17:10:00,2010-08-02 11:13:00,235,7.8,311.29,264.0
15078.0,7,53,17286.73,8777,22.42118028534371,118,1,2009-12-04 12:03:00,2011-12-02 15:41:00,728,24.3,711.39,165.6
15079.0,213,11,3625.4,1459,25.712056737588654,119,1,2009-12-08 11:22:00,2011-05-11 12:45:00,519,17.3,209.56,132.64
15080.0,428,2,546.25,287,17.620967741935484,31,1,2010-07-26 10:03:00,2010-10-08 11:52:00,74,2.5,218.5,143.5
15081.0,22,12,1854.57,749,18.362079207920793,75,1,2010-06-22 10:25:00,2011-11-17 17:08:00,513,17.1,108.45,62.42
15082.0,669,1,93.35000000000001,43,15.558333333333335,6,1,2010-02-09 10:23:00,2010-02-09 10:23:00,0,1.0,93.35,43.0
15083.0,257,1,88.2,38,17.64,5,1,2011-03-28 12:18:00,2011-03-28 12:18:00,0,1.0,88.2,38.0
15084.0,380,2,965.1999999999999,600,31.13548387096774,31,1,2010-03-04 10:45:00,2010-11-25 11:58:00,266,8.9,108.45,300.0
15085.0,730,1,347.54,169,38.61555555555556,9,1,2009-12-10 11:47:00,2009-12-10 11:47:00,0,1.0,347.54,169.0
15086.0,565,2,218.53,95,19.866363636363637,10,1,2010-03-24 13:56:00,2010-05-24 12:27:00,60,2.0,109.26,47.5
15087.0,282,1,306.94,470,20.462666666666667,15,1,2011-03-03 10:34:00,2011-03-03 10:34:00,0,1.0,306.94,470.0
15088.0,21,2,1160.07,460,20.352105263157895,53,1,2011-10-03 14:05:00,2011-11-18 13:14:00,45,1.5,773.38,230.0
15089.0,10,6,2420.84,1359,16.69544827586207,139,1,2011-08-03 14:14:00,2011-11-29 16:31:00,118,3.9,620.73,226.5
15090.0,308,1,381.32,208,16.57913043478261,23,1,2011-02-04 14:03:00,2011-02-04 14:03:00,0,1.0,381.32,208.0
15091.0,68,3,1046.6100000000001,582,18.36157894736842,55,1,2010-02-03 11:46:00,2011-10-03 12:47:00,607,20.2,51.81,194.0
15092.0,215,3,776.46,230,17.25466666666667,39,1,2010-09-03 12:33:00,2011-05-08 14:10:00,247,8.2,94.69,76.67
15093.0,18,23,13702.380000000001,10778,43.36196202531646,104,1,2009-12-08 12:46:00,2011-11-21 13:09:00,713,23.8,575.73,468.61
15094.0,463,2,83.0,28,16.6,4,1,2010-03-05 12:56:00,2010-09-02 16:55:00,181,6.0,13.83,14.0
15095.0,104,10,3141.64,2233,25.335806451612903,90,1,2010-01-21 09:37:00,2011-08-28 12:01:00,584,19.5,161.11,223.3
15096.0,43,1,219.39000000000001,120,19.944545454545455,11,1,2011-10-28 10:27:00,2011-10-28 10:27:00,0,1.0,219.39,120.0
15097.0,4,3,908.35,424,13.762878787878789,59,1,2010-05-05 14:22:00,2011-12-05 14:03:00,578,19.3,47.06,141.33
15098.0,182,3,39916.5,121,13305.5,1,1,2011-06-10 15:22:00,2011-06-10 15:33:00,0,1.0,39916.5,40.33
15099.0,84,1,410.48,343,17.84695652173913,23,1,2011-09-16 13:13:00,2011-09-16 13:13:00,0,1.0,410.48,343.0
15100.0,334,7,2193.8999999999996,270,137.11874999999998,11,1,2010-01-07 14:33:00,2011-01-10 10:35:00,367,12.2,179.83,38.57
15101.0,9,6,1477.94,676,25.481724137931035,52,1,2010-04-28 15:00:00,2011-12-01 10:18:00,581,19.4,76.18,112.67
15102.0,531,2,554.67,339,20.543333333333333,26,1,2010-06-11 10:16:00,2010-06-27 12:16:00,16,0.5,1109.34,169.5
15103.0,31,2,703.36,329,20.096,35,1,2011-09-14 13:54:00,2011-11-08 14:53:00,55,1.8,390.76,164.5
15104.0,197,2,993.54,635,14.828955223880596,66,1,2011-03-02 14:16:00,2011-05-27 12:29:00,85,2.8,354.84,317.5
15105.0,18,9,3094.91,1747,20.496092715231786,129,1,2010-03-23 12:18:00,2011-11-21 16:54:00,608,20.3,152.46,194.11
15106.0,18,5,1422.52,1181,14.2252,90,1,2011-03-15 12:52:00,2011-11-22 09:16:00,251,8.4,169.35,236.2
15107.0,311,9,824.35,330,19.627380952380953,32,1,2010-09-14 10:47:00,2011-02-01 14:46:00,140,4.7,175.39,36.67
15108.0,142,4,1300.25,499,21.670833333333334,50,1,2011-04-26 10:54:00,2011-07-21 10:24:00,85,2.8,464.38,124.75
15109.0,246,3,983.1,258,20.48125,46,1,2009-12-04 12:33:00,2011-04-08 09:58:00,489,16.3,60.31,86.0
15110.0,24,6,1505.8500000000001,337,28.4122641509434,23,1,2010-08-11 15:49:00,2011-11-16 11:16:00,461,15.4,97.78,56.17
15111.0,29,5,2442.37,1058,18.09162962962963,109,1,2010-04-26 13:12:00,2011-11-10 16:58:00,563,18.8,129.91,211.6
15112.0,611,1,209.4,72,29.914285714285715,7,1,2010-04-07 14:17:00,2010-04-07 14:17:00,0,1.0,209.4,72.0
15113.0,10,3,3509.43,2344,36.179690721649486,77,1,2011-10-16 15:27:00,2011-11-30 08:23:00,44,1.5,2339.62,781.33
15114.0,30,12,3400.12,3532,14.7191341991342,151,1,2010-10-14 16:44:00,2011-11-09 15:05:00,390,13.0,261.55,294.33
15115.0,18,2,531.85,245,15.195714285714287,35,1,2009-12-07 11:20:00,2011-11-21 14:59:00,714,23.8,22.35,122.5
15116.0,18,4,1352.75,648,30.06111111111111,37,1,2011-05-19 08:50:00,2011-11-22 12:25:00,187,6.2,218.19,162.0
15117.0,15,8,2485.97,3093,18.97687022900763,89,1,2010-03-15 13:39:00,2011-11-25 08:12:00,619,20.6,120.68,386.62
15118.0,134,1,244.8,1440,244.8,1,1,2011-07-28 14:54:00,2011-07-28 14:54:00,0,1.0,244.8,1440.0
15119.0,246,1,266.4,88,19.02857142857143,14,1,2011-04-08 09:08:00,2011-04-08 09:08:00,0,1.0,266.4,88.0
15120.0,134,1,358.82,296,17.086666666666666,21,1,2011-07-29 09:48:00,2011-07-29 09:48:00,0,1.0,358.82,296.0
15121.0,50,2,457.72,199,16.34714285714286,28,1,2011-02-24 12:41:00,2011-10-20 14:51:00,238,7.9,57.94,99.5
15122.0,114,11,4487.27,2033,19.767709251101323,155,1,2010-03-30 14:05:00,2011-08-17 16:48:00,505,16.8,267.1,184.82
15123.0,7,5,4656.17,2524,25.443551912568307,149,1,2010-03-16 09:49:00,2011-12-02 13:12:00,626,20.9,222.78,504.8
15124.0,23,4,450.82,462,14.54258064516129,30,1,2010-02-26 10:49:00,2011-11-17 10:09:00,628,20.9,21.57,115.5
15125.0,25,24,17024.87,8433,70.93695833333332,151,1,2010-03-31 13:29:00,2011-11-14 13:57:00,593,19.8,859.84,351.38
15126.0,537,2,449.49,273,17.9796,25,1,2010-01-21 17:09:00,2010-06-21 12:31:00,150,5.0,89.9,136.5
15127.0,66,2,711.5,464,25.410714285714285,27,1,2010-07-08 10:07:00,2011-10-05 10:30:00,454,15.1,47.12,232.0
15128.0,60,5,1783.68,1583,14.501463414634147,87,1,2010-10-05 16:46:00,2011-10-10 13:54:00,369,12.3,145.01,316.6
15129.0,50,23,6860.18,4002,33.14096618357488,86,1,2010-04-08 17:15:00,2011-10-20 14:40:00,559,18.6,368.83,174.0
15130.0,170,1,330.11,197,15.005,22,1,2011-06-23 10:15:00,2011-06-23 10:15:00,0,1.0,330.11,197.0
15131.0,395,1,80.28,88,11.468571428571428,7,1,2010-11-10 12:07:00,2010-11-10 12:07:00,0,1.0,80.28,88.0
15132.0,18,5,977.9300000000001,679,18.806346153846157,49,1,2011-03-22 12:02:00,2011-11-21 17:10:00,244,8.1,120.73,135.8
15133.0,128,5,1806.9,960,36.875510204081635,45,1,2010-07-07 12:31:00,2011-08-04 10:44:00,392,13.1,137.93,192.0
15134.0,15,10,1596.29,1057,18.779882352941176,47,1,2010-10-13 12:44:00,2011-11-25 08:55:00,407,13.6,117.37,105.7
15135.0,239,2,305.68,84,15.284,17,1,2010-06-01 13:33:00,2011-04-14 19:16:00,317,10.6,28.84,42.0
15136.0,3,4,1286.7,776,18.92205882352941,61,1,2011-09-04 16:05:00,2011-12-07 12:26:00,93,3.1,415.06,194.0
15137.0,521,2,823.4,596,24.21764705882353,34,1,2010-01-28 15:45:00,2010-07-07 09:41:00,159,5.3,155.36,298.0
15138.0,394,1,502.52,300,16.210322580645162,31,1,2010-11-11 09:16:00,2010-11-11 09:16:00,0,1.0,502.52,300.0
15139.0,240,2,178.96,208,13.766153846153847,13,1,2011-01-07 12:44:00,2011-04-14 11:39:00,96,3.2,55.92,104.0
15140.0,52,8,3243.69,2010,28.96151785714286,103,1,2010-09-23 13:07:00,2011-10-18 14:07:00,390,13.0,249.51,251.25
15141.0,458,7,1388.47,1197,17.355875,44,1,2010-03-28 15:58:00,2010-09-08 11:33:00,163,5.4,257.12,171.0
15142.0,46,6,2619.92,2155,18.450140845070422,115,1,2010-07-27 09:05:00,2011-10-24 12:51:00,454,15.1,173.5,359.17
15143.0,226,2,563.63,320,18.181612903225805,27,1,2010-10-03 13:58:00,2011-04-28 12:03:00,206,6.9,81.69,160.0
15144.0,8,29,12160.31,5251,34.84329512893983,199,1,2009-12-13 11:35:00,2011-12-01 15:12:00,718,23.9,508.8,181.07
15145.0,4,4,1194.73,756,17.83179104477612,54,1,2011-04-05 15:20:00,2011-12-05 17:21:00,244,8.1,147.5,189.0
15146.0,165,2,1327.16,1473,14.584175824175825,90,1,2011-02-21 13:07:00,2011-06-28 12:09:00,126,4.2,315.99,736.5
15147.0,240,1,623.5,366,22.267857142857142,28,1,2011-04-13 15:57:00,2011-04-13 15:57:00,0,1.0,623.5,366.0
15148.0,11,1,301.29,187,15.0645,20,1,2011-11-29 08:21:00,2011-11-29 08:21:00,0,1.0,301.29,187.0
15149.0,134,5,1554.6100000000001,380,22.53057971014493,62,1,2010-02-28 11:13:00,2011-07-29 10:58:00,515,17.2,90.38,76.0
15150.0,17,13,8977.94,6167,15.668307155322863,495,1,2010-06-14 12:01:00,2011-11-22 12:52:00,526,17.5,513.03,474.38
15151.0,423,2,2085.61,795,36.58964912280702,56,1,2010-07-18 12:19:00,2010-10-12 16:37:00,86,2.9,719.18,397.5
15152.0,10,14,5263.83,2994,17.5461,214,1,2010-01-07 15:15:00,2011-11-30 12:32:00,691,23.0,228.86,213.86
15153.0,31,1,329.25,198,14.965909090909092,22,1,2011-11-08 17:09:00,2011-11-08 17:09:00,0,1.0,329.25,198.0
15154.0,75,3,1343.72,333,7.767167630057804,166,1,2010-08-18 17:41:00,2011-09-25 16:05:00,402,13.4,100.28,111.0
15155.0,383,1,383.96999999999997,192,15.99875,24,1,2010-11-21 12:59:00,2010-11-21 12:59:00,0,1.0,383.97,192.0
15156.0,1,3,961.49,597,17.481636363636365,51,1,2011-11-06 12:41:00,2011-12-08 18:22:00,32,1.1,874.08,199.0
15157.0,4,5,2654.11,3466,17.46125,152,1,2009-12-10 14:44:00,2011-12-06 11:28:00,725,24.2,109.67,693.2
15158.0,45,2,606.02,219,55.092727272727274,11,1,2010-11-03 13:46:00,2011-10-25 13:53:00,356,11.9,50.93,109.5
15159.0,2,34,22116.73,13512,27.304604938271606,413,1,2010-10-04 09:31:00,2011-12-08 12:05:00,430,14.3,1546.62,397.41
15160.0,357,4,589.27,307,25.620434782608694,17,1,2010-10-14 15:26:00,2010-12-17 14:15:00,63,2.1,280.6,76.75
15161.0,388,1,119.92,144,3.633939393939394,33,1,2010-11-16 16:08:00,2010-11-16 16:08:00,0,1.0,119.92,144.0
15162.0,731,1,312.9,74,26.075,12,1,2009-12-08 13:14:00,2009-12-08 13:14:00,0,1.0,312.9,74.0
15163.0,18,2,304.47,186,10.49896551724138,29,1,2011-05-31 15:22:00,2011-11-21 13:10:00,173,5.8,52.49,93.0
15164.0,69,9,2028.1100000000001,912,5.761676136363636,243,1,2010-01-18 13:34:00,2011-10-02 12:05:00,621,20.7,97.98,101.33
15165.0,373,1,487.75,160,18.064814814814813,27,1,2010-12-01 14:03:00,2010-12-01 14:03:00,0,1.0,487.75,160.0
15166.0,468,1,167.16,140,13.93,12,1,2010-08-29 12:31:00,2010-08-29 12:31:00,0,1.0,167.16,140.0
15167.0,321,5,1627.62,863,5.3540131578947365,262,1,2010-02-04 14:13:00,2011-01-23 12:41:00,352,11.7,139.11,172.6
15168.0,26,1,106.56,52,21.312,5,1,2011-11-14 11:26:00,2011-11-14 11:26:00,0,1.0,106.56,52.0
15169.0,382,2,569.22,356,9.647796610169491,58,1,2009-12-13 11:16:00,2010-11-22 13:04:00,344,11.5,49.5,178.0
15170.0,407,1,81.15,33,20.2875,4,1,2010-10-29 10:34:00,2010-10-29 10:34:00,0,1.0,81.15,33.0
15171.0,331,1,1289.5,290,257.9,5,1,2011-01-12 15:36:00,2011-01-12 15:36:00,0,1.0,1289.5,290.0
15172.0,9,5,1624.05,1611,14.764090909090909,106,1,2011-04-17 11:56:00,2011-12-01 11:51:00,227,7.6,213.69,322.2
15173.0,381,7,1494.6,840,17.37906976744186,68,1,2010-04-01 12:26:00,2010-11-24 10:21:00,236,7.9,189.19,120.0
15174.0,323,2,481.46,382,14.160588235294117,34,1,2010-10-25 09:40:00,2011-01-21 09:06:00,87,2.9,166.02,191.0
15175.0,72,1,224.14,454,9.745217391304347,23,1,2011-09-29 11:31:00,2011-09-29 11:31:00,0,1.0,224.14,454.0
15176.0,668,1,988.0400000000001,448,19.000769230769233,52,1,2010-02-10 10:36:00,2010-02-10 10:36:00,0,1.0,988.04,448.0
15177.0,426,1,948.9300000000001,485,36.49730769230769,26,1,2010-10-10 12:48:00,2010-10-10 12:48:00,0,1.0,948.93,485.0
15178.0,260,1,40.5,30,13.5,3,1,2011-03-24 15:12:00,2011-03-24 15:12:00,0,1.0,40.5,30.0
15179.0,18,13,7491.92,5416,23.859617834394903,225,1,2009-12-03 12:27:00,2011-11-21 12:53:00,718,23.9,313.47,416.62
15180.0,367,3,816.9300000000001,654,15.710192307692308,46,1,2010-04-29 15:27:00,2010-12-07 14:57:00,221,7.4,110.4,218.0
15181.0,66,5,1200.2,688,60.010000000000005,15,1,2009-12-08 19:02:00,2011-10-04 13:58:00,664,22.1,54.31,137.6
15182.0,154,11,2998.952,1186,23.991616,78,1,2010-02-21 12:03:00,2011-07-08 13:37:00,502,16.7,179.58,107.82
15183.0,548,3,639.93,297,16.840263157894736,33,1,2010-05-04 11:31:00,2010-06-10 10:43:00,36,1.2,533.28,99.0
15184.0,29,4,685.39,462,8.159404761904762,72,1,2009-12-16 12:06:00,2011-11-10 13:41:00,694,23.1,29.67,115.5
15185.0,70,1,310.62,666,14.791428571428572,21,1,2011-09-30 14:06:00,2011-09-30 14:06:00,0,1.0,310.62,666.0
15186.0,14,5,1403.2,716,26.984615384615385,29,1,2010-01-12 10:14:00,2011-11-25 14:58:00,682,22.7,61.81,143.2
15187.0,2,16,4777.18,1887,52.49648351648352,61,1,2011-05-11 13:49:00,2011-12-08 11:56:00,210,7.0,682.45,117.94
15188.0,725,1,310.43,233,13.496956521739131,23,1,2009-12-14 13:30:00,2009-12-14 13:30:00,0,1.0,310.43,233.0
15189.0,1,46,17524.38,6902,72.71526970954358,90,1,2010-07-18 13:37:00,2011-12-08 13:22:00,507,16.9,1036.95,150.04
15190.0,434,1,834.4399999999999,790,20.860999999999997,40,1,2010-10-01 13:09:00,2010-10-01 13:09:00,0,1.0,834.44,790.0
15191.0,463,3,588.05,287,16.80142857142857,33,1,2010-01-20 12:35:00,2010-09-02 15:37:00,225,7.5,78.41,95.67
15192.0,120,5,1666.39,1448,18.311978021978025,56,1,2010-01-29 10:13:00,2011-08-12 11:41:00,560,18.7,89.11,289.6
15193.0,61,1,499.32,144,26.28,19,1,2011-10-10 08:23:00,2011-10-10 08:23:00,0,1.0,499.32,144.0
15194.0,3,28,12021.53,8922,25.255315126050423,274,1,2009-12-03 10:37:00,2011-12-06 15:10:00,733,24.4,492.69,318.64
15195.0,3,1,3861.0,1404,3861.0,1,1,2011-12-07 12:20:00,2011-12-07 12:20:00,0,1.0,3861.0,1404.0
15196.0,433,2,313.7,130,7.469047619047619,34,1,2009-12-13 11:14:00,2010-10-03 10:50:00,293,9.8,32.01,65.0
15197.0,11,6,1877.51,1058,31.82220338983051,44,1,2009-12-11 12:56:00,2011-11-29 10:00:00,717,23.9,78.56,176.33
15198.0,92,5,571.35,327,18.43064516129032,28,1,2010-01-19 10:01:00,2011-09-08 14:42:00,597,19.9,28.71,65.4
15199.0,59,10,3122.4,894,61.22352941176471,17,1,2010-05-13 10:14:00,2011-10-11 15:12:00,516,17.2,181.53,89.4
15200.0,495,1,549.0500000000001,195,18.30166666666667,30,1,2010-08-02 09:38:00,2010-08-02 09:38:00,0,1.0,549.05,195.0
15201.0,87,7,1842.95,1660,18.4295,44,1,2010-04-07 14:50:00,2011-09-13 14:53:00,524,17.5,105.31,237.14
15202.0,420,3,6001.49,3,2000.4966666666667,1,1,2010-10-15 12:39:00,2010-10-15 13:05:00,0,1.0,6001.49,1.0
15203.0,26,15,4400.18,4182,12.828513119533529,150,1,2009-12-08 18:06:00,2011-11-14 08:16:00,705,23.5,187.24,278.8
15204.0,357,1,316.58,258,35.175555555555555,9,1,2010-12-17 13:49:00,2010-12-17 13:49:00,0,1.0,316.58,258.0
15205.0,85,2,653.24,378,17.655135135135136,37,1,2011-08-04 16:07:00,2011-09-15 19:36:00,42,1.4,466.6,189.0
15206.0,10,4,420.3,162,46.7,3,1,2011-03-09 08:59:00,2011-11-29 13:41:00,265,8.8,47.76,40.5
15207.0,416,3,683.92,428,28.496666666666666,19,1,2010-06-10 17:29:00,2010-10-19 13:29:00,130,4.3,159.05,142.67
15208.0,1,6,970.52,356,20.219166666666666,27,1,2010-10-12 12:17:00,2011-12-08 17:24:00,422,14.1,68.83,59.33
15209.0,730,1,178.98000000000002,94,13.76769230769231,13,1,2009-12-09 17:26:00,2009-12-09 17:26:00,0,1.0,178.98,94.0
15210.0,225,3,1176.19,841,17.55507462686567,66,1,2010-05-13 14:42:00,2011-04-28 16:11:00,350,11.7,100.53,280.33
15211.0,60,2,894.4100000000001,240,17.20019230769231,52,1,2010-12-09 16:08:00,2011-10-10 13:31:00,304,10.1,88.56,120.0
15212.0,241,2,208.28,84,20.828,7,1,2010-11-28 10:45:00,2011-04-12 13:45:00,135,4.5,46.28,42.0
15213.0,319,2,328.35,272,13.68125,22,1,2011-01-14 11:05:00,2011-01-25 12:21:00,11,0.4,820.88,136.0
15214.0,2,8,1661.44,1254,15.104000000000001,109,1,2011-04-11 09:46:00,2011-12-08 12:07:00,241,8.0,207.68,156.75
15215.0,47,7,2422.4300000000003,776,21.437433628318587,85,1,2010-04-06 11:21:00,2011-10-24 11:41:00,566,18.9,128.17,110.86
15216.0,88,2,486.09000000000003,217,20.25375,24,1,2010-03-31 09:52:00,2011-09-13 11:41:00,531,17.7,27.46,108.5
15217.0,563,1,426.24,190,15.222857142857142,28,1,2010-05-25 13:51:00,2010-05-25 13:51:00,0,1.0,426.24,190.0
15218.0,11,22,11468.83,6530,28.961691919191917,139,1,2010-01-26 11:33:00,2011-11-29 11:48:00,672,22.4,512.0,296.82
15219.0,176,2,685.45,271,26.36346153846154,26,1,2010-03-01 11:33:00,2011-06-16 16:57:00,472,15.7,43.66,135.5
15220.0,52,6,1778.96,1393,15.204786324786324,110,1,2011-03-04 10:24:00,2011-10-19 12:39:00,229,7.6,234.07,232.17
15221.0,366,4,2062.2,244,71.1103448275862,21,1,2010-03-12 10:40:00,2010-12-08 13:08:00,271,9.0,229.13,61.0
15222.0,319,11,3550.91,4458,25.73123188405797,98,1,2009-12-16 13:49:00,2011-01-25 08:03:00,404,13.5,263.03,405.27
15223.0,226,5,1417.95,385,41.70441176470588,26,1,2009-12-05 11:19:00,2011-04-28 11:31:00,509,17.0,83.41,77.0
15224.0,358,5,871.36,443,24.896,24,1,2010-01-15 16:14:00,2010-12-16 15:02:00,334,11.1,78.5,88.6
15225.0,234,1,409.40000000000003,226,17.8,23,1,2011-04-19 14:51:00,2011-04-19 14:51:00,0,1.0,409.4,226.0
15226.0,311,1,154.41,71,19.30125,8,1,2011-02-02 11:41:00,2011-02-02 11:41:00,0,1.0,154.41,71.0
15227.0,37,9,2488.4900000000002,1217,20.737416666666668,86,1,2010-03-16 08:23:00,2011-11-03 11:59:00,597,19.9,125.05,135.22
15228.0,66,6,5580.27,3375,23.847307692307695,184,1,2010-07-28 10:21:00,2011-10-04 13:56:00,433,14.4,387.52,562.5
15229.0,586,1,160.5,114,17.833333333333332,9,1,2010-05-02 13:50:00,2010-05-02 13:50:00,0,1.0,160.5,114.0
15230.0,239,2,429.6,351,18.678260869565218,23,1,2011-04-13 11:04:00,2011-04-14 14:39:00,1,1.0,429.6,175.5
15231.0,621,1,250.26000000000002,190,17.875714285714288,14,1,2010-03-28 15:12:00,2010-03-28 15:12:00,0,1.0,250.26,190.0
15232.0,113,2,612.06,686,19.743870967741934,26,1,2011-07-22 12:21:00,2011-08-18 16:27:00,27,0.9,680.07,343.0
15233.0,401,1,59.400000000000006,12,59.400000000000006,1,1,2010-11-03 13:36:00,2010-11-03 13:36:00,0,1.0,59.4,12.0
15234.0,277,1,197.0,196,14.071428571428571,14,1,2011-03-08 08:53:00,2011-03-08 08:53:00,0,1.0,197.0,196.0
15235.0,218,16,2772.76,1676,15.577303370786518,161,1,2010-11-16 12:48:00,2011-05-06 09:44:00,170,5.7,486.45,104.75
15236.0,299,1,321.05,269,21.403333333333332,15,1,2011-02-14 10:52:00,2011-02-14 10:52:00,0,1.0,321.05,269.0
15237.0,2,4,1412.32,1071,14.265858585858584,94,1,2011-04-26 15:04:00,2011-12-08 09:46:00,225,7.5,188.31,267.75
15238.0,29,3,1071.99,692,21.4398,49,1,2011-06-08 16:00:00,2011-11-10 14:28:00,154,5.1,210.19,230.67
15239.0,10,2,780.59,594,15.930408163265307,48,1,2011-09-22 09:53:00,2011-11-29 14:14:00,68,2.3,339.39,297.0
15240.0,45,12,4459.9800000000005,3214,19.910625000000003,134,1,2009-12-05 14:57:00,2011-10-26 09:50:00,689,23.0,193.91,267.83
15241.0,67,11,3050.16,3328,16.57695652173913,120,1,2010-02-23 13:59:00,2011-10-04 09:05:00,587,19.6,155.62,302.55
15242.0,422,1,302.04,196,75.51,4,1,2010-10-13 15:33:00,2010-10-13 15:33:00,0,1.0,302.04,196.0
15243.0,74,2,927.28,543,15.201311475409836,56,1,2010-09-30 17:28:00,2011-09-26 14:12:00,360,12.0,77.27,271.5
15244.0,65,3,912.08,472,19.00166666666667,44,1,2010-02-11 14:48:00,2011-10-05 13:19:00,600,20.0,45.6,157.33
15245.0,134,8,4610.84,3021,31.154324324324325,72,1,2010-04-23 14:23:00,2011-07-28 18:56:00,461,15.4,299.41,377.62
15246.0,238,3,780.4,359,15.301960784313724,45,1,2010-06-02 11:28:00,2011-04-15 14:45:00,317,10.6,73.62,119.67
15247.0,122,3,976.06,514,57.41529411764706,13,1,2010-06-20 14:08:00,2011-08-09 12:52:00,414,13.8,70.73,171.33
15248.0,411,3,1893.93,1065,17.867264150943395,103,1,2010-06-23 14:34:00,2010-10-24 13:09:00,122,4.1,461.93,355.0
15249.0,32,18,9266.0,4980,18.45816733067729,304,1,2010-03-26 14:51:00,2011-11-08 11:45:00,591,19.7,470.36,276.67
15250.0,641,1,60.0,48,20.0,3,1,2010-03-09 07:35:00,2010-03-09 07:35:00,0,1.0,60.0,48.0
15251.0,9,21,20324.54,12108,88.3675652173913,183,1,2010-01-29 12:42:00,2011-11-30 15:02:00,670,22.3,911.41,576.57
15252.0,36,5,2103.41,1430,17.82550847457627,106,1,2010-04-07 10:24:00,2011-11-03 13:30:00,575,19.2,109.55,286.0
15253.0,16,8,2055.09,1588,17.716293103448276,102,1,2010-05-02 11:17:00,2011-11-23 16:22:00,570,19.0,108.16,198.5
15254.0,127,3,1088.35,711,16.244029850746266,64,1,2010-05-28 10:08:00,2011-08-04 15:04:00,433,14.4,75.58,237.0
15255.0,67,9,3706.02,2214,19.71287234042553,137,1,2009-12-03 09:10:00,2011-10-04 12:43:00,670,22.3,166.19,246.0
15256.0,149,2,170.4,92,17.04,6,1,2010-05-27 11:41:00,2011-07-14 11:47:00,413,13.8,12.35,46.0
15257.0,283,2,685.9,71,57.15833333333333,11,1,2010-10-21 14:03:00,2011-03-01 12:58:00,130,4.3,159.51,35.5
15258.0,169,2,623.16,142,18.328235294117647,32,1,2011-05-06 14:16:00,2011-06-24 12:30:00,48,1.6,389.48,71.0
15259.0,513,4,1182.3799999999999,631,20.74350877192982,50,1,2010-01-26 09:41:00,2010-07-15 08:47:00,169,5.6,211.14,157.75
15260.0,100,25,8767.73,4468,23.01241469816273,186,1,2009-12-06 11:45:00,2011-08-31 13:55:00,633,21.1,415.53,178.72
15261.0,135,4,1508.0,806,16.391304347826086,87,1,2010-10-01 11:59:00,2011-07-27 15:20:00,299,10.0,150.8,201.5
15262.0,324,3,418.82,218,16.108461538461537,22,1,2010-08-08 15:55:00,2011-01-20 12:16:00,164,5.5,76.15,72.67
15263.0,107,1,156.51,89,13.042499999999999,12,1,2011-08-25 10:26:00,2011-08-25 10:26:00,0,1.0,156.51,89.0
15264.0,64,2,848.4,443,15.425454545454546,52,1,2010-06-27 13:29:00,2011-10-06 13:49:00,466,15.5,54.74,221.5
15265.0,151,4,3345.64,1570,17.334922279792746,179,1,2009-12-01 17:08:00,2011-07-11 14:46:00,586,19.5,171.57,392.5
15266.0,338,5,852.21,236,18.938000000000002,38,1,2010-01-07 12:19:00,2011-01-05 13:40:00,363,12.1,70.43,47.2
15267.0,22,5,1717.36,944,156.12363636363636,8,1,2011-06-10 10:24:00,2011-11-17 15:59:00,160,5.3,324.03,188.8
15268.0,479,3,961.9000000000001,428,43.722727272727276,21,1,2010-04-13 11:27:00,2010-08-18 10:33:00,126,4.2,229.02,142.67
15269.0,24,3,1225.3600000000001,372,35.010285714285715,33,1,2010-11-14 12:58:00,2011-11-16 09:32:00,366,12.2,100.44,124.0
15270.0,16,21,8524.86,4010,50.74321428571429,66,1,2009-12-17 15:02:00,2011-11-24 09:24:00,706,23.5,362.76,190.95
15271.0,7,24,4528.54,2412,7.94480701754386,369,1,2010-08-05 14:57:00,2011-12-02 14:11:00,483,16.1,281.28,100.5
15272.0,57,6,2030.95,665,7.101223776223776,257,1,2010-02-14 13:39:00,2011-10-13 12:59:00,605,20.2,100.54,110.83
15273.0,600,1,228.96,216,228.96,1,1,2010-04-19 11:31:00,2010-04-19 11:31:00,0,1.0,228.96,216.0
15274.0,4,2,716.57,619,15.246170212765959,44,1,2011-11-21 14:17:00,2011-12-05 16:57:00,14,0.5,1433.14,309.5
15275.0,38,1,615.14,498,15.003414634146342,41,1,2011-11-02 11:20:00,2011-11-02 11:20:00,0,1.0,615.14,498.0
15276.0,66,4,619.8,317,3.482022471910112,160,1,2010-10-01 12:24:00,2011-10-04 16:39:00,368,12.3,50.39,79.25
15277.0,47,2,476.34000000000003,373,18.320769230769233,23,1,2010-10-10 16:02:00,2011-10-24 10:08:00,378,12.6,37.8,186.5
15278.0,562,4,496.16,458,17.10896551724138,29,1,2010-02-12 14:53:00,2010-05-27 10:03:00,103,3.4,145.93,114.5
15279.0,355,5,1580.54,802,16.814255319148934,74,1,2010-02-02 10:15:00,2010-12-20 10:48:00,321,10.7,147.71,160.4
15280.0,172,3,397.52,507,6.625333333333333,48,1,2010-05-17 14:17:00,2011-06-20 17:14:00,399,13.3,29.89,169.0
15281.0,59,16,8543.57,5233,16.36699233716475,427,1,2010-10-08 12:14:00,2011-10-12 09:10:00,368,12.3,694.6,327.06
15282.0,570,1,348.59,395,12.91074074074074,27,1,2010-05-18 16:27:00,2010-05-18 16:27:00,0,1.0,348.59,395.0
15283.0,390,3,148.32999999999998,27,16.481111111111108,9,1,2010-07-09 15:46:00,2010-11-14 14:54:00,127,4.2,35.32,9.0
15284.0,500,1,24.75,5,24.75,1,1,2010-07-27 13:25:00,2010-07-27 13:25:00,0,1.0,24.75,5.0
15285.0,408,1,94.92,120,15.82,6,1,2010-10-28 09:46:00,2010-10-28 09:46:00,0,1.0,94.92,120.0
15286.0,50,1,240.55,55,80.18333333333334,3,1,2011-10-21 11:08:00,2011-10-21 11:08:00,0,1.0,240.55,55.0
15287.0,22,5,856.03,1010,23.77861111111111,23,1,2009-12-02 12:13:00,2011-11-17 15:34:00,715,23.8,35.97,202.0
15288.0,43,10,3715.38,1336,24.283529411764707,128,1,2010-02-12 15:27:00,2011-10-27 16:58:00,622,20.7,179.49,133.6
15289.0,29,5,1593.09,1627,16.42360824742268,67,1,2010-03-28 11:45:00,2011-11-10 13:49:00,592,19.7,80.87,325.4
15290.0,5,26,10496.28,6567,35.946164383561644,106,1,2010-02-24 10:15:00,2011-12-05 11:39:00,649,21.6,485.94,252.58
15291.0,26,40,13517.76,4905,55.400655737704916,116,1,2009-12-03 11:09:00,2011-11-14 11:02:00,710,23.7,570.37,122.62
15292.0,201,1,178.39,55,7.432916666666666,24,1,2011-05-22 15:00:00,2011-05-22 15:00:00,0,1.0,178.39,55.0
15293.0,666,1,247.5,178,13.026315789473685,19,1,2010-02-12 11:54:00,2010-02-12 11:54:00,0,1.0,247.5,178.0
15294.0,411,1,233.35,97,15.556666666666667,15,1,2010-10-25 11:45:00,2010-10-25 11:45:00,0,1.0,233.35,97.0
15295.0,654,1,207.04,139,3.9815384615384612,50,1,2010-02-23 13:03:00,2010-02-23 13:03:00,0,1.0,207.04,139.0
15296.0,51,12,10323.03,5452,19.331516853932584,342,1,2010-01-21 13:48:00,2011-10-20 11:47:00,636,21.2,486.94,454.33
15297.0,10,3,641.94,292,16.46,30,1,2011-10-07 09:42:00,2011-11-29 16:32:00,53,1.8,356.63,97.33
15298.0,2,23,9061.77,6000,21.321811764705885,199,1,2009-12-08 17:04:00,2011-12-07 17:17:00,729,24.3,372.91,260.87
15299.0,67,10,6156.53,3356,615.653,9,1,2010-01-12 11:34:00,2011-10-03 14:19:00,629,21.0,293.17,335.6
15300.0,64,1,496.44,292,17.73,28,1,2011-10-06 17:08:00,2011-10-06 17:08:00,0,1.0,496.44,292.0
15301.0,51,17,6909.67,3763,20.028028985507248,231,1,2010-09-15 15:41:00,2011-10-20 09:57:00,399,13.3,519.52,221.35
15302.0,730,1,308.0,102,20.533333333333335,15,1,2009-12-09 13:11:00,2009-12-09 13:11:00,0,1.0,308.0,102.0
15303.0,290,3,1224.18,514,17.741739130434784,63,1,2010-01-25 09:42:00,2011-02-22 13:59:00,393,13.1,93.45,171.33
15304.0,61,9,796.4,112,33.18333333333333,8,1,2010-10-14 10:24:00,2011-10-10 10:23:00,360,12.0,66.37,12.44
15305.0,555,1,93.6,40,18.72,5,1,2010-06-02 13:50:00,2010-06-02 13:50:00,0,1.0,93.6,40.0
15306.0,64,9,3484.73,3074,21.51067901234568,123,1,2010-02-18 17:12:00,2011-10-06 12:56:00,594,19.8,176.0,341.56
15307.0,96,1,205.3,37,17.108333333333334,12,1,2011-09-05 11:38:00,2011-09-05 11:38:00,0,1.0,205.3,37.0
15308.0,274,1,310.47,175,16.340526315789475,19,1,2011-03-10 13:08:00,2011-03-10 13:08:00,0,1.0,310.47,175.0
15309.0,611,4,797.96,440,14.777037037037038,49,1,2009-12-04 13:01:00,2010-04-08 11:11:00,124,4.1,194.62,110.0
15310.0,479,1,1634.64,1476,36.32533333333333,45,1,2010-08-18 11:38:00,2010-08-18 11:38:00,0,1.0,1634.64,1476.0
15311.0,1,208,114966.42,70149,26.699122155132372,864,1,2009-12-01 11:21:00,2011-12-09 12:00:00,738,24.6,4673.43,337.25
15312.0,75,12,2930.19,1693,17.976625766871166,118,1,2009-12-16 09:23:00,2011-09-25 13:10:00,648,21.6,135.66,141.08
15313.0,110,1,52.0,25,52.0,1,1,2011-08-21 16:02:00,2011-08-21 16:02:00,0,1.0,52.0,25.0
15314.0,199,3,820.45,750,16.409000000000002,49,1,2010-10-07 15:41:00,2011-05-24 14:39:00,228,7.6,107.95,250.0
15315.0,64,2,570.5,862,15.41891891891892,35,1,2011-08-15 15:17:00,2011-10-06 12:51:00,51,1.7,335.59,431.0
15316.0,327,1,165.0,100,165.0,1,1,2011-01-17 11:34:00,2011-01-17 11:34:00,0,1.0,165.0,100.0
15317.0,677,1,129.75,45,25.95,5,1,2010-01-31 15:55:00,2010-01-31 15:55:00,0,1.0,129.75,45.0
15318.0,4,1,312.62,642,9.473333333333333,33,1,2011-12-06 11:30:00,2011-12-06 11:30:00,0,1.0,312.62,642.0
15319.0,284,1,204.5,175,12.78125,16,1,2011-03-01 12:48:00,2011-03-01 12:48:00,0,1.0,204.5,175.0
15320.0,44,1,267.13,326,7.420277777777778,36,1,2011-10-26 13:27:00,2011-10-26 13:27:00,0,1.0,267.13,326.0
15321.0,71,12,6709.7300000000005,3653,21.714336569579288,242,1,2010-02-03 09:47:00,2011-09-30 09:40:00,603,20.1,333.82,304.42
15322.0,86,2,1390.86,971,16.75734939759036,76,1,2010-08-20 13:10:00,2011-09-15 09:34:00,390,13.0,106.99,485.5
15323.0,563,3,434.6,188,14.986206896551725,29,1,2010-02-16 09:21:00,2010-05-26 10:01:00,99,3.3,131.7,62.67
15324.0,701,1,140.22000000000003,74,17.527500000000003,8,1,2010-01-07 14:37:00,2010-01-07 14:37:00,0,1.0,140.22,74.0
15325.0,104,8,1601.46,1382,7.149375,164,1,2010-02-16 13:30:00,2011-08-28 11:55:00,557,18.6,86.1,172.75
15326.0,334,5,1700.52,1351,13.182325581395348,94,1,2009-12-01 13:19:00,2011-01-10 11:38:00,404,13.5,125.96,270.2
15327.0,53,1,208.75,116,20.875,10,1,2011-10-18 11:55:00,2011-10-18 11:55:00,0,1.0,208.75,116.0
15328.0,408,1,107.24,88,13.405,8,1,2010-10-28 09:05:00,2010-10-28 09:05:00,0,1.0,107.24,88.0
15329.0,39,11,2958.83,1217,19.213181818181816,98,1,2009-12-14 12:18:00,2011-10-31 15:36:00,686,22.9,129.21,110.64
15330.0,32,2,714.9599999999999,1312,54.99692307692307,10,1,2011-10-10 12:30:00,2011-11-07 17:50:00,28,0.9,794.4,656.0
15331.0,500,3,767.91,701,17.4525,41,1,2010-04-09 14:26:00,2010-07-28 09:42:00,109,3.6,213.31,233.67
15332.0,366,6,4892.68,2306,31.770649350649354,113,1,2010-07-14 13:01:00,2010-12-08 14:43:00,147,4.9,998.51,384.33
15333.0,208,1,1028.56,344,64.285,16,1,2011-05-15 13:27:00,2011-05-15 13:27:00,0,1.0,1028.56,344.0
15334.0,157,3,350.82,273,3.579795918367347,67,1,2011-06-19 13:51:00,2011-07-06 11:22:00,16,0.5,701.64,91.0
15335.0,54,1,170.22,79,4.863428571428571,34,1,2011-10-17 12:50:00,2011-10-17 12:50:00,0,1.0,170.22,79.0
15336.0,402,1,240.5,84,16.033333333333335,15,1,2010-11-03 12:39:00,2010-11-03 12:39:00,0,1.0,240.5,84.0
15337.0,411,1,373.02,200,17.762857142857143,21,1,2010-10-24 15:29:00,2010-10-24 15:29:00,0,1.0,373.02,200.0
15338.0,677,1,277.93,148,4.791896551724138,56,1,2010-01-31 14:25:00,2010-01-31 14:25:00,0,1.0,277.93,148.0
15339.0,66,7,1821.02,1138,8.277363636363637,162,1,2010-02-08 13:38:00,2011-10-04 12:51:00,602,20.1,90.6,162.57
15340.0,562,1,105.5,76,15.071428571428571,7,1,2010-05-27 10:27:00,2010-05-27 10:27:00,0,1.0,105.5,76.0
15341.0,81,2,2402.72,1008,100.11333333333333,22,1,2010-09-16 16:41:00,2011-09-20 09:40:00,368,12.3,195.34,504.0
15342.0,130,1,406.09000000000003,283,16.920416666666668,24,1,2011-08-02 10:19:00,2011-08-02 10:19:00,0,1.0,406.09,283.0
15343.0,87,1,364.5,84,17.357142857142858,21,1,2011-09-13 13:55:00,2011-09-13 13:55:00,0,1.0,364.5,84.0
15344.0,1,3,563.94,116,21.69,21,1,2011-09-26 14:48:00,2011-12-09 10:45:00,73,2.4,234.98,38.67
15345.0,46,1,393.54,81,19.677,20,1,2011-10-25 11:28:00,2011-10-25 11:28:00,0,1.0,393.54,81.0
15346.0,333,3,596.12,260,16.111351351351352,36,1,2010-10-04 15:11:00,2011-01-11 11:18:00,98,3.3,180.64,86.67
15347.0,366,4,1162.0,542,32.27777777777778,29,1,2010-09-28 12:50:00,2010-12-08 15:25:00,71,2.4,484.17,135.5
15348.0,72,1,158.04,84,17.56,9,1,2011-09-28 13:17:00,2011-09-28 13:17:00,0,1.0,158.04,84.0
15349.0,158,2,463.91,321,6.533943661971831,65,1,2011-06-05 15:46:00,2011-07-04 16:06:00,29,1.0,463.91,160.5
15350.0,373,2,547.6,272,18.253333333333334,26,1,2010-11-21 15:14:00,2010-12-01 13:33:00,9,0.3,1825.33,136.0
15351.0,12,10,3430.22,1350,10.924267515923566,201,1,2010-10-03 12:18:00,2011-11-27 12:52:00,420,14.0,245.02,135.0
15352.0,549,1,111.15,40,3.269117647058824,34,1,2010-06-09 11:28:00,2010-06-09 11:28:00,0,1.0,111.15,40.0
15353.0,255,7,2794.47,1391,7.762416666666666,274,1,2009-12-02 11:33:00,2011-03-30 12:15:00,483,16.1,173.57,198.71
15354.0,603,3,284.4,3,94.8,1,1,2010-04-15 16:17:00,2010-04-15 16:24:00,0,1.0,284.4,1.0
15355.0,29,2,277.05,45,19.789285714285715,9,1,2011-10-17 15:22:00,2011-11-10 13:44:00,23,0.8,346.31,22.5
15356.0,31,13,3239.57,1892,4.842406576980569,290,1,2010-10-13 13:12:00,2011-11-08 13:11:00,390,13.0,249.2,145.54
15358.0,5,42,16425.86,14902,15.083434343434345,359,1,2009-12-07 12:19:00,2011-12-05 09:04:00,727,24.2,678.75,354.81
15359.0,663,8,181.35,145,11.334375,10,1,2010-01-15 11:30:00,2010-02-15 10:47:00,30,1.0,181.35,18.12
15360.0,40,1,427.93,223,32.917692307692306,13,1,2011-10-31 09:35:00,2011-10-31 09:35:00,0,1.0,427.93,223.0
15361.0,362,4,689.07,373,68.90700000000001,10,1,2010-06-14 13:27:00,2010-12-13 09:52:00,181,6.0,114.85,93.25
15362.0,449,2,613.08,368,15.327000000000002,38,1,2009-12-01 09:08:00,2010-09-17 10:37:00,290,9.7,63.2,184.0
15363.0,373,2,678.11,383,19.37457142857143,32,1,2010-08-04 08:41:00,2010-12-02 12:28:00,120,4.0,169.53,191.5
15364.0,96,2,913.19,493,31.489310344827587,29,1,2011-03-30 13:39:00,2011-09-05 09:46:00,158,5.3,172.3,246.5
15365.0,26,13,4557.13,2131,20.904266055045873,126,1,2010-02-04 16:43:00,2011-11-14 08:29:00,647,21.6,210.98,163.92
15366.0,75,7,2389.08,2447,17.312173913043477,86,1,2010-02-26 10:10:00,2011-09-25 15:01:00,576,19.2,124.43,349.57
15367.0,57,11,5081.33,2944,18.212652329749105,214,1,2009-12-10 14:20:00,2011-10-13 14:13:00,671,22.4,226.85,267.64
15368.0,21,2,722.74,406,90.3425,8,1,2010-11-10 15:52:00,2011-11-18 14:42:00,372,12.4,58.29,203.0
15369.0,492,11,6251.26,3288,105.9535593220339,44,1,2009-12-08 07:43:00,2010-08-04 13:54:00,239,8.0,781.41,298.91
15370.0,41,8,3739.01,1397,25.965347222222224,90,1,2010-10-25 12:08:00,2011-10-30 10:58:00,369,12.3,303.98,174.62
15371.0,662,1,59.400000000000006,12,59.400000000000006,1,1,2010-02-15 13:14:00,2010-02-15 13:14:00,0,1.0,59.4,12.0
15372.0,137,8,6017.0599999999995,6410,105.56245614035087,45,1,2010-02-14 11:24:00,2011-07-25 16:39:00,526,17.5,343.83,801.25
15373.0,8,17,3084.54,726,16.32031746031746,107,1,2010-05-02 11:57:00,2011-12-01 15:05:00,578,19.3,159.82,42.71
15374.0,129,2,307.32,290,30.732,8,1,2010-03-25 12:03:00,2011-08-03 09:59:00,495,16.5,18.63,145.0
15375.0,690,1,60.959999999999994,84,10.159999999999998,6,1,2010-01-18 15:38:00,2010-01-18 15:38:00,0,1.0,60.96,84.0
15376.0,40,3,1221.56,615,10.530689655172413,100,1,2011-05-01 13:45:00,2011-10-30 15:04:00,182,6.1,200.26,205.0
15377.0,383,4,1211.75,253,57.70238095238095,15,1,2010-10-20 11:42:00,2010-11-22 08:55:00,32,1.1,1101.59,63.25
15378.0,463,2,246.5,130,20.541666666666668,8,1,2010-07-26 08:47:00,2010-09-03 11:30:00,39,1.3,189.62,65.0
15379.0,169,8,4877.84,3000,18.546920152091257,177,1,2010-11-04 11:59:00,2011-06-23 13:13:00,231,7.7,633.49,375.0
15380.0,9,11,3248.96,954,62.480000000000004,27,1,2009-12-01 13:50:00,2011-12-01 12:13:00,729,24.3,133.7,86.73
15381.0,214,5,1890.57,802,78.77374999999999,20,1,2010-05-05 14:35:00,2011-05-10 11:55:00,369,12.3,153.7,160.4
15382.0,15,12,13733.550000000001,9178,21.730300632911394,315,1,2009-12-04 14:13:00,2011-11-25 10:58:00,720,24.0,572.23,764.83
15384.0,170,4,2027.79,1767,17.184661016949153,83,1,2010-04-26 12:38:00,2011-06-23 10:57:00,422,14.1,143.81,441.75
15385.0,40,3,942.08,428,44.860952380952384,18,1,2010-01-31 13:02:00,2011-10-30 15:11:00,637,21.2,44.44,142.67
15386.0,186,1,394.14,446,12.714193548387096,31,1,2011-06-06 13:47:00,2011-06-06 13:47:00,0,1.0,394.14,446.0
15387.0,492,1,468.65,335,23.432499999999997,20,1,2010-08-04 16:05:00,2010-08-04 16:05:00,0,1.0,468.65,335.0
15388.0,270,1,140.54,88,14.053999999999998,10,1,2011-03-14 13:53:00,2011-03-14 13:53:00,0,1.0,140.54,88.0
15389.0,172,5,2733.8,3940,455.6333333333334,2,1,2010-01-27 12:44:00,2011-06-20 16:18:00,509,17.0,160.81,788.0
15390.0,396,2,1216.66,894,15.800779220779221,77,1,2010-10-26 17:23:00,2010-11-08 15:19:00,12,0.4,3041.65,447.0
15391.0,584,1,289.87,109,24.155833333333334,12,1,2010-05-04 15:04:00,2010-05-04 15:04:00,0,1.0,289.87,109.0
15392.0,5,7,2911.62,2144,20.219583333333333,100,1,2010-10-04 12:50:00,2011-12-05 11:01:00,426,14.2,205.04,306.29
15393.0,16,5,891.34,378,20.257727272727273,37,1,2009-12-15 17:56:00,2011-11-23 16:48:00,707,23.6,37.77,75.6
15394.0,10,11,5286.8,2372,23.28986784140969,129,1,2009-12-15 19:05:00,2011-11-30 11:49:00,714,23.8,222.13,215.64
15395.0,326,1,107.45,17,15.35,7,1,2011-01-18 12:40:00,2011-01-18 12:40:00,0,1.0,107.45,17.0
15396.0,113,2,796.38,278,49.77375,16,1,2010-05-05 09:04:00,2011-08-19 10:56:00,471,15.7,50.72,139.0
15397.0,290,1,94.0,20,15.666666666666666,6,1,2011-02-23 09:25:00,2011-02-23 09:25:00,0,1.0,94.0,20.0
15398.0,16,2,1345.53,769,18.43191780821918,60,1,2011-09-22 14:56:00,2011-11-23 16:47:00,62,2.1,640.73,384.5
15399.0,1,3,815.77,611,16.3154,45,1,2011-09-21 15:57:00,2011-12-08 13:04:00,77,2.6,313.76,203.67
15400.0,92,8,1302.3,662,48.233333333333334,16,1,2010-05-28 08:33:00,2011-09-08 13:57:00,468,15.6,83.48,82.75
15401.0,452,2,216.95,93,15.49642857142857,14,1,2010-05-20 10:56:00,2010-09-13 13:42:00,116,3.9,55.63,46.5
15402.0,149,6,1830.54,2034,13.973587786259541,79,1,2010-04-27 12:12:00,2011-07-14 12:17:00,443,14.8,123.69,339.0
15403.0,492,2,170.88,492,21.36,6,1,2009-12-09 12:45:00,2010-08-05 12:21:00,238,7.9,21.63,246.0
15404.0,376,1,257.06,334,16.06625,16,1,2010-11-29 11:03:00,2010-11-29 11:03:00,0,1.0,257.06,334.0
15405.0,189,2,659.84,348,21.994666666666667,29,1,2010-05-12 15:56:00,2011-06-03 14:44:00,386,12.9,51.15,174.0
15406.0,31,4,975.87,547,7.998934426229508,108,1,2010-09-12 13:06:00,2011-11-08 13:22:00,422,14.1,69.21,136.75
15407.0,34,4,1046.74,552,7.072567567567567,142,1,2011-02-07 13:18:00,2011-11-06 11:55:00,271,9.0,116.3,138.0
15408.0,264,1,267.18,106,7.858235294117647,34,1,2011-03-20 15:02:00,2011-03-20 15:02:00,0,1.0,267.18,106.0
15409.0,721,1,131.25,59,14.583333333333334,9,1,2009-12-18 15:35:00,2009-12-18 15:35:00,0,1.0,131.25,59.0
15410.0,84,10,4685.72,1902,28.9241975308642,80,1,2010-04-19 08:57:00,2011-09-16 14:47:00,515,17.2,272.43,190.2
15411.0,26,4,1348.93,529,13.764591836734695,86,1,2011-06-10 12:30:00,2011-11-13 15:19:00,156,5.2,259.41,132.25
15412.0,171,1,190.53,108,19.053,10,1,2011-06-21 15:24:00,2011-06-21 15:24:00,0,1.0,190.53,108.0
15413.0,692,5,6798.72,2694,271.9488,20,1,2009-12-01 10:18:00,2010-01-17 11:33:00,47,1.6,4249.2,538.8
15414.0,10,3,774.9000000000001,443,19.86923076923077,37,1,2011-04-11 13:45:00,2011-11-30 09:50:00,232,7.7,100.64,147.67
15415.0,313,1,559.61,551,11.906595744680851,46,1,2011-01-30 14:13:00,2011-01-30 14:13:00,0,1.0,559.61,551.0
15416.0,65,7,4572.82,2420,20.056228070175436,189,1,2010-02-01 11:55:00,2011-10-06 09:38:00,611,20.4,224.16,345.71
15417.0,85,1,508.8,284,18.17142857142857,28,1,2011-09-15 15:26:00,2011-09-15 15:26:00,0,1.0,508.8,284.0
15418.0,425,2,449.42,264,6.609117647058824,64,1,2010-05-02 11:31:00,2010-10-10 13:38:00,161,5.4,83.23,132.0
15419.0,25,1,135.86,230,16.9825,8,1,2011-11-15 09:23:00,2011-11-15 09:23:00,0,1.0,135.86,230.0
15420.0,434,6,743.0,844,13.267857142857142,52,1,2009-12-05 13:29:00,2010-10-01 15:46:00,300,10.0,74.3,140.67
15421.0,59,10,3805.34,1927,12.042215189873419,170,1,2009-12-07 15:10:00,2011-10-12 09:20:00,673,22.4,169.88,192.7
15422.0,323,7,1619.97,710,13.49975,80,1,2010-02-07 11:52:00,2011-01-20 16:17:00,347,11.6,139.65,101.43
15423.0,38,3,266.89,198,19.06357142857143,13,1,2010-03-28 13:42:00,2011-11-01 14:01:00,583,19.4,13.76,66.0
15424.0,254,3,597.78,873,18.114545454545453,33,1,2010-09-02 17:17:00,2011-03-30 13:02:00,208,6.9,86.63,291.0
15425.0,400,4,1941.1200000000001,1041,13.574265734265735,114,1,2010-02-14 12:36:00,2010-11-04 18:13:00,263,8.8,220.58,260.25
15426.0,19,9,2156.35,1041,5.026456876456876,327,1,2010-05-02 15:10:00,2011-11-20 15:36:00,567,18.9,114.09,115.67
15427.0,33,3,1430.54,967,4.899109589041096,233,1,2011-10-23 14:47:00,2011-11-06 14:29:00,13,0.4,3576.35,322.33
15428.0,15,4,762.75,347,17.335227272727273,39,1,2009-12-17 17:46:00,2011-11-24 16:54:00,706,23.5,32.46,86.75
15429.0,27,2,397.35,380,4.845731707317073,77,1,2011-09-25 13:42:00,2011-11-13 12:28:00,48,1.6,248.34,190.0
15430.0,468,2,954.75,309,26.520833333333332,36,1,2010-06-29 15:04:00,2010-08-29 10:42:00,60,2.0,477.38,154.5
15431.0,503,1,153.24,84,76.62,2,1,2010-07-25 12:44:00,2010-07-25 12:44:00,0,1.0,153.24,84.0
15432.0,23,2,320.76,92,20.0475,16,1,2010-06-16 14:34:00,2011-11-16 16:30:00,518,17.3,18.54,46.0
15433.0,214,2,533.3,534,13.00731707317073,40,1,2011-03-17 14:12:00,2011-05-10 10:45:00,53,1.8,296.28,267.0
15434.0,8,11,2567.06,1423,19.157164179104477,82,1,2010-01-24 15:35:00,2011-12-01 13:33:00,675,22.5,114.09,129.36
15435.0,22,1,149.29,54,5.147931034482759,29,1,2011-11-17 16:39:00,2011-11-17 16:39:00,0,1.0,149.29,54.0
15436.0,12,3,1067.75,574,3.6692439862542954,243,1,2011-04-19 16:52:00,2011-11-27 16:05:00,221,7.4,144.29,191.33
15437.0,262,2,393.45,177,6.902631578947368,56,1,2010-03-09 10:45:00,2011-03-22 13:11:00,378,12.6,31.23,88.5
15438.0,131,1,156.57999999999998,59,6.263199999999999,25,1,2011-07-31 14:19:00,2011-07-31 14:19:00,0,1.0,156.58,59.0
15439.0,405,4,1269.05,572,22.264035087719297,49,1,2010-02-24 12:05:00,2010-10-31 10:38:00,248,8.3,152.9,143.0
15440.0,55,3,383.68,197,6.188387096774194,50,1,2011-05-15 11:30:00,2011-10-16 12:16:00,154,5.1,75.23,65.67
15441.0,396,3,1254.21,587,22.003684210526316,45,1,2009-12-09 14:55:00,2010-11-08 15:50:00,334,11.1,112.99,195.67
15442.0,249,1,594.0,120,297.0,2,1,2011-04-05 12:24:00,2011-04-05 12:24:00,0,1.0,594.0,120.0
15443.0,2,14,5114.2300000000005,2699,8.182768000000001,408,1,2010-03-07 12:10:00,2011-12-08 10:40:00,640,21.3,240.1,192.79
15444.0,9,2,1411.21,759,6.594439252336449,191,1,2011-10-30 16:12:00,2011-11-30 17:37:00,31,1.0,1411.21,379.5
15445.0,264,2,284.5,118,20.321428571428573,12,1,2010-04-28 15:00:00,2011-03-20 15:06:00,326,10.9,26.1,59.0
15446.0,377,3,399.75,265,3.5691964285714284,90,1,2009-12-13 13:53:00,2010-11-28 11:59:00,349,11.6,34.46,88.33
15447.0,331,5,492.88,228,16.99586206896552,27,1,2010-03-24 14:40:00,2011-01-13 11:26:00,294,9.8,50.29,45.6
15448.0,313,2,788.8100000000001,487,16.098163265306123,49,1,2010-02-03 13:29:00,2011-01-31 10:42:00,361,12.0,65.73,243.5
15449.0,26,3,974.52,812,16.242,47,1,2011-03-23 10:43:00,2011-11-13 15:02:00,235,7.8,124.94,270.67
15450.0,30,1,429.84,376,14.328,30,1,2011-11-09 17:11:00,2011-11-09 17:11:00,0,1.0,429.84,376.0
15451.0,434,2,226.86,76,3.781,56,1,2010-04-19 14:08:00,2010-10-01 13:40:00,164,5.5,41.25,38.0
15452.0,30,6,1785.1100000000001,1087,8.970402010050252,158,1,2010-07-16 14:23:00,2011-11-10 12:13:00,481,16.0,111.57,181.17
15453.0,2,7,1371.77,837,4.91673835125448,169,1,2011-06-05 12:37:00,2011-12-08 10:59:00,185,6.2,221.25,119.57
15454.0,362,2,305.99,146,7.64975,35,1,2010-03-31 13:15:00,2010-12-12 14:21:00,256,8.5,36.0,73.0
15455.0,598,1,38.25,3,19.125,2,1,2010-04-21 12:43:00,2010-04-21 12:43:00,0,1.0,38.25,3.0
15456.0,283,10,2091.52,2727,9.21374449339207,128,1,2009-12-08 12:54:00,2011-03-01 13:51:00,448,14.9,140.37,272.7
15457.0,262,1,237.07,132,4.087413793103448,56,1,2011-03-22 15:31:00,2011-03-22 15:31:00,0,1.0,237.07,132.0
15458.0,25,2,370.44,300,28.495384615384616,13,1,2010-11-02 19:50:00,2011-11-14 13:08:00,376,12.5,29.64,150.0
15459.0,417,2,202.83,121,28.975714285714286,6,1,2010-07-30 14:31:00,2010-10-18 15:25:00,80,2.7,75.12,60.5
15460.0,354,1,214.26,107,3.8260714285714283,53,1,2010-12-20 16:08:00,2010-12-20 16:08:00,0,1.0,214.26,107.0
15461.0,461,2,429.7,230,214.85,1,1,2010-03-18 12:40:00,2010-09-05 12:31:00,170,5.7,75.39,115.0
15462.0,94,4,737.05,495,17.976829268292683,32,1,2010-09-20 10:23:00,2011-09-06 13:11:00,351,11.7,63.0,123.75
15463.0,29,1,126.14,106,18.02,7,1,2011-11-10 12:57:00,2011-11-10 12:57:00,0,1.0,126.14,106.0
15464.0,338,1,1044.65,348,6.739677419354839,155,1,2011-01-05 15:56:00,2011-01-05 15:56:00,0,1.0,1044.65,348.0
15465.0,20,32,12100.4,2638,47.452549019607844,94,1,2009-12-10 09:42:00,2011-11-20 10:11:00,710,23.7,510.57,82.44
15466.0,85,4,1560.46,941,5.9559541984732824,211,1,2009-12-03 12:28:00,2011-09-15 14:08:00,651,21.7,71.91,235.25
15467.0,9,3,524.88,310,10.093846153846155,41,1,2011-07-10 14:42:00,2011-11-30 14:17:00,142,4.7,111.68,103.33
15468.0,51,3,1430.48,1400,17.881,80,1,2010-11-12 09:39:00,2011-10-19 13:49:00,341,11.4,125.48,466.67
15469.0,50,3,874.25,287,20.33139534883721,38,1,2010-09-27 10:09:00,2011-10-20 16:21:00,388,12.9,67.77,95.67
15470.0,576,1,63.419999999999995,232,15.854999999999999,4,1,2010-05-13 09:35:00,2010-05-13 09:35:00,0,1.0,63.42,232.0
15471.0,2,3,1292.01,670,8.335548387096773,122,1,2010-06-07 12:17:00,2011-12-07 14:12:00,548,18.3,70.6,223.33
15472.0,113,1,371.56,251,4.888947368421053,76,1,2011-08-18 15:17:00,2011-08-18 15:17:00,0,1.0,371.56,251.0
15473.0,14,8,2046.0,776,146.14285714285714,5,1,2010-09-21 09:14:00,2011-11-25 15:15:00,430,14.3,143.08,97.0
15474.0,596,1,150.35,55,7.913157894736842,19,1,2010-04-23 11:14:00,2010-04-23 11:14:00,0,1.0,150.35,55.0
15475.0,77,1,454.11,319,15.65896551724138,29,1,2011-09-23 15:20:00,2011-09-23 15:20:00,0,1.0,454.11,319.0
15476.0,380,4,2209.98,1174,27.974430379746835,67,1,2010-09-23 14:00:00,2010-11-24 15:17:00,62,2.1,1052.37,293.5
15477.0,650,1,368.4,216,184.2,2,1,2010-02-28 10:37:00,2010-02-28 10:37:00,0,1.0,368.4,216.0
15478.0,40,3,1983.48,894,28.74608695652174,53,1,2010-05-13 18:49:00,2011-10-30 14:19:00,534,17.8,111.43,298.0
15479.0,733,1,147.4,38,16.37777777777778,9,1,2009-12-06 15:08:00,2009-12-06 15:08:00,0,1.0,147.4,38.0
15480.0,116,5,6279.0,1852,29.204651162790697,199,1,2010-02-01 14:52:00,2011-08-15 14:32:00,559,18.6,337.58,370.4
15481.0,401,1,1993.34,1450,52.456315789473685,38,1,2010-11-03 14:52:00,2010-11-03 14:52:00,0,1.0,1993.34,1450.0
15482.0,16,19,14417.36,6516,97.4145945945946,74,1,2009-12-02 16:59:00,2011-11-24 10:46:00,721,24.0,600.72,342.95
15483.0,161,10,817.82,905,3.0402230483271375,216,1,2010-01-24 15:42:00,2011-07-01 13:07:00,522,17.4,47.0,90.5
15484.0,1,6,4652.1,4074,19.383750000000003,180,1,2009-12-05 15:18:00,2011-12-08 15:03:00,732,24.4,190.66,679.0
15485.0,30,7,4810.92,2153,35.11620437956204,80,1,2009-12-01 17:31:00,2011-11-09 14:31:00,707,23.6,203.85,307.57
15486.0,527,1,102.0,40,102.0,1,1,2010-06-30 13:15:00,2010-06-30 13:15:00,0,1.0,102.0,40.0
15487.0,680,1,231.32,144,16.52285714285714,14,1,2010-01-29 12:07:00,2010-01-29 12:07:00,0,1.0,231.32,144.0
15488.0,93,5,431.92,251,39.265454545454546,10,1,2010-05-05 13:03:00,2011-09-08 10:11:00,490,16.3,26.5,50.2
15489.0,23,8,2419.61,1264,21.22464912280702,75,1,2010-01-15 16:58:00,2011-11-17 08:53:00,670,22.3,108.5,158.0
15490.0,430,1,210.85,82,8.434,22,1,2010-10-05 13:11:00,2010-10-05 13:11:00,0,1.0,210.85,82.0
15491.0,95,6,3100.09,1646,20.130454545454548,108,1,2011-04-18 10:04:00,2011-09-05 15:56:00,140,4.7,659.59,274.33
15492.0,28,2,659.46,483,18.841714285714286,32,1,2011-09-26 14:02:00,2011-11-11 14:53:00,46,1.5,439.64,241.5
15493.0,33,9,4121.68,1206,6.734771241830066,289,1,2010-02-23 11:14:00,2011-11-07 12:04:00,622,20.7,199.11,134.0
15494.0,21,5,3702.6,3052,10.061413043478261,307,1,2009-12-10 20:16:00,2011-11-18 14:51:00,707,23.6,156.89,610.4
15495.0,379,1,246.5,194,12.325,20,1,2010-11-25 13:46:00,2010-11-25 13:46:00,0,1.0,246.5,194.0
15496.0,631,1,146.14,98,6.642727272727272,22,1,2010-03-18 13:16:00,2010-03-18 13:16:00,0,1.0,146.14,98.0
15497.0,18,9,8657.39,2937,71.54867768595041,66,1,2009-12-18 15:08:00,2011-11-22 11:51:00,703,23.4,369.97,326.33
15498.0,3,44,24972.86,12134,26.538639744952178,597,1,2009-12-16 17:27:00,2011-12-07 12:48:00,720,24.0,1040.54,275.77
15499.0,724,1,158.65,59,3.8695121951219513,40,1,2009-12-16 12:17:00,2009-12-16 12:17:00,0,1.0,158.65,59.0
15500.0,8,4,1131.56,572,16.640588235294118,64,1,2011-09-19 13:47:00,2011-12-01 13:47:00,73,2.4,471.48,143.0
15501.0,405,2,399.95,205,5.796376811594203,64,1,2010-10-20 12:47:00,2010-10-31 11:15:00,10,0.3,1333.17,102.5
15502.0,16,14,13003.87,5559,39.40566666666667,231,1,2010-06-03 11:12:00,2011-11-24 12:48:00,539,18.0,722.44,397.07
15503.0,363,2,257.3,130,2.1991452991452993,112,1,2009-12-13 11:34:00,2010-12-12 10:57:00,363,12.1,21.26,65.0
15504.0,81,4,402.7,141,6.2921875,42,1,2010-02-12 12:34:00,2011-09-19 13:45:00,584,19.5,20.65,35.25
15505.0,53,5,3610.96,2390,37.22639175257732,90,1,2011-07-07 13:33:00,2011-10-18 07:56:00,102,3.4,1062.05,478.0
15506.0,23,6,2030.33,1637,7.437106227106227,180,1,2010-08-19 12:38:00,2011-11-17 12:11:00,454,15.1,134.46,272.83
15507.0,172,1,475.86,160,10.574666666666667,41,1,2011-06-21 11:19:00,2011-06-21 11:19:00,0,1.0,475.86,160.0
15508.0,189,6,1000.27,440,10.8725,78,1,2011-04-18 15:31:00,2011-06-03 15:43:00,46,1.5,666.85,73.33
15509.0,380,1,152.41,58,5.861923076923077,26,1,2010-11-24 14:48:00,2010-11-24 14:48:00,0,1.0,152.41,58.0
15510.0,331,1,250.0,2,250.0,1,1,2011-01-13 12:10:00,2011-01-13 12:10:00,0,1.0,250.0,2.0
15511.0,12,5,900.53,269,5.699556962025317,117,1,2011-09-15 15:05:00,2011-11-28 09:43:00,73,2.4,375.22,53.8
15512.0,156,4,331.58,235,10.361875,29,1,2010-02-01 13:23:00,2011-07-07 10:20:00,520,17.3,19.17,58.75
15513.0,33,35,26437.05,10477,48.330987202925044,278,1,2010-01-13 14:59:00,2011-11-06 14:36:00,661,22.0,1201.68,299.34
15514.0,12,18,6392.06,4087,20.16422712933754,171,1,2009-12-04 16:37:00,2011-11-27 14:40:00,722,24.1,265.23,227.06
15515.0,387,1,171.81,131,24.544285714285714,7,1,2010-11-17 13:39:00,2010-11-17 13:39:00,0,1.0,171.81,131.0
15516.0,45,3,62.43,27,4.162,15,1,2011-10-24 11:33:00,2011-10-26 10:51:00,1,1.0,62.43,9.0
15517.0,233,1,267.03,293,9.889999999999999,27,1,2011-04-20 14:02:00,2011-04-20 14:02:00,0,1.0,267.03,293.0
15518.0,64,15,4189.99,2810,9.352656249999999,250,1,2009-12-20 12:21:00,2011-10-06 13:05:00,655,21.8,192.2,187.33
15519.0,383,2,344.61,116,9.313783783783784,34,1,2010-09-19 13:57:00,2010-11-21 14:35:00,63,2.1,164.1,58.0
15520.0,2,1,343.5,314,19.083333333333332,18,1,2011-12-08 10:58:00,2011-12-08 10:58:00,0,1.0,343.5,314.0
15521.0,40,16,7098.24,4507,17.61349875930521,186,1,2010-01-05 10:19:00,2011-10-30 13:42:00,663,22.1,321.19,281.69
15522.0,33,2,397.99,572,7.106964285714286,47,1,2011-09-13 12:26:00,2011-11-07 11:26:00,54,1.8,221.11,286.0
15523.0,84,16,17259.19,15633,81.41127358490566,65,1,2009-12-02 15:16:00,2011-09-16 16:29:00,653,21.8,791.71,977.06
15524.0,25,2,591.4,28,65.71111111111111,9,1,2010-04-12 09:19:00,2011-11-15 12:09:00,582,19.4,30.48,14.0
15525.0,2,4,890.22,527,4.945666666666667,152,1,2010-11-22 12:10:00,2011-12-07 14:43:00,380,12.7,70.1,131.75
15526.0,33,2,148.44,24,37.11,4,1,2011-11-06 15:01:00,2011-11-06 15:04:00,0,1.0,148.44,12.0
15527.0,19,23,5554.89,2211,16.884164133738604,226,1,2009-12-15 17:31:00,2011-11-21 12:17:00,705,23.5,236.38,96.13
15528.0,254,1,229.33,123,8.820384615384615,26,1,2011-03-30 16:14:00,2011-03-30 16:14:00,0,1.0,229.33,123.0
15529.0,23,12,4783.66,4271,6.093834394904459,451,1,2010-11-10 14:26:00,2011-11-17 11:29:00,371,12.4,385.78,355.92
15530.0,22,5,1808.68,1328,12.737183098591549,111,1,2010-07-15 11:10:00,2011-11-18 12:25:00,491,16.4,110.29,265.6
15531.0,8,2,1972.39,1085,9.00634703196347,196,1,2011-11-09 17:47:00,2011-12-01 18:43:00,22,0.7,2817.7,542.5
15532.0,25,10,3738.85,1337,6.059724473257698,417,1,2010-06-08 14:52:00,2011-11-14 14:51:00,523,17.4,214.88,133.7
15533.0,19,3,807.57,289,9.729759036144578,73,1,2011-09-11 15:41:00,2011-11-20 15:35:00,69,2.3,351.12,96.33
15534.0,726,1,162.25,63,20.28125,8,1,2009-12-14 12:48:00,2009-12-14 12:48:00,0,1.0,162.25,63.0
15535.0,173,6,1044.37,314,8.033615384615384,88,1,2010-09-16 20:04:00,2011-06-19 16:02:00,275,9.2,113.52,52.33
15536.0,409,1,259.09,242,16.193125,16,1,2010-10-26 16:31:00,2010-10-26 16:31:00,0,1.0,259.09,242.0
15537.0,163,1,110.92,29,4.621666666666667,24,1,2011-06-29 13:10:00,2011-06-29 13:10:00,0,1.0,110.92,29.0
15538.0,538,6,3358.4,1016,239.8857142857143,3,1,2010-02-14 12:38:00,2010-06-20 10:49:00,125,4.2,799.62,169.33
15539.0,7,1,538.46,410,13.133170731707319,41,1,2011-12-02 13:36:00,2011-12-02 13:36:00,0,1.0,538.46,410.0
15540.0,11,2,460.68,444,14.860645161290323,31,1,2010-11-29 11:10:00,2011-11-28 13:51:00,364,12.1,38.07,222.0
15541.0,114,1,85.13000000000001,49,2.9355172413793107,29,1,2011-08-17 14:58:00,2011-08-17 14:58:00,0,1.0,85.13,49.0
15542.0,512,3,855.71,418,3.7863274336283186,212,1,2009-12-02 11:53:00,2010-07-15 13:32:00,225,7.5,114.09,139.33
15543.0,288,2,242.26,167,4.326071428571429,50,1,2010-09-06 11:28:00,2011-02-24 15:26:00,171,5.7,42.5,83.5
15544.0,9,20,7807.89,6745,14.704124293785311,175,1,2010-01-28 14:39:00,2011-11-30 16:43:00,671,22.4,348.57,337.25
15545.0,54,2,288.96999999999997,162,3.612125,78,1,2010-12-03 17:28:00,2011-10-16 13:24:00,316,10.5,27.52,81.0
15546.0,607,2,1079.1000000000001,198,89.92500000000001,6,1,2010-04-12 11:45:00,2010-04-12 11:51:00,0,1.0,1079.1,99.0
15547.0,7,26,10057.05,7278,7.550337837837837,652,1,2009-12-06 13:40:00,2011-12-02 12:52:00,725,24.2,415.58,279.92
15548.0,596,1,158.09,64,6.8734782608695655,23,1,2010-04-23 12:20:00,2010-04-23 12:20:00,0,1.0,158.09,64.0
15549.0,77,8,2334.16,936,14.497888198757764,139,1,2010-01-11 13:16:00,2011-09-23 16:22:00,620,20.7,112.76,117.0
15550.0,4,12,2211.05,1139,9.40872340425532,166,1,2009-12-03 15:15:00,2011-12-05 15:38:00,732,24.4,90.62,94.92
15551.0,37,7,1679.81,796,11.746923076923077,117,1,2010-06-07 15:05:00,2011-11-03 12:37:00,513,17.1,98.23,113.71
15552.0,217,2,252.52,166,8.417333333333334,29,1,2010-03-26 16:17:00,2011-05-06 14:47:00,405,13.5,18.71,83.0
15553.0,60,1,428.93,449,7.798727272727273,51,1,2011-10-10 14:02:00,2011-10-10 14:02:00,0,1.0,428.93,449.0
15554.0,278,1,217.2,74,15.514285714285714,14,1,2011-03-07 09:00:00,2011-03-07 09:00:00,0,1.0,217.2,74.0
15555.0,12,36,11243.91,8511,7.067196731615336,667,1,2009-12-06 11:58:00,2011-11-27 16:19:00,721,24.0,468.5,236.42
15556.0,24,1,279.77,236,9.024838709677418,31,1,2011-11-15 16:08:00,2011-11-15 16:08:00,0,1.0,279.77,236.0
15557.0,29,1,468.91,213,24.679473684210528,16,1,2011-11-11 12:46:00,2011-11-11 12:46:00,0,1.0,468.91,213.0
15558.0,639,1,202.68,73,8.812173913043479,23,1,2010-03-10 15:25:00,2010-03-10 15:25:00,0,1.0,202.68,73.0
15559.0,568,1,1109.4,526,17.893548387096775,62,1,2010-05-20 14:06:00,2010-05-20 14:06:00,0,1.0,1109.4,526.0
15560.0,398,2,153.52,72,15.352,10,1,2010-11-07 10:14:00,2010-11-07 10:15:00,0,1.0,153.52,36.0
15561.0,12,8,1934.3899999999999,1334,21.025978260869564,65,1,2010-02-14 12:22:00,2011-11-28 11:07:00,651,21.7,89.14,166.75
15562.0,352,3,671.4300000000001,560,20.346363636363638,32,1,2009-12-13 15:17:00,2010-12-23 09:55:00,374,12.5,53.71,186.67
15563.0,22,7,2859.46,3005,11.126303501945525,179,1,2010-01-28 11:36:00,2011-11-17 14:50:00,658,21.9,130.57,429.29
15564.0,463,2,70.74000000000001,42,17.685000000000002,4,1,2010-02-01 15:58:00,2010-09-02 15:52:00,212,7.1,9.96,21.0
15565.0,50,2,173.16000000000003,60,21.645000000000003,8,1,2011-09-30 10:44:00,2011-10-20 14:33:00,20,0.7,247.37,30.0
15566.0,393,2,227.87,153,18.989166666666666,9,1,2009-12-15 14:53:00,2010-11-12 12:11:00,331,11.0,20.72,76.5
15567.0,19,1,186.01,223,26.572857142857142,7,1,2011-11-21 10:48:00,2011-11-21 10:48:00,0,1.0,186.01,223.0
15568.0,3,3,758.29,461,14.307358490566036,27,1,2011-09-27 14:37:00,2011-12-07 11:27:00,70,2.3,329.69,153.67
15569.0,104,10,3583.45,1734,25.596071428571427,123,1,2010-02-28 10:55:00,2011-08-28 10:15:00,545,18.2,196.89,173.4
15570.0,7,25,8736.49,4079,11.967794520547946,442,1,2010-03-28 14:04:00,2011-12-02 14:47:00,614,20.5,426.17,163.16
15571.0,12,14,3892.35,2411,6.4872499999999995,442,1,2009-12-06 12:10:00,2011-11-28 10:02:00,721,24.0,162.18,172.21
15572.0,5,10,3965.2,2089,11.560349854227404,259,1,2010-04-14 14:38:00,2011-12-05 10:09:00,599,20.0,198.26,208.9
15573.0,32,5,1188.42,770,5.632322274881517,181,1,2009-12-10 14:19:00,2011-11-08 11:38:00,697,23.2,51.22,154.0
15574.0,178,6,1101.44,750,4.788869565217391,191,1,2010-09-01 14:37:00,2011-06-15 12:01:00,286,9.5,115.94,125.0
15575.0,620,1,30.1,6,10.033333333333333,3,1,2010-03-30 12:50:00,2010-03-30 12:50:00,0,1.0,30.1,6.0
15576.0,38,1,921.37,394,21.427209302325583,43,1,2011-11-02 12:03:00,2011-11-02 12:03:00,0,1.0,921.37,394.0
15577.0,151,5,396.03,120,6.712372881355932,58,1,2009-12-13 16:17:00,2011-07-11 17:03:00,575,19.2,20.63,24.0
15578.0,162,1,127.1,52,9.776923076923076,13,1,2011-06-30 13:03:00,2011-06-30 13:03:00,0,1.0,127.1,52.0
15579.0,69,5,1250.63,713,7.767888198757765,140,1,2010-10-03 14:37:00,2011-10-02 12:45:00,363,12.1,103.36,142.6
15580.0,377,8,1375.39,955,6.112844444444445,150,1,2010-02-07 11:21:00,2010-11-28 11:00:00,293,9.8,140.35,119.38
15581.0,121,38,7480.4,3028,10.93625730994152,542,1,2009-12-02 12:19:00,2011-08-11 09:38:00,616,20.5,364.9,79.68
15582.0,25,3,682.9100000000001,453,15.52068181818182,39,1,2011-05-03 13:36:00,2011-11-15 09:55:00,195,6.5,105.06,151.0
15583.0,376,1,95.96,56,2.4605128205128204,37,1,2010-11-28 15:04:00,2010-11-28 15:04:00,0,1.0,95.96,56.0
15584.0,24,6,1268.2,483,5.764545454545455,174,1,2010-02-07 12:16:00,2011-11-16 10:55:00,646,21.5,58.99,80.5
15585.0,177,1,455.3,320,14.687096774193549,31,1,2011-06-16 08:38:00,2011-06-16 08:38:00,0,1.0,455.3,320.0
15586.0,593,3,1139.1000000000001,1338,29.976315789473688,30,1,2010-01-08 10:02:00,2010-04-26 11:00:00,108,3.6,316.42,446.0
15587.0,50,7,1522.08,528,108.72,3,1,2010-08-05 08:44:00,2011-10-20 13:37:00,441,14.7,103.54,75.43
15588.0,678,1,579.6,96,144.9,4,1,2010-01-31 12:19:00,2010-01-31 12:19:00,0,1.0,579.6,96.0
15589.0,256,3,478.53,243,16.50103448275862,28,1,2011-02-02 10:46:00,2011-03-29 09:54:00,54,1.8,265.85,81.0
15590.0,382,5,1496.6,832,17.20229885057471,75,1,2010-04-12 10:09:00,2010-11-22 14:49:00,224,7.5,199.55,166.4
15591.0,583,3,217.9,58,31.12857142857143,6,1,2010-02-04 09:20:00,2010-05-06 09:23:00,91,3.0,72.63,19.33
15592.0,47,1,388.58,354,16.190833333333334,24,1,2011-10-24 08:59:00,2011-10-24 08:59:00,0,1.0,388.58,354.0
15593.0,71,1,199.8,60,39.96,5,1,2011-09-30 11:46:00,2011-09-30 11:46:00,0,1.0,199.8,60.0
15594.0,16,5,1771.78,983,17.201747572815535,85,1,2011-04-19 10:08:00,2011-11-24 08:53:00,218,7.3,242.71,196.6
15595.0,488,1,357.59999999999997,144,89.39999999999999,4,1,2010-08-09 12:27:00,2010-08-09 12:27:00,0,1.0,357.6,144.0
15596.0,101,9,2727.72,1208,17.598193548387094,82,1,2010-07-28 11:46:00,2011-08-31 10:55:00,398,13.3,205.09,134.22
15597.0,35,2,563.37,393,15.226216216216216,35,1,2010-05-13 13:10:00,2011-11-04 13:26:00,540,18.0,31.3,196.5
15598.0,53,2,548.02,404,15.222777777777777,32,1,2010-10-08 09:20:00,2011-10-17 16:04:00,374,12.5,43.84,202.0
15599.0,27,3,1250.06,1098,15.060963855421686,77,1,2010-09-20 10:15:00,2011-11-13 11:44:00,419,14.0,89.29,366.0
15600.0,428,4,1199.31,657,16.89169014084507,55,1,2010-04-25 11:50:00,2010-10-07 14:30:00,165,5.5,218.06,164.25
15601.0,11,30,14191.74,10395,17.222985436893204,310,1,2009-12-01 14:53:00,2011-11-28 15:15:00,727,24.2,586.44,346.5
15602.0,8,16,3137.96,2292,25.10368,62,1,2009-12-02 09:35:00,2011-12-01 14:14:00,729,24.3,129.13,143.25
15603.0,79,2,88.48,128,22.12,4,1,2010-03-01 16:02:00,2011-09-22 10:04:00,569,19.0,4.66,64.0
15604.0,52,1,216.39000000000001,159,12.728823529411766,17,1,2011-10-18 14:47:00,2011-10-18 14:47:00,0,1.0,216.39,159.0
15605.0,36,9,1741.95,641,17.595454545454547,80,1,2010-01-14 14:03:00,2011-11-03 14:17:00,658,21.9,79.54,71.22
15606.0,61,17,5230.99,1615,36.07579310344828,84,1,2010-03-02 14:48:00,2011-10-09 15:47:00,586,19.5,268.26,95.0
15607.0,337,9,1708.97,1470,15.67862385321101,95,1,2010-01-08 12:16:00,2011-01-07 12:44:00,364,12.1,141.24,163.33
15608.0,28,5,1785.98,1262,17.009333333333334,93,1,2010-10-20 10:10:00,2011-11-11 13:20:00,387,12.9,138.45,252.4
15609.0,184,1,298.48,148,18.655,16,1,2011-06-08 13:00:00,2011-06-08 13:00:00,0,1.0,298.48,148.0
15610.0,52,1,112.46000000000001,66,18.743333333333336,6,1,2011-10-19 10:36:00,2011-10-19 10:36:00,0,1.0,112.46,66.0
15611.0,10,26,2997.28,747,31.88595744680851,43,1,2010-01-25 14:50:00,2011-11-30 12:36:00,673,22.4,133.81,28.73
15612.0,36,2,195.15,52,32.525,4,1,2011-10-09 12:49:00,2011-11-03 14:52:00,25,0.8,243.94,26.0
15613.0,610,1,433.71999999999997,700,16.063703703703702,27,1,2010-04-08 12:51:00,2010-04-08 12:51:00,0,1.0,433.72,700.0
15614.0,438,4,3147.36,1632,38.8562962962963,73,1,2010-03-23 11:13:00,2010-09-28 10:46:00,188,6.3,499.58,408.0
15615.0,10,47,21373.97,12090,23.72249722530522,292,1,2009-12-02 15:28:00,2011-11-29 14:42:00,726,24.2,883.22,257.23
15616.0,438,1,317.11,137,24.393076923076926,13,1,2010-09-27 13:10:00,2010-09-27 13:10:00,0,1.0,317.11,137.0
15617.0,396,3,828.5500000000001,485,19.727380952380955,41,1,2010-07-20 13:16:00,2010-11-08 16:07:00,111,3.7,223.93,161.67
15618.0,33,4,776.851,454,17.263355555555556,39,1,2011-07-26 10:13:00,2011-11-07 08:34:00,103,3.4,228.49,113.5
15619.0,11,1,336.4,136,112.13333333333333,3,1,2011-11-29 08:14:00,2011-11-29 08:14:00,0,1.0,336.4,136.0
15620.0,57,4,1942.36,1249,15.05705426356589,114,1,2010-10-26 11:32:00,2011-10-14 12:41:00,353,11.8,164.61,312.25
15621.0,4,4,1293.03,501,80.814375,11,1,2011-11-18 11:49:00,2011-12-05 14:01:00,17,0.6,2155.05,125.25
15622.0,43,17,7852.610000000001,4091,18.43335680751174,331,1,2010-03-04 10:29:00,2011-10-27 16:44:00,602,20.1,390.68,240.65
15623.0,141,8,2437.05,1087,22.56527777777778,91,1,2009-12-10 14:46:00,2011-07-21 17:26:00,588,19.6,124.34,135.88
15624.0,117,4,588.13,357,17.297941176470587,26,1,2011-03-28 13:32:00,2011-08-15 11:38:00,139,4.6,127.85,89.25
15625.0,104,9,3236.4,3020,18.926315789473684,106,1,2010-06-15 15:23:00,2011-08-28 10:21:00,438,14.6,221.67,335.56
15626.0,75,3,1067.52,1138,13.344,73,1,2010-10-14 17:16:00,2011-09-26 10:03:00,346,11.5,92.83,379.33
15627.0,457,2,566.9,344,23.620833333333334,23,1,2010-07-05 11:56:00,2010-09-08 14:14:00,65,2.2,257.68,172.0
15628.0,5,17,5333.08,3569,17.83638795986622,136,1,2009-12-13 13:39:00,2011-12-05 10:24:00,721,24.0,222.21,209.94
15629.0,450,4,2240.9,1518,29.102597402597404,39,1,2010-06-25 11:39:00,2010-09-15 13:46:00,82,2.7,829.96,379.5
15630.0,45,3,1481.4,987,18.517500000000002,76,1,2010-03-05 14:30:00,2011-10-25 15:36:00,599,20.0,74.07,329.0
15631.0,642,1,596.67,525,15.299230769230768,39,1,2010-03-07 14:52:00,2010-03-07 14:52:00,0,1.0,596.67,525.0
15632.0,16,8,3285.31,2109,19.67251497005988,107,1,2011-03-10 08:29:00,2011-11-24 09:51:00,259,8.6,382.01,263.62
15633.0,509,13,4335.96,2048,24.636136363636364,77,1,2009-12-08 17:51:00,2010-07-18 13:54:00,221,7.4,585.94,157.54
15634.0,17,2,554.65,227,16.313235294117646,34,1,2010-11-21 15:30:00,2011-11-22 16:28:00,366,12.2,45.46,113.5
15635.0,396,1,100.35,5,50.175,2,1,2010-11-09 08:58:00,2010-11-09 08:58:00,0,1.0,100.35,5.0
15636.0,90,4,1444.58,560,25.343508771929823,39,1,2010-05-19 11:37:00,2011-09-11 11:17:00,479,16.0,90.29,140.0
15637.0,53,5,797.59,651,19.45341463414634,37,1,2009-12-15 17:54:00,2011-10-18 08:28:00,671,22.4,35.61,130.2
15638.0,379,6,2265.2,1134,90.60799999999999,20,1,2010-04-08 14:37:00,2010-11-26 11:52:00,231,7.7,294.18,189.0
15639.0,134,3,1065.08,849,15.435942028985506,61,1,2010-04-13 13:11:00,2011-07-28 14:30:00,471,15.7,67.84,283.0
15640.0,4,29,23494.31,12140,31.409505347593583,303,1,2009-12-14 16:36:00,2011-12-05 14:35:00,720,24.0,978.93,418.62
15641.0,105,12,5345.55,4422,17.188263665594857,249,1,2009-12-06 15:31:00,2011-08-26 14:04:00,627,20.9,255.77,368.5
15642.0,730,1,105.78,270,17.63,6,1,2009-12-10 11:51:00,2009-12-10 11:51:00,0,1.0,105.78,270.0
15643.0,192,3,664.0,246,20.12121212121212,31,1,2011-03-02 14:34:00,2011-06-01 07:38:00,90,3.0,221.33,82.0
15644.0,166,4,803.54,550,3.4635344827586207,166,1,2011-03-23 15:37:00,2011-06-26 14:54:00,94,3.1,259.21,137.5
15645.0,19,3,1055.17,396,15.517205882352942,59,1,2010-10-10 12:51:00,2011-11-21 11:55:00,406,13.5,78.16,132.0
15646.0,158,5,784.8100000000001,821,11.541323529411766,65,1,2010-10-25 13:06:00,2011-07-05 09:53:00,252,8.4,93.43,164.2
15647.0,415,1,169.0,124,15.363636363636363,11,1,2010-10-20 15:09:00,2010-10-20 15:09:00,0,1.0,169.0,124.0
15648.0,204,2,639.5,218,26.645833333333332,23,1,2011-03-17 18:59:00,2011-05-19 15:53:00,62,2.1,304.52,109.0
15649.0,336,4,1660.35,365,150.9409090909091,8,1,2010-11-17 16:22:00,2011-01-07 13:34:00,50,1.7,976.68,91.25
15650.0,522,2,553.88,210,15.385555555555555,33,1,2010-03-21 11:46:00,2010-07-06 10:41:00,106,3.5,158.25,105.0
15651.0,37,5,1259.06,871,20.984333333333332,52,1,2010-04-22 13:26:00,2011-11-03 08:41:00,559,18.6,67.69,174.2
15652.0,91,5,1405.94,657,13.78372549019608,93,1,2010-08-11 16:58:00,2011-09-09 14:22:00,393,13.1,107.32,131.4
15653.0,93,2,877.44,1200,146.24,4,1,2011-08-16 09:50:00,2011-09-08 10:49:00,23,0.8,1096.8,600.0
15654.0,9,2,922.53,475,43.93,15,1,2011-11-13 15:15:00,2011-11-30 13:08:00,16,0.5,1845.06,237.5
15655.0,243,1,560.6700000000001,324,16.49029411764706,34,1,2011-04-10 15:25:00,2011-04-10 15:25:00,0,1.0,560.67,324.0
15656.0,45,4,748.5,343,15.925531914893616,46,1,2011-02-28 15:32:00,2011-10-25 14:56:00,238,7.9,94.75,85.75
15657.0,23,1,30.0,24,30.0,1,1,2011-11-17 12:19:00,2011-11-17 12:19:00,0,1.0,30.0,24.0
15658.0,190,8,2117.27,627,20.757549019607843,79,1,2009-12-03 11:19:00,2011-06-02 15:22:00,546,18.2,116.33,78.38
15659.0,44,3,532.49,161,25.356666666666666,14,1,2010-02-24 13:32:00,2011-10-27 09:23:00,609,20.3,26.23,53.67
15660.0,25,15,2603.69,1783,17.24298013245033,73,1,2010-02-05 16:01:00,2011-11-14 16:58:00,647,21.6,120.54,118.87
15661.0,317,8,1215.95,779,27.635227272727274,27,1,2010-05-10 07:59:00,2011-01-26 13:56:00,261,8.7,139.76,97.38
15662.0,661,2,283.73,145,23.644166666666667,12,1,2009-12-01 13:49:00,2010-02-16 16:47:00,77,2.6,109.13,72.5
15663.0,106,1,138.14,106,15.348888888888887,9,1,2011-08-25 15:50:00,2011-08-25 15:50:00,0,1.0,138.14,106.0
15664.0,51,4,1254.03,530,17.914714285714286,54,1,2010-02-28 12:50:00,2011-10-20 10:57:00,598,19.9,63.02,132.5
15665.0,168,5,3987.07,2777,13.940804195804196,163,1,2010-03-14 15:07:00,2011-06-24 14:57:00,466,15.5,257.23,555.4
15666.0,472,2,632.94,469,9.446865671641792,62,1,2010-08-01 15:41:00,2010-08-24 16:14:00,23,0.8,791.18,234.5
15667.0,40,1,301.32000000000005,240,23.17846153846154,13,1,2011-10-31 10:56:00,2011-10-31 10:56:00,0,1.0,301.32,240.0
15668.0,218,1,76.32000000000001,72,76.32000000000001,1,1,2011-05-06 10:39:00,2011-05-06 10:39:00,0,1.0,76.32,72.0
15669.0,40,4,684.34,342,20.737575757575758,31,1,2011-03-21 09:13:00,2011-10-30 16:03:00,223,7.4,92.48,85.5
15670.0,297,2,325.2,132,17.11578947368421,19,1,2010-06-01 15:34:00,2011-02-16 10:50:00,259,8.6,37.81,66.0
15671.0,19,7,2657.13,1699,34.065769230769234,52,1,2011-03-14 09:37:00,2011-11-21 12:43:00,252,8.4,316.32,242.71
15672.0,725,1,45.300000000000004,10,15.100000000000001,3,1,2009-12-14 16:52:00,2009-12-14 16:52:00,0,1.0,45.3,10.0
15673.0,88,9,6204.32,3274,23.15044776119403,177,1,2010-02-22 14:28:00,2011-09-12 16:12:00,567,18.9,328.27,363.78
15674.0,73,13,6948.2300000000005,3648,19.795527065527068,262,1,2009-12-08 17:08:00,2011-09-27 15:17:00,657,21.9,317.27,280.62
15675.0,81,4,542.04,624,15.486857142857142,32,1,2010-10-31 14:14:00,2011-09-19 13:48:00,322,10.7,50.66,156.0
15676.0,19,3,3435.76,2252,17.00871287128713,191,1,2011-03-01 10:19:00,2011-11-21 12:40:00,265,8.8,390.43,750.67
15677.0,49,3,1305.6299999999999,675,18.13375,63,1,2010-09-02 12:08:00,2011-10-21 15:36:00,414,13.8,94.61,225.0
15678.0,53,3,1825.94,1022,19.84717391304348,77,1,2010-07-05 12:49:00,2011-10-18 09:25:00,469,15.6,117.05,340.67
15679.0,24,4,781.28,1170,7.102545454545455,98,1,2011-06-10 08:24:00,2011-11-15 16:19:00,158,5.3,147.41,292.5
15680.0,9,10,4028.69,2743,17.07072033898305,155,1,2009-12-02 12:15:00,2011-11-30 13:46:00,728,24.3,165.79,274.3
15681.0,25,14,2989.7000000000003,1392,33.97386363636364,48,1,2010-05-24 14:18:00,2011-11-14 16:30:00,539,18.0,166.09,99.43
15682.0,599,2,318.24,222,12.7296,25,1,2010-01-21 14:37:00,2010-04-19 15:30:00,88,2.9,109.74,111.0
15683.0,117,2,524.54,332,20.174615384615382,25,1,2010-08-23 12:01:00,2011-08-14 12:56:00,356,11.9,44.08,166.0
15684.0,547,3,173.95,77,15.813636363636363,9,1,2009-12-04 16:13:00,2010-06-10 18:51:00,188,6.3,27.61,25.67
15685.0,450,1,55.980000000000004,36,3.2929411764705883,17,1,2010-09-15 13:43:00,2010-09-15 13:43:00,0,1.0,55.98,36.0
15686.0,420,1,90.0,72,90.0,1,1,2010-10-15 13:50:00,2010-10-15 13:50:00,0,1.0,90.0,72.0
15687.0,9,9,2993.1,1310,18.030722891566263,119,1,2011-01-13 15:13:00,2011-12-01 08:33:00,321,10.7,279.73,145.56
15688.0,419,1,190.57,95,7.058148148148148,26,1,2010-10-17 12:06:00,2010-10-17 12:06:00,0,1.0,190.57,95.0
15689.0,120,3,521.03,207,21.70958333333333,20,1,2010-04-01 09:53:00,2011-08-12 09:37:00,497,16.6,31.39,69.0
15690.0,4,2,239.76,408,12.618947368421052,19,1,2011-08-31 11:40:00,2011-12-05 15:59:00,96,3.2,74.92,204.0
15691.0,252,4,571.3,212,40.80714285714286,12,1,2009-12-06 16:01:00,2011-04-01 15:13:00,480,16.0,35.71,53.0
15692.0,28,1,191.04,138,15.92,12,1,2011-11-11 14:12:00,2011-11-11 14:12:00,0,1.0,191.04,138.0
15693.0,659,1,37.5,30,37.5,1,1,2010-02-18 14:37:00,2010-02-18 14:37:00,0,1.0,37.5,30.0
15694.0,1,24,9978.48,2467,69.77958041958041,55,1,2009-12-07 15:43:00,2011-12-09 09:44:00,731,24.4,408.95,102.79
15695.0,267,4,1131.04,484,19.170169491525424,55,1,2010-01-27 10:56:00,2011-03-18 08:32:00,414,13.8,81.96,121.0
15696.0,33,13,3881.2200000000003,1386,17.562081447963802,163,1,2010-01-24 14:36:00,2011-11-06 14:02:00,650,21.7,178.86,106.62
15697.0,690,1,246.75,127,17.625,14,1,2010-01-19 09:10:00,2010-01-19 09:10:00,0,1.0,246.75,127.0
15698.0,624,1,46.2,60,23.1,2,1,2010-03-25 17:38:00,2010-03-25 17:38:00,0,1.0,46.2,60.0
15699.0,18,1,309.65,113,17.202777777777776,18,1,2011-11-22 08:26:00,2011-11-22 08:26:00,0,1.0,309.65,113.0
15700.0,172,2,696.68,357,8.10093023255814,85,1,2011-06-19 15:36:00,2011-06-20 16:53:00,1,1.0,696.68,178.5
15701.0,2,4,1529.0,912,6.647826086956521,193,1,2011-08-21 12:36:00,2011-12-07 14:39:00,108,3.6,424.72,228.0
15702.0,476,2,140.39,103,4.679666666666666,30,1,2010-01-26 17:23:00,2010-08-20 14:50:00,205,6.8,20.65,51.5
15703.0,265,1,211.5,66,42.3,5,1,2011-03-20 10:51:00,2011-03-20 10:51:00,0,1.0,211.5,66.0
15704.0,140,6,3734.6600000000003,1709,18.3071568627451,129,1,2010-05-05 14:51:00,2011-07-22 13:35:00,442,14.7,254.06,284.83
15705.0,201,1,143.1,62,23.849999999999998,6,1,2011-05-22 15:37:00,2011-05-22 15:37:00,0,1.0,143.1,62.0
15706.0,64,4,1060.56,321,19.28290909090909,50,1,2011-08-15 14:32:00,2011-10-07 10:09:00,52,1.7,623.86,80.25
15707.0,35,4,916.98,594,4.473073170731707,126,1,2011-09-14 14:19:00,2011-11-04 14:35:00,51,1.7,539.4,148.5
15708.0,41,9,3887.15,1465,11.534569732937685,135,1,2010-10-10 11:33:00,2011-10-30 10:54:00,384,12.8,303.68,162.78
15709.0,284,2,327.85,169,12.142592592592594,26,1,2010-04-29 18:31:00,2011-03-01 10:38:00,305,10.2,32.14,84.5
15710.0,417,1,898.87,641,8.171545454545454,110,1,2010-10-18 17:05:00,2010-10-18 17:05:00,0,1.0,898.87,641.0
15711.0,557,2,420.25,199,16.81,25,1,2010-01-24 12:13:00,2010-06-01 12:14:00,128,4.3,97.73,99.5
15712.0,9,12,3472.41,1277,20.91813253012048,86,1,2009-12-01 11:17:00,2011-11-30 14:09:00,729,24.3,142.9,106.42
15713.0,143,4,839.64,451,16.146923076923077,48,1,2009-12-16 09:41:00,2011-07-19 13:34:00,580,19.3,43.5,112.75
15714.0,12,5,783.96,361,16.3325,45,1,2010-06-02 12:08:00,2011-11-28 11:26:00,543,18.1,43.31,72.2
15715.0,556,5,658.02,246,17.316315789473684,33,1,2010-03-30 12:17:00,2010-06-02 09:56:00,63,2.1,313.34,49.2
15716.0,146,11,2485.26,1379,8.68972027972028,188,1,2009-12-07 12:42:00,2011-07-17 11:59:00,586,19.5,127.45,125.36
15717.0,234,5,607.0,224,25.291666666666668,17,1,2010-04-26 10:41:00,2011-04-19 13:21:00,358,11.9,51.01,44.8
15718.0,540,1,293.79,95,16.32166666666667,18,1,2010-06-17 16:20:00,2010-06-17 16:20:00,0,1.0,293.79,95.0
15719.0,33,31,10195.97,5356,5.760435028248587,449,1,2009-12-01 12:47:00,2011-11-07 12:29:00,705,23.5,433.87,172.77
15720.0,24,2,739.22,327,4.831503267973856,152,1,2010-06-07 15:40:00,2011-11-15 14:48:00,525,17.5,42.24,163.5
15721.0,12,1,471.40000000000003,388,5.611904761904762,80,1,2011-11-28 12:14:00,2011-11-28 12:14:00,0,1.0,471.4,388.0
15722.0,36,11,5234.0,2279,29.40449438202247,91,1,2010-03-09 15:05:00,2011-11-04 11:43:00,604,20.1,260.4,207.18
15723.0,365,4,930.7,427,7.566666666666667,108,1,2010-05-14 12:55:00,2010-12-10 11:12:00,209,7.0,132.96,106.75
15724.0,201,3,310.85,117,18.28529411764706,17,1,2010-11-04 10:22:00,2011-05-22 14:40:00,199,6.6,47.1,39.0
15725.0,15,1,415.25,221,12.9765625,32,1,2011-11-24 14:51:00,2011-11-24 14:51:00,0,1.0,415.25,221.0
15726.0,390,1,321.91,123,13.99608695652174,23,1,2010-11-14 16:12:00,2010-11-14 16:12:00,0,1.0,321.91,123.0
15727.0,17,15,9371.71,5908,13.681328467153284,426,1,2010-01-24 12:12:00,2011-11-23 12:36:00,668,22.3,420.26,393.87
15728.0,380,2,544.6,132,45.38333333333333,10,1,2010-09-21 14:46:00,2010-11-25 10:39:00,64,2.1,259.33,66.0
15729.0,213,3,192.55,47,17.504545454545454,10,1,2010-11-01 13:44:00,2011-05-11 12:36:00,190,6.3,30.56,15.67
15730.0,66,5,1726.58,1061,15.554774774774774,102,1,2010-10-04 14:15:00,2011-10-05 12:31:00,365,12.2,141.52,212.2
15731.0,554,1,125.3,122,15.6625,8,1,2010-06-04 10:10:00,2010-06-04 10:10:00,0,1.0,125.3,122.0
15732.0,212,10,1543.97,1264,15.595656565656565,53,1,2010-02-04 10:10:00,2011-05-11 14:24:00,461,15.4,100.26,126.4
15733.0,283,1,162.3,62,16.23,10,1,2011-03-02 09:05:00,2011-03-02 09:05:00,0,1.0,162.3,62.0
15734.0,115,4,2263.3,516,52.63488372093024,36,1,2010-06-10 14:25:00,2011-08-17 10:50:00,432,14.4,157.17,129.0
15735.0,421,1,327.68,206,17.246315789473684,19,1,2010-10-14 13:38:00,2010-10-14 13:38:00,0,1.0,327.68,206.0
15736.0,435,2,1767.1200000000001,1208,17.671200000000002,95,1,2010-09-30 14:19:00,2010-09-30 14:20:00,0,1.0,1767.12,604.0
15737.0,15,8,1188.1200000000001,597,16.734084507042255,60,1,2011-04-11 10:01:00,2011-11-25 11:21:00,228,7.6,156.33,74.62
15738.0,19,41,13043.32,9030,27.06082987551867,70,1,2009-12-10 15:52:00,2011-11-21 08:26:00,710,23.7,550.35,220.24
15739.0,66,1,449.12,472,56.14,8,1,2011-10-04 13:42:00,2011-10-04 13:42:00,0,1.0,449.12,472.0
15740.0,49,1,154.88,152,17.20888888888889,9,1,2011-10-21 14:29:00,2011-10-21 14:29:00,0,1.0,154.88,152.0
15741.0,458,2,208.62,70,17.385,11,1,2010-03-31 11:55:00,2010-09-07 16:21:00,160,5.3,39.36,35.0
15742.0,619,1,156.87,51,3.82609756097561,41,1,2010-03-30 15:25:00,2010-03-30 15:25:00,0,1.0,156.87,51.0
15743.0,16,4,775.96,214,9.022790697674418,59,1,2011-06-08 10:14:00,2011-11-23 17:19:00,168,5.6,138.56,53.5
15744.0,78,1,34.8,120,11.6,3,1,2011-09-23 09:52:00,2011-09-23 09:52:00,0,1.0,34.8,120.0
15745.0,19,4,1094.5900000000001,421,17.65467741935484,57,1,2011-04-17 13:04:00,2011-11-20 13:45:00,217,7.2,152.03,105.25
15746.0,134,1,196.88,178,7.031428571428571,28,1,2011-07-28 15:21:00,2011-07-28 15:21:00,0,1.0,196.88,178.0
15747.0,13,9,2499.81,1344,11.573194444444445,116,1,2010-01-18 11:21:00,2011-11-27 12:26:00,678,22.6,110.61,149.33
15748.0,40,3,609.81,261,16.939166666666665,34,1,2010-09-16 16:52:00,2011-10-30 12:51:00,408,13.6,44.84,87.0
15749.0,235,3,44534.3,18028,4453.43,5,1,2011-01-11 12:55:00,2011-04-18 13:20:00,97,3.2,13916.97,6009.33
15750.0,3,18,6452.991,4281,10.275463375796178,389,1,2009-12-01 17:19:00,2011-12-07 12:34:00,735,24.5,263.39,237.83
15751.0,461,11,1380.44,443,10.618769230769232,90,1,2009-12-06 13:08:00,2010-09-05 12:44:00,272,9.1,151.7,40.27
15752.0,40,9,3924.91,2792,6.697798634812287,359,1,2010-09-08 11:56:00,2011-10-31 11:37:00,417,13.9,282.37,310.22
15753.0,305,1,79.2,144,79.2,1,1,2011-02-08 12:41:00,2011-02-08 12:41:00,0,1.0,79.2,144.0
15754.0,51,9,3037.61,1762,23.187862595419848,114,1,2010-02-22 13:31:00,2011-10-19 14:40:00,604,20.1,151.12,195.78
15755.0,10,17,5993.12,4034,16.153962264150945,281,1,2009-12-04 08:24:00,2011-11-29 14:57:00,725,24.2,247.65,237.29
15756.0,61,4,528.01,241,2.764450261780105,160,1,2011-04-04 14:00:00,2011-10-09 13:30:00,187,6.2,85.16,60.25
15757.0,66,6,2940.36,1757,15.235025906735752,162,1,2010-06-10 13:47:00,2011-10-05 12:14:00,481,16.0,183.77,292.83
15758.0,25,1,205.25,47,22.805555555555557,9,1,2011-11-15 10:48:00,2011-11-15 10:48:00,0,1.0,205.25,47.0
15759.0,218,7,830.9300000000001,523,48.87823529411765,10,1,2009-12-02 10:08:00,2011-05-05 15:13:00,519,17.3,48.03,74.71
15760.0,631,2,13916.34,2,6958.17,1,1,2010-03-19 11:35:00,2010-03-19 11:45:00,0,1.0,13916.34,1.0
15761.0,443,1,143.05,31,28.610000000000003,5,1,2010-09-23 09:33:00,2010-09-23 09:33:00,0,1.0,143.05,31.0
15762.0,65,2,583.75,251,15.777027027027026,37,1,2011-09-23 15:17:00,2011-10-05 16:15:00,12,0.4,1459.38,125.5
15763.0,32,2,1086.92,271,17.818360655737706,58,1,2011-09-23 12:10:00,2011-11-08 09:44:00,45,1.5,724.61,135.5
15764.0,88,8,4503.08,2945,18.08465863453815,187,1,2010-08-18 13:58:00,2011-09-12 17:58:00,390,13.0,346.39,368.12
15765.0,667,1,370.63,335,14.8252,25,1,2010-02-11 10:25:00,2010-02-11 10:25:00,0,1.0,370.63,335.0
15766.0,64,3,831.0600000000001,334,31.963846153846156,21,1,2010-01-26 15:55:00,2011-10-06 17:03:00,618,20.6,40.34,111.33
15768.0,116,34,15308.89,4215,12.672922185430464,437,1,2009-12-03 12:10:00,2011-08-16 10:48:00,620,20.7,739.56,123.97
15769.0,7,46,88612.52,49068,397.3655605381166,26,1,2009-12-11 09:58:00,2011-12-02 13:52:00,721,24.0,3692.19,1066.7
15770.0,613,1,321.45,67,17.858333333333334,18,1,2010-04-06 11:47:00,2010-04-06 11:47:00,0,1.0,321.45,67.0
15771.0,604,3,1006.54,512,35.94785714285714,26,1,2010-01-15 12:14:00,2010-04-14 13:56:00,89,3.0,335.51,170.67
15772.0,418,1,280.88,110,17.555,16,1,2010-10-17 13:33:00,2010-10-17 13:33:00,0,1.0,280.88,110.0
15773.0,6,2,774.52,410,16.479148936170212,46,1,2010-10-26 15:27:00,2011-12-04 12:48:00,403,13.4,57.8,205.0
15774.0,69,6,1288.34,465,11.712181818181817,88,1,2010-02-21 12:57:00,2011-10-02 12:04:00,587,19.6,65.73,77.5
15775.0,245,2,150.5,260,16.72222222222222,9,1,2010-03-18 07:32:00,2011-04-08 12:56:00,386,12.9,11.67,130.0
15776.0,133,1,241.62,138,13.423333333333334,18,1,2011-07-29 13:46:00,2011-07-29 13:46:00,0,1.0,241.62,138.0
15777.0,241,7,1762.6100000000001,599,45.195128205128206,29,1,2010-05-20 10:37:00,2011-04-12 16:43:00,327,10.9,161.71,85.57
15778.0,431,1,307.95000000000005,101,18.114705882352943,17,1,2010-10-04 15:10:00,2010-10-04 15:10:00,0,1.0,307.95,101.0
15779.0,463,2,124.08000000000001,20,15.510000000000002,8,1,2010-06-25 15:55:00,2010-09-02 16:40:00,69,2.3,53.95,10.0
15780.0,184,3,475.28000000000003,220,16.38896551724138,26,1,2010-12-17 11:43:00,2011-06-09 12:01:00,174,5.8,81.94,73.33
15781.0,25,3,345.46000000000004,180,17.273000000000003,20,1,2011-02-07 09:15:00,2011-11-14 14:57:00,280,9.3,37.15,60.0
15782.0,10,4,4014.1,1844,65.80491803278689,51,1,2010-10-05 15:43:00,2011-11-30 10:49:00,420,14.0,286.72,461.0
15783.0,11,1,246.3,212,17.592857142857145,14,1,2011-11-29 09:50:00,2011-11-29 09:50:00,0,1.0,246.3,212.0
15784.0,468,2,848.33,381,19.72860465116279,33,1,2010-02-05 14:42:00,2010-08-29 10:38:00,204,6.8,124.75,190.5
15785.0,33,16,5969.93,4479,26.533022222222222,102,1,2009-12-15 16:28:00,2011-11-07 11:33:00,691,23.0,259.56,279.94
15786.0,46,5,8501.62,5957,18.28305376344086,358,1,2010-06-21 10:13:00,2011-10-24 14:13:00,490,16.3,521.57,1191.4
15787.0,26,3,933.26,534,4.6663,156,1,2011-10-09 13:11:00,2011-11-13 14:55:00,35,1.2,777.72,178.0
15788.0,509,1,221.83,115,15.845,14,1,2010-07-19 12:48:00,2010-07-19 12:48:00,0,1.0,221.83,115.0
15789.0,358,6,1962.01,2499,14.217463768115943,110,1,2010-03-26 11:21:00,2010-12-16 14:35:00,265,8.8,222.96,416.5
15790.0,10,1,218.75,113,6.4338235294117645,34,1,2011-11-29 14:53:00,2011-11-29 14:53:00,0,1.0,218.75,113.0
15791.0,44,5,3608.34,1970,21.60682634730539,121,1,2010-03-08 09:41:00,2011-10-27 10:14:00,598,19.9,181.32,394.0
15792.0,400,2,933.84,606,16.383157894736843,57,1,2010-03-31 09:42:00,2010-11-05 08:21:00,218,7.3,127.92,303.0
15793.0,15,8,2399.57,1685,79.98566666666667,12,1,2009-12-01 12:54:00,2011-11-25 09:31:00,723,24.1,99.57,210.62
15794.0,736,2,777.0,288,51.8,15,1,2009-12-02 15:10:00,2009-12-03 13:04:00,0,1.0,777.0,144.0
15795.0,150,8,1979.8700000000001,1411,15.11351145038168,111,1,2010-01-18 11:31:00,2011-07-13 10:43:00,540,18.0,109.99,176.38
15796.0,1,17,5171.63,1733,17.65061433447099,138,1,2010-03-31 13:10:00,2011-12-08 19:55:00,617,20.6,251.05,101.94
15797.0,113,6,2821.08,1281,235.09,12,1,2010-01-27 13:12:00,2011-08-18 17:04:00,568,18.9,149.26,213.5
15798.0,493,3,1535.37,915,18.49843373493976,73,1,2010-01-27 11:55:00,2010-08-04 09:13:00,188,6.3,243.71,305.0
15799.0,76,4,1421.34,1341,9.22948051948052,143,1,2010-10-17 14:26:00,2011-09-25 12:46:00,342,11.4,124.68,335.25
15800.0,107,7,1227.07,575,5.289094827586206,198,1,2010-03-31 13:17:00,2011-08-24 14:23:00,511,17.0,72.18,82.14
15801.0,46,3,1063.95,570,16.62421875,61,1,2011-08-22 09:53:00,2011-10-24 13:52:00,63,2.1,506.64,190.0
15802.0,143,1,451.42,1,451.42,1,1,2011-07-20 11:38:00,2011-07-20 11:38:00,0,1.0,451.42,1.0
15803.0,51,4,1929.66,1030,37.836470588235294,48,1,2010-02-01 16:29:00,2011-10-19 14:56:00,624,20.8,92.77,257.5
15804.0,1,13,4206.39,2565,16.05492366412214,170,1,2011-05-25 10:12:00,2011-12-09 12:31:00,198,6.6,637.33,197.31
15805.0,23,30,10148.93,6205,19.185122873345936,337,1,2009-12-10 12:57:00,2011-11-16 16:32:00,706,23.5,431.87,206.83
15806.0,46,3,784.58,602,25.309032258064516,24,1,2011-03-08 09:24:00,2011-10-24 14:35:00,230,7.7,101.89,200.67
15807.0,50,5,1817.52,1532,20.653636363636362,85,1,2010-02-11 15:32:00,2011-10-20 14:10:00,615,20.5,88.66,306.4
15808.0,306,21,17180.25,6753,22.254209844559586,348,1,2009-12-01 16:30:00,2011-02-06 14:33:00,431,14.4,1193.07,321.57
15809.0,36,7,1274.44,700,21.973103448275864,51,1,2010-06-22 14:23:00,2011-11-03 16:40:00,499,16.6,76.77,100.0
15810.0,79,8,2999.04,1653,18.066506024096384,89,1,2010-02-04 18:18:00,2011-09-22 09:38:00,594,19.8,151.47,206.62
15811.0,22,7,3486.15,1781,12.76978021978022,205,1,2010-11-16 16:46:00,2011-11-17 15:31:00,365,12.2,285.75,254.43
15812.0,107,12,5201.47,3450,41.611760000000004,87,1,2009-12-15 13:40:00,2011-08-24 14:19:00,617,20.6,252.5,287.5
15813.0,208,2,1303.9099999999999,603,32.59775,40,1,2011-04-14 09:09:00,2011-05-16 08:13:00,31,1.0,1303.91,301.5
15814.0,17,6,2634.44,1728,26.88204081632653,83,1,2010-04-15 14:31:00,2011-11-23 08:17:00,586,19.5,135.1,288.0
15815.0,64,5,2100.6,1856,42.86938775510204,33,1,2011-03-25 08:43:00,2011-10-07 12:42:00,196,6.5,323.17,371.2
15816.0,542,2,144.15,54,13.104545454545455,11,1,2010-06-15 12:54:00,2010-06-15 13:36:00,0,1.0,144.15,27.0
15817.0,421,3,2766.4,1596,18.2,133,1,2010-06-14 13:31:00,2010-10-15 11:07:00,122,4.1,674.73,532.0
15818.0,588,1,340.5,284,30.954545454545453,11,1,2010-04-30 12:58:00,2010-04-30 12:58:00,0,1.0,340.5,284.0
15819.0,49,10,3934.79,2928,15.133807692307693,182,1,2010-03-18 11:08:00,2011-10-21 14:50:00,582,19.4,202.82,292.8
15820.0,320,1,206.98,128,12.175294117647057,17,1,2011-01-24 12:00:00,2011-01-24 12:00:00,0,1.0,206.98,128.0
15821.0,44,2,570.96,202,9.209032258064516,57,1,2011-10-09 13:28:00,2011-10-26 15:48:00,17,0.6,951.6,101.0
15822.0,3,6,1840.06,950,28.308615384615383,46,1,2009-12-06 15:12:00,2011-12-06 14:50:00,729,24.3,75.72,158.33
15823.0,372,3,3882.17,1774,25.04625806451613,155,1,2009-12-08 15:12:00,2010-12-02 15:08:00,358,11.9,326.23,591.33
15824.0,453,2,890.94,478,34.26692307692308,24,1,2010-06-25 15:10:00,2010-09-12 13:20:00,78,2.6,342.67,239.0
15825.0,172,1,532.94,220,26.647000000000002,20,1,2011-06-20 13:27:00,2011-06-20 13:27:00,0,1.0,532.94,220.0
15826.0,56,4,2598.28,1824,21.834285714285716,100,1,2010-05-20 17:00:00,2011-10-14 16:05:00,511,17.0,152.84,456.0
15827.0,73,28,3603.14,1715,16.604331797235023,124,1,2010-01-08 11:25:00,2011-09-27 15:35:00,627,20.9,172.4,61.25
15828.0,375,1,1108.82,367,14.984054054054052,74,1,2010-11-29 16:41:00,2010-11-29 16:41:00,0,1.0,1108.82,367.0
15829.0,99,2,636.14,996,12.473333333333333,44,1,2011-07-22 10:23:00,2011-09-01 16:45:00,41,1.4,454.39,498.0
15830.0,38,1,576.0,415,14.76923076923077,39,1,2011-11-02 10:40:00,2011-11-02 10:40:00,0,1.0,576.0,415.0
15831.0,58,3,794.64,1092,12.04,63,1,2011-01-19 14:52:00,2011-10-12 13:14:00,265,8.8,90.3,364.0
15832.0,254,1,836.79,465,15.49611111111111,54,1,2011-03-30 15:29:00,2011-03-30 15:29:00,0,1.0,836.79,465.0
15833.0,738,1,80.4,24,16.080000000000002,5,1,2009-12-02 11:59:00,2009-12-02 11:59:00,0,1.0,80.4,24.0
15834.0,70,7,3764.39,1815,10.065213903743315,333,1,2010-10-11 14:05:00,2011-09-30 14:41:00,354,11.8,319.02,259.29
15835.0,44,4,954.09,439,19.0818,47,1,2011-01-13 10:35:00,2011-10-26 15:47:00,286,9.5,100.43,109.75
15836.0,50,1,137.37,26,13.737,10,1,2011-10-20 17:13:00,2011-10-20 17:13:00,0,1.0,137.37,26.0
15837.0,65,2,777.01,405,14.942499999999999,52,1,2010-08-11 10:16:00,2011-10-06 09:01:00,420,14.0,55.5,202.5
15838.0,11,34,73205.5,64114,355.36650485436894,61,1,2009-12-15 09:51:00,2011-11-28 14:00:00,713,23.8,3075.86,1885.71
15839.0,33,3,1048.49,675,16.911129032258064,56,1,2011-07-14 16:35:00,2011-11-06 13:54:00,114,3.8,275.92,225.0
15840.0,59,2,355.56,396,13.168888888888889,26,1,2011-06-20 11:42:00,2011-10-12 09:08:00,113,3.8,93.57,198.0
15841.0,73,9,2742.41,2391,29.808804347826086,60,1,2009-12-10 08:29:00,2011-09-28 12:15:00,657,21.9,125.22,265.67
15842.0,393,2,548.8000000000001,296,21.952,24,1,2010-06-30 09:06:00,2010-11-11 14:08:00,134,4.5,121.96,148.0
15843.0,304,1,118.95,27,14.86875,8,1,2011-02-09 10:19:00,2011-02-09 10:19:00,0,1.0,118.95,27.0
15844.0,46,1,130.73999999999998,134,11.885454545454543,11,1,2011-10-24 15:19:00,2011-10-24 15:19:00,0,1.0,130.74,134.0
15845.0,18,11,4426.28,2128,25.4383908045977,129,1,2010-01-26 14:44:00,2011-11-22 09:42:00,664,22.1,200.28,193.45
15846.0,385,1,107.01,79,3.6900000000000004,27,1,2010-11-19 14:40:00,2010-11-19 14:40:00,0,1.0,107.01,79.0
15847.0,38,5,822.57,643,17.136875,39,1,2010-03-08 08:47:00,2011-11-01 14:41:00,603,20.1,40.92,128.6
15848.0,622,1,137.99,45,4.058529411764706,34,1,2010-03-28 10:54:00,2010-03-28 10:54:00,0,1.0,137.99,45.0
15850.0,19,6,1006.75,1334,3.237138263665595,269,1,2009-12-13 13:27:00,2011-11-20 14:14:00,707,23.6,42.66,222.33
15851.0,527,1,109.73,67,13.71625,8,1,2010-07-01 12:34:00,2010-07-01 12:34:00,0,1.0,109.73,67.0
15852.0,187,3,257.26,60,7.795757575757576,31,1,2010-07-01 10:16:00,2011-06-06 11:22:00,340,11.3,22.77,20.0
15853.0,52,1,110.8,135,3.6933333333333334,29,1,2011-10-19 10:38:00,2011-10-19 10:38:00,0,1.0,110.8,135.0
15854.0,4,21,5578.28,1691,21.79015625,168,1,2009-12-10 12:08:00,2011-12-05 13:39:00,725,24.2,230.51,80.52
15855.0,137,6,1052.72,712,11.081263157894737,72,1,2010-08-20 17:15:00,2011-07-26 10:20:00,339,11.3,93.16,118.67
15856.0,4,52,32275.95,19550,29.288520871143376,384,1,2009-12-03 14:02:00,2011-12-05 17:09:00,732,24.4,1322.78,375.96
15857.0,19,2,570.48,584,23.77,21,1,2010-10-05 16:43:00,2011-11-21 12:18:00,411,13.7,41.64,292.0
15858.0,16,13,3552.41,2715,8.166459770114942,273,1,2009-12-10 11:42:00,2011-11-24 12:48:00,714,23.8,149.26,208.85
15859.0,432,1,438.46,174,19.93,22,1,2010-10-03 12:52:00,2010-10-03 12:52:00,0,1.0,438.46,174.0
15860.0,41,17,2361.3,1259,6.884256559766764,249,1,2009-12-06 12:31:00,2011-10-30 11:25:00,692,23.1,102.22,74.06
15861.0,12,12,4369.2,3837,5.544670050761421,452,1,2010-01-28 19:41:00,2011-11-27 15:59:00,667,22.2,196.81,319.75
15862.0,8,13,2512.29,1520,5.044759036144578,417,1,2009-12-17 11:33:00,2011-12-01 13:28:00,714,23.8,105.56,116.92
15863.0,26,5,355.1,162,4.611688311688312,74,1,2009-12-17 10:20:00,2011-11-14 12:49:00,697,23.2,15.31,32.4
15864.0,22,7,2180.76,1486,94.81565217391305,18,1,2010-11-23 15:02:00,2011-11-17 13:32:00,358,11.9,183.26,212.29
15865.0,41,5,2241.42,1141,17.78904761904762,119,1,2010-01-05 13:58:00,2011-10-30 12:43:00,662,22.1,101.42,228.2
15866.0,101,1,211.89,124,4.927674418604651,43,1,2011-08-30 14:09:00,2011-08-30 14:09:00,0,1.0,211.89,124.0
15867.0,5,31,8923.3,5067,8.748333333333333,547,1,2009-12-14 15:16:00,2011-12-04 13:32:00,719,24.0,371.8,163.45
15868.0,583,1,94.53,57,23.6325,4,1,2010-05-05 14:11:00,2010-05-05 14:11:00,0,1.0,94.53,57.0
15869.0,277,3,321.11,273,9.444411764705883,29,1,2010-03-23 16:50:00,2011-03-07 17:23:00,349,11.6,27.68,91.0
15870.0,33,4,857.46,504,5.9962237762237764,127,1,2010-09-19 16:22:00,2011-11-07 10:58:00,413,13.8,62.13,126.0
15871.0,437,1,33.099999999999994,5,6.619999999999999,5,1,2010-09-28 14:16:00,2010-09-28 14:16:00,0,1.0,33.1,5.0
15872.0,15,4,729.25,467,3.8789893617021276,164,1,2010-06-07 14:53:00,2011-11-25 11:55:00,535,17.8,40.97,116.75
15873.0,500,4,313.91999999999996,1152,52.31999999999999,3,1,2010-07-27 11:58:00,2010-07-28 12:41:00,1,1.0,313.92,288.0
15874.0,64,21,11284.76,5102,32.99637426900585,262,1,2010-01-07 13:56:00,2011-10-07 12:31:00,637,21.2,532.3,242.95
15875.0,646,1,108.52,74,4.718260869565217,18,1,2010-03-03 16:51:00,2010-03-03 16:51:00,0,1.0,108.52,74.0
15876.0,409,2,1449.14,886,131.74,11,1,2010-09-17 15:26:00,2010-10-26 18:58:00,39,1.3,1114.72,443.0
15877.0,2,2,490.33,368,3.8915079365079364,122,1,2011-11-22 11:18:00,2011-12-08 11:53:00,16,0.5,980.66,184.0
15878.0,562,2,330.77,243,6.485686274509804,47,1,2009-12-06 12:28:00,2010-05-27 12:17:00,171,5.7,58.03,121.5
15879.0,404,4,1137.8,639,6.356424581005586,171,1,2009-12-17 19:54:00,2010-10-31 16:21:00,317,10.6,107.34,159.75
15880.0,369,1,329.03,202,3.427395833333333,95,1,2010-12-05 13:00:00,2010-12-05 13:00:00,0,1.0,329.03,202.0
15881.0,312,5,501.39,260,17.289310344827587,26,1,2010-12-10 13:32:00,2011-01-31 16:59:00,52,1.7,294.94,52.0
15882.0,199,8,1124.66,650,19.062033898305085,49,1,2009-12-10 15:33:00,2011-05-25 11:35:00,530,17.7,63.54,81.25
15883.0,2,2,396.48,223,8.091428571428573,42,1,2011-11-06 14:50:00,2011-12-07 17:05:00,31,1.0,396.48,111.5
15884.0,432,2,244.60000000000002,152,17.47142857142857,14,1,2009-12-03 18:23:00,2010-10-03 15:55:00,303,10.1,24.22,76.0
15885.0,93,15,1951.82,622,16.972347826086956,83,1,2010-01-21 12:47:00,2011-09-08 10:43:00,594,19.8,98.58,41.47
15886.0,60,4,1052.8700000000001,667,16.98177419354839,58,1,2010-04-20 15:03:00,2011-10-10 14:25:00,537,17.9,58.82,166.75
15887.0,407,3,1027.15,605,27.760810810810813,27,1,2010-06-02 11:53:00,2010-10-29 08:36:00,148,4.9,209.62,201.67
15888.0,81,3,429.16,139,11.004102564102565,33,1,2010-07-01 11:51:00,2011-09-20 12:30:00,446,14.9,28.8,46.33
15889.0,157,8,1427.6,800,4.742857142857143,256,1,2009-12-10 12:21:00,2011-07-06 11:10:00,572,19.1,74.74,100.0
15890.0,395,5,535.65,119,53.565,10,1,2010-04-14 08:43:00,2010-11-10 12:46:00,210,7.0,76.52,23.8
15891.0,227,1,511.68,418,8.528,60,1,2011-04-27 12:35:00,2011-04-27 12:35:00,0,1.0,511.68,418.0
15892.0,669,1,128.2,46,3.3736842105263154,38,1,2010-02-08 16:23:00,2010-02-08 16:23:00,0,1.0,128.2,46.0
15893.0,482,1,305.28000000000003,288,305.28000000000003,1,1,2010-08-15 11:12:00,2010-08-15 11:12:00,0,1.0,305.28,288.0
15894.0,253,2,258.25,164,6.97972972972973,35,1,2010-12-05 14:06:00,2011-03-31 13:50:00,115,3.8,67.96,82.0
15895.0,150,1,179.17,94,16.288181818181815,11,1,2011-07-13 10:27:00,2011-07-13 10:27:00,0,1.0,179.17,94.0
15897.0,194,2,208.59,223,9.481363636363637,17,1,2011-05-29 13:32:00,2011-05-29 13:50:00,0,1.0,208.59,111.5
15898.0,1,25,4996.45,2160,8.071809369951534,281,1,2009-12-11 16:11:00,2011-12-08 15:23:00,726,24.2,206.46,86.4
15899.0,369,1,56.25,39,14.0625,4,1,2010-12-06 10:36:00,2010-12-06 10:36:00,0,1.0,56.25,39.0
15900.0,24,4,886.57,656,7.036269841269841,100,1,2010-05-26 11:27:00,2011-11-16 12:19:00,539,18.0,49.25,164.0
15901.0,17,7,687.72,695,4.193414634146341,145,1,2010-06-14 12:39:00,2011-11-23 12:43:00,527,17.6,39.07,99.29
15902.0,380,1,145.01,124,8.056111111111111,18,1,2010-11-24 16:57:00,2010-11-24 16:57:00,0,1.0,145.01,124.0
15903.0,10,12,8939.84,3926,77.06758620689655,58,1,2010-01-14 10:57:00,2011-11-30 08:08:00,684,22.8,392.1,327.17
15904.0,8,1,164.68,84,5.489333333333334,30,1,2011-12-01 14:50:00,2011-12-01 14:50:00,0,1.0,164.68,84.0
15905.0,543,1,114.69,82,5.213181818181818,22,1,2010-06-14 16:00:00,2010-06-14 16:00:00,0,1.0,114.69,82.0
15906.0,20,10,2530.19,749,12.588009950248756,143,1,2010-09-15 12:17:00,2011-11-20 12:24:00,431,14.4,175.71,74.9
15907.0,4,3,882.72,478,3.905840707964602,175,1,2011-05-13 13:01:00,2011-12-06 12:21:00,206,6.9,127.93,159.33
15908.0,491,2,758.62,173,18.9655,37,1,2010-07-15 19:21:00,2010-08-06 11:56:00,21,0.7,1083.74,86.5
15909.0,174,1,191.94,98,27.419999999999998,7,1,2011-06-19 10:38:00,2011-06-19 10:38:00,0,1.0,191.94,98.0
15910.0,1,15,2661.17,2158,4.292209677419355,394,1,2010-01-21 11:51:00,2011-12-09 10:51:00,686,22.9,116.21,143.87
15911.0,624,8,1700.24,810,6.590077519379845,162,1,2009-12-09 13:26:00,2010-03-26 12:06:00,106,3.5,485.78,101.25
15912.0,178,9,1074.7,759,11.31263157894737,83,1,2009-12-10 12:58:00,2011-06-14 14:29:00,551,18.4,58.41,84.33
15913.0,534,1,6.300000000000001,3,6.300000000000001,1,1,2010-06-23 16:31:00,2010-06-23 16:31:00,0,1.0,6.3,3.0
15914.0,378,2,205.99,149,15.845384615384615,13,1,2010-11-26 16:09:00,2010-11-26 16:10:00,0,1.0,205.99,74.5
15915.0,402,1,364.45,414,3.225221238938053,105,1,2010-11-03 11:13:00,2010-11-03 11:13:00,0,1.0,364.45,414.0
15916.0,16,13,3145.2400000000002,1618,10.278562091503268,227,1,2009-12-10 16:21:00,2011-11-23 13:46:00,712,23.7,132.71,124.46
15917.0,248,5,530.17,248,3.7335915492957743,127,1,2009-12-02 14:55:00,2011-04-06 10:40:00,489,16.3,32.53,49.6
15918.0,191,3,582.88,240,9.555409836065573,49,1,2010-03-18 11:40:00,2011-06-02 11:42:00,441,14.7,39.65,80.0
15919.0,20,2,525.69,385,4.308934426229508,103,1,2010-12-06 11:26:00,2011-11-20 11:28:00,349,11.6,45.32,192.5
15920.0,154,9,569.14,238,5.319065420560747,93,1,2009-12-14 13:09:00,2011-07-08 15:31:00,571,19.0,29.95,26.44
15921.0,173,4,775.26,335,9.813417721518988,69,1,2010-03-09 11:03:00,2011-06-20 11:03:00,468,15.6,49.7,83.75
15922.0,373,1,369.5,138,33.59090909090909,11,1,2010-12-01 13:51:00,2010-12-01 13:51:00,0,1.0,369.5,138.0
15923.0,373,1,127.08,122,6.051428571428572,21,1,2010-12-02 12:16:00,2010-12-02 12:16:00,0,1.0,127.08,122.0
15924.0,731,1,102.82,103,6.854666666666666,14,1,2009-12-08 15:00:00,2009-12-08 15:00:00,0,1.0,102.82,103.0
15925.0,194,1,207.15,93,17.2625,12,1,2011-05-29 15:35:00,2011-05-29 15:35:00,0,1.0,207.15,93.0
15926.0,542,1,134.44,155,19.205714285714286,7,1,2010-06-15 15:23:00,2010-06-15 15:23:00,0,1.0,134.44,155.0
15927.0,647,1,106.54,66,7.102666666666667,13,1,2010-03-02 13:25:00,2010-03-02 13:25:00,0,1.0,106.54,66.0
15928.0,656,1,293.53,164,26.684545454545454,11,1,2010-02-21 15:16:00,2010-02-21 15:16:00,0,1.0,293.53,164.0
15929.0,644,1,594.0,120,594.0,1,1,2010-03-05 14:56:00,2010-03-05 14:56:00,0,1.0,594.0,120.0
15930.0,67,1,426.63,139,20.315714285714286,21,1,2011-10-03 14:52:00,2011-10-03 14:52:00,0,1.0,426.63,139.0
15931.0,428,1,239.9,118,17.135714285714286,14,1,2010-10-07 16:46:00,2010-10-07 16:46:00,0,1.0,239.9,118.0
15932.0,4,8,2495.87,2325,21.703217391304346,93,1,2011-02-23 14:50:00,2011-12-05 17:13:00,285,9.5,262.72,290.62
15933.0,21,3,1107.46,885,14.965675675675676,63,1,2011-09-14 12:05:00,2011-11-18 13:14:00,65,2.2,503.39,295.0
15934.0,418,2,2190.66,2166,75.53999999999999,29,1,2010-10-06 12:08:00,2010-10-18 10:13:00,11,0.4,5476.65,1083.0
15935.0,239,2,416.86,115,34.73833333333334,12,1,2011-04-12 09:35:00,2011-04-14 13:27:00,2,0.1,4168.6,57.5
15936.0,379,2,282.79,211,14.883684210526317,16,1,2010-08-29 11:42:00,2010-11-25 16:39:00,88,2.9,97.51,105.5
15937.0,64,1,145.35000000000002,73,20.764285714285716,7,1,2011-10-06 15:48:00,2011-10-06 15:48:00,0,1.0,145.35,73.0
15938.0,112,9,734.8100000000001,449,18.841282051282054,27,1,2010-06-01 09:42:00,2011-08-19 12:56:00,444,14.8,49.65,49.89
15939.0,90,16,9060.39,6260,56.27571428571428,52,1,2010-11-30 12:07:00,2011-09-11 11:30:00,284,9.5,953.73,391.25
15940.0,311,1,35.8,4,35.8,1,1,2011-02-01 16:18:00,2011-02-01 16:18:00,0,1.0,35.8,4.0
15941.0,637,1,405.0,60,67.5,6,1,2010-03-12 14:45:00,2010-03-12 14:45:00,0,1.0,405.0,60.0
15942.0,134,1,337.44,232,24.102857142857143,14,1,2011-07-29 09:01:00,2011-07-29 09:01:00,0,1.0,337.44,232.0
15943.0,650,2,271.28999999999996,183,22.607499999999998,12,1,2010-01-31 11:04:00,2010-02-28 12:49:00,28,0.9,301.43,91.5
15944.0,277,4,2164.24,859,56.95368421052631,25,1,2009-12-13 12:57:00,2011-03-08 10:33:00,449,15.0,144.28,214.75
15945.0,365,4,646.27,345,23.081071428571427,24,1,2009-12-01 13:47:00,2010-12-09 13:14:00,372,12.4,52.12,86.25
15946.0,503,3,2304.18,1614,88.62230769230769,25,1,2010-03-16 10:49:00,2010-07-25 12:18:00,131,4.4,523.68,538.0
15947.0,83,1,1708.24,898,58.9048275862069,29,1,2011-09-18 10:46:00,2011-09-18 10:46:00,0,1.0,1708.24,898.0
15948.0,8,3,1509.0900000000001,852,15.885157894736844,63,1,2010-10-11 12:16:00,2011-12-01 15:32:00,416,13.9,108.57,284.0
15949.0,17,2,364.72,284,19.19578947368421,12,1,2011-09-29 17:34:00,2011-11-23 09:09:00,54,1.8,202.62,142.0
15950.0,32,10,7120.91,3354,18.119363867684477,225,1,2010-01-26 11:39:00,2011-11-08 11:09:00,650,21.7,328.15,335.4
15951.0,9,3,1013.1700000000001,420,17.172372881355933,44,1,2010-11-23 18:20:00,2011-12-01 08:34:00,372,12.4,81.71,140.0
15952.0,34,4,781.91,391,9.30845238095238,65,1,2011-04-28 12:55:00,2011-11-06 11:18:00,191,6.4,122.17,97.75
15953.0,15,18,3440.34,1741,20.600838323353294,102,1,2009-12-03 14:00:00,2011-11-24 15:32:00,721,24.0,143.35,96.72
15954.0,589,1,190.75,119,9.5375,20,1,2010-04-29 13:35:00,2010-04-29 13:35:00,0,1.0,190.75,119.0
15955.0,24,22,8085.9800000000005,3967,23.643216374269006,222,1,2010-02-23 16:36:00,2011-11-15 14:15:00,629,21.0,385.05,180.32
15956.0,551,2,617.6,278,34.31111111111111,18,1,2009-12-13 11:16:00,2010-06-06 13:06:00,175,5.8,106.48,139.0
15957.0,32,3,921.25,453,6.309931506849315,121,1,2010-10-15 12:11:00,2011-11-08 12:14:00,389,13.0,70.87,151.0
15958.0,74,4,462.12,154,7.109538461538461,50,1,2010-06-07 10:59:00,2011-09-26 13:41:00,476,15.9,29.06,38.5
15959.0,682,3,542.89,269,7.646338028169014,58,1,2010-01-26 16:19:00,2010-01-26 16:38:00,0,1.0,542.89,89.67
15960.0,374,4,410.95,258,15.805769230769231,24,1,2010-09-30 15:50:00,2010-11-30 15:57:00,61,2.0,205.48,64.5
15961.0,379,1,451.28999999999996,154,10.745,42,1,2010-11-25 15:59:00,2010-11-25 15:59:00,0,1.0,451.29,154.0
15962.0,449,1,289.48,228,5.263272727272728,43,1,2010-09-16 13:48:00,2010-09-16 13:48:00,0,1.0,289.48,228.0
15963.0,20,2,470.76,298,16.812857142857144,26,1,2011-10-25 13:05:00,2011-11-20 11:33:00,25,0.8,588.45,149.0
15964.0,663,1,269.21000000000004,93,13.460500000000001,20,1,2010-02-14 15:30:00,2010-02-14 15:30:00,0,1.0,269.21,93.0
15965.0,17,13,2771.94,1313,8.34921686746988,202,1,2009-12-03 11:45:00,2011-11-22 16:44:00,719,24.0,115.5,101.0
15966.0,451,1,426.53,275,15.797407407407407,27,1,2010-09-15 10:44:00,2010-09-15 10:44:00,0,1.0,426.53,275.0
15967.0,23,12,2966.0,1183,6.179166666666666,316,1,2009-12-01 13:29:00,2011-11-16 15:41:00,715,23.8,124.62,98.58
15968.0,388,1,404.55,247,5.056875,70,1,2010-11-16 13:04:00,2010-11-16 13:04:00,0,1.0,404.55,247.0
15969.0,3,5,1127.05,223,32.20142857142857,31,1,2010-07-05 13:10:00,2011-12-07 11:06:00,519,17.3,65.15,44.6
15970.0,304,2,1017.3199999999999,498,42.38833333333333,19,1,2010-04-20 11:30:00,2011-02-09 12:08:00,295,9.8,103.81,249.0
15971.0,18,18,5902.83,2251,140.54357142857143,12,1,2009-12-08 09:46:00,2011-11-22 12:50:00,714,23.8,248.02,125.06
15972.0,456,5,1769.33,468,12.728992805755395,104,1,2010-04-18 14:06:00,2010-09-09 13:20:00,143,4.8,368.61,93.6
15973.0,367,3,680.62,195,61.874545454545455,8,1,2010-10-06 15:00:00,2010-12-08 11:42:00,62,2.1,324.1,65.0
15974.0,39,7,3442.15,2262,19.557670454545455,141,1,2011-02-24 10:10:00,2011-10-31 13:13:00,249,8.3,414.72,323.14
15975.0,84,1,371.01,243,15.45875,24,1,2011-09-16 13:33:00,2011-09-16 13:33:00,0,1.0,371.01,243.0
15976.0,165,6,1694.41,1053,4.482566137566137,265,1,2010-06-06 14:01:00,2011-06-27 13:00:00,385,12.8,132.38,175.5
15977.0,17,2,1054.73,1016,16.226615384615386,48,1,2011-10-31 16:24:00,2011-11-22 13:29:00,21,0.7,1506.76,508.0
15978.0,77,3,3279.42,2444,25.42186046511628,107,1,2010-03-05 14:39:00,2011-09-23 15:21:00,567,18.9,173.51,814.67
15979.0,603,1,329.21999999999997,450,14.964545454545453,22,1,2010-04-16 11:35:00,2010-04-16 11:35:00,0,1.0,329.22,450.0
15980.0,89,7,6543.68,4822,56.90156521739131,101,1,2010-06-01 14:40:00,2011-09-12 09:41:00,467,15.6,419.47,688.86
15981.0,25,21,9362.77,4827,32.509618055555556,151,1,2010-03-29 10:07:00,2011-11-15 08:00:00,595,19.8,472.87,229.86
15982.0,605,1,324.51,131,7.211333333333333,45,1,2010-04-13 15:47:00,2010-04-13 15:47:00,0,1.0,324.51,131.0
15983.0,22,8,3110.37,1872,12.055697674418605,137,1,2009-12-06 12:52:00,2011-11-17 17:34:00,711,23.7,131.24,234.0
15984.0,3,30,8393.02,5730,11.990028571428573,458,1,2009-12-01 13:38:00,2011-12-07 12:16:00,735,24.5,342.57,191.0
15985.0,123,7,2715.28,2750,26.10846153846154,50,1,2010-05-27 15:51:00,2011-08-08 16:31:00,438,14.6,185.98,392.86
15986.0,30,2,354.42,368,14.1768,25,1,2010-11-23 10:02:00,2011-11-09 15:17:00,351,11.7,30.29,184.0
15987.0,12,8,1535.99,1599,9.08869822485207,143,1,2010-11-25 12:56:00,2011-11-27 15:38:00,367,12.2,125.9,199.88
15988.0,19,3,738.89,476,6.157416666666666,114,1,2010-02-21 11:36:00,2011-11-20 13:23:00,637,21.2,34.85,158.67
15989.0,376,2,368.31,169,4.2826744186046515,81,1,2009-12-02 15:51:00,2010-11-29 12:03:00,361,12.0,30.69,84.5
15990.0,44,7,1997.75,1086,11.286723163841808,117,1,2010-02-28 12:30:00,2011-10-26 15:58:00,605,20.2,98.9,155.14
15991.0,534,1,150.55,41,25.09166666666667,6,1,2010-06-23 15:50:00,2010-06-23 15:50:00,0,1.0,150.55,41.0
15992.0,4,3,896.6,514,16.603703703703705,53,1,2010-09-12 11:52:00,2011-12-06 11:00:00,449,15.0,59.77,171.33
15993.0,9,7,2777.67,2037,5.115414364640884,335,1,2011-10-26 16:21:00,2011-12-01 10:45:00,35,1.2,2314.73,291.0
15994.0,55,3,1175.68,462,10.885925925925926,93,1,2010-03-14 11:55:00,2011-10-16 12:28:00,581,19.4,60.6,154.0
15995.0,414,1,694.54,352,6.314,108,1,2010-10-21 13:57:00,2010-10-21 13:57:00,0,1.0,694.54,352.0
15996.0,88,7,1386.4,643,8.013872832369943,140,1,2010-11-07 15:49:00,2011-09-12 15:14:00,308,10.3,134.6,91.86
15998.0,37,16,8274.14,5350,5.806414035087719,682,1,2009-12-01 11:45:00,2011-11-03 12:45:00,702,23.4,353.6,334.38
15999.0,736,1,20.4,24,20.4,1,1,2009-12-04 12:31:00,2009-12-04 12:31:00,0,1.0,20.4,24.0
16000.0,3,3,12393.7,5110,1377.0777777777778,9,1,2011-12-07 12:14:00,2011-12-07 12:17:00,0,1.0,12393.7,1703.33
16001.0,381,1,583.39,337,20.11689655172414,29,1,2010-11-23 17:10:00,2010-11-23 17:10:00,0,1.0,583.39,337.0
16002.0,625,1,169.21,70,4.028809523809524,42,1,2010-03-24 13:08:00,2010-03-24 13:08:00,0,1.0,169.21,70.0
16003.0,30,10,5613.83,2210,27.65433497536946,146,1,2009-12-03 18:51:00,2011-11-10 09:57:00,706,23.5,238.89,221.0
16004.0,475,5,2146.39,1076,23.848777777777777,63,1,2010-01-25 13:56:00,2010-08-22 11:48:00,208,6.9,311.07,215.2
16005.0,12,10,2365.4900000000002,1269,4.887376033057851,315,1,2010-09-15 13:21:00,2011-11-27 13:47:00,438,14.6,162.02,126.9
16006.0,211,2,332.82,205,4.266923076923077,75,1,2010-11-17 12:03:00,2011-05-12 13:12:00,176,5.9,56.41,102.5
16007.0,48,7,3053.06,2631,4.646971080669711,337,1,2010-06-14 13:18:00,2011-10-23 11:05:00,495,16.5,185.03,375.86
16008.0,24,15,5339.13,3237,21.103280632411067,63,1,2010-03-19 11:07:00,2011-11-16 10:32:00,606,20.2,264.31,215.8
16009.0,22,4,972.11,366,11.855,68,1,2011-07-03 11:26:00,2011-11-17 16:51:00,137,4.6,211.33,91.5
16010.0,246,11,1694.86,919,5.864567474048442,122,1,2010-10-24 10:54:00,2011-04-08 10:14:00,165,5.5,308.16,83.55
16011.0,8,29,5601.01,3323,13.17884705882353,181,1,2009-12-01 12:02:00,2011-12-01 16:31:00,730,24.3,230.49,114.59
16012.0,35,5,2978.59,1760,12.462719665271967,207,1,2010-06-28 11:39:00,2011-11-04 13:25:00,494,16.5,180.52,352.0
16013.0,4,84,56078.44,25520,259.6224074074074,54,1,2009-12-08 10:24:00,2011-12-06 10:36:00,728,24.3,2307.75,303.81
16014.0,38,5,1100.28,462,4.001018181818182,219,1,2010-01-31 12:43:00,2011-11-02 12:04:00,639,21.3,51.66,92.4
16015.0,4,3,704.55,907,3.892541436464088,146,1,2011-10-21 12:56:00,2011-12-06 10:58:00,45,1.5,469.7,302.33
16016.0,3,11,2083.4,881,7.014814814814815,181,1,2010-11-02 13:27:00,2011-12-06 14:35:00,399,13.3,156.65,80.09
16017.0,47,5,1545.58,635,11.889076923076923,99,1,2010-01-05 12:06:00,2011-10-23 12:56:00,656,21.9,70.57,127.0
16018.0,39,4,698.13,503,12.466607142857143,48,1,2009-12-07 13:57:00,2011-10-31 14:13:00,693,23.1,30.22,125.75
16019.0,47,27,17329.16,6959,43.00039702233251,256,1,2009-12-14 14:12:00,2011-10-24 11:51:00,678,22.6,766.78,257.74
16020.0,17,3,851.01,487,18.500217391304346,42,1,2011-10-05 13:54:00,2011-11-23 11:18:00,48,1.6,531.88,162.33
16021.0,395,2,487.03,276,3.8653174603174603,117,1,2010-06-13 11:05:00,2010-11-09 14:48:00,149,5.0,97.41,138.0
16022.0,260,1,602.63,255,8.48774647887324,68,1,2011-03-24 13:16:00,2011-03-24 13:16:00,0,1.0,602.63,255.0
16023.0,46,3,719.81,358,7.126831683168317,90,1,2011-03-18 13:32:00,2011-10-24 16:34:00,220,7.3,98.6,119.33
16024.0,12,3,483.99,504,5.694,78,1,2010-10-24 11:40:00,2011-11-27 13:26:00,399,13.3,36.39,168.0
16025.0,30,1,439.65999999999997,338,15.702142857142857,28,1,2011-11-10 11:45:00,2011-11-10 11:45:00,0,1.0,439.66,338.0
16026.0,43,1,236.09,243,7.3778125,30,1,2011-10-27 13:53:00,2011-10-27 13:53:00,0,1.0,236.09,243.0
16027.0,92,15,2048.36,2099,58.524571428571434,20,1,2010-01-08 13:21:00,2011-09-09 10:47:00,608,20.3,100.9,139.93
16028.0,596,1,82.2,18,16.44,5,1,2010-04-23 11:45:00,2010-04-23 11:45:00,0,1.0,82.2,18.0
16029.0,39,107,117763.62,54450,318.28005405405406,57,1,2009-12-08 11:23:00,2011-11-01 10:27:00,692,23.1,5097.99,508.88
16030.0,310,1,331.24,283,11.422068965517242,28,1,2011-02-03 11:28:00,2011-02-03 11:28:00,0,1.0,331.24,283.0
16031.0,92,2,547.9,421,5.590816326530612,91,1,2011-04-06 14:23:00,2011-09-08 13:07:00,154,5.1,107.43,210.5
16032.0,456,6,1965.72,1467,9.36057142857143,130,1,2010-07-04 13:31:00,2010-09-09 18:00:00,67,2.2,893.51,244.5
16033.0,6,27,10608.81,4200,7.806335540838852,605,1,2010-08-11 16:44:00,2011-12-04 12:44:00,479,16.0,663.05,155.56
16034.0,196,6,911.32,585,16.27357142857143,43,1,2010-10-26 13:00:00,2011-05-27 16:17:00,213,7.1,128.35,97.5
16035.0,560,1,217.73,33,10.368095238095238,21,1,2010-05-28 15:09:00,2010-05-28 15:09:00,0,1.0,217.73,33.0
16036.0,87,4,2556.84,1369,18.263142857142856,120,1,2010-03-29 14:47:00,2011-09-13 14:53:00,533,17.8,143.64,342.25
16037.0,270,5,1509.3400000000001,766,21.25830985915493,62,1,2010-03-01 12:31:00,2011-03-15 09:13:00,378,12.6,119.79,153.2
16038.0,8,3,471.78,244,18.145384615384614,24,1,2011-05-22 11:29:00,2011-12-02 12:40:00,194,6.5,72.58,81.33
16039.0,424,2,456.4,409,14.2625,27,1,2010-03-21 15:17:00,2010-10-12 10:44:00,204,6.8,67.12,204.5
16040.0,65,7,2416.9,1185,19.3352,95,1,2010-04-09 10:12:00,2011-10-05 13:47:00,544,18.1,133.53,169.29
16041.0,31,3,3166.4,1584,527.7333333333333,6,1,2011-07-21 16:27:00,2011-11-09 12:25:00,110,3.7,855.78,528.0
16042.0,22,8,2245.32,1430,17.40558139534884,88,1,2010-09-12 12:00:00,2011-11-17 17:50:00,431,14.4,155.93,178.75
16043.0,38,8,1856.5900000000001,1011,25.4327397260274,56,1,2010-08-15 11:26:00,2011-11-02 12:50:00,444,14.8,125.45,126.38
16044.0,435,1,340.84000000000003,170,17.938947368421054,19,1,2010-09-30 18:12:00,2010-09-30 18:12:00,0,1.0,340.84,170.0
16045.0,120,8,3434.93,2108,23.208986486486484,111,1,2010-07-29 12:50:00,2011-08-12 12:41:00,378,12.6,272.61,263.5
16046.0,562,1,235.78,248,10.717272727272727,22,1,2010-05-26 13:18:00,2010-05-26 13:18:00,0,1.0,235.78,248.0
16047.0,682,1,107.14,1,107.14,1,1,2010-01-26 16:34:00,2010-01-26 16:34:00,0,1.0,107.14,1.0
16048.0,373,4,818.7900000000001,425,22.74416666666667,30,1,2010-06-08 12:36:00,2010-12-01 15:28:00,176,5.9,138.78,106.25
16049.0,40,6,1852.15,1132,3.8188659793814437,383,1,2010-07-11 13:53:00,2011-10-30 13:19:00,475,15.8,117.22,188.67
16050.0,174,3,300.7,388,14.319047619047618,19,1,2010-11-03 15:55:00,2011-06-19 11:44:00,227,7.6,39.57,129.33
16051.0,682,1,188.44,80,15.703333333333333,12,1,2010-01-27 09:38:00,2010-01-27 09:38:00,0,1.0,188.44,80.0
16052.0,54,1,362.06,282,10.648823529411764,34,1,2011-10-16 15:13:00,2011-10-16 15:13:00,0,1.0,362.06,282.0
16053.0,33,6,3634.84,3067,18.736288659793814,169,1,2010-04-08 11:11:00,2011-11-07 11:21:00,578,19.3,188.33,511.17
16054.0,145,4,2111.88,791,17.31049180327869,109,1,2010-04-01 18:37:00,2011-07-17 13:08:00,471,15.7,134.51,197.75
16055.0,221,1,134.8,22,16.85,8,1,2011-05-03 09:26:00,2011-05-03 09:26:00,0,1.0,134.8,22.0
16056.0,45,1,650.75,345,9.859848484848484,66,1,2011-10-25 15:19:00,2011-10-25 15:19:00,0,1.0,650.75,345.0
16057.0,16,10,3854.85,1691,17.682798165137616,175,1,2010-01-07 17:11:00,2011-11-23 15:23:00,684,22.8,169.07,169.1
16058.0,406,1,62.7,18,31.35,2,1,2010-10-29 16:48:00,2010-10-29 16:48:00,0,1.0,62.7,18.0
16059.0,66,12,3053.57,1431,7.809641943734015,233,1,2010-05-19 13:04:00,2011-10-05 09:56:00,503,16.8,181.76,119.25
16060.0,401,3,541.95,243,22.58125,22,1,2010-08-02 15:26:00,2010-11-04 12:10:00,93,3.1,174.82,81.0
16061.0,431,1,89.65,19,29.883333333333336,3,1,2010-10-04 15:29:00,2010-10-04 15:29:00,0,1.0,89.65,19.0
16062.0,10,8,2863.45,2035,15.478108108108108,134,1,2010-06-21 13:32:00,2011-11-30 12:15:00,526,17.5,163.63,254.38
16063.0,260,1,335.32,262,14.57913043478261,23,1,2011-03-24 14:55:00,2011-03-24 14:56:00,0,1.0,335.32,262.0
16064.0,725,1,109.31,55,6.43,17,1,2009-12-14 16:11:00,2009-12-14 16:11:00,0,1.0,109.31,55.0
16065.0,365,8,1992.13,1207,5.643427762039661,214,1,2010-09-02 13:27:00,2010-12-09 13:03:00,97,3.2,622.54,150.88
16066.0,17,5,1521.04,935,15.059801980198019,77,1,2011-08-07 14:33:00,2011-11-23 11:54:00,107,3.6,422.51,187.0
16067.0,563,3,3269.11,1236,48.07514705882353,60,1,2010-02-02 18:01:00,2010-05-26 12:33:00,112,3.7,883.54,412.0
16068.0,594,1,115.73,48,3.3065714285714285,34,1,2010-04-25 11:52:00,2010-04-25 11:52:00,0,1.0,115.73,48.0
16069.0,418,1,457.7,138,18.308,25,1,2010-10-18 10:32:00,2010-10-18 10:32:00,0,1.0,457.7,138.0
16070.0,22,2,852.15,457,25.82272727272727,32,1,2011-11-07 16:36:00,2011-11-17 15:50:00,9,0.3,2840.5,228.5
16071.0,45,4,1076.8,697,14.750684931506848,62,1,2010-02-22 14:48:00,2011-10-26 11:14:00,610,20.3,53.04,174.25
16072.0,288,4,4180.09,1580,7.87210922787194,414,1,2010-06-08 16:47:00,2011-02-24 14:32:00,260,8.7,480.47,395.0
16073.0,297,1,122.4,48,122.4,1,1,2011-02-15 15:41:00,2011-02-15 15:41:00,0,1.0,122.4,48.0
16074.0,390,1,252.5,38,10.1,23,1,2010-11-14 13:19:00,2010-11-14 13:19:00,0,1.0,252.5,38.0
16075.0,503,2,736.9300000000001,271,17.973902439024393,41,1,2010-05-24 15:57:00,2010-07-25 11:31:00,61,2.0,368.46,135.5
16076.0,3,10,2234.73,1435,17.323488372093024,71,1,2011-05-15 12:31:00,2011-12-06 14:59:00,205,6.8,328.64,143.5
16077.0,626,1,2300.4,840,287.55,8,1,2010-03-24 10:42:00,2010-03-24 10:42:00,0,1.0,2300.4,840.0
16078.0,284,2,362.99,200,9.307435897435898,39,1,2010-02-08 13:29:00,2011-03-01 09:47:00,385,12.8,28.36,100.0
16079.0,17,3,1352.0,864,64.38095238095238,18,1,2011-10-30 13:06:00,2011-11-23 12:48:00,23,0.8,1690.0,288.0
16080.0,82,4,602.5600000000001,298,20.085333333333335,29,1,2010-09-15 14:19:00,2011-09-19 10:42:00,368,12.3,48.99,74.5
16081.0,56,8,4278.96,2177,11.627608695652174,235,1,2010-02-03 12:46:00,2011-10-14 13:06:00,618,20.6,207.72,272.12
16082.0,670,1,106.75,39,6.671875,16,1,2010-02-07 15:16:00,2010-02-07 15:16:00,0,1.0,106.75,39.0
16083.0,101,4,2351.42,1514,33.11859154929578,61,1,2010-11-16 11:53:00,2011-08-31 10:47:00,287,9.6,244.94,378.5
16084.0,299,1,436.18,216,11.47842105263158,38,1,2011-02-13 16:05:00,2011-02-13 16:05:00,0,1.0,436.18,216.0
16085.0,23,12,2341.03,1382,6.242746666666667,259,1,2010-01-20 14:03:00,2011-11-16 13:24:00,664,22.1,105.93,115.17
16086.0,59,10,2687.73,1450,20.83511627906977,66,1,2009-12-02 13:20:00,2011-10-11 13:09:00,677,22.6,118.93,145.0
16087.0,389,5,1739.92,664,173.99200000000002,6,1,2010-01-19 12:30:00,2010-11-15 16:44:00,300,10.0,173.99,132.8
16088.0,576,2,1437.43,373,239.5716666666667,3,1,2010-04-27 10:56:00,2010-05-13 10:16:00,15,0.5,2874.86,186.5
16089.0,386,2,263.49,119,5.606170212765957,42,1,2010-07-18 15:51:00,2010-11-18 13:51:00,122,4.1,64.27,59.5
16090.0,624,1,180.56,58,10.03111111111111,18,1,2010-03-25 13:05:00,2010-03-25 13:05:00,0,1.0,180.56,58.0
16091.0,155,2,315.06,154,17.503333333333334,16,1,2011-05-25 09:18:00,2011-07-08 08:45:00,43,1.4,225.04,77.0
16092.0,115,6,1587.94,1188,17.64377777777778,60,1,2010-05-09 16:10:00,2011-08-17 10:46:00,464,15.5,102.45,198.0
16093.0,107,1,17.0,20,17.0,1,1,2011-08-25 11:09:00,2011-08-25 11:09:00,0,1.0,17.0,20.0
16094.0,12,11,3695.56,2020,18.854897959183674,101,1,2010-04-16 14:00:00,2011-11-28 12:45:00,590,19.7,187.59,183.64
16095.0,456,1,447.05,265,14.901666666666667,30,1,2010-09-09 16:54:00,2010-09-09 16:54:00,0,1.0,447.05,265.0
16096.0,264,4,1584.97,700,24.01469696969697,58,1,2010-03-04 15:44:00,2011-03-20 13:38:00,380,12.7,124.8,175.0
16097.0,240,1,185.04999999999998,87,18.505,10,1,2011-04-13 13:47:00,2011-04-13 13:47:00,0,1.0,185.05,87.0
16098.0,88,14,4010.7,2008,26.738,83,1,2009-12-15 09:40:00,2011-09-13 09:59:00,637,21.2,189.18,143.43
16099.0,50,7,1573.2,960,22.8,44,1,2010-03-03 11:13:00,2011-10-20 13:13:00,596,19.9,79.06,137.14
16100.0,463,1,582.64,438,15.747027027027027,37,1,2010-09-03 11:39:00,2010-09-03 11:39:00,0,1.0,582.64,438.0
16101.0,71,4,3229.16,1844,16.818541666666665,153,1,2010-05-27 12:50:00,2011-09-30 10:18:00,490,16.3,198.11,461.0
16102.0,42,3,1842.14,942,32.31824561403509,41,1,2011-08-03 12:50:00,2011-10-28 13:19:00,86,2.9,635.22,314.0
16103.0,7,22,6191.71,2639,30.95855,111,1,2010-01-08 12:08:00,2011-12-02 14:16:00,693,23.1,268.04,119.95
16104.0,62,9,2774.46,1047,11.958879310344829,187,1,2009-12-06 10:41:00,2011-10-09 10:23:00,671,22.4,123.86,116.33
16105.0,249,5,2386.19,2125,21.692636363636364,92,1,2010-04-14 13:27:00,2011-04-05 10:13:00,355,11.8,202.22,425.0
16106.0,66,1,108.38,74,18.063333333333333,6,1,2011-10-05 10:37:00,2011-10-05 10:37:00,0,1.0,108.38,74.0
16107.0,18,7,3204.1600000000003,1176,103.36000000000001,16,1,2011-06-09 18:42:00,2011-11-22 09:40:00,165,5.5,582.57,168.0
16108.0,85,4,2235.92,1473,16.56237037037037,124,1,2010-03-18 14:14:00,2011-09-16 11:48:00,546,18.2,122.85,368.25
16109.0,219,3,939.48,1092,30.305806451612902,30,1,2010-01-10 10:37:00,2011-05-05 09:17:00,479,16.0,58.72,364.0
16110.0,45,4,1781.59,880,4.143232558139535,343,1,2010-07-05 13:04:00,2011-10-25 14:35:00,477,15.9,112.05,220.0
16111.0,428,1,549.33,233,7.525068493150686,72,1,2010-10-07 19:51:00,2010-10-07 19:51:00,0,1.0,549.33,233.0
16112.0,143,4,195.74,574,12.23375,15,1,2011-01-05 11:47:00,2011-07-19 14:28:00,195,6.5,30.11,143.5
16113.0,183,1,161.38,176,5.379333333333333,30,1,2011-06-09 16:16:00,2011-06-09 16:16:00,0,1.0,161.38,176.0
16114.0,171,1,135.75000000000003,43,16.968750000000004,8,1,2011-06-22 10:13:00,2011-06-22 10:13:00,0,1.0,135.75,43.0
16115.0,10,12,2553.8,1589,6.094988066825776,230,1,2010-05-14 11:59:00,2011-11-30 11:32:00,564,18.8,135.84,132.42
16116.0,212,1,612.78,248,18.02294117647059,34,1,2011-05-12 12:01:00,2011-05-12 12:01:00,0,1.0,612.78,248.0
16117.0,190,3,654.4,321,7.352808988764044,64,1,2010-04-27 11:50:00,2011-06-03 11:42:00,401,13.4,48.84,107.0
16118.0,653,1,4376.25,2851,106.73780487804878,41,1,2010-02-25 09:40:00,2010-02-25 09:40:00,0,1.0,4376.25,2851.0
16119.0,8,8,1720.81,811,31.86685185185185,37,1,2009-12-16 11:56:00,2011-12-01 15:11:00,715,23.8,72.3,101.38
16120.0,59,6,2967.51,2161,32.25554347826087,84,1,2010-10-13 15:07:00,2011-10-11 14:22:00,362,12.1,245.25,360.17
16121.0,57,5,1450.04,879,4.215232558139535,256,1,2010-05-23 10:52:00,2011-10-13 12:59:00,508,16.9,85.8,175.8
16122.0,73,6,895.62,1280,16.585555555555555,28,1,2010-10-10 15:26:00,2011-09-27 15:34:00,352,11.7,76.55,213.33
16123.0,52,1,307.78000000000003,170,19.236250000000002,16,1,2011-10-19 09:18:00,2011-10-19 09:18:00,0,1.0,307.78,170.0
16124.0,317,4,1772.49,797,21.615731707317074,63,1,2009-12-07 10:33:00,2011-01-26 14:45:00,415,13.8,128.44,199.25
16125.0,367,14,4292.35,1819,14.955923344947736,168,1,2009-12-14 15:38:00,2010-12-07 15:48:00,358,11.9,360.7,129.93
16126.0,29,15,14644.6,6140,38.43727034120735,144,1,2009-12-02 13:34:00,2011-11-10 16:03:00,708,23.6,620.53,409.33
16127.0,39,2,801.3100000000001,391,10.684133333333333,75,1,2009-12-13 12:19:00,2011-10-31 13:58:00,687,22.9,34.99,195.5
16128.0,18,11,3801.05,2445,20.88489010989011,155,1,2010-07-16 16:30:00,2011-11-22 11:14:00,493,16.4,231.77,222.27
16129.0,407,3,1396.05,1261,14.542187499999999,91,1,2010-07-20 12:32:00,2010-10-28 14:29:00,100,3.3,423.05,420.33
16130.0,422,4,987.48,296,17.95418181818182,53,1,2010-04-01 13:58:00,2010-10-13 15:14:00,195,6.5,151.92,74.0
16131.0,52,12,9957.42,4768,45.46767123287671,131,1,2009-12-02 10:09:00,2011-10-19 11:53:00,686,22.9,434.82,397.33
16132.0,544,2,664.1999999999999,280,39.07058823529411,14,1,2010-03-22 10:25:00,2010-06-13 13:49:00,83,2.8,237.21,140.0
16133.0,4,56,22992.26,13653,42.26518382352941,303,1,2010-03-31 12:21:00,2011-12-06 11:24:00,614,20.5,1121.57,243.8
16134.0,22,5,2145.34,1637,18.49431034482759,85,1,2010-06-17 09:48:00,2011-11-18 10:05:00,519,17.3,124.01,327.4
16135.0,263,2,819.45,395,21.011538461538464,35,1,2010-05-05 09:35:00,2011-03-22 12:30:00,321,10.7,76.58,197.5
16136.0,60,4,946.8000000000001,674,20.582608695652176,44,1,2010-02-14 12:49:00,2011-10-11 09:10:00,603,20.1,47.1,168.5
16137.0,680,1,422.7,210,15.096428571428572,28,1,2010-01-28 15:04:00,2010-01-28 15:04:00,0,1.0,422.7,210.0
16138.0,379,3,910.35,774,24.604054054054053,35,1,2010-04-28 09:51:00,2010-11-26 12:13:00,212,7.1,128.22,258.0
16139.0,19,5,1111.15,602,19.493859649122808,47,1,2009-12-03 13:51:00,2011-11-21 08:37:00,717,23.9,46.49,120.4
16140.0,66,3,1433.46,1272,22.3978125,50,1,2010-09-24 12:03:00,2011-10-05 12:15:00,376,12.5,114.68,424.0
16141.0,88,2,955.94,410,19.1188,47,1,2010-10-18 14:12:00,2011-09-12 13:11:00,328,10.9,87.7,205.0
16142.0,250,1,535.34,422,14.46864864864865,37,1,2011-04-04 10:16:00,2011-04-04 10:16:00,0,1.0,535.34,422.0
16143.0,3,12,4555.08,1866,20.426367713004485,107,1,2009-12-10 09:44:00,2011-12-06 14:13:00,726,24.2,188.23,155.5
16144.0,247,1,175.2,16,175.2,1,1,2011-04-07 10:09:00,2011-04-07 10:09:00,0,1.0,175.2,16.0
16145.0,9,19,6805.4400000000005,5270,17.185454545454547,217,1,2010-05-04 13:31:00,2011-12-01 10:33:00,575,19.2,354.45,277.37
16146.0,157,4,946.38,544,23.082439024390244,34,1,2010-09-17 10:46:00,2011-07-05 14:20:00,291,9.7,97.56,136.0
16147.0,134,5,2398.91,1395,17.639044117647057,113,1,2010-02-05 12:26:00,2011-07-29 09:57:00,538,17.9,134.02,279.0
16148.0,296,2,386.62,250,42.95777777777778,9,1,2010-09-29 10:12:00,2011-02-16 14:01:00,140,4.7,82.26,125.0
16149.0,5,3,422.21999999999997,598,14.074,30,1,2010-10-06 15:54:00,2011-12-05 11:29:00,424,14.1,29.94,199.33
16150.0,43,10,4002.17,1990,18.528564814814814,143,1,2009-12-17 15:33:00,2011-10-28 12:39:00,679,22.6,177.09,199.0
16152.0,269,1,1829.04,642,63.070344827586204,29,1,2011-03-16 09:47:00,2011-03-16 09:47:00,0,1.0,1829.04,642.0
16153.0,50,11,5133.49,3693,22.714557522123894,161,1,2010-05-26 12:41:00,2011-10-21 10:50:00,512,17.1,300.2,335.73
16155.0,382,5,796.9,495,16.602083333333333,45,1,2010-06-18 11:23:00,2010-11-23 12:03:00,158,5.3,150.36,99.0
16156.0,9,20,6188.18,3205,23.709501915708813,199,1,2009-12-02 17:06:00,2011-12-01 12:42:00,728,24.3,254.66,160.25
16157.0,16,3,656.69,347,36.482777777777784,12,1,2011-09-28 11:48:00,2011-11-24 11:41:00,56,1.9,345.63,115.67
16158.0,522,9,628.32,182,17.952,29,1,2009-12-05 15:00:00,2010-07-05 13:55:00,211,7.0,89.76,20.22
16159.0,282,4,1232.79,635,23.7075,31,1,2009-12-03 11:51:00,2011-03-03 12:27:00,455,15.2,81.1,158.75
16160.0,65,2,1025.44,1162,51.272000000000006,20,1,2011-09-15 10:53:00,2011-10-05 14:19:00,20,0.7,1464.91,581.0
16161.0,2,43,12580.06,6255,11.093527336860669,458,1,2010-02-08 11:06:00,2011-12-08 12:10:00,668,22.3,564.13,145.47
16162.0,252,1,37.4,4,18.7,2,1,2011-04-01 15:03:00,2011-04-01 15:03:00,0,1.0,37.4,4.0
16163.0,232,6,2407.98,676,35.4114705882353,59,1,2009-12-02 10:00:00,2011-04-21 15:15:00,505,16.8,143.33,112.67
16164.0,17,3,822.48,433,24.19058823529412,27,1,2011-10-28 09:12:00,2011-11-22 15:04:00,25,0.8,1028.1,144.33
16165.0,505,1,79.9,2,79.9,1,1,2010-07-22 14:17:00,2010-07-22 14:17:00,0,1.0,79.9,2.0
16166.0,428,2,435.83,173,19.810454545454544,18,1,2010-01-17 14:16:00,2010-10-07 15:44:00,263,8.8,49.53,86.5
16167.0,414,5,1386.12,1494,22.00190476190476,51,1,2009-12-01 10:46:00,2010-10-21 15:33:00,324,10.8,128.34,298.8
16168.0,11,66,10360.67,4975,33.85839869281046,131,1,2009-12-03 12:38:00,2011-11-29 12:45:00,726,24.2,428.13,75.38
16169.0,8,4,1822.97,1325,21.44670588235294,71,1,2011-09-25 11:33:00,2011-12-01 15:28:00,67,2.2,828.62,331.25
16170.0,51,20,6869.0,6056,15.611363636363636,254,1,2010-02-18 13:50:00,2011-10-20 08:21:00,608,20.3,338.37,302.8
16171.0,59,1,73.19999999999999,24,24.399999999999995,3,1,2011-10-11 14:51:00,2011-10-11 14:51:00,0,1.0,73.2,24.0
16172.0,95,8,1884.55,1419,16.677433628318585,81,1,2010-07-14 15:34:00,2011-09-05 13:22:00,417,13.9,135.58,177.38
16173.0,16,6,1418.32,575,16.884761904761906,70,1,2011-09-02 15:23:00,2011-11-24 10:53:00,82,2.7,525.3,95.83
16174.0,126,7,2246.75,1431,34.565384615384616,28,1,2010-04-15 15:12:00,2011-08-05 13:26:00,476,15.9,141.31,204.43
16175.0,94,7,1836.44,932,18.739183673469388,59,1,2010-05-25 12:01:00,2011-09-06 14:32:00,469,15.6,117.72,133.14
16176.0,421,4,2052.69,952,28.509583333333335,53,1,2010-03-29 14:52:00,2010-10-14 13:54:00,198,6.6,311.01,238.0
16177.0,50,8,2247.31,1021,19.044999999999998,79,1,2010-03-02 14:03:00,2011-10-20 12:57:00,596,19.9,112.93,127.62
16178.0,138,2,612.6,304,24.504,24,1,2010-11-03 14:46:00,2011-07-24 16:05:00,263,8.8,69.61,152.0
16179.0,61,1,215.83,99,19.62090909090909,11,1,2011-10-10 09:41:00,2011-10-10 09:41:00,0,1.0,215.83,99.0
16180.0,100,13,16249.87,9813,49.693792048929666,171,1,2010-06-23 13:19:00,2011-08-31 16:28:00,434,14.5,1120.68,754.85
16181.0,73,1,305.54,152,27.776363636363637,11,1,2011-09-27 13:38:00,2011-09-27 13:38:00,0,1.0,305.54,152.0
16182.0,72,9,9971.65,5887,195.52254901960782,20,1,2010-03-09 09:34:00,2011-09-28 13:23:00,568,18.9,527.6,654.11
16183.0,67,4,1077.81,351,26.288048780487802,32,1,2010-10-28 14:43:00,2011-10-03 14:59:00,340,11.3,95.38,87.75
16184.0,64,6,1158.79,561,25.750888888888888,26,1,2011-05-12 13:33:00,2011-10-06 17:43:00,147,4.9,236.49,93.5
16185.0,17,3,644.72,321,16.118000000000002,39,1,2010-05-24 11:04:00,2011-11-23 09:41:00,547,18.2,35.42,107.0
16186.0,23,26,8718.43,6594,17.26421782178218,172,1,2009-12-09 15:36:00,2011-11-17 12:43:00,707,23.6,369.42,253.62
16187.0,32,15,6911.4400000000005,5048,23.428610169491527,160,1,2011-02-28 13:34:00,2011-11-08 09:50:00,252,8.4,822.79,336.53
16188.0,45,5,1087.66,838,14.698108108108109,72,1,2010-10-27 11:50:00,2011-10-26 12:19:00,364,12.1,89.89,167.6
16189.0,16,2,215.48,134,19.58909090909091,9,1,2011-09-15 15:21:00,2011-11-24 11:47:00,69,2.3,93.69,67.0
16190.0,40,8,2723.55,1231,22.886974789915968,89,1,2009-12-14 11:59:00,2011-10-30 15:59:00,685,22.8,119.45,153.88
16191.0,3,24,15677.820000000002,9348,67.57681034482759,113,1,2009-12-11 12:24:00,2011-12-07 11:26:00,725,24.2,647.84,389.5
16192.0,736,1,351.3,208,31.936363636363637,11,1,2009-12-04 12:28:00,2009-12-04 12:28:00,0,1.0,351.3,208.0
16193.0,237,2,630.4300000000001,379,16.59026315789474,38,1,2010-10-25 10:25:00,2011-04-17 11:45:00,174,5.8,108.69,189.5
16194.0,375,1,308.6,140,38.575,8,1,2010-11-29 13:28:00,2010-11-29 13:28:00,0,1.0,308.6,140.0
16195.0,723,1,323.25,123,20.203125,16,1,2009-12-16 14:09:00,2009-12-16 14:09:00,0,1.0,323.25,123.0
16196.0,489,1,93.3,26,23.325,4,1,2010-08-08 11:40:00,2010-08-08 11:40:00,0,1.0,93.3,26.0
16197.0,469,9,2016.71,1420,21.68505376344086,52,1,2009-12-16 11:44:00,2010-08-27 12:56:00,254,8.5,237.26,157.78
16198.0,75,2,1030.0410000000002,384,31.213363636363642,31,1,2010-09-28 13:59:00,2011-09-25 14:58:00,362,12.1,85.13,192.0
16199.0,392,7,942.75,321,94.275,2,1,2010-03-18 18:47:00,2010-11-12 12:55:00,238,7.9,119.34,45.86
16200.0,4,12,5608.1,3068,9.148613376835238,361,1,2009-12-02 15:04:00,2011-12-05 14:40:00,732,24.4,229.84,255.67
16201.0,3,5,2112.12,1421,17.03322580645161,86,1,2010-10-20 12:00:00,2011-12-06 16:02:00,412,13.7,154.17,284.2
16202.0,361,9,2501.9900000000002,1307,20.17733870967742,105,1,2009-12-02 10:48:00,2010-12-14 10:43:00,376,12.5,200.16,145.22
16203.0,59,6,943.84,537,14.30060606060606,56,1,2010-07-23 13:09:00,2011-10-12 12:31:00,445,14.8,63.77,89.5
16204.0,23,3,918.71,671,9.096138613861386,86,1,2009-12-08 17:44:00,2011-11-16 13:40:00,707,23.6,38.93,223.67
16205.0,31,7,1820.11,1452,9.239137055837563,147,1,2010-06-15 11:58:00,2011-11-09 09:32:00,511,17.0,107.07,207.43
16206.0,55,13,2589.87,1379,10.791125,187,1,2010-01-24 15:25:00,2011-10-16 10:41:00,629,21.0,123.33,106.08
16207.0,25,1,394.38,140,20.756842105263157,19,1,2011-11-14 13:51:00,2011-11-14 13:51:00,0,1.0,394.38,140.0
16208.0,45,10,3440.4500000000003,1541,13.598616600790514,180,1,2010-02-24 14:24:00,2011-10-26 11:36:00,608,20.3,169.48,154.1
16209.0,89,9,4146.78,1895,61.892238805970145,51,1,2010-06-11 11:58:00,2011-09-12 11:58:00,458,15.3,271.03,210.56
16210.0,2,35,33750.97,12397,131.8397265625,145,1,2009-12-02 12:54:00,2011-12-08 12:36:00,735,24.5,1377.59,354.2
16211.0,89,3,1090.59,519,30.294166666666666,35,1,2010-09-27 15:24:00,2011-09-12 12:11:00,349,11.6,94.02,173.0
16212.0,19,4,1293.71,571,16.586025641025643,71,1,2010-02-07 15:26:00,2011-11-20 13:00:00,650,21.7,59.62,142.75
16213.0,79,1,159.0,48,26.5,6,1,2011-09-22 10:03:00,2011-09-22 10:03:00,0,1.0,159.0,48.0
16214.0,171,4,2038.25,1308,20.7984693877551,84,1,2010-09-30 13:57:00,2011-06-22 11:30:00,264,8.8,231.62,327.0
16215.0,81,1,242.35,104,17.310714285714287,14,1,2011-09-20 10:18:00,2011-09-20 10:18:00,0,1.0,242.35,104.0
16216.0,267,1,914.9300000000001,254,24.72783783783784,37,1,2011-03-17 15:34:00,2011-03-17 15:34:00,0,1.0,914.93,254.0
16217.0,235,2,304.25,91,20.283333333333335,13,1,2011-03-02 15:28:00,2011-04-18 13:31:00,46,1.5,202.83,45.5
16218.0,30,13,3968.67,2799,29.18139705882353,82,1,2010-05-27 16:09:00,2011-11-10 09:59:00,531,17.7,224.22,215.31
16219.0,501,1,40.8,48,40.8,1,1,2010-07-27 11:44:00,2010-07-27 11:44:00,0,1.0,40.8,48.0
16221.0,37,9,2019.92,1449,8.451548117154813,177,1,2010-08-10 13:32:00,2011-11-03 11:43:00,449,15.0,134.66,161.0
16222.0,318,2,1272.05,463,8.772758620689656,133,1,2009-12-18 14:31:00,2011-01-25 13:38:00,402,13.4,94.93,231.5
16223.0,375,2,1087.05,643,8.83780487804878,101,1,2010-11-09 12:07:00,2010-11-30 11:50:00,20,0.7,1552.93,321.5
16224.0,57,5,1616.54,1555,13.935689655172414,107,1,2010-11-17 13:14:00,2011-10-13 17:51:00,330,11.0,146.96,311.0
16225.0,45,15,2859.31,1281,9.531033333333333,189,1,2010-02-07 12:41:00,2011-10-26 08:30:00,625,20.8,137.47,85.4
16226.0,203,5,672.17,521,21.68290322580645,23,1,2010-10-22 11:19:00,2011-05-20 14:41:00,210,7.0,96.02,104.2
16227.0,225,3,1027.22,436,30.212352941176473,28,1,2010-06-22 13:28:00,2011-04-28 13:33:00,310,10.3,99.73,145.33
16228.0,385,3,885.71,555,16.402037037037037,45,1,2010-11-04 18:54:00,2010-11-19 14:20:00,14,0.5,1771.42,185.0
16229.0,87,6,2867.86,1292,16.294659090909093,144,1,2010-05-24 12:59:00,2011-09-13 17:16:00,477,15.9,180.37,215.33
16230.0,190,2,542.03,365,15.486571428571429,32,1,2011-05-03 15:12:00,2011-06-03 10:06:00,30,1.0,542.03,182.5
16231.0,379,4,1074.47,563,10.7447,69,1,2010-04-21 12:06:00,2010-11-25 15:00:00,218,7.3,147.19,140.75
16232.0,44,7,2712.97,1849,25.837809523809522,60,1,2010-06-07 14:04:00,2011-10-27 12:16:00,506,16.9,160.53,264.14
16233.0,71,9,1818.31,677,24.908356164383562,49,1,2009-12-02 13:23:00,2011-09-29 17:27:00,666,22.2,81.91,75.22
16234.0,476,3,333.18,170,22.212,13,1,2010-05-27 10:39:00,2010-08-20 14:33:00,85,2.8,118.99,56.67
16235.0,41,9,2053.71,788,17.858347826086955,80,1,2010-08-26 12:10:00,2011-10-30 10:56:00,429,14.3,143.62,87.56
16236.0,78,1,432.2,184,21.61,20,1,2011-09-22 14:10:00,2011-09-22 14:10:00,0,1.0,432.2,184.0
16237.0,437,1,136.65,57,19.521428571428572,7,1,2010-09-28 17:02:00,2010-09-28 17:02:00,0,1.0,136.65,57.0
16238.0,423,1,63.66,85,10.61,6,1,2010-10-13 12:36:00,2010-10-13 12:36:00,0,1.0,63.66,85.0
16239.0,57,6,1492.2,692,42.63428571428572,24,1,2010-09-02 19:17:00,2011-10-14 08:29:00,406,13.5,110.53,115.33
16240.0,24,2,3718.8,1641,27.546666666666667,126,1,2011-09-23 13:44:00,2011-11-15 14:30:00,53,1.8,2066.0,820.5
16241.0,10,16,3992.86,2258,4.15058212058212,500,1,2010-10-25 13:40:00,2011-11-30 11:08:00,400,13.3,300.22,141.12
16242.0,8,14,7404.650000000001,3921,11.018824404761906,348,1,2010-03-15 16:02:00,2011-12-01 15:12:00,625,20.8,355.99,280.07
16243.0,34,2,409.1,110,8.02156862745098,49,1,2011-10-16 12:09:00,2011-11-06 12:32:00,21,0.7,584.43,55.0
16244.0,212,2,1522.75,855,16.733516483516482,88,1,2010-12-02 11:41:00,2011-05-12 10:18:00,160,5.3,287.31,427.5
16245.0,24,3,1413.66,1014,15.707333333333334,80,1,2011-03-28 09:30:00,2011-11-16 10:14:00,233,7.8,181.24,338.0
16246.0,460,2,821.35,336,9.333522727272728,79,1,2010-02-08 12:32:00,2010-09-06 12:04:00,209,7.0,117.34,168.0
16247.0,170,1,114.56,182,7.16,16,1,2011-06-22 14:23:00,2011-06-22 14:23:00,0,1.0,114.56,182.0
16248.0,62,1,152.94,78,21.84857142857143,7,1,2011-10-09 11:32:00,2011-10-09 11:32:00,0,1.0,152.94,78.0
16249.0,53,5,1800.07,950,26.08797101449275,67,1,2011-04-14 13:50:00,2011-10-18 10:07:00,186,6.2,290.33,190.0
16250.0,261,3,565.24,268,16.149714285714285,29,1,2010-11-18 10:43:00,2011-03-23 15:07:00,125,4.2,134.58,89.33
16251.0,512,1,128.31,44,6.4155,20,1,2010-07-15 14:55:00,2010-07-15 14:55:00,0,1.0,128.31,44.0
16252.0,383,1,295.09000000000003,158,14.051904761904764,21,1,2010-11-22 11:57:00,2010-11-22 11:57:00,0,1.0,295.09,158.0
16253.0,67,7,7272.2,6030,24.485521885521884,218,1,2009-12-08 17:24:00,2011-10-04 09:09:00,664,22.1,329.06,861.43
16254.0,378,3,967.44,543,13.073513513513515,65,1,2010-03-17 15:43:00,2010-11-26 13:22:00,253,8.4,115.17,181.0
16255.0,17,15,4530.0,2876,8.917322834645669,231,1,2010-01-24 12:21:00,2011-11-23 12:40:00,668,22.3,203.14,191.73
16256.0,267,3,1629.37,1590,56.1851724137931,27,1,2010-04-21 10:34:00,2011-03-18 12:18:00,331,11.0,148.12,530.0
16257.0,177,1,46.95,2,23.475,2,1,2011-06-16 10:11:00,2011-06-16 10:11:00,0,1.0,46.95,2.0
16258.0,45,15,11942.52,7200,34.71662790697675,253,1,2010-03-10 14:19:00,2011-10-25 13:30:00,593,19.8,603.16,480.0
16259.0,410,3,340.94,143,4.011058823529412,75,1,2010-04-13 16:57:00,2010-10-25 14:27:00,194,6.5,52.45,47.67
16260.0,51,1,1035.45,311,57.525000000000006,18,1,2011-10-20 09:40:00,2011-10-20 09:40:00,0,1.0,1035.45,311.0
16261.0,17,6,1041.16,454,6.3874846625766875,118,1,2010-09-23 16:40:00,2011-11-22 17:23:00,425,14.2,73.32,75.67
16262.0,378,1,755.15,446,16.416304347826088,46,1,2010-11-26 13:22:00,2010-11-26 13:22:00,0,1.0,755.15,446.0
16263.0,423,1,348.16,197,16.57904761904762,19,1,2010-10-12 14:52:00,2010-10-12 14:52:00,0,1.0,348.16,197.0
16264.0,438,2,823.53,616,13.071904761904761,62,1,2010-09-19 16:14:00,2010-09-27 15:00:00,7,0.2,4117.65,308.0
16265.0,9,12,6935.17,3214,20.57913946587537,192,1,2010-10-28 15:18:00,2011-11-30 16:41:00,398,13.3,521.44,267.83
16266.0,74,14,1757.95,791,16.127981651376146,73,1,2010-02-04 16:21:00,2011-09-27 12:08:00,599,20.0,87.9,56.5
16267.0,591,1,186.66,198,26.665714285714284,7,1,2010-04-27 14:10:00,2010-04-27 14:10:00,0,1.0,186.66,198.0
16268.0,71,2,667.65,533,14.836666666666666,45,1,2011-09-29 18:30:00,2011-09-29 18:30:00,0,1.0,667.65,266.5
16269.0,438,1,717.57,579,13.539056603773586,53,1,2010-09-28 11:50:00,2010-09-28 11:50:00,0,1.0,717.57,579.0
16270.0,353,1,1141.24,688,21.134074074074075,54,1,2010-12-21 14:26:00,2010-12-21 14:26:00,0,1.0,1141.24,688.0
16271.0,3,10,3397.82,2359,11.363946488294316,176,1,2010-03-07 12:03:00,2011-12-07 12:45:00,640,21.3,159.52,235.9
16272.0,117,1,411.7,224,16.468,25,1,2011-08-15 10:53:00,2011-08-15 10:54:00,0,1.0,411.7,224.0
16273.0,648,2,318.34000000000003,40,21.22266666666667,15,1,2010-02-21 16:02:00,2010-03-01 13:24:00,7,0.2,1591.7,20.0
16274.0,373,1,351.75,153,5.411538461538462,64,1,2010-12-01 15:35:00,2010-12-01 15:35:00,0,1.0,351.75,153.0
16275.0,197,3,2151.11,1268,19.37936936936937,105,1,2010-03-08 14:41:00,2011-05-27 12:41:00,444,14.8,145.35,422.67
16276.0,177,3,2629.3900000000003,1467,101.13038461538463,20,1,2010-04-11 12:02:00,2011-06-16 09:34:00,430,14.3,183.87,489.0
16277.0,734,1,188.69,33,8.203913043478261,23,1,2009-12-06 11:27:00,2009-12-06 11:27:00,0,1.0,188.69,33.0
16278.0,100,3,1117.84,342,20.324363636363636,50,1,2010-07-28 15:40:00,2011-08-31 17:12:00,399,13.3,84.05,114.0
16279.0,21,9,5698.28,3683,16.374367816091954,243,1,2010-04-22 14:09:00,2011-11-18 15:00:00,575,19.2,296.79,409.22
16280.0,725,1,238.05,101,14.878125,16,1,2009-12-14 15:49:00,2009-12-14 15:49:00,0,1.0,238.05,101.0
16281.0,72,3,3424.02,1570,87.79538461538462,27,1,2010-01-26 13:41:00,2011-09-28 14:57:00,610,20.3,168.67,523.33
16282.0,340,3,1307.5800000000002,790,39.623636363636365,31,1,2009-12-21 11:52:00,2011-01-04 11:42:00,378,12.6,103.78,263.33
16283.0,6,8,4350.32,2867,7.474776632302405,385,1,2010-02-28 14:12:00,2011-12-04 12:08:00,643,21.4,203.29,358.38
16284.0,31,3,1018.48,674,7.657744360902256,108,1,2010-11-11 13:27:00,2011-11-08 16:12:00,362,12.1,84.17,224.67
16285.0,646,1,176.9,60,5.706451612903226,31,1,2010-03-03 16:03:00,2010-03-03 16:03:00,0,1.0,176.9,60.0
16286.0,477,2,328.95,101,19.349999999999998,17,1,2010-03-26 09:58:00,2010-08-19 14:48:00,146,4.9,67.13,50.5
16287.0,170,5,1006.98,1426,23.975714285714286,18,1,2010-01-19 09:46:00,2011-06-23 09:08:00,519,17.3,58.21,285.2
16288.0,470,1,129.85,19,18.55,7,1,2010-08-26 14:45:00,2010-08-26 14:45:00,0,1.0,129.85,19.0
16289.0,462,1,136.31,97,6.490952380952381,21,1,2010-09-03 14:02:00,2010-09-03 14:02:00,0,1.0,136.31,97.0
16290.0,465,4,1957.7,957,15.787903225806453,85,1,2010-05-23 11:46:00,2010-09-01 11:52:00,101,3.4,575.79,239.25
16291.0,682,1,117.72,1,117.72,1,1,2010-01-26 16:26:00,2010-01-26 16:26:00,0,1.0,117.72,1.0
16292.0,122,5,1253.76,688,20.22193548387097,51,1,2010-04-14 13:29:00,2011-08-10 12:24:00,482,16.1,77.87,137.6
16293.0,22,15,4279.2,1833,19.018666666666665,168,1,2009-12-11 09:58:00,2011-11-18 09:58:00,707,23.6,181.32,122.2
16294.0,477,1,126.05000000000001,54,15.756250000000001,8,1,2010-08-20 12:01:00,2010-08-20 12:01:00,0,1.0,126.05,54.0
16295.0,10,4,1328.55,841,16.817088607594936,70,1,2011-10-06 10:45:00,2011-11-30 08:17:00,54,1.8,738.08,210.25
16296.0,626,4,1313.67,645,17.752297297297297,56,1,2009-12-18 12:03:00,2010-03-23 13:11:00,95,3.2,410.52,161.25
16297.0,269,1,301.9,206,15.094999999999999,20,1,2011-03-16 08:29:00,2011-03-16 08:29:00,0,1.0,301.9,206.0
16298.0,23,7,1085.7,308,23.1,32,1,2010-09-23 15:23:00,2011-11-17 11:59:00,419,14.0,77.55,44.0
16299.0,477,1,193.65,107,16.1375,12,1,2010-08-19 17:46:00,2010-08-19 17:46:00,0,1.0,193.65,107.0
16300.0,430,3,1367.32,643,5.745042016806722,190,1,2010-02-02 11:40:00,2010-10-05 13:14:00,245,8.2,166.75,214.33
16301.0,737,1,107.33,41,17.888333333333332,6,1,2009-12-03 10:20:00,2009-12-03 10:20:00,0,1.0,107.33,41.0
16302.0,127,1,233.22,158,21.201818181818183,11,1,2011-08-05 09:44:00,2011-08-05 09:44:00,0,1.0,233.22,158.0
16303.0,26,7,7928.27,3859,27.721223776223777,156,1,2010-03-18 14:12:00,2011-11-14 10:49:00,605,20.2,392.49,551.29
16304.0,695,1,381.66,228,15.2664,25,1,2010-01-14 08:30:00,2010-01-14 08:30:00,0,1.0,381.66,228.0
16305.0,139,1,361.22,256,16.41909090909091,22,1,2011-07-24 12:18:00,2011-07-24 12:18:00,0,1.0,361.22,256.0
16306.0,214,7,1124.72,712,16.78686567164179,55,1,2010-10-01 09:36:00,2011-05-10 12:12:00,221,7.4,151.99,101.71
16307.0,429,3,1194.92,1123,15.932266666666667,69,1,2010-05-11 14:40:00,2010-10-06 14:31:00,147,4.9,243.86,374.33
16308.0,38,7,5120.0,16000,731.4285714285714,1,1,2009-12-15 15:48:00,2011-11-02 11:24:00,686,22.9,223.58,2285.71
16309.0,106,2,706.57,467,16.823095238095238,39,1,2011-04-13 11:46:00,2011-08-25 15:35:00,134,4.5,157.02,233.5
16310.0,414,2,460.08,270,16.431428571428572,26,1,2010-03-07 15:41:00,2010-10-21 14:47:00,227,7.6,60.54,135.0
16311.0,18,2,616.26,394,16.655675675675674,35,1,2011-10-21 13:13:00,2011-11-22 08:54:00,31,1.0,616.26,197.0
16312.0,432,1,171.15,53,17.115000000000002,10,1,2010-10-03 14:15:00,2010-10-03 14:15:00,0,1.0,171.15,53.0
16313.0,3,2,274.15000000000003,165,17.134375000000002,16,1,2011-10-21 09:04:00,2011-12-06 13:02:00,46,1.5,182.77,82.5
16314.0,390,3,1491.4,636,24.05483870967742,58,1,2010-08-24 11:52:00,2010-11-15 12:06:00,83,2.8,532.64,212.0
16315.0,331,2,402.71,143,17.50913043478261,21,1,2010-06-21 13:53:00,2011-01-13 11:57:00,205,6.8,59.22,71.5
16316.0,64,13,5744.91,3057,19.343131313131313,193,1,2010-08-03 14:38:00,2011-10-06 13:48:00,428,14.3,401.74,235.15
16317.0,120,5,2192.51,1236,18.73940170940171,103,1,2010-05-04 10:17:00,2011-08-12 12:46:00,465,15.5,141.45,247.2
16318.0,35,1,328.15000000000003,199,17.27105263157895,19,1,2011-11-04 13:05:00,2011-11-04 13:05:00,0,1.0,328.15,199.0
16319.0,218,1,404.40000000000003,72,134.8,3,1,2011-05-06 11:27:00,2011-05-06 11:27:00,0,1.0,404.4,72.0
16320.0,172,6,5628.99,3319,23.356804979253113,193,1,2010-01-27 13:29:00,2011-06-20 15:25:00,509,17.0,331.12,553.17
16321.0,72,7,604.5500000000001,259,26.284782608695654,15,1,2009-12-01 10:36:00,2011-09-28 14:55:00,666,22.2,27.23,37.0
16322.0,1,2,326.75,231,8.83108108108108,28,1,2011-11-03 14:33:00,2011-12-08 15:41:00,35,1.2,272.29,115.5
16323.0,196,2,353.66,146,88.415,4,1,2010-05-11 09:48:00,2011-05-27 14:48:00,381,12.7,27.85,73.0
16324.0,128,3,408.59000000000003,270,3.6809909909909915,100,1,2011-06-15 14:26:00,2011-08-03 12:58:00,48,1.6,255.37,90.0
16325.0,47,12,3597.5,2464,26.068840579710145,104,1,2009-12-04 13:21:00,2011-10-24 08:48:00,688,22.9,157.1,205.33
16326.0,6,24,4721.25,1083,10.109743040685224,243,1,2010-01-28 13:23:00,2011-12-04 10:11:00,674,22.5,209.83,45.12
16327.0,14,16,10159.64,8124,11.584538198403648,289,1,2009-12-14 13:06:00,2011-11-25 13:23:00,711,23.7,428.68,507.75
16328.0,563,1,310.83,141,19.426875,16,1,2010-05-25 14:02:00,2010-05-25 14:02:00,0,1.0,310.83,141.0
16329.0,428,4,1664.92,797,16.008846153846154,83,1,2009-12-01 11:34:00,2010-10-08 12:44:00,311,10.4,160.09,199.25
16330.0,18,7,625.38,326,5.345128205128205,105,1,2010-02-15 12:36:00,2011-11-22 12:24:00,644,21.5,29.09,46.57
16331.0,432,6,2037.7,756,59.932352941176475,33,1,2010-03-07 10:55:00,2010-10-03 13:47:00,210,7.0,291.1,126.0
16332.0,28,11,2000.01,1128,10.15233502538071,158,1,2010-04-29 13:41:00,2011-11-11 14:22:00,561,18.7,106.95,102.55
16333.0,8,22,26626.8,32184,591.7066666666667,9,1,2011-02-03 10:50:00,2011-12-02 12:19:00,302,10.1,2636.32,1462.91
16334.0,492,1,263.73,206,4.883888888888889,54,1,2010-08-04 16:38:00,2010-08-04 16:38:00,0,1.0,263.73,206.0
16335.0,552,7,2753.52,1004,7.6274792243767315,193,1,2009-12-04 10:18:00,2010-06-06 11:35:00,184,6.1,451.4,143.43
16336.0,421,4,3517.69,1473,51.73073529411765,64,1,2010-03-18 08:05:00,2010-10-15 12:32:00,211,7.0,502.53,368.25
16337.0,37,1,151.05,87,15.105,10,1,2011-11-03 10:03:00,2011-11-03 10:03:00,0,1.0,151.05,87.0
16338.0,157,1,214.8,94,19.527272727272727,11,1,2011-07-05 13:56:00,2011-07-05 13:56:00,0,1.0,214.8,94.0
16339.0,284,1,94.05,21,5.225,17,1,2011-02-28 13:41:00,2011-02-28 13:41:00,0,1.0,94.05,21.0
16340.0,107,3,1496.24,1319,4.191148459383753,277,1,2010-06-06 13:26:00,2011-08-24 14:53:00,444,14.8,101.1,439.67
16341.0,25,7,3850.79,3022,24.372088607594936,103,1,2010-04-09 10:30:00,2011-11-15 09:12:00,584,19.5,197.48,431.71
16342.0,75,4,322.41,157,21.494000000000003,10,1,2011-06-13 10:10:00,2011-09-25 14:36:00,104,3.5,92.12,39.25
16343.0,16,3,614.12,345,7.873333333333333,54,1,2010-10-28 14:15:00,2011-11-23 17:45:00,391,13.0,47.24,115.0
16344.0,158,4,842.42,706,18.313478260869566,43,1,2010-02-09 12:16:00,2011-07-04 15:50:00,510,17.0,49.55,176.5
16345.0,44,2,1178.79,611,10.914722222222222,95,1,2010-08-13 17:13:00,2011-10-26 16:03:00,438,14.6,80.74,305.5
16346.0,385,1,224.51,289,14.967333333333332,15,1,2010-11-19 15:55:00,2010-11-19 15:55:00,0,1.0,224.51,289.0
16347.0,11,11,3442.96,1715,10.067134502923977,209,1,2010-03-12 12:41:00,2011-11-28 13:14:00,626,20.9,164.73,155.91
16348.0,32,8,1744.42,1164,6.894940711462451,180,1,2010-10-05 13:57:00,2011-11-07 15:44:00,398,13.3,131.16,145.5
16349.0,291,1,53.5,9,5.944444444444445,9,1,2011-02-22 12:40:00,2011-02-22 12:40:00,0,1.0,53.5,9.0
16350.0,21,9,2253.89,1077,18.47450819672131,72,1,2010-10-07 16:33:00,2011-11-18 15:53:00,406,13.5,166.95,119.67
16351.0,333,13,3330.03,2165,17.80764705882353,124,1,2009-12-04 16:12:00,2011-01-11 10:26:00,402,13.4,248.51,166.54
16352.0,18,2,494.44,300,17.658571428571427,28,1,2011-11-02 08:44:00,2011-11-22 10:32:00,20,0.7,706.34,150.0
16353.0,4,38,9795.460000000001,3483,56.62115606936417,76,1,2009-12-07 13:55:00,2011-12-06 12:23:00,728,24.3,403.11,91.66
16354.0,63,5,1119.46,592,7.996142857142857,116,1,2010-04-27 13:33:00,2011-10-07 14:28:00,528,17.6,63.61,118.4
16355.0,375,1,416.35,179,8.673958333333333,47,1,2010-11-29 14:21:00,2010-11-29 14:21:00,0,1.0,416.35,179.0
16356.0,198,6,415.87,190,7.0486440677966105,27,1,2010-06-06 11:26:00,2011-05-26 11:51:00,354,11.8,35.24,31.67
16357.0,33,4,868.37,389,18.47595744680851,43,1,2010-11-23 18:52:00,2011-11-06 16:04:00,347,11.6,74.86,97.25
16358.0,1,5,2919.65,2065,18.958766233766234,118,1,2010-11-10 11:36:00,2011-12-08 15:09:00,393,13.1,222.87,413.0
16359.0,7,16,2697.75,1764,21.582,78,1,2010-02-16 10:39:00,2011-12-02 17:04:00,654,21.8,123.75,110.25
16360.0,5,6,3450.41,2110,5.425172955974842,365,1,2011-09-12 13:50:00,2011-12-05 12:16:00,83,2.8,1232.29,351.67
16361.0,10,4,891.21,418,8.569326923076924,87,1,2011-09-29 13:13:00,2011-11-30 12:32:00,61,2.0,445.6,104.5
16362.0,32,6,922.16,467,10.246222222222222,67,1,2010-09-28 09:24:00,2011-11-07 13:01:00,405,13.5,68.31,77.83
16363.0,53,1,109.36000000000001,52,21.872000000000003,5,1,2011-10-17 14:14:00,2011-10-17 14:14:00,0,1.0,109.36,52.0
16364.0,12,2,705.79,279,13.572884615384615,48,1,2011-07-25 14:35:00,2011-11-28 11:27:00,125,4.2,168.05,139.5
16365.0,18,15,3167.34,1034,25.543064516129032,97,1,2009-12-11 12:41:00,2011-11-22 11:24:00,710,23.7,133.64,68.93
16366.0,19,4,1548.13,882,19.847820512820515,74,1,2009-12-16 10:39:00,2011-11-21 08:19:00,704,23.5,65.88,220.5
16367.0,37,3,1350.48,1103,6.055964125560538,196,1,2010-11-21 13:23:00,2011-11-02 13:13:00,345,11.5,117.43,367.67
16368.0,2,3,621.44,307,6.904888888888889,74,1,2010-09-30 11:30:00,2011-12-07 13:12:00,433,14.4,43.16,102.33
16369.0,18,7,2656.56,1589,15.719289940828402,115,1,2010-04-07 16:52:00,2011-11-21 16:25:00,592,19.7,134.85,227.0
16370.0,82,4,1301.91,640,5.890995475113122,143,1,2011-04-28 16:40:00,2011-09-18 15:55:00,142,4.7,277.0,160.0
16371.0,449,1,157.2,108,14.29090909090909,11,1,2010-09-17 12:09:00,2010-09-17 12:09:00,0,1.0,157.2,108.0
16372.0,33,5,1290.31,722,4.096222222222222,271,1,2010-04-11 15:20:00,2011-11-06 13:08:00,573,19.1,67.56,144.4
16373.0,382,2,309.49,119,10.672068965517242,25,1,2010-10-24 13:10:00,2010-11-22 15:50:00,29,1.0,309.49,59.5
16374.0,66,5,1723.4,771,4.98092485549133,276,1,2010-04-30 13:10:00,2011-10-04 15:21:00,522,17.4,99.05,154.2
16375.0,470,2,104.0,74,8.0,11,1,2010-08-26 14:12:00,2010-08-26 14:25:00,0,1.0,104.0,37.0
16376.0,9,2,974.96,691,7.991475409836066,104,1,2011-11-22 16:47:00,2011-12-01 11:38:00,8,0.3,3249.87,345.5
16377.0,267,2,1308.48,2928,130.848,6,1,2010-04-01 10:36:00,2011-03-17 15:41:00,350,11.7,111.84,1464.0
16378.0,247,3,362.95,267,15.780434782608696,22,1,2011-02-02 12:42:00,2011-04-06 15:07:00,63,2.1,172.83,89.0
16379.0,4,4,2157.4,1410,19.975925925925928,87,1,2011-09-22 09:33:00,2011-12-05 15:38:00,74,2.5,862.96,352.5
16380.0,61,1,1743.1499999999999,1428,56.23064516129032,28,1,2011-10-09 15:40:00,2011-10-09 15:40:00,0,1.0,1743.15,1428.0
16381.0,396,2,247.85,108,4.06311475409836,60,1,2010-10-17 13:06:00,2010-11-09 09:56:00,22,0.7,354.07,54.0
16382.0,408,2,353.1,167,8.025,42,1,2010-06-07 12:42:00,2010-10-27 16:23:00,142,4.7,75.13,83.5
16383.0,75,7,2896.69,1596,7.241725,239,1,2010-02-04 13:18:00,2011-09-26 12:45:00,598,19.9,145.56,228.0
16384.0,90,4,1358.95,861,16.77716049382716,80,1,2010-04-28 14:01:00,2011-09-11 11:19:00,500,16.7,81.37,215.25
16385.0,60,5,881.35,476,7.731140350877193,94,1,2010-03-18 12:45:00,2011-10-10 13:12:00,571,19.0,46.39,95.2
16386.0,29,3,1068.16,700,7.684604316546763,127,1,2010-11-17 11:19:00,2011-11-11 12:28:00,359,12.0,89.01,233.33
16387.0,323,5,882.46,448,10.143218390804599,68,1,2010-03-11 12:22:00,2011-01-21 11:34:00,315,10.5,84.04,89.6
16388.0,654,1,186.05,83,14.311538461538463,13,1,2010-02-24 10:20:00,2010-02-24 10:20:00,0,1.0,186.05,83.0
16389.0,53,4,1382.0700000000002,1242,40.64911764705883,33,1,2011-03-01 15:47:00,2011-10-17 14:41:00,229,7.6,181.85,310.5
16390.0,537,3,467.5,122,22.261904761904763,16,1,2010-01-29 15:25:00,2010-06-21 10:11:00,142,4.7,99.47,40.67
16391.0,401,4,1052.26,715,3.4613815789473685,261,1,2010-05-27 11:27:00,2010-11-04 12:27:00,161,5.4,194.86,178.75
16392.0,270,3,756.7,604,5.254861111111111,125,1,2010-05-27 11:17:00,2011-03-15 12:11:00,292,9.7,78.01,201.33
16393.0,2,23,5297.77,3001,7.092061579651942,313,1,2009-12-01 12:13:00,2011-12-07 12:51:00,736,24.5,216.24,130.48
16394.0,57,5,1555.34,2604,18.73903614457831,61,1,2011-02-23 10:58:00,2011-10-14 09:48:00,232,7.7,201.99,520.8
16395.0,61,14,3518.41,2901,5.549542586750788,416,1,2009-12-06 12:26:00,2011-10-10 12:50:00,673,22.4,157.07,207.21
16396.0,476,1,137.8,80,17.225,8,1,2010-08-20 14:17:00,2010-08-20 14:17:00,0,1.0,137.8,80.0
16397.0,628,1,123.13,43,13.681111111111111,9,1,2010-03-21 15:36:00,2010-03-21 15:36:00,0,1.0,123.13,43.0
16398.0,154,2,1705.8,758,20.802439024390242,75,1,2011-03-31 09:38:00,2011-07-08 15:16:00,99,3.3,516.91,379.0
16399.0,19,3,630.22,452,5.729272727272727,97,1,2010-11-15 15:03:00,2011-11-20 16:12:00,370,12.3,51.24,150.67
16400.0,95,9,3059.85,2066,11.460112359550562,214,1,2009-12-08 12:38:00,2011-09-06 12:27:00,636,21.2,144.33,229.56
16401.0,1,23,6849.15,6035,18.868181818181817,110,1,2010-06-02 13:13:00,2011-12-08 18:15:00,554,18.5,370.22,262.39
16402.0,265,2,293.45,146,5.148245614035088,55,1,2010-12-05 13:42:00,2011-03-20 12:25:00,104,3.5,83.84,73.0
16403.0,312,1,177.5,114,17.75,10,1,2011-01-31 13:39:00,2011-01-31 13:39:00,0,1.0,177.5,114.0
16404.0,70,1,443.05,157,19.26304347826087,23,1,2011-09-30 14:55:00,2011-09-30 14:55:00,0,1.0,443.05,157.0
16405.0,302,2,167.25,187,33.45,3,1,2011-02-02 17:08:00,2011-02-10 15:24:00,7,0.2,836.25,93.5
16406.0,19,3,528.36,257,3.5700000000000003,135,1,2010-02-24 11:51:00,2011-11-21 11:57:00,635,21.2,24.92,85.67
16407.0,13,14,2761.65,1448,12.274000000000001,120,1,2010-10-03 13:56:00,2011-11-27 11:05:00,419,14.0,197.26,103.43
16408.0,591,1,231.93,227,5.154,45,1,2010-04-27 14:08:00,2010-04-27 14:08:00,0,1.0,231.93,227.0
16409.0,36,12,5652.74,3664,7.293858064516129,335,1,2009-12-13 15:38:00,2011-11-03 16:45:00,690,23.0,245.77,305.33
16410.0,734,1,130.32,348,26.064,5,1,2009-12-05 14:51:00,2009-12-05 14:51:00,0,1.0,130.32,348.0
16411.0,19,4,756.39,461,4.178950276243094,139,1,2010-10-07 15:09:00,2011-11-20 13:23:00,408,13.6,55.62,115.25
16412.0,54,5,593.19,288,4.862213114754099,84,1,2010-02-04 13:46:00,2011-10-17 12:35:00,619,20.6,28.8,57.6
16413.0,57,2,522.03,283,7.676911764705882,55,1,2010-11-29 12:49:00,2011-10-14 12:08:00,318,10.6,49.25,141.5
16414.0,22,5,551.21,201,8.74936507936508,58,1,2010-01-14 10:21:00,2011-11-18 09:42:00,672,22.4,24.61,40.2
16415.0,44,3,696.76,508,4.805241379310345,120,1,2010-02-01 12:30:00,2011-10-26 13:35:00,632,21.1,33.02,169.33
16416.0,27,9,2957.88,2198,15.90258064516129,146,1,2010-02-23 12:00:00,2011-11-13 12:50:00,628,20.9,141.53,244.22
16417.0,493,1,35.7,6,35.7,1,1,2010-08-04 09:08:00,2010-08-04 09:08:00,0,1.0,35.7,6.0
16418.0,45,5,1028.74,564,6.59448717948718,121,1,2010-10-13 12:31:00,2011-10-26 12:39:00,378,12.6,81.65,112.8
16419.0,113,8,1463.7,701,16.263333333333335,62,1,2010-02-09 13:26:00,2011-08-19 12:33:00,555,18.5,79.12,87.62
16420.0,396,1,75.0,120,37.5,2,1,2010-11-08 15:15:00,2010-11-08 15:15:00,0,1.0,75.0,120.0
16421.0,376,3,526.27,123,13.849210526315789,35,1,2010-08-27 12:02:00,2010-11-28 13:31:00,93,3.1,169.76,41.0
16422.0,17,109,61920.87,64225,88.71184813753582,111,1,2010-01-12 11:57:00,2011-11-22 14:00:00,679,22.6,2739.86,589.22
16423.0,25,1,346.12,230,19.22888888888889,18,1,2011-11-15 09:21:00,2011-11-15 09:21:00,0,1.0,346.12,230.0
16424.0,191,2,443.06,212,34.081538461538464,10,1,2010-11-22 11:24:00,2011-06-01 13:40:00,191,6.4,69.23,106.0
16425.0,302,1,302.7,199,14.414285714285715,21,1,2011-02-10 14:30:00,2011-02-10 14:30:00,0,1.0,302.7,199.0
16426.0,2,10,1863.76,1215,5.279773371104816,211,1,2011-03-08 15:45:00,2011-12-07 14:01:00,273,9.1,204.81,121.5
16427.0,263,2,241.06,156,26.784444444444446,8,1,2011-02-28 15:18:00,2011-03-21 17:10:00,21,0.7,344.37,78.0
16428.0,414,3,638.49,575,5.02748031496063,121,1,2010-07-30 12:10:00,2010-10-22 12:22:00,84,2.8,228.03,191.67
16429.0,106,1,284.55,9,142.275,2,1,2011-08-25 13:54:00,2011-08-25 13:54:00,0,1.0,284.55,9.0
16430.0,57,7,1117.94,307,39.92642857142857,19,1,2010-01-27 12:45:00,2011-10-13 14:47:00,624,20.8,53.75,43.86
16431.0,213,3,623.28,442,8.201052631578946,51,1,2011-02-15 14:02:00,2011-05-10 14:09:00,84,2.8,222.6,147.33
16432.0,64,1,287.40000000000003,276,35.925000000000004,8,1,2011-10-06 13:59:00,2011-10-06 13:59:00,0,1.0,287.4,276.0
16433.0,28,2,384.52,214,11.309411764705882,33,1,2010-10-27 12:26:00,2011-11-11 14:09:00,380,12.7,30.28,107.0
16434.0,29,12,2673.69,1310,14.853833333333334,126,1,2010-01-17 14:51:00,2011-11-10 14:28:00,661,22.0,121.53,109.17
16435.0,512,3,1003.0699999999999,608,8.02456,119,1,2010-07-13 13:29:00,2010-07-15 18:22:00,2,0.1,10030.7,202.67
16436.0,668,3,319.14,227,7.9784999999999995,37,1,2009-12-06 16:02:00,2010-02-09 13:19:00,64,2.1,151.97,75.67
16437.0,381,2,301.25,197,14.345238095238095,17,1,2010-10-06 12:34:00,2010-11-23 16:59:00,48,1.6,188.28,98.5
16438.0,6,5,798.35,463,6.04810606060606,74,1,2011-09-18 13:31:00,2011-12-04 10:51:00,76,2.5,319.34,92.6
16439.0,722,1,310.70000000000005,74,34.522222222222226,9,1,2009-12-17 14:22:00,2009-12-17 14:22:00,0,1.0,310.7,74.0
16440.0,8,6,3856.97,2108,12.563420195439738,202,1,2010-08-03 11:32:00,2011-12-02 12:02:00,486,16.2,238.08,351.33
16441.0,67,5,1019.13,478,11.989764705882353,67,1,2010-03-22 18:00:00,2011-10-03 17:48:00,559,18.6,54.79,95.6
16442.0,2,5,891.98,580,3.611255060728745,226,1,2009-12-13 11:05:00,2011-12-08 11:43:00,725,24.2,36.86,116.0
16443.0,521,1,162.24,96,162.24,1,1,2010-07-07 11:57:00,2010-07-07 11:57:00,0,1.0,162.24,96.0
16444.0,46,17,3625.88,1945,9.773261455525606,217,1,2010-03-24 14:06:00,2011-10-24 13:50:00,578,19.3,187.87,114.41
16445.0,34,4,583.16,287,3.2397777777777774,143,1,2010-10-24 12:39:00,2011-11-06 12:32:00,377,12.6,46.28,71.75
16446.0,1,2,168472.5,80997,56157.5,3,1,2011-05-18 09:52:00,2011-12-09 09:15:00,204,6.8,24775.37,40498.5
16447.0,136,3,727.1,315,10.69264705882353,59,1,2010-02-17 14:09:00,2011-07-27 12:45:00,524,17.5,41.55,105.0
16448.0,198,2,361.12,176,7.2224,45,1,2010-08-25 16:58:00,2011-05-25 16:28:00,272,9.1,39.68,88.0
16449.0,198,2,707.69,367,17.69225,40,1,2011-03-04 12:15:00,2011-05-26 10:25:00,82,2.7,262.11,183.5
16450.0,150,3,1505.73,681,35.016976744186046,36,1,2010-02-21 15:46:00,2011-07-13 11:47:00,506,16.9,89.1,227.0
16451.0,88,3,1013.15,524,15.586923076923076,61,1,2009-12-04 15:11:00,2011-09-13 09:17:00,647,21.6,46.91,174.67
16452.0,631,2,332.17,199,18.45388888888889,14,1,2010-01-15 12:22:00,2010-03-19 12:39:00,63,2.1,158.18,99.5
16453.0,531,2,251.71,139,16.78066666666667,15,1,2010-06-09 13:15:00,2010-06-27 12:46:00,17,0.6,419.52,69.5
16454.0,45,4,30.950000000000003,9,7.737500000000001,4,1,2010-04-07 15:54:00,2011-10-26 11:40:00,566,18.9,1.64,2.25
16455.0,64,11,3995.57,2851,19.490585365853658,111,1,2010-03-30 10:31:00,2011-10-07 12:17:00,556,18.5,215.98,259.18
16456.0,99,13,6000.94,3296,15.347672634271099,226,1,2010-03-29 11:16:00,2011-09-01 13:50:00,521,17.4,344.88,253.54
16457.0,218,1,208.36,140,23.151111111111113,9,1,2011-05-05 13:19:00,2011-05-05 13:19:00,0,1.0,208.36,140.0
16458.0,3,30,5690.89,3395,14.936719160104987,91,1,2010-05-26 14:38:00,2011-12-07 09:34:00,559,18.6,305.96,113.17
16459.0,730,1,71.78999999999999,59,14.357999999999999,5,1,2009-12-10 12:42:00,2009-12-10 12:42:00,0,1.0,71.79,59.0
16460.0,28,3,811.23,876,6.145681818181818,128,1,2011-09-19 10:15:00,2011-11-11 13:46:00,53,1.8,450.68,292.0
16461.0,178,3,1545.83,933,6.134246031746032,223,1,2010-03-03 13:57:00,2011-06-15 12:07:00,468,15.6,99.09,311.0
16462.0,74,3,136.0,16,45.333333333333336,1,1,2011-03-01 08:58:00,2011-09-27 10:24:00,210,7.0,19.43,5.33
16463.0,21,4,1422.4,1163,17.346341463414635,74,1,2011-05-19 14:45:00,2011-11-18 14:01:00,182,6.1,233.18,290.75
16464.0,20,3,1298.66,952,5.646347826086957,152,1,2011-07-20 13:53:00,2011-11-20 12:11:00,122,4.1,316.75,317.33
16465.0,421,2,746.24,504,15.546666666666667,45,1,2010-09-21 10:46:00,2010-10-15 09:27:00,23,0.8,932.8,252.0
16466.0,34,15,3767.09,1777,11.21157738095238,207,1,2010-03-07 14:31:00,2011-11-06 11:35:00,608,20.3,185.57,118.47
16467.0,509,7,2869.16,7384,119.54833333333333,14,1,2009-12-02 11:59:00,2010-07-19 11:49:00,228,7.6,377.52,1054.86
16468.0,74,3,787.52,371,17.500444444444444,38,1,2010-08-15 13:10:00,2011-09-26 14:13:00,407,13.6,57.91,123.67
16469.0,24,5,803.9,332,4.14381443298969,167,1,2010-07-13 13:17:00,2011-11-16 12:25:00,490,16.3,49.32,66.4
16470.0,52,11,2416.85,1335,5.164209401709401,286,1,2009-12-11 12:21:00,2011-10-19 12:11:00,676,22.5,107.42,121.36
16471.0,275,4,1189.98,670,19.193225806451615,48,1,2010-02-25 10:07:00,2011-03-10 09:41:00,377,12.6,94.44,167.5
16472.0,434,2,789.6,252,20.246153846153845,39,1,2010-04-21 11:48:00,2010-10-01 13:56:00,163,5.4,146.22,126.0
16473.0,165,4,470.83,296,16.815357142857142,26,1,2010-11-30 16:29:00,2011-06-28 09:10:00,209,7.0,67.26,74.0
16474.0,7,7,1810.65,909,5.372848664688427,237,1,2011-07-17 14:51:00,2011-12-02 13:02:00,137,4.6,393.62,129.86
16475.0,88,4,544.3,319,19.439285714285713,23,1,2011-03-11 09:39:00,2011-09-12 14:37:00,185,6.2,87.79,79.75
16476.0,432,1,350.35,187,14.597916666666668,24,1,2010-10-04 10:29:00,2010-10-04 10:29:00,0,1.0,350.35,187.0
16477.0,64,11,4094.37,2507,16.64378048780488,177,1,2010-08-12 09:43:00,2011-10-07 09:44:00,421,14.0,292.46,227.91
16478.0,25,3,331.0,224,19.470588235294116,15,1,2011-10-05 12:02:00,2011-11-14 15:51:00,40,1.3,254.62,74.67
16479.0,10,2,300.83,102,8.595142857142857,35,1,2011-11-29 13:04:00,2011-11-29 13:40:00,0,1.0,300.83,51.0
16480.0,76,1,769.29,455,14.514905660377357,51,1,2011-09-25 11:40:00,2011-09-25 11:40:00,0,1.0,769.29,455.0
16481.0,682,1,453.38,201,28.33625,16,1,2010-01-26 13:09:00,2010-01-26 13:09:00,0,1.0,453.38,201.0
16482.0,16,1,220.62,346,12.256666666666668,18,1,2011-11-24 12:33:00,2011-11-24 12:33:00,0,1.0,220.62,346.0
16483.0,192,1,139.35,44,7.334210526315789,19,1,2011-05-31 13:08:00,2011-05-31 13:08:00,0,1.0,139.35,44.0
16484.0,174,2,404.3,200,16.172,25,1,2011-06-02 10:39:00,2011-06-19 12:06:00,17,0.6,673.83,100.0
16485.0,77,5,2287.19,1153,15.883263888888889,126,1,2009-12-06 12:28:00,2011-09-23 15:50:00,656,21.9,104.44,230.6
16486.0,538,1,134.36,24,19.194285714285716,7,1,2010-06-20 12:16:00,2010-06-20 12:16:00,0,1.0,134.36,24.0
16487.0,577,2,209.4,163,5.982857142857143,28,1,2010-02-18 17:36:00,2010-05-11 13:38:00,81,2.7,77.56,81.5
16488.0,33,3,498.8,728,17.2,28,1,2011-07-14 11:46:00,2011-11-06 13:42:00,115,3.8,131.26,242.67
16489.0,380,2,303.7,38,50.61666666666667,4,1,2010-09-29 15:02:00,2010-11-24 14:40:00,55,1.8,168.72,19.0
16490.0,436,1,205.41000000000003,113,15.800769230769232,13,1,2010-09-29 16:30:00,2010-09-29 16:30:00,0,1.0,205.41,113.0
16491.0,47,2,1533.16,1060,17.622528735632184,86,1,2010-10-22 15:42:00,2011-10-24 10:18:00,366,12.2,125.67,530.0
16492.0,541,1,385.56,235,16.763478260869565,23,1,2010-06-17 08:20:00,2010-06-17 08:20:00,0,1.0,385.56,235.0
16493.0,80,7,2132.09,1988,19.20801801801802,77,1,2010-03-26 13:05:00,2011-09-21 11:10:00,543,18.1,117.8,284.0
16494.0,297,1,826.53,675,16.5306,47,1,2011-02-16 12:49:00,2011-02-16 12:49:00,0,1.0,826.53,675.0
16495.0,3,3,648.26,328,7.366590909090909,78,1,2011-03-08 16:38:00,2011-12-06 13:20:00,272,9.1,71.24,109.33
16496.0,9,6,2330.77,1764,16.88963768115942,120,1,2010-07-18 13:42:00,2011-12-01 10:31:00,500,16.7,139.57,294.0
16497.0,50,23,6695.28,3050,19.867299703264095,239,1,2009-12-03 14:11:00,2011-10-21 10:55:00,686,22.9,292.37,132.61
16498.0,161,2,100.97,45,6.731333333333334,15,1,2011-06-30 19:52:00,2011-07-01 15:07:00,0,1.0,100.97,22.5
16499.0,360,8,2578.34,1364,17.90513888888889,104,1,2010-06-11 12:22:00,2010-12-14 13:31:00,186,6.2,415.86,170.5
16500.0,5,9,843.9100000000001,386,24.82088235294118,24,1,2010-06-14 14:54:00,2011-12-05 12:04:00,538,17.9,47.15,42.89
16501.0,383,1,1191.23,628,5.98608040201005,181,1,2010-11-21 14:10:00,2010-11-21 14:10:00,0,1.0,1191.23,628.0
16502.0,620,2,258.55,220,6.30609756097561,41,1,2010-03-29 13:39:00,2010-03-29 13:44:00,0,1.0,258.55,110.0
16503.0,107,11,3614.34,1535,16.9687323943662,161,1,2010-06-21 14:07:00,2011-08-25 11:46:00,429,14.3,252.75,139.55
16504.0,25,1,465.88,510,5.613012048192771,76,1,2011-11-14 15:18:00,2011-11-14 15:18:00,0,1.0,465.88,510.0
16505.0,32,1,777.6,576,194.4,4,1,2011-11-08 12:14:00,2011-11-08 12:14:00,0,1.0,777.6,576.0
16506.0,20,2,90.30000000000001,42,30.100000000000005,3,1,2011-10-30 15:50:00,2011-11-20 12:17:00,20,0.7,129.0,21.0
16507.0,572,1,142.71,111,3.755526315789474,37,1,2010-05-16 12:56:00,2010-05-16 12:56:00,0,1.0,142.71,111.0
16508.0,630,1,240.95,103,5.603488372093023,42,1,2010-03-19 13:41:00,2010-03-19 13:41:00,0,1.0,240.95,103.0
16509.0,297,1,363.70000000000005,64,27.97692307692308,13,1,2011-02-16 09:25:00,2011-02-16 09:25:00,0,1.0,363.7,64.0
16510.0,372,6,1777.5,930,15.870535714285714,94,1,2010-01-17 12:30:00,2010-12-02 13:39:00,319,10.6,167.69,155.0
16511.0,22,6,1760.49,769,5.79108552631579,235,1,2010-03-01 12:21:00,2011-11-18 10:41:00,626,20.9,84.23,128.17
16513.0,5,4,874.59,407,24.988285714285716,33,1,2011-10-27 14:56:00,2011-12-05 10:18:00,38,1.3,672.76,101.75
16515.0,52,10,3179.06,1573,13.470593220338984,184,1,2010-06-17 12:17:00,2011-10-18 13:10:00,488,16.3,195.03,157.3
16516.0,30,1,101.69999999999999,58,16.95,6,1,2011-11-09 14:59:00,2011-11-09 14:59:00,0,1.0,101.7,58.0
16517.0,277,1,162.70000000000002,96,9.57058823529412,17,1,2011-03-07 13:50:00,2011-03-07 13:50:00,0,1.0,162.7,96.0
16518.0,61,4,959.37,524,14.108382352941177,61,1,2010-06-01 13:31:00,2011-10-09 15:04:00,495,16.5,58.14,131.0
16519.0,25,4,439.06,150,12.196111111111112,32,1,2010-03-01 13:51:00,2011-11-14 15:41:00,623,20.8,21.11,37.5
16520.0,186,6,2148.38,1045,6.103352272727273,251,1,2010-03-02 16:50:00,2011-06-06 13:24:00,460,15.3,140.42,174.17
16521.0,415,3,1140.11,1014,4.810590717299577,212,1,2010-03-01 13:22:00,2010-10-20 13:09:00,232,7.7,148.07,338.0
16522.0,436,2,433.36,212,24.075555555555557,16,1,2010-09-15 13:32:00,2010-09-30 10:54:00,14,0.5,866.72,106.0
16523.0,2,28,11916.33,4979,32.11948787061995,180,1,2010-01-24 13:14:00,2011-12-08 09:06:00,682,22.7,524.95,177.82
16524.0,446,2,306.19,259,5.777169811320754,50,1,2010-01-17 13:16:00,2010-09-19 13:37:00,245,8.2,37.34,129.5
16525.0,2,48,24151.3,14430,68.41728045325779,115,1,2009-12-02 13:53:00,2011-12-07 15:07:00,735,24.5,985.77,300.62
16526.0,172,2,717.21,279,20.491714285714288,30,1,2010-05-04 16:34:00,2011-06-21 12:02:00,412,13.7,52.35,139.5
16527.0,81,2,1232.94,708,16.889589041095892,66,1,2010-10-11 13:25:00,2011-09-19 16:21:00,343,11.4,108.15,354.0
16528.0,4,1,244.41,171,14.377058823529412,17,1,2011-12-06 12:45:00,2011-12-06 12:45:00,0,1.0,244.41,171.0
16529.0,190,4,1986.8,739,15.521875,87,1,2010-06-27 13:29:00,2011-06-02 17:23:00,340,11.3,175.82,184.75
16530.0,668,1,48.35,17,16.116666666666667,3,1,2010-02-09 15:30:00,2010-02-09 15:30:00,0,1.0,48.35,17.0
16531.0,22,11,2298.33,1863,16.654565217391305,109,1,2010-09-24 09:49:00,2011-11-17 16:29:00,419,14.0,164.17,169.36
16532.0,18,5,8756.64,2544,1459.4399999999998,2,1,2010-03-29 10:26:00,2011-11-22 11:08:00,603,20.1,435.65,508.8
16533.0,19,3,1082.81,611,6.1523295454545455,112,1,2011-10-02 15:07:00,2011-11-20 13:08:00,48,1.6,676.76,203.67
16534.0,642,1,635.9,168,17.663888888888888,36,1,2010-03-07 15:47:00,2010-03-07 15:47:00,0,1.0,635.9,168.0
16535.0,5,3,972.04,664,13.690704225352112,67,1,2010-01-28 15:26:00,2011-12-04 15:18:00,674,22.5,43.2,221.33
16536.0,110,1,548.12,250,10.15037037037037,49,1,2011-08-21 15:54:00,2011-08-21 15:54:00,0,1.0,548.12,250.0
16537.0,641,1,23.35,59,5.8375,3,1,2010-03-08 13:41:00,2010-03-08 13:41:00,0,1.0,23.35,59.0
16538.0,541,3,395.07,254,9.635853658536584,35,1,2010-04-23 16:25:00,2010-06-16 16:59:00,54,1.8,219.48,84.67
16539.0,3,10,3289.66,1014,25.111908396946564,83,1,2010-06-25 15:24:00,2011-12-07 08:41:00,529,17.6,186.91,101.4
16540.0,414,1,205.75,105,7.094827586206897,25,1,2010-10-21 17:22:00,2010-10-21 17:22:00,0,1.0,205.75,105.0
16541.0,735,1,424.03,173,11.158684210526316,38,1,2009-12-04 13:22:00,2009-12-04 13:22:00,0,1.0,424.03,173.0
16542.0,54,2,257.32,142,18.38,13,1,2010-11-03 14:44:00,2011-10-17 10:47:00,347,11.6,22.18,71.0
16543.0,592,1,292.21,317,16.233888888888888,18,1,2010-04-27 11:38:00,2010-04-27 11:38:00,0,1.0,292.21,317.0
16544.0,520,4,376.70000000000005,150,34.24545454545455,8,1,2010-02-15 13:20:00,2010-07-08 11:11:00,142,4.7,80.15,37.5
16545.0,165,2,689.8199999999999,322,86.22749999999999,6,1,2010-11-29 10:39:00,2011-06-28 10:37:00,210,7.0,98.55,161.0
16546.0,291,5,5307.07,4211,60.307613636363634,75,1,2010-09-23 15:43:00,2011-02-22 11:20:00,151,5.0,1061.41,842.2
16547.0,546,1,104.25999999999999,108,4.1704,25,1,2010-06-11 13:02:00,2010-06-11 13:02:00,0,1.0,104.26,108.0
16548.0,599,1,30.15,6,5.0249999999999995,6,1,2010-04-19 16:15:00,2010-04-19 16:15:00,0,1.0,30.15,6.0
16549.0,10,34,12781.8,7087,4.1324927255092145,836,1,2010-03-28 15:45:00,2011-11-29 15:06:00,610,20.3,629.65,208.44
16550.0,109,18,8813.58,5405,11.673615894039735,274,1,2009-12-02 11:24:00,2011-08-23 11:12:00,628,20.9,421.7,300.28
16551.0,96,7,2237.12,2076,25.421818181818182,67,1,2009-12-13 16:12:00,2011-09-05 09:38:00,630,21.0,106.53,296.57
16552.0,243,2,379.73,219,22.337058823529414,17,1,2010-12-01 12:36:00,2011-04-11 10:04:00,130,4.3,88.31,109.5
16553.0,163,33,16584.01,16427,56.79455479452054,195,1,2010-02-11 18:46:00,2011-06-29 15:42:00,502,16.7,993.05,497.79
16554.0,42,8,2841.7200000000003,1346,17.016287425149702,108,1,2009-12-15 09:42:00,2011-10-28 14:51:00,682,22.7,125.19,168.25
16555.0,35,6,1915.68,1816,29.025454545454547,59,1,2010-07-22 13:39:00,2011-11-04 14:31:00,470,15.7,122.02,302.67
16556.0,67,17,8012.58,4353,16.623609958506226,280,1,2009-12-07 10:51:00,2011-10-04 11:36:00,666,22.2,360.93,256.06
16557.0,24,2,281.85,111,25.622727272727275,11,1,2011-07-25 13:28:00,2011-11-15 14:04:00,113,3.8,74.17,55.5
16558.0,1,38,13304.11,7813,17.668140770252325,383,1,2009-12-03 18:11:00,2011-12-09 10:20:00,735,24.5,543.02,205.61
16559.0,397,1,175.0,61,10.294117647058824,17,1,2010-11-07 13:52:00,2010-11-07 13:52:00,0,1.0,175.0,61.0
16560.0,27,8,3048.38,1603,15.395858585858587,140,1,2009-12-08 12:05:00,2011-11-13 10:35:00,704,23.5,129.72,200.38
16561.0,6,2,511.12,244,16.48774193548387,29,1,2011-10-11 09:53:00,2011-12-04 11:50:00,54,1.8,283.96,122.0
16562.0,477,1,223.86,264,6.584117647058824,34,1,2010-08-20 11:45:00,2010-08-20 11:45:00,0,1.0,223.86,264.0
16563.0,54,6,4412.56,2584,49.57932584269663,55,1,2009-12-01 18:35:00,2011-10-17 11:51:00,684,22.8,193.53,430.67
16564.0,569,1,87.80000000000001,40,17.560000000000002,5,1,2010-05-19 14:41:00,2010-05-19 14:41:00,0,1.0,87.8,40.0
16565.0,364,4,773.05,211,70.27727272727272,7,1,2010-06-02 12:47:00,2010-12-10 15:21:00,191,6.4,120.79,52.75
16566.0,15,5,614.66,362,34.147777777777776,14,1,2011-02-20 10:29:00,2011-11-24 16:34:00,277,9.2,66.81,72.4
16567.0,194,2,865.6,996,24.731428571428573,34,1,2011-01-07 09:31:00,2011-05-29 13:57:00,142,4.7,184.17,498.0
16568.0,428,2,1020.9,366,204.18,5,1,2010-03-08 14:51:00,2010-10-08 10:54:00,213,7.1,143.79,183.0
16569.0,3,5,1455.23,988,41.578,27,1,2009-12-16 15:05:00,2011-12-06 15:32:00,720,24.0,60.63,197.6
16570.0,15,20,7434.31,4292,30.847759336099585,114,1,2010-03-30 09:32:00,2011-11-24 17:02:00,604,20.1,369.87,214.6
16571.0,27,10,4248.74,3703,16.661725490196076,151,1,2010-03-18 09:12:00,2011-11-13 11:46:00,605,20.2,210.33,370.3
16572.0,127,3,1009.6,532,17.712280701754388,40,1,2011-03-09 12:04:00,2011-08-04 16:34:00,148,4.9,206.04,177.33
16573.0,85,2,663.61,360,15.800238095238095,40,1,2011-02-22 15:14:00,2011-09-16 09:13:00,205,6.8,97.59,180.0
16574.0,71,3,1301.78,1002,15.136976744186047,86,1,2010-02-19 11:46:00,2011-09-29 13:39:00,587,19.6,66.42,334.0
16576.0,420,2,540.87,323,16.39,32,1,2010-07-06 10:42:00,2010-10-15 13:37:00,101,3.4,159.08,161.5
16577.0,667,1,380.0,142,16.52173913043478,23,1,2010-02-11 09:45:00,2010-02-11 09:45:00,0,1.0,380.0,142.0
16578.0,626,1,156.6,108,17.4,9,1,2010-03-23 15:11:00,2010-03-23 15:11:00,0,1.0,156.6,108.0
16579.0,426,1,295.05,119,21.075,14,1,2010-10-10 11:58:00,2010-10-10 11:58:00,0,1.0,295.05,119.0
16581.0,183,1,105.84,134,11.76,9,1,2011-06-10 10:05:00,2011-06-10 10:05:00,0,1.0,105.84,134.0
16582.0,113,1,313.62,164,52.27,6,1,2011-08-18 17:02:00,2011-08-18 17:02:00,0,1.0,313.62,164.0
16583.0,374,2,297.95,153,16.552777777777777,18,1,2010-02-04 12:18:00,2010-12-01 12:03:00,299,10.0,29.8,76.5
16584.0,80,5,3156.17,1913,38.48987804878049,61,1,2010-02-16 10:41:00,2011-09-20 13:45:00,581,19.4,162.69,382.6
16585.0,594,2,341.59000000000003,151,18.977222222222224,16,1,2010-01-13 13:31:00,2010-04-25 10:34:00,101,3.4,100.47,75.5
16586.0,249,3,1462.78,348,52.24214285714286,27,1,2010-03-14 11:24:00,2011-04-05 09:32:00,386,12.9,113.39,116.0
16587.0,232,1,225.15,71,17.31923076923077,13,1,2011-04-21 15:51:00,2011-04-21 15:51:00,0,1.0,225.15,71.0
16588.0,386,4,1361.28,882,19.172957746478872,64,1,2010-05-14 13:43:00,2010-11-18 17:56:00,188,6.3,216.08,220.5
16589.0,71,4,612.36,536,13.917272727272728,39,1,2010-09-15 14:56:00,2011-09-29 14:50:00,378,12.6,48.6,134.0
16590.0,401,2,605.9,240,20.893103448275863,26,1,2010-10-21 12:09:00,2010-11-04 09:06:00,13,0.4,1514.75,120.0
16591.0,69,1,213.5,41,21.35,10,1,2011-10-02 10:43:00,2011-10-02 10:43:00,0,1.0,213.5,41.0
16592.0,4,28,7807.91,5504,18.242780373831774,221,1,2009-12-18 15:57:00,2011-12-05 13:49:00,716,23.9,326.69,196.57
16593.0,51,8,1071.14,377,13.732564102564103,57,1,2009-12-05 10:44:00,2011-10-20 12:41:00,684,22.8,46.98,47.12
16594.0,75,1,181.09,64,3.416792452830189,53,1,2011-09-25 14:08:00,2011-09-25 14:08:00,0,1.0,181.09,64.0
16595.0,61,5,1757.75,1331,3.8888274336283186,337,1,2010-01-17 12:12:00,2011-10-09 13:15:00,630,21.0,83.7,266.2
16596.0,16,4,458.98,180,19.124166666666667,23,1,2009-12-10 13:09:00,2011-11-24 10:02:00,713,23.8,19.28,45.0
16597.0,4,1,90.04,184,12.862857142857143,7,1,2011-12-05 15:44:00,2011-12-05 15:44:00,0,1.0,90.04,184.0
16598.0,286,1,145.05,73,14.505,10,1,2011-02-27 11:42:00,2011-02-27 11:42:00,0,1.0,145.05,73.0
16599.0,386,1,172.8,159,14.4,12,1,2010-11-19 12:45:00,2010-11-19 12:45:00,0,1.0,172.8,159.0
16600.0,4,13,2153.41,2420,15.058811188811188,106,1,2009-12-18 12:59:00,2011-12-05 16:00:00,717,23.9,90.1,186.15
16601.0,41,3,677.0,391,9.81159420289855,60,1,2010-03-26 13:39:00,2011-10-30 11:09:00,582,19.4,34.9,130.33
16602.0,36,2,763.33,429,19.08325,37,1,2010-11-16 09:13:00,2011-11-03 15:54:00,352,11.7,65.24,214.5
16603.0,75,2,482.47,480,14.19029411764706,34,1,2011-09-09 13:02:00,2011-09-26 10:06:00,16,0.5,964.94,240.0
16604.0,563,2,432.45000000000005,175,36.0375,10,1,2010-05-20 16:34:00,2010-05-26 09:10:00,5,0.2,2162.25,87.5
16605.0,724,1,60.48,144,60.48,1,1,2009-12-15 19:03:00,2009-12-15 19:03:00,0,1.0,60.48,144.0
16606.0,404,2,357.66,148,16.257272727272728,16,1,2010-10-01 13:21:00,2010-10-31 13:57:00,30,1.0,357.66,74.0
16607.0,18,25,5706.87,4436,19.15057046979866,212,1,2010-04-29 14:01:00,2011-11-22 10:24:00,571,19.0,300.36,177.44
16608.0,454,2,1286.6200000000001,612,10.633223140495868,94,1,2010-02-14 11:57:00,2010-09-12 11:44:00,209,7.0,183.8,306.0
16609.0,15,7,5493.46,2420,19.903840579710145,155,1,2011-04-01 10:11:00,2011-11-24 13:32:00,237,7.9,695.37,345.71
16610.0,219,1,75.66,66,12.61,6,1,2011-05-04 13:13:00,2011-05-04 13:13:00,0,1.0,75.66,66.0
16611.0,186,6,1785.13,874,16.228454545454547,86,1,2010-03-10 16:07:00,2011-06-06 15:46:00,452,15.1,118.22,145.67
16612.0,33,9,3245.4300000000003,1419,19.4337125748503,105,1,2009-12-03 15:54:00,2011-11-07 07:38:00,703,23.4,138.69,157.67
16613.0,70,1,618.59,293,20.619666666666667,30,1,2011-09-30 15:52:00,2011-09-30 15:52:00,0,1.0,618.59,293.0
16614.0,183,3,1179.79,349,24.07734693877551,37,1,2010-05-10 15:18:00,2011-06-10 11:36:00,395,13.2,89.38,116.33
16615.0,626,1,291.5,211,15.342105263157896,19,1,2010-03-23 15:13:00,2010-03-23 15:13:00,0,1.0,291.5,211.0
16616.0,15,2,500.42,370,15.164242424242424,31,1,2011-07-05 13:38:00,2011-11-24 16:31:00,142,4.7,106.47,185.0
16617.0,236,1,151.85,91,30.369999999999997,5,1,2011-04-18 10:35:00,2011-04-18 10:35:00,0,1.0,151.85,91.0
16618.0,31,5,2647.59,1363,27.579062500000003,79,1,2011-01-21 11:55:00,2011-11-08 13:52:00,291,9.7,272.95,272.6
16619.0,264,4,1938.3300000000002,1055,16.709741379310348,103,1,2010-02-22 12:05:00,2011-03-21 08:18:00,391,13.0,149.1,263.75
16620.0,4,6,1758.93,1146,18.712021276595745,78,1,2009-12-01 14:35:00,2011-12-06 12:19:00,734,24.5,71.79,191.0
16621.0,52,4,813.48,302,28.05103448275862,22,1,2011-03-07 11:32:00,2011-10-19 11:38:00,226,7.5,108.46,75.5
16622.0,544,1,225.4,44,18.783333333333335,12,1,2010-06-14 10:44:00,2010-06-14 10:44:00,0,1.0,225.4,44.0
16623.0,246,4,1015.24,442,19.906666666666666,44,1,2010-04-26 14:04:00,2011-04-08 10:09:00,346,11.5,88.28,110.5
16624.0,81,2,810.57,488,16.886875,44,1,2011-05-26 14:20:00,2011-09-20 12:39:00,116,3.9,207.84,244.0
16625.0,275,5,1654.03,1057,16.707373737373736,82,1,2010-06-14 11:56:00,2011-03-10 12:50:00,269,9.0,183.78,211.4
16626.0,1,17,4413.1,2690,24.65418994413408,86,1,2011-03-18 12:27:00,2011-12-09 11:56:00,265,8.8,501.49,158.24
16627.0,79,1,322.8,162,16.14,20,1,2011-09-21 14:38:00,2011-09-21 14:38:00,0,1.0,322.8,162.0
16628.0,30,7,2318.1,1260,18.5448,84,1,2010-03-08 12:24:00,2011-11-10 12:45:00,612,20.4,113.63,180.0
16629.0,74,2,408.63,489,6.8105,58,1,2011-09-04 16:12:00,2011-09-27 10:34:00,22,0.7,583.76,244.5
16630.0,407,1,106.80000000000001,72,26.700000000000003,4,1,2010-10-28 14:30:00,2010-10-28 14:30:00,0,1.0,106.8,72.0
16631.0,482,7,1892.52,775,23.6565,46,1,2010-02-26 10:49:00,2010-08-15 11:20:00,170,5.7,332.02,110.71
16632.0,486,2,406.4,256,15.05185185185185,22,1,2010-05-07 16:46:00,2010-08-11 11:39:00,95,3.2,127.0,128.0
16633.0,17,6,2883.1,1138,18.967763157894737,115,1,2011-04-19 14:36:00,2011-11-22 13:41:00,216,7.2,400.43,189.67
16634.0,223,6,1649.81,1257,19.87722891566265,72,1,2010-01-21 09:30:00,2011-05-01 12:09:00,465,15.5,106.44,209.5
16635.0,407,1,473.0,277,18.92,25,1,2010-10-29 09:41:00,2010-10-29 09:41:00,0,1.0,473.0,277.0
16636.0,438,4,3802.04,2186,52.0827397260274,62,1,2010-03-03 14:06:00,2010-09-27 13:13:00,207,6.9,551.02,546.5
16637.0,32,4,1154.47,927,16.73144927536232,66,1,2011-04-28 10:20:00,2011-11-07 13:17:00,193,6.4,180.39,231.75
16638.0,23,15,2380.13,1627,17.247318840579712,130,1,2010-08-18 13:33:00,2011-11-17 11:09:00,455,15.2,156.59,108.47
16639.0,31,4,1747.98,751,21.580000000000002,76,1,2010-10-26 18:23:00,2011-11-08 13:20:00,377,12.6,138.73,187.75
16640.0,398,1,179.4,146,13.8,13,1,2010-11-07 10:48:00,2010-11-07 10:48:00,0,1.0,179.4,146.0
16641.0,106,2,554.5,454,15.402777777777779,36,1,2010-01-07 12:22:00,2011-08-26 12:49:00,596,19.9,27.86,227.0
16642.0,5,3,1077.45,775,19.95277777777778,50,1,2010-10-20 14:22:00,2011-12-05 11:31:00,410,13.7,78.65,258.33
16643.0,246,2,923.11,553,16.783818181818184,48,1,2010-10-13 09:47:00,2011-04-08 08:24:00,176,5.9,156.46,276.5
16644.0,178,2,833.78,826,13.448064516129032,62,1,2011-05-11 12:53:00,2011-06-15 12:39:00,34,1.1,757.98,413.0
16645.0,736,1,160.39,117,11.456428571428571,14,1,2009-12-04 09:49:00,2009-12-04 09:49:00,0,1.0,160.39,117.0
16646.0,449,1,678.8,1072,23.406896551724138,29,1,2010-09-16 13:28:00,2010-09-16 13:28:00,0,1.0,678.8,1072.0
16647.0,170,4,541.9,396,16.421212121212122,28,1,2010-06-13 15:52:00,2011-06-23 11:47:00,374,12.5,43.35,99.0
16648.0,43,3,672.8,503,18.18378378378378,37,1,2010-04-28 14:58:00,2011-10-28 08:58:00,547,18.2,36.97,167.67
16649.0,520,1,306.58,82,15.328999999999999,20,1,2010-07-07 15:41:00,2010-07-07 15:41:00,0,1.0,306.58,82.0
16650.0,72,7,1916.11,1511,19.552142857142854,71,1,2010-07-08 14:18:00,2011-09-29 09:51:00,447,14.9,128.6,215.86
16651.0,587,1,136.2,60,22.7,6,1,2010-05-02 11:46:00,2010-05-02 11:46:00,0,1.0,136.2,60.0
16652.0,59,16,17550.39,7477,63.8196,124,1,2010-03-17 10:22:00,2011-10-12 09:38:00,573,19.1,918.87,467.31
16653.0,16,2,1212.66,733,17.574782608695653,67,1,2011-09-29 13:38:00,2011-11-23 14:51:00,55,1.8,673.7,366.5
16654.0,141,8,1484.07,640,20.055,64,1,2010-04-06 13:29:00,2011-07-21 15:23:00,471,15.7,94.53,80.0
16655.0,18,13,6423.26,3938,10.886881355932204,408,1,2010-01-31 15:40:00,2011-11-22 11:25:00,659,22.0,291.97,302.92
16656.0,22,30,16833.170000000002,15433,119.38418439716314,22,1,2009-12-04 12:59:00,2011-11-17 14:43:00,713,23.8,707.28,514.43
16657.0,10,4,874.43,1130,4.554322916666666,158,1,2011-03-30 12:02:00,2011-11-30 11:48:00,244,8.1,107.95,282.5
16658.0,368,6,690.83,277,10.79421875,49,1,2010-03-30 16:24:00,2010-12-06 13:47:00,250,8.3,83.23,46.17
16659.0,189,1,39.12,72,19.56,2,1,2011-06-03 15:03:00,2011-06-03 15:03:00,0,1.0,39.12,72.0
16660.0,16,7,1879.55,991,78.31458333333333,20,1,2010-01-14 11:09:00,2011-11-23 14:53:00,678,22.6,83.17,141.57
16661.0,540,4,932.76,364,15.044516129032258,50,1,2009-12-17 15:39:00,2010-06-17 15:24:00,181,6.0,155.46,91.0
16662.0,394,1,151.05,35,5.394642857142857,28,1,2010-11-10 16:56:00,2010-11-10 16:56:00,0,1.0,151.05,35.0
16663.0,729,1,165.0,100,165.0,1,1,2009-12-10 13:12:00,2009-12-10 13:12:00,0,1.0,165.0,100.0
16664.0,569,1,109.2,24,13.65,8,1,2010-05-19 17:11:00,2010-05-19 17:11:00,0,1.0,109.2,24.0
16665.0,362,1,135.4,59,15.044444444444444,9,1,2010-12-12 14:03:00,2010-12-12 14:03:00,0,1.0,135.4,59.0
16666.0,19,2,217.71,354,4.5356250000000005,42,1,2010-03-28 15:13:00,2011-11-20 14:01:00,601,20.0,10.89,177.0
16667.0,68,2,567.1800000000001,236,10.907307692307693,52,1,2011-02-28 12:57:00,2011-10-02 15:26:00,216,7.2,78.78,118.0
16668.0,15,13,862.42,773,16.272075471698113,28,1,2010-03-18 18:25:00,2011-11-24 17:43:00,615,20.5,42.07,59.46
16669.0,24,3,1348.88,881,8.646666666666667,141,1,2011-09-22 14:13:00,2011-11-16 12:26:00,54,1.8,749.38,293.67
16670.0,17,20,8030.150000000001,4534,16.55701030927835,258,1,2009-12-10 15:28:00,2011-11-23 09:34:00,712,23.7,338.82,226.7
16671.0,28,3,1692.27,875,282.045,3,1,2011-06-28 11:20:00,2011-11-11 13:40:00,136,4.5,376.06,291.67
16672.0,2,20,8134.9400000000005,2832,71.35912280701754,22,1,2011-03-18 10:15:00,2011-12-07 16:29:00,264,8.8,924.42,141.6
16673.0,679,1,171.13,95,9.006842105263157,19,1,2010-01-29 14:22:00,2010-01-29 14:22:00,0,1.0,171.13,95.0
16674.0,55,2,304.24,181,3.2713978494623657,89,1,2011-09-02 13:59:00,2011-10-16 11:31:00,43,1.4,217.31,90.5
16675.0,442,2,608.86,296,26.47217391304348,21,1,2010-08-18 13:11:00,2010-09-24 12:15:00,36,1.2,507.38,148.0
16676.0,34,6,2361.9,927,17.758646616541355,106,1,2010-10-17 13:07:00,2011-11-06 12:01:00,384,12.8,184.52,154.5
16677.0,411,2,880.62,457,18.73659574468085,45,1,2010-02-25 16:11:00,2010-10-24 14:53:00,240,8.0,110.08,228.5
16678.0,3,12,3109.99,2397,19.07969325153374,92,1,2011-03-02 09:24:00,2011-12-07 12:17:00,280,9.3,334.41,199.75
16679.0,366,3,663.31,247,36.85055555555555,15,1,2010-06-10 18:35:00,2010-12-08 13:51:00,180,6.0,110.55,82.33
16680.0,43,3,821.45,377,28.32586206896552,24,1,2010-06-23 09:30:00,2011-10-27 17:35:00,491,16.4,50.09,125.67
16681.0,73,7,1921.8400000000001,1492,39.22122448979592,22,1,2010-03-08 14:10:00,2011-09-28 11:11:00,568,18.9,101.68,213.14
16682.0,5,5,1028.0,1040,34.266666666666666,15,1,2011-06-05 11:02:00,2011-12-05 12:13:00,183,6.1,168.52,208.0
16683.0,534,1,320.25,190,17.791666666666668,18,1,2010-06-24 10:36:00,2010-06-24 10:36:00,0,1.0,320.25,190.0
16684.0,4,55,147142.77,104810,204.93422005571028,184,1,2009-12-07 12:56:00,2011-12-05 14:06:00,728,24.3,6055.26,1905.64
16685.0,61,2,324.24,396,5.2296774193548385,60,1,2011-10-09 13:44:00,2011-10-09 13:58:00,0,1.0,324.24,198.0
16686.0,47,16,4881.07,3419,4.748122568093385,549,1,2009-12-06 15:48:00,2011-10-23 13:49:00,685,22.8,214.08,213.69
16687.0,391,1,157.63,141,19.70375,8,1,2010-11-14 11:46:00,2010-11-14 11:46:00,0,1.0,157.63,141.0
16688.0,1,4,1260.8600000000001,804,20.33645161290323,52,1,2011-10-10 12:23:00,2011-12-08 15:24:00,59,2.0,630.43,201.0
16689.0,76,2,422.6,330,32.50769230769231,12,1,2011-09-18 13:29:00,2011-09-25 11:39:00,6,0.2,2113.0,165.0
16690.0,72,4,353.03000000000003,209,18.580526315789474,12,1,2010-09-14 15:00:00,2011-09-28 15:02:00,379,12.6,28.02,52.25
16691.0,418,2,178.83,92,16.257272727272728,11,1,2010-05-27 14:55:00,2010-10-17 15:03:00,143,4.8,37.26,46.0
16692.0,256,4,1914.6999999999998,878,382.93999999999994,3,1,2010-09-24 11:31:00,2011-03-28 14:46:00,185,6.2,308.82,219.5
16693.0,69,5,1179.48,658,7.020714285714286,149,1,2010-02-21 12:42:00,2011-10-02 11:10:00,587,19.6,60.18,131.6
16694.0,723,1,98.30000000000001,26,32.76666666666667,3,1,2009-12-16 15:45:00,2009-12-16 15:45:00,0,1.0,98.3,26.0
16695.0,562,2,191.9,184,5.482857142857143,30,1,2010-05-27 12:24:00,2010-05-27 12:36:00,0,1.0,191.9,92.0
16696.0,135,4,657.9,146,65.78999999999999,7,1,2011-04-05 15:20:00,2011-07-27 14:23:00,112,3.7,177.81,36.5
16697.0,241,1,112.75,27,5.369047619047619,20,1,2011-04-12 17:12:00,2011-04-12 17:12:00,0,1.0,112.75,27.0
16698.0,227,2,1998.0,840,399.6,4,1,2011-03-31 13:33:00,2011-04-27 10:52:00,26,0.9,2220.0,420.0
16699.0,380,7,994.6,640,16.04193548387097,51,1,2009-12-04 13:31:00,2010-11-24 14:38:00,355,11.8,84.29,91.43
16700.0,9,25,8830.77,6644,17.147126213592234,263,1,2009-12-02 10:51:00,2011-12-01 11:00:00,729,24.3,363.41,265.76
16701.0,9,26,9916.73,11046,36.06083636363636,154,1,2009-12-01 19:19:00,2011-12-01 11:10:00,729,24.3,408.1,424.85
16702.0,415,4,1110.83,692,12.206923076923076,84,1,2009-12-07 16:40:00,2010-10-20 14:10:00,316,10.5,105.79,173.0
16704.0,618,2,664.16,433,12.299259259259259,50,1,2010-02-05 14:14:00,2010-03-31 14:02:00,53,1.8,368.98,216.5
16705.0,1,42,43515.051,22302,62.97402460202605,400,1,2009-12-09 13:34:00,2011-12-09 12:08:00,729,24.3,1790.74,531.0
16706.0,37,3,531.35,249,4.319918699186992,108,1,2011-08-17 15:53:00,2011-11-02 13:50:00,76,2.5,212.54,83.0
16707.0,400,4,533.41,396,8.206307692307691,64,1,2010-03-09 15:16:00,2010-11-04 14:39:00,239,8.0,66.68,99.0
16708.0,46,1,656.63,285,24.31962962962963,27,1,2011-10-25 12:20:00,2011-10-25 12:20:00,0,1.0,656.63,285.0
16709.0,85,14,9056.01,3261,29.986788079470198,220,1,2009-12-09 13:16:00,2011-09-16 10:56:00,645,21.5,421.21,232.93
16710.0,19,22,5921.35,4174,6.514136413641364,541,1,2009-12-04 13:41:00,2011-11-20 14:50:00,716,23.9,247.76,189.73
16711.0,3,9,2868.48,1212,86.92363636363636,26,1,2009-12-02 13:22:00,2011-12-06 16:32:00,734,24.5,117.08,134.67
16712.0,9,13,4232.87,2074,8.12451055662188,301,1,2010-11-03 15:45:00,2011-11-30 13:48:00,391,13.0,325.61,159.54
16713.0,19,32,14115.56,8482,11.149731437598735,541,1,2009-12-15 12:49:00,2011-11-21 12:36:00,705,23.5,600.66,265.06
16714.0,219,4,1497.33,828,13.612090909090908,95,1,2010-02-07 11:17:00,2011-05-05 11:09:00,451,15.0,99.82,207.0
16715.0,78,2,625.52,1174,22.34,27,1,2010-05-26 12:35:00,2011-09-22 18:15:00,484,16.1,38.85,587.0
16716.0,267,3,2149.6800000000003,912,268.71000000000004,7,1,2010-03-19 11:05:00,2011-03-18 10:03:00,363,12.1,177.66,304.0
16717.0,24,14,6663.68,3145,19.039085714285715,274,1,2009-12-07 15:55:00,2011-11-16 12:16:00,708,23.6,282.36,224.64
16718.0,369,5,3006.08,1924,16.983502824858757,123,1,2009-12-06 13:07:00,2010-12-05 13:03:00,363,12.1,248.44,384.8
16719.0,15,14,3513.62,2356,8.963316326530611,204,1,2009-12-13 10:59:00,2011-11-25 09:27:00,711,23.7,148.25,168.29
16720.0,26,3,758.74,460,5.4195714285714285,130,1,2009-12-17 17:54:00,2011-11-13 16:22:00,695,23.2,32.7,153.33
16721.0,262,1,292.47,172,7.904594594594595,37,1,2011-03-22 16:08:00,2011-03-22 16:08:00,0,1.0,292.47,172.0
16722.0,17,22,8189.56,7986,21.665502645502645,145,1,2009-12-03 19:23:00,2011-11-22 13:28:00,718,23.9,342.66,363.0
16723.0,91,4,1231.3600000000001,958,9.930322580645162,108,1,2009-12-04 13:23:00,2011-09-09 13:01:00,643,21.4,57.54,239.5
16724.0,405,1,147.35,69,8.66764705882353,17,1,2010-10-31 11:40:00,2010-10-31 11:40:00,0,1.0,147.35,69.0
16725.0,302,14,1688.26,700,4.85132183908046,242,1,2009-12-13 15:54:00,2011-02-10 16:52:00,424,14.1,119.73,50.0
16726.0,26,7,2063.88,1323,7.877404580152672,150,1,2010-10-24 16:09:00,2011-11-13 14:53:00,384,12.8,161.24,189.0
16727.0,364,4,1377.77,1066,6.7208292682926825,158,1,2010-01-20 10:48:00,2010-12-10 13:48:00,324,10.8,127.57,266.5
16728.0,46,4,1048.28,671,3.9858555133079845,218,1,2011-03-20 13:28:00,2011-10-24 14:36:00,218,7.3,143.6,167.75
16729.0,38,21,7205.33,5722,10.983734756097562,234,1,2011-04-12 14:22:00,2011-11-01 14:29:00,203,6.8,1059.61,272.48
16730.0,52,3,743.11,994,9.062317073170732,75,1,2011-01-24 14:01:00,2011-10-18 14:11:00,267,8.9,83.5,331.33
16731.0,648,1,170.3,124,4.0547619047619055,40,1,2010-03-01 15:05:00,2010-03-01 15:05:00,0,1.0,170.3,124.0
16732.0,32,4,4387.64,2414,19.853574660633484,199,1,2009-12-08 13:04:00,2011-11-08 09:54:00,699,23.3,188.31,603.5
16733.0,530,1,259.68,112,21.64,12,1,2010-06-28 10:12:00,2010-06-28 10:12:00,0,1.0,259.68,112.0
16734.0,52,3,646.76,345,12.437692307692307,44,1,2011-08-17 15:00:00,2011-10-18 13:44:00,61,2.0,323.38,115.0
16735.0,79,14,6217.41,4240,21.14765306122449,178,1,2009-12-08 09:24:00,2011-09-22 11:49:00,653,21.8,285.2,302.86
16736.0,506,5,2956.56,1050,20.675244755244755,116,1,2009-12-03 16:12:00,2010-07-22 10:09:00,230,7.7,383.97,210.0
16737.0,53,2,835.2,576,417.6,1,1,2010-05-11 09:53:00,2011-10-17 13:03:00,524,17.5,47.73,288.0
16738.0,298,1,3.75,3,3.75,1,1,2011-02-15 09:46:00,2011-02-15 09:46:00,0,1.0,3.75,3.0
16739.0,177,2,786.4300000000001,391,20.695526315789476,33,1,2010-06-21 09:38:00,2011-06-16 09:17:00,359,12.0,65.54,195.5
16740.0,395,1,226.91,110,7.0909375,30,1,2010-11-09 13:34:00,2010-11-09 13:34:00,0,1.0,226.91,110.0
16741.0,625,1,173.06,81,15.732727272727272,11,1,2010-03-24 15:15:00,2010-03-24 15:15:00,0,1.0,173.06,81.0
16742.0,47,14,2799.87,2558,26.92182692307692,51,1,2009-12-16 17:22:00,2011-10-24 12:02:00,676,22.5,124.44,182.71
16743.0,29,14,4212.15,3707,11.353504043126684,118,1,2010-04-22 13:21:00,2011-11-10 13:13:00,566,18.9,222.87,264.79
16744.0,11,7,1291.91,798,5.4741949152542375,198,1,2011-06-19 15:13:00,2011-11-28 13:06:00,161,5.4,239.24,114.0
16745.0,87,17,7180.7,6719,20.227323943661972,148,1,2011-02-01 11:31:00,2011-09-14 11:58:00,225,7.5,957.43,395.24
16746.0,5,42,18046.75,11900,18.3588504577823,390,1,2009-12-04 13:00:00,2011-12-05 12:33:00,730,24.3,742.66,283.33
16747.0,38,2,836.0600000000001,583,19.906190476190478,34,1,2011-10-03 10:18:00,2011-11-02 11:37:00,30,1.0,836.06,291.5
16748.0,18,14,3637.33,2127,22.044424242424242,55,1,2009-12-10 12:28:00,2011-11-22 10:17:00,711,23.7,153.47,151.93
16749.0,591,2,4157.88,1910,57.748333333333335,53,1,2009-12-15 14:05:00,2010-04-27 13:06:00,132,4.4,944.97,955.0
16750.0,45,5,623.93,214,6.567684210526315,74,1,2011-04-21 16:53:00,2011-10-26 12:48:00,187,6.2,100.63,42.8
16751.0,31,1,1764.72,1031,70.5888,24,1,2011-11-09 10:48:00,2011-11-09 10:48:00,0,1.0,1764.72,1031.0
16752.0,373,1,207.5,54,23.055555555555557,9,1,2010-12-02 12:18:00,2010-12-02 12:18:00,0,1.0,207.5,54.0
16753.0,58,1,223.92000000000002,189,6.5858823529411765,34,1,2011-10-12 13:14:00,2011-10-12 13:14:00,0,1.0,223.92,189.0
16754.0,372,29,65500.07,63551,467.8576428571429,38,1,2010-03-08 11:32:00,2010-12-02 17:38:00,269,9.0,7277.79,2191.41
16755.0,114,7,2864.68,1985,8.980188087774295,219,1,2009-12-09 14:25:00,2011-08-17 13:21:00,615,20.5,139.74,283.57
16756.0,215,7,1312.3700000000001,707,16.61227848101266,64,1,2010-03-09 15:56:00,2011-05-09 09:33:00,425,14.2,92.42,101.0
16757.0,319,2,270.48,180,18.032,13,1,2010-10-26 15:09:00,2011-01-25 11:59:00,90,3.0,90.16,90.0
16758.0,65,1,369.34000000000003,203,16.78818181818182,22,1,2011-10-05 14:47:00,2011-10-05 14:47:00,0,1.0,369.34,203.0
16759.0,8,3,789.79,609,18.804523809523808,40,1,2011-11-09 09:06:00,2011-12-02 12:42:00,23,0.8,987.24,203.0
16760.0,430,1,228.0,168,13.411764705882353,17,1,2010-10-05 15:55:00,2010-10-05 15:55:00,0,1.0,228.0,168.0
16761.0,97,1,316.62,341,24.355384615384615,13,1,2011-09-04 11:15:00,2011-09-04 11:15:00,0,1.0,316.62,341.0
16762.0,20,3,1207.24,480,19.162539682539684,51,1,2011-07-18 12:52:00,2011-11-20 11:43:00,124,4.1,294.45,160.0
16763.0,199,2,964.6999999999999,492,21.924999999999997,44,1,2009-12-01 15:26:00,2011-05-25 11:52:00,539,18.0,53.59,246.0
16764.0,4,13,2790.9500000000003,1253,3.987071428571429,209,1,2011-07-19 17:17:00,2011-12-06 11:41:00,139,4.6,606.73,96.38
16765.0,294,2,454.75,311,8.745192307692308,52,1,2010-11-22 13:42:00,2011-02-18 15:41:00,88,2.9,156.81,155.5
16766.0,273,2,1145.6,536,33.69411764705882,17,1,2011-03-11 13:34:00,2011-03-11 15:22:00,0,1.0,1145.6,268.0
16767.0,31,15,8056.76,7102,25.09894080996885,209,1,2010-04-28 16:49:00,2011-11-09 09:42:00,559,18.6,433.16,473.47
16768.0,48,9,1698.57,774,10.550124223602484,108,1,2009-12-07 11:47:00,2011-10-23 10:38:00,684,22.8,74.5,86.0
16769.0,260,4,1117.05,295,11.515979381443298,76,1,2009-12-14 11:10:00,2011-03-24 13:41:00,465,15.5,72.07,73.75
16770.0,58,9,1778.93,1052,5.247581120943953,202,1,2010-08-22 16:08:00,2011-10-13 12:21:00,416,13.9,127.98,116.89
16771.0,33,10,3949.6,2308,9.680392156862744,303,1,2009-12-09 11:52:00,2011-11-06 13:28:00,697,23.2,170.24,230.8
16772.0,423,3,3698.05,687,54.38308823529412,54,1,2009-12-18 10:50:00,2010-10-12 13:19:00,298,9.9,373.54,229.0
16773.0,57,3,421.24,252,6.480615384615385,53,1,2009-12-06 15:01:00,2011-10-13 14:37:00,675,22.5,18.72,84.0
16774.0,68,8,1567.48,774,11.965496183206106,89,1,2010-02-16 16:53:00,2011-10-03 12:41:00,593,19.8,79.17,96.75
16775.0,10,16,2820.84,957,10.891274131274132,132,1,2010-09-23 17:34:00,2011-11-29 15:22:00,431,14.4,195.89,59.81
16776.0,60,2,592.51,435,4.702460317460317,105,1,2010-10-20 12:13:00,2011-10-10 13:04:00,355,11.8,50.21,217.5
16777.0,80,5,1292.18,470,9.099859154929577,125,1,2010-03-17 12:42:00,2011-09-20 13:41:00,552,18.4,70.23,94.0
16778.0,74,2,245.94,194,15.37125,16,1,2011-03-10 15:21:00,2011-09-26 13:48:00,199,6.6,37.26,97.0
16779.0,2,53,32809.03,19411,31.54714423076923,293,1,2009-12-03 13:03:00,2011-12-07 14:54:00,734,24.5,1339.14,366.25
16780.0,100,3,596.4,352,6.2124999999999995,73,1,2010-10-28 19:41:00,2011-08-31 16:09:00,306,10.2,58.47,117.33
16781.0,372,2,623.0,192,15.974358974358974,36,1,2010-02-08 13:56:00,2010-12-02 14:26:00,297,9.9,62.93,96.0
16782.0,10,38,9636.12,4027,5.725561497326204,575,1,2009-12-09 11:58:00,2011-11-29 13:20:00,720,24.0,401.51,105.97
16783.0,437,1,391.95,163,15.677999999999999,25,1,2010-09-29 11:53:00,2010-09-29 11:53:00,0,1.0,391.95,163.0
16784.0,20,5,892.33,494,5.647658227848101,138,1,2010-03-28 12:55:00,2011-11-20 12:20:00,601,20.0,44.62,98.8
16785.0,410,1,533.78,313,15.250857142857143,35,1,2010-10-26 10:36:00,2010-10-26 10:36:00,0,1.0,533.78,313.0
16786.0,394,1,51.84,72,51.84,1,1,2010-11-11 08:25:00,2010-11-11 08:25:00,0,1.0,51.84,72.0
16787.0,398,4,1017.53,472,9.085089285714286,102,1,2010-01-10 11:12:00,2010-11-07 11:01:00,300,10.0,101.75,118.0
16788.0,123,5,1928.93,965,4.035418410041841,348,1,2010-02-07 12:40:00,2011-08-08 14:53:00,547,18.2,105.99,193.0
16789.0,8,1,80.80000000000001,32,16.160000000000004,5,1,2011-12-01 15:12:00,2011-12-01 15:12:00,0,1.0,80.8,32.0
16790.0,4,6,1545.6200000000001,898,16.61956989247312,88,1,2011-11-02 11:23:00,2011-12-06 11:53:00,34,1.1,1405.11,149.67
16791.0,29,15,3957.63,1854,5.811497797356829,393,1,2009-12-03 18:08:00,2011-11-10 19:12:00,707,23.6,167.7,123.6
16792.0,282,5,623.46,324,6.1123529411764705,90,1,2010-01-04 13:47:00,2011-03-02 14:41:00,422,14.1,44.22,64.8
16793.0,57,1,243.84,146,15.24,16,1,2011-10-13 15:08:00,2011-10-13 15:08:00,0,1.0,243.84,146.0
16794.0,1,15,2052.7,1576,4.089043824701195,245,1,2010-03-25 15:17:00,2011-12-08 17:54:00,623,20.8,98.69,105.07
16795.0,365,3,2062.41,1214,6.138125,306,1,2010-01-25 13:14:00,2010-12-09 14:08:00,318,10.6,194.57,404.67
16796.0,89,1,305.62,186,16.97888888888889,18,1,2011-09-11 14:01:00,2011-09-11 14:01:00,0,1.0,305.62,186.0
16797.0,393,5,1802.02,898,4.527688442211055,289,1,2009-12-02 13:33:00,2010-11-11 19:14:00,344,11.5,156.7,179.6
16798.0,554,3,841.16,205,4.977278106508876,141,1,2009-12-10 19:35:00,2010-06-03 19:01:00,174,5.8,145.03,68.33
16799.0,432,2,452.78000000000003,162,4.921521739130435,81,1,2010-09-12 12:46:00,2010-10-03 14:28:00,21,0.7,646.83,81.0
16800.0,11,1,1162.65,524,7.452884615384616,148,1,2011-11-28 14:06:00,2011-11-28 14:06:00,0,1.0,1162.65,524.0
16801.0,163,4,1594.23,493,21.2564,72,1,2011-03-11 13:56:00,2011-06-29 15:33:00,110,3.7,430.87,123.25
16802.0,679,2,582.61,369,10.992641509433962,48,1,2009-12-09 13:00:00,2010-01-29 13:44:00,51,1.7,342.71,184.5
16803.0,65,1,332.3,245,13.845833333333333,24,1,2011-10-05 14:28:00,2011-10-05 14:28:00,0,1.0,332.3,245.0
16804.0,23,3,536.99,246,8.949833333333334,59,1,2011-03-14 15:48:00,2011-11-16 16:43:00,247,8.2,65.49,82.0
16805.0,174,5,1091.34,1120,4.38289156626506,213,1,2009-12-08 14:29:00,2011-06-19 11:23:00,557,18.6,58.67,224.0
16806.0,103,4,762.16,356,8.195268817204301,68,1,2011-04-14 19:59:00,2011-08-28 15:27:00,135,4.5,169.37,89.0
16807.0,143,6,2123.88,1433,14.956901408450705,107,1,2010-03-26 14:38:00,2011-07-20 12:00:00,480,16.0,132.74,238.83
16808.0,99,2,288.42,196,12.540000000000001,21,1,2011-03-10 19:05:00,2011-09-01 19:34:00,175,5.8,49.73,98.0
16809.0,23,9,1727.43,1093,6.6696138996139,113,1,2010-04-13 15:34:00,2011-11-16 15:45:00,582,19.4,89.04,121.44
16810.0,192,2,842.04,372,24.765882352941176,34,1,2010-10-15 15:32:00,2011-05-31 15:32:00,228,7.6,110.79,186.0
16811.0,5,2,547.07,477,19.538214285714286,26,1,2011-11-22 17:19:00,2011-12-05 11:39:00,12,0.4,1367.68,238.5
16812.0,361,4,2392.0,1116,20.8,98,1,2010-11-22 14:36:00,2010-12-14 12:35:00,21,0.7,3417.14,279.0
16813.0,8,10,1652.18,1501,3.878356807511737,248,1,2011-05-19 13:28:00,2011-12-01 14:03:00,196,6.5,254.18,150.1
16814.0,14,36,11924.85,4844,15.547392438070405,247,1,2010-04-11 12:45:00,2011-11-25 13:27:00,593,19.8,602.27,134.56
16815.0,454,2,406.02,237,5.561917808219178,66,1,2010-06-21 12:05:00,2010-09-12 10:59:00,82,2.7,150.38,118.5
16816.0,103,4,417.06,274,14.895,28,1,2010-12-16 17:01:00,2011-08-28 14:16:00,254,8.5,49.07,68.5
16817.0,3,13,2560.7000000000003,1401,18.160992907801422,107,1,2010-10-04 09:06:00,2011-12-07 11:03:00,429,14.3,179.07,107.77
16818.0,11,11,3349.57,2164,17.81686170212766,172,1,2011-05-18 11:42:00,2011-11-29 10:41:00,194,6.5,515.32,196.73
16819.0,465,2,182.59,253,10.740588235294117,17,1,2010-08-31 17:31:00,2010-08-31 17:37:00,0,1.0,182.59,126.5
16820.0,96,1,497.61,307,19.138846153846153,26,1,2011-09-05 12:06:00,2011-09-05 12:06:00,0,1.0,497.61,307.0
16821.0,382,1,113.35,13,16.192857142857143,7,1,2010-11-23 10:04:00,2010-11-23 10:04:00,0,1.0,113.35,13.0
16822.0,686,1,181.39,171,16.49,11,1,2010-01-22 14:22:00,2010-01-22 14:22:00,0,1.0,181.39,171.0
16823.0,227,7,2243.09,1166,12.965838150289018,149,1,2009-12-02 09:57:00,2011-04-26 15:00:00,510,17.0,131.95,166.57
16824.0,16,3,686.24,390,17.595897435897434,34,1,2010-11-11 12:21:00,2011-11-24 12:38:00,378,12.6,54.46,130.0
16825.0,39,5,1826.89,1297,28.54515625,48,1,2010-06-23 13:14:00,2011-11-01 11:51:00,495,16.5,110.72,259.4
16826.0,51,1,341.7,158,15.531818181818181,22,1,2011-10-19 14:05:00,2011-10-19 14:05:00,0,1.0,341.7,158.0
16827.0,393,5,392.13,125,32.6775,10,1,2010-04-29 19:07:00,2010-11-11 14:04:00,195,6.5,60.33,25.0
16828.0,93,2,128.5,59,16.0625,8,1,2011-08-19 13:24:00,2011-09-07 15:10:00,19,0.6,214.17,29.5
16829.0,157,2,513.32,215,19.011851851851855,25,1,2010-11-16 18:11:00,2011-07-06 10:48:00,231,7.7,66.66,107.5
16830.0,39,4,1207.5,699,16.1,65,1,2009-12-13 12:11:00,2011-11-01 11:35:00,687,22.9,52.73,174.75
16831.0,565,1,91.8,48,15.299999999999999,6,1,2010-05-24 09:08:00,2010-05-24 09:08:00,0,1.0,91.8,48.0
16832.0,184,5,417.61,179,19.886190476190478,19,1,2010-09-07 12:35:00,2011-06-08 15:36:00,274,9.1,45.89,35.8
16833.0,1,6,2409.04,878,26.18521739130435,87,1,2010-03-26 15:31:00,2011-12-08 14:39:00,621,20.7,116.38,146.33
16834.0,228,2,898.96,760,18.728333333333335,43,1,2010-02-03 14:24:00,2011-04-26 09:37:00,446,14.9,60.33,380.0
16835.0,128,6,1456.66,496,17.764146341463416,58,1,2010-05-19 08:41:00,2011-08-03 13:50:00,441,14.7,99.09,82.67
16836.0,40,4,782.37,539,18.627857142857142,42,1,2010-05-14 12:52:00,2011-10-31 10:05:00,534,17.8,43.95,134.75
16837.0,31,11,3170.98,1563,19.218060606060607,123,1,2011-04-08 08:48:00,2011-11-08 14:27:00,214,7.1,446.62,142.09
16838.0,197,4,1159.6100000000001,509,19.65440677966102,53,1,2010-02-14 15:27:00,2011-05-26 13:13:00,465,15.5,74.81,127.25
16839.0,9,44,21758.25,11295,62.16642857142857,132,1,2010-02-11 15:02:00,2011-12-01 09:03:00,657,21.9,993.53,256.7
16840.0,603,2,139.85,117,15.538888888888888,9,1,2010-02-03 12:42:00,2010-04-15 15:48:00,71,2.4,58.27,58.5
16841.0,37,12,4006.06,3478,18.292511415525112,187,1,2010-01-12 11:32:00,2011-11-03 11:51:00,660,22.0,182.09,289.83
16842.0,101,3,1264.19,693,20.066507936507936,45,1,2011-02-10 14:51:00,2011-08-31 10:42:00,201,6.7,188.69,231.0
16843.0,43,35,19571.43,18502,32.83796979865772,317,1,2009-12-10 11:40:00,2011-10-28 09:06:00,686,22.9,854.65,528.63
16844.0,563,2,614.34,281,19.198125,26,1,2010-05-06 09:16:00,2010-05-26 10:29:00,20,0.7,877.63,140.5
16845.0,618,1,253.88,167,12.693999999999999,20,1,2010-03-31 13:09:00,2010-03-31 13:09:00,0,1.0,253.88,167.0
16846.0,50,3,842.41,517,17.923617021276595,47,1,2010-03-10 12:03:00,2011-10-20 13:55:00,589,19.6,42.98,172.33
16847.0,43,2,614.89,255,16.618648648648648,37,1,2010-03-31 13:32:00,2011-10-27 13:29:00,574,19.1,32.19,127.5
16848.0,53,4,1411.62,780,16.607294117647058,75,1,2010-10-03 11:01:00,2011-10-18 08:42:00,379,12.6,112.03,195.0
16849.0,187,1,124.57,33,15.57125,8,1,2011-06-06 09:16:00,2011-06-06 09:16:00,0,1.0,124.57,33.0
16850.0,334,1,332.41,249,17.495263157894737,19,1,2011-01-10 11:09:00,2011-01-10 11:09:00,0,1.0,332.41,249.0
16851.0,4,3,342.45,271,17.1225,17,1,2011-10-19 09:48:00,2011-12-05 13:32:00,47,1.6,214.03,90.33
16852.0,10,2,144.91,56,16.10111111111111,9,1,2011-06-16 15:49:00,2011-11-29 13:22:00,165,5.5,26.35,28.0
16854.0,417,2,1408.96,997,18.786133333333336,72,1,2010-03-09 14:32:00,2010-10-18 16:31:00,223,7.4,190.4,498.5
16855.0,24,2,328.40000000000003,164,17.284210526315793,19,1,2011-10-27 16:31:00,2011-11-16 12:03:00,19,0.6,547.33,82.0
16856.0,15,3,358.49,171,18.867894736842107,16,1,2010-09-23 13:11:00,2011-11-25 08:59:00,427,14.2,25.25,57.0
16857.0,443,1,352.8,168,32.07272727272727,11,1,2010-09-23 10:49:00,2010-09-23 10:49:00,0,1.0,352.8,168.0
16858.0,369,10,4292.59,1423,34.068174603174604,75,1,2009-12-15 11:09:00,2010-12-06 09:52:00,355,11.8,363.78,142.3
16859.0,145,7,1932.41,1899,17.567363636363638,87,1,2010-03-04 12:37:00,2011-07-18 12:19:00,500,16.7,115.71,271.29
16860.0,453,3,1610.62,625,37.45627906976744,35,1,2010-02-15 13:46:00,2010-09-13 10:05:00,209,7.0,230.09,208.33
16861.0,60,5,946.59,616,19.318163265306122,39,1,2010-07-19 11:44:00,2011-10-11 09:05:00,448,14.9,63.53,123.2
16862.0,547,4,662.33,513,18.923714285714286,34,1,2010-01-07 12:57:00,2010-06-10 13:05:00,154,5.1,129.87,128.25
16863.0,31,3,834.27,640,17.750425531914892,43,1,2010-10-26 10:03:00,2011-11-08 15:26:00,378,12.6,66.21,213.33
16864.0,434,2,409.25,283,24.073529411764707,17,1,2010-04-20 11:56:00,2010-10-01 16:16:00,164,5.5,74.41,141.5
16865.0,402,1,130.95,157,8.184375,15,1,2010-11-03 11:34:00,2010-11-03 11:34:00,0,1.0,130.95,157.0
16866.0,141,3,207.74,60,18.885454545454547,10,1,2011-07-01 12:34:00,2011-07-22 10:06:00,20,0.7,296.77,20.0
16867.0,690,1,76.74000000000001,58,12.790000000000001,6,1,2010-01-19 09:11:00,2010-01-19 09:11:00,0,1.0,76.74,58.0
16868.0,394,3,384.56,112,7.6912,47,1,2010-04-25 11:31:00,2010-11-10 13:17:00,199,6.6,58.27,37.33
16869.0,23,4,817.12,583,6.434015748031496,113,1,2011-06-17 13:01:00,2011-11-17 12:02:00,152,5.1,160.22,145.75
16870.0,469,1,450.16,278,16.077142857142857,28,1,2010-08-27 13:53:00,2010-08-27 13:53:00,0,1.0,450.16,278.0
16871.0,22,6,2812.34,1253,20.528029197080293,131,1,2011-03-14 10:31:00,2011-11-17 19:27:00,248,8.3,338.84,208.83
16872.0,77,6,1213.13,1079,67.39611111111111,12,1,2010-09-02 17:36:00,2011-09-23 16:05:00,385,12.8,94.78,179.83
16873.0,5,12,14617.39,8601,28.54958984375,252,1,2010-02-09 14:17:00,2011-12-05 12:05:00,663,22.1,661.42,716.75
16874.0,379,1,209.89000000000001,78,6.770645161290323,31,1,2010-11-25 13:08:00,2010-11-25 13:08:00,0,1.0,209.89,78.0
16875.0,67,11,4234.53,2099,18.410999999999998,161,1,2010-01-05 09:16:00,2011-10-03 13:39:00,636,21.2,199.74,190.82
16876.0,404,1,136.01,181,4.2503125,32,1,2010-11-01 11:59:00,2010-11-01 11:59:00,0,1.0,136.01,181.0
16877.0,12,6,846.62,458,5.427051282051282,111,1,2011-05-15 16:13:00,2011-11-27 13:47:00,195,6.5,130.25,76.33
16878.0,84,1,13.3,12,4.433333333333334,3,1,2011-09-16 17:39:00,2011-09-16 17:39:00,0,1.0,13.3,12.0
16880.0,31,8,1813.21,904,9.908251366120219,130,1,2010-08-03 13:54:00,2011-11-09 11:33:00,462,15.4,117.74,113.0
16881.0,67,1,432.0,600,432.0,1,1,2011-10-04 10:33:00,2011-10-04 10:33:00,0,1.0,432.0,600.0
16882.0,67,3,705.12,424,18.080000000000002,39,1,2011-01-26 17:43:00,2011-10-04 10:42:00,250,8.3,84.95,141.33
16883.0,187,19,2246.06,1016,8.412209737827714,159,1,2009-12-04 12:07:00,2011-06-05 12:51:00,548,18.3,122.74,53.47
16884.0,38,4,1070.97,520,14.472567567567568,64,1,2010-05-18 12:00:00,2011-11-02 11:52:00,532,17.7,60.51,130.0
16885.0,15,4,684.6,358,5.033823529411765,121,1,2010-11-19 12:51:00,2011-11-24 13:40:00,370,12.3,55.66,89.5
16886.0,456,1,134.0,48,16.75,8,1,2010-09-09 15:08:00,2010-09-09 15:08:00,0,1.0,134.0,48.0
16887.0,35,3,658.17,423,6.516534653465346,94,1,2009-12-01 13:41:00,2011-11-04 14:07:00,703,23.4,28.13,141.0
16888.0,401,3,434.2,145,8.35,44,1,2010-01-07 13:07:00,2010-11-04 12:39:00,300,10.0,43.42,48.33
16889.0,195,6,2526.65,1611,11.643548387096775,163,1,2010-05-23 10:46:00,2011-05-29 11:05:00,371,12.4,203.76,268.5
16890.0,477,3,285.41,243,15.021578947368422,17,1,2010-05-06 16:27:00,2010-08-20 11:23:00,105,3.5,81.55,81.0
16891.0,2,11,1727.94,652,4.133827751196172,335,1,2009-12-04 12:37:00,2011-12-08 11:15:00,733,24.4,70.82,59.27
16892.0,1,7,754.75,367,5.509124087591241,119,1,2009-12-08 14:20:00,2011-12-08 13:18:00,729,24.3,31.06,52.43
16893.0,367,2,249.89000000000001,117,2.8722988505747127,80,1,2010-11-28 15:14:00,2010-12-08 12:06:00,9,0.3,832.97,58.5
16894.0,502,3,1306.96,503,6.989090909090909,186,1,2010-06-22 14:21:00,2010-07-25 15:43:00,33,1.1,1188.15,167.67
16895.0,65,5,1102.9,421,6.766257668711657,135,1,2010-02-12 11:07:00,2011-10-06 12:15:00,601,20.0,55.14,84.2
16896.0,555,1,103.95,18,5.775,18,1,2010-06-02 15:40:00,2010-06-02 15:40:00,0,1.0,103.95,18.0
16897.0,299,2,289.78,73,7.831891891891891,37,1,2011-01-30 11:52:00,2011-02-13 15:02:00,14,0.5,579.56,36.5
16898.0,26,5,885.21,695,3.526733067729084,223,1,2010-05-12 12:18:00,2011-11-13 15:44:00,550,18.3,48.37,139.0
16899.0,8,8,1695.77,811,9.8021387283237,101,1,2010-11-07 15:00:00,2011-12-02 12:03:00,389,13.0,130.44,101.38
16900.0,17,3,887.11,833,11.229240506329115,78,1,2011-10-07 13:17:00,2011-11-23 10:32:00,46,1.5,591.41,277.67
16901.0,729,1,204.26,42,8.880869565217392,23,1,2009-12-10 16:30:00,2009-12-10 16:30:00,0,1.0,204.26,42.0
16902.0,116,1,1706.88,629,38.79272727272728,43,1,2011-08-15 14:17:00,2011-08-15 14:17:00,0,1.0,1706.88,629.0
16903.0,29,3,1041.75,717,5.7239010989010985,148,1,2010-10-20 14:42:00,2011-11-10 15:32:00,386,12.9,80.76,239.0
16904.0,4,21,4675.36,2607,5.212218506131549,484,1,2010-10-24 16:03:00,2011-12-05 13:10:00,406,13.5,346.32,124.14
16905.0,5,17,4706.77,1913,14.70865625,171,1,2009-12-10 20:04:00,2011-12-04 14:01:00,723,24.1,195.3,112.53
16906.0,82,7,1410.92,590,6.624037558685447,180,1,2010-05-13 13:23:00,2011-09-19 11:49:00,493,16.4,86.03,84.29
16907.0,29,9,1470.89,451,7.037751196172249,109,1,2010-07-01 17:30:00,2011-11-10 18:04:00,497,16.6,88.61,50.11
16908.0,722,1,252.59,61,12.6295,20,1,2009-12-17 13:35:00,2009-12-17 13:35:00,0,1.0,252.59,61.0
16909.0,72,1,379.14,436,21.063333333333333,18,1,2011-09-28 16:45:00,2011-09-28 16:45:00,0,1.0,379.14,436.0
16910.0,4,8,1508.96,884,2.7687339449541284,318,1,2011-09-09 14:14:00,2011-12-05 12:51:00,86,2.9,520.33,110.5
16911.0,636,2,255.25,161,7.292857142857143,30,1,2010-02-16 16:12:00,2010-03-14 12:18:00,25,0.8,319.06,80.5
16912.0,29,15,4460.51,1689,25.933197674418604,130,1,2009-12-09 12:32:00,2011-11-11 12:18:00,701,23.4,190.62,112.6
16913.0,290,3,423.91,229,23.550555555555558,18,1,2010-02-26 12:06:00,2011-02-22 12:56:00,361,12.0,35.33,76.33
16914.0,36,1,183.76,112,6.125333333333333,25,1,2011-11-03 15:27:00,2011-11-03 15:27:00,0,1.0,183.76,112.0
16915.0,9,11,1543.18,190,20.853783783783786,54,1,2010-05-19 13:32:00,2011-11-30 16:39:00,560,18.7,82.52,17.27
16916.0,24,4,902.02,649,4.40009756097561,180,1,2010-10-20 12:56:00,2011-11-16 12:08:00,391,13.0,69.39,162.25
16917.0,277,2,1851.88,792,37.037600000000005,45,1,2010-03-17 15:24:00,2011-03-08 11:55:00,355,11.8,156.94,396.0
16918.0,50,16,3206.54,2066,7.062863436123348,280,1,2009-12-03 12:27:00,2011-10-21 12:50:00,687,22.9,140.02,129.12
16919.0,156,24,4909.66,2333,7.996188925081433,230,1,2010-08-19 15:28:00,2011-07-06 13:35:00,320,10.7,458.85,97.21
16920.0,411,1,355.45,81,15.454347826086956,23,1,2010-10-24 14:07:00,2010-10-24 14:07:00,0,1.0,355.45,81.0
16921.0,61,3,409.21,275,4.650113636363636,78,1,2010-04-18 15:34:00,2011-10-09 16:22:00,539,18.0,22.73,91.67
16922.0,573,1,611.08,281,5.008852459016394,122,1,2010-05-16 11:24:00,2010-05-16 11:24:00,0,1.0,611.08,281.0
16923.0,12,32,13157.130000000001,6190,12.148781163434904,431,1,2010-01-31 11:14:00,2011-11-27 13:00:00,665,22.2,592.66,193.44
16924.0,21,3,829.89,467,10.245555555555555,69,1,2011-09-16 12:54:00,2011-11-18 12:53:00,62,2.1,395.19,155.67
16925.0,540,1,125.65,123,6.980555555555556,18,1,2010-06-17 15:03:00,2010-06-17 15:03:00,0,1.0,125.65,123.0
16926.0,371,5,1169.6100000000001,197,12.183437500000002,63,1,2010-07-01 12:57:00,2010-12-03 13:42:00,155,5.2,224.92,39.4
16927.0,116,3,543.05,993,90.50833333333333,5,1,2010-12-13 11:57:00,2011-08-16 11:10:00,245,8.2,66.23,331.0
16928.0,80,29,3897.5299999999997,2587,12.21796238244514,135,1,2010-02-03 12:30:00,2011-09-20 15:10:00,594,19.8,196.84,89.21
16929.0,4,7,1295.39,929,16.823246753246753,51,1,2011-07-07 12:39:00,2011-12-06 08:37:00,151,5.0,259.08,132.71
16930.0,26,3,378.89,339,7.148867924528302,47,1,2011-10-02 14:25:00,2011-11-13 16:13:00,42,1.4,270.64,113.0
16931.0,5,23,5032.22,3357,5.30824894514768,466,1,2010-11-07 13:24:00,2011-12-04 13:15:00,391,13.0,387.09,145.96
16932.0,53,3,412.55,217,3.1018796992481206,116,1,2010-05-17 14:15:00,2011-10-17 14:12:00,517,17.2,23.99,72.33
16933.0,1,9,3099.3,1533,10.990425531914894,213,1,2009-12-09 15:03:00,2011-12-08 12:54:00,728,24.3,127.54,170.33
16934.0,55,6,2083.14,936,14.774042553191489,128,1,2010-03-28 12:43:00,2011-10-16 12:40:00,566,18.9,110.22,156.0
16935.0,382,3,530.86,273,7.693623188405797,55,1,2010-10-14 13:09:00,2010-11-23 09:16:00,39,1.3,408.35,91.0
16936.0,26,2,548.29,339,3.944532374100719,122,1,2010-11-19 11:54:00,2011-11-14 11:04:00,359,12.0,45.69,169.5
16937.0,499,1,196.25,123,4.005102040816326,49,1,2010-07-28 17:56:00,2010-07-28 17:56:00,0,1.0,196.25,123.0
16938.0,9,9,6995.360000000001,5041,8.489514563106797,547,1,2010-02-17 14:47:00,2011-12-01 10:20:00,651,21.7,322.37,560.11
16939.0,489,3,433.84999999999997,229,10.58170731707317,38,1,2010-02-28 13:33:00,2010-08-08 12:24:00,160,5.3,81.86,76.33
16940.0,52,8,6427.66,4503,10.218855325914149,360,1,2009-12-08 13:08:00,2011-10-18 13:15:00,679,22.6,284.41,562.88
16941.0,612,1,33.0,12,16.5,2,1,2010-04-07 11:13:00,2010-04-07 11:13:00,0,1.0,33.0,12.0
16942.0,13,9,1904.99,805,6.877220216606498,159,1,2011-04-26 11:59:00,2011-11-27 12:40:00,215,7.2,264.58,89.44
16943.0,212,5,1299.49,147,37.12828571428572,24,1,2010-03-25 13:34:00,2011-05-12 11:57:00,412,13.7,94.85,29.4
16944.0,610,1,101.36,27,14.48,7,1,2010-04-09 11:03:00,2010-04-09 11:03:00,0,1.0,101.36,27.0
16945.0,22,33,8548.16,5889,18.03409282700422,231,1,2009-12-09 11:33:00,2011-11-18 11:39:00,709,23.6,362.21,178.45
16946.0,383,5,1222.04,509,16.293866666666666,69,1,2010-03-02 10:49:00,2010-11-21 14:06:00,264,8.8,138.87,101.8
16947.0,236,5,955.21,655,18.022830188679247,50,1,2010-03-03 10:54:00,2011-04-18 09:38:00,410,13.7,69.72,131.0
16948.0,139,7,868.77,2091,20.203953488372093,20,1,2010-02-21 13:48:00,2011-07-24 12:46:00,517,17.2,50.51,298.71
16949.0,4,6,1286.27,791,21.437833333333334,57,1,2011-01-27 12:11:00,2011-12-06 11:07:00,312,10.4,123.68,131.83
16950.0,57,10,3541.77,2432,24.595625,111,1,2010-01-24 11:26:00,2011-10-14 09:06:00,627,20.9,169.46,243.2
16951.0,135,3,1277.75,1318,14.857558139534884,73,1,2011-02-08 14:58:00,2011-07-28 12:05:00,169,5.6,228.17,439.33
16952.0,109,5,795.83,343,9.147471264367816,76,1,2009-12-11 13:52:00,2011-08-22 13:03:00,618,20.6,38.63,68.6
16953.0,30,1,20.8,10,20.8,1,1,2011-11-09 15:54:00,2011-11-09 15:54:00,0,1.0,20.8,10.0
16954.0,1,20,6081.88,4086,29.52368932038835,83,1,2010-01-18 14:49:00,2011-12-09 09:46:00,689,23.0,264.43,204.3
16955.0,185,6,1120.31,723,22.4062,33,1,2010-01-31 11:38:00,2011-06-08 10:36:00,492,16.4,68.31,120.5
16956.0,18,1,308.74,114,19.29625,16,1,2011-11-22 08:56:00,2011-11-22 08:56:00,0,1.0,308.74,114.0
16957.0,239,2,416.64,172,26.04,15,1,2011-03-03 09:25:00,2011-04-14 13:56:00,42,1.4,297.6,86.0
16958.0,435,1,778.49,514,11.121285714285714,69,1,2010-09-30 14:25:00,2010-09-30 14:25:00,0,1.0,778.49,514.0
16959.0,87,1,117.35000000000001,49,16.764285714285716,7,1,2011-09-13 15:03:00,2011-09-13 15:03:00,0,1.0,117.35,49.0
16960.0,39,8,1990.88,1492,4.434031180400891,334,1,2010-03-02 13:36:00,2011-11-01 11:35:00,608,20.3,98.07,186.5
16961.0,116,3,794.56,482,15.28,52,1,2010-06-25 14:36:00,2011-08-15 13:46:00,415,13.8,57.58,160.67
16962.0,410,1,251.04,158,16.736,15,1,2010-10-26 11:36:00,2010-10-26 11:36:00,0,1.0,251.04,158.0
16963.0,187,1,110.55000000000001,35,15.792857142857144,7,1,2011-06-05 13:48:00,2011-06-05 13:48:00,0,1.0,110.55,35.0
16964.0,733,2,207.85,49,34.641666666666666,6,1,2009-12-06 12:51:00,2009-12-06 12:53:00,0,1.0,207.85,24.5
16965.0,227,1,201.19,291,7.738076923076923,26,1,2011-04-27 12:08:00,2011-04-27 12:08:00,0,1.0,201.19,291.0
16966.0,8,7,2154.97,1981,76.96321428571427,8,1,2011-04-13 14:17:00,2011-12-01 13:40:00,231,7.7,279.87,283.0
16967.0,189,1,319.02,333,15.19142857142857,21,1,2011-06-03 14:24:00,2011-06-03 14:24:00,0,1.0,319.02,333.0
16968.0,4,2,439.43,326,14.175161290322581,31,1,2011-08-24 10:51:00,2011-12-05 15:02:00,103,3.4,129.24,163.0
16969.0,39,3,650.41,816,15.48595238095238,42,1,2011-06-01 12:10:00,2011-10-31 13:12:00,152,5.1,127.53,272.0
16970.0,626,1,71.4,12,35.7,2,1,2010-03-23 13:50:00,2010-03-23 13:50:00,0,1.0,71.4,12.0
16971.0,38,1,357.21,72,8.712439024390243,40,1,2011-11-01 15:06:00,2011-11-01 15:06:00,0,1.0,357.21,72.0
16972.0,383,2,749.0,183,9.134146341463415,54,1,2010-09-09 11:20:00,2010-11-22 10:59:00,73,2.4,312.08,91.5
16973.0,386,1,127.0,60,21.166666666666668,6,1,2010-11-18 13:56:00,2010-11-18 13:56:00,0,1.0,127.0,60.0
16974.0,523,2,365.5,70,45.6875,5,1,2010-05-24 10:43:00,2010-07-05 10:18:00,41,1.4,261.07,35.0
16975.0,423,3,926.12,586,20.580444444444446,44,1,2010-07-22 11:38:00,2010-10-12 17:53:00,82,2.7,343.01,195.33
16976.0,267,1,251.51999999999998,88,125.75999999999999,2,1,2011-03-17 16:33:00,2011-03-17 16:33:00,0,1.0,251.52,88.0
16977.0,395,4,496.0,142,17.714285714285715,25,1,2010-03-18 11:06:00,2010-11-09 13:17:00,236,7.9,62.78,35.5
16978.0,78,3,768.88,285,11.475820895522387,65,1,2010-02-11 16:27:00,2011-09-23 12:50:00,588,19.6,39.23,95.0
16979.0,4,9,2859.74,1451,22.168527131782945,82,1,2010-09-15 14:30:00,2011-12-06 12:21:00,446,14.9,191.93,161.22
16980.0,255,3,1422.83,990,13.422924528301886,91,1,2010-10-07 14:05:00,2011-03-29 16:36:00,173,5.8,245.32,330.0
16982.0,61,1,384.06,182,17.457272727272727,22,1,2011-10-10 12:28:00,2011-10-10 12:28:00,0,1.0,384.06,182.0
16983.0,13,11,3490.53,2315,15.110519480519482,151,1,2010-09-19 12:38:00,2011-11-27 12:10:00,433,14.4,242.4,210.45
16984.0,88,9,10350.53,5127,9.655345149253732,669,1,2010-03-07 15:34:00,2011-09-12 13:43:00,553,18.4,562.53,569.67
16985.0,17,23,10923.16,3103,44.95127572016461,130,1,2009-12-10 13:34:00,2011-11-22 13:33:00,711,23.7,460.89,134.91
16986.0,30,11,4888.75,2539,28.096264367816094,65,1,2010-02-04 14:46:00,2011-11-10 11:55:00,643,21.4,228.45,230.82
16987.0,3,11,2521.4,671,9.660536398467434,155,1,2009-12-02 14:34:00,2011-12-06 17:26:00,734,24.5,102.91,61.0
16988.0,5,2,382.67,158,19.1335,20,1,2010-11-25 09:22:00,2011-12-04 16:02:00,374,12.5,30.61,79.0
16989.0,7,6,1133.25,1233,94.4375,7,1,2011-07-12 09:11:00,2011-12-02 16:39:00,143,4.8,236.09,205.5
16990.0,219,2,344.0,200,172.0,1,1,2010-10-13 11:42:00,2011-05-05 08:30:00,203,6.8,50.59,100.0
16991.0,421,1,1041.21,793,14.070405405405406,74,1,2010-10-14 14:08:00,2010-10-14 14:08:00,0,1.0,1041.21,793.0
16992.0,11,13,5476.5,2061,19.21578947368421,212,1,2010-02-11 12:36:00,2011-11-29 11:50:00,655,21.8,251.22,158.54
16993.0,464,2,1950.95,285,69.67678571428571,19,1,2010-05-12 13:55:00,2010-09-02 12:16:00,112,3.7,527.28,142.5
16996.0,30,9,2123.61,919,28.3148,32,1,2010-10-18 12:24:00,2011-11-09 16:43:00,387,12.9,164.62,102.11
16997.0,288,3,702.0,360,58.5,7,1,2011-01-18 11:51:00,2011-02-24 17:28:00,37,1.2,585.0,120.0
16998.0,150,5,402.0,104,67.0,2,1,2010-09-21 14:39:00,2011-07-13 09:44:00,294,9.8,41.02,20.8
16999.0,23,2,484.82,294,21.07913043478261,21,1,2011-09-26 15:43:00,2011-11-16 13:53:00,50,1.7,285.19,147.0
17000.0,396,2,406.3,305,13.543333333333333,26,1,2010-10-27 14:16:00,2010-11-08 13:35:00,11,0.4,1015.75,152.5
17001.0,1,19,6640.8,3782,24.148363636363637,108,1,2010-03-25 12:41:00,2011-12-09 09:38:00,623,20.8,319.27,199.05
17002.0,86,7,2571.55,1265,30.613690476190477,64,1,2010-03-08 15:46:00,2011-09-15 12:40:00,555,18.5,139.0,180.71
17003.0,402,4,828.21,494,7.461351351351352,90,1,2010-05-10 11:20:00,2010-11-02 13:15:00,176,5.9,140.37,123.5
17004.0,46,4,2324.36,1233,33.68637681159421,48,1,2010-10-11 15:43:00,2011-10-24 14:25:00,377,12.6,184.47,308.25
17005.0,471,2,622.36,691,34.57555555555555,14,1,2010-04-30 10:55:00,2010-08-26 10:57:00,118,3.9,159.58,345.5
17006.0,5,8,1635.27,572,12.676511627906976,103,1,2010-03-05 13:33:00,2011-12-05 12:09:00,639,21.3,76.77,71.5
17007.0,51,7,1120.1000000000001,717,16.717910447761195,63,1,2010-09-28 13:51:00,2011-10-20 10:47:00,386,12.9,86.83,102.43
17008.0,429,1,81.36,24,81.36,1,1,2010-10-06 15:19:00,2010-10-06 15:19:00,0,1.0,81.36,24.0
17009.0,551,1,242.06,336,22.005454545454544,10,1,2010-06-06 16:01:00,2010-06-06 16:01:00,0,1.0,242.06,336.0
17010.0,18,1,195.36,118,17.76,11,1,2011-11-21 14:49:00,2011-11-21 14:49:00,0,1.0,195.36,118.0
17011.0,30,3,671.7,792,23.989285714285717,27,1,2010-02-26 09:47:00,2011-11-09 13:30:00,621,20.7,32.45,264.0
17012.0,725,1,360.61,251,10.016944444444444,34,1,2009-12-14 17:34:00,2009-12-14 17:34:00,0,1.0,360.61,251.0
17014.0,8,3,583.4300000000001,243,8.103194444444446,63,1,2011-10-04 11:36:00,2011-12-01 14:09:00,58,1.9,307.07,81.0
17015.0,29,3,1838.61,1978,8.59163551401869,182,1,2011-06-07 13:19:00,2011-11-11 10:45:00,156,5.2,353.58,659.33
17016.0,577,1,552.4,309,13.473170731707317,41,1,2010-05-12 12:32:00,2010-05-12 12:32:00,0,1.0,552.4,309.0
17017.0,3,29,12576.99,9397,33.272460317460315,120,1,2009-12-03 13:22:00,2011-12-07 09:32:00,733,24.4,515.45,324.03
17018.0,41,6,2287.7,456,61.82972972972973,26,1,2009-12-05 10:27:00,2011-10-30 11:42:00,694,23.1,99.03,76.0
17019.0,11,11,3602.29,2396,5.602317262830482,344,1,2009-12-02 11:52:00,2011-11-28 13:06:00,726,24.2,148.85,217.82
17020.0,542,2,935.62,860,13.559710144927536,64,1,2010-03-03 12:27:00,2010-06-15 13:06:00,104,3.5,267.32,430.0
17021.0,442,6,1182.22,992,24.629583333333333,35,1,2010-04-29 20:05:00,2010-09-23 20:01:00,146,4.9,241.27,165.33
17022.0,31,2,260.0,180,16.25,16,1,2010-10-03 10:27:00,2011-11-08 17:09:00,401,13.4,19.4,90.0
17023.0,417,3,800.1800000000001,530,16.330204081632655,48,1,2010-01-11 15:09:00,2010-10-18 15:37:00,280,9.3,86.04,176.67
17024.0,45,3,95.85,69,31.95,2,1,2011-07-05 09:31:00,2011-10-25 13:47:00,112,3.7,25.91,23.0
17025.0,61,5,1349.67,885,36.47756756756757,31,1,2010-03-08 13:37:00,2011-10-10 09:06:00,580,19.3,69.93,177.0
17026.0,185,3,175.83,107,35.166000000000004,4,1,2010-10-18 15:22:00,2011-06-07 14:28:00,231,7.7,22.84,35.67
17027.0,79,9,1310.63,645,7.3630898876404505,126,1,2009-12-10 12:10:00,2011-09-22 12:24:00,651,21.7,60.4,71.67
17028.0,581,3,1593.83,856,16.777157894736842,85,1,2009-12-18 14:28:00,2010-05-07 15:33:00,140,4.7,339.11,285.33
17029.0,111,7,2137.3,1265,73.7,19,1,2010-02-14 10:19:00,2011-08-21 11:06:00,553,18.4,116.16,180.71
17030.0,64,1,146.87,146,13.351818181818182,11,1,2011-10-07 08:49:00,2011-10-07 08:49:00,0,1.0,146.87,146.0
17031.0,12,6,2773.85,1595,55.477,34,1,2010-05-07 14:52:00,2011-11-28 10:23:00,569,19.0,145.99,265.83
17032.0,548,8,2984.32,1667,12.592067510548524,183,1,2009-12-10 15:36:00,2010-06-10 12:16:00,181,6.0,497.39,208.38
17033.0,86,4,1332.79,871,33.31975,33,1,2010-11-07 12:55:00,2011-09-14 14:34:00,311,10.4,128.15,217.75
17034.0,16,5,1276.42,694,22.007241379310347,49,1,2010-07-14 12:55:00,2011-11-23 15:14:00,497,16.6,76.89,138.8
17035.0,246,4,613.59,327,18.593636363636364,29,1,2009-12-03 10:37:00,2011-04-08 11:23:00,491,16.4,37.41,81.75
17036.0,383,1,176.9,76,14.741666666666667,12,1,2010-11-21 14:26:00,2010-11-21 14:26:00,0,1.0,176.9,76.0
17037.0,88,1,1267.32,656,16.8976,75,1,2011-09-13 12:49:00,2011-09-13 12:49:00,0,1.0,1267.32,656.0
17038.0,30,2,743.17,535,11.796349206349205,61,1,2010-10-20 16:04:00,2011-11-09 13:50:00,384,12.8,58.06,267.5
17039.0,604,1,1954.99,689,44.43159090909091,44,1,2010-04-14 12:56:00,2010-04-14 12:56:00,0,1.0,1954.99,689.0
17040.0,138,2,463.25,189,28.953125,15,1,2010-06-07 15:08:00,2011-07-25 10:19:00,412,13.7,33.81,94.5
17041.0,27,6,1655.2,1303,13.136507936507936,93,1,2010-04-18 14:25:00,2011-11-13 11:21:00,573,19.1,86.66,217.17
17042.0,3,5,1036.58,990,10.686391752577318,74,1,2011-04-06 14:53:00,2011-12-07 12:26:00,244,8.1,127.97,198.0
17043.0,32,8,2593.65,1616,13.033417085427136,175,1,2009-12-09 15:20:00,2011-11-07 15:33:00,698,23.3,111.32,202.0
17044.0,25,12,11962.300000000001,5722,80.28389261744967,92,1,2009-12-07 12:25:00,2011-11-14 14:28:00,707,23.6,506.88,476.83
17045.0,113,5,827.6800000000001,294,15.616603773584908,44,1,2010-10-06 14:52:00,2011-08-18 17:09:00,316,10.5,78.83,58.8
17046.0,157,5,1906.07,1636,22.42435294117647,76,1,2010-03-29 13:46:00,2011-07-05 14:24:00,463,15.4,123.77,327.2
17047.0,85,6,2289.23,1184,16.121338028169014,114,1,2009-12-08 08:48:00,2011-09-15 13:27:00,646,21.5,106.48,197.33
17048.0,118,7,2071.68,1068,20.51168316831683,88,1,2010-01-18 13:55:00,2011-08-14 11:49:00,572,19.1,108.46,152.57
17049.0,3,19,9942.53,4273,17.8181541218638,316,1,2010-03-04 10:23:00,2011-12-07 10:48:00,643,21.4,464.6,224.89
17050.0,96,11,4648.59,2432,13.31974212034384,193,1,2010-01-26 14:54:00,2011-09-04 13:48:00,585,19.5,238.39,221.09
17051.0,194,4,706.49,507,4.558,107,1,2010-03-21 14:55:00,2011-05-29 14:13:00,433,14.4,49.06,126.75
17052.0,28,1,399.09,251,4.808313253012048,72,1,2011-11-11 14:50:00,2011-11-11 14:50:00,0,1.0,399.09,251.0
17053.0,131,1,498.48,122,38.34461538461539,13,1,2011-08-01 10:23:00,2011-08-01 10:23:00,0,1.0,498.48,122.0
17054.0,28,5,1356.33,804,16.34132530120482,64,1,2011-04-08 13:14:00,2011-11-11 12:56:00,216,7.2,188.38,160.8
17055.0,446,1,232.85000000000002,83,8.955769230769231,24,1,2010-09-20 12:21:00,2010-09-20 12:21:00,0,1.0,232.85,83.0
17056.0,738,1,128.60000000000002,26,16.075000000000003,8,1,2009-12-01 12:55:00,2009-12-01 12:55:00,0,1.0,128.6,26.0
17057.0,596,1,294.74,129,5.8948,48,1,2010-04-22 19:21:00,2010-04-22 19:21:00,0,1.0,294.74,129.0
17058.0,82,3,1179.89,592,19.030483870967743,51,1,2011-04-14 09:18:00,2011-09-19 10:13:00,158,5.3,222.62,197.33
17059.0,30,9,4864.57,3107,6.7469764216366155,349,1,2010-01-26 14:43:00,2011-11-10 12:27:00,652,21.7,224.17,345.22
17060.0,266,1,234.24,216,46.848,5,1,2011-03-18 13:27:00,2011-03-18 13:27:00,0,1.0,234.24,216.0
17061.0,74,11,5232.2300000000005,1526,52.850808080808086,57,1,2011-04-21 13:29:00,2011-09-27 11:24:00,158,5.3,987.21,138.73
17062.0,314,6,889.75,644,7.353305785123967,82,1,2010-09-26 11:57:00,2011-01-30 11:01:00,125,4.2,211.85,107.33
17063.0,21,13,3638.53,1899,17.748926829268292,150,1,2009-12-01 12:36:00,2011-11-18 16:19:00,717,23.9,152.24,146.08
17064.0,59,3,855.45,316,14.02377049180328,53,1,2011-01-16 16:10:00,2011-10-12 10:18:00,268,8.9,96.12,105.33
17065.0,638,2,194.7,82,16.224999999999998,6,1,2010-03-12 11:40:00,2010-03-12 11:41:00,0,1.0,194.7,41.0
17066.0,726,1,228.34,93,12.685555555555556,17,1,2009-12-13 13:24:00,2009-12-13 13:24:00,0,1.0,228.34,93.0
17067.0,725,3,454.54,322,34.964615384615385,8,1,2009-12-08 12:03:00,2009-12-15 08:39:00,6,0.2,2272.7,107.33
17068.0,12,47,8987.68,4351,9.023775100401608,250,1,2010-03-28 14:26:00,2011-11-27 13:14:00,608,20.3,442.74,92.57
17069.0,28,14,5517.2300000000005,3230,19.4268661971831,202,1,2009-12-03 12:27:00,2011-11-11 17:13:00,708,23.6,233.78,230.71
17070.0,114,2,437.42,232,4.2467961165048544,102,1,2010-10-25 15:57:00,2011-08-17 17:01:00,296,9.9,44.18,116.0
17071.0,28,13,3793.71,1934,17.9796682464455,141,1,2010-01-24 13:05:00,2011-11-11 16:31:00,656,21.9,173.23,148.77
17072.0,625,1,273.35,212,13.016666666666667,20,1,2010-03-24 16:33:00,2010-03-24 16:33:00,0,1.0,273.35,212.0
17073.0,18,4,1446.09,759,8.310862068965516,142,1,2011-08-22 14:37:00,2011-11-22 11:47:00,91,3.0,482.03,189.75
17074.0,563,1,203.05,19,50.7625,4,1,2010-05-26 12:04:00,2010-05-26 12:04:00,0,1.0,203.05,19.0
17075.0,18,10,2236.63,785,11.239346733668341,153,1,2009-12-14 11:24:00,2011-11-22 11:58:00,708,23.6,94.77,78.5
17076.0,36,6,1242.75,514,24.855,31,1,2009-12-04 12:12:00,2011-11-03 17:53:00,699,23.3,53.34,85.67
17077.0,578,1,306.0,36,306.0,1,1,2010-05-10 16:36:00,2010-05-10 16:36:00,0,1.0,306.0,36.0
17078.0,36,2,378.2,788,13.507142857142856,28,1,2011-11-03 18:49:00,2011-11-03 19:17:00,0,1.0,378.2,394.0
17079.0,78,1,118.80000000000001,24,59.400000000000006,2,1,2011-09-22 15:34:00,2011-09-22 15:34:00,0,1.0,118.8,24.0
17080.0,22,7,957.53,569,29.016060606060606,26,1,2010-07-01 16:03:00,2011-11-17 12:59:00,503,16.8,57.0,81.29
17081.0,25,6,949.39,381,4.5864251207729465,166,1,2010-02-22 13:19:00,2011-11-14 12:56:00,629,21.0,45.21,63.5
17082.0,33,6,4732.03,2526,27.835470588235292,117,1,2009-12-15 11:25:00,2011-11-06 15:17:00,691,23.0,205.74,421.0
17083.0,109,9,4049.79,1955,35.2155652173913,30,1,2010-02-09 11:46:00,2011-08-22 15:43:00,559,18.6,217.73,217.22
17084.0,35,3,5001.21,3178,17.797900355871885,263,1,2010-11-08 14:20:00,2011-11-04 14:54:00,361,12.0,416.77,1059.33
17085.0,123,28,7847.67,3583,7.951033434650456,411,1,2009-12-06 12:16:00,2011-08-08 14:15:00,610,20.3,386.58,127.96
17086.0,7,6,2050.08,1859,21.355,76,1,2011-10-07 11:22:00,2011-12-02 13:54:00,56,1.9,1078.99,309.83
17087.0,738,1,221.53,113,18.460833333333333,12,1,2009-12-02 10:41:00,2009-12-02 10:41:00,0,1.0,221.53,113.0
17088.0,28,4,1991.01,868,17.313130434782607,96,1,2011-03-31 09:48:00,2011-11-11 14:23:00,225,7.5,265.47,217.0
17089.0,386,1,128.45,35,32.1125,4,1,2010-11-18 15:33:00,2010-11-18 15:33:00,0,1.0,128.45,35.0
17090.0,4,13,3080.1800000000003,1344,34.224222222222224,54,1,2010-07-19 16:02:00,2011-12-05 13:44:00,503,16.8,183.34,103.38
17091.0,3,19,7495.75,3732,16.474175824175823,242,1,2009-12-16 15:45:00,2011-12-07 10:43:00,720,24.0,312.32,196.42
17092.0,50,11,5511.41,3768,14.059719387755102,273,1,2010-02-02 16:42:00,2011-10-20 19:51:00,625,20.8,264.97,342.55
17093.0,593,1,235.88,114,18.144615384615385,13,1,2010-04-26 10:22:00,2010-04-26 10:22:00,0,1.0,235.88,114.0
17094.0,322,2,402.20000000000005,212,22.34444444444445,18,1,2010-10-12 10:48:00,2011-01-21 13:09:00,101,3.4,118.29,106.0
17095.0,23,7,2572.25,1695,18.775547445255473,110,1,2009-12-15 12:32:00,2011-11-17 12:21:00,701,23.4,109.93,242.14
17096.0,15,11,3697.9300000000003,1559,18.03868292682927,162,1,2010-06-02 14:48:00,2011-11-24 15:01:00,540,18.0,205.44,141.73
17097.0,2,9,1143.36,582,4.282247191011235,182,1,2010-10-05 14:09:00,2011-12-07 17:05:00,428,14.3,79.96,64.67
17098.0,382,3,591.07,125,32.83722222222222,10,1,2010-06-17 10:30:00,2010-11-23 12:13:00,159,5.3,111.52,41.67
17099.0,533,1,582.17,317,14.55425,40,1,2010-06-24 16:25:00,2010-06-24 16:25:00,0,1.0,582.17,317.0
17100.0,18,2,971.74,800,14.949846153846154,65,1,2011-11-21 16:36:00,2011-11-21 16:36:00,0,1.0,971.74,400.0
17101.0,10,7,2507.05,1175,34.34315068493151,54,1,2010-06-07 15:12:00,2011-11-29 13:57:00,539,18.0,139.28,167.86
17102.0,262,1,25.5,2,25.5,1,1,2011-03-23 10:08:00,2011-03-23 10:08:00,0,1.0,25.5,2.0
17103.0,722,1,424.3,471,13.259375,32,1,2009-12-17 14:08:00,2009-12-17 14:08:00,0,1.0,424.3,471.0
17104.0,424,1,474.03000000000003,149,24.948947368421056,19,1,2010-10-12 12:21:00,2010-10-12 12:21:00,0,1.0,474.03,149.0
17105.0,159,2,665.78,693,7.397555555555555,80,1,2011-02-06 14:46:00,2011-07-03 15:53:00,147,4.9,135.87,346.5
17106.0,389,1,481.58000000000004,153,9.442745098039216,51,1,2010-11-15 14:11:00,2010-11-15 14:11:00,0,1.0,481.58,153.0
17107.0,33,10,16052.72,7530,23.95928358208955,377,1,2010-01-31 15:47:00,2011-11-06 14:14:00,643,21.4,750.13,753.0
17108.0,664,1,174.95,31,19.438888888888886,9,1,2010-02-14 12:22:00,2010-02-14 12:22:00,0,1.0,174.95,31.0
17109.0,29,8,1291.71,788,9.292877697841726,124,1,2010-07-30 12:42:00,2011-11-10 16:59:00,468,15.6,82.8,98.5
17110.0,165,3,499.9,136,10.20204081632653,38,1,2010-04-08 13:32:00,2011-06-27 12:58:00,444,14.8,33.78,45.33
17111.0,47,2,459.58,581,9.574583333333333,44,1,2010-10-10 15:21:00,2011-10-23 15:59:00,378,12.6,36.47,290.5
17112.0,503,1,197.57,130,4.203617021276596,44,1,2010-07-25 11:14:00,2010-07-25 11:14:00,0,1.0,197.57,130.0
17113.0,574,6,2305.59,913,14.592341772151899,122,1,2010-01-11 10:14:00,2010-05-14 13:59:00,123,4.1,562.34,152.17
17114.0,6,8,801.12,215,6.5131707317073175,85,1,2011-01-09 11:39:00,2011-12-04 12:17:00,329,11.0,72.83,26.88
17115.0,8,7,2761.4900000000002,885,23.01241666666667,102,1,2009-12-05 12:13:00,2011-12-01 14:30:00,726,24.2,114.11,126.43
17116.0,648,1,389.78,392,8.293191489361702,47,1,2010-03-01 16:29:00,2010-03-01 16:29:00,0,1.0,389.78,392.0
17117.0,288,1,116.2,68,12.911111111111111,9,1,2011-02-24 13:54:00,2011-02-24 13:54:00,0,1.0,116.2,68.0
17118.0,318,1,157.02,154,15.702000000000002,10,1,2011-01-26 12:19:00,2011-01-26 12:19:00,0,1.0,157.02,154.0
17119.0,3,2,606.91,334,17.340285714285713,35,1,2011-10-11 11:03:00,2011-12-06 14:40:00,56,1.9,319.43,167.0
17120.0,233,1,307.46,120,17.08111111111111,18,1,2011-04-20 15:21:00,2011-04-20 15:21:00,0,1.0,307.46,120.0
17121.0,403,1,314.74,106,26.228333333333335,12,1,2010-11-02 11:47:00,2010-11-02 11:47:00,0,1.0,314.74,106.0
17122.0,119,4,570.5,368,19.016666666666666,23,1,2010-07-28 09:34:00,2011-08-12 14:33:00,380,12.7,44.92,92.0
17123.0,162,3,977.1700000000001,676,22.724883720930233,37,1,2010-05-16 11:52:00,2011-07-01 10:47:00,410,13.7,71.33,225.33
17124.0,185,1,294.24,129,9.491612903225807,31,1,2011-06-07 14:02:00,2011-06-07 14:02:00,0,1.0,294.24,129.0
17125.0,50,1,230.5,281,6.585714285714285,34,1,2011-10-20 14:41:00,2011-10-20 14:41:00,0,1.0,230.5,281.0
17126.0,152,9,2016.43,1426,4.531303370786517,295,1,2010-08-31 13:41:00,2011-07-10 13:52:00,313,10.4,193.89,158.44
17127.0,429,5,1155.0300000000002,340,31.217027027027033,27,1,2009-12-04 15:18:00,2010-10-07 09:54:00,306,10.2,113.24,68.0
17128.0,335,1,157.09,76,11.220714285714285,14,1,2011-01-09 12:02:00,2011-01-09 12:02:00,0,1.0,157.09,76.0
17129.0,520,1,31.85,5,15.925,2,1,2010-07-07 13:46:00,2010-07-07 13:46:00,0,1.0,31.85,5.0
17131.0,5,5,2463.17,983,18.38186567164179,78,1,2011-09-25 12:42:00,2011-12-04 12:52:00,70,2.3,1070.94,196.6
17132.0,452,2,1220.91,963,17.19591549295775,62,1,2010-08-08 13:49:00,2010-09-13 16:31:00,36,1.2,1017.42,481.5
17133.0,16,12,14622.33,10107,261.11303571428573,22,1,2010-03-21 12:31:00,2011-11-24 12:27:00,612,20.4,716.78,842.25
17134.0,107,3,625.3,144,17.369444444444444,31,1,2010-09-23 18:32:00,2011-08-25 09:53:00,335,11.2,55.83,48.0
17135.0,16,10,1722.18,1686,12.043216783216783,98,1,2010-05-09 16:03:00,2011-11-23 16:48:00,563,18.8,91.61,168.6
17136.0,662,1,231.68,256,16.548571428571428,14,1,2010-02-15 13:13:00,2010-02-15 13:13:00,0,1.0,231.68,256.0
17137.0,416,6,1099.81,680,6.585688622754491,125,1,2010-01-31 12:27:00,2010-10-19 14:51:00,261,8.7,126.41,113.33
17138.0,276,7,4417.27,2024,17.2549609375,234,1,2010-02-04 14:19:00,2011-03-09 11:54:00,397,13.2,334.64,289.14
17139.0,16,25,19566.76,9853,24.21628712871287,447,1,2010-01-11 11:31:00,2011-11-24 10:12:00,681,22.7,861.97,394.12
17140.0,247,1,454.12,296,25.22888888888889,16,1,2011-04-06 13:33:00,2011-04-06 13:33:00,0,1.0,454.12,296.0
17141.0,418,4,727.58,423,4.491234567901235,138,1,2010-01-24 14:19:00,2010-10-17 14:54:00,266,8.9,81.75,105.75
17142.0,239,4,1275.25,322,14.32865168539326,78,1,2010-01-24 15:23:00,2011-04-14 18:22:00,445,14.8,86.17,80.5
17143.0,417,2,880.97,314,7.865803571428572,82,1,2010-07-12 13:26:00,2010-10-18 15:27:00,98,3.3,266.96,157.0
17144.0,1,2,984.57,483,20.511875,42,1,2011-09-16 12:50:00,2011-12-08 17:57:00,83,2.8,351.63,241.5
17145.0,513,4,3120.91,2591,17.33838888888889,168,1,2010-02-19 12:07:00,2010-07-15 09:02:00,145,4.8,650.19,647.75
17146.0,106,13,5852.64,2188,19.443986710963458,164,1,2010-02-02 09:39:00,2011-08-26 12:44:00,570,19.0,308.03,168.31
17147.0,23,9,3199.95,1308,23.529044117647057,99,1,2010-01-11 09:38:00,2011-11-17 12:32:00,675,22.5,142.22,145.33
17148.0,52,1,124.88,82,13.875555555555556,9,1,2011-10-19 09:59:00,2011-10-19 09:59:00,0,1.0,124.88,82.0
17149.0,451,1,143.10000000000002,18,23.850000000000005,6,1,2010-09-14 14:56:00,2010-09-14 14:56:00,0,1.0,143.1,18.0
17150.0,377,6,1357.95,397,14.760326086956523,64,1,2009-12-06 10:51:00,2010-11-28 11:27:00,357,11.9,114.11,66.17
17151.0,735,1,231.90000000000003,42,57.97500000000001,4,1,2009-12-04 14:56:00,2009-12-04 14:56:00,0,1.0,231.9,42.0
17152.0,195,4,2016.5,577,126.03125,9,1,2010-10-10 12:40:00,2011-05-29 12:19:00,230,7.7,261.88,144.25
17153.0,24,1,213.78,104,15.27,14,1,2011-11-15 13:42:00,2011-11-15 13:42:00,0,1.0,213.78,104.0
17154.0,75,1,329.34,490,14.319130434782608,23,1,2011-09-25 13:42:00,2011-09-25 13:42:00,0,1.0,329.34,490.0
17155.0,18,7,892.46,987,12.225479452054795,43,1,2009-12-03 11:34:00,2011-11-22 12:38:00,719,24.0,37.19,141.0
17156.0,492,1,591.87,391,15.176153846153847,39,1,2010-08-05 11:30:00,2010-08-05 11:30:00,0,1.0,591.87,391.0
17157.0,8,19,5151.900000000001,2092,36.53829787234043,78,1,2009-12-04 13:00:00,2011-12-02 09:10:00,727,24.2,212.89,110.11
17158.0,32,5,1980.0,1147,17.52212389380531,74,1,2010-03-07 15:50:00,2011-11-07 15:15:00,609,20.3,97.54,229.4
17159.0,22,5,2099.59,1348,16.15069230769231,115,1,2010-03-04 14:53:00,2011-11-18 10:52:00,623,20.8,100.94,269.6
17160.0,31,17,10209.16,8390,15.68227342549923,215,1,2009-12-04 10:57:00,2011-11-08 14:05:00,704,23.5,434.43,493.53
17161.0,444,1,856.01,537,16.46173076923077,52,1,2010-09-21 16:44:00,2010-09-21 16:44:00,0,1.0,856.01,537.0
17162.0,29,10,1715.46,1001,16.494807692307692,81,1,2011-02-07 12:27:00,2011-11-11 11:34:00,276,9.2,186.46,100.1
17163.0,22,4,699.78,531,23.326,27,1,2010-02-02 10:39:00,2011-11-18 08:57:00,653,21.8,32.1,132.75
17164.0,33,7,2467.35,1501,17.134375,92,1,2011-03-11 14:26:00,2011-11-07 09:14:00,240,8.0,308.42,214.43
17165.0,284,6,1794.32,788,17.9432,77,1,2009-12-11 09:18:00,2011-02-28 16:39:00,444,14.8,121.24,131.33
17166.0,39,2,206.34,78,17.195,11,1,2011-05-20 08:18:00,2011-11-01 09:46:00,165,5.5,37.52,39.0
17167.0,380,3,867.11,429,10.97607594936709,64,1,2010-09-20 14:02:00,2010-11-25 10:05:00,65,2.2,394.14,143.0
17168.0,499,1,400.2,220,19.057142857142857,21,1,2010-07-29 12:33:00,2010-07-29 12:33:00,0,1.0,400.2,220.0
17169.0,58,3,1156.73,671,15.423066666666667,64,1,2010-05-10 13:00:00,2011-10-13 10:25:00,520,17.3,66.86,223.67
17170.0,374,2,178.68,152,17.868000000000002,8,1,2010-11-15 16:23:00,2010-11-30 15:55:00,14,0.5,357.36,76.0
17171.0,289,2,384.59000000000003,225,15.383600000000001,25,1,2010-02-16 12:02:00,2011-02-23 16:37:00,372,12.4,31.02,112.5
17172.0,79,3,956.5699999999999,1215,24.527435897435897,39,1,2009-12-13 11:46:00,2011-09-22 09:36:00,647,21.6,44.29,405.0
17173.0,5,8,3766.6,1122,43.79767441860465,36,1,2011-07-31 15:26:00,2011-12-04 14:40:00,125,4.2,896.81,140.25
17174.0,218,1,59.9,41,14.975,4,1,2011-05-06 11:47:00,2011-05-06 11:47:00,0,1.0,59.9,41.0
17175.0,44,4,1443.69,866,22.915714285714287,42,1,2011-02-16 14:56:00,2011-10-26 15:31:00,252,8.4,171.87,216.5
17176.0,202,3,902.3199999999999,576,21.483809523809523,37,1,2010-01-31 15:49:00,2011-05-22 12:41:00,475,15.8,57.11,192.0
17177.0,505,1,119.5,40,4.120689655172414,29,1,2010-07-22 14:53:00,2010-07-22 14:53:00,0,1.0,119.5,40.0
17178.0,731,1,432.96000000000004,100,13.966451612903226,31,1,2009-12-08 16:20:00,2009-12-08 16:20:00,0,1.0,432.96,100.0
17179.0,178,6,1507.26,625,9.539620253164557,75,1,2010-05-26 11:22:00,2011-06-14 16:48:00,384,12.8,117.75,104.17
17180.0,56,11,2236.77,1809,5.591925,189,1,2010-01-21 17:43:00,2011-10-14 15:46:00,630,21.0,106.51,164.45
17181.0,57,3,309.85,268,11.06607142857143,28,1,2010-04-23 11:21:00,2011-10-13 14:48:00,538,17.9,17.31,89.33
17182.0,423,2,321.3,54,53.550000000000004,4,1,2009-12-21 15:22:00,2010-10-13 10:09:00,295,9.8,32.79,27.0
17183.0,8,6,3347.31,1296,45.85356164383562,42,1,2011-08-26 15:25:00,2011-12-02 10:07:00,97,3.2,1046.03,216.0
17184.0,569,2,198.41000000000003,73,14.172142857142859,14,1,2009-12-09 14:17:00,2010-05-19 14:24:00,161,5.4,36.74,36.5
17185.0,592,3,229.46,119,5.215,38,1,2010-04-20 13:49:00,2010-04-27 12:15:00,6,0.2,1147.3,39.67
17186.0,47,2,144.0,200,72.0,1,1,2011-10-10 12:52:00,2011-10-24 10:20:00,13,0.4,360.0,100.0
17187.0,227,2,467.71,426,20.335217391304347,21,1,2010-07-01 14:38:00,2011-04-27 12:39:00,299,10.0,46.77,213.0
17188.0,11,13,4592.93,2569,26.70308139534884,136,1,2009-12-08 19:16:00,2011-11-28 13:53:00,719,24.0,191.37,197.62
17189.0,106,5,953.63,601,7.946916666666667,101,1,2009-12-02 11:45:00,2011-08-25 19:39:00,631,21.0,45.41,120.2
17190.0,59,7,1726.57,2218,9.08721052631579,160,1,2010-03-05 13:21:00,2011-10-12 11:33:00,585,19.5,88.54,316.86
17191.0,28,15,4310.34,2208,8.672716297786721,269,1,2009-12-01 16:34:00,2011-11-11 16:58:00,710,23.7,181.87,147.2
17192.0,536,1,75.28,45,3.7640000000000002,20,1,2010-06-21 16:07:00,2010-06-21 16:07:00,0,1.0,75.28,45.0
17193.0,36,9,2310.04,1668,52.50090909090909,28,1,2009-12-02 10:02:00,2011-11-04 12:47:00,702,23.4,98.72,185.33
17194.0,274,3,812.5,420,13.319672131147541,57,1,2010-06-27 13:16:00,2011-03-11 12:05:00,256,8.5,95.59,140.0
17195.0,655,1,562.98,486,18.160645161290322,31,1,2010-02-22 13:05:00,2010-02-22 13:05:00,0,1.0,562.98,486.0
17196.0,428,1,327.75,154,3.524193548387097,84,1,2010-10-08 11:31:00,2010-10-08 11:31:00,0,1.0,327.75,154.0
17197.0,30,1,1013.01,191,34.93137931034483,29,1,2011-11-10 10:32:00,2011-11-10 10:32:00,0,1.0,1013.01,191.0
17198.0,24,3,692.22,357,7.210625,89,1,2010-12-03 14:54:00,2011-11-16 10:39:00,347,11.6,59.67,119.0
17199.0,582,1,135.04000000000002,232,16.880000000000003,8,1,2010-05-06 13:53:00,2010-05-06 13:53:00,0,1.0,135.04,232.0
17200.0,387,4,356.71,367,14.2684,25,1,2010-02-25 13:23:00,2010-11-17 13:04:00,264,8.8,40.54,91.75
17201.0,54,4,1143.1,1004,6.684795321637426,154,1,2010-02-10 12:26:00,2011-10-17 11:55:00,613,20.4,56.03,251.0
17202.0,421,1,160.65,55,20.08125,8,1,2010-10-15 11:25:00,2010-10-15 11:25:00,0,1.0,160.65,55.0
17203.0,36,10,5564.09,4597,21.318352490421457,195,1,2010-11-16 12:52:00,2011-11-04 12:27:00,352,11.7,475.56,459.7
17204.0,175,9,5504.6900000000005,2651,31.09994350282486,110,1,2010-06-10 11:37:00,2011-06-17 14:46:00,372,12.4,443.93,294.56
17205.0,54,3,999.35,2214,28.552857142857142,27,1,2010-05-24 15:36:00,2011-10-17 12:46:00,510,17.0,58.79,738.0
17206.0,53,1,204.24,76,29.177142857142858,7,1,2011-10-17 13:25:00,2011-10-17 13:25:00,0,1.0,204.24,76.0
17207.0,652,1,292.62,233,4.877,55,1,2010-02-25 19:08:00,2010-02-25 19:08:00,0,1.0,292.62,233.0
17208.0,396,1,111.15,101,4.8326086956521745,21,1,2010-11-09 12:50:00,2010-11-09 12:50:00,0,1.0,111.15,101.0
17209.0,649,3,595.7,723,15.676315789473685,36,1,2009-12-03 11:10:00,2010-02-28 16:01:00,87,2.9,205.41,241.0
17210.0,393,1,251.72,242,4.749433962264151,47,1,2010-11-12 12:15:00,2010-11-12 12:15:00,0,1.0,251.72,242.0
17211.0,27,13,3773.35,2141,10.969040697674417,217,1,2009-12-13 13:17:00,2011-11-13 12:03:00,699,23.3,161.95,164.69
17212.0,253,3,794.41,727,27.393448275862067,29,1,2010-08-10 09:22:00,2011-03-31 19:42:00,233,7.8,101.85,242.33
17213.0,40,13,4869.400000000001,2087,18.306015037593987,130,1,2009-12-15 10:28:00,2011-10-30 14:53:00,684,22.8,213.57,160.54
17214.0,60,6,1059.1200000000001,272,10.486336633663367,79,1,2010-12-15 15:14:00,2011-10-10 13:17:00,298,9.9,106.98,45.33
17215.0,464,1,186.15,104,16.922727272727272,11,1,2010-09-01 13:39:00,2010-09-01 13:39:00,0,1.0,186.15,104.0
17216.0,554,1,63.6,21,4.892307692307693,13,1,2010-06-03 13:03:00,2010-06-03 13:03:00,0,1.0,63.6,21.0
17217.0,234,2,210.1,93,7.781481481481482,27,1,2010-03-30 13:35:00,2011-04-19 17:19:00,385,12.8,16.41,46.5
17218.0,4,18,3891.39,2066,8.261974522292993,248,1,2010-01-25 16:12:00,2011-12-05 13:52:00,678,22.6,172.19,114.78
17219.0,32,2,259.13,188,5.1826,43,1,2010-10-19 11:29:00,2011-11-08 11:25:00,384,12.8,20.24,94.0
17220.0,24,21,4457.31,2663,6.632901785714286,408,1,2010-01-20 11:57:00,2011-11-15 13:47:00,664,22.1,201.69,126.81
17221.0,7,5,976.62,713,7.875967741935484,115,1,2010-04-11 15:34:00,2011-12-02 13:35:00,599,20.0,48.83,142.6
17222.0,65,6,1579.51,857,14.102767857142856,94,1,2010-01-10 15:24:00,2011-10-05 13:58:00,632,21.1,74.86,142.83
17223.0,310,3,558.04,155,8.087536231884057,62,1,2010-11-29 17:19:00,2011-02-02 15:57:00,64,2.1,265.73,51.67
17224.0,501,1,100.86000000000001,65,12.607500000000002,8,1,2010-07-26 13:30:00,2010-07-26 13:30:00,0,1.0,100.86,65.0
17225.0,582,1,131.15,36,26.23,5,1,2010-05-07 11:38:00,2010-05-07 11:38:00,0,1.0,131.15,36.0
17226.0,309,3,895.47,853,15.177457627118644,51,1,2010-02-12 14:31:00,2011-02-04 11:52:00,356,11.9,75.25,284.33
17227.0,19,12,1878.93,1681,16.48184210526316,58,1,2010-01-15 15:05:00,2011-11-21 10:51:00,674,22.5,83.51,140.08
17228.0,16,13,2820.03,2354,8.623944954128442,199,1,2010-03-12 11:54:00,2011-11-24 10:24:00,621,20.7,136.23,181.08
17229.0,96,2,318.76,185,6.782127659574468,39,1,2011-07-20 12:38:00,2011-09-04 13:56:00,46,1.5,212.51,92.5
17230.0,264,18,9388.49,3753,43.264930875576034,141,1,2009-12-08 13:41:00,2011-03-20 16:12:00,467,15.6,601.83,208.5
17231.0,12,25,7064.8,3681,5.882431307243963,509,1,2009-12-07 16:38:00,2011-11-27 15:18:00,719,24.0,294.37,147.24
17232.0,3,2,417.77,202,11.936285714285713,30,1,2011-11-25 12:24:00,2011-12-07 12:21:00,11,0.4,1044.42,101.0
17233.0,35,3,560.86,298,9.67,56,1,2009-12-15 12:03:00,2011-11-04 14:06:00,689,23.0,24.39,99.33
17234.0,183,1,149.89,55,10.706428571428571,14,1,2011-06-10 11:20:00,2011-06-10 11:20:00,0,1.0,149.89,55.0
17235.0,25,8,1562.98,845,17.561573033707866,52,1,2010-06-04 17:01:00,2011-11-14 15:51:00,527,17.6,88.81,105.62
17236.0,13,12,1929.26,804,12.210506329113924,123,1,2010-03-07 13:00:00,2011-11-27 12:00:00,629,21.0,91.87,67.0
17237.0,11,4,994.13,414,12.58392405063291,76,1,2010-11-23 11:45:00,2011-11-28 15:02:00,370,12.3,80.82,103.5
17238.0,3,32,7331.67,3555,6.436935908691835,486,1,2009-12-01 10:59:00,2011-12-07 11:35:00,736,24.5,299.25,111.09
17239.0,313,4,1189.45,515,37.1703125,18,1,2010-07-01 10:53:00,2011-01-31 09:41:00,213,7.1,167.53,128.75
17240.0,596,1,130.60000000000002,108,18.657142857142862,7,1,2010-04-22 15:44:00,2010-04-22 15:44:00,0,1.0,130.6,108.0
17241.0,385,12,2736.64,859,16.097882352941177,116,1,2010-02-15 14:47:00,2010-11-19 13:01:00,276,9.2,297.46,71.58
17242.0,108,5,2889.2799999999997,1459,34.396190476190476,44,1,2010-01-24 10:27:00,2011-08-23 14:55:00,576,19.2,150.48,291.8
17243.0,1,69,20203.58,7932,18.8290587138863,359,1,2009-12-01 15:36:00,2011-12-08 13:26:00,736,24.5,824.64,114.96
17244.0,53,5,1826.04,1419,15.217,109,1,2009-12-06 11:27:00,2011-10-17 15:19:00,680,22.7,80.44,283.8
17245.0,205,2,371.63,307,14.8652,24,1,2010-01-19 15:39:00,2011-05-19 10:43:00,484,16.1,23.08,153.5
17246.0,547,2,38.92,36,6.486666666666667,6,1,2009-12-01 17:45:00,2010-06-11 12:36:00,191,6.4,6.08,18.0
17247.0,15,1,280.09000000000003,105,5.186851851851852,53,1,2011-11-24 15:21:00,2011-11-24 15:21:00,0,1.0,280.09,105.0
17248.0,120,2,500.54,276,4.812884615384616,85,1,2010-08-15 11:55:00,2011-08-11 13:34:00,361,12.0,41.71,138.0
17249.0,429,1,68.03,79,2.51962962962963,27,1,2010-10-07 11:33:00,2010-10-07 11:33:00,0,1.0,68.03,79.0
17250.0,4,2,381.97,167,6.820892857142858,55,1,2011-03-23 16:45:00,2011-12-06 12:15:00,257,8.6,44.42,83.5
17251.0,363,3,798.98,377,10.243333333333334,65,1,2009-12-15 10:36:00,2010-12-12 11:06:00,362,12.1,66.03,125.67
17252.0,117,2,348.90999999999997,192,4.057093023255813,86,1,2011-06-06 16:41:00,2011-08-15 09:45:00,69,2.3,151.7,96.0
17253.0,18,1,178.26,43,9.903333333333332,18,1,2011-11-21 12:59:00,2011-11-21 12:59:00,0,1.0,178.26,43.0
17254.0,5,3,469.48,397,3.1937414965986397,129,1,2010-11-03 14:00:00,2011-12-05 12:46:00,396,13.2,35.57,132.33
17255.0,41,4,781.7,583,4.295054945054945,163,1,2010-09-19 15:53:00,2011-10-30 12:18:00,405,13.5,57.9,145.75
17256.0,107,5,498.93,299,16.094516129032257,20,1,2010-04-18 13:40:00,2011-08-24 13:30:00,492,16.4,30.42,59.8
17257.0,436,2,189.78,187,13.555714285714286,14,1,2010-09-29 12:49:00,2010-09-29 12:51:00,0,1.0,189.78,93.5
17258.0,397,2,417.3,188,7.587272727272728,46,1,2010-02-12 15:51:00,2010-11-08 12:37:00,268,8.9,46.89,94.0
17259.0,148,6,1452.39,844,6.314739130434783,179,1,2010-02-22 13:38:00,2011-07-14 15:01:00,507,16.9,85.94,140.67
17260.0,411,1,120.95,23,20.158333333333335,6,1,2010-10-24 13:21:00,2010-10-24 13:21:00,0,1.0,120.95,23.0
17261.0,510,1,221.59,95,5.153255813953488,43,1,2010-07-18 11:49:00,2010-07-18 11:49:00,0,1.0,221.59,95.0
17262.0,52,11,2488.76,635,130.98736842105265,12,1,2009-12-15 11:26:00,2011-10-18 12:56:00,672,22.4,111.11,57.73
17263.0,208,1,63.440000000000005,36,2.7582608695652175,23,1,2011-05-15 14:32:00,2011-05-15 14:32:00,0,1.0,63.44,36.0
17264.0,424,1,268.28,217,3.625405405405405,70,1,2010-10-11 12:52:00,2010-10-11 12:52:00,0,1.0,268.28,217.0
17265.0,139,2,550.01,389,4.50827868852459,106,1,2011-06-12 12:00:00,2011-07-24 10:49:00,41,1.4,392.86,194.5
17266.0,2,5,501.72,243,4.216134453781513,95,1,2010-03-09 10:42:00,2011-12-07 14:12:00,638,21.3,23.55,48.6
17267.0,127,2,317.2,158,8.572972972972973,37,1,2011-08-04 17:19:00,2011-08-04 17:22:00,0,1.0,317.2,79.0
17268.0,108,11,1733.8899999999999,1395,57.79633333333333,26,1,2009-12-08 11:46:00,2011-08-24 10:06:00,623,20.8,83.36,126.82
17269.0,386,1,491.81,314,3.93448,110,1,2010-11-19 11:12:00,2010-11-19 11:12:00,0,1.0,491.81,314.0
17270.0,469,2,601.45,420,12.530208333333334,45,1,2009-12-07 17:18:00,2010-08-27 14:09:00,262,8.7,69.13,210.0
17271.0,736,1,204.3,113,4.2562500000000005,46,1,2009-12-03 13:49:00,2009-12-03 13:49:00,0,1.0,204.3,113.0
17272.0,42,4,2148.63,1778,18.847631578947368,70,1,2011-03-22 12:05:00,2011-10-28 16:37:00,220,7.3,294.33,444.5
17273.0,424,1,141.12,133,11.76,12,1,2010-10-11 15:57:00,2010-10-11 15:57:00,0,1.0,141.12,133.0
17274.0,35,2,573.22,271,7.444415584415585,76,1,2010-11-09 12:06:00,2011-11-04 13:16:00,360,12.0,47.77,135.5
17275.0,383,1,114.1,71,4.960869565217391,23,1,2010-11-21 13:26:00,2010-11-21 13:26:00,0,1.0,114.1,71.0
17276.0,402,1,502.49,187,9.480943396226415,50,1,2010-11-02 16:20:00,2010-11-02 16:20:00,0,1.0,502.49,187.0
17277.0,228,2,1065.3500000000001,430,15.43985507246377,67,1,2011-01-21 12:37:00,2011-04-26 12:47:00,95,3.2,332.92,215.0
17278.0,241,2,271.24,195,15.955294117647059,17,1,2010-05-23 13:49:00,2011-04-12 13:10:00,323,10.8,25.11,97.5
17279.0,58,1,187.82999999999998,48,20.869999999999997,8,1,2011-10-13 11:58:00,2011-10-13 11:58:00,0,1.0,187.83,48.0
17280.0,438,1,118.86,74,19.81,6,1,2010-09-27 16:46:00,2010-09-27 16:46:00,0,1.0,118.86,74.0
17281.0,374,6,797.85,295,132.975,2,1,2010-02-04 13:00:00,2010-11-30 18:05:00,299,10.0,79.78,49.17
17282.0,130,5,2308.54,2332,11.316372549019608,168,1,2010-06-09 12:07:00,2011-08-01 14:29:00,418,13.9,166.08,466.4
17283.0,379,1,188.46,179,12.564,15,1,2010-11-26 11:53:00,2010-11-26 11:53:00,0,1.0,188.46,179.0
17284.0,60,8,2788.06,2069,7.474691689008043,285,1,2010-09-20 16:18:00,2011-10-10 14:38:00,384,12.8,217.82,258.62
17285.0,628,2,407.94,134,9.271363636363636,41,1,2010-02-14 14:10:00,2010-03-21 13:38:00,34,1.1,370.85,67.0
17286.0,22,3,389.18,368,4.324222222222223,89,1,2010-11-04 13:43:00,2011-11-18 12:47:00,378,12.6,30.89,122.67
17287.0,26,21,3826.86,1955,8.265356371490281,279,1,2009-12-03 12:45:00,2011-11-13 13:27:00,710,23.7,161.47,93.1
17288.0,9,11,2468.43,1699,8.5709375,233,1,2010-11-10 14:44:00,2011-11-30 16:09:00,385,12.8,192.85,154.45
17289.0,32,9,2041.8,1237,7.67593984962406,202,1,2010-03-08 12:52:00,2011-11-08 12:01:00,609,20.3,100.58,137.44
17290.0,4,8,1487.96,1139,7.591632653061224,184,1,2009-12-13 13:28:00,2011-12-06 12:38:00,722,24.1,61.74,142.38
17291.0,308,1,550.8000000000001,72,550.8000000000001,1,1,2011-02-04 13:04:00,2011-02-04 13:04:00,0,1.0,550.8,72.0
17292.0,472,2,271.75,131,18.116666666666667,14,1,2010-05-09 14:52:00,2010-08-24 17:14:00,107,3.6,75.49,65.5
17293.0,8,17,3750.63,2228,15.562780082987553,148,1,2009-12-03 15:09:00,2011-12-01 14:37:00,727,24.2,154.98,131.06
17294.0,669,2,467.79,297,27.517058823529414,17,1,2010-02-08 14:21:00,2010-02-08 16:12:00,0,1.0,467.79,148.5
17295.0,29,3,547.0,293,8.044117647058824,53,1,2011-10-06 12:22:00,2011-11-11 10:49:00,35,1.2,455.83,97.67
17296.0,730,1,338.13,216,10.246363636363636,32,1,2009-12-09 14:01:00,2009-12-09 14:01:00,0,1.0,338.13,216.0
17297.0,17,1,128.18,65,2.615918367346939,49,1,2011-11-22 14:43:00,2011-11-22 14:43:00,0,1.0,128.18,65.0
17298.0,101,5,954.26,852,13.829855072463769,61,1,2010-03-08 08:56:00,2011-08-30 16:43:00,540,18.0,53.01,170.4
17299.0,12,6,993.23,919,8.789646017699114,96,1,2010-08-15 16:00:00,2011-11-28 12:01:00,469,15.6,63.67,153.17
17300.0,391,2,393.64,467,8.946363636363635,37,1,2010-08-15 11:02:00,2010-11-14 10:56:00,90,3.0,131.21,233.5
17301.0,21,2,294.39,216,2.605221238938053,107,1,2010-03-25 13:16:00,2011-11-18 13:43:00,603,20.1,14.65,108.0
17302.0,15,5,1135.63,575,14.375063291139242,68,1,2011-02-07 10:14:00,2011-11-25 09:36:00,290,9.7,117.08,115.0
17303.0,361,1,250.04,144,4.717735849056604,53,1,2010-12-13 13:32:00,2010-12-13 13:32:00,0,1.0,250.04,144.0
17304.0,534,1,111.5,73,22.3,5,1,2010-06-23 16:23:00,2010-06-23 16:23:00,0,1.0,111.5,73.0
17305.0,649,1,2135.46,1006,237.27333333333334,9,1,2010-03-01 12:47:00,2010-03-01 12:47:00,0,1.0,2135.46,1006.0
17306.0,11,21,9782.35,13747,135.86597222222224,17,1,2010-11-01 11:38:00,2011-11-29 12:14:00,393,13.1,746.74,654.62
17307.0,395,11,3999.8900000000003,3667,83.33104166666668,22,1,2010-01-19 16:38:00,2010-11-09 13:40:00,293,9.8,408.15,333.36
17308.0,393,2,4511.76,5148,644.5371428571428,5,1,2010-09-13 09:35:00,2010-11-11 13:19:00,59,2.0,2255.88,2574.0
17309.0,95,3,320.39,181,8.899722222222222,33,1,2010-02-04 15:49:00,2011-09-05 15:20:00,577,19.2,16.69,60.33
17310.0,387,2,1025.1,402,512.55,1,1,2010-06-23 11:38:00,2010-11-17 16:00:00,147,4.9,209.2,201.0
17311.0,78,6,3566.56,2755,28.083149606299212,124,1,2010-02-03 12:38:00,2011-09-22 14:11:00,596,19.9,179.22,459.17
17312.0,139,3,644.3,372,46.021428571428565,11,1,2011-07-03 13:12:00,2011-07-24 11:52:00,20,0.7,920.43,124.0
17313.0,31,1,2328.84,1402,97.03500000000001,24,1,2011-11-08 15:45:00,2011-11-08 15:45:00,0,1.0,2328.84,1402.0
17314.0,25,17,4904.43,3663,19.1579296875,200,1,2009-12-03 11:25:00,2011-11-15 09:41:00,711,23.7,206.94,215.47
17315.0,2,43,9599.58,5088,12.850843373493976,385,1,2010-09-27 12:45:00,2011-12-08 12:15:00,436,14.5,662.04,118.33
17316.0,420,1,124.45,44,3.5557142857142856,35,1,2010-10-15 14:35:00,2010-10-15 14:35:00,0,1.0,124.45,44.0
17317.0,46,3,2600.34,1146,288.9266666666667,8,1,2011-09-11 12:45:00,2011-10-24 17:19:00,43,1.4,1857.39,382.0
17318.0,725,1,157.32999999999998,59,9.25470588235294,17,1,2009-12-14 13:11:00,2009-12-14 13:11:00,0,1.0,157.33,59.0
17319.0,669,1,29.099999999999998,14,9.7,3,1,2010-02-08 15:47:00,2010-02-08 15:47:00,0,1.0,29.1,14.0
17320.0,100,6,2444.85,1182,16.08453947368421,86,1,2010-01-21 16:29:00,2011-08-31 13:31:00,586,19.5,125.38,197.0
17321.0,8,6,1665.21,790,6.144686346863469,241,1,2010-05-11 12:10:00,2011-12-01 13:41:00,569,19.0,87.64,131.67
17322.0,376,5,922.59,631,5.2123728813559325,115,1,2009-12-03 11:46:00,2010-11-28 14:41:00,360,12.0,76.88,126.2
17323.0,15,12,1551.04,1426,4.685921450151057,168,1,2010-01-10 11:58:00,2011-11-24 17:29:00,683,22.8,68.03,118.83
17324.0,18,12,2171.07,1485,14.972896551724139,111,1,2009-12-18 15:29:00,2011-11-22 10:34:00,703,23.4,92.78,123.75
17325.0,280,3,609.5699999999999,465,15.629999999999999,39,1,2010-03-08 11:31:00,2011-03-04 13:09:00,361,12.0,50.8,155.0
17326.0,408,2,312.35,136,3.631976744186047,82,1,2010-06-28 14:05:00,2010-10-27 15:38:00,121,4.0,78.09,68.0
17327.0,410,2,152.35,59,38.0875,3,1,2010-05-26 11:20:00,2010-10-26 09:54:00,152,5.1,29.87,29.5
17328.0,673,1,104.7,86,17.45,6,1,2010-02-04 17:11:00,2010-02-04 17:11:00,0,1.0,104.7,86.0
17329.0,14,5,998.53,430,9.60125,80,1,2009-12-03 16:09:00,2011-11-25 14:24:00,721,24.0,41.61,86.0
17330.0,23,4,423.8,122,52.975,7,1,2010-03-02 09:20:00,2011-11-17 08:56:00,624,20.8,20.38,30.5
17331.0,124,1,175.2,16,175.2,1,1,2011-08-08 11:55:00,2011-08-08 11:55:00,0,1.0,175.2,16.0
17332.0,528,5,838.27,794,8.823894736842105,82,1,2010-02-21 14:41:00,2010-06-29 16:10:00,128,4.3,194.95,158.8
17333.0,86,1,494.25,375,17.651785714285715,28,1,2011-09-15 10:11:00,2011-09-15 10:11:00,0,1.0,494.25,375.0
17334.0,302,3,635.1500000000001,566,20.488709677419358,20,1,2010-10-29 12:16:00,2011-02-10 14:59:00,104,3.5,181.47,188.67
17335.0,384,2,497.04,210,13.806666666666667,34,1,2010-01-24 11:15:00,2010-11-21 10:17:00,300,10.0,49.7,105.0
17336.0,472,1,81.12,48,81.12,1,1,2010-08-24 15:37:00,2010-08-24 15:37:00,0,1.0,81.12,48.0
17337.0,151,4,1981.06,1247,3.802418426103647,421,1,2011-02-02 17:06:00,2011-07-11 14:55:00,158,5.3,373.78,311.75
17338.0,17,17,11889.33,5780,9.110597701149425,590,1,2010-03-10 16:09:00,2011-11-22 14:23:00,621,20.7,574.36,340.0
17339.0,94,3,302.36,172,30.236,10,1,2010-07-18 13:08:00,2011-09-06 13:29:00,415,13.8,21.91,57.33
17340.0,30,18,19617.95,9497,28.935029498525076,322,1,2010-02-14 14:54:00,2011-11-10 10:45:00,633,21.1,929.76,527.61
17341.0,157,5,1272.21,831,5.809178082191781,200,1,2010-06-17 18:17:00,2011-07-06 12:33:00,383,12.8,99.39,166.2
17342.0,380,4,1227.54,521,35.07257142857143,31,1,2010-02-08 09:16:00,2010-11-25 11:07:00,290,9.7,126.55,130.25
17343.0,355,6,1259.94,454,15.74925,61,1,2009-12-03 18:30:00,2010-12-19 15:07:00,380,12.7,99.21,75.67
17344.0,46,2,457.36,200,6.826268656716418,64,1,2009-12-11 12:31:00,2011-10-24 12:56:00,682,22.7,20.15,100.0
17345.0,15,10,1586.63,2008,7.59153110047847,174,1,2009-12-01 16:17:00,2011-11-24 15:03:00,722,24.1,65.84,200.8
17346.0,4,26,4998.61,3439,5.415612134344529,517,1,2010-04-18 12:18:00,2011-12-06 12:18:00,597,19.9,251.19,132.27
17347.0,86,1,228.96,216,228.96,1,1,2011-09-14 13:12:00,2011-09-14 13:12:00,0,1.0,228.96,216.0
17348.0,15,9,2442.29,2766,5.513069977426636,326,1,2010-03-10 12:13:00,2011-11-25 11:25:00,624,20.8,117.42,307.33
17349.0,179,5,772.41,772,9.087176470588235,74,1,2010-03-18 14:26:00,2011-06-13 14:29:00,452,15.1,51.15,154.4
17350.0,8,7,1893.701,1178,13.242664335664335,124,1,2010-02-01 15:38:00,2011-12-01 15:47:00,668,22.3,84.92,168.29
17351.0,36,12,1988.23,383,28.814927536231885,45,1,2009-12-10 18:43:00,2011-11-03 18:45:00,693,23.1,86.07,31.92
17352.0,696,1,36.25,15,7.25,5,1,2010-01-12 16:13:00,2010-01-12 16:13:00,0,1.0,36.25,15.0
17353.0,129,4,3242.0,2168,231.57142857142858,7,1,2010-03-25 12:52:00,2011-08-02 17:19:00,495,16.5,196.48,542.0
17354.0,51,4,3133.96,2531,31.02930693069307,85,1,2010-10-07 13:22:00,2011-10-20 10:34:00,377,12.6,248.73,632.75
17355.0,386,1,273.31,249,8.282121212121211,28,1,2010-11-18 13:18:00,2010-11-18 13:18:00,0,1.0,273.31,249.0
17356.0,312,5,946.47,925,11.00546511627907,73,1,2010-01-20 12:14:00,2011-02-01 11:07:00,376,12.5,75.72,185.0
17357.0,24,2,384.39,152,8.736136363636364,41,1,2011-11-15 16:29:00,2011-11-15 16:30:00,0,1.0,384.39,76.0
17358.0,303,5,861.01,430,5.8973287671232875,126,1,2010-02-24 16:42:00,2011-02-09 16:57:00,350,11.7,73.59,86.0
17359.0,11,2,284.46,237,7.48578947368421,36,1,2010-03-01 14:48:00,2011-11-28 14:37:00,636,21.2,13.42,118.5
17360.0,17,6,1200.51,624,5.242401746724891,189,1,2010-10-01 12:07:00,2011-11-22 13:11:00,417,13.9,86.37,104.0
17361.0,49,5,871.7900000000001,380,15.294561403508773,51,1,2010-02-01 14:30:00,2011-10-21 15:43:00,627,20.9,41.71,76.0
17362.0,239,7,1024.04,549,7.1113888888888885,99,1,2010-01-06 10:53:00,2011-04-14 14:43:00,463,15.4,66.5,78.43
17363.0,395,3,920.46,499,26.298857142857145,34,1,2010-11-02 17:25:00,2010-11-09 17:11:00,6,0.2,4602.3,166.33
17364.0,1,28,11972.92,7464,13.244380530973451,513,1,2009-12-07 15:28:00,2011-12-09 09:00:00,731,24.4,490.69,266.57
17365.0,13,15,8184.49,8015,10.307921914357681,395,1,2010-02-01 11:56:00,2011-11-27 12:13:00,664,22.1,370.34,534.33
17366.0,432,2,1077.24,504,8.22320610687023,120,1,2010-09-09 19:46:00,2010-10-03 16:04:00,23,0.8,1346.55,252.0
17367.0,238,1,167.55,149,5.077272727272728,33,1,2011-04-15 14:21:00,2011-04-15 14:21:00,0,1.0,167.55,149.0
17368.0,23,14,2758.29,2319,12.204823008849557,195,1,2009-12-15 17:45:00,2011-11-16 15:26:00,700,23.3,118.38,165.64
17369.0,456,1,979.2,1152,979.2,1,1,2010-09-10 09:49:00,2010-09-10 09:49:00,0,1.0,979.2,1152.0
17370.0,73,4,446.18,540,13.520606060606061,31,1,2011-06-23 11:50:00,2011-09-28 10:14:00,96,3.2,139.43,135.0
17371.0,17,6,655.37,281,4.551180555555556,135,1,2009-12-08 12:25:00,2011-11-22 13:30:00,714,23.8,27.54,46.83
17372.0,41,28,4347.31,1863,6.708811728395062,412,1,2009-12-03 18:41:00,2011-10-30 11:37:00,695,23.2,187.38,66.54
17373.0,40,7,1167.5,738,12.82967032967033,65,1,2010-02-28 14:17:00,2011-10-30 15:28:00,609,20.3,57.51,105.43
17374.0,219,3,727.11,155,17.312142857142856,34,1,2010-11-09 17:14:00,2011-05-05 09:05:00,176,5.9,123.24,51.67
17375.0,199,4,660.55,480,7.6808139534883715,77,1,2010-10-04 09:14:00,2011-05-24 15:45:00,232,7.7,85.79,120.0
17376.0,71,4,453.64,244,8.248,41,1,2010-07-05 11:11:00,2011-09-30 12:36:00,452,15.1,30.04,61.0
17377.0,24,78,17644.27,7335,10.306232476635515,505,1,2009-12-02 12:39:00,2011-11-16 11:17:00,713,23.8,741.36,94.04
17378.0,374,1,10.95,1,10.95,1,1,2010-11-30 18:46:00,2010-11-30 18:46:00,0,1.0,10.95,1.0
17379.0,11,1,389.71999999999997,623,4.996410256410256,71,1,2011-11-28 13:56:00,2011-11-28 13:56:00,0,1.0,389.72,623.0
17380.0,434,3,645.0,252,64.5,5,1,2010-06-23 11:24:00,2010-10-01 16:42:00,100,3.3,195.45,84.0
17381.0,9,38,36398.65,42879,223.30460122699387,50,1,2010-06-09 12:55:00,2011-12-01 11:59:00,539,18.0,2022.15,1128.39
17382.0,65,8,902.28,457,50.126666666666665,16,1,2010-05-19 11:33:00,2011-10-05 13:05:00,504,16.8,53.71,57.12
17383.0,4,2,304.09000000000003,160,5.9625490196078434,51,1,2010-09-12 14:54:00,2011-12-05 17:36:00,449,15.0,20.27,80.0
17384.0,19,3,507.55,121,25.3775,15,1,2010-08-29 16:01:00,2011-11-20 15:48:00,447,14.9,34.06,40.33
17385.0,15,1,256.11,197,5.691333333333334,42,1,2011-11-25 11:02:00,2011-11-25 11:02:00,0,1.0,256.11,197.0
17386.0,8,7,2812.77,1955,74.02026315789473,32,1,2010-11-19 13:40:00,2011-12-02 11:28:00,377,12.6,223.24,279.29
17387.0,20,2,746.81,522,9.826447368421052,71,1,2011-11-06 11:25:00,2011-11-20 11:00:00,13,0.4,1867.02,261.0
17388.0,78,11,2675.37,2555,48.64309090909091,41,1,2009-12-10 11:45:00,2011-09-23 10:31:00,651,21.7,123.29,232.27
17389.0,1,61,57215.33,17880,133.3690675990676,63,1,2009-12-04 12:06:00,2011-12-09 09:38:00,734,24.5,2335.32,293.11
17390.0,421,1,149.3,49,12.441666666666668,12,1,2010-10-15 11:29:00,2010-10-15 11:29:00,0,1.0,149.3,49.0
17391.0,164,2,508.8,480,169.6,2,1,2011-06-28 12:21:00,2011-06-29 09:58:00,0,1.0,508.8,240.0
17392.0,307,3,585.92,450,8.370285714285714,66,1,2010-09-15 16:17:00,2011-02-06 12:48:00,143,4.8,122.07,150.0
17393.0,411,2,381.15000000000003,238,7.940625000000001,45,1,2010-08-08 15:53:00,2010-10-25 11:10:00,77,2.6,146.6,119.0
17394.0,219,1,203.86999999999998,241,50.967499999999994,4,1,2011-05-04 13:22:00,2011-05-04 13:22:00,0,1.0,203.87,241.0
17395.0,508,1,97.5,66,32.5,3,1,2010-07-19 15:34:00,2010-07-19 15:34:00,0,1.0,97.5,66.0
17396.0,39,14,8409.6,2313,178.9276595744681,29,1,2010-09-24 13:04:00,2011-10-31 14:12:00,402,13.4,627.58,165.21
17397.0,22,3,1198.28,691,8.942388059701493,132,1,2010-10-19 13:20:00,2011-11-17 14:08:00,394,13.1,91.47,230.33
17398.0,115,3,653.38,310,17.19421052631579,30,1,2011-03-29 13:04:00,2011-08-17 09:48:00,140,4.7,139.02,103.33
17400.0,126,8,4623.28,2185,9.85773987206823,345,1,2009-12-17 15:41:00,2011-08-05 15:38:00,595,19.8,233.5,273.12
17401.0,541,1,114.85,34,9.570833333333333,11,1,2010-06-16 16:54:00,2010-06-16 16:54:00,0,1.0,114.85,34.0
17402.0,5,23,4635.5599999999995,1450,26.042471910112358,105,1,2009-12-16 17:40:00,2011-12-05 10:15:00,718,23.9,193.96,63.04
17403.0,36,2,382.87,188,8.508222222222223,45,1,2010-09-15 12:29:00,2011-11-03 15:18:00,414,13.8,27.74,94.0
17404.0,4,23,47781.12,50679,163.63397260273973,126,1,2010-01-07 11:31:00,2011-12-05 16:26:00,697,23.2,2059.53,2203.43
17405.0,1,3,1031.41,726,12.578170731707319,77,1,2011-07-12 14:17:00,2011-12-08 17:12:00,149,5.0,206.28,242.0
17406.0,333,13,4186.95,1847,17.5922268907563,155,1,2009-12-06 13:45:00,2011-01-10 15:07:00,400,13.3,314.81,142.08
17407.0,412,1,552.9,426,24.039130434782606,23,1,2010-10-24 11:57:00,2010-10-24 11:57:00,0,1.0,552.9,426.0
17408.0,163,3,316.09000000000003,163,39.511250000000004,7,1,2010-07-13 14:02:00,2011-06-29 12:53:00,350,11.7,27.02,54.33
17409.0,185,10,7793.51,4089,74.93759615384616,50,1,2009-12-11 12:17:00,2011-06-08 10:36:00,543,18.1,430.58,408.9
17410.0,16,5,1214.72,616,18.98,57,1,2011-05-08 15:21:00,2011-11-23 15:46:00,199,6.6,184.05,123.2
17411.0,12,5,1425.38,608,19.005066666666668,69,1,2009-12-03 12:02:00,2011-11-27 14:25:00,724,24.1,59.14,121.6
17412.0,3,16,4220.22,2554,18.509736842105266,161,1,2009-12-02 13:51:00,2011-12-07 11:36:00,734,24.5,172.25,159.62
17413.0,405,2,560.14,302,56.013999999999996,10,1,2010-05-19 11:11:00,2010-10-31 12:33:00,165,5.5,101.84,151.0
17414.0,44,6,2249.52,6256,107.12,6,1,2009-12-03 16:49:00,2011-10-27 12:13:00,692,23.1,97.38,1042.67
17415.0,80,1,507.84,114,36.27428571428571,14,1,2011-09-21 12:50:00,2011-09-21 12:50:00,0,1.0,507.84,114.0
17416.0,30,22,17298.45,8769,28.97562814070352,324,1,2009-12-14 16:29:00,2011-11-10 12:47:00,695,23.2,745.62,398.59
17417.0,549,1,164.18,76,10.26125,16,1,2010-06-09 10:00:00,2010-06-09 10:00:00,0,1.0,164.18,76.0
17418.0,42,3,670.0600000000001,521,15.953809523809525,40,1,2010-11-17 13:42:00,2011-10-28 13:00:00,344,11.5,58.27,173.67
17419.0,11,18,6126.25,2884,20.48913043478261,203,1,2010-01-25 13:19:00,2011-11-28 13:47:00,672,22.4,273.49,160.22
17420.0,50,6,953.58,446,19.0716,43,1,2010-11-03 13:09:00,2011-10-20 14:52:00,351,11.7,81.5,74.33
17421.0,386,3,1059.41,807,18.265689655172416,46,1,2009-12-04 15:43:00,2010-11-18 16:57:00,349,11.6,91.33,269.0
17422.0,16,11,3594.76,3538,17.535414634146342,149,1,2010-06-23 10:19:00,2011-11-23 13:27:00,518,17.3,207.79,321.64
17423.0,46,3,1118.95,790,26.022093023255817,39,1,2010-11-11 12:26:00,2011-10-24 13:36:00,347,11.6,96.46,263.33
17425.0,19,2,759.1700000000001,407,17.65511627906977,42,1,2011-10-10 11:37:00,2011-11-20 15:30:00,41,1.4,542.26,203.5
17426.0,8,13,8077.77,5187,18.917494145199065,248,1,2010-02-17 13:39:00,2011-12-01 18:07:00,652,21.7,372.25,399.0
17427.0,72,1,100.8,34,50.4,2,1,2011-09-29 11:29:00,2011-09-29 11:29:00,0,1.0,100.8,34.0
17428.0,1,45,31466.760000000002,17356,43.703833333333336,422,1,2009-12-01 17:28:00,2011-12-09 09:45:00,737,24.6,1279.14,385.69
17429.0,128,5,1357.46,1286,14.289052631578947,80,1,2010-10-06 12:30:00,2011-08-03 13:22:00,301,10.0,135.75,257.2
17430.0,33,4,622.57,455,16.826216216216217,30,1,2010-08-17 11:52:00,2011-11-07 09:24:00,446,14.9,41.78,113.75
17431.0,313,1,403.3,292,9.37906976744186,41,1,2011-01-30 14:36:00,2011-01-30 14:36:00,0,1.0,403.3,292.0
17432.0,18,9,1728.99,1008,6.310182481751825,213,1,2009-12-03 19:13:00,2011-11-21 17:33:00,717,23.9,72.34,112.0
17433.0,88,2,569.96,305,6.128602150537635,81,1,2010-11-19 13:37:00,2011-09-12 14:24:00,297,9.9,57.57,152.5
17434.0,2,7,2373.82,1693,17.715074626865672,100,1,2011-09-15 13:54:00,2011-12-07 13:16:00,82,2.7,879.19,241.86
17435.0,411,1,331.35,195,22.09,15,1,2010-10-24 13:55:00,2010-10-24 13:55:00,0,1.0,331.35,195.0
17436.0,2,5,534.0600000000001,178,31.41529411764706,8,1,2009-12-07 12:31:00,2011-12-08 12:30:00,730,24.3,21.98,35.6
17437.0,530,1,369.68,283,7.109230769230769,52,1,2010-06-28 11:11:00,2010-06-28 11:11:00,0,1.0,369.68,283.0
17438.0,254,5,1422.77,553,20.03901408450704,49,1,2010-03-08 16:53:00,2011-03-31 10:26:00,387,12.9,110.29,110.6
17439.0,656,1,325.74,370,40.7175,8,1,2010-02-22 12:48:00,2010-02-22 12:48:00,0,1.0,325.74,370.0
17440.0,157,4,323.58,282,53.93,4,1,2010-06-08 14:40:00,2011-07-06 11:54:00,392,13.1,24.7,70.5
17441.0,732,1,293.35,245,13.96904761904762,21,1,2009-12-07 13:32:00,2009-12-07 13:32:00,0,1.0,293.35,245.0
17442.0,37,15,4620.3,3134,16.326148409893992,188,1,2010-02-15 15:54:00,2011-11-03 09:17:00,625,20.8,222.13,208.93
17443.0,220,1,534.24,504,534.24,1,1,2011-05-04 10:47:00,2011-05-04 10:47:00,0,1.0,534.24,504.0
17444.0,148,3,2940.04,2119,21.778074074074073,132,1,2011-06-20 09:04:00,2011-07-15 12:05:00,25,0.8,3675.05,706.33
17446.0,177,2,120.89999999999999,198,13.433333333333332,6,1,2011-02-02 14:40:00,2011-06-16 10:42:00,133,4.4,27.48,99.0
17447.0,40,2,541.53,443,15.042499999999999,33,1,2011-09-29 10:10:00,2011-10-30 14:18:00,31,1.0,541.53,221.5
17448.0,497,46,14523.67,11534,13.025713004484304,569,1,2010-03-04 17:29:00,2010-07-30 14:07:00,147,4.9,2964.01,250.74
17449.0,2,13,4868.15,2483,8.335873287671232,292,1,2009-12-09 14:16:00,2011-12-07 16:56:00,728,24.3,200.34,191.0
17450.0,8,51,244784.25,83914,582.8196428571429,144,1,2010-09-27 16:59:00,2011-12-01 13:29:00,429,14.3,17117.78,1645.37
17451.0,1,7,1721.4,1203,17.214000000000002,83,1,2011-08-26 11:54:00,2011-12-08 15:02:00,104,3.5,491.83,171.86
17453.0,18,2,486.72,219,25.61684210526316,19,1,2011-10-06 17:02:00,2011-11-22 09:42:00,46,1.5,324.48,109.5
17454.0,192,10,1547.94,727,12.285238095238096,98,1,2010-01-15 15:40:00,2011-05-31 13:58:00,500,16.7,92.69,72.7
17455.0,204,1,131.7,66,16.4625,8,1,2011-05-20 12:31:00,2011-05-20 12:31:00,0,1.0,131.7,66.0
17456.0,365,2,975.5600000000001,508,16.259333333333334,59,1,2010-09-09 15:28:00,2010-12-09 15:23:00,90,3.0,325.19,254.0
17457.0,127,14,5984.81,2695,93.51265625,30,1,2009-12-07 14:52:00,2011-08-05 12:48:00,605,20.2,296.28,192.5
17458.0,15,2,529.58,282,6.1579069767441865,81,1,2010-11-23 11:43:00,2011-11-24 13:01:00,366,12.2,43.41,141.0
17459.0,43,2,657.3,537,5.921621621621621,88,1,2011-10-10 17:00:00,2011-10-27 13:25:00,16,0.5,1314.6,268.5
17460.0,94,16,2157.9700000000003,954,15.75160583941606,93,1,2010-01-22 13:25:00,2011-09-06 15:04:00,592,19.7,109.54,59.62
17461.0,23,3,735.82,770,6.941698113207548,104,1,2011-11-10 12:01:00,2011-11-17 10:21:00,6,0.2,3679.1,256.67
17462.0,60,2,675.69,227,25.025555555555556,25,1,2011-02-28 17:01:00,2011-10-10 13:56:00,223,7.4,91.31,113.5
17463.0,16,7,2535.26,1480,8.022974683544305,234,1,2010-04-29 17:57:00,2011-11-23 13:40:00,572,19.1,132.74,211.43
17464.0,158,3,907.1400000000001,608,23.26,35,1,2010-03-30 13:15:00,2011-07-04 13:19:00,461,15.4,58.91,202.67
17465.0,426,7,2542.79,1477,17.906971830985917,103,1,2009-12-03 13:25:00,2010-10-10 11:56:00,310,10.3,246.87,211.0
17466.0,10,2,763.28,306,18.61658536585366,41,1,2011-09-22 09:16:00,2011-11-29 13:15:00,68,2.3,331.86,153.0
17467.0,395,1,102.6,20,25.65,4,1,2010-11-09 12:58:00,2010-11-09 12:58:00,0,1.0,102.6,20.0
17468.0,10,3,194.8,184,24.35,8,1,2010-11-29 17:25:00,2011-11-29 15:33:00,364,12.1,16.1,61.33
17469.0,16,17,5051.25,2304,18.918539325842698,165,1,2009-12-16 15:06:00,2011-11-23 13:15:00,706,23.5,214.95,135.53
17470.0,45,11,2626.47,2731,16.944967741935482,111,1,2010-07-19 16:16:00,2011-10-26 12:42:00,463,15.4,170.55,248.27
17471.0,475,1,321.65000000000003,153,16.928947368421053,19,1,2010-08-22 11:53:00,2010-08-22 11:53:00,0,1.0,321.65,153.0
17472.0,191,4,922.35,551,4.13609865470852,183,1,2010-03-21 13:27:00,2011-06-01 14:57:00,437,14.6,63.17,137.75
17473.0,409,2,607.0,270,17.852941176470587,33,1,2010-09-09 19:03:00,2010-10-27 11:45:00,47,1.6,379.38,135.0
17474.0,600,1,1047.0,200,174.5,6,1,2010-04-19 10:43:00,2010-04-19 10:43:00,0,1.0,1047.0,200.0
17475.0,79,1,194.37,178,13.883571428571429,14,1,2011-09-21 14:55:00,2011-09-21 14:55:00,0,1.0,194.37,178.0
17476.0,396,2,489.86,224,15.801935483870968,29,1,2009-12-02 12:09:00,2010-11-09 10:21:00,341,11.4,42.97,112.0
17477.0,613,2,1144.3,225,26.00681818181818,44,1,2010-03-02 11:53:00,2010-04-06 10:06:00,34,1.1,1040.27,112.5
17478.0,408,2,1272.8000000000002,516,31.820000000000004,40,1,2010-03-16 14:19:00,2010-10-27 15:01:00,225,7.5,169.71,258.0
17479.0,633,1,389.26000000000005,266,21.625555555555557,18,1,2010-03-17 09:26:00,2010-03-17 09:26:00,0,1.0,389.26,266.0
17480.0,78,2,882.23,581,16.645849056603772,50,1,2010-09-21 12:31:00,2011-09-23 11:39:00,366,12.2,72.31,290.5
17481.0,4,4,1255.59,1061,15.312073170731706,69,1,2011-09-07 09:57:00,2011-12-06 12:28:00,90,3.0,418.53,265.25
17482.0,487,2,775.64,240,14.634716981132076,50,1,2010-05-10 14:10:00,2010-08-09 15:33:00,91,3.0,258.55,120.0
17483.0,65,4,591.73,265,21.133214285714285,23,1,2010-10-21 12:43:00,2011-10-05 13:10:00,349,11.6,51.01,66.25
17484.0,576,2,209.57,339,14.969285714285714,14,1,2010-03-25 16:17:00,2010-05-12 15:41:00,47,1.6,130.98,169.5
17486.0,261,1,396.87,191,16.53625,24,1,2011-03-23 14:00:00,2011-03-23 14:00:00,0,1.0,396.87,191.0
17487.0,728,1,160.55,37,20.06875,8,1,2009-12-11 15:06:00,2009-12-11 15:06:00,0,1.0,160.55,37.0
17488.0,641,1,336.5,136,18.694444444444443,18,1,2010-03-08 14:07:00,2010-03-08 14:07:00,0,1.0,336.5,136.0
17489.0,59,2,376.64,428,12.987586206896552,28,1,2011-05-11 11:34:00,2011-10-12 08:56:00,153,5.1,73.85,214.0
17490.0,1,9,2750.5,1531,23.711206896551722,93,1,2010-05-19 12:40:00,2011-12-09 09:08:00,568,18.9,145.53,170.11
17491.0,1,17,5653.67,3362,31.941638418079098,105,1,2010-04-28 11:57:00,2011-12-08 16:18:00,589,19.6,288.45,197.76
17492.0,248,3,1122.42,450,28.78,32,1,2010-07-09 13:27:00,2011-04-05 15:21:00,270,9.0,124.71,150.0
17493.0,385,1,100.91,62,12.61375,8,1,2010-11-19 16:57:00,2010-11-19 16:57:00,0,1.0,100.91,62.0
17494.0,502,1,54.7,26,18.233333333333334,3,1,2010-07-26 10:06:00,2010-07-26 10:06:00,0,1.0,54.7,26.0
17495.0,8,3,806.72,367,16.80666666666667,38,1,2010-11-14 11:50:00,2011-12-02 12:08:00,383,12.8,63.02,122.33
17496.0,359,4,1412.89,675,19.623472222222222,54,1,2010-01-14 13:36:00,2010-12-16 08:39:00,335,11.2,126.15,168.75
17497.0,390,2,287.25,59,41.035714285714285,7,1,2010-04-08 08:01:00,2010-11-14 14:17:00,220,7.3,39.35,29.5
17498.0,76,1,272.21999999999997,394,16.012941176470587,17,1,2011-09-25 12:25:00,2011-09-25 12:25:00,0,1.0,272.22,394.0
17499.0,290,2,1341.3899999999999,1086,18.892816901408448,66,1,2010-05-27 09:59:00,2011-02-23 09:14:00,271,9.0,149.04,543.0
17500.0,17,3,1138.0,17,227.6,3,1,2011-11-10 09:08:00,2011-11-22 14:25:00,12,0.4,2845.0,5.67
17501.0,221,2,288.6,160,16.033333333333335,18,1,2011-05-03 09:46:00,2011-05-03 09:47:00,0,1.0,288.6,80.0
17502.0,9,4,689.1,376,24.610714285714288,25,1,2011-11-10 16:39:00,2011-11-30 13:13:00,19,0.6,1148.5,94.0
17503.0,3,2,558.96,486,14.709473684210527,36,1,2011-11-01 11:12:00,2011-12-07 09:18:00,35,1.2,465.8,243.0
17504.0,206,18,9490.17,5420,27.7490350877193,244,1,2010-02-08 09:22:00,2011-05-17 12:59:00,463,15.4,616.24,301.11
17505.0,162,5,2435.48,1242,23.877254901960786,83,1,2010-04-13 16:33:00,2011-07-01 12:50:00,443,14.8,164.56,248.4
17506.0,76,1,302.2,139,21.585714285714285,14,1,2011-09-25 11:39:00,2011-09-25 11:39:00,0,1.0,302.2,139.0
17507.0,262,2,605.58,359,6.881590909090909,79,1,2011-02-03 18:08:00,2011-03-23 11:48:00,47,1.6,378.49,179.5
17508.0,281,8,4579.23,2891,19.823506493506493,199,1,2009-12-07 11:46:00,2011-03-04 08:10:00,451,15.0,305.28,361.38
17509.0,58,8,6083.64,3512,16.713296703296706,75,1,2011-10-07 13:14:00,2011-10-13 10:26:00,5,0.2,30418.2,439.0
17510.0,25,2,514.56,422,14.701714285714283,28,1,2010-10-15 10:20:00,2011-11-15 10:00:00,395,13.2,38.98,211.0
17511.0,3,60,172132.87,117174,92.14821734475375,657,1,2009-12-02 10:52:00,2011-12-07 10:12:00,734,24.5,7025.83,1952.9
17512.0,29,18,5467.820000000001,5434,27.75543147208122,102,1,2009-12-10 19:35:00,2011-11-11 12:11:00,700,23.3,234.67,301.89
17513.0,72,3,1158.8,440,64.37777777777778,18,1,2010-08-17 15:08:00,2011-09-28 16:42:00,407,13.6,85.21,146.67
17514.0,128,2,522.0,284,6.289156626506024,72,1,2010-02-08 14:00:00,2011-08-03 15:45:00,541,18.0,29.0,142.0
17515.0,31,9,1602.51,527,8.952569832402235,91,1,2010-06-07 13:29:00,2011-11-08 14:04:00,519,17.3,92.63,58.56
17516.0,15,6,947.5,522,4.960732984293194,150,1,2010-11-26 12:50:00,2011-11-24 16:51:00,363,12.1,78.31,87.0
17517.0,309,1,153.94,102,13.994545454545454,11,1,2011-02-04 11:48:00,2011-02-04 11:48:00,0,1.0,153.94,102.0
17518.0,426,2,329.42,267,4.278181818181818,71,1,2010-03-28 13:31:00,2010-10-10 12:40:00,195,6.5,50.68,133.5
17519.0,17,15,4774.17,3230,23.40279411764706,142,1,2009-12-01 09:57:00,2011-11-22 16:43:00,721,24.0,198.92,215.33
17520.0,54,1,546.81,365,18.226999999999997,30,1,2011-10-17 12:04:00,2011-10-17 12:04:00,0,1.0,546.81,365.0
17521.0,30,5,1278.06,806,16.385384615384616,65,1,2010-10-01 11:49:00,2011-11-10 11:22:00,404,13.5,94.67,161.2
17522.0,2,5,1070.71,1034,14.667260273972603,59,1,2011-05-05 16:31:00,2011-12-08 12:31:00,216,7.2,148.71,206.8
17523.0,11,4,652.74,872,19.78,25,1,2011-11-20 13:40:00,2011-11-28 13:20:00,7,0.2,3263.7,218.0
17524.0,361,3,539.14,362,12.53813953488372,37,1,2010-09-27 16:20:00,2010-12-13 14:32:00,76,2.5,215.66,120.67
17525.0,360,3,1161.9,338,44.68846153846154,19,1,2010-10-07 09:12:00,2010-12-15 12:05:00,69,2.3,505.17,112.67
17526.0,5,12,3939.24,1442,42.81782608695652,67,1,2009-12-17 16:18:00,2011-12-05 11:05:00,717,23.9,164.82,120.17
17527.0,54,4,939.37,488,19.98659574468085,45,1,2011-05-05 13:43:00,2011-10-17 12:32:00,164,5.5,170.79,122.0
17528.0,1,8,3628.5,2138,14.34189723320158,183,1,2011-09-29 13:04:00,2011-12-08 13:27:00,70,2.3,1577.61,267.25
17529.0,610,2,1240.25,790,15.125,78,1,2010-01-11 12:29:00,2010-04-08 17:51:00,87,2.9,427.67,395.0
17530.0,1,12,2791.69,1741,5.852599580712789,359,1,2009-12-06 16:17:00,2011-12-08 18:42:00,732,24.4,114.41,145.08
17531.0,190,3,1266.82,472,21.841724137931035,54,1,2010-03-31 12:57:00,2011-06-02 19:17:00,428,14.3,88.59,157.33
17532.0,386,1,65.34,30,16.335,4,1,2010-11-19 08:13:00,2010-11-19 08:13:00,0,1.0,65.34,30.0
17533.0,435,1,34.8,24,34.8,1,1,2010-10-01 09:14:00,2010-10-01 09:14:00,0,1.0,34.8,24.0
17534.0,54,5,1668.83,860,18.13945652173913,76,1,2010-02-25 16:55:00,2011-10-17 12:47:00,598,19.9,83.86,172.0
17535.0,280,1,164.4,136,12.646153846153847,13,1,2011-03-04 15:20:00,2011-03-04 15:20:00,0,1.0,164.4,136.0
17536.0,177,3,364.83,201,22.801875,16,1,2010-01-26 12:00:00,2011-06-15 13:23:00,505,16.8,21.72,67.0
17537.0,30,2,887.6700000000001,699,11.995540540540542,74,1,2011-02-09 13:37:00,2011-11-10 10:56:00,273,9.1,97.55,349.5
17538.0,26,1,98.42,134,10.935555555555556,9,1,2011-11-14 12:12:00,2011-11-14 12:12:00,0,1.0,98.42,134.0
17539.0,618,4,1176.84,708,8.1725,132,1,2009-12-13 12:36:00,2010-04-01 12:07:00,108,3.6,326.9,177.0
17540.0,25,6,1590.6000000000001,588,24.853125000000002,41,1,2010-04-19 09:47:00,2011-11-15 11:56:00,575,19.2,82.84,98.0
17541.0,510,1,119.86,44,3.8664516129032256,31,1,2010-07-18 11:36:00,2010-07-18 11:36:00,0,1.0,119.86,44.0
17542.0,270,3,340.85,323,5.32578125,57,1,2010-03-08 12:08:00,2011-03-15 11:45:00,371,12.4,27.49,107.67
17543.0,550,1,120.05,62,9.234615384615385,13,1,2010-06-08 12:41:00,2010-06-08 12:41:00,0,1.0,120.05,62.0
17544.0,390,3,944.82,410,10.736590909090909,80,1,2010-11-14 14:47:00,2010-11-14 15:08:00,0,1.0,944.82,136.67
17545.0,43,6,1409.8600000000001,682,5.422538461538462,204,1,2010-05-11 10:04:00,2011-10-27 14:04:00,534,17.8,79.21,113.67
17547.0,376,2,727.85,223,23.479032258064517,22,1,2010-02-12 14:34:00,2010-11-29 09:41:00,289,9.6,75.82,111.5
17548.0,234,4,731.26,494,21.50764705882353,22,1,2010-11-08 16:19:00,2011-04-20 12:01:00,162,5.4,135.42,123.5
17549.0,24,2,148.86,210,24.810000000000002,5,1,2011-10-19 10:05:00,2011-11-16 09:59:00,27,0.9,165.4,105.0
17550.0,197,9,2506.64,968,7.808847352024921,250,1,2010-02-07 15:07:00,2011-05-26 14:09:00,472,15.7,159.66,107.56
17551.0,359,1,290.34,142,7.444615384615384,39,1,2010-12-15 14:12:00,2010-12-15 14:12:00,0,1.0,290.34,142.0
17552.0,60,12,2786.77,1951,19.487902097902097,78,1,2010-03-22 09:19:00,2011-10-10 17:00:00,567,18.9,147.45,162.58
17553.0,130,4,3757.6,2288,626.2666666666667,2,1,2010-04-08 09:44:00,2011-08-02 10:00:00,481,16.0,234.85,572.0
17554.0,1,5,1952.45,1763,22.18693181818182,58,1,2011-07-14 20:01:00,2011-12-08 14:15:00,146,4.9,398.46,352.6
17555.0,20,5,1045.74,739,3.9611363636363635,220,1,2010-05-02 16:02:00,2011-11-20 12:22:00,566,18.9,55.33,147.8
17556.0,206,2,300.67,184,21.476428571428574,13,1,2010-11-25 17:00:00,2011-05-18 10:48:00,173,5.8,51.84,92.0
17557.0,14,4,575.46,310,16.441714285714287,28,1,2009-12-07 10:15:00,2011-11-25 12:57:00,718,23.9,24.08,77.5
17558.0,393,1,259.17,54,9.25607142857143,28,1,2010-11-11 14:36:00,2010-11-11 14:36:00,0,1.0,259.17,54.0
17559.0,513,1,167.62,270,13.968333333333334,12,1,2010-07-15 12:02:00,2010-07-15 12:02:00,0,1.0,167.62,270.0
17560.0,95,8,1895.8,1588,34.46909090909091,37,1,2010-02-17 12:11:00,2011-09-06 09:18:00,565,18.8,100.84,198.5
17561.0,19,4,703.02,381,3.6807329842931935,163,1,2009-12-06 13:29:00,2011-11-20 12:53:00,713,23.8,29.54,95.25
17562.0,14,7,1122.38,817,17.81555555555556,48,1,2011-06-19 13:06:00,2011-11-25 14:21:00,159,5.3,211.77,116.71
17563.0,578,2,392.38,256,13.530344827586207,27,1,2010-04-07 10:02:00,2010-05-10 14:54:00,33,1.1,356.71,128.0
17564.0,24,3,454.01,146,9.265510204081632,38,1,2011-09-20 14:00:00,2011-11-15 13:27:00,55,1.8,252.23,48.67
17565.0,587,1,131.83,67,4.394333333333334,30,1,2010-05-02 11:54:00,2010-05-02 11:54:00,0,1.0,131.83,67.0
17566.0,8,2,869.77,497,6.125140845070423,113,1,2011-11-14 13:42:00,2011-12-01 19:54:00,17,0.6,1449.62,248.5
17567.0,7,9,4838.08,2908,24.68408163265306,128,1,2010-09-24 10:48:00,2011-12-02 15:48:00,434,14.5,333.66,323.11
17568.0,633,1,374.45,275,6.039516129032258,61,1,2010-03-16 16:45:00,2010-03-16 16:45:00,0,1.0,374.45,275.0
17569.0,332,1,344.14,159,11.866896551724137,29,1,2011-01-11 14:15:00,2011-01-11 14:15:00,0,1.0,344.14,159.0
17570.0,382,1,100.0,1,100.0,1,1,2010-11-23 11:56:00,2010-11-23 11:56:00,0,1.0,100.0,1.0
17571.0,50,5,1630.91,991,5.018184615384616,290,1,2010-06-15 12:50:00,2011-10-20 15:57:00,492,16.4,99.45,198.2
17572.0,71,10,652.21,327,20.3815625,14,1,2009-12-15 10:00:00,2011-09-29 17:53:00,653,21.8,29.92,32.7
17573.0,29,3,380.6,308,15.224,24,1,2011-09-07 10:36:00,2011-11-10 13:01:00,64,2.1,181.24,102.67
17574.0,243,1,185.65,77,23.20625,8,1,2011-04-11 09:47:00,2011-04-11 09:47:00,0,1.0,185.65,77.0
17575.0,667,1,171.7,72,34.339999999999996,5,1,2010-02-10 13:48:00,2010-02-10 13:48:00,0,1.0,171.7,72.0
17576.0,8,41,8711.95,4583,9.799718785151857,417,1,2009-12-03 16:54:00,2011-12-01 17:56:00,728,24.3,358.52,111.78
17577.0,645,2,348.75,179,16.607142857142858,20,1,2010-02-09 10:10:00,2010-03-04 13:01:00,23,0.8,435.94,89.5
17578.0,218,7,1047.33,529,16.11276923076923,57,1,2010-06-28 11:55:00,2011-05-05 18:38:00,311,10.4,100.7,75.57
17579.0,5,4,753.28,375,8.013617021276595,89,1,2010-05-10 14:28:00,2011-12-05 12:28:00,573,19.1,39.44,93.75
17580.0,253,5,541.02,223,5.755531914893617,78,1,2010-10-13 14:28:00,2011-04-01 12:41:00,169,5.6,96.61,44.6
17581.0,1,43,17951.17,9519,22.13461159062885,387,1,2009-12-03 12:34:00,2011-12-09 12:21:00,735,24.5,732.7,221.37
17582.0,236,5,1446.95,603,11.860245901639345,92,1,2010-03-26 12:23:00,2011-04-17 13:18:00,387,12.9,112.17,120.6
17583.0,560,1,135.95,55,19.42142857142857,7,1,2010-05-28 14:24:00,2010-05-28 14:24:00,0,1.0,135.95,55.0
17584.0,7,6,5309.42,2464,42.817903225806454,85,1,2010-01-25 08:17:00,2011-12-02 17:12:00,676,22.5,235.97,410.67
17585.0,109,7,2064.71,2510,5.376848958333333,295,1,2010-08-18 16:39:00,2011-08-22 13:30:00,368,12.3,167.86,358.57
17586.0,619,1,167.4,68,20.925,8,1,2010-03-30 13:12:00,2010-03-30 13:12:00,0,1.0,167.4,68.0
17587.0,628,1,176.71,67,4.207380952380952,42,1,2010-03-21 14:16:00,2010-03-21 14:16:00,0,1.0,176.71,67.0
17588.0,100,7,2939.55,1379,41.40211267605634,35,1,2010-03-12 12:34:00,2011-08-31 13:37:00,537,17.9,164.22,197.0
17589.0,60,18,13837.94,8704,10.628218125960062,601,1,2010-03-07 13:48:00,2011-10-10 16:58:00,582,19.4,713.3,483.56
17590.0,2,3,1468.02,822,7.489897959183673,162,1,2011-10-30 14:05:00,2011-12-07 12:55:00,37,1.2,1223.35,274.0
17591.0,73,8,2339.32,1028,13.29159090909091,93,1,2010-01-17 16:09:00,2011-09-27 13:42:00,617,20.6,113.56,128.5
17592.0,739,1,148.3,38,11.407692307692308,13,1,2009-12-01 10:49:00,2009-12-01 10:49:00,0,1.0,148.3,38.0
17593.0,4,11,8092.32,5595,19.83411764705882,311,1,2009-12-04 14:35:00,2011-12-06 10:30:00,731,24.4,331.65,508.64
17594.0,85,4,2497.88,1368,24.018076923076926,70,1,2010-04-14 08:53:00,2011-09-15 16:34:00,519,17.3,144.39,342.0
17595.0,12,2,386.69,228,4.715731707317073,68,1,2011-11-02 16:19:00,2011-11-27 16:08:00,24,0.8,483.36,114.0
17596.0,23,13,4491.46,7010,9.241687242798355,274,1,2009-12-15 13:21:00,2011-11-16 14:11:00,701,23.4,191.94,539.23
17597.0,214,5,3484.09,2215,27.219453125,109,1,2010-05-05 15:33:00,2011-05-10 11:54:00,369,12.3,283.26,443.0
17598.0,381,1,409.98,126,40.998000000000005,10,1,2010-11-23 17:43:00,2010-11-23 17:43:00,0,1.0,409.98,126.0
17599.0,478,1,52.05,11,17.349999999999998,3,1,2010-08-19 12:50:00,2010-08-19 12:50:00,0,1.0,52.05,11.0
17600.0,18,1,161.67000000000002,144,12.436153846153847,13,1,2011-11-22 09:43:00,2011-11-22 09:43:00,0,1.0,161.67,144.0
17601.0,239,2,413.08,295,5.737222222222222,69,1,2010-11-24 14:29:00,2011-04-14 18:02:00,141,4.7,87.89,147.5
17602.0,2,14,7354.43,5880,8.09068206820682,450,1,2010-03-30 17:25:00,2011-12-07 13:53:00,616,20.5,358.75,420.0
17603.0,78,4,1788.38,638,16.871509433962267,104,1,2009-12-10 09:44:00,2011-09-22 14:18:00,651,21.7,82.41,159.5
17604.0,217,6,942.38,614,4.530673076923077,142,1,2010-01-27 12:19:00,2011-05-06 13:43:00,464,15.5,60.8,102.33
17605.0,590,1,160.75,71,12.365384615384615,13,1,2010-04-28 14:45:00,2010-04-28 14:45:00,0,1.0,160.75,71.0
17606.0,737,1,87.30000000000001,42,14.550000000000002,6,1,2009-12-02 13:32:00,2009-12-02 13:32:00,0,1.0,87.3,42.0
17607.0,376,1,333.81,269,15.173181818181819,22,1,2010-11-28 13:11:00,2010-11-28 13:11:00,0,1.0,333.81,269.0
17608.0,33,4,488.06,528,3.069559748427673,134,1,2010-04-11 13:37:00,2011-11-06 13:06:00,573,19.1,25.55,132.0
17609.0,41,11,1887.8999999999999,1321,4.903636363636363,317,1,2010-04-09 16:54:00,2011-10-30 12:28:00,568,18.9,99.89,120.09
17610.0,540,5,1511.94,893,9.817792207792207,114,1,2009-12-06 16:07:00,2010-06-17 16:34:00,193,6.4,236.24,178.6
17611.0,7,28,8337.53,5341,7.497778776978418,722,1,2009-12-01 13:29:00,2011-12-02 13:29:00,731,24.4,341.7,190.75
17612.0,53,18,5394.86,3521,15.867235294117647,213,1,2009-12-17 11:59:00,2011-10-17 14:59:00,669,22.3,241.92,195.61
17613.0,23,14,4544.55,2490,14.851470588235294,211,1,2011-02-07 11:20:00,2011-11-17 10:51:00,282,9.4,483.46,177.86
17614.0,57,1,386.32,235,3.9420408163265304,97,1,2011-10-13 16:01:00,2011-10-13 16:01:00,0,1.0,386.32,235.0
17615.0,130,6,721.8000000000001,378,12.889285714285716,47,1,2010-08-11 12:54:00,2011-08-01 14:06:00,355,11.8,61.17,63.0
17616.0,174,4,734.4,288,183.6,1,1,2010-09-14 10:43:00,2011-06-19 10:11:00,277,9.2,79.83,72.0
17617.0,559,1,385.19,249,21.399444444444445,18,1,2010-05-30 12:48:00,2010-05-30 12:48:00,0,1.0,385.19,249.0
17618.0,6,11,4001.64,1798,11.2090756302521,202,1,2010-01-24 11:03:00,2011-12-04 11:50:00,679,22.6,177.06,163.45
17619.0,312,1,214.37,124,2.896891891891892,71,1,2011-01-31 14:18:00,2011-01-31 14:18:00,0,1.0,214.37,124.0
17620.0,60,1,81.44,60,20.36,4,1,2011-10-11 12:08:00,2011-10-11 12:08:00,0,1.0,81.44,60.0
17621.0,21,6,3175.12,1110,48.10787878787879,61,1,2010-10-04 09:37:00,2011-11-18 17:11:00,410,13.7,231.76,185.0
17622.0,598,2,1130.21,379,29.742368421052632,19,1,2010-04-20 13:38:00,2010-04-21 12:36:00,0,1.0,1130.21,189.5
17623.0,33,7,2365.77,799,12.194690721649485,130,1,2009-12-14 14:36:00,2011-11-07 11:32:00,692,23.1,102.41,114.14
17624.0,15,4,1568.63,958,16.171443298969074,91,1,2009-12-20 12:35:00,2011-11-25 10:52:00,704,23.5,66.75,239.5
17625.0,18,8,5978.9,3505,8.753879941434846,429,1,2009-12-15 11:49:00,2011-11-21 13:36:00,706,23.5,254.42,438.12
17626.0,603,1,254.0,202,14.11111111111111,18,1,2010-04-16 12:15:00,2010-04-16 12:15:00,0,1.0,254.0,202.0
17627.0,479,1,296.36,676,29.636000000000003,10,1,2010-08-18 11:27:00,2010-08-18 11:27:00,0,1.0,296.36,676.0
17628.0,81,1,75.75,79,15.15,5,1,2011-09-19 15:21:00,2011-09-19 15:21:00,0,1.0,75.75,79.0
17629.0,6,10,2455.52,1903,15.740512820512821,129,1,2010-10-14 13:35:00,2011-12-04 10:56:00,415,13.8,177.94,190.3
17630.0,170,2,503.6,158,19.36923076923077,24,1,2011-04-21 14:03:00,2011-06-23 11:58:00,62,2.1,239.81,79.0
17631.0,2,7,998.49,591,14.470869565217392,66,1,2009-12-09 14:15:00,2011-12-08 09:47:00,728,24.3,41.09,84.43
17633.0,31,7,2057.39,899,20.37019801980198,84,1,2010-11-15 14:55:00,2011-11-08 13:25:00,357,11.9,172.89,128.43
17634.0,36,9,2358.59,838,7.96820945945946,209,1,2011-01-06 12:45:00,2011-11-03 13:09:00,301,10.0,235.86,93.11
17635.0,424,3,1265.58,770,17.10243243243243,60,1,2010-04-28 10:51:00,2010-10-11 15:12:00,166,5.5,230.11,256.67
17636.0,19,1,285.56,182,14.278,20,1,2011-11-20 14:40:00,2011-11-20 14:40:00,0,1.0,285.56,182.0
17637.0,31,2,547.0600000000001,280,15.630285714285716,35,1,2011-08-16 13:25:00,2011-11-08 12:51:00,83,2.8,195.38,140.0
17638.0,647,2,842.4000000000001,432,280.8,2,1,2009-12-18 09:58:00,2010-03-02 14:32:00,74,2.5,336.96,216.0
17639.0,276,6,615.17,576,7.7869620253164555,59,1,2010-08-13 11:59:00,2011-03-08 15:22:00,207,6.9,89.16,96.0
17640.0,87,6,3168.94,1692,48.014242424242425,48,1,2010-03-23 09:15:00,2011-09-14 09:13:00,539,18.0,176.05,282.0
17642.0,120,5,1824.49,1475,16.893425925925925,88,1,2009-12-05 16:01:00,2011-08-12 09:11:00,614,20.5,89.0,295.0
17643.0,373,2,439.7,226,14.183870967741935,30,1,2010-07-22 13:07:00,2010-12-01 14:38:00,132,4.4,99.93,113.0
17644.0,1,20,6028.6,3469,18.436085626911318,160,1,2010-02-16 08:44:00,2011-12-08 13:43:00,660,22.0,274.03,173.45
17646.0,219,12,3898.79,1308,19.891785714285714,124,1,2009-12-16 09:37:00,2011-05-04 13:17:00,504,16.8,232.07,109.0
17647.0,65,3,331.65999999999997,82,27.638333333333332,12,1,2010-02-08 14:39:00,2011-10-05 15:38:00,604,20.1,16.5,27.33
17648.0,61,5,2216.37,954,17.73096,114,1,2010-11-19 16:41:00,2011-10-10 09:41:00,324,10.8,205.22,190.8
17649.0,138,3,1578.89,723,16.111122448979593,88,1,2010-08-24 13:01:00,2011-07-24 15:53:00,334,11.1,142.24,241.0
17650.0,21,1,166.07999999999998,150,20.759999999999998,8,1,2011-11-18 14:52:00,2011-11-18 14:52:00,0,1.0,166.08,150.0
17651.0,12,16,5703.52,4086,17.179277108433737,198,1,2010-07-01 12:17:00,2011-11-28 10:29:00,514,17.1,333.54,255.38
17652.0,25,12,4867.72,2509,18.794285714285714,118,1,2011-03-03 14:05:00,2011-11-14 12:55:00,255,8.5,572.67,209.08
17653.0,37,4,1207.56,1409,27.44454545454545,44,1,2011-08-11 15:24:00,2011-11-03 12:46:00,83,2.8,431.27,352.25
17654.0,277,1,117.55,41,5.343181818181818,22,1,2011-03-07 13:17:00,2011-03-07 13:17:00,0,1.0,117.55,41.0
17655.0,11,9,2976.38,1268,26.814234234234235,75,1,2010-10-19 10:20:00,2011-11-29 11:34:00,406,13.5,220.47,140.89
17656.0,73,5,1674.69,1399,20.423048780487804,67,1,2011-08-03 10:45:00,2011-09-27 13:04:00,55,1.8,930.38,279.8
17657.0,430,1,126.0,60,18.0,7,1,2010-10-05 14:52:00,2010-10-05 14:52:00,0,1.0,126.0,60.0
17658.0,26,2,595.42,616,31.337894736842102,17,1,2011-05-12 15:23:00,2011-11-14 12:07:00,185,6.2,96.04,308.0
17659.0,17,14,3586.9900000000002,1752,18.682239583333335,150,1,2010-11-18 14:20:00,2011-11-22 13:29:00,368,12.3,291.63,125.14
17660.0,141,2,342.22,259,4.173414634146342,75,1,2009-12-02 16:02:00,2011-07-21 13:37:00,595,19.8,17.28,129.5
17662.0,662,2,412.92,184,27.528000000000002,14,1,2009-12-17 09:54:00,2010-02-16 09:38:00,60,2.0,206.46,92.0
17663.0,26,17,5175.83,2297,21.74718487394958,153,1,2010-03-04 11:42:00,2011-11-14 08:56:00,619,20.6,251.25,135.12
17664.0,19,4,1166.23,1058,14.577875,68,1,2010-03-29 17:17:00,2011-11-21 11:29:00,601,20.0,58.31,264.5
17665.0,493,1,563.1,690,29.63684210526316,19,1,2010-08-03 13:12:00,2010-08-03 13:12:00,0,1.0,563.1,690.0
17666.0,4,5,2047.8,1552,46.54090909090909,30,1,2010-06-30 12:03:00,2011-12-06 09:06:00,523,17.4,117.69,310.4
17667.0,66,9,3950.7,2192,17.17695652173913,140,1,2010-02-23 09:57:00,2011-10-04 14:32:00,588,19.6,201.57,243.56
17668.0,1,2,347.75,93,23.183333333333334,14,1,2011-11-01 14:45:00,2011-12-08 13:25:00,36,1.2,289.79,46.5
17669.0,43,10,6142.35,3505,42.655208333333334,85,1,2010-04-01 18:48:00,2011-10-28 08:53:00,574,19.1,321.59,350.5
17670.0,228,1,205.7,110,18.7,11,1,2011-04-26 09:12:00,2011-04-26 09:12:00,0,1.0,205.7,110.0
17671.0,16,5,2009.16,987,26.788800000000002,54,1,2010-11-29 11:53:00,2011-11-24 12:21:00,360,12.0,167.43,197.4
17672.0,50,7,5778.63,2758,28.051601941747574,179,1,2010-01-26 17:20:00,2011-10-20 14:18:00,631,21.0,275.17,394.0
17673.0,2,13,4173.88,3284,8.232504930966469,195,1,2010-03-19 14:02:00,2011-12-08 12:50:00,628,20.9,199.71,252.62
17674.0,74,2,551.04,672,20.40888888888889,19,1,2010-12-06 10:20:00,2011-09-26 13:35:00,294,9.8,56.23,336.0
17675.0,1,70,37642.48,16180,33.72982078853047,345,1,2009-12-10 16:10:00,2011-12-08 18:03:00,728,24.3,1549.07,231.14
17676.0,4,10,2448.64,1764,16.544864864864863,85,1,2010-03-30 10:49:00,2011-12-05 15:16:00,615,20.5,119.45,176.4
17677.0,2,54,35058.46,20921,51.18023357664234,346,1,2009-12-16 11:23:00,2011-12-08 09:56:00,721,24.0,1460.77,387.43
17678.0,264,2,599.76,368,21.419999999999998,27,1,2010-04-15 13:54:00,2011-03-21 11:52:00,339,11.3,53.08,184.0
17679.0,53,7,3577.61,1755,44.16802469135803,70,1,2009-12-03 17:32:00,2011-10-18 07:43:00,683,22.8,156.91,250.71
17680.0,24,3,497.45000000000005,155,24.872500000000002,20,1,2010-07-16 16:07:00,2011-11-16 12:42:00,487,16.2,30.71,51.67
17681.0,597,5,731.2,450,52.228571428571435,12,1,2010-01-15 11:53:00,2010-04-21 17:22:00,96,3.2,228.5,90.0
17682.0,10,11,4065.28,2281,18.478545454545454,85,1,2010-03-08 09:49:00,2011-11-29 15:59:00,631,21.0,193.58,207.36
17683.0,386,3,819.01,781,17.804565217391303,41,1,2010-06-03 17:15:00,2010-11-19 10:11:00,168,5.6,146.25,260.33
17684.0,44,1,239.41,145,15.960666666666667,15,1,2011-10-27 11:10:00,2011-10-27 11:10:00,0,1.0,239.41,145.0
17685.0,17,12,5454.95,3474,27.550252525252525,124,1,2010-02-11 13:44:00,2011-11-23 11:36:00,649,21.6,252.54,289.5
17686.0,7,9,8296.81,3583,19.339883449883448,283,1,2010-06-24 09:49:00,2011-12-02 15:39:00,526,17.5,474.1,398.11
17687.0,421,1,432.68,210,16.641538461538463,26,1,2010-10-15 12:30:00,2010-10-15 12:30:00,0,1.0,432.68,210.0
17688.0,394,1,304.2,114,16.010526315789473,19,1,2010-11-11 10:41:00,2010-11-11 10:41:00,0,1.0,304.2,114.0
17689.0,388,2,317.08,300,14.412727272727272,17,1,2010-08-22 13:54:00,2010-11-16 13:22:00,85,2.8,113.24,150.0
17690.0,30,20,6963.8,2939,19.34388888888889,237,1,2010-02-03 14:26:00,2011-11-09 15:17:00,644,21.5,323.9,146.95
17691.0,358,4,637.55,315,14.826744186046511,37,1,2010-06-11 11:50:00,2010-12-16 17:20:00,188,6.3,101.2,78.75
17692.0,127,12,2975.8,2338,18.36913580246914,90,1,2010-06-17 11:14:00,2011-08-04 14:01:00,413,13.8,215.64,194.83
17693.0,137,1,200.47,231,12.529375,16,1,2011-07-25 15:48:00,2011-07-25 15:48:00,0,1.0,200.47,231.0
17694.0,142,3,1695.97,1493,20.937901234567903,54,1,2010-05-26 08:27:00,2011-07-21 12:00:00,421,14.0,121.14,497.67
17695.0,132,5,1746.04,1809,28.623606557377048,46,1,2010-01-28 09:27:00,2011-07-31 10:40:00,549,18.3,95.41,361.8
17696.0,38,27,7679.59,5891,21.039972602739727,191,1,2009-12-10 17:09:00,2011-11-01 13:43:00,690,23.0,333.9,218.19
17697.0,236,1,338.95,93,17.839473684210525,19,1,2011-04-17 15:40:00,2011-04-17 15:40:00,0,1.0,338.95,93.0
17698.0,261,1,154.95,93,19.36875,8,1,2011-03-24 11:34:00,2011-03-24 11:34:00,0,1.0,154.95,93.0
17699.0,477,2,442.0,208,23.263157894736842,17,1,2010-05-27 11:53:00,2010-08-20 09:39:00,84,2.8,157.86,104.0
17700.0,17,14,6679.97,3469,18.555472222222225,259,1,2009-12-01 11:37:00,2011-11-23 11:51:00,722,24.1,277.18,247.79
17701.0,253,1,417.95,109,17.414583333333333,24,1,2011-04-01 12:25:00,2011-04-01 12:25:00,0,1.0,417.95,109.0
17702.0,30,6,3144.04,2153,20.549281045751634,120,1,2010-11-04 12:09:00,2011-11-09 16:03:00,370,12.3,255.61,358.83
17703.0,35,4,1094.84,897,14.036410256410255,63,1,2010-10-17 16:16:00,2011-11-04 15:51:00,382,12.7,86.21,224.25
17704.0,169,2,885.19,343,28.554516129032258,27,1,2011-04-14 09:28:00,2011-06-24 09:40:00,71,2.4,368.83,171.5
17705.0,3,11,2083.9,1301,17.365833333333335,74,1,2010-05-12 09:47:00,2011-12-06 13:45:00,573,19.1,109.1,118.27
17706.0,4,31,20272.15,7824,27.506309362279513,408,1,2010-01-19 12:13:00,2011-12-05 13:34:00,685,22.8,889.13,252.39
17707.0,185,8,609.3,546,25.3875,9,1,2009-12-07 12:19:00,2011-06-07 15:03:00,547,18.2,33.48,68.25
17708.0,188,4,884.1800000000001,387,12.11205479452055,57,1,2010-10-12 12:13:00,2011-06-05 10:12:00,235,7.8,113.36,96.75
17709.0,170,5,671.01,295,16.77525,37,1,2010-04-15 14:48:00,2011-06-23 11:55:00,433,14.4,46.6,59.0
17710.0,424,1,293.5,158,14.675,20,1,2010-10-12 07:49:00,2010-10-12 07:49:00,0,1.0,293.5,158.0
17711.0,11,2,385.1,246,16.743478260869566,22,1,2011-02-23 11:32:00,2011-11-29 11:40:00,279,9.3,41.41,123.0
17712.0,45,1,522.91,215,18.031379310344825,29,1,2011-10-26 12:28:00,2011-10-26 12:28:00,0,1.0,522.91,215.0
17713.0,382,4,1198.09,989,15.764342105263157,55,1,2010-06-09 09:33:00,2010-11-22 16:50:00,166,5.5,217.83,247.25
17714.0,321,5,1410.18,608,17.40962962962963,69,1,2010-07-14 10:41:00,2011-01-23 10:32:00,192,6.4,220.34,121.6
17715.0,201,2,489.59999999999997,576,244.79999999999998,1,1,2010-04-26 12:17:00,2011-05-23 12:32:00,392,13.1,37.37,288.0
17716.0,23,24,15956.970000000001,8819,26.550698835274545,334,1,2009-12-02 17:18:00,2011-11-17 12:00:00,714,23.8,670.46,367.46
17717.0,421,1,376.92,344,14.496923076923078,26,1,2010-10-14 12:54:00,2010-10-14 12:54:00,0,1.0,376.92,344.0
17718.0,232,2,439.18,274,19.094782608695652,22,1,2010-03-05 08:01:00,2011-04-21 13:39:00,412,13.7,32.06,137.0
17719.0,38,15,5396.04,2466,19.693576642335767,111,1,2011-03-29 11:29:00,2011-11-02 10:36:00,217,7.2,749.45,164.4
17720.0,26,10,2666.91,1589,20.203863636363636,81,1,2010-05-10 09:58:00,2011-11-13 15:04:00,552,18.4,144.94,158.9
17721.0,659,1,307.21000000000004,107,27.928181818181823,11,1,2010-02-18 15:18:00,2010-02-18 15:18:00,0,1.0,307.21,107.0
17722.0,96,5,3520.2200000000003,2412,20.23114942528736,163,1,2010-11-29 09:44:00,2011-09-04 15:22:00,279,9.3,378.52,482.4
17723.0,127,7,3378.4000000000005,912,281.53333333333336,6,1,2010-11-29 10:35:00,2011-08-04 18:37:00,248,8.3,407.04,130.29
17724.0,71,3,1033.0,300,25.825,38,1,2011-07-24 13:26:00,2011-09-29 15:26:00,67,2.2,469.55,100.0
17725.0,16,11,3439.08,2162,17.911875,115,1,2011-03-17 19:47:00,2011-11-23 16:34:00,250,8.3,414.35,196.55
17726.0,395,7,1092.06,444,17.0634375,52,1,2010-01-26 14:58:00,2010-11-09 13:37:00,286,9.5,114.95,63.43
17727.0,15,1,1060.25,645,16.064393939393938,66,1,2011-11-24 17:06:00,2011-11-24 17:06:00,0,1.0,1060.25,645.0
17728.0,4,5,4238.76,2146,17.371967213114754,196,1,2010-09-12 14:58:00,2011-12-06 08:52:00,449,15.0,282.58,429.2
17729.0,596,1,438.65000000000003,247,19.071739130434786,23,1,2010-04-22 15:03:00,2010-04-22 15:03:00,0,1.0,438.65,247.0
17730.0,3,20,7773.8,5300,24.757324840764333,177,1,2010-04-29 11:48:00,2011-12-06 15:43:00,586,19.5,398.66,265.0
17731.0,79,6,1708.99,707,17.262525252525254,82,1,2010-02-09 12:37:00,2011-09-21 15:02:00,589,19.6,87.19,117.83
17732.0,373,8,2166.42,1058,17.757540983606557,90,1,2010-08-09 08:41:00,2010-12-02 09:29:00,115,3.8,570.11,132.25
17733.0,39,2,692.19,463,19.776857142857143,33,1,2011-03-23 09:54:00,2011-11-01 08:16:00,222,7.4,93.54,231.5
17734.0,54,6,1442.32,741,16.771162790697673,76,1,2010-03-07 13:55:00,2011-10-17 12:33:00,588,19.6,73.59,123.5
17735.0,2,26,16790.33,10683,19.210903890160186,391,1,2010-07-30 13:25:00,2011-12-07 16:47:00,495,16.5,1017.6,410.88
17736.0,9,3,377.44,238,15.0976,24,1,2011-08-18 14:33:00,2011-11-30 15:36:00,104,3.5,107.84,79.33
17737.0,9,2,168.24,108,16.824,8,1,2011-10-12 14:42:00,2011-11-30 15:16:00,49,1.6,105.15,54.0
17738.0,19,13,4183.56,2776,18.18939130434783,173,1,2010-03-19 10:07:00,2011-11-20 15:05:00,611,20.4,205.08,213.54
17739.0,12,18,7730.59,2335,51.88315436241611,56,1,2009-12-07 10:48:00,2011-11-28 09:12:00,720,24.0,322.11,129.72
17740.0,389,6,426.90000000000003,222,47.43333333333334,5,1,2010-01-11 13:11:00,2010-11-15 16:33:00,308,10.3,41.45,37.0
17741.0,407,2,101.1,114,16.849999999999998,6,1,2010-05-28 12:11:00,2010-10-29 11:59:00,153,5.1,19.82,57.0
17742.0,113,11,2098.48,653,24.688,52,1,2009-12-01 13:16:00,2011-08-18 15:28:00,625,20.8,100.89,59.36
17743.0,448,1,229.2,96,76.39999999999999,3,1,2010-09-17 14:54:00,2010-09-17 14:54:00,0,1.0,229.2,96.0
17744.0,4,7,2649.14,3826,17.543973509933775,121,1,2010-11-24 09:34:00,2011-12-06 12:11:00,377,12.6,210.25,546.57
17745.0,478,2,600.34,164,21.440714285714286,27,1,2010-06-02 09:03:00,2010-08-19 12:30:00,78,2.6,230.9,82.0
17746.0,240,4,904.1800000000001,688,25.116111111111113,32,1,2010-04-08 12:54:00,2011-04-13 14:31:00,370,12.3,73.51,172.0
17747.0,113,1,71.4,12,71.4,1,1,2011-08-19 08:13:00,2011-08-19 08:13:00,0,1.0,71.4,12.0
17748.0,527,1,358.15,111,21.06764705882353,17,1,2010-06-30 13:49:00,2010-06-30 13:49:00,0,1.0,358.15,111.0
17749.0,178,3,1026.18,446,18.003157894736844,52,1,2010-06-11 14:56:00,2011-06-14 15:45:00,368,12.3,83.43,148.67
17750.0,5,9,1710.45,3747,9.29592391304348,101,1,2011-06-28 15:44:00,2011-12-04 14:09:00,158,5.3,322.73,416.33
17751.0,421,1,157.85999999999999,147,4.9331249999999995,31,1,2010-10-14 13:57:00,2010-10-14 13:57:00,0,1.0,157.86,147.0
17752.0,359,1,80.64,192,80.64,1,1,2010-12-15 16:19:00,2010-12-15 16:19:00,0,1.0,80.64,192.0
17753.0,464,4,382.06,124,5.5371014492753625,63,1,2010-01-06 14:20:00,2010-09-01 15:49:00,238,7.9,48.36,31.0
17754.0,1,13,4451.22,4366,19.960627802690585,185,1,2009-12-11 15:52:00,2011-12-09 11:20:00,727,24.2,183.93,335.85
17756.0,376,3,728.75,399,8.675595238095237,54,1,2010-11-10 12:54:00,2010-11-29 12:20:00,18,0.6,1214.58,133.0
17757.0,1,56,9074.05,5011,7.218814638027048,362,1,2010-01-13 15:56:00,2011-12-08 15:31:00,693,23.1,392.82,89.48
17758.0,19,12,4964.03,3199,9.401571969696969,403,1,2010-05-20 13:18:00,2011-11-20 14:45:00,549,18.3,271.26,266.58
17759.0,17,5,1261.88,965,9.487819548872181,114,1,2010-05-05 11:40:00,2011-11-22 16:02:00,566,18.9,66.77,193.0
17760.0,22,6,746.39,531,11.140149253731343,58,1,2010-02-28 12:15:00,2011-11-18 10:56:00,627,20.9,35.71,88.5
17761.0,33,1,712.78,398,37.514736842105265,19,1,2011-11-07 10:23:00,2011-11-07 10:23:00,0,1.0,712.78,398.0
17762.0,456,1,129.75,129,7.632352941176471,16,1,2010-09-09 17:40:00,2010-09-09 17:40:00,0,1.0,129.75,129.0
17763.0,263,4,86.15,41,6.153571428571429,11,1,2010-02-18 14:32:00,2011-03-21 14:25:00,395,13.2,6.53,10.25
17764.0,51,5,1513.57,674,10.158187919463087,126,1,2009-12-03 14:28:00,2011-10-20 11:03:00,685,22.8,66.38,134.8
17765.0,159,4,524.0,195,6.469135802469136,71,1,2010-09-17 12:45:00,2011-07-04 12:41:00,289,9.6,54.58,48.75
17766.0,381,2,299.61,155,13.618636363636364,21,1,2010-11-23 14:17:00,2010-11-23 14:29:00,0,1.0,299.61,77.5
17767.0,15,2,413.05,198,10.591025641025642,35,1,2010-10-25 16:22:00,2011-11-24 14:42:00,394,13.1,31.53,99.0
17768.0,8,7,3292.73,2339,18.091923076923077,134,1,2009-12-02 12:26:00,2011-12-01 13:22:00,729,24.3,135.5,334.14
17769.0,13,17,7053.38,3157,12.098421955403088,330,1,2010-01-19 11:33:00,2011-11-27 11:18:00,676,22.5,313.48,185.71
17770.0,199,5,1143.27,365,30.086052631578948,33,1,2011-03-02 13:35:00,2011-05-25 12:34:00,83,2.8,408.31,73.0
17771.0,57,4,387.41,373,5.6146376811594205,63,1,2010-04-29 13:21:00,2011-10-14 11:43:00,532,17.7,21.89,93.25
17772.0,11,3,360.75,113,3.7578125,94,1,2010-11-12 11:31:00,2011-11-29 11:05:00,381,12.7,28.41,37.67
17773.0,514,2,575.37,254,10.461272727272727,48,1,2010-01-18 14:32:00,2010-07-13 14:07:00,175,5.8,99.2,127.0
17774.0,97,9,3273.83,1585,8.246423173803526,286,1,2010-02-08 16:06:00,2011-09-04 12:49:00,572,19.1,171.4,176.11
17775.0,255,1,56.4,72,18.8,3,1,2011-03-30 10:50:00,2011-03-30 10:50:00,0,1.0,56.4,72.0
17776.0,387,2,330.56,273,4.132,74,1,2009-12-16 14:59:00,2010-11-18 12:14:00,336,11.2,29.51,136.5
17777.0,25,3,647.56,501,3.408210526315789,141,1,2011-08-31 14:35:00,2011-11-15 12:02:00,75,2.5,259.02,167.0
17778.0,662,1,197.70000000000002,214,19.770000000000003,10,1,2010-02-16 12:44:00,2010-02-16 12:44:00,0,1.0,197.7,214.0
17779.0,21,3,650.32,396,8.028641975308643,73,1,2011-07-19 12:19:00,2011-11-18 14:15:00,122,4.1,158.61,132.0
17780.0,667,3,346.56,156,4.386835443037975,76,1,2010-01-24 11:21:00,2010-02-10 13:43:00,17,0.6,577.6,52.0
17781.0,159,2,188.02,34,15.668333333333335,12,1,2011-03-31 19:54:00,2011-07-03 16:00:00,93,3.1,60.65,17.0
17782.0,383,2,679.02,538,23.41448275862069,29,1,2010-11-22 10:03:00,2010-11-22 11:15:00,0,1.0,679.02,269.0
17783.0,72,3,376.96,438,4.142417582417583,91,1,2010-07-15 12:50:00,2011-09-28 16:07:00,440,14.7,25.64,146.0
17784.0,550,1,112.86,72,4.90695652173913,19,1,2010-06-07 16:08:00,2010-06-07 16:08:00,0,1.0,112.86,72.0
17785.0,53,3,403.38,227,7.909411764705882,48,1,2010-05-23 13:01:00,2011-10-17 13:43:00,512,17.1,23.59,75.67
17786.0,85,2,266.85,195,3.9242647058823534,57,1,2011-01-26 14:35:00,2011-09-15 12:51:00,231,7.7,34.66,97.5
17787.0,153,4,1817.54,896,14.19953125,94,1,2010-12-03 13:43:00,2011-07-10 11:24:00,218,7.3,248.98,224.0
17788.0,74,2,1117.9,211,223.58,3,1,2011-08-02 10:38:00,2011-09-27 10:09:00,55,1.8,621.06,105.5
17789.0,281,2,397.15,199,13.694827586206896,27,1,2010-02-16 13:16:00,2011-03-03 13:14:00,379,12.6,31.52,99.5
17790.0,27,20,2779.41,1387,9.203344370860927,188,1,2010-06-13 13:30:00,2011-11-13 11:30:00,517,17.2,161.59,69.35
17791.0,30,1,106.1,46,10.61,10,1,2011-11-10 12:09:00,2011-11-10 12:09:00,0,1.0,106.1,46.0
17792.0,467,2,368.35,149,7.0836538461538465,45,1,2010-08-18 13:08:00,2010-08-29 14:30:00,11,0.4,920.88,74.5
17793.0,25,1,300.34,226,5.77576923076923,49,1,2011-11-14 14:24:00,2011-11-14 14:24:00,0,1.0,300.34,226.0
17794.0,687,2,147.3,46,21.042857142857144,7,1,2010-01-20 12:17:00,2010-01-22 10:18:00,1,1.0,147.3,23.0
17795.0,180,2,342.83,305,7.618444444444444,43,1,2011-03-20 12:02:00,2011-06-13 12:36:00,85,2.8,122.44,152.5
17796.0,40,7,1236.39,347,6.090591133004927,149,1,2010-10-14 13:37:00,2011-10-30 15:38:00,381,12.7,97.35,49.57
17797.0,22,8,1971.8700000000001,1086,7.276273062730628,222,1,2009-12-15 14:30:00,2011-11-17 13:21:00,701,23.4,84.27,135.75
17798.0,582,1,178.07,138,3.957111111111111,43,1,2010-05-07 11:42:00,2010-05-07 11:42:00,0,1.0,178.07,138.0
17799.0,22,20,6246.93,3674,6.910320796460177,478,1,2009-12-13 16:03:00,2011-11-17 15:16:00,703,23.4,266.96,183.7
17800.0,37,9,1187.21,732,11.526310679611651,51,1,2011-01-09 13:50:00,2011-11-02 12:57:00,296,9.9,119.92,81.33
17801.0,451,3,770.03,820,9.506543209876543,66,1,2010-01-17 11:31:00,2010-09-14 14:32:00,240,8.0,96.25,273.33
17802.0,82,10,4946.22,2705,9.439351145038168,283,1,2009-12-13 13:39:00,2011-09-18 14:56:00,644,21.5,230.06,270.5
17803.0,392,1,184.66,98,6.839259259259259,27,1,2010-11-12 13:53:00,2010-11-12 13:53:00,0,1.0,184.66,98.0
17804.0,376,3,383.78000000000003,194,4.217362637362638,82,1,2009-12-01 12:22:00,2010-11-28 14:01:00,362,12.1,31.72,64.67
17805.0,74,2,927.03,1126,84.27545454545454,10,1,2010-04-08 14:36:00,2011-09-27 11:49:00,536,17.9,51.79,563.0
17806.0,11,1,546.04,727,12.698604651162789,43,1,2011-11-28 14:12:00,2011-11-28 14:12:00,0,1.0,546.04,727.0
17807.0,395,3,437.87,262,4.9198876404494385,88,1,2010-01-04 14:00:00,2010-11-09 16:21:00,309,10.3,42.51,87.33
17808.0,549,4,262.64,143,7.958787878787878,29,1,2010-05-07 16:26:00,2010-06-09 10:44:00,32,1.1,238.76,35.75
17809.0,16,20,10085.89,2995,103.97824742268041,59,1,2009-12-02 14:52:00,2011-11-23 12:59:00,720,24.0,420.25,149.75
17810.0,669,2,373.16,118,6.784727272727273,51,1,2010-01-25 10:26:00,2010-02-09 10:47:00,15,0.5,746.32,59.0
17811.0,4,47,9519.8,5278,8.263715277777777,538,1,2010-09-20 11:24:00,2011-12-05 13:46:00,441,14.7,647.61,112.3
17812.0,13,7,911.99,444,4.8253439153439155,162,1,2010-06-27 13:34:00,2011-11-27 11:47:00,517,17.2,53.02,63.43
17813.0,14,5,1698.07,752,4.879511494252873,297,1,2011-09-29 15:57:00,2011-11-25 16:13:00,57,1.9,893.72,150.4
17814.0,375,2,1609.37,1435,11.254335664335663,112,1,2010-10-13 14:03:00,2010-11-29 14:21:00,47,1.6,1005.86,717.5
17815.0,393,1,591.96,612,45.535384615384615,13,1,2010-11-11 14:39:00,2010-11-11 14:39:00,0,1.0,591.96,612.0
17816.0,37,6,96.11,80,2.1357777777777778,41,1,2009-12-15 15:27:00,2011-11-03 11:34:00,687,22.9,4.2,13.33
17817.0,4,6,788.15,353,5.8817164179104475,115,1,2010-10-13 15:07:00,2011-12-05 14:39:00,417,13.9,56.7,58.83
17818.0,738,1,124.78,86,2.970952380952381,42,1,2009-12-02 11:34:00,2009-12-02 11:34:00,0,1.0,124.78,86.0
17819.0,72,12,6021.05,1610,67.65224719101124,66,1,2009-12-13 15:24:00,2011-09-29 10:52:00,654,21.8,276.19,134.17
17820.0,374,1,180.60999999999999,111,4.4051219512195114,39,1,2010-11-30 17:43:00,2010-11-30 17:43:00,0,1.0,180.61,111.0
17821.0,406,1,334.62,162,55.77,6,1,2010-10-29 13:20:00,2010-10-29 13:20:00,0,1.0,334.62,162.0
17822.0,420,5,2162.93,1375,12.798402366863904,152,1,2010-05-28 12:15:00,2010-10-15 13:47:00,140,4.7,460.2,275.0
17823.0,421,2,449.25,252,4.4925,88,1,2010-10-14 16:14:00,2010-10-14 16:24:00,0,1.0,449.25,126.0
17824.0,51,1,298.4,408,22.95384615384615,13,1,2011-10-19 14:14:00,2011-10-19 14:14:00,0,1.0,298.4,408.0
17825.0,599,4,701.96,516,25.99851851851852,24,1,2009-12-14 12:09:00,2010-04-20 12:01:00,126,4.2,167.13,129.0
17826.0,374,1,133.34,84,4.040606060606061,33,1,2010-11-30 13:23:00,2010-11-30 13:23:00,0,1.0,133.34,84.0
17827.0,5,6,2376.17,1582,8.456120996441282,240,1,2010-03-28 12:20:00,2011-12-04 15:00:00,616,20.5,115.91,263.67
17828.0,23,4,1820.09,667,27.1655223880597,54,1,2011-06-08 08:31:00,2011-11-17 08:41:00,162,5.4,337.05,166.75
17829.0,299,5,4756.74,3009,27.817192982456138,121,1,2010-02-22 15:39:00,2011-02-14 12:46:00,356,11.9,399.73,601.8
17830.0,2,3,398.7,92,17.33478260869565,18,1,2011-02-24 10:15:00,2011-12-08 12:28:00,287,9.6,41.53,30.67
17831.0,33,1,35.400000000000006,12,17.700000000000003,2,1,2011-11-06 15:09:00,2011-11-06 15:09:00,0,1.0,35.4,12.0
17832.0,50,1,155.37,208,2.547049180327869,61,1,2011-10-21 11:43:00,2011-10-21 11:43:00,0,1.0,155.37,208.0
17833.0,723,1,338.46000000000004,143,10.918064516129034,28,1,2009-12-16 13:40:00,2009-12-16 13:40:00,0,1.0,338.46,143.0
17834.0,415,2,689.6700000000001,639,11.890862068965518,54,1,2010-09-20 15:32:00,2010-10-21 12:09:00,30,1.0,689.67,319.5
17835.0,3,3,342.24,344,5.800677966101695,45,1,2011-11-16 16:30:00,2011-12-07 11:48:00,20,0.7,488.91,114.67
17836.0,47,1,110.21000000000001,88,4.592083333333334,23,1,2011-10-23 16:13:00,2011-10-23 16:13:00,0,1.0,110.21,88.0
17837.0,42,8,1541.23,510,9.513765432098765,110,1,2011-06-29 16:44:00,2011-10-28 16:13:00,120,4.0,385.31,63.75
17838.0,27,13,5604.64,3491,22.065511811023622,141,1,2010-03-19 09:53:00,2011-11-13 11:20:00,604,20.1,278.84,268.54
17839.0,42,1,318.15,257,6.11826923076923,50,1,2011-10-28 17:27:00,2011-10-28 17:27:00,0,1.0,318.15,257.0
17840.0,444,1,175.9,128,3.5180000000000002,44,1,2010-09-22 12:24:00,2010-09-22 12:24:00,0,1.0,175.9,128.0
17841.0,2,211,68545.25,36584,5.512283876156011,2116,1,2009-12-02 15:41:00,2011-12-08 12:07:00,735,24.5,2797.77,173.38
17842.0,602,1,430.69,89,23.927222222222223,18,1,2010-04-16 14:23:00,2010-04-16 14:23:00,0,1.0,430.69,89.0
17843.0,303,2,320.4,251,5.16774193548387,58,1,2010-10-24 10:56:00,2011-02-09 15:33:00,108,3.6,89.0,125.5
17844.0,107,1,51.559999999999995,52,10.312,5,1,2011-08-25 11:27:00,2011-08-25 11:27:00,0,1.0,51.56,52.0
17845.0,555,4,596.09,195,12.68276595744681,42,1,2010-05-12 13:04:00,2010-06-02 15:20:00,21,0.7,851.56,48.75
17846.0,85,1,2033.1,1,2033.1,1,1,2011-09-15 15:20:00,2011-09-15 15:20:00,0,1.0,2033.1,1.0
17847.0,516,2,129.69,29,14.41,9,1,2010-03-04 12:57:00,2010-07-12 10:00:00,129,4.3,30.16,14.5
17848.0,81,30,3559.11,1404,21.570363636363638,105,1,2009-12-06 13:19:00,2011-09-19 16:49:00,652,21.7,164.01,46.8
17849.0,218,8,1063.76,224,21.275199999999998,24,1,2010-03-14 15:17:00,2011-05-05 13:46:00,416,13.9,76.53,28.0
17850.0,372,155,51208.87,21052,20.491744697879152,100,1,2009-12-05 12:28:00,2010-12-02 15:27:00,362,12.1,4232.14,135.82
17851.0,422,6,1552.35,933,6.691163793103448,185,1,2009-12-03 17:46:00,2010-10-13 15:13:00,313,10.4,149.26,155.5
17852.0,12,5,657.8100000000001,372,6.090833333333334,82,1,2009-12-08 12:51:00,2011-11-28 12:36:00,719,24.0,27.41,74.4
17853.0,407,3,1596.29,625,15.202761904761905,84,1,2009-12-03 15:09:00,2010-10-28 15:29:00,329,11.0,145.12,208.33
17854.0,185,6,1068.5,607,9.055084745762711,113,1,2009-12-08 11:13:00,2011-06-07 16:21:00,546,18.2,58.71,101.17
17855.0,373,1,208.97,197,12.292352941176471,17,1,2010-12-02 09:44:00,2010-12-02 09:44:00,0,1.0,208.97,197.0
17856.0,2,4,1418.03,842,94.53533333333333,12,1,2011-03-03 11:40:00,2011-12-08 09:40:00,279,9.3,152.48,210.5
17857.0,4,24,27347.04,19906,488.34000000000003,21,1,2010-03-08 12:09:00,2011-12-05 13:13:00,637,21.2,1289.95,829.42
17858.0,6,30,12518.65,5383,33.562064343163534,173,1,2009-12-06 15:41:00,2011-12-04 11:56:00,727,24.2,517.3,179.43
17859.0,305,1,141.92,102,6.170434782608695,23,1,2011-02-08 10:32:00,2011-02-08 10:32:00,0,1.0,141.92,102.0
17860.0,369,4,717.39,696,4.428333333333334,127,1,2009-12-11 16:48:00,2010-12-06 12:41:00,359,12.0,59.78,174.0
17861.0,3,18,5088.29,4541,9.118799283154122,329,1,2009-12-10 11:27:00,2011-12-06 16:21:00,726,24.2,210.26,252.28
17862.0,324,4,1254.89,440,12.675656565656567,90,1,2010-05-25 17:22:00,2011-01-20 12:23:00,239,8.0,156.86,110.0
17863.0,59,12,5360.4800000000005,4676,21.02149019607843,154,1,2010-02-25 12:01:00,2011-10-11 13:45:00,593,19.8,270.73,389.67
17864.0,13,5,876.57,1015,6.640681818181818,93,1,2010-10-08 11:49:00,2011-11-27 11:15:00,414,13.8,63.52,203.0
17865.0,31,46,26312.190000000002,12950,26.051673267326734,391,1,2009-12-01 10:49:00,2011-11-09 12:08:00,708,23.6,1114.92,281.52
17866.0,143,3,1134.95,535,43.651923076923076,20,1,2009-12-14 16:01:00,2011-07-20 11:07:00,582,19.4,58.5,178.33
17867.0,30,15,1582.0500000000002,638,12.169615384615385,119,1,2009-12-02 13:39:00,2011-11-09 14:15:00,707,23.6,67.04,42.53
17868.0,386,1,227.15,85,12.619444444444445,18,1,2010-11-18 18:55:00,2010-11-18 18:55:00,0,1.0,227.15,85.0
17869.0,107,7,813.64,491,10.1705,72,1,2010-06-10 13:47:00,2011-08-24 16:16:00,440,14.7,55.35,70.14
17870.0,2,13,2753.29,1699,10.122389705882354,215,1,2010-11-23 11:39:00,2011-12-07 15:07:00,379,12.6,218.52,130.69
17871.0,205,5,1068.95,665,12.878915662650604,64,1,2010-01-15 14:48:00,2011-05-19 11:32:00,488,16.3,65.58,133.0
17872.0,382,1,235.87,176,15.724666666666668,15,1,2010-11-23 12:02:00,2010-11-23 12:02:00,0,1.0,235.87,176.0
17873.0,80,18,6265.33,4159,37.29363095238095,65,1,2009-12-16 15:11:00,2011-09-20 16:41:00,643,21.4,292.77,231.06
17874.0,185,6,683.46,221,14.857826086956523,37,1,2011-03-29 11:25:00,2011-06-07 12:54:00,70,2.3,297.16,36.83
17875.0,688,1,167.1,98,6.426923076923076,25,1,2010-01-20 15:30:00,2010-01-20 15:30:00,0,1.0,167.1,98.0
17876.0,400,3,3424.02,1958,856.005,3,1,2010-02-02 13:00:00,2010-11-05 10:52:00,275,9.2,372.18,652.67
17877.0,170,1,237.61,98,19.800833333333333,12,1,2011-06-22 13:00:00,2011-06-22 13:00:00,0,1.0,237.61,98.0
17878.0,44,3,1378.93,1014,16.816219512195122,82,1,2010-11-09 13:50:00,2011-10-27 11:24:00,351,11.7,117.86,338.0
17879.0,174,1,178.52,45,29.753333333333334,6,1,2011-06-19 12:36:00,2011-06-19 12:36:00,0,1.0,178.52,45.0
17880.0,365,3,824.9200000000001,466,18.331555555555557,43,1,2009-12-09 16:13:00,2010-12-10 10:21:00,365,12.2,67.62,155.33
17881.0,304,1,133.35,32,16.66875,8,1,2011-02-08 17:16:00,2011-02-08 17:16:00,0,1.0,133.35,32.0
17882.0,379,2,291.56,130,5.501132075471698,47,1,2010-11-25 14:35:00,2010-11-25 14:40:00,0,1.0,291.56,65.0
17883.0,3,7,988.42,476,5.713410404624277,155,1,2010-02-25 20:07:00,2011-12-06 17:49:00,648,21.6,45.76,68.0
17884.0,4,20,2698.47,2749,6.646477832512315,305,1,2009-12-04 16:23:00,2011-12-06 11:33:00,731,24.4,110.59,137.45
17885.0,12,1,156.34,110,2.949811320754717,50,1,2011-11-27 14:40:00,2011-11-27 14:40:00,0,1.0,156.34,110.0
17886.0,32,6,1572.55,711,9.473192771084337,138,1,2010-04-29 11:10:00,2011-11-08 10:09:00,557,18.6,84.55,118.5
17887.0,129,1,111.35,30,11.135,10,1,2011-08-02 17:29:00,2011-08-02 17:29:00,0,1.0,111.35,30.0
17888.0,21,25,1807.44,1536,11.2965,145,1,2009-12-21 16:34:00,2011-11-18 13:45:00,696,23.2,77.91,61.44
17889.0,212,7,746.42,403,6.434655172413793,97,1,2010-03-31 10:54:00,2011-05-11 16:26:00,406,13.5,55.29,57.57
17890.0,323,2,586.89,402,6.449340659340659,88,1,2010-12-13 15:12:00,2011-01-21 11:19:00,38,1.3,451.45,201.0
17891.0,162,1,203.85999999999999,393,5.995882352941176,34,1,2011-06-30 20:08:00,2011-06-30 20:08:00,0,1.0,203.86,393.0
17892.0,56,3,244.1,109,8.717857142857143,27,1,2011-07-07 12:56:00,2011-10-14 16:49:00,99,3.3,73.97,36.33
17893.0,225,1,107.21,149,7.147333333333333,15,1,2011-04-28 13:50:00,2011-04-28 13:50:00,0,1.0,107.21,149.0
17894.0,72,18,2304.58,938,5.732786069651741,215,1,2010-08-27 14:13:00,2011-09-29 09:23:00,397,13.2,174.59,52.11
17895.0,44,1,95.45,127,6.363333333333333,15,1,2011-10-26 17:00:00,2011-10-26 17:00:00,0,1.0,95.45,127.0
17896.0,23,1,256.32,288,128.16,2,1,2011-11-16 13:59:00,2011-11-16 13:59:00,0,1.0,256.32,288.0
17897.0,173,9,2099.89,864,8.014847328244274,211,1,2010-05-12 16:03:00,2011-06-20 11:23:00,403,13.4,156.71,96.0
17898.0,85,4,299.18,251,5.9836,48,1,2010-05-21 17:22:00,2011-09-15 14:56:00,481,16.0,18.7,62.75
17899.0,159,1,154.55,170,4.985483870967743,29,1,2011-07-03 14:58:00,2011-07-03 14:58:00,0,1.0,154.55,170.0
17900.0,190,2,112.19999999999999,73,18.7,4,1,2011-06-02 14:28:00,2011-06-02 14:38:00,0,1.0,112.2,36.5
17901.0,29,3,260.08,38,11.82181818181818,22,1,2010-07-06 10:54:00,2011-11-10 17:29:00,492,16.4,15.86,12.67
17902.0,547,1,216.4,526,9.016666666666667,24,1,2010-06-11 12:25:00,2010-06-11 12:25:00,0,1.0,216.4,526.0
17903.0,394,1,381.09000000000003,142,8.468666666666667,44,1,2010-11-10 15:39:00,2010-11-10 15:39:00,0,1.0,381.09,142.0
17904.0,21,1,181.07,59,5.325588235294117,33,1,2011-11-18 12:57:00,2011-11-18 12:57:00,0,1.0,181.07,59.0
17905.0,71,13,2178.87,1299,14.92376712328767,129,1,2010-01-28 17:54:00,2011-09-29 17:33:00,608,20.3,107.33,99.92
17906.0,247,1,72.9,26,6.075,12,1,2011-04-06 17:25:00,2011-04-06 17:25:00,0,1.0,72.9,26.0
17907.0,641,1,291.76,1046,22.443076923076923,13,1,2010-03-09 12:33:00,2010-03-09 12:33:00,0,1.0,291.76,1046.0
17908.0,374,5,1142.47,670,5.492644230769231,178,1,2009-12-14 12:24:00,2010-12-01 11:45:00,351,11.7,97.65,134.0
17909.0,737,1,110.05,35,13.75625,8,1,2009-12-02 13:10:00,2009-12-02 13:10:00,0,1.0,110.05,35.0
17910.0,726,1,261.7,121,10.065384615384614,25,1,2009-12-13 16:04:00,2009-12-13 16:04:00,0,1.0,261.7,121.0
17911.0,9,1,366.23,223,9.390512820512821,39,1,2011-11-30 14:52:00,2011-11-30 14:52:00,0,1.0,366.23,223.0
17912.0,310,6,374.55,215,7.344117647058824,48,1,2010-11-29 13:53:00,2011-02-02 14:25:00,65,2.2,170.25,35.83
17913.0,59,14,3429.29,1725,7.358991416309013,224,1,2009-12-03 13:02:00,2011-10-12 10:45:00,677,22.6,151.74,123.21
17914.0,4,1,329.36,457,4.391466666666667,72,1,2011-12-06 11:58:00,2011-12-06 11:58:00,0,1.0,329.36,457.0
17915.0,551,1,225.78,184,7.785517241379311,27,1,2010-06-06 13:22:00,2010-06-06 13:22:00,0,1.0,225.78,184.0
17916.0,629,2,43.87,90,2.3089473684210526,15,1,2009-12-06 14:10:00,2010-03-21 12:26:00,104,3.5,12.53,45.0
17917.0,45,3,335.03,184,3.6416304347826083,77,1,2010-12-12 12:08:00,2011-10-25 13:20:00,317,10.6,31.61,61.33
17918.0,501,3,396.39,352,9.909749999999999,34,1,2010-07-22 14:20:00,2010-07-27 11:51:00,4,0.1,3963.9,117.33
17919.0,88,2,1840.3200000000002,1452,46.008,37,1,2010-09-27 10:40:00,2011-09-12 13:41:00,350,11.7,157.29,726.0
17920.0,4,54,23581.78,12265,14.379134146341462,715,1,2009-12-06 10:37:00,2011-12-05 14:29:00,729,24.3,970.44,227.13
17921.0,64,10,2394.36,991,6.651000000000001,230,1,2010-07-15 20:05:00,2011-10-06 18:56:00,447,14.9,160.7,99.1
17922.0,543,1,170.4,49,21.3,8,1,2010-06-14 16:32:00,2010-06-14 16:32:00,0,1.0,170.4,49.0
17923.0,282,3,497.0,140,165.66666666666666,2,1,2010-06-13 13:58:00,2011-03-02 15:15:00,262,8.7,57.13,46.67
17924.0,12,8,3257.7000000000003,1208,98.71818181818183,27,1,2010-10-21 12:17:00,2011-11-28 09:11:00,402,13.4,243.11,151.0
17925.0,373,1,244.08,72,244.08,1,1,2010-12-02 10:10:00,2010-12-02 10:10:00,0,1.0,244.08,72.0
17926.0,133,5,1035.49,572,23.533863636363638,27,1,2010-05-09 14:07:00,2011-07-29 14:39:00,446,14.9,69.5,114.4
17927.0,722,1,294.0,108,29.4,10,1,2009-12-18 11:03:00,2009-12-18 11:03:00,0,1.0,294.0,108.0
17928.0,45,3,341.24,222,12.638518518518518,27,1,2010-05-17 15:30:00,2011-10-25 13:52:00,525,17.5,19.5,74.0
17929.0,11,12,3082.1,434,205.47333333333333,6,1,2009-12-09 11:40:00,2011-11-28 16:01:00,719,24.0,128.42,36.17
17930.0,36,13,4275.22,3795,49.140459770114944,39,1,2010-03-04 10:41:00,2011-11-04 10:23:00,609,20.3,210.6,291.92
17931.0,134,14,3402.2400000000002,1919,9.692991452991453,274,1,2010-02-16 15:47:00,2011-07-28 18:33:00,527,17.6,193.31,137.07
17932.0,29,3,1331.57,789,14.795222222222222,84,1,2011-05-12 13:58:00,2011-11-10 19:49:00,182,6.1,218.29,263.0
17933.0,632,1,114.69,63,8.192142857142857,12,1,2010-03-17 15:11:00,2010-03-17 15:11:00,0,1.0,114.69,63.0
17934.0,52,3,1049.15,628,25.589024390243903,36,1,2010-10-29 12:23:00,2011-10-19 11:16:00,354,11.8,88.91,209.33
17935.0,138,7,686.14,244,10.7209375,60,1,2009-12-04 14:33:00,2011-07-24 13:18:00,596,19.9,34.48,34.86
17936.0,5,1,380.13,257,5.279583333333333,68,1,2011-12-04 13:32:00,2011-12-04 13:32:00,0,1.0,380.13,257.0
17937.0,9,7,4301.22,1754,100.02837209302326,19,1,2010-12-12 14:43:00,2011-12-01 11:45:00,353,11.8,364.51,250.57
17938.0,420,1,144.29,53,4.97551724137931,29,1,2010-10-15 14:27:00,2010-10-15 14:27:00,0,1.0,144.29,53.0
17939.0,160,1,99.14,40,8.261666666666667,12,1,2011-07-03 12:27:00,2011-07-03 12:27:00,0,1.0,99.14,40.0
17940.0,49,16,30306.79,85148,865.9082857142857,11,1,2009-12-03 12:31:00,2011-10-21 13:27:00,687,22.9,1323.44,5321.75
17941.0,131,4,1433.28,1108,204.75428571428571,5,1,2010-01-06 15:37:00,2011-08-01 08:30:00,571,19.0,75.44,277.0
17942.0,8,1,77.50000000000001,38,38.75000000000001,2,1,2011-12-02 10:45:00,2011-12-02 10:45:00,0,1.0,77.5,38.0
17944.0,423,1,74.99,84,2.9995999999999996,24,1,2010-10-12 16:25:00,2010-10-12 16:25:00,0,1.0,74.99,84.0
17945.0,697,3,360.35,244,5.004861111111111,66,1,2010-01-12 11:33:00,2010-01-12 11:40:00,0,1.0,360.35,81.33
17946.0,233,2,149.57999999999998,75,7.478999999999999,18,1,2011-03-25 14:34:00,2011-04-20 17:00:00,26,0.9,166.2,37.5
17947.0,37,1,176.68,168,19.63111111111111,9,1,2011-11-02 13:05:00,2011-11-02 13:05:00,0,1.0,176.68,168.0
17948.0,147,1,358.56000000000006,144,358.56000000000006,1,1,2011-07-15 12:58:00,2011-07-15 12:58:00,0,1.0,358.56,144.0
17949.0,1,118,117314.08,60538,752.0133333333333,58,1,2009-12-02 11:07:00,2011-12-08 18:46:00,736,24.5,4788.33,513.03
17950.0,72,7,1166.29,659,7.068424242424242,133,1,2010-01-04 17:39:00,2011-09-28 15:18:00,631,21.0,55.54,94.14
17951.0,40,4,1340.5800000000002,780,47.877857142857145,24,1,2010-10-31 15:15:00,2011-10-31 12:30:00,364,12.1,110.79,195.0
17952.0,378,4,788.46,477,8.045510204081634,85,1,2010-06-16 11:54:00,2010-11-26 13:54:00,163,5.4,146.01,119.25
17953.0,540,1,159.17000000000002,98,7.958500000000001,20,1,2010-06-17 15:08:00,2010-06-17 15:08:00,0,1.0,159.17,98.0
17954.0,5,19,3804.38,3180,5.1202960969044415,479,1,2009-12-09 13:22:00,2011-12-04 14:15:00,725,24.2,157.21,167.37
17955.0,199,6,949.9,681,43.17727272727273,16,1,2010-02-12 16:27:00,2011-05-25 12:00:00,466,15.5,61.28,113.5
17956.0,249,1,12.75,1,12.75,1,1,2011-04-04 13:47:00,2011-04-04 13:47:00,0,1.0,12.75,1.0
17957.0,66,1,111.68,287,3.6025806451612907,31,1,2011-10-04 14:58:00,2011-10-04 14:58:00,0,1.0,111.68,287.0
17958.0,117,2,973.88,284,27.052222222222223,35,1,2009-12-11 15:37:00,2011-08-15 12:19:00,611,20.4,47.74,142.0
17959.0,592,1,140.75,49,70.375,2,1,2010-04-26 14:12:00,2010-04-26 14:12:00,0,1.0,140.75,49.0
17960.0,171,3,135.08,60,3.6508108108108113,37,1,2010-03-08 12:22:00,2011-06-21 14:15:00,470,15.7,8.6,20.0
17961.0,21,100,2866.74,1491,4.550380952380952,486,1,2009-12-01 14:48:00,2011-11-18 16:55:00,717,23.9,119.95,14.91
17962.0,142,4,666.96,633,3.6445901639344265,146,1,2010-01-13 15:24:00,2011-07-20 14:16:00,552,18.4,36.25,158.25
17963.0,471,4,643.16,341,5.900550458715596,98,1,2010-01-19 17:25:00,2010-08-25 15:58:00,217,7.2,89.33,85.25
17964.0,32,2,463.21,294,4.726632653061224,84,1,2010-12-02 13:32:00,2011-11-08 10:44:00,340,11.3,40.99,147.0
17965.0,38,29,7006.65,4383,8.576070991432069,588,1,2009-12-14 13:19:00,2011-11-02 09:31:00,687,22.9,305.97,151.14
17966.0,38,10,1963.92,3918,17.37982300884956,82,1,2010-01-18 13:24:00,2011-11-02 10:26:00,652,21.7,90.5,391.8
17967.0,372,2,223.42,111,3.6626229508196717,59,1,2010-10-19 13:19:00,2010-12-03 11:19:00,44,1.5,148.95,55.5
17968.0,374,4,590.44,352,4.6128125,106,1,2010-07-15 15:01:00,2010-12-01 12:23:00,138,4.6,128.36,88.0
17969.0,166,20,2354.29,1014,11.540637254901961,113,1,2009-12-06 13:53:00,2011-06-26 13:00:00,566,18.9,124.57,50.7
17970.0,211,1,562.79,513,19.40655172413793,27,1,2011-05-12 20:03:00,2011-05-12 20:03:00,0,1.0,562.79,513.0
17971.0,548,1,161.94,62,7.711428571428572,21,1,2010-06-09 14:04:00,2010-06-09 14:04:00,0,1.0,161.94,62.0
17972.0,242,1,135.19,36,4.506333333333333,30,1,2011-04-12 12:16:00,2011-04-12 12:16:00,0,1.0,135.19,36.0
17973.0,52,1,337.04,176,22.469333333333335,15,1,2011-10-19 10:34:00,2011-10-19 10:34:00,0,1.0,337.04,176.0
17974.0,25,6,1739.09,1189,4.817423822714681,279,1,2010-10-28 20:03:00,2011-11-15 11:37:00,382,12.7,136.94,198.17
17975.0,15,24,6696.33,2179,14.36980686695279,243,1,2010-08-06 11:24:00,2011-11-24 13:27:00,475,15.8,423.82,90.79
17976.0,372,1,321.79,93,5.645438596491228,56,1,2010-12-02 13:49:00,2010-12-02 13:49:00,0,1.0,321.79,93.0
17977.0,29,2,1511.45,1948,14.533173076923077,94,1,2010-11-04 14:26:00,2011-11-10 13:28:00,370,12.3,122.88,974.0
17978.0,365,4,1159.99,1297,17.313283582089554,62,1,2009-12-08 13:27:00,2010-12-09 14:05:00,366,12.2,95.08,324.25
17979.0,36,4,732.41,383,5.30731884057971,116,1,2011-03-25 11:34:00,2011-11-04 12:05:00,224,7.5,97.65,95.75
17980.0,166,4,1012.72,771,16.601967213114754,41,1,2010-11-11 14:42:00,2011-06-27 12:01:00,227,7.6,133.25,192.75
17981.0,411,1,239.12,260,14.065882352941177,17,1,2010-10-25 10:40:00,2010-10-25 10:40:00,0,1.0,239.12,260.0
17982.0,681,1,138.18,117,10.62923076923077,13,1,2010-01-28 09:38:00,2010-01-28 09:38:00,0,1.0,138.18,117.0
17983.0,395,1,171.71,108,7.154583333333334,23,1,2010-11-09 13:23:00,2010-11-09 13:24:00,0,1.0,171.71,108.0
17984.0,145,5,1152.19,939,4.761115702479339,209,1,2009-12-01 11:51:00,2011-07-17 15:59:00,593,19.8,58.19,187.8
17985.0,22,1,631.35,171,30.064285714285717,20,1,2011-11-17 14:24:00,2011-11-17 14:24:00,0,1.0,631.35,171.0
17986.0,56,1,20.8,10,20.8,1,1,2011-10-14 14:22:00,2011-10-14 14:22:00,0,1.0,20.8,10.0
17987.0,185,5,965.4399999999999,981,5.886829268292683,139,1,2010-06-07 11:23:00,2011-06-07 14:22:00,365,12.2,79.13,196.2
17988.0,12,14,489.54,186,3.98,115,1,2009-12-07 13:35:00,2011-11-28 11:00:00,720,24.0,20.4,13.29
17989.0,379,1,207.33,300,7.149310344827587,26,1,2010-11-25 13:49:00,2010-11-25 13:49:00,0,1.0,207.33,300.0
17990.0,237,6,1527.6100000000001,777,26.800175438596494,40,1,2009-12-07 15:19:00,2011-04-17 11:44:00,495,16.5,92.58,129.5
17991.0,225,3,300.3,93,7.902631578947369,37,1,2010-04-27 12:46:00,2011-04-28 15:58:00,366,12.2,24.61,31.0
17992.0,389,1,252.88,130,4.863076923076923,49,1,2010-11-15 13:04:00,2010-11-15 13:04:00,0,1.0,252.88,130.0
17993.0,617,1,225.99,108,3.7665,60,1,2010-04-01 14:23:00,2010-04-01 14:23:00,0,1.0,225.99,108.0
17994.0,122,11,2270.0299999999997,2181,7.418398692810457,227,1,2010-03-29 10:37:00,2011-08-10 11:41:00,499,16.6,136.75,198.27
17995.0,282,3,495.48,263,17.08551724137931,28,1,2010-11-17 17:01:00,2011-03-03 12:30:00,105,3.5,141.57,87.67
17996.0,380,3,482.33,587,7.1989552238805965,63,1,2010-06-11 11:48:00,2010-11-25 11:00:00,166,5.5,87.7,195.67
17997.0,74,8,1962.46,2273,11.966219512195122,133,1,2011-06-28 17:28:00,2011-09-26 16:13:00,89,3.0,654.15,284.12
17998.0,380,3,639.24,561,11.021379310344829,57,1,2009-12-01 13:07:00,2010-11-24 15:31:00,358,11.9,53.72,187.0
17999.0,37,3,528.46,286,3.9437313432835825,125,1,2010-11-26 13:16:00,2011-11-02 15:56:00,341,11.4,46.36,95.33
18000.0,564,1,124.25,109,20.708333333333332,6,1,2010-05-24 17:34:00,2010-05-24 17:34:00,0,1.0,124.25,109.0
18001.0,12,6,924.14,874,7.001060606060606,120,1,2009-12-02 15:38:00,2011-11-27 16:02:00,725,24.2,38.19,145.67
18002.0,376,4,244.37,71,4.610754716981132,52,1,2009-12-08 11:07:00,2010-11-29 10:57:00,355,11.8,20.71,17.75
18003.0,376,1,353.51,297,15.37,23,1,2010-11-28 15:09:00,2010-11-28 15:09:00,0,1.0,353.51,297.0
18004.0,362,1,157.92,75,4.268108108108108,32,1,2010-12-12 13:47:00,2010-12-12 13:47:00,0,1.0,157.92,75.0
18005.0,4,2,226.47,86,4.273018867924528,52,1,2011-10-23 14:40:00,2011-12-06 11:51:00,43,1.4,161.76,43.0
18006.0,23,4,969.51,395,15.389047619047618,57,1,2009-12-17 12:27:00,2011-11-16 16:52:00,699,23.3,41.61,98.75
18007.0,393,1,215.22,246,4.3044,46,1,2010-11-12 11:08:00,2010-11-12 11:08:00,0,1.0,215.22,246.0
18008.0,70,23,19759.079999999998,7825,203.70185567010307,77,1,2010-01-06 12:35:00,2011-09-30 15:17:00,632,21.1,936.45,340.22
18009.0,235,8,2144.23,651,11.978938547486033,145,1,2010-02-25 11:49:00,2011-04-18 13:36:00,417,13.9,154.26,81.38
18010.0,257,1,174.8,60,12.485714285714286,14,1,2011-03-28 12:27:00,2011-03-28 12:27:00,0,1.0,174.8,60.0
18011.0,373,2,410.79,125,6.520476190476191,63,1,2010-05-21 13:28:00,2010-12-01 17:35:00,194,6.5,63.2,62.5
18012.0,723,1,115.3,63,8.86923076923077,13,1,2009-12-16 13:16:00,2009-12-16 13:16:00,0,1.0,115.3,63.0
18013.0,155,2,187.29,285,6.041612903225806,31,1,2011-07-07 14:08:00,2011-07-07 14:11:00,0,1.0,187.29,142.5
18014.0,28,1,162.22,66,5.407333333333333,29,1,2011-11-11 15:28:00,2011-11-11 15:28:00,0,1.0,162.22,66.0
18015.0,4,1,120.03,157,2.6093478260869567,46,1,2011-12-05 14:49:00,2011-12-05 14:49:00,0,1.0,120.03,157.0
18016.0,32,7,1954.56,1207,11.565443786982248,115,1,2010-01-27 16:00:00,2011-11-07 13:25:00,648,21.6,90.49,172.43
18017.0,81,4,688.0,400,172.0,1,1,2010-10-04 15:11:00,2011-09-19 16:15:00,350,11.7,58.8,100.0
18018.0,108,4,297.99,186,6.7725,43,1,2010-10-15 11:05:00,2011-08-23 17:37:00,312,10.4,28.65,46.5
18019.0,52,1,38.45,7,7.69,5,1,2011-10-19 12:10:00,2011-10-19 12:10:00,0,1.0,38.45,7.0
18020.0,544,1,190.48000000000002,67,15.873333333333335,12,1,2010-06-14 12:31:00,2010-06-14 12:31:00,0,1.0,190.48,67.0
18021.0,510,2,216.41,168,6.7628125,32,1,2010-07-15 18:47:00,2010-07-18 10:52:00,2,0.1,2164.1,84.0
18022.0,36,5,1507.25,1311,3.546470588235294,306,1,2010-06-11 13:59:00,2011-11-04 12:45:00,510,17.0,88.66,262.2
18024.0,153,2,389.78,184,18.56095238095238,21,1,2011-07-10 12:28:00,2011-07-10 12:40:00,0,1.0,389.78,92.0
18025.0,380,6,1177.72,1053,10.515357142857143,83,1,2010-03-30 17:33:00,2010-11-25 12:37:00,239,8.0,147.22,175.5
18026.0,501,2,2074.07,530,122.00411764705883,12,1,2010-07-22 16:21:00,2010-07-27 10:37:00,4,0.1,20740.7,265.0
18027.0,99,1,115.31,78,5.490952380952381,21,1,2011-09-02 10:38:00,2011-09-02 10:38:00,0,1.0,115.31,78.0
18028.0,583,1,192.05,133,48.0125,4,1,2010-05-05 13:28:00,2010-05-05 13:28:00,0,1.0,192.05,133.0
18029.0,642,1,433.77,253,24.098333333333333,18,1,2010-03-07 15:30:00,2010-03-07 15:30:00,0,1.0,433.77,253.0
18030.0,4,2,230.64999999999998,67,25.627777777777776,8,1,2011-10-28 13:55:00,2011-12-05 16:37:00,38,1.3,177.42,33.5
18031.0,379,1,451.3,298,7.163492063492064,49,1,2010-11-26 11:00:00,2010-11-26 11:00:00,0,1.0,451.3,298.0
18032.0,334,1,73.5,42,14.7,5,1,2011-01-09 15:32:00,2011-01-09 15:32:00,0,1.0,73.5,42.0
18033.0,65,1,93.82000000000001,252,2.8430303030303032,32,1,2011-10-05 17:28:00,2011-10-05 17:28:00,0,1.0,93.82,252.0
18034.0,22,3,754.2,951,3.524299065420561,182,1,2010-11-29 12:36:00,2011-11-18 12:22:00,353,11.8,63.92,317.0
18035.0,36,5,1260.23,1134,22.109298245614035,52,1,2010-11-19 13:42:00,2011-11-04 12:39:00,349,11.6,108.64,226.8
18036.0,32,11,1545.49,741,4.740766871165644,221,1,2009-12-18 12:04:00,2011-11-07 14:40:00,689,23.0,67.2,67.36
18037.0,154,15,167.42,37,5.073333333333333,31,1,2009-12-01 13:48:00,2011-07-08 13:39:00,583,19.4,8.63,2.47
18038.0,556,1,141.48,80,5.239999999999999,25,1,2010-06-01 15:59:00,2010-06-01 15:59:00,0,1.0,141.48,80.0
18039.0,374,4,548.22,555,3.469746835443038,137,1,2010-03-09 11:19:00,2010-11-30 13:07:00,266,8.9,61.6,138.75
18040.0,19,2,357.20000000000005,148,18.8,18,1,2011-04-08 08:27:00,2011-11-20 14:20:00,226,7.5,47.63,74.0
18041.0,12,38,8018.7699999999995,7316,9.637944711538461,464,1,2010-01-14 10:04:00,2011-11-28 11:39:00,683,22.8,351.7,192.53
18042.0,54,2,281.15,69,17.571875,13,1,2010-06-16 10:53:00,2011-10-17 11:49:00,488,16.3,17.25,34.5
18043.0,25,3,529.29,265,4.6025217391304345,106,1,2010-12-08 12:35:00,2011-11-15 12:48:00,342,11.4,46.43,88.33
18044.0,4,18,3505.61,1598,17.52805,128,1,2010-05-28 15:31:00,2011-12-05 14:26:00,555,18.5,189.49,88.78
18045.0,45,1,178.34,138,4.147441860465117,43,1,2011-10-25 13:07:00,2011-10-25 13:07:00,0,1.0,178.34,138.0
18046.0,650,1,189.63,44,7.293461538461538,26,1,2010-02-28 11:36:00,2010-02-28 11:36:00,0,1.0,189.63,44.0
18047.0,381,2,326.09,130,3.9287951807228914,74,1,2010-11-23 12:57:00,2010-11-23 13:11:00,0,1.0,326.09,65.0
18048.0,203,3,394.93,256,6.693728813559322,56,1,2010-08-03 13:03:00,2011-05-20 14:58:00,290,9.7,40.71,85.33
18049.0,437,2,500.92,402,5.757701149425287,82,1,2010-04-28 13:24:00,2010-09-28 14:26:00,153,5.1,98.22,201.0
18050.0,359,2,412.06,250,17.915652173913042,22,1,2010-11-11 15:51:00,2010-12-15 14:25:00,33,1.1,374.6,125.0
18051.0,634,7,2282.28,1661,41.496,41,1,2009-12-09 12:17:00,2010-03-15 13:58:00,96,3.2,713.21,237.29
18052.0,565,1,10877.18,17766,679.82375,16,1,2010-05-24 11:11:00,2010-05-24 11:11:00,0,1.0,10877.18,17766.0
18053.0,71,3,571.07,409,17.8459375,29,1,2010-06-30 12:36:00,2011-09-30 09:05:00,456,15.2,37.57,136.33
18054.0,393,1,176.5,96,16.045454545454547,11,1,2010-11-12 08:18:00,2010-11-12 08:18:00,0,1.0,176.5,96.0
18055.0,7,14,10142.64,3534,19.029343339587243,320,1,2010-10-22 13:27:00,2011-12-02 14:25:00,406,13.5,751.31,252.43
18056.0,288,2,554.6,334,18.486666666666668,28,1,2010-03-31 12:29:00,2011-02-24 14:27:00,330,11.0,50.42,167.0
18057.0,393,3,1188.46,970,8.869104477611941,121,1,2010-01-18 12:42:00,2010-11-11 16:55:00,297,9.9,120.05,323.33
18058.0,10,3,774.06,394,48.37875,12,1,2010-02-10 09:38:00,2011-11-30 08:38:00,657,21.9,35.35,131.33
18059.0,23,3,306.46,258,17.025555555555556,17,1,2011-10-03 09:30:00,2011-11-16 16:49:00,44,1.5,204.31,86.0
18060.0,408,2,1185.46,902,15.806133333333333,74,1,2010-05-24 08:34:00,2010-10-27 16:41:00,156,5.2,227.97,451.0
18061.0,22,28,6083.81,3359,49.867295081967214,30,1,2009-12-04 11:36:00,2011-11-18 11:20:00,713,23.8,255.62,119.96
18062.0,173,6,1632.67,831,30.23462962962963,46,1,2010-04-21 08:55:00,2011-06-19 14:47:00,424,14.1,115.79,138.5
18063.0,391,2,186.60000000000002,48,62.20000000000001,2,1,2010-03-16 13:05:00,2010-11-14 10:46:00,242,8.1,23.04,24.0
18064.0,133,11,4481.83,2685,70.02859375,53,1,2010-02-01 15:01:00,2011-07-29 16:39:00,543,18.1,247.61,244.09
18065.0,6,29,5866.63,2265,18.924612903225807,193,1,2009-12-09 16:00:00,2011-12-04 10:30:00,724,24.1,243.43,78.1
18066.0,75,3,1440.4,535,27.17735849056604,37,1,2010-10-20 11:42:00,2011-09-25 15:30:00,340,11.3,127.47,178.33
18067.0,40,1,396.33,189,10.711621621621621,36,1,2011-10-30 15:58:00,2011-10-30 15:58:00,0,1.0,396.33,189.0
18068.0,289,1,101.7,6,101.7,1,1,2011-02-23 14:50:00,2011-02-23 14:50:00,0,1.0,101.7,6.0
18069.0,26,11,4464.92,3168,4.603010309278351,602,1,2010-02-28 16:14:00,2011-11-13 16:03:00,622,20.7,215.7,288.0
18070.0,669,1,314.1,86,34.900000000000006,9,1,2010-02-08 13:28:00,2010-02-08 13:28:00,0,1.0,314.1,86.0
18071.0,258,6,1169.68,678,16.474366197183098,52,1,2009-12-05 10:31:00,2011-03-27 11:59:00,477,15.9,73.56,113.0
18072.0,186,1,247.44,288,13.746666666666666,18,1,2011-06-07 10:44:00,2011-06-07 10:44:00,0,1.0,247.44,288.0
18073.0,114,12,3859.82,3102,53.60861111111112,23,1,2011-05-26 19:38:00,2011-08-17 14:02:00,82,2.7,1429.56,258.5
18074.0,374,2,1019.44,361,23.707906976744187,37,1,2010-07-22 10:31:00,2010-12-01 09:53:00,131,4.4,231.69,180.5
18075.0,23,20,5783.29,3281,17.904922600619194,180,1,2010-07-29 11:47:00,2011-11-16 15:21:00,475,15.8,366.03,164.05
18076.0,380,1,151.49,164,18.93625,8,1,2010-11-24 14:02:00,2010-11-24 14:02:00,0,1.0,151.49,164.0
18077.0,8,18,4078.79,3020,11.554645892351274,141,1,2009-12-07 11:40:00,2011-12-01 13:32:00,724,24.1,169.24,167.78
18078.0,217,4,725.53,370,9.93876712328767,65,1,2010-03-21 15:50:00,2011-05-06 14:32:00,410,13.7,52.96,92.5
18079.0,45,5,4203.93,8730,30.911250000000003,107,1,2010-08-05 12:19:00,2011-10-25 15:27:00,446,14.9,282.14,1746.0
18080.0,19,2,1231.5,642,615.75,2,1,2011-04-11 10:10:00,2011-11-21 08:02:00,223,7.4,166.42,321.0
18081.0,36,3,343.45,195,20.20294117647059,14,1,2011-07-29 11:56:00,2011-11-03 16:30:00,97,3.2,107.33,65.0
18082.0,26,1,680.84,608,9.726285714285714,62,1,2011-11-14 12:45:00,2011-11-14 12:45:00,0,1.0,680.84,608.0
18083.0,398,1,463.53,268,11.588249999999999,36,1,2010-11-07 11:44:00,2010-11-07 11:44:00,0,1.0,463.53,268.0
18084.0,16,3,795.23,755,113.60428571428572,7,1,2010-11-16 08:09:00,2011-11-23 13:57:00,372,12.4,64.13,251.67
18085.0,330,4,1341.8500000000001,507,21.642741935483873,42,1,2010-03-21 11:57:00,2011-01-13 15:17:00,298,9.9,135.54,126.75
18086.0,274,1,101.34,106,14.477142857142857,7,1,2011-03-10 13:34:00,2011-03-10 13:34:00,0,1.0,101.34,106.0
18087.0,98,17,14761.52,7775,167.74454545454546,44,1,2009-12-01 09:43:00,2011-09-02 15:12:00,640,21.3,693.03,457.35
18088.0,61,1,166.03,107,4.487297297297298,35,1,2011-10-09 13:41:00,2011-10-09 13:41:00,0,1.0,166.03,107.0
18089.0,447,1,428.45,95,42.845,9,1,2010-09-19 11:57:00,2010-09-19 11:57:00,0,1.0,428.45,95.0
18090.0,422,1,321.9,307,5.96111111111111,47,1,2010-10-14 12:32:00,2010-10-14 12:32:00,0,1.0,321.9,307.0
18091.0,593,1,360.85,539,14.434000000000001,25,1,2010-04-25 13:18:00,2010-04-25 13:18:00,0,1.0,360.85,539.0
18092.0,2,18,14693.720000000001,8298,104.95514285714286,42,1,2009-12-04 12:37:00,2011-12-07 13:14:00,733,24.4,602.2,461.0
18093.0,93,8,4452.71,3429,72.99524590163935,43,1,2010-03-31 10:27:00,2011-09-07 15:43:00,525,17.5,254.44,428.62
18094.0,82,13,6391.52,4164,50.72634920634921,55,1,2010-01-07 11:16:00,2011-09-19 09:28:00,619,20.6,310.27,320.31
18095.0,313,5,2303.09,1623,47.98104166666667,37,1,2010-04-19 14:09:00,2011-01-31 12:50:00,286,9.5,242.43,324.6
18096.0,12,6,1657.87,1409,4.240076726342711,299,1,2010-07-14 14:30:00,2011-11-28 12:44:00,501,16.7,99.27,234.83
18097.0,8,11,4627.92,2716,29.666153846153847,86,1,2009-12-17 11:06:00,2011-12-02 11:16:00,715,23.8,194.45,246.91
18098.0,396,1,527.94,215,6.138837209302326,85,1,2010-11-08 16:31:00,2010-11-08 16:31:00,0,1.0,527.94,215.0
18099.0,127,1,168.31,149,8.858421052631579,19,1,2011-08-04 15:52:00,2011-08-04 15:52:00,0,1.0,168.31,149.0
18100.0,550,1,451.56,440,15.052,30,1,2010-06-07 14:19:00,2010-06-07 14:19:00,0,1.0,451.56,440.0
18101.0,11,5,622.01,247,5.70651376146789,89,1,2010-02-03 13:52:00,2011-11-28 13:37:00,662,22.1,28.15,49.4
18102.0,1,145,580987.04,181645,558.6413846153846,382,1,2009-12-01 09:24:00,2011-12-09 11:50:00,738,24.6,23617.36,1252.72
18103.0,549,1,105.8,23,10.58,10,1,2010-06-08 13:36:00,2010-06-08 13:36:00,0,1.0,105.8,23.0
18104.0,37,1,754.64,362,19.858947368421052,38,1,2011-11-02 14:07:00,2011-11-02 14:07:00,0,1.0,754.64,362.0
18105.0,38,1,113.48000000000002,46,6.304444444444446,18,1,2011-11-02 12:04:00,2011-11-02 12:04:00,0,1.0,113.48,46.0
18106.0,330,6,1441.06,506,7.5448167539267015,126,1,2010-01-15 11:36:00,2011-01-14 12:23:00,364,12.1,119.1,84.33
18107.0,442,1,165.88,65,4.365263157894737,38,1,2010-09-23 13:03:00,2010-09-23 13:03:00,0,1.0,165.88,65.0
18108.0,254,3,848.8100000000001,261,18.059787234042556,43,1,2009-12-02 12:47:00,2011-03-30 13:56:00,483,16.1,52.72,87.0
18109.0,2,38,9555.71,4822,14.61117737003058,203,1,2010-07-01 12:13:00,2011-12-08 11:36:00,524,17.5,546.04,126.89
18110.0,20,2,392.28000000000003,169,5.448333333333334,58,1,2010-10-24 14:21:00,2011-11-20 12:34:00,391,13.0,30.18,84.5
18111.0,589,1,405.85,232,15.031481481481482,27,1,2010-04-29 12:58:00,2010-04-29 12:58:00,0,1.0,405.85,232.0
18112.0,12,4,773.36,443,12.473548387096775,59,1,2010-06-06 12:40:00,2011-11-27 14:43:00,539,18.0,42.96,110.75
18113.0,369,1,76.32000000000001,72,76.32000000000001,1,1,2010-12-06 12:31:00,2010-12-06 12:31:00,0,1.0,76.32,72.0
18114.0,290,1,220.1,55,7.860714285714286,28,1,2011-02-22 13:20:00,2011-02-22 13:20:00,0,1.0,220.1,55.0
18115.0,698,1,9.700000000000001,3,3.233333333333334,3,1,2010-01-11 11:57:00,2010-01-11 11:57:00,0,1.0,9.7,3.0
18116.0,68,13,2134.4900000000002,1267,3.784556737588653,311,1,2010-10-24 15:29:00,2011-10-03 11:00:00,343,11.4,187.24,97.46
18117.0,26,1,315.65,605,4.384027777777778,68,1,2011-11-14 12:47:00,2011-11-14 12:47:00,0,1.0,315.65,605.0
18118.0,11,29,6221.02,3184,4.350363636363637,444,1,2010-11-23 13:36:00,2011-11-29 11:32:00,370,12.3,505.77,109.79
18119.0,368,1,180.7,124,6.23103448275862,29,1,2010-12-07 11:59:00,2010-12-07 11:59:00,0,1.0,180.7,124.0
18120.0,214,1,111.15,31,6.538235294117648,17,1,2011-05-09 13:45:00,2011-05-09 13:45:00,0,1.0,111.15,31.0
18121.0,149,2,653.3000000000001,438,21.0741935483871,28,1,2011-07-08 12:14:00,2011-07-13 12:53:00,5,0.2,3266.5,219.0
18122.0,8,6,1793.06,1225,5.022577030812325,239,1,2011-07-12 11:37:00,2011-12-01 13:08:00,142,4.7,381.5,204.17
18123.0,24,3,666.64,616,11.904285714285715,53,1,2010-07-14 12:47:00,2011-11-15 14:23:00,489,16.3,40.9,205.33
18124.0,472,1,102.65,47,5.1325,20,1,2010-08-24 17:21:00,2010-08-24 17:21:00,0,1.0,102.65,47.0
18125.0,30,4,1131.75,800,5.89453125,164,1,2011-01-27 15:02:00,2011-11-10 12:29:00,286,9.5,119.13,200.0
18126.0,61,1,200.92,135,3.8638461538461537,52,1,2011-10-10 12:19:00,2011-10-10 12:19:00,0,1.0,200.92,135.0
18127.0,19,4,556.13,250,8.30044776119403,56,1,2010-11-01 13:56:00,2011-11-20 14:05:00,384,12.8,43.45,62.5
18128.0,537,1,399.29,216,9.506904761904762,42,1,2010-06-20 13:19:00,2010-06-20 13:19:00,0,1.0,399.29,216.0
18129.0,243,1,112.55000000000001,48,8.039285714285715,13,1,2011-04-10 14:16:00,2011-04-10 14:16:00,0,1.0,112.55,48.0
18130.0,15,3,1059.39,824,15.134142857142859,58,1,2011-10-13 15:58:00,2011-11-24 14:40:00,41,1.4,756.71,274.67
18131.0,632,1,222.95999999999998,552,55.739999999999995,4,1,2010-03-18 08:48:00,2010-03-18 08:48:00,0,1.0,222.96,552.0
18132.0,504,1,220.13,212,3.5504838709677418,60,1,2010-07-23 16:54:00,2010-07-23 16:54:00,0,1.0,220.13,212.0
18133.0,212,1,931.5,1350,931.5,1,1,2011-05-11 14:14:00,2011-05-11 14:14:00,0,1.0,931.5,1350.0
18134.0,598,2,445.0,128,15.892857142857142,27,1,2010-01-14 11:59:00,2010-04-20 14:02:00,96,3.2,139.06,64.0
18135.0,29,10,1249.6200000000001,753,33.773513513513514,23,1,2010-03-15 13:55:00,2011-11-10 19:32:00,605,20.2,61.86,75.3
18136.0,63,5,1631.3600000000001,860,18.53818181818182,77,1,2010-09-14 15:50:00,2011-10-07 15:40:00,387,12.9,126.46,172.0
18137.0,551,2,145.99,59,5.034137931034483,26,1,2010-06-06 13:45:00,2010-06-06 14:18:00,0,1.0,145.99,29.5
18138.0,295,1,152.65,38,19.08125,8,1,2011-02-17 14:51:00,2011-02-17 14:51:00,0,1.0,152.65,38.0
18139.0,18,6,8438.34,5557,53.07132075471698,35,1,2011-11-21 14:06:00,2011-11-22 10:44:00,0,1.0,8438.34,926.17
18140.0,474,1,536.41,395,9.933518518518518,49,1,2010-08-23 11:58:00,2010-08-23 11:58:00,0,1.0,536.41,395.0
18141.0,402,2,882.47,433,21.011190476190478,38,1,2010-04-29 15:32:00,2010-11-03 11:44:00,187,6.2,142.33,216.5
18142.0,157,2,1019.52,1276,67.968,9,1,2011-05-08 12:31:00,2011-07-05 13:19:00,58,1.9,536.59,638.0
18143.0,117,2,1000.16,570,16.396065573770493,59,1,2011-07-21 10:44:00,2011-08-15 12:07:00,25,0.8,1250.2,285.0
18144.0,8,19,4892.95,2144,58.249404761904756,51,1,2009-12-16 15:57:00,2011-12-02 12:46:00,715,23.8,205.59,112.84
18145.0,13,11,5609.74,5104,13.95457711442786,250,1,2009-12-08 12:30:00,2011-11-27 11:22:00,718,23.9,234.72,464.0
18146.0,141,2,160.35,153,16.035,10,1,2011-05-03 16:35:00,2011-07-22 12:08:00,79,2.6,61.67,76.5
18147.0,46,2,179.34,203,25.62,7,1,2011-08-23 12:22:00,2011-10-25 11:46:00,62,2.1,85.4,101.5
18148.0,647,1,112.85000000000001,63,11.285,9,1,2010-03-03 11:40:00,2010-03-03 11:40:00,0,1.0,112.85,63.0
18149.0,51,7,1553.96,869,17.076483516483517,54,1,2010-03-14 12:41:00,2011-10-20 12:04:00,584,19.5,79.69,124.14
18150.0,32,3,566.58,332,15.312972972972974,29,1,2011-05-22 10:47:00,2011-11-07 16:49:00,169,5.6,101.18,110.67
18151.0,135,6,1879.44,986,17.730566037735848,99,1,2010-03-04 10:47:00,2011-07-28 11:35:00,511,17.0,110.56,164.33
18152.0,646,1,426.69,75,42.669,10,1,2010-03-03 15:26:00,2010-03-03 15:26:00,0,1.0,426.69,75.0
18153.0,659,1,246.22,200,14.483529411764707,17,1,2010-02-18 15:50:00,2010-02-18 15:50:00,0,1.0,246.22,200.0
18154.0,3,5,932.6,626,19.842553191489362,34,1,2010-08-06 09:18:00,2011-12-06 16:41:00,487,16.2,57.57,125.2
18155.0,75,3,371.62,266,14.8648,19,1,2011-02-21 10:36:00,2011-09-25 13:32:00,216,7.2,51.61,88.67
18156.0,13,2,675.64,283,5.538032786885246,100,1,2010-12-05 12:29:00,2011-11-27 12:24:00,356,11.9,56.78,141.5
18157.0,571,1,213.9,145,8.556000000000001,25,1,2010-05-17 14:09:00,2010-05-17 14:09:00,0,1.0,213.9,145.0
18158.0,9,2,453.4,354,13.335294117647058,24,1,2011-09-12 09:03:00,2011-11-30 16:19:00,79,2.6,174.38,177.0
18159.0,301,1,530.15,139,23.05,23,1,2011-02-11 14:26:00,2011-02-11 14:26:00,0,1.0,530.15,139.0
18160.0,57,3,1003.88,519,15.444307692307692,56,1,2010-11-18 16:33:00,2011-10-13 15:50:00,328,10.9,92.1,173.0
18161.0,15,6,1803.1000000000001,965,19.388172043010755,57,1,2010-11-25 15:55:00,2011-11-24 16:40:00,364,12.1,149.02,160.83
18162.0,732,1,371.51,332,8.076304347826087,45,1,2009-12-07 13:24:00,2009-12-07 13:24:00,0,1.0,371.51,332.0
18163.0,584,1,728.84,452,22.086060606060606,33,1,2010-05-04 14:51:00,2010-05-04 14:51:00,0,1.0,728.84,452.0
18164.0,37,1,399.65,184,16.652083333333334,24,1,2011-11-02 12:56:00,2011-11-02 12:56:00,0,1.0,399.65,184.0
18165.0,177,1,302.46,254,30.246,10,1,2011-06-15 13:23:00,2011-06-15 13:23:00,0,1.0,302.46,254.0
18166.0,624,1,175.5,90,17.55,10,1,2010-03-26 12:26:00,2010-03-26 12:26:00,0,1.0,175.5,90.0
18167.0,23,3,1384.8600000000001,382,37.428648648648654,24,1,2011-08-26 11:40:00,2011-11-16 15:56:00,82,2.7,512.91,127.33
18168.0,176,16,3435.5,1995,9.46418732782369,209,1,2009-12-03 17:29:00,2011-06-16 19:21:00,560,18.7,183.72,124.69
18169.0,61,1,202.65,61,22.516666666666666,9,1,2011-10-10 12:18:00,2011-10-10 12:18:00,0,1.0,202.65,61.0
18170.0,33,9,2878.0,1184,22.841269841269842,59,1,2010-01-08 14:10:00,2011-11-06 14:35:00,667,22.2,129.64,131.56
18171.0,59,9,2437.31,991,26.4925,76,1,2010-01-05 10:46:00,2011-10-12 09:13:00,644,21.5,113.36,110.11
18172.0,15,52,17467.24,7407,36.77313684210527,176,1,2009-12-11 09:58:00,2011-11-25 11:12:00,714,23.8,733.92,142.44
18173.0,87,5,2696.36,1730,59.919111111111114,34,1,2010-04-06 10:43:00,2011-09-14 11:26:00,526,17.5,154.08,346.0
18174.0,7,2,162.5,80,81.25,1,1,2010-04-15 12:17:00,2011-12-02 16:56:00,596,19.9,8.17,40.0
18175.0,676,1,176.10000000000002,70,25.157142857142862,7,1,2010-02-02 10:25:00,2010-02-02 10:25:00,0,1.0,176.1,70.0
18176.0,358,1,476.35,283,15.878333333333334,30,1,2010-12-16 15:45:00,2010-12-16 15:45:00,0,1.0,476.35,283.0
18177.0,31,9,2216.32,1238,22.38707070707071,66,1,2009-12-15 18:57:00,2011-11-08 14:44:00,692,23.1,95.94,137.56
18178.0,129,11,6103.74,3850,17.43925714285714,204,1,2010-02-18 14:25:00,2011-08-03 09:30:00,530,17.7,344.84,350.0
18179.0,9,8,2547.55,1811,23.372018348623854,101,1,2010-02-14 15:51:00,2011-11-30 16:23:00,654,21.8,116.86,226.38
18180.0,5,6,1843.75,1721,15.493697478991596,108,1,2011-07-20 08:59:00,2011-12-05 08:39:00,137,4.6,400.82,286.83
18181.0,24,5,1188.34,510,6.676067415730337,139,1,2009-12-04 15:30:00,2011-11-15 15:08:00,710,23.7,50.14,102.0
18182.0,463,1,291.13,167,29.113,10,1,2010-09-02 14:25:00,2010-09-02 14:25:00,0,1.0,291.13,167.0
18183.0,227,2,632.07,371,17.082972972972975,36,1,2011-03-10 10:08:00,2011-04-26 15:26:00,47,1.6,395.04,185.5
18184.0,15,1,49.8,60,49.8,1,1,2011-11-24 15:28:00,2011-11-24 15:28:00,0,1.0,49.8,60.0
18185.0,249,1,304.25,183,17.897058823529413,17,1,2011-04-04 13:42:00,2011-04-04 13:42:00,0,1.0,304.25,183.0
18186.0,723,1,329.58000000000004,338,29.961818181818185,11,1,2009-12-17 10:22:00,2009-12-17 10:22:00,0,1.0,329.58,338.0
18187.0,632,1,724.89,310,15.101875,48,1,2010-03-18 09:49:00,2010-03-18 09:49:00,0,1.0,724.89,310.0
18188.0,15,6,3280.59,1888,24.66609022556391,95,1,2010-03-26 11:37:00,2011-11-24 16:46:00,608,20.3,161.61,314.67
18189.0,78,3,1403.73,836,16.322441860465116,79,1,2010-03-24 09:57:00,2011-09-23 12:40:00,548,18.3,76.71,278.67
18190.0,192,5,745.62,490,17.752857142857142,34,1,2009-12-22 12:05:00,2011-05-31 14:48:00,525,17.5,42.61,98.0
18191.0,262,2,529.4,332,35.29333333333333,15,1,2010-08-19 17:42:00,2011-03-23 12:08:00,215,7.2,73.53,166.0
18192.0,72,1,957.97,339,21.288222222222224,45,1,2011-09-29 09:53:00,2011-09-29 09:53:00,0,1.0,957.97,339.0
18193.0,165,3,1207.3500000000001,926,17.247857142857146,66,1,2010-09-23 13:33:00,2011-06-27 13:58:00,277,9.2,131.23,308.67
18194.0,82,6,4162.04,1774,148.6442857142857,23,1,2010-01-28 15:30:00,2011-09-18 13:29:00,597,19.9,209.15,295.67
18195.0,387,1,101.16,60,20.232,5,1,2010-11-17 15:03:00,2010-11-17 15:03:00,0,1.0,101.16,60.0
18196.0,95,4,1457.19,1038,5.260613718411553,210,1,2010-03-17 14:55:00,2011-09-05 16:22:00,537,17.9,81.41,259.5
18197.0,576,1,230.1,166,25.566666666666666,9,1,2010-05-13 10:46:00,2010-05-13 10:46:00,0,1.0,230.1,166.0
18198.0,4,17,5425.56,4074,34.12301886792453,81,1,2011-01-07 13:39:00,2011-12-05 14:49:00,332,11.1,488.79,239.65
18199.0,684,1,344.75,99,17.2375,20,1,2010-01-25 11:32:00,2010-01-25 11:32:00,0,1.0,344.75,99.0
18200.0,106,1,150.35,104,5.011666666666667,29,1,2011-08-25 18:45:00,2011-08-25 18:45:00,0,1.0,150.35,104.0
18201.0,723,1,447.53000000000003,191,16.575185185185187,27,1,2009-12-17 08:55:00,2009-12-17 08:55:00,0,1.0,447.53,191.0
18202.0,200,3,1396.99,581,20.543970588235293,55,1,2011-02-01 13:36:00,2011-05-24 12:12:00,111,3.7,377.56,193.67
18203.0,157,4,492.52,111,8.34779661016949,40,1,2009-12-08 13:19:00,2011-07-05 13:07:00,573,19.1,25.79,27.75
18204.0,71,3,1975.3500000000001,1190,10.28828125,159,1,2011-05-31 15:26:00,2011-09-29 16:44:00,121,4.0,493.84,396.67
18205.0,36,2,517.36,192,16.1675,30,1,2011-09-26 12:02:00,2011-11-03 13:22:00,38,1.3,397.97,96.0
18206.0,553,1,314.65999999999997,246,16.561052631578946,19,1,2010-06-04 13:47:00,2010-06-04 13:47:00,0,1.0,314.66,246.0
18207.0,499,1,544.47,325,17.563548387096777,31,1,2010-07-28 14:26:00,2010-07-28 14:26:00,0,1.0,544.47,325.0
18208.0,566,1,360.08,82,21.181176470588234,17,1,2010-05-23 11:54:00,2010-05-23 11:54:00,0,1.0,360.08,82.0
18209.0,29,1,139.10000000000002,58,17.387500000000003,8,1,2011-11-11 12:07:00,2011-11-11 12:07:00,0,1.0,139.1,58.0
18210.0,2,7,2768.83,1499,19.22798611111111,116,1,2010-11-22 09:39:00,2011-12-08 11:02:00,381,12.7,218.02,214.14
18211.0,26,5,600.07,359,14.287380952380953,37,1,2011-03-06 12:09:00,2011-11-14 08:10:00,252,8.4,71.44,71.8
18212.0,326,2,514.37,158,11.18195652173913,40,1,2010-01-31 14:42:00,2011-01-17 16:14:00,351,11.7,43.96,79.0
18213.0,237,1,232.48000000000002,232,15.498666666666669,15,1,2011-04-17 10:21:00,2011-04-17 10:21:00,0,1.0,232.48,232.0
18214.0,531,4,1780.34,989,30.69551724137931,38,1,2010-06-03 19:47:00,2010-06-27 11:21:00,23,0.8,2225.42,247.25
18215.0,89,5,2232.4900000000002,1131,25.084157303370787,53,1,2010-03-26 13:03:00,2011-09-11 16:05:00,534,17.8,125.42,226.2
18216.0,31,1,481.75,200,18.528846153846153,26,1,2011-11-08 16:55:00,2011-11-08 16:55:00,0,1.0,481.75,200.0
18217.0,29,4,945.04,740,23.625999999999998,33,1,2010-07-01 15:39:00,2011-11-10 13:18:00,496,16.5,57.28,185.0
18218.0,211,4,1121.84,1028,29.522105263157894,25,1,2010-02-17 15:11:00,2011-05-12 12:53:00,448,14.9,75.29,257.0
18219.0,3,17,3352.7000000000003,1586,17.64578947368421,87,1,2009-12-07 13:17:00,2011-12-07 11:43:00,729,24.3,137.97,93.29
18220.0,227,6,1921.76,1352,76.8704,17,1,2009-12-15 11:42:00,2011-04-27 09:03:00,497,16.6,115.77,225.33
18221.0,22,6,1424.94,1000,16.96357142857143,71,1,2010-11-14 15:46:00,2011-11-17 14:40:00,367,12.2,116.8,166.67
18222.0,93,1,443.0,335,23.31578947368421,19,1,2011-09-08 10:45:00,2011-09-08 10:45:00,0,1.0,443.0,335.0
18223.0,5,26,14000.85,6644,24.30703125,192,1,2009-12-04 12:20:00,2011-12-05 09:11:00,730,24.3,576.17,255.54
18224.0,264,1,158.95000000000002,69,15.895000000000001,10,1,2011-03-21 10:30:00,2011-03-21 10:30:00,0,1.0,158.95,69.0
18225.0,3,26,13014.8,7282,22.753146853146852,266,1,2009-12-04 16:52:00,2011-12-06 13:27:00,731,24.4,533.39,280.08
18226.0,44,26,11878.88,7883,22.497878787878786,299,1,2010-03-05 10:05:00,2011-10-26 13:36:00,600,20.0,593.94,303.19
18227.0,218,2,388.75,22,64.79166666666667,6,1,2010-08-12 16:45:00,2011-05-06 12:23:00,266,8.9,43.68,11.0
18228.0,57,2,779.9,238,25.996666666666666,23,1,2011-09-21 10:48:00,2011-10-14 09:21:00,22,0.7,1114.14,119.0
18229.0,12,28,10150.51,3071,50.50004975124378,73,1,2009-12-03 14:42:00,2011-11-28 09:48:00,724,24.1,421.18,109.68
18230.0,9,9,4291.06,1996,30.650428571428574,42,1,2010-07-02 10:01:00,2011-11-30 13:22:00,516,17.2,249.48,221.78
18231.0,192,28,6854.17,2915,17.896005221932114,218,1,2010-01-10 12:13:00,2011-05-31 14:18:00,506,16.9,405.57,104.11
18232.0,82,4,592.97,302,16.026216216216216,31,1,2011-05-26 16:30:00,2011-09-19 11:49:00,115,3.8,156.04,75.5
18233.0,326,1,440.0,4,440.0,1,1,2011-01-18 08:44:00,2011-01-18 08:44:00,0,1.0,440.0,4.0
18234.0,552,1,179.6,80,5.986666666666666,30,1,2010-06-06 11:22:00,2010-06-06 11:22:00,0,1.0,179.6,80.0
18235.0,72,3,1796.48,1578,17.273846153846154,100,1,2011-05-06 13:35:00,2011-09-29 08:27:00,145,4.8,374.27,526.0
18236.0,30,12,1795.3500000000001,696,18.319897959183674,80,1,2010-04-15 13:39:00,2011-11-10 08:06:00,573,19.1,94.0,58.0
18237.0,3,5,987.1,622,16.181967213114753,40,1,2011-07-28 13:05:00,2011-12-07 12:49:00,131,4.4,224.34,124.4
18238.0,515,1,270.92,114,19.351428571428574,14,1,2010-07-12 12:51:00,2010-07-12 12:51:00,0,1.0,270.92,114.0
18239.0,219,6,1712.26,844,17.836041666666667,85,1,2010-10-13 10:11:00,2011-05-05 12:38:00,204,6.8,251.8,140.67
18240.0,46,1,422.58,126,70.42999999999999,6,1,2011-10-24 13:06:00,2011-10-24 13:06:00,0,1.0,422.58,126.0
18241.0,10,21,2986.9900000000002,1471,18.786100628930818,101,1,2010-04-01 11:55:00,2011-11-30 12:10:00,608,20.3,147.14,70.05
18242.0,72,8,3605.21,2021,25.7515,113,1,2010-01-11 08:49:00,2011-09-28 13:43:00,625,20.8,173.33,252.62
18243.0,414,1,515.78,221,19.837692307692308,26,1,2010-10-21 14:29:00,2010-10-21 14:29:00,0,1.0,515.78,221.0
18244.0,431,2,568.64,856,29.928421052631577,19,1,2010-07-25 10:30:00,2010-10-05 11:15:00,72,2.4,236.93,428.0
18245.0,7,20,6324.9800000000005,5098,13.81,336,1,2010-03-08 15:26:00,2011-12-02 14:48:00,633,21.1,299.76,254.9
18246.0,24,3,758.8199999999999,214,151.76399999999998,3,1,2010-04-09 10:19:00,2011-11-16 11:49:00,586,19.5,38.91,71.33
18247.0,415,3,839.73,335,22.695405405405406,28,1,2010-03-18 15:52:00,2010-10-21 09:49:00,216,7.2,116.63,111.67
18248.0,123,2,804.02,511,17.1068085106383,39,1,2011-06-06 13:18:00,2011-08-09 10:19:00,63,2.1,382.87,255.5
18249.0,17,1,95.34,128,11.9175,8,1,2011-11-22 15:07:00,2011-11-22 15:07:00,0,1.0,95.34,128.0
18250.0,310,1,349.27,199,16.63190476190476,21,1,2011-02-02 13:16:00,2011-02-02 13:16:00,0,1.0,349.27,199.0
18251.0,87,9,26278.86,39639,243.3227777777778,87,1,2009-12-22 12:01:00,2011-09-13 15:03:00,630,21.0,1251.37,4404.33
18252.0,51,7,1533.69,932,11.44544776119403,125,1,2009-12-18 16:13:00,2011-10-20 12:43:00,670,22.3,68.78,133.14
18253.0,643,1,317.88,128,45.41142857142857,7,1,2010-03-07 12:38:00,2010-03-07 12:38:00,0,1.0,317.88,128.0
18254.0,581,1,267.9,188,16.74375,16,1,2010-05-07 14:37:00,2010-05-07 14:37:00,0,1.0,267.9,188.0
18255.0,89,2,303.15,201,15.955263157894736,16,1,2010-09-09 16:31:00,2011-09-11 13:16:00,366,12.2,24.85,100.5
18256.0,388,1,110.69999999999999,180,11.069999999999999,10,1,2010-11-17 08:53:00,2010-11-17 08:53:00,0,1.0,110.7,180.0
18257.0,39,12,4600.15,2369,16.667210144927534,219,1,2010-02-18 16:20:00,2011-10-31 14:48:00,619,20.6,223.31,197.42
18258.0,464,6,2059.67,1981,41.193400000000004,30,1,2010-05-16 11:35:00,2010-09-01 14:20:00,108,3.6,572.13,330.17
18259.0,25,7,3941.9,1274,46.37529411764706,51,1,2009-12-08 08:38:00,2011-11-15 12:34:00,707,23.6,167.03,182.0
18260.0,173,23,9947.26,5244,24.261609756097563,212,1,2009-12-15 13:50:00,2011-06-20 12:37:00,551,18.4,540.61,228.0
18261.0,43,2,324.24,146,15.440000000000001,19,1,2011-09-05 09:34:00,2011-10-27 15:36:00,52,1.7,190.73,73.0
18262.0,140,3,577.54,552,13.75095238095238,40,1,2010-04-16 09:05:00,2011-07-22 16:04:00,462,15.4,37.5,184.0
18263.0,26,3,1213.16,1468,19.887868852459018,59,1,2011-04-01 11:48:00,2011-11-14 09:00:00,226,7.5,161.75,489.33
18264.0,499,1,603.25,241,16.756944444444443,36,1,2010-07-29 10:02:00,2010-07-29 10:02:00,0,1.0,603.25,241.0
18265.0,72,2,801.51,311,17.424130434782608,44,1,2011-07-04 15:26:00,2011-09-28 14:10:00,85,2.8,286.25,155.5
18266.0,434,1,251.1,138,17.935714285714287,14,1,2010-10-01 15:33:00,2010-10-01 15:33:00,0,1.0,251.1,138.0
18267.0,673,1,269.37,135,15.84529411764706,17,1,2010-02-05 08:43:00,2010-02-05 08:43:00,0,1.0,269.37,135.0
18268.0,134,6,1490.23,711,22.24223880597015,36,1,2009-12-11 10:27:00,2011-07-28 19:13:00,594,19.8,75.26,118.5
18269.0,366,1,168.60000000000002,76,24.08571428571429,7,1,2010-12-08 13:53:00,2010-12-08 13:53:00,0,1.0,168.6,76.0
18270.0,38,3,444.55,209,26.150000000000002,17,1,2010-10-03 10:49:00,2011-11-01 13:57:00,394,13.1,33.94,69.67
18271.0,610,2,680.85,319,32.42142857142857,19,1,2009-12-08 11:27:00,2010-04-09 09:26:00,121,4.0,170.21,159.5
18272.0,3,9,4385.9800000000005,2880,19.40699115044248,145,1,2010-03-04 12:53:00,2011-12-07 12:43:00,642,21.4,204.95,320.0
18273.0,2,4,357.0,140,89.25,1,1,2010-04-28 12:24:00,2011-12-07 13:16:00,588,19.6,18.21,35.0
18274.0,30,1,175.92,88,15.992727272727272,11,1,2011-11-09 17:03:00,2011-11-09 17:03:00,0,1.0,175.92,88.0
18275.0,578,2,741.85,417,39.044736842105266,19,1,2009-12-08 16:23:00,2010-05-10 15:46:00,152,5.1,145.46,208.5
18276.0,44,6,1656.52,1246,17.622553191489363,81,1,2009-12-10 17:14:00,2011-10-27 10:54:00,685,22.8,72.65,207.67
18277.0,58,5,1180.05,449,18.43828125,53,1,2010-08-02 10:26:00,2011-10-12 15:22:00,436,14.5,81.38,89.8
18278.0,74,2,414.20000000000005,140,17.258333333333336,22,1,2010-10-31 12:13:00,2011-09-27 11:58:00,330,11.0,37.65,70.0
18279.0,519,1,231.34,630,17.795384615384616,13,1,2010-07-08 14:48:00,2010-07-08 14:48:00,0,1.0,231.34,630.0
18280.0,278,2,488.15000000000003,194,16.27166666666667,28,1,2010-11-10 15:51:00,2011-03-07 09:52:00,116,3.9,125.17,97.0
18281.0,181,2,201.14,146,11.831764705882351,17,1,2010-05-11 10:49:00,2011-06-12 10:53:00,397,13.2,15.24,73.0
18282.0,8,2,178.05,103,14.8375,12,1,2011-08-05 13:35:00,2011-12-02 11:43:00,118,3.9,45.65,51.5
18283.0,4,22,2664.9,1679,2.841044776119403,352,1,2010-02-19 17:16:00,2011-12-06 12:02:00,654,21.8,122.24,76.32
18284.0,432,1,461.68,494,16.48857142857143,28,1,2010-10-04 11:33:00,2010-10-04 11:33:00,0,1.0,461.68,494.0
18285.0,661,1,427.0,145,35.583333333333336,12,1,2010-02-17 10:24:00,2010-02-17 10:24:00,0,1.0,427.0,145.0
18286.0,477,2,1296.43,608,19.349701492537314,67,1,2009-12-16 10:45:00,2010-08-20 11:57:00,247,8.2,158.1,304.0
18287.0,43,7,4182.99,3013,26.987032258064513,120,1,2010-05-17 11:55:00,2011-10-28 09:29:00,528,17.6,237.67,430.43
