CustomerID,Cluster,Segment
12346.0,2,Champions
12347.0,3,Loyal Customers
12348.0,3,Loyal Customers
12349.0,3,Loyal Customers
12350.0,1,At Risk Customers
12351.0,1,At Risk Customers
12352.0,3,Loyal Customers
12353.0,0,Potential Customers
12354.0,0,Potential Customers
12355.0,0,Potential Customers
12356.0,3,Loyal Customers
12357.0,3,Loyal Customers
12358.0,3,Loyal Customers
12359.0,2,Champions
12360.0,3,Loyal Customers
12361.0,0,Potential Customers
12362.0,2,Champions
12363.0,0,Potential Customers
12364.0,3,Loyal Customers
12365.0,0,Potential Customers
12366.0,1,At Risk Customers
12367.0,0,Potential Customers
12368.0,1,At Risk Customers
12369.0,1,At Risk Customers
12370.0,3,Loyal Customers
12371.0,3,Loyal Customers
12372.0,3,Loyal Customers
12373.0,3,Loyal Customers
12374.0,3,Loyal Customers
12375.0,0,Potential Customers
12376.0,1,At Risk Customers
12377.0,3,Loyal Customers
12378.0,3,Loyal Customers
12379.0,3,Loyal Customers
12380.0,2,Champions
12381.0,3,Loyal Customers
12383.0,3,Loyal Customers
12384.0,0,Potential Customers
12385.0,1,At Risk Customers
12386.0,1,At Risk Customers
12387.0,1,At Risk Customers
12388.0,3,Loyal Customers
12389.0,1,At Risk Customers
12390.0,0,Potential Customers
12391.0,3,Loyal Customers
12392.0,1,At Risk Customers
12393.0,3,Loyal Customers
12394.0,0,Potential Customers
12395.0,2,Champions
12396.0,1,At Risk Customers
12397.0,3,Loyal Customers
12398.0,0,Potential Customers
12399.0,3,Loyal Customers
12400.0,1,At Risk Customers
12401.0,1,At Risk Customers
12402.0,3,Loyal Customers
12403.0,0,Potential Customers
12404.0,1,At Risk Customers
12405.0,0,Potential Customers
12406.0,3,Loyal Customers
12407.0,3,Loyal Customers
12408.0,3,Loyal Customers
12409.0,2,Champions
12410.0,3,Loyal Customers
12411.0,1,At Risk Customers
12412.0,3,Loyal Customers
12413.0,3,Loyal Customers
12414.0,3,Loyal Customers
12415.0,2,Champions
12416.0,1,At Risk Customers
12417.0,2,Champions
12418.0,3,Loyal Customers
12419.0,1,At Risk Customers
12420.0,0,Potential Customers
12421.0,3,Loyal Customers
12422.0,2,Champions
12423.0,3,Loyal Customers
12424.0,3,Loyal Customers
12425.0,3,Loyal Customers
12426.0,0,Potential Customers
12427.0,0,Potential Customers
12428.0,2,Champions
12429.0,2,Champions
12430.0,0,Potential Customers
12431.0,2,Champions
12432.0,3,Loyal Customers
12433.0,2,Champions
12434.0,3,Loyal Customers
12435.0,2,Champions
12436.0,0,Potential Customers
12437.0,2,Champions
12438.0,3,Loyal Customers
12439.0,1,At Risk Customers
12440.0,1,At Risk Customers
12441.0,1,At Risk Customers
12442.0,0,Potential Customers
12443.0,1,At Risk Customers
12444.0,3,Loyal Customers
12445.0,0,Potential Customers
12446.0,0,Potential Customers
12447.0,0,Potential Customers
12448.0,0,Potential Customers
12449.0,3,Loyal Customers
12450.0,3,Loyal Customers
12451.0,2,Champions
12452.0,0,Potential Customers
12453.0,0,Potential Customers
12454.0,2,Champions
12455.0,2,Champions
12456.0,3,Loyal Customers
12457.0,3,Loyal Customers
12458.0,3,Loyal Customers
12459.0,1,At Risk Customers
12460.0,1,At Risk Customers
12461.0,0,Potential Customers
12462.0,0,Potential Customers
12463.0,3,Loyal Customers
12464.0,3,Loyal Customers
12465.0,0,Potential Customers
12466.0,1,At Risk Customers
12467.0,1,At Risk Customers
12468.0,3,Loyal Customers
12469.0,1,At Risk Customers
12470.0,1,At Risk Customers
12471.0,2,Champions
12472.0,2,Champions
12473.0,3,Loyal Customers
12474.0,2,Champions
12475.0,0,Potential Customers
12476.0,2,Champions
12477.0,2,Champions
12478.0,0,Potential Customers
12479.0,0,Potential Customers
12480.0,3,Loyal Customers
12481.0,2,Champions
12482.0,2,Champions
12483.0,2,Champions
12484.0,2,Champions
12485.0,1,At Risk Customers
12486.0,1,At Risk Customers
12487.0,1,At Risk Customers
12488.0,3,Loyal Customers
12489.0,1,At Risk Customers
12490.0,2,Champions
12491.0,0,Potential Customers
12492.0,0,Potential Customers
12493.0,0,Potential Customers
12494.0,3,Loyal Customers
12495.0,1,At Risk Customers
12496.0,1,At Risk Customers
12497.0,3,Loyal Customers
12498.0,0,Potential Customers
12499.0,1,At Risk Customers
12500.0,2,Champions
12501.0,1,At Risk Customers
12502.0,3,Loyal Customers
12503.0,1,At Risk Customers
12504.0,3,Loyal Customers
12505.0,1,At Risk Customers
12506.0,0,Potential Customers
12507.0,3,Loyal Customers
12508.0,0,Potential Customers
12509.0,0,Potential Customers
12510.0,3,Loyal Customers
12511.0,1,At Risk Customers
12512.0,0,Potential Customers
12513.0,0,Potential Customers
12514.0,3,Loyal Customers
12515.0,1,At Risk Customers
12516.0,3,Loyal Customers
12517.0,3,Loyal Customers
12518.0,3,Loyal Customers
12519.0,0,Potential Customers
12520.0,3,Loyal Customers
12521.0,0,Potential Customers
12522.0,0,Potential Customers
12523.0,2,Champions
12524.0,2,Champions
12525.0,1,At Risk Customers
12526.0,3,Loyal Customers
12527.0,3,Loyal Customers
12528.0,3,Loyal Customers
12529.0,1,At Risk Customers
12530.0,3,Loyal Customers
12531.0,3,Loyal Customers
12532.0,0,Potential Customers
12533.0,1,At Risk Customers
12534.0,0,Potential Customers
12535.0,0,Potential Customers
12536.0,3,Loyal Customers
12537.0,1,At Risk Customers
12538.0,0,Potential Customers
12539.0,2,Champions
12540.0,2,Champions
12541.0,3,Loyal Customers
12542.0,1,At Risk Customers
12543.0,1,At Risk Customers
12544.0,0,Potential Customers
12545.0,0,Potential Customers
12546.0,0,Potential Customers
12547.0,0,Potential Customers
12548.0,0,Potential Customers
12549.0,1,At Risk Customers
12550.0,0,Potential Customers
12551.0,1,At Risk Customers
12552.0,0,Potential Customers
12553.0,2,Champions
12554.0,1,At Risk Customers
12555.0,1,At Risk Customers
12556.0,0,Potential Customers
12557.0,2,Champions
12558.0,0,Potential Customers
12559.0,1,At Risk Customers
12560.0,3,Loyal Customers
12561.0,1,At Risk Customers
12562.0,2,Champions
12563.0,1,At Risk Customers
12564.0,0,Potential Customers
12565.0,1,At Risk Customers
12566.0,0,Potential Customers
12567.0,2,Champions
12568.0,1,At Risk Customers
12569.0,2,Champions
12570.0,1,At Risk Customers
12571.0,0,Potential Customers
12572.0,0,Potential Customers
12573.0,3,Loyal Customers
12574.0,1,At Risk Customers
12575.0,1,At Risk Customers
12576.0,3,Loyal Customers
12577.0,3,Loyal Customers
12578.0,3,Loyal Customers
12579.0,0,Potential Customers
12580.0,0,Potential Customers
12581.0,0,Potential Customers
12582.0,3,Loyal Customers
12583.0,2,Champions
12584.0,3,Loyal Customers
12585.0,3,Loyal Customers
12586.0,3,Loyal Customers
12587.0,0,Potential Customers
12588.0,3,Loyal Customers
12589.0,3,Loyal Customers
12590.0,3,Loyal Customers
12591.0,3,Loyal Customers
12592.0,3,Loyal Customers
12593.0,0,Potential Customers
12594.0,2,Champions
12595.0,1,At Risk Customers
12596.0,0,Potential Customers
12597.0,3,Loyal Customers
12598.0,2,Champions
12599.0,2,Champions
12600.0,2,Champions
12601.0,3,Loyal Customers
12602.0,0,Potential Customers
12603.0,0,Potential Customers
12604.0,0,Potential Customers
12605.0,3,Loyal Customers
12606.0,1,At Risk Customers
12607.0,0,Potential Customers
12608.0,1,At Risk Customers
12609.0,3,Loyal Customers
12610.0,3,Loyal Customers
12611.0,0,Potential Customers
12612.0,0,Potential Customers
12613.0,2,Champions
12614.0,0,Potential Customers
12615.0,2,Champions
12616.0,3,Loyal Customers
12617.0,0,Potential Customers
12618.0,0,Potential Customers
12619.0,2,Champions
12620.0,3,Loyal Customers
12621.0,2,Champions
12622.0,0,Potential Customers
12623.0,3,Loyal Customers
12624.0,0,Potential Customers
12625.0,3,Loyal Customers
12626.0,2,Champions
12627.0,3,Loyal Customers
12628.0,0,Potential Customers
12629.0,1,At Risk Customers
12630.0,0,Potential Customers
12631.0,3,Loyal Customers
12632.0,1,At Risk Customers
12633.0,3,Loyal Customers
12634.0,1,At Risk Customers
12635.0,3,Loyal Customers
12636.0,1,At Risk Customers
12637.0,2,Champions
12638.0,0,Potential Customers
12639.0,3,Loyal Customers
12640.0,3,Loyal Customers
12641.0,0,Potential Customers
12642.0,3,Loyal Customers
12643.0,2,Champions
12644.0,3,Loyal Customers
12645.0,3,Loyal Customers
12646.0,0,Potential Customers
12647.0,2,Champions
12648.0,3,Loyal Customers
12649.0,3,Loyal Customers
12650.0,0,Potential Customers
12651.0,1,At Risk Customers
12652.0,1,At Risk Customers
12653.0,3,Loyal Customers
12654.0,3,Loyal Customers
12655.0,1,At Risk Customers
12656.0,2,Champions
12657.0,3,Loyal Customers
12658.0,0,Potential Customers
12659.0,0,Potential Customers
12660.0,0,Potential Customers
12661.0,1,At Risk Customers
12662.0,2,Champions
12663.0,1,At Risk Customers
12664.0,2,Champions
12665.0,1,At Risk Customers
12666.0,1,At Risk Customers
12667.0,0,Potential Customers
12668.0,2,Champions
12669.0,3,Loyal Customers
12670.0,3,Loyal Customers
12671.0,1,At Risk Customers
12672.0,1,At Risk Customers
12673.0,3,Loyal Customers
12674.0,3,Loyal Customers
12675.0,1,At Risk Customers
12676.0,3,Loyal Customers
12677.0,1,At Risk Customers
12678.0,2,Champions
12679.0,3,Loyal Customers
12680.0,3,Loyal Customers
12681.0,2,Champions
12682.0,2,Champions
12683.0,2,Champions
12684.0,3,Loyal Customers
12685.0,3,Loyal Customers
12686.0,1,At Risk Customers
12687.0,1,At Risk Customers
12688.0,3,Loyal Customers
12689.0,0,Potential Customers
12690.0,0,Potential Customers
12691.0,3,Loyal Customers
12692.0,1,At Risk Customers
12693.0,3,Loyal Customers
12694.0,3,Loyal Customers
12695.0,3,Loyal Customers
12696.0,1,At Risk Customers
12697.0,3,Loyal Customers
12698.0,1,At Risk Customers
12699.0,1,At Risk Customers
12700.0,3,Loyal Customers
12701.0,3,Loyal Customers
12702.0,0,Potential Customers
12703.0,3,Loyal Customers
12704.0,3,Loyal Customers
12705.0,2,Champions
12707.0,0,Potential Customers
12708.0,2,Champions
12709.0,2,Champions
12710.0,3,Loyal Customers
12711.0,1,At Risk Customers
12712.0,2,Champions
12713.0,0,Potential Customers
12714.0,2,Champions
12715.0,0,Potential Customers
12716.0,0,Potential Customers
12717.0,3,Loyal Customers
12718.0,0,Potential Customers
12719.0,0,Potential Customers
12720.0,2,Champions
12721.0,3,Loyal Customers
12722.0,3,Loyal Customers
12723.0,3,Loyal Customers
12724.0,3,Loyal Customers
12725.0,3,Loyal Customers
12726.0,2,Champions
12727.0,2,Champions
12728.0,3,Loyal Customers
12729.0,0,Potential Customers
12730.0,1,At Risk Customers
12731.0,2,Champions
12732.0,0,Potential Customers
12733.0,3,Loyal Customers
12734.0,1,At Risk Customers
12735.0,1,At Risk Customers
12736.0,1,At Risk Customers
12737.0,1,At Risk Customers
12738.0,1,At Risk Customers
12739.0,3,Loyal Customers
12740.0,0,Potential Customers
12741.0,1,At Risk Customers
12742.0,1,At Risk Customers
12743.0,0,Potential Customers
12744.0,2,Champions
12745.0,1,At Risk Customers
12746.0,1,At Risk Customers
12747.0,2,Champions
12748.0,2,Champions
12749.0,2,Champions
12750.0,0,Potential Customers
12751.0,1,At Risk Customers
12752.0,3,Loyal Customers
12753.0,2,Champions
12754.0,3,Loyal Customers
12755.0,2,Champions
12756.0,0,Potential Customers
12757.0,2,Champions
12758.0,2,Champions
12759.0,3,Loyal Customers
12760.0,1,At Risk Customers
12761.0,1,At Risk Customers
12762.0,3,Loyal Customers
12763.0,0,Potential Customers
12764.0,1,At Risk Customers
12765.0,1,At Risk Customers
12766.0,2,Champions
12767.0,1,At Risk Customers
12768.0,1,At Risk Customers
12769.0,0,Potential Customers
12770.0,3,Loyal Customers
12771.0,1,At Risk Customers
12772.0,0,Potential Customers
12773.0,1,At Risk Customers
12774.0,1,At Risk Customers
12775.0,3,Loyal Customers
12776.0,1,At Risk Customers
12777.0,1,At Risk Customers
12778.0,3,Loyal Customers
12779.0,2,Champions
12780.0,1,At Risk Customers
12781.0,0,Potential Customers
12782.0,2,Champions
12783.0,3,Loyal Customers
12784.0,3,Loyal Customers
12785.0,1,At Risk Customers
12786.0,1,At Risk Customers
12787.0,3,Loyal Customers
12788.0,1,At Risk Customers
12789.0,0,Potential Customers
12790.0,0,Potential Customers
12791.0,3,Loyal Customers
12792.0,0,Potential Customers
12793.0,1,At Risk Customers
12794.0,0,Potential Customers
12795.0,0,Potential Customers
12796.0,1,At Risk Customers
12797.0,1,At Risk Customers
12798.0,3,Loyal Customers
12799.0,1,At Risk Customers
12800.0,1,At Risk Customers
12801.0,1,At Risk Customers
12802.0,3,Loyal Customers
12803.0,1,At Risk Customers
12804.0,1,At Risk Customers
12805.0,3,Loyal Customers
12806.0,3,Loyal Customers
12807.0,1,At Risk Customers
12808.0,3,Loyal Customers
12809.0,3,Loyal Customers
12810.0,1,At Risk Customers
12811.0,3,Loyal Customers
12812.0,0,Potential Customers
12813.0,1,At Risk Customers
12814.0,0,Potential Customers
12815.0,0,Potential Customers
12816.0,0,Potential Customers
12817.0,0,Potential Customers
12818.0,0,Potential Customers
12819.0,1,At Risk Customers
12820.0,3,Loyal Customers
12821.0,0,Potential Customers
12822.0,0,Potential Customers
12823.0,2,Champions
12824.0,0,Potential Customers
12825.0,1,At Risk Customers
12826.0,2,Champions
12827.0,0,Potential Customers
12828.0,3,Loyal Customers
12829.0,1,At Risk Customers
12830.0,3,Loyal Customers
12831.0,0,Potential Customers
12832.0,0,Potential Customers
12833.0,0,Potential Customers
12834.0,0,Potential Customers
12835.0,2,Champions
12836.0,2,Champions
12837.0,0,Potential Customers
12838.0,3,Loyal Customers
12839.0,2,Champions
12840.0,3,Loyal Customers
12841.0,2,Champions
12842.0,3,Loyal Customers
12843.0,2,Champions
12844.0,3,Loyal Customers
12845.0,0,Potential Customers
12846.0,1,At Risk Customers
12847.0,3,Loyal Customers
12848.0,1,At Risk Customers
12849.0,3,Loyal Customers
12850.0,1,At Risk Customers
12851.0,0,Potential Customers
12852.0,1,At Risk Customers
12853.0,2,Champions
12854.0,3,Loyal Customers
12855.0,1,At Risk Customers
12856.0,3,Loyal Customers
12857.0,3,Loyal Customers
12858.0,1,At Risk Customers
12859.0,1,At Risk Customers
12860.0,1,At Risk Customers
12861.0,1,At Risk Customers
12862.0,1,At Risk Customers
12863.0,3,Loyal Customers
12864.0,0,Potential Customers
12865.0,3,Loyal Customers
12866.0,3,Loyal Customers
12867.0,2,Champions
12868.0,3,Loyal Customers
12869.0,1,At Risk Customers
12870.0,1,At Risk Customers
12871.0,0,Potential Customers
12872.0,3,Loyal Customers
12873.0,3,Loyal Customers
12874.0,1,At Risk Customers
12875.0,3,Loyal Customers
12876.0,3,Loyal Customers
12877.0,2,Champions
12878.0,0,Potential Customers
12879.0,0,Potential Customers
12880.0,1,At Risk Customers
12881.0,0,Potential Customers
12882.0,3,Loyal Customers
12883.0,3,Loyal Customers
12884.0,0,Potential Customers
12885.0,3,Loyal Customers
12886.0,3,Loyal Customers
12887.0,1,At Risk Customers
12888.0,0,Potential Customers
12889.0,1,At Risk Customers
12890.0,0,Potential Customers
12891.0,3,Loyal Customers
12892.0,1,At Risk Customers
12893.0,0,Potential Customers
12894.0,1,At Risk Customers
12895.0,0,Potential Customers
12897.0,0,Potential Customers
12898.0,1,At Risk Customers
12899.0,1,At Risk Customers
12900.0,1,At Risk Customers
12901.0,2,Champions
12902.0,0,Potential Customers
12903.0,1,At Risk Customers
12904.0,0,Potential Customers
12905.0,1,At Risk Customers
12906.0,3,Loyal Customers
12907.0,1,At Risk Customers
12908.0,3,Loyal Customers
12909.0,3,Loyal Customers
12910.0,2,Champions
12911.0,1,At Risk Customers
12912.0,3,Loyal Customers
12913.0,2,Champions
12914.0,1,At Risk Customers
12915.0,3,Loyal Customers
12916.0,3,Loyal Customers
12917.0,3,Loyal Customers
12918.0,1,At Risk Customers
12919.0,3,Loyal Customers
12920.0,0,Potential Customers
12921.0,2,Champions
12922.0,0,Potential Customers
12923.0,0,Potential Customers
12924.0,3,Loyal Customers
12925.0,0,Potential Customers
12926.0,1,At Risk Customers
12927.0,1,At Risk Customers
12928.0,2,Champions
12929.0,1,At Risk Customers
12930.0,0,Potential Customers
12931.0,2,Champions
12932.0,1,At Risk Customers
12933.0,3,Loyal Customers
12934.0,1,At Risk Customers
12935.0,2,Champions
12936.0,3,Loyal Customers
12937.0,3,Loyal Customers
12938.0,0,Potential Customers
12939.0,2,Champions
12940.0,0,Potential Customers
12941.0,1,At Risk Customers
12942.0,0,Potential Customers
12943.0,1,At Risk Customers
12944.0,0,Potential Customers
12945.0,0,Potential Customers
12946.0,1,At Risk Customers
12947.0,3,Loyal Customers
12948.0,3,Loyal Customers
12949.0,2,Champions
12950.0,3,Loyal Customers
12951.0,2,Champions
12952.0,3,Loyal Customers
12953.0,0,Potential Customers
12954.0,1,At Risk Customers
12955.0,2,Champions
12956.0,0,Potential Customers
12957.0,2,Champions
12958.0,1,At Risk Customers
12959.0,1,At Risk Customers
12960.0,1,At Risk Customers
12961.0,1,At Risk Customers
12962.0,0,Potential Customers
12963.0,2,Champions
12964.0,1,At Risk Customers
12965.0,0,Potential Customers
12966.0,0,Potential Customers
12967.0,3,Loyal Customers
12968.0,0,Potential Customers
12969.0,1,At Risk Customers
12970.0,3,Loyal Customers
12971.0,2,Champions
12972.0,1,At Risk Customers
12973.0,1,At Risk Customers
12974.0,0,Potential Customers
12975.0,3,Loyal Customers
12976.0,3,Loyal Customers
12977.0,0,Potential Customers
12978.0,3,Loyal Customers
12979.0,1,At Risk Customers
12980.0,2,Champions
12981.0,0,Potential Customers
12982.0,3,Loyal Customers
12983.0,1,At Risk Customers
12984.0,0,Potential Customers
12985.0,0,Potential Customers
12986.0,3,Loyal Customers
12987.0,3,Loyal Customers
12988.0,0,Potential Customers
12989.0,2,Champions
12990.0,3,Loyal Customers
12991.0,0,Potential Customers
12992.0,1,At Risk Customers
12993.0,3,Loyal Customers
12994.0,3,Loyal Customers
12995.0,0,Potential Customers
12996.0,1,At Risk Customers
12997.0,3,Loyal Customers
12998.0,1,At Risk Customers
12999.0,0,Potential Customers
13000.0,3,Loyal Customers
13001.0,2,Champions
13002.0,1,At Risk Customers
13003.0,0,Potential Customers
13004.0,2,Champions
13005.0,3,Loyal Customers
13006.0,0,Potential Customers
13007.0,1,At Risk Customers
13008.0,1,At Risk Customers
13009.0,1,At Risk Customers
13010.0,1,At Risk Customers
13011.0,1,At Risk Customers
13012.0,2,Champions
13013.0,2,Champions
13014.0,2,Champions
13015.0,2,Champions
13016.0,0,Potential Customers
13017.0,0,Potential Customers
13018.0,2,Champions
13019.0,3,Loyal Customers
13020.0,1,At Risk Customers
13021.0,2,Champions
13022.0,1,At Risk Customers
13023.0,3,Loyal Customers
13024.0,1,At Risk Customers
13025.0,1,At Risk Customers
13026.0,3,Loyal Customers
13027.0,2,Champions
13028.0,0,Potential Customers
13029.0,3,Loyal Customers
13030.0,0,Potential Customers
13031.0,3,Loyal Customers
13032.0,3,Loyal Customers
13033.0,1,At Risk Customers
13034.0,0,Potential Customers
13035.0,3,Loyal Customers
13036.0,1,At Risk Customers
13037.0,2,Champions
13038.0,3,Loyal Customers
13039.0,1,At Risk Customers
13040.0,0,Potential Customers
13041.0,1,At Risk Customers
13042.0,1,At Risk Customers
13043.0,0,Potential Customers
13044.0,2,Champions
13045.0,0,Potential Customers
13046.0,3,Loyal Customers
13047.0,2,Champions
13048.0,3,Loyal Customers
13049.0,3,Loyal Customers
13050.0,2,Champions
13051.0,1,At Risk Customers
13052.0,3,Loyal Customers
13053.0,1,At Risk Customers
13055.0,3,Loyal Customers
13056.0,1,At Risk Customers
13057.0,1,At Risk Customers
13058.0,0,Potential Customers
13059.0,3,Loyal Customers
13060.0,0,Potential Customers
13061.0,0,Potential Customers
13062.0,0,Potential Customers
13063.0,1,At Risk Customers
13064.0,3,Loyal Customers
13065.0,3,Loyal Customers
13066.0,0,Potential Customers
13067.0,0,Potential Customers
13068.0,0,Potential Customers
13069.0,2,Champions
13070.0,3,Loyal Customers
13071.0,1,At Risk Customers
13072.0,0,Potential Customers
13073.0,1,At Risk Customers
13074.0,1,At Risk Customers
13075.0,0,Potential Customers
13076.0,1,At Risk Customers
13077.0,3,Loyal Customers
13078.0,2,Champions
13079.0,3,Loyal Customers
13080.0,0,Potential Customers
13081.0,2,Champions
13082.0,2,Champions
13083.0,0,Potential Customers
13084.0,1,At Risk Customers
13085.0,3,Loyal Customers
13086.0,1,At Risk Customers
13087.0,1,At Risk Customers
13088.0,1,At Risk Customers
13089.0,2,Champions
13090.0,2,Champions
13091.0,3,Loyal Customers
13092.0,3,Loyal Customers
13093.0,2,Champions
13094.0,2,Champions
13095.0,0,Potential Customers
13096.0,1,At Risk Customers
13097.0,2,Champions
13098.0,2,Champions
13099.0,0,Potential Customers
13101.0,3,Loyal Customers
13102.0,2,Champions
13103.0,0,Potential Customers
13104.0,3,Loyal Customers
13105.0,1,At Risk Customers
13106.0,0,Potential Customers
13107.0,2,Champions
13108.0,1,At Risk Customers
13109.0,3,Loyal Customers
13110.0,2,Champions
13111.0,1,At Risk Customers
13112.0,1,At Risk Customers
13113.0,2,Champions
13114.0,1,At Risk Customers
13115.0,2,Champions
13116.0,0,Potential Customers
13117.0,2,Champions
13118.0,3,Loyal Customers
13119.0,1,At Risk Customers
13120.0,0,Potential Customers
13121.0,0,Potential Customers
13122.0,0,Potential Customers
13123.0,1,At Risk Customers
13124.0,3,Loyal Customers
13125.0,1,At Risk Customers
13126.0,2,Champions
13127.0,0,Potential Customers
13128.0,1,At Risk Customers
13129.0,1,At Risk Customers
13130.0,0,Potential Customers
13131.0,3,Loyal Customers
13132.0,0,Potential Customers
13133.0,0,Potential Customers
13134.0,3,Loyal Customers
13135.0,3,Loyal Customers
13136.0,2,Champions
13137.0,2,Champions
13138.0,3,Loyal Customers
13139.0,2,Champions
13140.0,3,Loyal Customers
13141.0,2,Champions
13142.0,0,Potential Customers
13143.0,1,At Risk Customers
13144.0,1,At Risk Customers
13145.0,3,Loyal Customers
13146.0,0,Potential Customers
13147.0,3,Loyal Customers
13148.0,2,Champions
13149.0,3,Loyal Customers
13150.0,1,At Risk Customers
13151.0,3,Loyal Customers
13152.0,3,Loyal Customers
13153.0,0,Potential Customers
13154.0,1,At Risk Customers
13155.0,3,Loyal Customers
13156.0,1,At Risk Customers
13157.0,2,Champions
13158.0,3,Loyal Customers
13159.0,3,Loyal Customers
13160.0,0,Potential Customers
13161.0,1,At Risk Customers
13162.0,2,Champions
13163.0,1,At Risk Customers
13164.0,1,At Risk Customers
13165.0,3,Loyal Customers
13166.0,0,Potential Customers
13167.0,3,Loyal Customers
13168.0,3,Loyal Customers
13169.0,0,Potential Customers
13170.0,0,Potential Customers
13171.0,0,Potential Customers
13172.0,1,At Risk Customers
13173.0,3,Loyal Customers
13174.0,2,Champions
13175.0,1,At Risk Customers
13176.0,0,Potential Customers
13177.0,0,Potential Customers
13178.0,2,Champions
13179.0,1,At Risk Customers
13180.0,1,At Risk Customers
13181.0,1,At Risk Customers
13182.0,0,Potential Customers
13183.0,2,Champions
13184.0,3,Loyal Customers
13185.0,0,Potential Customers
13186.0,3,Loyal Customers
13187.0,1,At Risk Customers
13188.0,0,Potential Customers
13189.0,0,Potential Customers
13190.0,1,At Risk Customers
13191.0,1,At Risk Customers
13192.0,3,Loyal Customers
13193.0,0,Potential Customers
13194.0,0,Potential Customers
13195.0,1,At Risk Customers
13196.0,3,Loyal Customers
13197.0,1,At Risk Customers
13198.0,3,Loyal Customers
13199.0,2,Champions
13200.0,3,Loyal Customers
13201.0,1,At Risk Customers
13202.0,3,Loyal Customers
13203.0,3,Loyal Customers
13204.0,1,At Risk Customers
13205.0,1,At Risk Customers
13206.0,2,Champions
13207.0,0,Potential Customers
13208.0,3,Loyal Customers
13209.0,2,Champions
13210.0,0,Potential Customers
13211.0,3,Loyal Customers
13212.0,0,Potential Customers
13213.0,2,Champions
13214.0,3,Loyal Customers
13215.0,1,At Risk Customers
13216.0,0,Potential Customers
13217.0,3,Loyal Customers
13218.0,0,Potential Customers
13219.0,1,At Risk Customers
13220.0,3,Loyal Customers
13221.0,0,Potential Customers
13222.0,1,At Risk Customers
13223.0,3,Loyal Customers
13224.0,3,Loyal Customers
13225.0,2,Champions
13226.0,0,Potential Customers
13227.0,0,Potential Customers
13228.0,0,Potential Customers
13229.0,0,Potential Customers
13230.0,2,Champions
13232.0,3,Loyal Customers
13233.0,3,Loyal Customers
13234.0,1,At Risk Customers
13235.0,0,Potential Customers
13236.0,0,Potential Customers
13237.0,1,At Risk Customers
13238.0,3,Loyal Customers
13239.0,3,Loyal Customers
13240.0,3,Loyal Customers
13241.0,1,At Risk Customers
13242.0,3,Loyal Customers
13243.0,3,Loyal Customers
13244.0,0,Potential Customers
13245.0,0,Potential Customers
13246.0,2,Champions
13247.0,0,Potential Customers
13248.0,0,Potential Customers
13249.0,3,Loyal Customers
13250.0,1,At Risk Customers
13251.0,1,At Risk Customers
13252.0,1,At Risk Customers
13253.0,3,Loyal Customers
13254.0,1,At Risk Customers
13255.0,0,Potential Customers
13257.0,1,At Risk Customers
13258.0,3,Loyal Customers
13259.0,3,Loyal Customers
13260.0,0,Potential Customers
13261.0,0,Potential Customers
13262.0,0,Potential Customers
13263.0,2,Champions
13264.0,1,At Risk Customers
13265.0,3,Loyal Customers
13266.0,2,Champions
13267.0,2,Champions
13268.0,2,Champions
13269.0,2,Champions
13270.0,1,At Risk Customers
13271.0,0,Potential Customers
13272.0,0,Potential Customers
13273.0,0,Potential Customers
13274.0,1,At Risk Customers
13275.0,1,At Risk Customers
13276.0,3,Loyal Customers
13277.0,3,Loyal Customers
13278.0,3,Loyal Customers
13279.0,0,Potential Customers
13280.0,3,Loyal Customers
13281.0,1,At Risk Customers
13282.0,3,Loyal Customers
13283.0,0,Potential Customers
13284.0,1,At Risk Customers
13285.0,3,Loyal Customers
13286.0,1,At Risk Customers
13287.0,1,At Risk Customers
13288.0,1,At Risk Customers
13289.0,1,At Risk Customers
13290.0,1,At Risk Customers
13291.0,3,Loyal Customers
13292.0,3,Loyal Customers
13293.0,3,Loyal Customers
13294.0,3,Loyal Customers
13295.0,3,Loyal Customers
13296.0,3,Loyal Customers
13297.0,3,Loyal Customers
13298.0,0,Potential Customers
13299.0,3,Loyal Customers
13300.0,3,Loyal Customers
13301.0,3,Loyal Customers
13302.0,0,Potential Customers
13303.0,1,At Risk Customers
13304.0,3,Loyal Customers
13305.0,2,Champions
13306.0,1,At Risk Customers
13307.0,0,Potential Customers
13308.0,3,Loyal Customers
13309.0,3,Loyal Customers
13310.0,3,Loyal Customers
13311.0,0,Potential Customers
13312.0,1,At Risk Customers
13313.0,2,Champions
13314.0,0,Potential Customers
13315.0,1,At Risk Customers
13316.0,2,Champions
13317.0,2,Champions
13318.0,0,Potential Customers
13319.0,2,Champions
13320.0,3,Loyal Customers
13321.0,0,Potential Customers
13322.0,0,Potential Customers
13323.0,3,Loyal Customers
13324.0,2,Champions
13325.0,0,Potential Customers
13326.0,1,At Risk Customers
13327.0,2,Champions
13328.0,1,At Risk Customers
13329.0,3,Loyal Customers
13330.0,3,Loyal Customers
13331.0,1,At Risk Customers
13332.0,0,Potential Customers
13333.0,1,At Risk Customers
13334.0,3,Loyal Customers
13336.0,0,Potential Customers
13337.0,1,At Risk Customers
13338.0,3,Loyal Customers
13339.0,0,Potential Customers
13340.0,2,Champions
13341.0,0,Potential Customers
13343.0,0,Potential Customers
13344.0,3,Loyal Customers
13345.0,0,Potential Customers
13346.0,1,At Risk Customers
13347.0,0,Potential Customers
13348.0,0,Potential Customers
13349.0,0,Potential Customers
13350.0,0,Potential Customers
13351.0,0,Potential Customers
13352.0,0,Potential Customers
13354.0,0,Potential Customers
13355.0,0,Potential Customers
13356.0,0,Potential Customers
13357.0,3,Loyal Customers
13358.0,0,Potential Customers
13359.0,0,Potential Customers
13360.0,1,At Risk Customers
13361.0,1,At Risk Customers
13362.0,3,Loyal Customers
13363.0,3,Loyal Customers
13364.0,0,Potential Customers
13365.0,3,Loyal Customers
13366.0,0,Potential Customers
13367.0,1,At Risk Customers
13368.0,3,Loyal Customers
13369.0,1,At Risk Customers
13370.0,1,At Risk Customers
13371.0,1,At Risk Customers
13372.0,0,Potential Customers
13373.0,3,Loyal Customers
13374.0,1,At Risk Customers
13375.0,3,Loyal Customers
13376.0,3,Loyal Customers
13377.0,1,At Risk Customers
13379.0,0,Potential Customers
13380.0,1,At Risk Customers
13381.0,2,Champions
13382.0,3,Loyal Customers
13383.0,1,At Risk Customers
13384.0,2,Champions
13385.0,1,At Risk Customers
13386.0,1,At Risk Customers
13387.0,1,At Risk Customers
13388.0,3,Loyal Customers
13389.0,0,Potential Customers
13390.0,0,Potential Customers
13391.0,0,Potential Customers
13392.0,1,At Risk Customers
13393.0,1,At Risk Customers
13394.0,2,Champions
13395.0,3,Loyal Customers
13396.0,0,Potential Customers
13397.0,3,Loyal Customers
13398.0,0,Potential Customers
13399.0,1,At Risk Customers
13400.0,1,At Risk Customers
13402.0,3,Loyal Customers
13403.0,0,Potential Customers
13404.0,0,Potential Customers
13405.0,3,Loyal Customers
13406.0,1,At Risk Customers
13407.0,1,At Risk Customers
13408.0,2,Champions
13410.0,3,Loyal Customers
13411.0,0,Potential Customers
13412.0,1,At Risk Customers
13413.0,1,At Risk Customers
13414.0,3,Loyal Customers
13415.0,1,At Risk Customers
13416.0,3,Loyal Customers
13417.0,3,Loyal Customers
13418.0,2,Champions
13419.0,0,Potential Customers
13420.0,0,Potential Customers
13421.0,3,Loyal Customers
13422.0,0,Potential Customers
13423.0,1,At Risk Customers
13424.0,1,At Risk Customers
13425.0,3,Loyal Customers
13426.0,2,Champions
13427.0,3,Loyal Customers
13428.0,0,Potential Customers
13429.0,3,Loyal Customers
13430.0,0,Potential Customers
13431.0,3,Loyal Customers
13432.0,1,At Risk Customers
13433.0,1,At Risk Customers
13434.0,3,Loyal Customers
13435.0,2,Champions
13436.0,0,Potential Customers
13437.0,3,Loyal Customers
13438.0,1,At Risk Customers
13439.0,3,Loyal Customers
13440.0,3,Loyal Customers
13441.0,0,Potential Customers
13442.0,1,At Risk Customers
13443.0,1,At Risk Customers
13444.0,1,At Risk Customers
13445.0,1,At Risk Customers
13446.0,3,Loyal Customers
13447.0,3,Loyal Customers
13448.0,2,Champions
13449.0,0,Potential Customers
13450.0,2,Champions
13451.0,2,Champions
13452.0,0,Potential Customers
13453.0,0,Potential Customers
13454.0,1,At Risk Customers
13455.0,3,Loyal Customers
13456.0,3,Loyal Customers
13457.0,1,At Risk Customers
13458.0,2,Champions
13459.0,1,At Risk Customers
13460.0,0,Potential Customers
13461.0,3,Loyal Customers
13462.0,3,Loyal Customers
13464.0,3,Loyal Customers
13465.0,1,At Risk Customers
13466.0,3,Loyal Customers
13467.0,0,Potential Customers
13468.0,2,Champions
13469.0,1,At Risk Customers
13470.0,0,Potential Customers
13471.0,3,Loyal Customers
13472.0,1,At Risk Customers
13473.0,3,Loyal Customers
13474.0,0,Potential Customers
13475.0,3,Loyal Customers
13476.0,3,Loyal Customers
13477.0,3,Loyal Customers
13478.0,1,At Risk Customers
13479.0,3,Loyal Customers
13480.0,1,At Risk Customers
13481.0,2,Champions
13482.0,0,Potential Customers
13483.0,0,Potential Customers
13484.0,0,Potential Customers
13485.0,3,Loyal Customers
13486.0,3,Loyal Customers
13487.0,3,Loyal Customers
13488.0,2,Champions
13489.0,0,Potential Customers
13490.0,1,At Risk Customers
13491.0,2,Champions
13492.0,3,Loyal Customers
13493.0,0,Potential Customers
13494.0,1,At Risk Customers
13495.0,2,Champions
13496.0,0,Potential Customers
13497.0,3,Loyal Customers
13498.0,1,At Risk Customers
13499.0,3,Loyal Customers
13500.0,3,Loyal Customers
13501.0,3,Loyal Customers
13502.0,3,Loyal Customers
13503.0,3,Loyal Customers
13504.0,0,Potential Customers
13505.0,3,Loyal Customers
13506.0,3,Loyal Customers
13507.0,3,Loyal Customers
13508.0,0,Potential Customers
13509.0,3,Loyal Customers
13510.0,2,Champions
13511.0,1,At Risk Customers
13512.0,3,Loyal Customers
13513.0,0,Potential Customers
13514.0,3,Loyal Customers
13515.0,3,Loyal Customers
13516.0,3,Loyal Customers
13517.0,3,Loyal Customers
13518.0,0,Potential Customers
13519.0,0,Potential Customers
13520.0,2,Champions
13521.0,3,Loyal Customers
13522.0,0,Potential Customers
13523.0,3,Loyal Customers
13524.0,3,Loyal Customers
13525.0,0,Potential Customers
13526.0,1,At Risk Customers
13527.0,2,Champions
13529.0,0,Potential Customers
13530.0,1,At Risk Customers
13531.0,3,Loyal Customers
13532.0,0,Potential Customers
13533.0,0,Potential Customers
13534.0,2,Champions
13535.0,1,At Risk Customers
13536.0,3,Loyal Customers
13537.0,1,At Risk Customers
13538.0,2,Champions
13539.0,3,Loyal Customers
13540.0,1,At Risk Customers
13541.0,1,At Risk Customers
13542.0,2,Champions
13543.0,1,At Risk Customers
13544.0,3,Loyal Customers
13545.0,1,At Risk Customers
13546.0,3,Loyal Customers
13547.0,1,At Risk Customers
13548.0,3,Loyal Customers
13549.0,3,Loyal Customers
13550.0,1,At Risk Customers
13551.0,1,At Risk Customers
13552.0,2,Champions
13553.0,1,At Risk Customers
13554.0,3,Loyal Customers
13555.0,2,Champions
13556.0,1,At Risk Customers
13557.0,2,Champions
13558.0,3,Loyal Customers
13559.0,1,At Risk Customers
13560.0,0,Potential Customers
13561.0,3,Loyal Customers
13562.0,3,Loyal Customers
13563.0,0,Potential Customers
13564.0,2,Champions
13565.0,0,Potential Customers
13566.0,3,Loyal Customers
13567.0,1,At Risk Customers
13568.0,0,Potential Customers
13569.0,3,Loyal Customers
13570.0,0,Potential Customers
13571.0,2,Champions
13572.0,0,Potential Customers
13573.0,3,Loyal Customers
13574.0,1,At Risk Customers
13575.0,3,Loyal Customers
13576.0,2,Champions
13577.0,2,Champions
13578.0,1,At Risk Customers
13579.0,3,Loyal Customers
13580.0,1,At Risk Customers
13581.0,1,At Risk Customers
13582.0,1,At Risk Customers
13583.0,3,Loyal Customers
13584.0,1,At Risk Customers
13585.0,1,At Risk Customers
13586.0,1,At Risk Customers
13587.0,3,Loyal Customers
13588.0,3,Loyal Customers
13589.0,3,Loyal Customers
13590.0,2,Champions
13591.0,3,Loyal Customers
13592.0,0,Potential Customers
13593.0,2,Champions
13594.0,0,Potential Customers
13595.0,1,At Risk Customers
13596.0,0,Potential Customers
13597.0,1,At Risk Customers
13598.0,3,Loyal Customers
13599.0,2,Champions
13600.0,1,At Risk Customers
13601.0,3,Loyal Customers
13602.0,3,Loyal Customers
13603.0,0,Potential Customers
13604.0,1,At Risk Customers
13605.0,1,At Risk Customers
13606.0,0,Potential Customers
13607.0,0,Potential Customers
13608.0,1,At Risk Customers
13609.0,1,At Risk Customers
13610.0,2,Champions
13611.0,3,Loyal Customers
13612.0,1,At Risk Customers
13613.0,1,At Risk Customers
13614.0,3,Loyal Customers
13615.0,3,Loyal Customers
13616.0,1,At Risk Customers
13617.0,3,Loyal Customers
13618.0,0,Potential Customers
13619.0,1,At Risk Customers
13620.0,1,At Risk Customers
13621.0,0,Potential Customers
13622.0,1,At Risk Customers
13623.0,3,Loyal Customers
13624.0,1,At Risk Customers
13625.0,1,At Risk Customers
13626.0,0,Potential Customers
13627.0,3,Loyal Customers
13628.0,1,At Risk Customers
13629.0,2,Champions
13630.0,3,Loyal Customers
13631.0,3,Loyal Customers
13632.0,3,Loyal Customers
13634.0,2,Champions
13635.0,3,Loyal Customers
13636.0,3,Loyal Customers
13637.0,0,Potential Customers
13638.0,0,Potential Customers
13639.0,0,Potential Customers
13640.0,1,At Risk Customers
13641.0,1,At Risk Customers
13642.0,0,Potential Customers
13643.0,3,Loyal Customers
13644.0,3,Loyal Customers
13645.0,0,Potential Customers
13646.0,1,At Risk Customers
13647.0,3,Loyal Customers
13648.0,3,Loyal Customers
13649.0,3,Loyal Customers
13650.0,3,Loyal Customers
13651.0,0,Potential Customers
13652.0,3,Loyal Customers
13653.0,1,At Risk Customers
13654.0,2,Champions
13655.0,3,Loyal Customers
13656.0,3,Loyal Customers
13657.0,0,Potential Customers
13658.0,2,Champions
13659.0,2,Champions
13660.0,1,At Risk Customers
13661.0,1,At Risk Customers
13662.0,3,Loyal Customers
13663.0,3,Loyal Customers
13665.0,1,At Risk Customers
13666.0,0,Potential Customers
13667.0,0,Potential Customers
13668.0,2,Champions
13669.0,0,Potential Customers
13670.0,0,Potential Customers
13671.0,1,At Risk Customers
13672.0,0,Potential Customers
13673.0,0,Potential Customers
13674.0,1,At Risk Customers
13675.0,0,Potential Customers
13676.0,1,At Risk Customers
13677.0,1,At Risk Customers
13678.0,0,Potential Customers
13679.0,1,At Risk Customers
13680.0,2,Champions
13681.0,3,Loyal Customers
13682.0,0,Potential Customers
13683.0,1,At Risk Customers
13684.0,0,Potential Customers
13685.0,3,Loyal Customers
13686.0,0,Potential Customers
13687.0,3,Loyal Customers
13688.0,1,At Risk Customers
13689.0,0,Potential Customers
13690.0,0,Potential Customers
13691.0,1,At Risk Customers
13692.0,3,Loyal Customers
13693.0,3,Loyal Customers
13694.0,2,Champions
13695.0,2,Champions
13696.0,1,At Risk Customers
13697.0,0,Potential Customers
13698.0,1,At Risk Customers
13699.0,0,Potential Customers
13700.0,2,Champions
13701.0,1,At Risk Customers
13702.0,1,At Risk Customers
13703.0,1,At Risk Customers
13704.0,3,Loyal Customers
13705.0,3,Loyal Customers
13706.0,1,At Risk Customers
13707.0,3,Loyal Customers
13708.0,0,Potential Customers
13709.0,2,Champions
13710.0,0,Potential Customers
13711.0,3,Loyal Customers
13712.0,0,Potential Customers
13713.0,1,At Risk Customers
13714.0,1,At Risk Customers
13715.0,2,Champions
13716.0,0,Potential Customers
13717.0,3,Loyal Customers
13718.0,0,Potential Customers
13719.0,3,Loyal Customers
13720.0,3,Loyal Customers
13721.0,0,Potential Customers
13722.0,2,Champions
13723.0,3,Loyal Customers
13724.0,1,At Risk Customers
13725.0,3,Loyal Customers
13726.0,0,Potential Customers
13727.0,3,Loyal Customers
13728.0,2,Champions
13729.0,1,At Risk Customers
13730.0,0,Potential Customers
13731.0,0,Potential Customers
13732.0,0,Potential Customers
13733.0,1,At Risk Customers
13734.0,3,Loyal Customers
13735.0,2,Champions
13736.0,3,Loyal Customers
13737.0,0,Potential Customers
13738.0,1,At Risk Customers
13739.0,0,Potential Customers
13740.0,3,Loyal Customers
13741.0,0,Potential Customers
13742.0,2,Champions
13743.0,3,Loyal Customers
13744.0,0,Potential Customers
13745.0,0,Potential Customers
13746.0,1,At Risk Customers
13747.0,1,At Risk Customers
13748.0,3,Loyal Customers
13750.0,2,Champions
13751.0,0,Potential Customers
13752.0,3,Loyal Customers
13753.0,3,Loyal Customers
13754.0,0,Potential Customers
13755.0,3,Loyal Customers
13756.0,2,Champions
13757.0,1,At Risk Customers
13758.0,2,Champions
13759.0,0,Potential Customers
13760.0,3,Loyal Customers
13761.0,3,Loyal Customers
13762.0,3,Loyal Customers
13763.0,3,Loyal Customers
13764.0,3,Loyal Customers
13765.0,1,At Risk Customers
13766.0,1,At Risk Customers
13767.0,2,Champions
13768.0,1,At Risk Customers
13769.0,2,Champions
13770.0,1,At Risk Customers
13771.0,2,Champions
13772.0,3,Loyal Customers
13773.0,1,At Risk Customers
13774.0,0,Potential Customers
13775.0,1,At Risk Customers
13776.0,1,At Risk Customers
13777.0,2,Champions
13778.0,3,Loyal Customers
13779.0,1,At Risk Customers
13780.0,0,Potential Customers
13781.0,0,Potential Customers
13782.0,3,Loyal Customers
13783.0,1,At Risk Customers
13784.0,2,Champions
13785.0,1,At Risk Customers
13786.0,3,Loyal Customers
13787.0,3,Loyal Customers
13788.0,1,At Risk Customers
13789.0,1,At Risk Customers
13790.0,0,Potential Customers
13791.0,3,Loyal Customers
13792.0,0,Potential Customers
13793.0,1,At Risk Customers
13794.0,1,At Risk Customers
13795.0,1,At Risk Customers
13796.0,1,At Risk Customers
13797.0,1,At Risk Customers
13798.0,2,Champions
13799.0,3,Loyal Customers
13800.0,3,Loyal Customers
13801.0,0,Potential Customers
13802.0,2,Champions
13803.0,3,Loyal Customers
13804.0,3,Loyal Customers
13805.0,0,Potential Customers
13806.0,0,Potential Customers
13807.0,1,At Risk Customers
13808.0,3,Loyal Customers
13809.0,0,Potential Customers
13810.0,3,Loyal Customers
13811.0,0,Potential Customers
13812.0,0,Potential Customers
13813.0,3,Loyal Customers
13814.0,3,Loyal Customers
13815.0,2,Champions
13816.0,0,Potential Customers
13817.0,0,Potential Customers
13818.0,1,At Risk Customers
13819.0,3,Loyal Customers
13820.0,1,At Risk Customers
13821.0,3,Loyal Customers
13822.0,0,Potential Customers
13823.0,3,Loyal Customers
13824.0,2,Champions
13825.0,1,At Risk Customers
13826.0,0,Potential Customers
13827.0,0,Potential Customers
13828.0,0,Potential Customers
13829.0,1,At Risk Customers
13830.0,1,At Risk Customers
13831.0,2,Champions
13832.0,0,Potential Customers
13833.0,0,Potential Customers
13834.0,1,At Risk Customers
13835.0,3,Loyal Customers
13836.0,1,At Risk Customers
13837.0,0,Potential Customers
13838.0,3,Loyal Customers
13839.0,1,At Risk Customers
13840.0,1,At Risk Customers
13841.0,0,Potential Customers
13842.0,2,Champions
13843.0,1,At Risk Customers
13844.0,0,Potential Customers
13845.0,0,Potential Customers
13846.0,3,Loyal Customers
13847.0,1,At Risk Customers
13848.0,3,Loyal Customers
13849.0,3,Loyal Customers
13850.0,0,Potential Customers
13851.0,3,Loyal Customers
13852.0,1,At Risk Customers
13853.0,0,Potential Customers
13854.0,2,Champions
13855.0,1,At Risk Customers
13856.0,3,Loyal Customers
13857.0,3,Loyal Customers
13858.0,0,Potential Customers
13859.0,1,At Risk Customers
13860.0,3,Loyal Customers
13861.0,1,At Risk Customers
13862.0,3,Loyal Customers
13863.0,3,Loyal Customers
13864.0,1,At Risk Customers
13865.0,0,Potential Customers
13866.0,0,Potential Customers
13867.0,3,Loyal Customers
13868.0,3,Loyal Customers
13869.0,2,Champions
13870.0,2,Champions
13871.0,2,Champions
13872.0,1,At Risk Customers
13873.0,3,Loyal Customers
13874.0,3,Loyal Customers
13875.0,2,Champions
13876.0,0,Potential Customers
13877.0,0,Potential Customers
13878.0,3,Loyal Customers
13879.0,1,At Risk Customers
13880.0,2,Champions
13881.0,2,Champions
13882.0,3,Loyal Customers
13883.0,2,Champions
13884.0,3,Loyal Customers
13885.0,0,Potential Customers
13886.0,0,Potential Customers
13887.0,0,Potential Customers
13888.0,3,Loyal Customers
13889.0,3,Loyal Customers
13890.0,2,Champions
13891.0,1,At Risk Customers
13892.0,3,Loyal Customers
13893.0,0,Potential Customers
13894.0,0,Potential Customers
13895.0,3,Loyal Customers
13896.0,1,At Risk Customers
13897.0,3,Loyal Customers
13898.0,1,At Risk Customers
13899.0,0,Potential Customers
13900.0,3,Loyal Customers
13901.0,2,Champions
13902.0,3,Loyal Customers
13903.0,1,At Risk Customers
13904.0,0,Potential Customers
13905.0,1,At Risk Customers
13906.0,1,At Risk Customers
13907.0,1,At Risk Customers
13908.0,3,Loyal Customers
13909.0,1,At Risk Customers
13911.0,2,Champions
13912.0,1,At Risk Customers
13913.0,1,At Risk Customers
13914.0,0,Potential Customers
13915.0,1,At Risk Customers
13916.0,1,At Risk Customers
13917.0,0,Potential Customers
13918.0,0,Potential Customers
13919.0,3,Loyal Customers
13920.0,1,At Risk Customers
13921.0,1,At Risk Customers
13922.0,1,At Risk Customers
13923.0,0,Potential Customers
13924.0,3,Loyal Customers
13925.0,3,Loyal Customers
13926.0,0,Potential Customers
13927.0,0,Potential Customers
13928.0,0,Potential Customers
13929.0,3,Loyal Customers
13930.0,0,Potential Customers
13931.0,2,Champions
13932.0,1,At Risk Customers
13933.0,0,Potential Customers
13934.0,0,Potential Customers
13935.0,1,At Risk Customers
13936.0,3,Loyal Customers
13937.0,0,Potential Customers
13938.0,0,Potential Customers
13939.0,3,Loyal Customers
13940.0,3,Loyal Customers
13941.0,2,Champions
13942.0,1,At Risk Customers
13943.0,1,At Risk Customers
13944.0,1,At Risk Customers
13945.0,1,At Risk Customers
13946.0,3,Loyal Customers
13947.0,0,Potential Customers
13948.0,1,At Risk Customers
13949.0,3,Loyal Customers
13950.0,3,Loyal Customers
13951.0,0,Potential Customers
13952.0,2,Champions
13953.0,2,Champions
13954.0,0,Potential Customers
13955.0,0,Potential Customers
13956.0,3,Loyal Customers
13957.0,1,At Risk Customers
13958.0,3,Loyal Customers
13959.0,3,Loyal Customers
13960.0,0,Potential Customers
13961.0,1,At Risk Customers
13962.0,0,Potential Customers
13963.0,2,Champions
13964.0,1,At Risk Customers
13965.0,1,At Risk Customers
13966.0,1,At Risk Customers
13967.0,0,Potential Customers
13968.0,1,At Risk Customers
13969.0,2,Champions
13970.0,1,At Risk Customers
13971.0,2,Champions
13972.0,0,Potential Customers
13973.0,0,Potential Customers
13974.0,0,Potential Customers
13975.0,2,Champions
13976.0,3,Loyal Customers
13977.0,1,At Risk Customers
13978.0,0,Potential Customers
13979.0,3,Loyal Customers
13980.0,3,Loyal Customers
13981.0,1,At Risk Customers
13982.0,3,Loyal Customers
13983.0,2,Champions
13984.0,3,Loyal Customers
13985.0,2,Champions
13986.0,0,Potential Customers
13987.0,1,At Risk Customers
13988.0,3,Loyal Customers
13989.0,3,Loyal Customers
13990.0,0,Potential Customers
13991.0,3,Loyal Customers
13992.0,0,Potential Customers
13993.0,2,Champions
13994.0,3,Loyal Customers
13995.0,2,Champions
13996.0,1,At Risk Customers
13997.0,1,At Risk Customers
13998.0,1,At Risk Customers
13999.0,2,Champions
14000.0,3,Loyal Customers
14001.0,3,Loyal Customers
14002.0,0,Potential Customers
14003.0,1,At Risk Customers
14004.0,2,Champions
14005.0,3,Loyal Customers
14006.0,3,Loyal Customers
14007.0,1,At Risk Customers
14008.0,1,At Risk Customers
14009.0,3,Loyal Customers
14010.0,1,At Risk Customers
14011.0,1,At Risk Customers
14012.0,0,Potential Customers
14013.0,3,Loyal Customers
14014.0,3,Loyal Customers
14015.0,0,Potential Customers
14016.0,2,Champions
14017.0,1,At Risk Customers
14018.0,1,At Risk Customers
14019.0,3,Loyal Customers
14020.0,3,Loyal Customers
14021.0,3,Loyal Customers
14022.0,0,Potential Customers
14023.0,0,Potential Customers
14024.0,0,Potential Customers
14025.0,3,Loyal Customers
14026.0,1,At Risk Customers
14027.0,0,Potential Customers
14028.0,1,At Risk Customers
14029.0,0,Potential Customers
14030.0,2,Champions
14031.0,2,Champions
14032.0,2,Champions
14033.0,1,At Risk Customers
14034.0,0,Potential Customers
14035.0,3,Loyal Customers
14036.0,0,Potential Customers
14037.0,3,Loyal Customers
14038.0,3,Loyal Customers
14039.0,0,Potential Customers
14040.0,2,Champions
14041.0,0,Potential Customers
14042.0,1,At Risk Customers
14043.0,1,At Risk Customers
14044.0,3,Loyal Customers
14045.0,2,Champions
14046.0,0,Potential Customers
14047.0,2,Champions
14048.0,0,Potential Customers
14049.0,2,Champions
14050.0,0,Potential Customers
14051.0,2,Champions
14052.0,0,Potential Customers
14053.0,0,Potential Customers
14054.0,0,Potential Customers
14055.0,3,Loyal Customers
14056.0,2,Champions
14057.0,2,Champions
14058.0,1,At Risk Customers
14059.0,0,Potential Customers
14060.0,2,Champions
14061.0,1,At Risk Customers
14062.0,2,Champions
14063.0,2,Champions
14064.0,2,Champions
14065.0,1,At Risk Customers
14066.0,0,Potential Customers
14067.0,0,Potential Customers
14068.0,3,Loyal Customers
14069.0,1,At Risk Customers
14070.0,1,At Risk Customers
14071.0,3,Loyal Customers
14072.0,1,At Risk Customers
14073.0,0,Potential Customers
14074.0,1,At Risk Customers
14075.0,3,Loyal Customers
14076.0,0,Potential Customers
14077.0,3,Loyal Customers
14078.0,3,Loyal Customers
14079.0,0,Potential Customers
14080.0,3,Loyal Customers
14081.0,3,Loyal Customers
14082.0,1,At Risk Customers
14083.0,3,Loyal Customers
14084.0,1,At Risk Customers
14085.0,2,Champions
14086.0,1,At Risk Customers
14087.0,0,Potential Customers
14088.0,2,Champions
14089.0,0,Potential Customers
14090.0,1,At Risk Customers
14091.0,1,At Risk Customers
14092.0,2,Champions
14093.0,0,Potential Customers
14094.0,1,At Risk Customers
14095.0,1,At Risk Customers
14096.0,2,Champions
14097.0,1,At Risk Customers
14098.0,0,Potential Customers
14099.0,2,Champions
14100.0,0,Potential Customers
14101.0,2,Champions
14102.0,3,Loyal Customers
14104.0,3,Loyal Customers
14105.0,3,Loyal Customers
14106.0,1,At Risk Customers
14107.0,2,Champions
14108.0,3,Loyal Customers
14109.0,0,Potential Customers
14110.0,2,Champions
14111.0,3,Loyal Customers
14112.0,2,Champions
14113.0,2,Champions
14114.0,3,Loyal Customers
14115.0,1,At Risk Customers
14116.0,3,Loyal Customers
14117.0,0,Potential Customers
14118.0,1,At Risk Customers
14119.0,1,At Risk Customers
14121.0,3,Loyal Customers
14122.0,1,At Risk Customers
14123.0,1,At Risk Customers
14124.0,0,Potential Customers
14125.0,3,Loyal Customers
14126.0,3,Loyal Customers
14127.0,3,Loyal Customers
14128.0,3,Loyal Customers
14129.0,3,Loyal Customers
14130.0,3,Loyal Customers
14131.0,1,At Risk Customers
14132.0,2,Champions
14133.0,3,Loyal Customers
14134.0,2,Champions
14135.0,2,Champions
14136.0,3,Loyal Customers
14137.0,1,At Risk Customers
14138.0,0,Potential Customers
14139.0,3,Loyal Customers
14140.0,0,Potential Customers
14141.0,3,Loyal Customers
14142.0,1,At Risk Customers
14143.0,0,Potential Customers
14144.0,1,At Risk Customers
14145.0,2,Champions
14146.0,2,Champions
14147.0,3,Loyal Customers
14148.0,0,Potential Customers
14149.0,0,Potential Customers
14150.0,0,Potential Customers
14151.0,1,At Risk Customers
14152.0,3,Loyal Customers
14153.0,1,At Risk Customers
14154.0,3,Loyal Customers
14155.0,0,Potential Customers
14156.0,2,Champions
14157.0,3,Loyal Customers
14158.0,0,Potential Customers
14159.0,2,Champions
14160.0,3,Loyal Customers
14161.0,3,Loyal Customers
14162.0,0,Potential Customers
14163.0,3,Loyal Customers
14164.0,3,Loyal Customers
14165.0,0,Potential Customers
14166.0,1,At Risk Customers
14167.0,3,Loyal Customers
14168.0,1,At Risk Customers
14169.0,1,At Risk Customers
14170.0,1,At Risk Customers
14171.0,0,Potential Customers
14172.0,1,At Risk Customers
14173.0,3,Loyal Customers
14174.0,0,Potential Customers
14175.0,2,Champions
14176.0,3,Loyal Customers
14177.0,3,Loyal Customers
14178.0,3,Loyal Customers
14179.0,0,Potential Customers
14180.0,2,Champions
14181.0,1,At Risk Customers
14182.0,1,At Risk Customers
14183.0,1,At Risk Customers
14184.0,0,Potential Customers
14185.0,1,At Risk Customers
14186.0,3,Loyal Customers
14187.0,1,At Risk Customers
14188.0,3,Loyal Customers
14189.0,2,Champions
14190.0,1,At Risk Customers
14191.0,2,Champions
14192.0,1,At Risk Customers
14193.0,3,Loyal Customers
14194.0,2,Champions
14195.0,3,Loyal Customers
14196.0,0,Potential Customers
14197.0,1,At Risk Customers
14198.0,3,Loyal Customers
14199.0,3,Loyal Customers
14200.0,1,At Risk Customers
14201.0,3,Loyal Customers
14202.0,1,At Risk Customers
14203.0,1,At Risk Customers
14204.0,3,Loyal Customers
14205.0,3,Loyal Customers
14206.0,3,Loyal Customers
14207.0,1,At Risk Customers
14208.0,0,Potential Customers
14209.0,2,Champions
14210.0,2,Champions
14211.0,2,Champions
14212.0,3,Loyal Customers
14213.0,1,At Risk Customers
14214.0,3,Loyal Customers
14215.0,3,Loyal Customers
14216.0,3,Loyal Customers
14217.0,2,Champions
14218.0,0,Potential Customers
14219.0,0,Potential Customers
14220.0,3,Loyal Customers
14221.0,2,Champions
14222.0,0,Potential Customers
14223.0,3,Loyal Customers
14224.0,3,Loyal Customers
14225.0,1,At Risk Customers
14226.0,3,Loyal Customers
14227.0,2,Champions
14228.0,1,At Risk Customers
14229.0,3,Loyal Customers
14230.0,1,At Risk Customers
14231.0,3,Loyal Customers
14232.0,3,Loyal Customers
14233.0,3,Loyal Customers
14234.0,3,Loyal Customers
14235.0,3,Loyal Customers
14236.0,3,Loyal Customers
14237.0,1,At Risk Customers
14238.0,1,At Risk Customers
14239.0,2,Champions
14240.0,3,Loyal Customers
14241.0,0,Potential Customers
14242.0,0,Potential Customers
14243.0,2,Champions
14244.0,1,At Risk Customers
14245.0,3,Loyal Customers
14246.0,3,Loyal Customers
14247.0,3,Loyal Customers
14248.0,3,Loyal Customers
14249.0,2,Champions
14250.0,3,Loyal Customers
14251.0,3,Loyal Customers
14252.0,1,At Risk Customers
14253.0,1,At Risk Customers
14254.0,1,At Risk Customers
14255.0,1,At Risk Customers
14256.0,3,Loyal Customers
14257.0,2,Champions
14258.0,2,Champions
14259.0,0,Potential Customers
14260.0,1,At Risk Customers
14261.0,0,Potential Customers
14262.0,3,Loyal Customers
14263.0,1,At Risk Customers
14264.0,3,Loyal Customers
14265.0,3,Loyal Customers
14266.0,1,At Risk Customers
14267.0,3,Loyal Customers
14268.0,1,At Risk Customers
14269.0,1,At Risk Customers
14270.0,1,At Risk Customers
14271.0,0,Potential Customers
14272.0,3,Loyal Customers
14273.0,0,Potential Customers
14274.0,1,At Risk Customers
14275.0,3,Loyal Customers
14276.0,3,Loyal Customers
14277.0,2,Champions
14278.0,1,At Risk Customers
14279.0,1,At Risk Customers
14280.0,0,Potential Customers
14281.0,1,At Risk Customers
14282.0,2,Champions
14283.0,1,At Risk Customers
14284.0,3,Loyal Customers
14285.0,3,Loyal Customers
14286.0,2,Champions
14287.0,0,Potential Customers
14288.0,0,Potential Customers
14289.0,3,Loyal Customers
14290.0,3,Loyal Customers
14291.0,2,Champions
14292.0,2,Champions
14293.0,3,Loyal Customers
14294.0,1,At Risk Customers
14295.0,3,Loyal Customers
14296.0,1,At Risk Customers
14297.0,3,Loyal Customers
14298.0,2,Champions
14299.0,2,Champions
14300.0,0,Potential Customers
14301.0,3,Loyal Customers
14302.0,1,At Risk Customers
14303.0,1,At Risk Customers
14304.0,3,Loyal Customers
14305.0,3,Loyal Customers
14306.0,3,Loyal Customers
14307.0,2,Champions
14308.0,1,At Risk Customers
14309.0,2,Champions
14310.0,1,At Risk Customers
14311.0,0,Potential Customers
14312.0,2,Champions
14314.0,0,Potential Customers
14315.0,3,Loyal Customers
14316.0,1,At Risk Customers
14317.0,0,Potential Customers
14318.0,1,At Risk Customers
14319.0,1,At Risk Customers
14320.0,3,Loyal Customers
14321.0,3,Loyal Customers
14322.0,1,At Risk Customers
14323.0,0,Potential Customers
14324.0,1,At Risk Customers
14325.0,1,At Risk Customers
14326.0,3,Loyal Customers
14327.0,3,Loyal Customers
14328.0,1,At Risk Customers
14329.0,2,Champions
14330.0,1,At Risk Customers
14331.0,0,Potential Customers
14332.0,3,Loyal Customers
14333.0,0,Potential Customers
14334.0,2,Champions
14335.0,0,Potential Customers
14336.0,3,Loyal Customers
14338.0,3,Loyal Customers
14339.0,0,Potential Customers
14340.0,0,Potential Customers
14341.0,2,Champions
14342.0,3,Loyal Customers
14343.0,1,At Risk Customers
14344.0,2,Champions
14345.0,0,Potential Customers
14346.0,3,Loyal Customers
14347.0,1,At Risk Customers
14348.0,0,Potential Customers
14349.0,0,Potential Customers
14350.0,3,Loyal Customers
14351.0,0,Potential Customers
14352.0,3,Loyal Customers
14353.0,0,Potential Customers
14354.0,0,Potential Customers
14355.0,1,At Risk Customers
14356.0,0,Potential Customers
14357.0,0,Potential Customers
14358.0,1,At Risk Customers
14359.0,3,Loyal Customers
14360.0,3,Loyal Customers
14361.0,1,At Risk Customers
14362.0,0,Potential Customers
14363.0,1,At Risk Customers
14364.0,3,Loyal Customers
14365.0,1,At Risk Customers
14366.0,1,At Risk Customers
14367.0,2,Champions
14368.0,1,At Risk Customers
14369.0,1,At Risk Customers
14370.0,1,At Risk Customers
14371.0,1,At Risk Customers
14372.0,1,At Risk Customers
14373.0,1,At Risk Customers
14374.0,1,At Risk Customers
14375.0,3,Loyal Customers
14376.0,1,At Risk Customers
14377.0,0,Potential Customers
14378.0,1,At Risk Customers
14379.0,3,Loyal Customers
14380.0,1,At Risk Customers
14381.0,0,Potential Customers
14382.0,0,Potential Customers
14383.0,3,Loyal Customers
14384.0,1,At Risk Customers
14385.0,0,Potential Customers
14386.0,1,At Risk Customers
14387.0,3,Loyal Customers
14388.0,2,Champions
14389.0,3,Loyal Customers
14390.0,2,Champions
14391.0,1,At Risk Customers
14392.0,1,At Risk Customers
14393.0,0,Potential Customers
14394.0,1,At Risk Customers
14395.0,2,Champions
14396.0,3,Loyal Customers
14397.0,2,Champions
14398.0,1,At Risk Customers
14399.0,3,Loyal Customers
14400.0,3,Loyal Customers
14401.0,2,Champions
14402.0,1,At Risk Customers
14403.0,3,Loyal Customers
14404.0,2,Champions
14405.0,1,At Risk Customers
14406.0,0,Potential Customers
14407.0,3,Loyal Customers
14408.0,2,Champions
14409.0,3,Loyal Customers
14410.0,3,Loyal Customers
14411.0,1,At Risk Customers
14412.0,3,Loyal Customers
14413.0,1,At Risk Customers
14414.0,3,Loyal Customers
14415.0,2,Champions
14416.0,0,Potential Customers
14417.0,1,At Risk Customers
14418.0,3,Loyal Customers
14419.0,3,Loyal Customers
14420.0,3,Loyal Customers
14421.0,3,Loyal Customers
14422.0,2,Champions
14423.0,3,Loyal Customers
14424.0,0,Potential Customers
14425.0,1,At Risk Customers
14426.0,2,Champions
14427.0,3,Loyal Customers
14428.0,3,Loyal Customers
14429.0,1,At Risk Customers
14430.0,1,At Risk Customers
14431.0,3,Loyal Customers
14432.0,3,Loyal Customers
14433.0,1,At Risk Customers
14434.0,3,Loyal Customers
14435.0,1,At Risk Customers
14436.0,0,Potential Customers
14437.0,3,Loyal Customers
14438.0,1,At Risk Customers
14439.0,3,Loyal Customers
14440.0,2,Champions
14441.0,2,Champions
14442.0,3,Loyal Customers
14443.0,3,Loyal Customers
14444.0,1,At Risk Customers
14445.0,1,At Risk Customers
14446.0,3,Loyal Customers
14447.0,3,Loyal Customers
14448.0,0,Potential Customers
14449.0,3,Loyal Customers
14450.0,3,Loyal Customers
14451.0,2,Champions
14452.0,3,Loyal Customers
14453.0,0,Potential Customers
14454.0,3,Loyal Customers
14455.0,1,At Risk Customers
14456.0,3,Loyal Customers
14457.0,1,At Risk Customers
14458.0,1,At Risk Customers
14459.0,3,Loyal Customers
14460.0,3,Loyal Customers
14461.0,2,Champions
14462.0,3,Loyal Customers
14463.0,3,Loyal Customers
14464.0,1,At Risk Customers
14465.0,3,Loyal Customers
14466.0,2,Champions
14467.0,3,Loyal Customers
14468.0,1,At Risk Customers
14469.0,3,Loyal Customers
14470.0,0,Potential Customers
14471.0,1,At Risk Customers
14472.0,3,Loyal Customers
14473.0,0,Potential Customers
14474.0,0,Potential Customers
14475.0,3,Loyal Customers
14476.0,0,Potential Customers
14477.0,3,Loyal Customers
14478.0,1,At Risk Customers
14479.0,3,Loyal Customers
14480.0,3,Loyal Customers
14481.0,3,Loyal Customers
14482.0,2,Champions
14483.0,0,Potential Customers
14484.0,3,Loyal Customers
14485.0,0,Potential Customers
14486.0,1,At Risk Customers
14487.0,3,Loyal Customers
14488.0,0,Potential Customers
14489.0,3,Loyal Customers
14490.0,1,At Risk Customers
14491.0,0,Potential Customers
14492.0,3,Loyal Customers
14493.0,2,Champions
14494.0,0,Potential Customers
14495.0,0,Potential Customers
14496.0,3,Loyal Customers
14497.0,1,At Risk Customers
14498.0,2,Champions
14499.0,3,Loyal Customers
14500.0,0,Potential Customers
14501.0,0,Potential Customers
14502.0,3,Loyal Customers
14503.0,3,Loyal Customers
14504.0,3,Loyal Customers
14505.0,2,Champions
14506.0,3,Loyal Customers
14507.0,2,Champions
14508.0,3,Loyal Customers
14509.0,1,At Risk Customers
14510.0,1,At Risk Customers
14511.0,3,Loyal Customers
14512.0,3,Loyal Customers
14513.0,3,Loyal Customers
14514.0,3,Loyal Customers
14515.0,2,Champions
14516.0,1,At Risk Customers
14517.0,0,Potential Customers
14518.0,0,Potential Customers
14519.0,1,At Risk Customers
14520.0,0,Potential Customers
14521.0,1,At Risk Customers
14522.0,3,Loyal Customers
14523.0,0,Potential Customers
14524.0,2,Champions
14525.0,2,Champions
14526.0,1,At Risk Customers
14527.0,2,Champions
14528.0,0,Potential Customers
14529.0,0,Potential Customers
14530.0,2,Champions
14531.0,1,At Risk Customers
14532.0,3,Loyal Customers
14533.0,2,Champions
14534.0,2,Champions
14535.0,2,Champions
14536.0,0,Potential Customers
14537.0,0,Potential Customers
14538.0,3,Loyal Customers
14539.0,0,Potential Customers
14540.0,2,Champions
14541.0,2,Champions
14542.0,0,Potential Customers
14543.0,2,Champions
14544.0,3,Loyal Customers
14545.0,1,At Risk Customers
14546.0,2,Champions
14547.0,3,Loyal Customers
14548.0,3,Loyal Customers
14549.0,3,Loyal Customers
14550.0,3,Loyal Customers
14551.0,3,Loyal Customers
14552.0,0,Potential Customers
14553.0,3,Loyal Customers
14554.0,3,Loyal Customers
14555.0,3,Loyal Customers
14556.0,1,At Risk Customers
14557.0,0,Potential Customers
14558.0,1,At Risk Customers
14559.0,1,At Risk Customers
14560.0,2,Champions
14561.0,3,Loyal Customers
14562.0,2,Champions
14563.0,1,At Risk Customers
14564.0,1,At Risk Customers
14565.0,3,Loyal Customers
14566.0,3,Loyal Customers
14567.0,3,Loyal Customers
14568.0,1,At Risk Customers
14569.0,3,Loyal Customers
14570.0,0,Potential Customers
14571.0,1,At Risk Customers
14572.0,2,Champions
14573.0,3,Loyal Customers
14574.0,1,At Risk Customers
14575.0,1,At Risk Customers
14576.0,1,At Risk Customers
14577.0,3,Loyal Customers
14578.0,0,Potential Customers
14579.0,1,At Risk Customers
14580.0,1,At Risk Customers
14581.0,0,Potential Customers
14582.0,0,Potential Customers
14583.0,3,Loyal Customers
14584.0,3,Loyal Customers
14585.0,3,Loyal Customers
14586.0,0,Potential Customers
14587.0,3,Loyal Customers
14588.0,1,At Risk Customers
14589.0,1,At Risk Customers
14590.0,2,Champions
14591.0,3,Loyal Customers
14592.0,0,Potential Customers
14593.0,2,Champions
14594.0,0,Potential Customers
14595.0,3,Loyal Customers
14596.0,1,At Risk Customers
14597.0,3,Loyal Customers
14598.0,0,Potential Customers
14599.0,1,At Risk Customers
14600.0,1,At Risk Customers
14601.0,0,Potential Customers
14602.0,1,At Risk Customers
14603.0,0,Potential Customers
14604.0,1,At Risk Customers
14605.0,1,At Risk Customers
14606.0,2,Champions
14607.0,2,Champions
14608.0,2,Champions
14609.0,3,Loyal Customers
14610.0,1,At Risk Customers
14611.0,1,At Risk Customers
14612.0,1,At Risk Customers
14613.0,1,At Risk Customers
14614.0,1,At Risk Customers
14615.0,1,At Risk Customers
14616.0,3,Loyal Customers
14617.0,1,At Risk Customers
14618.0,3,Loyal Customers
14619.0,0,Potential Customers
14620.0,0,Potential Customers
14621.0,3,Loyal Customers
14622.0,0,Potential Customers
14623.0,3,Loyal Customers
14624.0,3,Loyal Customers
14625.0,2,Champions
14626.0,2,Champions
14627.0,1,At Risk Customers
14628.0,3,Loyal Customers
14629.0,0,Potential Customers
14630.0,1,At Risk Customers
14631.0,3,Loyal Customers
14632.0,0,Potential Customers
14633.0,0,Potential Customers
14634.0,1,At Risk Customers
14635.0,1,At Risk Customers
14636.0,0,Potential Customers
14637.0,1,At Risk Customers
14638.0,0,Potential Customers
14639.0,2,Champions
14640.0,2,Champions
14641.0,0,Potential Customers
14642.0,0,Potential Customers
14643.0,3,Loyal Customers
14644.0,3,Loyal Customers
14645.0,3,Loyal Customers
14646.0,2,Champions
14647.0,0,Potential Customers
14648.0,2,Champions
14649.0,3,Loyal Customers
14650.0,1,At Risk Customers
14651.0,3,Loyal Customers
14652.0,0,Potential Customers
14653.0,2,Champions
14654.0,1,At Risk Customers
14655.0,3,Loyal Customers
14656.0,3,Loyal Customers
14657.0,3,Loyal Customers
14658.0,0,Potential Customers
14659.0,3,Loyal Customers
14660.0,0,Potential Customers
14661.0,0,Potential Customers
14662.0,3,Loyal Customers
14663.0,1,At Risk Customers
14664.0,0,Potential Customers
14665.0,3,Loyal Customers
14666.0,0,Potential Customers
14667.0,2,Champions
14668.0,1,At Risk Customers
14669.0,3,Loyal Customers
14670.0,0,Potential Customers
14671.0,1,At Risk Customers
14672.0,3,Loyal Customers
14673.0,3,Loyal Customers
14674.0,1,At Risk Customers
14675.0,0,Potential Customers
14676.0,2,Champions
14677.0,1,At Risk Customers
14678.0,1,At Risk Customers
14679.0,1,At Risk Customers
14680.0,2,Champions
14681.0,3,Loyal Customers
14682.0,3,Loyal Customers
14683.0,1,At Risk Customers
14684.0,3,Loyal Customers
14685.0,3,Loyal Customers
14686.0,1,At Risk Customers
14687.0,3,Loyal Customers
14688.0,2,Champions
14689.0,0,Potential Customers
14690.0,3,Loyal Customers
14691.0,3,Loyal Customers
14692.0,3,Loyal Customers
14693.0,3,Loyal Customers
14694.0,1,At Risk Customers
14695.0,1,At Risk Customers
14696.0,3,Loyal Customers
14697.0,0,Potential Customers
14698.0,3,Loyal Customers
14699.0,3,Loyal Customers
14700.0,3,Loyal Customers
14701.0,2,Champions
14702.0,2,Champions
14703.0,0,Potential Customers
14704.0,3,Loyal Customers
14705.0,0,Potential Customers
14706.0,1,At Risk Customers
14707.0,1,At Risk Customers
14708.0,3,Loyal Customers
14709.0,2,Champions
14710.0,3,Loyal Customers
14711.0,3,Loyal Customers
14712.0,3,Loyal Customers
14713.0,2,Champions
14714.0,3,Loyal Customers
14715.0,3,Loyal Customers
14716.0,0,Potential Customers
14717.0,1,At Risk Customers
14718.0,1,At Risk Customers
14719.0,3,Loyal Customers
14720.0,0,Potential Customers
14721.0,1,At Risk Customers
14722.0,0,Potential Customers
14723.0,3,Loyal Customers
14724.0,1,At Risk Customers
14725.0,3,Loyal Customers
14726.0,1,At Risk Customers
14727.0,0,Potential Customers
14728.0,1,At Risk Customers
14729.0,1,At Risk Customers
14730.0,3,Loyal Customers
14731.0,0,Potential Customers
14732.0,2,Champions
14733.0,2,Champions
14734.0,1,At Risk Customers
14735.0,2,Champions
14736.0,1,At Risk Customers
14737.0,3,Loyal Customers
14738.0,3,Loyal Customers
14739.0,2,Champions
14740.0,2,Champions
14741.0,3,Loyal Customers
14742.0,1,At Risk Customers
14743.0,1,At Risk Customers
14744.0,2,Champions
14745.0,3,Loyal Customers
14746.0,1,At Risk Customers
14747.0,0,Potential Customers
14748.0,3,Loyal Customers
14749.0,1,At Risk Customers
14750.0,1,At Risk Customers
14751.0,1,At Risk Customers
14752.0,0,Potential Customers
14753.0,0,Potential Customers
14754.0,3,Loyal Customers
14755.0,2,Champions
14756.0,3,Loyal Customers
14757.0,0,Potential Customers
14758.0,3,Loyal Customers
14759.0,3,Loyal Customers
14760.0,1,At Risk Customers
14761.0,0,Potential Customers
14762.0,0,Potential Customers
14764.0,0,Potential Customers
14765.0,0,Potential Customers
14766.0,2,Champions
14767.0,1,At Risk Customers
14768.0,0,Potential Customers
14769.0,2,Champions
14770.0,3,Loyal Customers
14771.0,1,At Risk Customers
14772.0,0,Potential Customers
14773.0,1,At Risk Customers
14774.0,1,At Risk Customers
14775.0,3,Loyal Customers
14776.0,2,Champions
14777.0,1,At Risk Customers
14778.0,0,Potential Customers
14779.0,0,Potential Customers
14780.0,0,Potential Customers
14782.0,1,At Risk Customers
14783.0,1,At Risk Customers
14784.0,0,Potential Customers
14785.0,0,Potential Customers
14786.0,1,At Risk Customers
14787.0,1,At Risk Customers
14788.0,3,Loyal Customers
14789.0,0,Potential Customers
14790.0,3,Loyal Customers
14791.0,1,At Risk Customers
14792.0,0,Potential Customers
14793.0,0,Potential Customers
14794.0,3,Loyal Customers
14795.0,0,Potential Customers
14796.0,2,Champions
14797.0,1,At Risk Customers
14798.0,3,Loyal Customers
14799.0,0,Potential Customers
14800.0,2,Champions
14801.0,0,Potential Customers
14802.0,1,At Risk Customers
14803.0,0,Potential Customers
14804.0,0,Potential Customers
14805.0,3,Loyal Customers
14806.0,0,Potential Customers
14807.0,1,At Risk Customers
14808.0,3,Loyal Customers
14809.0,1,At Risk Customers
14810.0,2,Champions
14811.0,1,At Risk Customers
14812.0,1,At Risk Customers
14813.0,1,At Risk Customers
14814.0,1,At Risk Customers
14815.0,0,Potential Customers
14816.0,0,Potential Customers
14817.0,3,Loyal Customers
14818.0,3,Loyal Customers
14819.0,0,Potential Customers
14820.0,3,Loyal Customers
14821.0,3,Loyal Customers
14822.0,1,At Risk Customers
14823.0,0,Potential Customers
14824.0,2,Champions
14825.0,2,Champions
14826.0,1,At Risk Customers
14828.0,2,Champions
14829.0,3,Loyal Customers
14830.0,0,Potential Customers
14831.0,1,At Risk Customers
14832.0,1,At Risk Customers
14833.0,1,At Risk Customers
14834.0,3,Loyal Customers
14835.0,1,At Risk Customers
14836.0,0,Potential Customers
14837.0,3,Loyal Customers
14838.0,1,At Risk Customers
14839.0,1,At Risk Customers
14840.0,0,Potential Customers
14841.0,2,Champions
14842.0,3,Loyal Customers
14843.0,1,At Risk Customers
14844.0,2,Champions
14845.0,1,At Risk Customers
14846.0,1,At Risk Customers
14847.0,3,Loyal Customers
14848.0,1,At Risk Customers
14849.0,2,Champions
14850.0,3,Loyal Customers
14851.0,0,Potential Customers
14852.0,2,Champions
14853.0,3,Loyal Customers
14854.0,2,Champions
14855.0,3,Loyal Customers
14856.0,3,Loyal Customers
14857.0,3,Loyal Customers
14858.0,1,At Risk Customers
14859.0,3,Loyal Customers
14860.0,0,Potential Customers
14861.0,3,Loyal Customers
14862.0,0,Potential Customers
14863.0,0,Potential Customers
14865.0,0,Potential Customers
14866.0,2,Champions
14867.0,2,Champions
14868.0,2,Champions
14869.0,3,Loyal Customers
14870.0,3,Loyal Customers
14871.0,3,Loyal Customers
14872.0,1,At Risk Customers
14873.0,0,Potential Customers
14874.0,1,At Risk Customers
14875.0,3,Loyal Customers
14876.0,1,At Risk Customers
14877.0,1,At Risk Customers
14878.0,2,Champions
14879.0,1,At Risk Customers
14880.0,0,Potential Customers
14881.0,0,Potential Customers
14882.0,2,Champions
14883.0,3,Loyal Customers
14884.0,1,At Risk Customers
14885.0,3,Loyal Customers
14886.0,0,Potential Customers
14887.0,0,Potential Customers
14888.0,0,Potential Customers
14889.0,1,At Risk Customers
14890.0,0,Potential Customers
14891.0,3,Loyal Customers
14892.0,1,At Risk Customers
14893.0,3,Loyal Customers
14894.0,3,Loyal Customers
14895.0,2,Champions
14896.0,3,Loyal Customers
14897.0,3,Loyal Customers
14898.0,2,Champions
14899.0,1,At Risk Customers
14900.0,1,At Risk Customers
14901.0,3,Loyal Customers
14902.0,3,Loyal Customers
14903.0,3,Loyal Customers
14904.0,3,Loyal Customers
14905.0,3,Loyal Customers
14906.0,1,At Risk Customers
14907.0,2,Champions
14908.0,0,Potential Customers
14909.0,1,At Risk Customers
14910.0,0,Potential Customers
14911.0,2,Champions
14912.0,3,Loyal Customers
14913.0,3,Loyal Customers
14915.0,3,Loyal Customers
14916.0,3,Loyal Customers
14917.0,1,At Risk Customers
14918.0,2,Champions
14919.0,1,At Risk Customers
14920.0,3,Loyal Customers
14921.0,0,Potential Customers
14922.0,1,At Risk Customers
14923.0,0,Potential Customers
14924.0,3,Loyal Customers
14926.0,1,At Risk Customers
14927.0,1,At Risk Customers
14928.0,1,At Risk Customers
14929.0,0,Potential Customers
14930.0,3,Loyal Customers
14931.0,3,Loyal Customers
14932.0,1,At Risk Customers
14933.0,1,At Risk Customers
14934.0,3,Loyal Customers
14935.0,3,Loyal Customers
14936.0,2,Champions
14937.0,3,Loyal Customers
14938.0,1,At Risk Customers
14940.0,1,At Risk Customers
14941.0,1,At Risk Customers
14942.0,1,At Risk Customers
14943.0,1,At Risk Customers
14944.0,2,Champions
14945.0,1,At Risk Customers
14946.0,0,Potential Customers
14947.0,3,Loyal Customers
14948.0,3,Loyal Customers
14949.0,1,At Risk Customers
14950.0,0,Potential Customers
14951.0,0,Potential Customers
14952.0,2,Champions
14953.0,3,Loyal Customers
14954.0,0,Potential Customers
14955.0,1,At Risk Customers
14956.0,1,At Risk Customers
14957.0,0,Potential Customers
14958.0,3,Loyal Customers
14959.0,3,Loyal Customers
14960.0,0,Potential Customers
14961.0,2,Champions
14962.0,0,Potential Customers
14963.0,2,Champions
14964.0,0,Potential Customers
14965.0,0,Potential Customers
14966.0,3,Loyal Customers
14967.0,3,Loyal Customers
14968.0,0,Potential Customers
14969.0,1,At Risk Customers
14970.0,2,Champions
14971.0,3,Loyal Customers
14972.0,0,Potential Customers
14973.0,3,Loyal Customers
14974.0,0,Potential Customers
14975.0,0,Potential Customers
14976.0,3,Loyal Customers
14977.0,1,At Risk Customers
14978.0,3,Loyal Customers
14979.0,1,At Risk Customers
14980.0,1,At Risk Customers
14981.0,0,Potential Customers
14982.0,1,At Risk Customers
14983.0,1,At Risk Customers
14984.0,3,Loyal Customers
14985.0,0,Potential Customers
14986.0,1,At Risk Customers
14987.0,3,Loyal Customers
14988.0,3,Loyal Customers
14989.0,1,At Risk Customers
14990.0,1,At Risk Customers
14991.0,1,At Risk Customers
14992.0,1,At Risk Customers
14993.0,1,At Risk Customers
14994.0,1,At Risk Customers
14995.0,0,Potential Customers
14996.0,1,At Risk Customers
14997.0,3,Loyal Customers
14998.0,3,Loyal Customers
14999.0,1,At Risk Customers
15000.0,0,Potential Customers
15001.0,1,At Risk Customers
15002.0,3,Loyal Customers
15003.0,1,At Risk Customers
15004.0,0,Potential Customers
15005.0,2,Champions
15006.0,0,Potential Customers
15007.0,0,Potential Customers
15008.0,1,At Risk Customers
15009.0,3,Loyal Customers
15010.0,0,Potential Customers
15011.0,1,At Risk Customers
15012.0,0,Potential Customers
15013.0,3,Loyal Customers
15014.0,0,Potential Customers
15015.0,3,Loyal Customers
15016.0,3,Loyal Customers
15017.0,0,Potential Customers
15018.0,0,Potential Customers
15019.0,0,Potential Customers
15020.0,1,At Risk Customers
15021.0,2,Champions
15022.0,3,Loyal Customers
15023.0,2,Champions
15024.0,2,Champions
15025.0,0,Potential Customers
15026.0,3,Loyal Customers
15027.0,3,Loyal Customers
15028.0,3,Loyal Customers
15029.0,1,At Risk Customers
15030.0,3,Loyal Customers
15031.0,2,Champions
15032.0,2,Champions
15033.0,3,Loyal Customers
15034.0,2,Champions
15035.0,0,Potential Customers
15036.0,0,Potential Customers
15037.0,1,At Risk Customers
15038.0,3,Loyal Customers
15039.0,2,Champions
15040.0,1,At Risk Customers
15041.0,0,Potential Customers
15042.0,0,Potential Customers
15043.0,3,Loyal Customers
15044.0,2,Champions
15045.0,0,Potential Customers
15046.0,2,Champions
15047.0,0,Potential Customers
15048.0,0,Potential Customers
15049.0,0,Potential Customers
15050.0,3,Loyal Customers
15051.0,3,Loyal Customers
15052.0,1,At Risk Customers
15053.0,0,Potential Customers
15054.0,0,Potential Customers
15055.0,1,At Risk Customers
15056.0,1,At Risk Customers
15057.0,3,Loyal Customers
15058.0,2,Champions
15059.0,2,Champions
15060.0,0,Potential Customers
15061.0,2,Champions
15062.0,3,Loyal Customers
15063.0,0,Potential Customers
15064.0,1,At Risk Customers
15065.0,3,Loyal Customers
15066.0,0,Potential Customers
15067.0,3,Loyal Customers
15068.0,3,Loyal Customers
15069.0,0,Potential Customers
15070.0,1,At Risk Customers
15071.0,3,Loyal Customers
15072.0,1,At Risk Customers
15073.0,3,Loyal Customers
15074.0,3,Loyal Customers
15075.0,0,Potential Customers
15076.0,3,Loyal Customers
15077.0,1,At Risk Customers
15078.0,2,Champions
15079.0,3,Loyal Customers
15080.0,1,At Risk Customers
15081.0,3,Loyal Customers
15082.0,1,At Risk Customers
15083.0,0,Potential Customers
15084.0,1,At Risk Customers
15085.0,1,At Risk Customers
15086.0,1,At Risk Customers
15087.0,0,Potential Customers
15088.0,0,Potential Customers
15089.0,3,Loyal Customers
15090.0,1,At Risk Customers
15091.0,3,Loyal Customers
15092.0,0,Potential Customers
15093.0,2,Champions
15094.0,1,At Risk Customers
15095.0,3,Loyal Customers
15096.0,0,Potential Customers
15097.0,3,Loyal Customers
15098.0,3,Loyal Customers
15099.0,0,Potential Customers
15100.0,3,Loyal Customers
15101.0,3,Loyal Customers
15102.0,1,At Risk Customers
15103.0,0,Potential Customers
15104.0,0,Potential Customers
15105.0,3,Loyal Customers
15106.0,3,Loyal Customers
15107.0,3,Loyal Customers
15108.0,3,Loyal Customers
15109.0,3,Loyal Customers
15110.0,3,Loyal Customers
15111.0,3,Loyal Customers
15112.0,1,At Risk Customers
15113.0,3,Loyal Customers
15114.0,2,Champions
15115.0,0,Potential Customers
15116.0,3,Loyal Customers
15117.0,3,Loyal Customers
15118.0,0,Potential Customers
15119.0,0,Potential Customers
15120.0,0,Potential Customers
15121.0,0,Potential Customers
15122.0,2,Champions
15123.0,3,Loyal Customers
15124.0,0,Potential Customers
15125.0,2,Champions
15126.0,1,At Risk Customers
15127.0,0,Potential Customers
15128.0,3,Loyal Customers
15129.0,2,Champions
15130.0,0,Potential Customers
15131.0,1,At Risk Customers
15132.0,3,Loyal Customers
15133.0,3,Loyal Customers
15134.0,3,Loyal Customers
15135.0,0,Potential Customers
15136.0,3,Loyal Customers
15137.0,1,At Risk Customers
15138.0,1,At Risk Customers
15139.0,0,Potential Customers
15140.0,3,Loyal Customers
15141.0,3,Loyal Customers
15142.0,3,Loyal Customers
15143.0,0,Potential Customers
15144.0,2,Champions
15145.0,3,Loyal Customers
15146.0,0,Potential Customers
15147.0,0,Potential Customers
15148.0,0,Potential Customers
15149.0,3,Loyal Customers
15150.0,2,Champions
15151.0,1,At Risk Customers
15152.0,2,Champions
15153.0,0,Potential Customers
15154.0,3,Loyal Customers
15155.0,1,At Risk Customers
15156.0,3,Loyal Customers
15157.0,3,Loyal Customers
15158.0,0,Potential Customers
15159.0,2,Champions
15160.0,1,At Risk Customers
15161.0,1,At Risk Customers
15162.0,1,At Risk Customers
15163.0,0,Potential Customers
15164.0,3,Loyal Customers
15165.0,1,At Risk Customers
15166.0,1,At Risk Customers
15167.0,3,Loyal Customers
15168.0,0,Potential Customers
15169.0,1,At Risk Customers
15170.0,1,At Risk Customers
15171.0,1,At Risk Customers
15172.0,3,Loyal Customers
15173.0,3,Loyal Customers
15174.0,1,At Risk Customers
15175.0,0,Potential Customers
15176.0,1,At Risk Customers
15177.0,1,At Risk Customers
15178.0,0,Potential Customers
15179.0,2,Champions
15180.0,1,At Risk Customers
15181.0,3,Loyal Customers
15182.0,3,Loyal Customers
15183.0,1,At Risk Customers
15184.0,3,Loyal Customers
15185.0,0,Potential Customers
15186.0,3,Loyal Customers
15187.0,2,Champions
15188.0,1,At Risk Customers
15189.0,2,Champions
15190.0,1,At Risk Customers
15191.0,1,At Risk Customers
15192.0,3,Loyal Customers
15193.0,0,Potential Customers
15194.0,2,Champions
15195.0,3,Loyal Customers
15196.0,1,At Risk Customers
15197.0,3,Loyal Customers
15198.0,3,Loyal Customers
15199.0,3,Loyal Customers
15200.0,1,At Risk Customers
15201.0,3,Loyal Customers
15202.0,3,Loyal Customers
15203.0,2,Champions
15204.0,1,At Risk Customers
15205.0,0,Potential Customers
15206.0,0,Potential Customers
15207.0,1,At Risk Customers
15208.0,3,Loyal Customers
15209.0,1,At Risk Customers
15210.0,3,Loyal Customers
15211.0,0,Potential Customers
15212.0,0,Potential Customers
15213.0,1,At Risk Customers
15214.0,3,Loyal Customers
15215.0,3,Loyal Customers
15216.0,0,Potential Customers
15217.0,1,At Risk Customers
15218.0,2,Champions
15219.0,0,Potential Customers
15220.0,3,Loyal Customers
15221.0,3,Loyal Customers
15222.0,3,Loyal Customers
15223.0,3,Loyal Customers
15224.0,3,Loyal Customers
15225.0,0,Potential Customers
15226.0,1,At Risk Customers
15227.0,3,Loyal Customers
15228.0,3,Loyal Customers
15229.0,1,At Risk Customers
15230.0,0,Potential Customers
15231.0,1,At Risk Customers
15232.0,0,Potential Customers
15233.0,1,At Risk Customers
15234.0,0,Potential Customers
15235.0,2,Champions
15236.0,1,At Risk Customers
15237.0,3,Loyal Customers
15238.0,3,Loyal Customers
15239.0,0,Potential Customers
15240.0,2,Champions
15241.0,3,Loyal Customers
15242.0,1,At Risk Customers
15243.0,0,Potential Customers
15244.0,3,Loyal Customers
15245.0,3,Loyal Customers
15246.0,0,Potential Customers
15247.0,3,Loyal Customers
15248.0,1,At Risk Customers
15249.0,2,Champions
15250.0,1,At Risk Customers
15251.0,2,Champions
15252.0,3,Loyal Customers
15253.0,3,Loyal Customers
15254.0,3,Loyal Customers
15255.0,3,Loyal Customers
15256.0,0,Potential Customers
15257.0,0,Potential Customers
15258.0,0,Potential Customers
15259.0,1,At Risk Customers
15260.0,2,Champions
15261.0,3,Loyal Customers
15262.0,1,At Risk Customers
15263.0,0,Potential Customers
15264.0,0,Potential Customers
15265.0,3,Loyal Customers
15266.0,3,Loyal Customers
15267.0,3,Loyal Customers
15268.0,1,At Risk Customers
15269.0,3,Loyal Customers
15270.0,2,Champions
15271.0,2,Champions
15272.0,3,Loyal Customers
15273.0,1,At Risk Customers
15274.0,0,Potential Customers
15275.0,0,Potential Customers
15276.0,3,Loyal Customers
15277.0,0,Potential Customers
15278.0,1,At Risk Customers
15279.0,3,Loyal Customers
15280.0,0,Potential Customers
15281.0,2,Champions
15282.0,1,At Risk Customers
15283.0,1,At Risk Customers
15284.0,1,At Risk Customers
15285.0,1,At Risk Customers
15286.0,0,Potential Customers
15287.0,3,Loyal Customers
15288.0,2,Champions
15289.0,3,Loyal Customers
15290.0,2,Champions
15291.0,2,Champions
15292.0,0,Potential Customers
15293.0,1,At Risk Customers
15294.0,1,At Risk Customers
15295.0,1,At Risk Customers
15296.0,2,Champions
15297.0,0,Potential Customers
15298.0,2,Champions
15299.0,2,Champions
15300.0,0,Potential Customers
15301.0,2,Champions
15302.0,1,At Risk Customers
15303.0,3,Loyal Customers
15304.0,3,Loyal Customers
15305.0,1,At Risk Customers
15306.0,3,Loyal Customers
15307.0,0,Potential Customers
15308.0,0,Potential Customers
15309.0,1,At Risk Customers
15310.0,1,At Risk Customers
15311.0,2,Champions
15312.0,2,Champions
15313.0,0,Potential Customers
15314.0,0,Potential Customers
15315.0,0,Potential Customers
15316.0,1,At Risk Customers
15317.0,1,At Risk Customers
15318.0,0,Potential Customers
15319.0,0,Potential Customers
15320.0,0,Potential Customers
15321.0,2,Champions
15322.0,3,Loyal Customers
15323.0,1,At Risk Customers
15324.0,1,At Risk Customers
15325.0,3,Loyal Customers
15326.0,3,Loyal Customers
15327.0,0,Potential Customers
15328.0,1,At Risk Customers
15329.0,3,Loyal Customers
15330.0,0,Potential Customers
15331.0,1,At Risk Customers
15332.0,3,Loyal Customers
15333.0,0,Potential Customers
15334.0,0,Potential Customers
15335.0,0,Potential Customers
15336.0,1,At Risk Customers
15337.0,1,At Risk Customers
15338.0,1,At Risk Customers
15339.0,3,Loyal Customers
15340.0,1,At Risk Customers
15341.0,3,Loyal Customers
15342.0,0,Potential Customers
15343.0,0,Potential Customers
15344.0,0,Potential Customers
15345.0,0,Potential Customers
15346.0,1,At Risk Customers
15347.0,3,Loyal Customers
15348.0,0,Potential Customers
15349.0,0,Potential Customers
15350.0,1,At Risk Customers
15351.0,3,Loyal Customers
15352.0,1,At Risk Customers
15353.0,3,Loyal Customers
15354.0,1,At Risk Customers
15355.0,0,Potential Customers
15356.0,2,Champions
15358.0,2,Champions
15359.0,1,At Risk Customers
15360.0,0,Potential Customers
15361.0,1,At Risk Customers
15362.0,1,At Risk Customers
15363.0,1,At Risk Customers
15364.0,0,Potential Customers
15365.0,2,Champions
15366.0,3,Loyal Customers
15367.0,2,Champions
15368.0,0,Potential Customers
15369.0,3,Loyal Customers
15370.0,3,Loyal Customers
15371.0,1,At Risk Customers
15372.0,3,Loyal Customers
15373.0,2,Champions
15374.0,0,Potential Customers
15375.0,1,At Risk Customers
15376.0,3,Loyal Customers
15377.0,1,At Risk Customers
15378.0,1,At Risk Customers
15379.0,3,Loyal Customers
15380.0,2,Champions
15381.0,3,Loyal Customers
15382.0,2,Champions
15384.0,3,Loyal Customers
15385.0,3,Loyal Customers
15386.0,0,Potential Customers
15387.0,1,At Risk Customers
15388.0,0,Potential Customers
15389.0,3,Loyal Customers
15390.0,1,At Risk Customers
15391.0,1,At Risk Customers
15392.0,3,Loyal Customers
15393.0,3,Loyal Customers
15394.0,2,Champions
15395.0,1,At Risk Customers
15396.0,0,Potential Customers
15397.0,1,At Risk Customers
15398.0,0,Potential Customers
15399.0,0,Potential Customers
15400.0,3,Loyal Customers
15401.0,1,At Risk Customers
15402.0,3,Loyal Customers
15403.0,1,At Risk Customers
15404.0,1,At Risk Customers
15405.0,0,Potential Customers
15406.0,3,Loyal Customers
15407.0,3,Loyal Customers
15408.0,0,Potential Customers
15409.0,1,At Risk Customers
15410.0,2,Champions
15411.0,3,Loyal Customers
15412.0,0,Potential Customers
15413.0,1,At Risk Customers
15414.0,0,Potential Customers
15415.0,1,At Risk Customers
15416.0,3,Loyal Customers
15417.0,0,Potential Customers
15418.0,1,At Risk Customers
15419.0,0,Potential Customers
15420.0,1,At Risk Customers
15421.0,2,Champions
15422.0,3,Loyal Customers
15423.0,0,Potential Customers
15424.0,0,Potential Customers
15425.0,3,Loyal Customers
15426.0,3,Loyal Customers
15427.0,3,Loyal Customers
15428.0,3,Loyal Customers
15429.0,0,Potential Customers
15430.0,1,At Risk Customers
15431.0,1,At Risk Customers
15432.0,0,Potential Customers
15433.0,0,Potential Customers
15434.0,3,Loyal Customers
15435.0,0,Potential Customers
15436.0,3,Loyal Customers
15437.0,0,Potential Customers
15438.0,0,Potential Customers
15439.0,1,At Risk Customers
15440.0,0,Potential Customers
15441.0,1,At Risk Customers
15442.0,0,Potential Customers
15443.0,2,Champions
15444.0,3,Loyal Customers
15445.0,0,Potential Customers
15446.0,1,At Risk Customers
15447.0,1,At Risk Customers
15448.0,1,At Risk Customers
15449.0,3,Loyal Customers
15450.0,0,Potential Customers
15451.0,1,At Risk Customers
15452.0,3,Loyal Customers
15453.0,3,Loyal Customers
15454.0,1,At Risk Customers
15455.0,1,At Risk Customers
15456.0,3,Loyal Customers
15457.0,0,Potential Customers
15458.0,0,Potential Customers
15459.0,1,At Risk Customers
15460.0,1,At Risk Customers
15461.0,1,At Risk Customers
15462.0,3,Loyal Customers
15463.0,0,Potential Customers
15464.0,1,At Risk Customers
15465.0,2,Champions
15466.0,3,Loyal Customers
15467.0,0,Potential Customers
15468.0,3,Loyal Customers
15469.0,3,Loyal Customers
15470.0,1,At Risk Customers
15471.0,3,Loyal Customers
15472.0,0,Potential Customers
15473.0,3,Loyal Customers
15474.0,1,At Risk Customers
15475.0,0,Potential Customers
15476.0,3,Loyal Customers
15477.0,1,At Risk Customers
15478.0,3,Loyal Customers
15479.0,1,At Risk Customers
15480.0,3,Loyal Customers
15481.0,1,At Risk Customers
15482.0,2,Champions
15483.0,3,Loyal Customers
15484.0,3,Loyal Customers
15485.0,3,Loyal Customers
15486.0,1,At Risk Customers
15487.0,1,At Risk Customers
15488.0,0,Potential Customers
15489.0,3,Loyal Customers
15490.0,1,At Risk Customers
15491.0,3,Loyal Customers
15492.0,0,Potential Customers
15493.0,3,Loyal Customers
15494.0,3,Loyal Customers
15495.0,1,At Risk Customers
15496.0,1,At Risk Customers
15497.0,2,Champions
15498.0,2,Champions
15499.0,1,At Risk Customers
15500.0,3,Loyal Customers
15501.0,1,At Risk Customers
15502.0,2,Champions
15503.0,1,At Risk Customers
15504.0,0,Potential Customers
15505.0,3,Loyal Customers
15506.0,3,Loyal Customers
15507.0,0,Potential Customers
15508.0,3,Loyal Customers
15509.0,1,At Risk Customers
15510.0,1,At Risk Customers
15511.0,3,Loyal Customers
15512.0,0,Potential Customers
15513.0,2,Champions
15514.0,2,Champions
15515.0,1,At Risk Customers
15516.0,0,Potential Customers
15517.0,0,Potential Customers
15518.0,2,Champions
15519.0,1,At Risk Customers
15520.0,0,Potential Customers
15521.0,2,Champions
15522.0,0,Potential Customers
15523.0,2,Champions
15524.0,0,Potential Customers
15525.0,3,Loyal Customers
15526.0,0,Potential Customers
15527.0,2,Champions
15528.0,0,Potential Customers
15529.0,2,Champions
15530.0,3,Loyal Customers
15531.0,3,Loyal Customers
15532.0,2,Champions
15533.0,0,Potential Customers
15534.0,1,At Risk Customers
15535.0,3,Loyal Customers
15536.0,1,At Risk Customers
15537.0,0,Potential Customers
15538.0,1,At Risk Customers
15539.0,0,Potential Customers
15540.0,0,Potential Customers
15541.0,0,Potential Customers
15542.0,1,At Risk Customers
15543.0,0,Potential Customers
15544.0,2,Champions
15545.0,0,Potential Customers
15546.0,1,At Risk Customers
15547.0,2,Champions
15548.0,1,At Risk Customers
15549.0,3,Loyal Customers
15550.0,3,Loyal Customers
15551.0,3,Loyal Customers
15552.0,0,Potential Customers
15553.0,0,Potential Customers
15554.0,0,Potential Customers
15555.0,2,Champions
15556.0,0,Potential Customers
15557.0,0,Potential Customers
15558.0,1,At Risk Customers
15559.0,1,At Risk Customers
15560.0,1,At Risk Customers
15561.0,3,Loyal Customers
15562.0,1,At Risk Customers
15563.0,3,Loyal Customers
15564.0,1,At Risk Customers
15565.0,0,Potential Customers
15566.0,1,At Risk Customers
15567.0,0,Potential Customers
15568.0,0,Potential Customers
15569.0,3,Loyal Customers
15570.0,2,Champions
15571.0,2,Champions
15572.0,2,Champions
15573.0,3,Loyal Customers
15574.0,3,Loyal Customers
15575.0,1,At Risk Customers
15576.0,0,Potential Customers
15577.0,0,Potential Customers
15578.0,0,Potential Customers
15579.0,3,Loyal Customers
15580.0,3,Loyal Customers
15581.0,2,Champions
15582.0,0,Potential Customers
15583.0,1,At Risk Customers
15584.0,3,Loyal Customers
15585.0,0,Potential Customers
15586.0,1,At Risk Customers
15587.0,3,Loyal Customers
15588.0,1,At Risk Customers
15589.0,0,Potential Customers
15590.0,3,Loyal Customers
15591.0,1,At Risk Customers
15592.0,0,Potential Customers
15593.0,0,Potential Customers
15594.0,3,Loyal Customers
15595.0,1,At Risk Customers
15596.0,3,Loyal Customers
15597.0,0,Potential Customers
15598.0,0,Potential Customers
15599.0,3,Loyal Customers
15600.0,1,At Risk Customers
15601.0,2,Champions
15602.0,2,Champions
15603.0,0,Potential Customers
15604.0,0,Potential Customers
15605.0,3,Loyal Customers
15606.0,2,Champions
15607.0,3,Loyal Customers
15608.0,3,Loyal Customers
15609.0,0,Potential Customers
15610.0,0,Potential Customers
15611.0,2,Champions
15612.0,0,Potential Customers
15613.0,1,At Risk Customers
15614.0,3,Loyal Customers
15615.0,2,Champions
15616.0,1,At Risk Customers
15617.0,1,At Risk Customers
15618.0,3,Loyal Customers
15619.0,0,Potential Customers
15620.0,3,Loyal Customers
15621.0,3,Loyal Customers
15622.0,2,Champions
15623.0,3,Loyal Customers
15624.0,0,Potential Customers
15625.0,3,Loyal Customers
15626.0,3,Loyal Customers
15627.0,1,At Risk Customers
15628.0,2,Champions
15629.0,1,At Risk Customers
15630.0,3,Loyal Customers
15631.0,1,At Risk Customers
15632.0,3,Loyal Customers
15633.0,3,Loyal Customers
15634.0,0,Potential Customers
15635.0,1,At Risk Customers
15636.0,3,Loyal Customers
15637.0,3,Loyal Customers
15638.0,3,Loyal Customers
15639.0,3,Loyal Customers
15640.0,2,Champions
15641.0,2,Champions
15642.0,1,At Risk Customers
15643.0,0,Potential Customers
15644.0,3,Loyal Customers
15645.0,3,Loyal Customers
15646.0,3,Loyal Customers
15647.0,1,At Risk Customers
15648.0,0,Potential Customers
15649.0,3,Loyal Customers
15650.0,1,At Risk Customers
15651.0,3,Loyal Customers
15652.0,3,Loyal Customers
15653.0,0,Potential Customers
15654.0,0,Potential Customers
15655.0,0,Potential Customers
15656.0,3,Loyal Customers
15657.0,0,Potential Customers
15658.0,3,Loyal Customers
15659.0,0,Potential Customers
15660.0,2,Champions
15661.0,3,Loyal Customers
15662.0,1,At Risk Customers
15663.0,0,Potential Customers
15664.0,3,Loyal Customers
15665.0,3,Loyal Customers
15666.0,1,At Risk Customers
15667.0,0,Potential Customers
15668.0,0,Potential Customers
15669.0,3,Loyal Customers
15670.0,0,Potential Customers
15671.0,3,Loyal Customers
15672.0,1,At Risk Customers
15673.0,2,Champions
15674.0,2,Champions
15675.0,0,Potential Customers
15676.0,3,Loyal Customers
15677.0,3,Loyal Customers
15678.0,3,Loyal Customers
15679.0,3,Loyal Customers
15680.0,2,Champions
15681.0,2,Champions
15682.0,1,At Risk Customers
15683.0,0,Potential Customers
15684.0,1,At Risk Customers
15685.0,1,At Risk Customers
15686.0,1,At Risk Customers
15687.0,3,Loyal Customers
15688.0,1,At Risk Customers
15689.0,0,Potential Customers
15690.0,0,Potential Customers
15691.0,0,Potential Customers
15692.0,0,Potential Customers
15693.0,1,At Risk Customers
15694.0,2,Champions
15695.0,3,Loyal Customers
15696.0,2,Champions
15697.0,1,At Risk Customers
15698.0,1,At Risk Customers
15699.0,0,Potential Customers
15700.0,0,Potential Customers
15701.0,3,Loyal Customers
15702.0,1,At Risk Customers
15703.0,0,Potential Customers
15704.0,3,Loyal Customers
15705.0,0,Potential Customers
15706.0,3,Loyal Customers
15707.0,3,Loyal Customers
15708.0,3,Loyal Customers
15709.0,0,Potential Customers
15710.0,1,At Risk Customers
15711.0,1,At Risk Customers
15712.0,2,Champions
15713.0,3,Loyal Customers
15714.0,3,Loyal Customers
15715.0,1,At Risk Customers
15716.0,3,Loyal Customers
15717.0,3,Loyal Customers
15718.0,1,At Risk Customers
15719.0,2,Champions
15720.0,0,Potential Customers
15721.0,0,Potential Customers
15722.0,2,Champions
15723.0,1,At Risk Customers
15724.0,0,Potential Customers
15725.0,0,Potential Customers
15726.0,1,At Risk Customers
15727.0,2,Champions
15728.0,1,At Risk Customers
15729.0,0,Potential Customers
15730.0,3,Loyal Customers
15731.0,1,At Risk Customers
15732.0,3,Loyal Customers
15733.0,0,Potential Customers
15734.0,3,Loyal Customers
15735.0,1,At Risk Customers
15736.0,1,At Risk Customers
15737.0,3,Loyal Customers
15738.0,2,Champions
15739.0,0,Potential Customers
15740.0,0,Potential Customers
15741.0,1,At Risk Customers
15742.0,1,At Risk Customers
15743.0,3,Loyal Customers
15744.0,0,Potential Customers
15745.0,3,Loyal Customers
15746.0,0,Potential Customers
15747.0,3,Loyal Customers
15748.0,0,Potential Customers
15749.0,3,Loyal Customers
15750.0,2,Champions
15751.0,3,Loyal Customers
15752.0,3,Loyal Customers
15753.0,1,At Risk Customers
15754.0,3,Loyal Customers
15755.0,2,Champions
15756.0,0,Potential Customers
15757.0,3,Loyal Customers
15758.0,0,Potential Customers
15759.0,3,Loyal Customers
15760.0,1,At Risk Customers
15761.0,1,At Risk Customers
15762.0,0,Potential Customers
15763.0,0,Potential Customers
15764.0,3,Loyal Customers
15765.0,1,At Risk Customers
15766.0,0,Potential Customers
15768.0,2,Champions
15769.0,2,Champions
15770.0,1,At Risk Customers
15771.0,1,At Risk Customers
15772.0,1,At Risk Customers
15773.0,0,Potential Customers
15774.0,3,Loyal Customers
15775.0,0,Potential Customers
15776.0,0,Potential Customers
15777.0,3,Loyal Customers
15778.0,1,At Risk Customers
15779.0,1,At Risk Customers
15780.0,0,Potential Customers
15781.0,0,Potential Customers
15782.0,3,Loyal Customers
15783.0,0,Potential Customers
15784.0,1,At Risk Customers
15785.0,2,Champions
15786.0,3,Loyal Customers
15787.0,3,Loyal Customers
15788.0,1,At Risk Customers
15789.0,3,Loyal Customers
15790.0,0,Potential Customers
15791.0,3,Loyal Customers
15792.0,1,At Risk Customers
15793.0,3,Loyal Customers
15794.0,1,At Risk Customers
15795.0,3,Loyal Customers
15796.0,2,Champions
15797.0,3,Loyal Customers
15798.0,1,At Risk Customers
15799.0,3,Loyal Customers
15800.0,3,Loyal Customers
15801.0,3,Loyal Customers
15802.0,0,Potential Customers
15803.0,3,Loyal Customers
15804.0,2,Champions
15805.0,2,Champions
15806.0,0,Potential Customers
15807.0,3,Loyal Customers
15808.0,2,Champions
15809.0,3,Loyal Customers
15810.0,3,Loyal Customers
15811.0,3,Loyal Customers
15812.0,2,Champions
15813.0,0,Potential Customers
15814.0,3,Loyal Customers
15815.0,3,Loyal Customers
15816.0,1,At Risk Customers
15817.0,1,At Risk Customers
15818.0,1,At Risk Customers
15819.0,2,Champions
15820.0,1,At Risk Customers
15821.0,0,Potential Customers
15822.0,3,Loyal Customers
15823.0,3,Loyal Customers
15824.0,1,At Risk Customers
15825.0,0,Potential Customers
15826.0,3,Loyal Customers
15827.0,2,Champions
15828.0,1,At Risk Customers
15829.0,0,Potential Customers
15830.0,0,Potential Customers
15831.0,0,Potential Customers
15832.0,0,Potential Customers
15833.0,1,At Risk Customers
15834.0,3,Loyal Customers
15835.0,3,Loyal Customers
15836.0,0,Potential Customers
15837.0,0,Potential Customers
15838.0,2,Champions
15839.0,3,Loyal Customers
15840.0,0,Potential Customers
15841.0,3,Loyal Customers
15842.0,1,At Risk Customers
15843.0,1,At Risk Customers
15844.0,0,Potential Customers
15845.0,2,Champions
15846.0,1,At Risk Customers
15847.0,3,Loyal Customers
15848.0,1,At Risk Customers
15850.0,3,Loyal Customers
15851.0,1,At Risk Customers
15852.0,0,Potential Customers
15853.0,0,Potential Customers
15854.0,2,Champions
15855.0,3,Loyal Customers
15856.0,2,Champions
15857.0,0,Potential Customers
15858.0,2,Champions
15859.0,1,At Risk Customers
15860.0,2,Champions
15861.0,2,Champions
15862.0,2,Champions
15863.0,0,Potential Customers
15864.0,3,Loyal Customers
15865.0,3,Loyal Customers
15866.0,0,Potential Customers
15867.0,2,Champions
15868.0,1,At Risk Customers
15869.0,0,Potential Customers
15870.0,3,Loyal Customers
15871.0,1,At Risk Customers
15872.0,3,Loyal Customers
15873.0,1,At Risk Customers
15874.0,2,Champions
15875.0,1,At Risk Customers
15876.0,1,At Risk Customers
15877.0,0,Potential Customers
15878.0,1,At Risk Customers
15879.0,1,At Risk Customers
15880.0,1,At Risk Customers
15881.0,3,Loyal Customers
15882.0,3,Loyal Customers
15883.0,0,Potential Customers
15884.0,1,At Risk Customers
15885.0,2,Champions
15886.0,3,Loyal Customers
15887.0,1,At Risk Customers
15888.0,0,Potential Customers
15889.0,3,Loyal Customers
15890.0,1,At Risk Customers
15891.0,0,Potential Customers
15892.0,1,At Risk Customers
15893.0,1,At Risk Customers
15894.0,0,Potential Customers
15895.0,0,Potential Customers
15897.0,0,Potential Customers
15898.0,2,Champions
15899.0,1,At Risk Customers
15900.0,3,Loyal Customers
15901.0,3,Loyal Customers
15902.0,1,At Risk Customers
15903.0,2,Champions
15904.0,0,Potential Customers
15905.0,1,At Risk Customers
15906.0,3,Loyal Customers
15907.0,3,Loyal Customers
15908.0,1,At Risk Customers
15909.0,0,Potential Customers
15910.0,2,Champions
15911.0,1,At Risk Customers
15912.0,3,Loyal Customers
15913.0,1,At Risk Customers
15914.0,1,At Risk Customers
15915.0,1,At Risk Customers
15916.0,2,Champions
15917.0,3,Loyal Customers
15918.0,0,Potential Customers
15919.0,0,Potential Customers
15920.0,3,Loyal Customers
15921.0,3,Loyal Customers
15922.0,1,At Risk Customers
15923.0,1,At Risk Customers
15924.0,1,At Risk Customers
15925.0,0,Potential Customers
15926.0,1,At Risk Customers
15927.0,1,At Risk Customers
15928.0,1,At Risk Customers
15929.0,1,At Risk Customers
15930.0,0,Potential Customers
15931.0,1,At Risk Customers
15932.0,3,Loyal Customers
15933.0,3,Loyal Customers
15934.0,1,At Risk Customers
15935.0,0,Potential Customers
15936.0,1,At Risk Customers
15937.0,0,Potential Customers
15938.0,3,Loyal Customers
15939.0,2,Champions
15940.0,1,At Risk Customers
15941.0,1,At Risk Customers
15942.0,0,Potential Customers
15943.0,1,At Risk Customers
15944.0,3,Loyal Customers
15945.0,1,At Risk Customers
15946.0,1,At Risk Customers
15947.0,0,Potential Customers
15948.0,3,Loyal Customers
15949.0,0,Potential Customers
15950.0,2,Champions
15951.0,3,Loyal Customers
15952.0,3,Loyal Customers
15953.0,2,Champions
15954.0,1,At Risk Customers
15955.0,2,Champions
15956.0,1,At Risk Customers
15957.0,3,Loyal Customers
15958.0,0,Potential Customers
15959.0,1,At Risk Customers
15960.0,1,At Risk Customers
15961.0,1,At Risk Customers
15962.0,1,At Risk Customers
15963.0,0,Potential Customers
15964.0,1,At Risk Customers
15965.0,2,Champions
15966.0,1,At Risk Customers
15967.0,2,Champions
15968.0,1,At Risk Customers
15969.0,3,Loyal Customers
15970.0,0,Potential Customers
15971.0,2,Champions
15972.0,1,At Risk Customers
15973.0,1,At Risk Customers
15974.0,3,Loyal Customers
15975.0,0,Potential Customers
15976.0,3,Loyal Customers
15977.0,0,Potential Customers
15978.0,3,Loyal Customers
15979.0,1,At Risk Customers
15980.0,3,Loyal Customers
15981.0,2,Champions
15982.0,1,At Risk Customers
15983.0,3,Loyal Customers
15984.0,2,Champions
15985.0,3,Loyal Customers
15986.0,0,Potential Customers
15987.0,3,Loyal Customers
15988.0,0,Potential Customers
15989.0,1,At Risk Customers
15990.0,3,Loyal Customers
15991.0,1,At Risk Customers
15992.0,3,Loyal Customers
15993.0,3,Loyal Customers
15994.0,3,Loyal Customers
15995.0,1,At Risk Customers
15996.0,3,Loyal Customers
15998.0,2,Champions
15999.0,1,At Risk Customers
16000.0,3,Loyal Customers
16001.0,1,At Risk Customers
16002.0,1,At Risk Customers
16003.0,2,Champions
16004.0,1,At Risk Customers
16005.0,3,Loyal Customers
16006.0,0,Potential Customers
16007.0,3,Loyal Customers
16008.0,2,Champions
16009.0,3,Loyal Customers
16010.0,3,Loyal Customers
16011.0,2,Champions
16012.0,3,Loyal Customers
16013.0,2,Champions
16014.0,3,Loyal Customers
16015.0,0,Potential Customers
16016.0,3,Loyal Customers
16017.0,3,Loyal Customers
16018.0,3,Loyal Customers
16019.0,2,Champions
16020.0,0,Potential Customers
16021.0,1,At Risk Customers
16022.0,0,Potential Customers
16023.0,0,Potential Customers
16024.0,0,Potential Customers
16025.0,0,Potential Customers
16026.0,0,Potential Customers
16027.0,2,Champions
16028.0,1,At Risk Customers
16029.0,2,Champions
16030.0,1,At Risk Customers
16031.0,0,Potential Customers
16032.0,3,Loyal Customers
16033.0,2,Champions
16034.0,3,Loyal Customers
16035.0,1,At Risk Customers
16036.0,3,Loyal Customers
16037.0,3,Loyal Customers
16038.0,0,Potential Customers
16039.0,1,At Risk Customers
16040.0,3,Loyal Customers
16041.0,3,Loyal Customers
16042.0,3,Loyal Customers
16043.0,3,Loyal Customers
16044.0,1,At Risk Customers
16045.0,3,Loyal Customers
16046.0,1,At Risk Customers
16047.0,1,At Risk Customers
16048.0,1,At Risk Customers
16049.0,3,Loyal Customers
16050.0,0,Potential Customers
16051.0,1,At Risk Customers
16052.0,0,Potential Customers
16053.0,3,Loyal Customers
16054.0,3,Loyal Customers
16055.0,0,Potential Customers
16056.0,0,Potential Customers
16057.0,2,Champions
16058.0,1,At Risk Customers
16059.0,2,Champions
16060.0,1,At Risk Customers
16061.0,1,At Risk Customers
16062.0,3,Loyal Customers
16063.0,0,Potential Customers
16064.0,1,At Risk Customers
16065.0,3,Loyal Customers
16066.0,3,Loyal Customers
16067.0,1,At Risk Customers
16068.0,1,At Risk Customers
16069.0,1,At Risk Customers
16070.0,0,Potential Customers
16071.0,3,Loyal Customers
16072.0,3,Loyal Customers
16073.0,1,At Risk Customers
16074.0,1,At Risk Customers
16075.0,1,At Risk Customers
16076.0,3,Loyal Customers
16077.0,1,At Risk Customers
16078.0,0,Potential Customers
16079.0,3,Loyal Customers
16080.0,3,Loyal Customers
16081.0,3,Loyal Customers
16082.0,1,At Risk Customers
16083.0,3,Loyal Customers
16084.0,1,At Risk Customers
16085.0,3,Loyal Customers
16086.0,3,Loyal Customers
16087.0,3,Loyal Customers
16088.0,1,At Risk Customers
16089.0,1,At Risk Customers
16090.0,1,At Risk Customers
16091.0,0,Potential Customers
16092.0,3,Loyal Customers
16093.0,0,Potential Customers
16094.0,2,Champions
16095.0,1,At Risk Customers
16096.0,3,Loyal Customers
16097.0,0,Potential Customers
16098.0,2,Champions
16099.0,3,Loyal Customers
16100.0,1,At Risk Customers
16101.0,3,Loyal Customers
16102.0,3,Loyal Customers
16103.0,2,Champions
16104.0,3,Loyal Customers
16105.0,3,Loyal Customers
16106.0,0,Potential Customers
16107.0,3,Loyal Customers
16108.0,3,Loyal Customers
16109.0,3,Loyal Customers
16110.0,3,Loyal Customers
16111.0,1,At Risk Customers
16112.0,0,Potential Customers
16113.0,0,Potential Customers
16114.0,0,Potential Customers
16115.0,2,Champions
16116.0,0,Potential Customers
16117.0,0,Potential Customers
16118.0,1,At Risk Customers
16119.0,3,Loyal Customers
16120.0,3,Loyal Customers
16121.0,3,Loyal Customers
16122.0,3,Loyal Customers
16123.0,0,Potential Customers
16124.0,3,Loyal Customers
16125.0,2,Champions
16126.0,2,Champions
16127.0,0,Potential Customers
16128.0,2,Champions
16129.0,1,At Risk Customers
16130.0,1,At Risk Customers
16131.0,2,Champions
16132.0,1,At Risk Customers
16133.0,2,Champions
16134.0,3,Loyal Customers
16135.0,0,Potential Customers
16136.0,3,Loyal Customers
16137.0,1,At Risk Customers
16138.0,1,At Risk Customers
16139.0,3,Loyal Customers
16140.0,3,Loyal Customers
16141.0,0,Potential Customers
16142.0,0,Potential Customers
16143.0,2,Champions
16144.0,0,Potential Customers
16145.0,2,Champions
16146.0,3,Loyal Customers
16147.0,3,Loyal Customers
16148.0,0,Potential Customers
16149.0,0,Potential Customers
16150.0,2,Champions
16152.0,0,Potential Customers
16153.0,2,Champions
16155.0,1,At Risk Customers
16156.0,2,Champions
16157.0,0,Potential Customers
16158.0,1,At Risk Customers
16159.0,3,Loyal Customers
16160.0,0,Potential Customers
16161.0,2,Champions
16162.0,0,Potential Customers
16163.0,3,Loyal Customers
16164.0,0,Potential Customers
16165.0,1,At Risk Customers
16166.0,1,At Risk Customers
16167.0,3,Loyal Customers
16168.0,2,Champions
16169.0,3,Loyal Customers
16170.0,2,Champions
16171.0,0,Potential Customers
16172.0,3,Loyal Customers
16173.0,3,Loyal Customers
16174.0,3,Loyal Customers
16175.0,3,Loyal Customers
16176.0,3,Loyal Customers
16177.0,3,Loyal Customers
16178.0,0,Potential Customers
16179.0,0,Potential Customers
16180.0,2,Champions
16181.0,0,Potential Customers
16182.0,2,Champions
16183.0,3,Loyal Customers
16184.0,3,Loyal Customers
16185.0,0,Potential Customers
16186.0,2,Champions
16187.0,2,Champions
16188.0,3,Loyal Customers
16189.0,0,Potential Customers
16190.0,3,Loyal Customers
16191.0,2,Champions
16192.0,1,At Risk Customers
16193.0,0,Potential Customers
16194.0,1,At Risk Customers
16195.0,1,At Risk Customers
16196.0,1,At Risk Customers
16197.0,3,Loyal Customers
16198.0,0,Potential Customers
16199.0,3,Loyal Customers
16200.0,2,Champions
16201.0,3,Loyal Customers
16202.0,3,Loyal Customers
16203.0,3,Loyal Customers
16204.0,3,Loyal Customers
16205.0,3,Loyal Customers
16206.0,2,Champions
16207.0,0,Potential Customers
16208.0,3,Loyal Customers
16209.0,3,Loyal Customers
16210.0,2,Champions
16211.0,3,Loyal Customers
16212.0,3,Loyal Customers
16213.0,0,Potential Customers
16214.0,3,Loyal Customers
16215.0,0,Potential Customers
16216.0,0,Potential Customers
16217.0,0,Potential Customers
16218.0,2,Champions
16219.0,1,At Risk Customers
16221.0,3,Loyal Customers
16222.0,1,At Risk Customers
16223.0,1,At Risk Customers
16224.0,3,Loyal Customers
16225.0,2,Champions
16226.0,3,Loyal Customers
16227.0,3,Loyal Customers
16228.0,1,At Risk Customers
16229.0,3,Loyal Customers
16230.0,0,Potential Customers
16231.0,1,At Risk Customers
16232.0,3,Loyal Customers
16233.0,3,Loyal Customers
16234.0,1,At Risk Customers
16235.0,3,Loyal Customers
16236.0,0,Potential Customers
16237.0,1,At Risk Customers
16238.0,1,At Risk Customers
16239.0,3,Loyal Customers
16240.0,3,Loyal Customers
16241.0,2,Champions
16242.0,2,Champions
16243.0,0,Potential Customers
16244.0,3,Loyal Customers
16245.0,3,Loyal Customers
16246.0,1,At Risk Customers
16247.0,0,Potential Customers
16248.0,0,Potential Customers
16249.0,3,Loyal Customers
16250.0,0,Potential Customers
16251.0,1,At Risk Customers
16252.0,1,At Risk Customers
16253.0,3,Loyal Customers
16254.0,1,At Risk Customers
16255.0,2,Champions
16256.0,3,Loyal Customers
16257.0,0,Potential Customers
16258.0,2,Champions
16259.0,1,At Risk Customers
16260.0,0,Potential Customers
16261.0,3,Loyal Customers
16262.0,1,At Risk Customers
16263.0,1,At Risk Customers
16264.0,1,At Risk Customers
16265.0,2,Champions
16266.0,3,Loyal Customers
16267.0,1,At Risk Customers
16268.0,0,Potential Customers
16269.0,1,At Risk Customers
16270.0,1,At Risk Customers
16271.0,3,Loyal Customers
16272.0,0,Potential Customers
16273.0,1,At Risk Customers
16274.0,1,At Risk Customers
16275.0,3,Loyal Customers
16276.0,3,Loyal Customers
16277.0,1,At Risk Customers
16278.0,3,Loyal Customers
16279.0,2,Champions
16280.0,1,At Risk Customers
16281.0,3,Loyal Customers
16282.0,3,Loyal Customers
16283.0,3,Loyal Customers
16284.0,3,Loyal Customers
16285.0,1,At Risk Customers
16286.0,1,At Risk Customers
16287.0,3,Loyal Customers
16288.0,1,At Risk Customers
16289.0,1,At Risk Customers
16290.0,1,At Risk Customers
16291.0,1,At Risk Customers
16292.0,3,Loyal Customers
16293.0,2,Champions
16294.0,1,At Risk Customers
16295.0,3,Loyal Customers
16296.0,1,At Risk Customers
16297.0,0,Potential Customers
16298.0,3,Loyal Customers
16299.0,1,At Risk Customers
16300.0,1,At Risk Customers
16301.0,1,At Risk Customers
16302.0,0,Potential Customers
16303.0,2,Champions
16304.0,1,At Risk Customers
16305.0,0,Potential Customers
16306.0,3,Loyal Customers
16307.0,1,At Risk Customers
16308.0,3,Loyal Customers
16309.0,0,Potential Customers
16310.0,1,At Risk Customers
16311.0,0,Potential Customers
16312.0,1,At Risk Customers
16313.0,0,Potential Customers
16314.0,1,At Risk Customers
16315.0,1,At Risk Customers
16316.0,2,Champions
16317.0,3,Loyal Customers
16318.0,0,Potential Customers
16319.0,0,Potential Customers
16320.0,3,Loyal Customers
16321.0,3,Loyal Customers
16322.0,0,Potential Customers
16323.0,0,Potential Customers
16324.0,0,Potential Customers
16325.0,2,Champions
16326.0,2,Champions
16327.0,2,Champions
16328.0,1,At Risk Customers
16329.0,1,At Risk Customers
16330.0,3,Loyal Customers
16331.0,3,Loyal Customers
16332.0,3,Loyal Customers
16333.0,2,Champions
16334.0,1,At Risk Customers
16335.0,1,At Risk Customers
16336.0,3,Loyal Customers
16337.0,0,Potential Customers
16338.0,0,Potential Customers
16339.0,0,Potential Customers
16340.0,3,Loyal Customers
16341.0,3,Loyal Customers
16342.0,0,Potential Customers
16343.0,0,Potential Customers
16344.0,3,Loyal Customers
16345.0,0,Potential Customers
16346.0,1,At Risk Customers
16347.0,2,Champions
16348.0,3,Loyal Customers
16349.0,1,At Risk Customers
16350.0,3,Loyal Customers
16351.0,3,Loyal Customers
16352.0,0,Potential Customers
16353.0,2,Champions
16354.0,3,Loyal Customers
16355.0,1,At Risk Customers
16356.0,3,Loyal Customers
16357.0,3,Loyal Customers
16358.0,3,Loyal Customers
16359.0,2,Champions
16360.0,3,Loyal Customers
16361.0,3,Loyal Customers
16362.0,3,Loyal Customers
16363.0,0,Potential Customers
16364.0,0,Potential Customers
16365.0,2,Champions
16366.0,3,Loyal Customers
16367.0,3,Loyal Customers
16368.0,0,Potential Customers
16369.0,3,Loyal Customers
16370.0,3,Loyal Customers
16371.0,1,At Risk Customers
16372.0,3,Loyal Customers
16373.0,1,At Risk Customers
16374.0,3,Loyal Customers
16375.0,1,At Risk Customers
16376.0,0,Potential Customers
16377.0,0,Potential Customers
16378.0,0,Potential Customers
16379.0,3,Loyal Customers
16380.0,0,Potential Customers
16381.0,1,At Risk Customers
16382.0,1,At Risk Customers
16383.0,3,Loyal Customers
16384.0,3,Loyal Customers
16385.0,3,Loyal Customers
16386.0,3,Loyal Customers
16387.0,3,Loyal Customers
16388.0,1,At Risk Customers
16389.0,3,Loyal Customers
16390.0,1,At Risk Customers
16391.0,1,At Risk Customers
16392.0,0,Potential Customers
16393.0,2,Champions
16394.0,3,Loyal Customers
16395.0,2,Champions
16396.0,1,At Risk Customers
16397.0,1,At Risk Customers
16398.0,3,Loyal Customers
16399.0,0,Potential Customers
16400.0,3,Loyal Customers
16401.0,2,Champions
16402.0,0,Potential Customers
16403.0,1,At Risk Customers
16404.0,0,Potential Customers
16405.0,1,At Risk Customers
16406.0,0,Potential Customers
16407.0,2,Champions
16408.0,1,At Risk Customers
16409.0,2,Champions
16410.0,1,At Risk Customers
16411.0,3,Loyal Customers
16412.0,3,Loyal Customers
16413.0,0,Potential Customers
16414.0,3,Loyal Customers
16415.0,0,Potential Customers
16416.0,3,Loyal Customers
16417.0,1,At Risk Customers
16418.0,3,Loyal Customers
16419.0,3,Loyal Customers
16420.0,1,At Risk Customers
16421.0,1,At Risk Customers
16422.0,2,Champions
16423.0,0,Potential Customers
16424.0,0,Potential Customers
16425.0,1,At Risk Customers
16426.0,3,Loyal Customers
16427.0,0,Potential Customers
16428.0,1,At Risk Customers
16429.0,0,Potential Customers
16430.0,3,Loyal Customers
16431.0,0,Potential Customers
16432.0,0,Potential Customers
16433.0,0,Potential Customers
16434.0,2,Champions
16435.0,1,At Risk Customers
16436.0,1,At Risk Customers
16437.0,1,At Risk Customers
16438.0,3,Loyal Customers
16439.0,1,At Risk Customers
16440.0,3,Loyal Customers
16441.0,3,Loyal Customers
16442.0,3,Loyal Customers
16443.0,1,At Risk Customers
16444.0,2,Champions
16445.0,0,Potential Customers
16446.0,2,Champions
16447.0,0,Potential Customers
16448.0,0,Potential Customers
16449.0,0,Potential Customers
16450.0,3,Loyal Customers
16451.0,3,Loyal Customers
16452.0,1,At Risk Customers
16453.0,1,At Risk Customers
16454.0,0,Potential Customers
16455.0,2,Champions
16456.0,2,Champions
16457.0,0,Potential Customers
16458.0,2,Champions
16459.0,1,At Risk Customers
16460.0,0,Potential Customers
16461.0,3,Loyal Customers
16462.0,0,Potential Customers
16463.0,3,Loyal Customers
16464.0,3,Loyal Customers
16465.0,1,At Risk Customers
16466.0,2,Champions
16467.0,3,Loyal Customers
16468.0,0,Potential Customers
16469.0,3,Loyal Customers
16470.0,3,Loyal Customers
16471.0,3,Loyal Customers
16472.0,1,At Risk Customers
16473.0,0,Potential Customers
16474.0,3,Loyal Customers
16475.0,0,Potential Customers
16476.0,1,At Risk Customers
16477.0,2,Champions
16478.0,0,Potential Customers
16479.0,0,Potential Customers
16480.0,0,Potential Customers
16481.0,1,At Risk Customers
16482.0,0,Potential Customers
16483.0,0,Potential Customers
16484.0,0,Potential Customers
16485.0,3,Loyal Customers
16486.0,1,At Risk Customers
16487.0,1,At Risk Customers
16488.0,0,Potential Customers
16489.0,1,At Risk Customers
16490.0,1,At Risk Customers
16491.0,3,Loyal Customers
16492.0,1,At Risk Customers
16493.0,3,Loyal Customers
16494.0,0,Potential Customers
16495.0,0,Potential Customers
16496.0,3,Loyal Customers
16497.0,2,Champions
16498.0,0,Potential Customers
16499.0,3,Loyal Customers
16500.0,3,Loyal Customers
16501.0,1,At Risk Customers
16502.0,1,At Risk Customers
16503.0,2,Champions
16504.0,0,Potential Customers
16505.0,0,Potential Customers
16506.0,0,Potential Customers
16507.0,1,At Risk Customers
16508.0,1,At Risk Customers
16509.0,1,At Risk Customers
16510.0,3,Loyal Customers
16511.0,3,Loyal Customers
16513.0,3,Loyal Customers
16515.0,3,Loyal Customers
16516.0,0,Potential Customers
16517.0,0,Potential Customers
16518.0,3,Loyal Customers
16519.0,0,Potential Customers
16520.0,3,Loyal Customers
16521.0,1,At Risk Customers
16522.0,1,At Risk Customers
16523.0,2,Champions
16524.0,1,At Risk Customers
16525.0,2,Champions
16526.0,0,Potential Customers
16527.0,0,Potential Customers
16528.0,0,Potential Customers
16529.0,3,Loyal Customers
16530.0,1,At Risk Customers
16531.0,3,Loyal Customers
16532.0,3,Loyal Customers
16533.0,3,Loyal Customers
16534.0,1,At Risk Customers
16535.0,3,Loyal Customers
16536.0,0,Potential Customers
16537.0,1,At Risk Customers
16538.0,1,At Risk Customers
16539.0,3,Loyal Customers
16540.0,1,At Risk Customers
16541.0,1,At Risk Customers
16542.0,0,Potential Customers
16543.0,1,At Risk Customers
16544.0,1,At Risk Customers
16545.0,0,Potential Customers
16546.0,3,Loyal Customers
16547.0,1,At Risk Customers
16548.0,1,At Risk Customers
16549.0,2,Champions
16550.0,2,Champions
16551.0,3,Loyal Customers
16552.0,0,Potential Customers
16553.0,2,Champions
16554.0,3,Loyal Customers
16555.0,3,Loyal Customers
16556.0,2,Champions
16557.0,0,Potential Customers
16558.0,2,Champions
16559.0,1,At Risk Customers
16560.0,3,Loyal Customers
16561.0,0,Potential Customers
16562.0,1,At Risk Customers
16563.0,3,Loyal Customers
16564.0,1,At Risk Customers
16565.0,1,At Risk Customers
16566.0,3,Loyal Customers
16567.0,0,Potential Customers
16568.0,1,At Risk Customers
16569.0,3,Loyal Customers
16570.0,2,Champions
16571.0,2,Champions
16572.0,3,Loyal Customers
16573.0,0,Potential Customers
16574.0,3,Loyal Customers
16576.0,1,At Risk Customers
16577.0,1,At Risk Customers
16578.0,1,At Risk Customers
16579.0,1,At Risk Customers
16581.0,0,Potential Customers
16582.0,0,Potential Customers
16583.0,1,At Risk Customers
16584.0,3,Loyal Customers
16585.0,1,At Risk Customers
16586.0,3,Loyal Customers
16587.0,0,Potential Customers
16588.0,3,Loyal Customers
16589.0,3,Loyal Customers
16590.0,1,At Risk Customers
16591.0,0,Potential Customers
16592.0,2,Champions
16593.0,3,Loyal Customers
16594.0,0,Potential Customers
16595.0,3,Loyal Customers
16596.0,0,Potential Customers
16597.0,0,Potential Customers
16598.0,0,Potential Customers
16599.0,1,At Risk Customers
16600.0,2,Champions
16601.0,0,Potential Customers
16602.0,0,Potential Customers
16603.0,0,Potential Customers
16604.0,1,At Risk Customers
16605.0,1,At Risk Customers
16606.0,1,At Risk Customers
16607.0,2,Champions
16608.0,1,At Risk Customers
16609.0,3,Loyal Customers
16610.0,0,Potential Customers
16611.0,3,Loyal Customers
16612.0,3,Loyal Customers
16613.0,0,Potential Customers
16614.0,3,Loyal Customers
16615.0,1,At Risk Customers
16616.0,0,Potential Customers
16617.0,0,Potential Customers
16618.0,3,Loyal Customers
16619.0,3,Loyal Customers
16620.0,3,Loyal Customers
16621.0,3,Loyal Customers
16622.0,1,At Risk Customers
16623.0,3,Loyal Customers
16624.0,0,Potential Customers
16625.0,3,Loyal Customers
16626.0,2,Champions
16627.0,0,Potential Customers
16628.0,3,Loyal Customers
16629.0,0,Potential Customers
16630.0,1,At Risk Customers
16631.0,3,Loyal Customers
16632.0,1,At Risk Customers
16633.0,3,Loyal Customers
16634.0,3,Loyal Customers
16635.0,1,At Risk Customers
16636.0,3,Loyal Customers
16637.0,3,Loyal Customers
16638.0,2,Champions
16639.0,3,Loyal Customers
16640.0,1,At Risk Customers
16641.0,0,Potential Customers
16642.0,3,Loyal Customers
16643.0,0,Potential Customers
16644.0,0,Potential Customers
16645.0,1,At Risk Customers
16646.0,1,At Risk Customers
16647.0,0,Potential Customers
16648.0,0,Potential Customers
16649.0,1,At Risk Customers
16650.0,3,Loyal Customers
16651.0,1,At Risk Customers
16652.0,2,Champions
16653.0,0,Potential Customers
16654.0,3,Loyal Customers
16655.0,2,Champions
16656.0,2,Champions
16657.0,3,Loyal Customers
16658.0,3,Loyal Customers
16659.0,0,Potential Customers
16660.0,3,Loyal Customers
16661.0,1,At Risk Customers
16662.0,1,At Risk Customers
16663.0,1,At Risk Customers
16664.0,1,At Risk Customers
16665.0,1,At Risk Customers
16666.0,0,Potential Customers
16667.0,0,Potential Customers
16668.0,3,Loyal Customers
16669.0,3,Loyal Customers
16670.0,2,Champions
16671.0,3,Loyal Customers
16672.0,2,Champions
16673.0,1,At Risk Customers
16674.0,0,Potential Customers
16675.0,1,At Risk Customers
16676.0,3,Loyal Customers
16677.0,1,At Risk Customers
16678.0,2,Champions
16679.0,1,At Risk Customers
16680.0,0,Potential Customers
16681.0,3,Loyal Customers
16682.0,3,Loyal Customers
16683.0,1,At Risk Customers
16684.0,2,Champions
16685.0,0,Potential Customers
16686.0,2,Champions
16687.0,1,At Risk Customers
16688.0,3,Loyal Customers
16689.0,0,Potential Customers
16690.0,0,Potential Customers
16691.0,1,At Risk Customers
16692.0,3,Loyal Customers
16693.0,3,Loyal Customers
16694.0,1,At Risk Customers
16695.0,1,At Risk Customers
16696.0,3,Loyal Customers
16697.0,0,Potential Customers
16698.0,3,Loyal Customers
16699.0,3,Loyal Customers
16700.0,2,Champions
16701.0,2,Champions
16702.0,1,At Risk Customers
16704.0,1,At Risk Customers
16705.0,2,Champions
16706.0,0,Potential Customers
16707.0,1,At Risk Customers
16708.0,0,Potential Customers
16709.0,2,Champions
16710.0,2,Champions
16711.0,3,Loyal Customers
16712.0,2,Champions
16713.0,2,Champions
16714.0,3,Loyal Customers
16715.0,0,Potential Customers
16716.0,3,Loyal Customers
16717.0,2,Champions
16718.0,3,Loyal Customers
16719.0,2,Champions
16720.0,0,Potential Customers
16721.0,0,Potential Customers
16722.0,2,Champions
16723.0,3,Loyal Customers
16724.0,1,At Risk Customers
16725.0,3,Loyal Customers
16726.0,3,Loyal Customers
16727.0,3,Loyal Customers
16728.0,3,Loyal Customers
16729.0,2,Champions
16730.0,0,Potential Customers
16731.0,1,At Risk Customers
16732.0,3,Loyal Customers
16733.0,1,At Risk Customers
16734.0,0,Potential Customers
16735.0,2,Champions
16736.0,1,At Risk Customers
16737.0,0,Potential Customers
16738.0,1,At Risk Customers
16739.0,0,Potential Customers
16740.0,1,At Risk Customers
16741.0,1,At Risk Customers
16742.0,2,Champions
16743.0,2,Champions
16744.0,3,Loyal Customers
16745.0,2,Champions
16746.0,2,Champions
16747.0,0,Potential Customers
16748.0,2,Champions
16749.0,1,At Risk Customers
16750.0,3,Loyal Customers
16751.0,0,Potential Customers
16752.0,1,At Risk Customers
16753.0,0,Potential Customers
16754.0,2,Champions
16755.0,3,Loyal Customers
16756.0,3,Loyal Customers
16757.0,1,At Risk Customers
16758.0,0,Potential Customers
16759.0,0,Potential Customers
16760.0,1,At Risk Customers
16761.0,0,Potential Customers
16762.0,3,Loyal Customers
16763.0,0,Potential Customers
16764.0,2,Champions
16765.0,0,Potential Customers
16766.0,0,Potential Customers
16767.0,2,Champions
16768.0,3,Loyal Customers
16769.0,3,Loyal Customers
16770.0,3,Loyal Customers
16771.0,2,Champions
16772.0,3,Loyal Customers
16773.0,0,Potential Customers
16774.0,3,Loyal Customers
16775.0,2,Champions
16776.0,0,Potential Customers
16777.0,3,Loyal Customers
16778.0,0,Potential Customers
16779.0,2,Champions
16780.0,0,Potential Customers
16781.0,1,At Risk Customers
16782.0,2,Champions
16783.0,1,At Risk Customers
16784.0,3,Loyal Customers
16785.0,1,At Risk Customers
16786.0,1,At Risk Customers
16787.0,1,At Risk Customers
16788.0,3,Loyal Customers
16789.0,0,Potential Customers
16790.0,3,Loyal Customers
16791.0,2,Champions
16792.0,3,Loyal Customers
16793.0,0,Potential Customers
16794.0,2,Champions
16795.0,3,Loyal Customers
16796.0,0,Potential Customers
16797.0,3,Loyal Customers
16798.0,1,At Risk Customers
16799.0,1,At Risk Customers
16800.0,0,Potential Customers
16801.0,3,Loyal Customers
16802.0,1,At Risk Customers
16803.0,0,Potential Customers
16804.0,0,Potential Customers
16805.0,3,Loyal Customers
16806.0,3,Loyal Customers
16807.0,3,Loyal Customers
16808.0,0,Potential Customers
16809.0,3,Loyal Customers
16810.0,0,Potential Customers
16811.0,0,Potential Customers
16812.0,3,Loyal Customers
16813.0,3,Loyal Customers
16814.0,2,Champions
16815.0,1,At Risk Customers
16816.0,0,Potential Customers
16817.0,2,Champions
16818.0,2,Champions
16819.0,1,At Risk Customers
16820.0,0,Potential Customers
16821.0,1,At Risk Customers
16822.0,1,At Risk Customers
16823.0,3,Loyal Customers
16824.0,0,Potential Customers
16825.0,3,Loyal Customers
16826.0,0,Potential Customers
16827.0,1,At Risk Customers
16828.0,0,Potential Customers
16829.0,0,Potential Customers
16830.0,3,Loyal Customers
16831.0,1,At Risk Customers
16832.0,0,Potential Customers
16833.0,3,Loyal Customers
16834.0,0,Potential Customers
16835.0,3,Loyal Customers
16836.0,3,Loyal Customers
16837.0,2,Champions
16838.0,3,Loyal Customers
16839.0,2,Champions
16840.0,1,At Risk Customers
16841.0,2,Champions
16842.0,3,Loyal Customers
16843.0,2,Champions
16844.0,1,At Risk Customers
16845.0,1,At Risk Customers
16846.0,0,Potential Customers
16847.0,0,Potential Customers
16848.0,3,Loyal Customers
16849.0,0,Potential Customers
16850.0,1,At Risk Customers
16851.0,0,Potential Customers
16852.0,0,Potential Customers
16854.0,1,At Risk Customers
16855.0,0,Potential Customers
16856.0,0,Potential Customers
16857.0,1,At Risk Customers
16858.0,3,Loyal Customers
16859.0,3,Loyal Customers
16860.0,1,At Risk Customers
16861.0,3,Loyal Customers
16862.0,1,At Risk Customers
16863.0,0,Potential Customers
16864.0,1,At Risk Customers
16865.0,1,At Risk Customers
16866.0,0,Potential Customers
16867.0,1,At Risk Customers
16868.0,1,At Risk Customers
16869.0,3,Loyal Customers
16870.0,1,At Risk Customers
16871.0,3,Loyal Customers
16872.0,3,Loyal Customers
16873.0,2,Champions
16874.0,1,At Risk Customers
16875.0,2,Champions
16876.0,1,At Risk Customers
16877.0,3,Loyal Customers
16878.0,0,Potential Customers
16880.0,3,Loyal Customers
16881.0,0,Potential Customers
16882.0,0,Potential Customers
16883.0,2,Champions
16884.0,3,Loyal Customers
16885.0,3,Loyal Customers
16886.0,1,At Risk Customers
16887.0,0,Potential Customers
16888.0,1,At Risk Customers
16889.0,3,Loyal Customers
16890.0,1,At Risk Customers
16891.0,3,Loyal Customers
16892.0,3,Loyal Customers
16893.0,1,At Risk Customers
16894.0,1,At Risk Customers
16895.0,3,Loyal Customers
16896.0,1,At Risk Customers
16897.0,1,At Risk Customers
16898.0,3,Loyal Customers
16899.0,3,Loyal Customers
16900.0,3,Loyal Customers
16901.0,1,At Risk Customers
16902.0,0,Potential Customers
16903.0,3,Loyal Customers
16904.0,2,Champions
16905.0,2,Champions
16906.0,3,Loyal Customers
16907.0,3,Loyal Customers
16908.0,1,At Risk Customers
16909.0,0,Potential Customers
16910.0,3,Loyal Customers
16911.0,1,At Risk Customers
16912.0,2,Champions
16913.0,0,Potential Customers
16914.0,0,Potential Customers
16915.0,3,Loyal Customers
16916.0,3,Loyal Customers
16917.0,3,Loyal Customers
16918.0,2,Champions
16919.0,2,Champions
16920.0,1,At Risk Customers
16921.0,0,Potential Customers
16922.0,1,At Risk Customers
16923.0,2,Champions
16924.0,0,Potential Customers
16925.0,1,At Risk Customers
16926.0,3,Loyal Customers
16927.0,0,Potential Customers
16928.0,2,Champions
16929.0,3,Loyal Customers
16930.0,0,Potential Customers
16931.0,2,Champions
16932.0,0,Potential Customers
16933.0,3,Loyal Customers
16934.0,3,Loyal Customers
16935.0,1,At Risk Customers
16936.0,0,Potential Customers
16937.0,1,At Risk Customers
16938.0,2,Champions
16939.0,1,At Risk Customers
16940.0,2,Champions
16941.0,1,At Risk Customers
16942.0,3,Loyal Customers
16943.0,3,Loyal Customers
16944.0,1,At Risk Customers
16945.0,2,Champions
16946.0,3,Loyal Customers
16947.0,3,Loyal Customers
16948.0,3,Loyal Customers
16949.0,3,Loyal Customers
16950.0,3,Loyal Customers
16951.0,3,Loyal Customers
16952.0,3,Loyal Customers
16953.0,0,Potential Customers
16954.0,2,Champions
16955.0,3,Loyal Customers
16956.0,0,Potential Customers
16957.0,0,Potential Customers
16958.0,1,At Risk Customers
16959.0,0,Potential Customers
16960.0,3,Loyal Customers
16961.0,0,Potential Customers
16962.0,1,At Risk Customers
16963.0,0,Potential Customers
16964.0,1,At Risk Customers
16965.0,0,Potential Customers
16966.0,3,Loyal Customers
16967.0,0,Potential Customers
16968.0,0,Potential Customers
16969.0,0,Potential Customers
16970.0,1,At Risk Customers
16971.0,0,Potential Customers
16972.0,1,At Risk Customers
16973.0,1,At Risk Customers
16974.0,1,At Risk Customers
16975.0,1,At Risk Customers
16976.0,0,Potential Customers
16977.0,1,At Risk Customers
16978.0,0,Potential Customers
16979.0,3,Loyal Customers
16980.0,3,Loyal Customers
16982.0,0,Potential Customers
16983.0,2,Champions
16984.0,2,Champions
16985.0,2,Champions
16986.0,2,Champions
16987.0,3,Loyal Customers
16988.0,0,Potential Customers
16989.0,3,Loyal Customers
16990.0,0,Potential Customers
16991.0,1,At Risk Customers
16992.0,2,Champions
16993.0,1,At Risk Customers
16996.0,3,Loyal Customers
16997.0,0,Potential Customers
16998.0,0,Potential Customers
16999.0,0,Potential Customers
17000.0,1,At Risk Customers
17001.0,2,Champions
17002.0,3,Loyal Customers
17003.0,1,At Risk Customers
17004.0,3,Loyal Customers
17005.0,1,At Risk Customers
17006.0,3,Loyal Customers
17007.0,3,Loyal Customers
17008.0,1,At Risk Customers
17009.0,1,At Risk Customers
17010.0,0,Potential Customers
17011.0,0,Potential Customers
17012.0,1,At Risk Customers
17014.0,0,Potential Customers
17015.0,3,Loyal Customers
17016.0,1,At Risk Customers
17017.0,2,Champions
17018.0,3,Loyal Customers
17019.0,2,Champions
17020.0,1,At Risk Customers
17021.0,1,At Risk Customers
17022.0,0,Potential Customers
17023.0,1,At Risk Customers
17024.0,0,Potential Customers
17025.0,3,Loyal Customers
17026.0,0,Potential Customers
17027.0,3,Loyal Customers
17028.0,1,At Risk Customers
17029.0,3,Loyal Customers
17030.0,0,Potential Customers
17031.0,3,Loyal Customers
17032.0,3,Loyal Customers
17033.0,3,Loyal Customers
17034.0,3,Loyal Customers
17035.0,3,Loyal Customers
17036.0,1,At Risk Customers
17037.0,0,Potential Customers
17038.0,0,Potential Customers
17039.0,1,At Risk Customers
17040.0,0,Potential Customers
17041.0,3,Loyal Customers
17042.0,3,Loyal Customers
17043.0,3,Loyal Customers
17044.0,2,Champions
17045.0,3,Loyal Customers
17046.0,3,Loyal Customers
17047.0,3,Loyal Customers
17048.0,3,Loyal Customers
17049.0,2,Champions
17050.0,2,Champions
17051.0,3,Loyal Customers
17052.0,0,Potential Customers
17053.0,0,Potential Customers
17054.0,3,Loyal Customers
17055.0,1,At Risk Customers
17056.0,1,At Risk Customers
17057.0,1,At Risk Customers
17058.0,3,Loyal Customers
17059.0,2,Champions
17060.0,0,Potential Customers
17061.0,2,Champions
17062.0,3,Loyal Customers
17063.0,2,Champions
17064.0,0,Potential Customers
17065.0,1,At Risk Customers
17066.0,1,At Risk Customers
17067.0,1,At Risk Customers
17068.0,2,Champions
17069.0,2,Champions
17070.0,0,Potential Customers
17071.0,2,Champions
17072.0,1,At Risk Customers
17073.0,3,Loyal Customers
17074.0,1,At Risk Customers
17075.0,3,Loyal Customers
17076.0,3,Loyal Customers
17077.0,1,At Risk Customers
17078.0,0,Potential Customers
17079.0,0,Potential Customers
17080.0,3,Loyal Customers
17081.0,3,Loyal Customers
17082.0,3,Loyal Customers
17083.0,3,Loyal Customers
17084.0,3,Loyal Customers
17085.0,2,Champions
17086.0,3,Loyal Customers
17087.0,1,At Risk Customers
17088.0,3,Loyal Customers
17089.0,1,At Risk Customers
17090.0,2,Champions
17091.0,2,Champions
17092.0,2,Champions
17093.0,1,At Risk Customers
17094.0,1,At Risk Customers
17095.0,3,Loyal Customers
17096.0,2,Champions
17097.0,3,Loyal Customers
17098.0,1,At Risk Customers
17099.0,1,At Risk Customers
17100.0,0,Potential Customers
17101.0,3,Loyal Customers
17102.0,0,Potential Customers
17103.0,1,At Risk Customers
17104.0,1,At Risk Customers
17105.0,0,Potential Customers
17106.0,1,At Risk Customers
17107.0,2,Champions
17108.0,1,At Risk Customers
17109.0,3,Loyal Customers
17110.0,0,Potential Customers
17111.0,0,Potential Customers
17112.0,1,At Risk Customers
17113.0,1,At Risk Customers
17114.0,3,Loyal Customers
17115.0,3,Loyal Customers
17116.0,1,At Risk Customers
17117.0,1,At Risk Customers
17118.0,1,At Risk Customers
17119.0,0,Potential Customers
17120.0,0,Potential Customers
17121.0,1,At Risk Customers
17122.0,0,Potential Customers
17123.0,3,Loyal Customers
17124.0,0,Potential Customers
17125.0,0,Potential Customers
17126.0,3,Loyal Customers
17127.0,1,At Risk Customers
17128.0,1,At Risk Customers
17129.0,1,At Risk Customers
17131.0,3,Loyal Customers
17132.0,1,At Risk Customers
17133.0,2,Champions
17134.0,0,Potential Customers
17135.0,3,Loyal Customers
17136.0,1,At Risk Customers
17137.0,3,Loyal Customers
17138.0,3,Loyal Customers
17139.0,2,Champions
17140.0,0,Potential Customers
17141.0,1,At Risk Customers
17142.0,3,Loyal Customers
17143.0,1,At Risk Customers
17144.0,0,Potential Customers
17145.0,1,At Risk Customers
17146.0,2,Champions
17147.0,3,Loyal Customers
17148.0,0,Potential Customers
17149.0,1,At Risk Customers
17150.0,3,Loyal Customers
17151.0,1,At Risk Customers
17152.0,3,Loyal Customers
17153.0,0,Potential Customers
17154.0,0,Potential Customers
17155.0,3,Loyal Customers
17156.0,1,At Risk Customers
17157.0,2,Champions
17158.0,3,Loyal Customers
17159.0,3,Loyal Customers
17160.0,2,Champions
17161.0,1,At Risk Customers
17162.0,3,Loyal Customers
17163.0,3,Loyal Customers
17164.0,3,Loyal Customers
17165.0,3,Loyal Customers
17166.0,0,Potential Customers
17167.0,1,At Risk Customers
17168.0,1,At Risk Customers
17169.0,3,Loyal Customers
17170.0,1,At Risk Customers
17171.0,0,Potential Customers
17172.0,3,Loyal Customers
17173.0,3,Loyal Customers
17174.0,0,Potential Customers
17175.0,3,Loyal Customers
17176.0,3,Loyal Customers
17177.0,1,At Risk Customers
17178.0,1,At Risk Customers
17179.0,3,Loyal Customers
17180.0,3,Loyal Customers
17181.0,0,Potential Customers
17182.0,1,At Risk Customers
17183.0,3,Loyal Customers
17184.0,1,At Risk Customers
17185.0,1,At Risk Customers
17186.0,0,Potential Customers
17187.0,0,Potential Customers
17188.0,2,Champions
17189.0,3,Loyal Customers
17190.0,3,Loyal Customers
17191.0,2,Champions
17192.0,1,At Risk Customers
17193.0,3,Loyal Customers
17194.0,0,Potential Customers
17195.0,1,At Risk Customers
17196.0,1,At Risk Customers
17197.0,0,Potential Customers
17198.0,0,Potential Customers
17199.0,1,At Risk Customers
17200.0,1,At Risk Customers
17201.0,3,Loyal Customers
17202.0,1,At Risk Customers
17203.0,2,Champions
17204.0,3,Loyal Customers
17205.0,3,Loyal Customers
17206.0,0,Potential Customers
17207.0,1,At Risk Customers
17208.0,1,At Risk Customers
17209.0,1,At Risk Customers
17210.0,1,At Risk Customers
17211.0,2,Champions
17212.0,0,Potential Customers
17213.0,2,Champions
17214.0,3,Loyal Customers
17215.0,1,At Risk Customers
17216.0,1,At Risk Customers
17217.0,0,Potential Customers
17218.0,2,Champions
17219.0,0,Potential Customers
17220.0,2,Champions
17221.0,3,Loyal Customers
17222.0,3,Loyal Customers
17223.0,1,At Risk Customers
17224.0,1,At Risk Customers
17225.0,1,At Risk Customers
17226.0,3,Loyal Customers
17227.0,3,Loyal Customers
17228.0,2,Champions
17229.0,0,Potential Customers
17230.0,2,Champions
17231.0,2,Champions
17232.0,0,Potential Customers
17233.0,0,Potential Customers
17234.0,0,Potential Customers
17235.0,3,Loyal Customers
17236.0,3,Loyal Customers
17237.0,3,Loyal Customers
17238.0,2,Champions
17239.0,3,Loyal Customers
17240.0,1,At Risk Customers
17241.0,3,Loyal Customers
17242.0,3,Loyal Customers
17243.0,2,Champions
17244.0,3,Loyal Customers
17245.0,0,Potential Customers
17246.0,1,At Risk Customers
17247.0,0,Potential Customers
17248.0,0,Potential Customers
17249.0,1,At Risk Customers
17250.0,0,Potential Customers
17251.0,1,At Risk Customers
17252.0,0,Potential Customers
17253.0,0,Potential Customers
17254.0,0,Potential Customers
17255.0,3,Loyal Customers
17256.0,3,Loyal Customers
17257.0,1,At Risk Customers
17258.0,1,At Risk Customers
17259.0,3,Loyal Customers
17260.0,1,At Risk Customers
17261.0,1,At Risk Customers
17262.0,3,Loyal Customers
17263.0,0,Potential Customers
17264.0,1,At Risk Customers
17265.0,0,Potential Customers
17266.0,3,Loyal Customers
17267.0,0,Potential Customers
17268.0,3,Loyal Customers
17269.0,1,At Risk Customers
17270.0,1,At Risk Customers
17271.0,1,At Risk Customers
17272.0,3,Loyal Customers
17273.0,1,At Risk Customers
17274.0,0,Potential Customers
17275.0,1,At Risk Customers
17276.0,1,At Risk Customers
17277.0,0,Potential Customers
17278.0,0,Potential Customers
17279.0,0,Potential Customers
17280.0,1,At Risk Customers
17281.0,3,Loyal Customers
17282.0,3,Loyal Customers
17283.0,1,At Risk Customers
17284.0,3,Loyal Customers
17285.0,1,At Risk Customers
17286.0,0,Potential Customers
17287.0,2,Champions
17288.0,3,Loyal Customers
17289.0,3,Loyal Customers
17290.0,3,Loyal Customers
17291.0,1,At Risk Customers
17292.0,1,At Risk Customers
17293.0,2,Champions
17294.0,1,At Risk Customers
17295.0,0,Potential Customers
17296.0,1,At Risk Customers
17297.0,0,Potential Customers
17298.0,3,Loyal Customers
17299.0,3,Loyal Customers
17300.0,1,At Risk Customers
17301.0,0,Potential Customers
17302.0,3,Loyal Customers
17303.0,1,At Risk Customers
17304.0,1,At Risk Customers
17305.0,1,At Risk Customers
17306.0,2,Champions
17307.0,3,Loyal Customers
17308.0,3,Loyal Customers
17309.0,0,Potential Customers
17310.0,1,At Risk Customers
17311.0,3,Loyal Customers
17312.0,0,Potential Customers
17313.0,0,Potential Customers
17314.0,2,Champions
17315.0,2,Champions
17316.0,1,At Risk Customers
17317.0,3,Loyal Customers
17318.0,1,At Risk Customers
17319.0,1,At Risk Customers
17320.0,3,Loyal Customers
17321.0,3,Loyal Customers
17322.0,3,Loyal Customers
17323.0,3,Loyal Customers
17324.0,3,Loyal Customers
17325.0,0,Potential Customers
17326.0,1,At Risk Customers
17327.0,1,At Risk Customers
17328.0,1,At Risk Customers
17329.0,3,Loyal Customers
17330.0,0,Potential Customers
17331.0,0,Potential Customers
17332.0,1,At Risk Customers
17333.0,0,Potential Customers
17334.0,0,Potential Customers
17335.0,1,At Risk Customers
17336.0,1,At Risk Customers
17337.0,3,Loyal Customers
17338.0,2,Champions
17339.0,0,Potential Customers
17340.0,2,Champions
17341.0,3,Loyal Customers
17342.0,1,At Risk Customers
17343.0,3,Loyal Customers
17344.0,0,Potential Customers
17345.0,3,Loyal Customers
17346.0,2,Champions
17347.0,0,Potential Customers
17348.0,3,Loyal Customers
17349.0,3,Loyal Customers
17350.0,3,Loyal Customers
17351.0,3,Loyal Customers
17352.0,1,At Risk Customers
17353.0,3,Loyal Customers
17354.0,3,Loyal Customers
17355.0,1,At Risk Customers
17356.0,3,Loyal Customers
17357.0,0,Potential Customers
17358.0,3,Loyal Customers
17359.0,0,Potential Customers
17360.0,3,Loyal Customers
17361.0,3,Loyal Customers
17362.0,3,Loyal Customers
17363.0,1,At Risk Customers
17364.0,2,Champions
17365.0,2,Champions
17366.0,1,At Risk Customers
17367.0,0,Potential Customers
17368.0,2,Champions
17369.0,1,At Risk Customers
17370.0,0,Potential Customers
17371.0,3,Loyal Customers
17372.0,2,Champions
17373.0,3,Loyal Customers
17374.0,0,Potential Customers
17375.0,3,Loyal Customers
17376.0,0,Potential Customers
17377.0,2,Champions
17378.0,1,At Risk Customers
17379.0,0,Potential Customers
17380.0,1,At Risk Customers
17381.0,2,Champions
17382.0,3,Loyal Customers
17383.0,0,Potential Customers
17384.0,0,Potential Customers
17385.0,0,Potential Customers
17386.0,3,Loyal Customers
17387.0,0,Potential Customers
17388.0,3,Loyal Customers
17389.0,2,Champions
17390.0,1,At Risk Customers
17391.0,0,Potential Customers
17392.0,1,At Risk Customers
17393.0,1,At Risk Customers
17394.0,0,Potential Customers
17395.0,1,At Risk Customers
17396.0,2,Champions
17397.0,3,Loyal Customers
17398.0,0,Potential Customers
17400.0,3,Loyal Customers
17401.0,1,At Risk Customers
17402.0,2,Champions
17403.0,0,Potential Customers
17404.0,2,Champions
17405.0,3,Loyal Customers
17406.0,2,Champions
17407.0,1,At Risk Customers
17408.0,0,Potential Customers
17409.0,2,Champions
17410.0,3,Loyal Customers
17411.0,3,Loyal Customers
17412.0,2,Champions
17413.0,1,At Risk Customers
17414.0,3,Loyal Customers
17415.0,0,Potential Customers
17416.0,2,Champions
17417.0,1,At Risk Customers
17418.0,0,Potential Customers
17419.0,2,Champions
17420.0,3,Loyal Customers
17421.0,1,At Risk Customers
17422.0,2,Champions
17423.0,3,Loyal Customers
17425.0,0,Potential Customers
17426.0,2,Champions
17427.0,0,Potential Customers
17428.0,2,Champions
17429.0,3,Loyal Customers
17430.0,3,Loyal Customers
17431.0,1,At Risk Customers
17432.0,3,Loyal Customers
17433.0,0,Potential Customers
17434.0,3,Loyal Customers
17435.0,1,At Risk Customers
17436.0,3,Loyal Customers
17437.0,1,At Risk Customers
17438.0,3,Loyal Customers
17439.0,1,At Risk Customers
17440.0,0,Potential Customers
17441.0,1,At Risk Customers
17442.0,2,Champions
17443.0,0,Potential Customers
17444.0,3,Loyal Customers
17446.0,0,Potential Customers
17447.0,0,Potential Customers
17448.0,2,Champions
17449.0,2,Champions
17450.0,2,Champions
17451.0,3,Loyal Customers
17453.0,0,Potential Customers
17454.0,3,Loyal Customers
17455.0,0,Potential Customers
17456.0,1,At Risk Customers
17457.0,2,Champions
17458.0,0,Potential Customers
17459.0,0,Potential Customers
17460.0,2,Champions
17461.0,0,Potential Customers
17462.0,0,Potential Customers
17463.0,3,Loyal Customers
17464.0,3,Loyal Customers
17465.0,3,Loyal Customers
17466.0,0,Potential Customers
17467.0,1,At Risk Customers
17468.0,0,Potential Customers
17469.0,2,Champions
17470.0,3,Loyal Customers
17471.0,1,At Risk Customers
17472.0,3,Loyal Customers
17473.0,1,At Risk Customers
17474.0,1,At Risk Customers
17475.0,0,Potential Customers
17476.0,1,At Risk Customers
17477.0,1,At Risk Customers
17478.0,1,At Risk Customers
17479.0,1,At Risk Customers
17480.0,0,Potential Customers
17481.0,3,Loyal Customers
17482.0,1,At Risk Customers
17483.0,0,Potential Customers
17484.0,1,At Risk Customers
17486.0,0,Potential Customers
17487.0,1,At Risk Customers
17488.0,1,At Risk Customers
17489.0,0,Potential Customers
17490.0,3,Loyal Customers
17491.0,2,Champions
17492.0,3,Loyal Customers
17493.0,1,At Risk Customers
17494.0,1,At Risk Customers
17495.0,0,Potential Customers
17496.0,3,Loyal Customers
17497.0,1,At Risk Customers
17498.0,0,Potential Customers
17499.0,0,Potential Customers
17500.0,3,Loyal Customers
17501.0,0,Potential Customers
17502.0,3,Loyal Customers
17503.0,0,Potential Customers
17504.0,2,Champions
17505.0,3,Loyal Customers
17506.0,0,Potential Customers
17507.0,0,Potential Customers
17508.0,3,Loyal Customers
17509.0,2,Champions
17510.0,0,Potential Customers
17511.0,2,Champions
17512.0,2,Champions
17513.0,3,Loyal Customers
17514.0,0,Potential Customers
17515.0,3,Loyal Customers
17516.0,3,Loyal Customers
17517.0,1,At Risk Customers
17518.0,1,At Risk Customers
17519.0,2,Champions
17520.0,0,Potential Customers
17521.0,3,Loyal Customers
17522.0,3,Loyal Customers
17523.0,3,Loyal Customers
17524.0,1,At Risk Customers
17525.0,1,At Risk Customers
17526.0,2,Champions
17527.0,3,Loyal Customers
17528.0,3,Loyal Customers
17529.0,1,At Risk Customers
17530.0,2,Champions
17531.0,3,Loyal Customers
17532.0,1,At Risk Customers
17533.0,1,At Risk Customers
17534.0,3,Loyal Customers
17535.0,0,Potential Customers
17536.0,0,Potential Customers
17537.0,0,Potential Customers
17538.0,0,Potential Customers
17539.0,1,At Risk Customers
17540.0,3,Loyal Customers
17541.0,1,At Risk Customers
17542.0,0,Potential Customers
17543.0,1,At Risk Customers
17544.0,1,At Risk Customers
17545.0,3,Loyal Customers
17547.0,1,At Risk Customers
17548.0,3,Loyal Customers
17549.0,0,Potential Customers
17550.0,3,Loyal Customers
17551.0,1,At Risk Customers
17552.0,2,Champions
17553.0,3,Loyal Customers
17554.0,3,Loyal Customers
17555.0,3,Loyal Customers
17556.0,0,Potential Customers
17557.0,0,Potential Customers
17558.0,1,At Risk Customers
17559.0,1,At Risk Customers
17560.0,3,Loyal Customers
17561.0,3,Loyal Customers
17562.0,3,Loyal Customers
17563.0,1,At Risk Customers
17564.0,0,Potential Customers
17565.0,1,At Risk Customers
17566.0,0,Potential Customers
17567.0,2,Champions
17568.0,1,At Risk Customers
17569.0,1,At Risk Customers
17570.0,1,At Risk Customers
17571.0,3,Loyal Customers
17572.0,3,Loyal Customers
17573.0,0,Potential Customers
17574.0,0,Potential Customers
17575.0,1,At Risk Customers
17576.0,2,Champions
17577.0,1,At Risk Customers
17578.0,3,Loyal Customers
17579.0,3,Loyal Customers
17580.0,3,Loyal Customers
17581.0,2,Champions
17582.0,3,Loyal Customers
17583.0,1,At Risk Customers
17584.0,3,Loyal Customers
17585.0,3,Loyal Customers
17586.0,1,At Risk Customers
17587.0,1,At Risk Customers
17588.0,3,Loyal Customers
17589.0,2,Champions
17590.0,3,Loyal Customers
17591.0,3,Loyal Customers
17592.0,1,At Risk Customers
17593.0,2,Champions
17594.0,3,Loyal Customers
17595.0,0,Potential Customers
17596.0,2,Champions
17597.0,3,Loyal Customers
17598.0,1,At Risk Customers
17599.0,1,At Risk Customers
17600.0,0,Potential Customers
17601.0,0,Potential Customers
17602.0,2,Champions
17603.0,3,Loyal Customers
17604.0,3,Loyal Customers
17605.0,1,At Risk Customers
17606.0,1,At Risk Customers
17607.0,1,At Risk Customers
17608.0,0,Potential Customers
17609.0,3,Loyal Customers
17610.0,1,At Risk Customers
17611.0,2,Champions
17612.0,2,Champions
17613.0,2,Champions
17614.0,0,Potential Customers
17615.0,3,Loyal Customers
17616.0,3,Loyal Customers
17617.0,1,At Risk Customers
17618.0,2,Champions
17619.0,1,At Risk Customers
17620.0,0,Potential Customers
17621.0,3,Loyal Customers
17622.0,1,At Risk Customers
17623.0,3,Loyal Customers
17624.0,3,Loyal Customers
17625.0,2,Champions
17626.0,1,At Risk Customers
17627.0,1,At Risk Customers
17628.0,0,Potential Customers
17629.0,3,Loyal Customers
17630.0,0,Potential Customers
17631.0,3,Loyal Customers
17633.0,3,Loyal Customers
17634.0,3,Loyal Customers
17635.0,1,At Risk Customers
17636.0,0,Potential Customers
17637.0,0,Potential Customers
17638.0,1,At Risk Customers
17639.0,3,Loyal Customers
17640.0,3,Loyal Customers
17642.0,3,Loyal Customers
17643.0,1,At Risk Customers
17644.0,2,Champions
17646.0,2,Champions
17647.0,0,Potential Customers
17648.0,3,Loyal Customers
17649.0,3,Loyal Customers
17650.0,0,Potential Customers
17651.0,2,Champions
17652.0,2,Champions
17653.0,3,Loyal Customers
17654.0,0,Potential Customers
17655.0,3,Loyal Customers
17656.0,3,Loyal Customers
17657.0,1,At Risk Customers
17658.0,0,Potential Customers
17659.0,2,Champions
17660.0,0,Potential Customers
17662.0,1,At Risk Customers
17663.0,2,Champions
17664.0,3,Loyal Customers
17665.0,1,At Risk Customers
17666.0,3,Loyal Customers
17667.0,3,Loyal Customers
17668.0,0,Potential Customers
17669.0,2,Champions
17670.0,0,Potential Customers
17671.0,3,Loyal Customers
17672.0,3,Loyal Customers
17673.0,2,Champions
17674.0,0,Potential Customers
17675.0,2,Champions
17676.0,3,Loyal Customers
17677.0,2,Champions
17678.0,0,Potential Customers
17679.0,3,Loyal Customers
17680.0,0,Potential Customers
17681.0,1,At Risk Customers
17682.0,2,Champions
17683.0,1,At Risk Customers
17684.0,0,Potential Customers
17685.0,2,Champions
17686.0,2,Champions
17687.0,1,At Risk Customers
17688.0,1,At Risk Customers
17689.0,1,At Risk Customers
17690.0,2,Champions
17691.0,1,At Risk Customers
17692.0,3,Loyal Customers
17693.0,0,Potential Customers
17694.0,3,Loyal Customers
17695.0,3,Loyal Customers
17696.0,2,Champions
17697.0,0,Potential Customers
17698.0,0,Potential Customers
17699.0,1,At Risk Customers
17700.0,2,Champions
17701.0,0,Potential Customers
17702.0,3,Loyal Customers
17703.0,3,Loyal Customers
17704.0,0,Potential Customers
17705.0,3,Loyal Customers
17706.0,2,Champions
17707.0,3,Loyal Customers
17708.0,3,Loyal Customers
17709.0,3,Loyal Customers
17710.0,1,At Risk Customers
17711.0,0,Potential Customers
17712.0,0,Potential Customers
17713.0,1,At Risk Customers
17714.0,3,Loyal Customers
17715.0,0,Potential Customers
17716.0,2,Champions
17717.0,1,At Risk Customers
17718.0,0,Potential Customers
17719.0,2,Champions
17720.0,3,Loyal Customers
17721.0,1,At Risk Customers
17722.0,3,Loyal Customers
17723.0,3,Loyal Customers
17724.0,3,Loyal Customers
17725.0,2,Champions
17726.0,3,Loyal Customers
17727.0,0,Potential Customers
17728.0,3,Loyal Customers
17729.0,1,At Risk Customers
17730.0,2,Champions
17731.0,3,Loyal Customers
17732.0,3,Loyal Customers
17733.0,0,Potential Customers
17734.0,3,Loyal Customers
17735.0,2,Champions
17736.0,0,Potential Customers
17737.0,0,Potential Customers
17738.0,2,Champions
17739.0,2,Champions
17740.0,1,At Risk Customers
17741.0,1,At Risk Customers
17742.0,3,Loyal Customers
17743.0,1,At Risk Customers
17744.0,3,Loyal Customers
17745.0,1,At Risk Customers
17746.0,3,Loyal Customers
17747.0,0,Potential Customers
17748.0,1,At Risk Customers
17749.0,3,Loyal Customers
17750.0,3,Loyal Customers
17751.0,1,At Risk Customers
17752.0,1,At Risk Customers
17753.0,1,At Risk Customers
17754.0,2,Champions
17756.0,1,At Risk Customers
17757.0,2,Champions
17758.0,2,Champions
17759.0,3,Loyal Customers
17760.0,3,Loyal Customers
17761.0,0,Potential Customers
17762.0,1,At Risk Customers
17763.0,0,Potential Customers
17764.0,3,Loyal Customers
17765.0,0,Potential Customers
17766.0,1,At Risk Customers
17767.0,0,Potential Customers
17768.0,3,Loyal Customers
17769.0,2,Champions
17770.0,3,Loyal Customers
17771.0,0,Potential Customers
17772.0,0,Potential Customers
17773.0,1,At Risk Customers
17774.0,3,Loyal Customers
17775.0,0,Potential Customers
17776.0,1,At Risk Customers
17777.0,0,Potential Customers
17778.0,1,At Risk Customers
17779.0,0,Potential Customers
17780.0,1,At Risk Customers
17781.0,0,Potential Customers
17782.0,1,At Risk Customers
17783.0,0,Potential Customers
17784.0,1,At Risk Customers
17785.0,0,Potential Customers
17786.0,0,Potential Customers
17787.0,3,Loyal Customers
17788.0,0,Potential Customers
17789.0,0,Potential Customers
17790.0,2,Champions
17791.0,0,Potential Customers
17792.0,1,At Risk Customers
17793.0,0,Potential Customers
17794.0,1,At Risk Customers
17795.0,0,Potential Customers
17796.0,3,Loyal Customers
17797.0,3,Loyal Customers
17798.0,1,At Risk Customers
17799.0,2,Champions
17800.0,3,Loyal Customers
17801.0,1,At Risk Customers
17802.0,2,Champions
17803.0,1,At Risk Customers
17804.0,1,At Risk Customers
17805.0,0,Potential Customers
17806.0,0,Potential Customers
17807.0,1,At Risk Customers
17808.0,1,At Risk Customers
17809.0,2,Champions
17810.0,1,At Risk Customers
17811.0,2,Champions
17812.0,3,Loyal Customers
17813.0,3,Loyal Customers
17814.0,1,At Risk Customers
17815.0,1,At Risk Customers
17816.0,0,Potential Customers
17817.0,3,Loyal Customers
17818.0,1,At Risk Customers
17819.0,2,Champions
17820.0,1,At Risk Customers
17821.0,1,At Risk Customers
17822.0,3,Loyal Customers
17823.0,1,At Risk Customers
17824.0,0,Potential Customers
17825.0,1,At Risk Customers
17826.0,1,At Risk Customers
17827.0,3,Loyal Customers
17828.0,3,Loyal Customers
17829.0,3,Loyal Customers
17830.0,0,Potential Customers
17831.0,0,Potential Customers
17832.0,0,Potential Customers
17833.0,1,At Risk Customers
17834.0,1,At Risk Customers
17835.0,0,Potential Customers
17836.0,0,Potential Customers
17837.0,3,Loyal Customers
17838.0,2,Champions
17839.0,0,Potential Customers
17840.0,1,At Risk Customers
17841.0,2,Champions
17842.0,1,At Risk Customers
17843.0,1,At Risk Customers
17844.0,0,Potential Customers
17845.0,1,At Risk Customers
17846.0,0,Potential Customers
17847.0,1,At Risk Customers
17848.0,2,Champions
17849.0,3,Loyal Customers
17850.0,2,Champions
17851.0,3,Loyal Customers
17852.0,3,Loyal Customers
17853.0,1,At Risk Customers
17854.0,3,Loyal Customers
17855.0,1,At Risk Customers
17856.0,3,Loyal Customers
17857.0,2,Champions
17858.0,2,Champions
17859.0,1,At Risk Customers
17860.0,1,At Risk Customers
17861.0,2,Champions
17862.0,3,Loyal Customers
17863.0,2,Champions
17864.0,3,Loyal Customers
17865.0,2,Champions
17866.0,3,Loyal Customers
17867.0,3,Loyal Customers
17868.0,1,At Risk Customers
17869.0,3,Loyal Customers
17870.0,2,Champions
17871.0,3,Loyal Customers
17872.0,1,At Risk Customers
17873.0,2,Champions
17874.0,3,Loyal Customers
17875.0,1,At Risk Customers
17876.0,3,Loyal Customers
17877.0,0,Potential Customers
17878.0,3,Loyal Customers
17879.0,0,Potential Customers
17880.0,1,At Risk Customers
17881.0,1,At Risk Customers
17882.0,1,At Risk Customers
17883.0,3,Loyal Customers
17884.0,2,Champions
17885.0,0,Potential Customers
17886.0,3,Loyal Customers
17887.0,0,Potential Customers
17888.0,2,Champions
17889.0,3,Loyal Customers
17890.0,1,At Risk Customers
17891.0,0,Potential Customers
17892.0,0,Potential Customers
17893.0,0,Potential Customers
17894.0,2,Champions
17895.0,0,Potential Customers
17896.0,0,Potential Customers
17897.0,3,Loyal Customers
17898.0,0,Potential Customers
17899.0,0,Potential Customers
17900.0,0,Potential Customers
17901.0,0,Potential Customers
17902.0,1,At Risk Customers
17903.0,1,At Risk Customers
17904.0,0,Potential Customers
17905.0,3,Loyal Customers
17906.0,0,Potential Customers
17907.0,1,At Risk Customers
17908.0,3,Loyal Customers
17909.0,1,At Risk Customers
17910.0,1,At Risk Customers
17911.0,0,Potential Customers
17912.0,3,Loyal Customers
17913.0,2,Champions
17914.0,0,Potential Customers
17915.0,1,At Risk Customers
17916.0,1,At Risk Customers
17917.0,0,Potential Customers
17918.0,1,At Risk Customers
17919.0,3,Loyal Customers
17920.0,2,Champions
17921.0,3,Loyal Customers
17922.0,1,At Risk Customers
17923.0,0,Potential Customers
17924.0,3,Loyal Customers
17925.0,1,At Risk Customers
17926.0,3,Loyal Customers
17927.0,1,At Risk Customers
17928.0,0,Potential Customers
17929.0,2,Champions
17930.0,2,Champions
17931.0,2,Champions
17932.0,3,Loyal Customers
17933.0,1,At Risk Customers
17934.0,3,Loyal Customers
17935.0,3,Loyal Customers
17936.0,0,Potential Customers
17937.0,3,Loyal Customers
17938.0,1,At Risk Customers
17939.0,0,Potential Customers
17940.0,2,Champions
17941.0,3,Loyal Customers
17942.0,0,Potential Customers
17944.0,1,At Risk Customers
17945.0,1,At Risk Customers
17946.0,0,Potential Customers
17947.0,0,Potential Customers
17948.0,0,Potential Customers
17949.0,2,Champions
17950.0,3,Loyal Customers
17951.0,3,Loyal Customers
17952.0,1,At Risk Customers
17953.0,1,At Risk Customers
17954.0,2,Champions
17955.0,3,Loyal Customers
17956.0,0,Potential Customers
17957.0,0,Potential Customers
17958.0,0,Potential Customers
17959.0,1,At Risk Customers
17960.0,0,Potential Customers
17961.0,2,Champions
17962.0,3,Loyal Customers
17963.0,1,At Risk Customers
17964.0,0,Potential Customers
17965.0,2,Champions
17966.0,3,Loyal Customers
17967.0,1,At Risk Customers
17968.0,1,At Risk Customers
17969.0,2,Champions
17970.0,0,Potential Customers
17971.0,1,At Risk Customers
17972.0,0,Potential Customers
17973.0,0,Potential Customers
17974.0,3,Loyal Customers
17975.0,2,Champions
17976.0,1,At Risk Customers
17977.0,3,Loyal Customers
17978.0,3,Loyal Customers
17979.0,3,Loyal Customers
17980.0,3,Loyal Customers
17981.0,1,At Risk Customers
17982.0,1,At Risk Customers
17983.0,1,At Risk Customers
17984.0,3,Loyal Customers
17985.0,0,Potential Customers
17986.0,0,Potential Customers
17987.0,3,Loyal Customers
17988.0,3,Loyal Customers
17989.0,1,At Risk Customers
17990.0,3,Loyal Customers
17991.0,0,Potential Customers
17992.0,1,At Risk Customers
17993.0,1,At Risk Customers
17994.0,3,Loyal Customers
17995.0,0,Potential Customers
17996.0,1,At Risk Customers
17997.0,3,Loyal Customers
17998.0,1,At Risk Customers
17999.0,0,Potential Customers
18000.0,1,At Risk Customers
18001.0,3,Loyal Customers
18002.0,1,At Risk Customers
18003.0,1,At Risk Customers
18004.0,1,At Risk Customers
18005.0,0,Potential Customers
18006.0,3,Loyal Customers
18007.0,1,At Risk Customers
18008.0,2,Champions
18009.0,3,Loyal Customers
18010.0,0,Potential Customers
18011.0,1,At Risk Customers
18012.0,1,At Risk Customers
18013.0,0,Potential Customers
18014.0,0,Potential Customers
18015.0,0,Potential Customers
18016.0,3,Loyal Customers
18017.0,3,Loyal Customers
18018.0,0,Potential Customers
18019.0,0,Potential Customers
18020.0,1,At Risk Customers
18021.0,1,At Risk Customers
18022.0,3,Loyal Customers
18024.0,0,Potential Customers
18025.0,3,Loyal Customers
18026.0,1,At Risk Customers
18027.0,0,Potential Customers
18028.0,1,At Risk Customers
18029.0,1,At Risk Customers
18030.0,0,Potential Customers
18031.0,1,At Risk Customers
18032.0,1,At Risk Customers
18033.0,0,Potential Customers
18034.0,0,Potential Customers
18035.0,3,Loyal Customers
18036.0,3,Loyal Customers
18037.0,3,Loyal Customers
18038.0,1,At Risk Customers
18039.0,1,At Risk Customers
18040.0,0,Potential Customers
18041.0,2,Champions
18042.0,0,Potential Customers
18043.0,0,Potential Customers
18044.0,2,Champions
18045.0,0,Potential Customers
18046.0,1,At Risk Customers
18047.0,1,At Risk Customers
18048.0,0,Potential Customers
18049.0,1,At Risk Customers
18050.0,1,At Risk Customers
18051.0,1,At Risk Customers
18052.0,1,At Risk Customers
18053.0,0,Potential Customers
18054.0,1,At Risk Customers
18055.0,2,Champions
18056.0,0,Potential Customers
18057.0,1,At Risk Customers
18058.0,0,Potential Customers
18059.0,0,Potential Customers
18060.0,1,At Risk Customers
18061.0,2,Champions
18062.0,3,Loyal Customers
18063.0,1,At Risk Customers
18064.0,2,Champions
18065.0,2,Champions
18066.0,3,Loyal Customers
18067.0,0,Potential Customers
18068.0,1,At Risk Customers
18069.0,2,Champions
18070.0,1,At Risk Customers
18071.0,3,Loyal Customers
18072.0,0,Potential Customers
18073.0,2,Champions
18074.0,1,At Risk Customers
18075.0,2,Champions
18076.0,1,At Risk Customers
18077.0,2,Champions
18078.0,3,Loyal Customers
18079.0,3,Loyal Customers
18080.0,0,Potential Customers
18081.0,0,Potential Customers
18082.0,0,Potential Customers
18083.0,1,At Risk Customers
18084.0,0,Potential Customers
18085.0,3,Loyal Customers
18086.0,0,Potential Customers
18087.0,2,Champions
18088.0,0,Potential Customers
18089.0,1,At Risk Customers
18090.0,1,At Risk Customers
18091.0,1,At Risk Customers
18092.0,2,Champions
18093.0,3,Loyal Customers
18094.0,2,Champions
18095.0,3,Loyal Customers
18096.0,3,Loyal Customers
18097.0,2,Champions
18098.0,1,At Risk Customers
18099.0,0,Potential Customers
18100.0,1,At Risk Customers
18101.0,3,Loyal Customers
18102.0,2,Champions
18103.0,1,At Risk Customers
18104.0,0,Potential Customers
18105.0,0,Potential Customers
18106.0,3,Loyal Customers
18107.0,1,At Risk Customers
18108.0,0,Potential Customers
18109.0,2,Champions
18110.0,0,Potential Customers
18111.0,1,At Risk Customers
18112.0,3,Loyal Customers
18113.0,1,At Risk Customers
18114.0,0,Potential Customers
18115.0,1,At Risk Customers
18116.0,3,Loyal Customers
18117.0,0,Potential Customers
18118.0,2,Champions
18119.0,1,At Risk Customers
18120.0,0,Potential Customers
18121.0,0,Potential Customers
18122.0,3,Loyal Customers
18123.0,0,Potential Customers
18124.0,1,At Risk Customers
18125.0,3,Loyal Customers
18126.0,0,Potential Customers
18127.0,0,Potential Customers
18128.0,1,At Risk Customers
18129.0,0,Potential Customers
18130.0,3,Loyal Customers
18131.0,1,At Risk Customers
18132.0,1,At Risk Customers
18133.0,0,Potential Customers
18134.0,1,At Risk Customers
18135.0,3,Loyal Customers
18136.0,3,Loyal Customers
18137.0,1,At Risk Customers
18138.0,1,At Risk Customers
18139.0,3,Loyal Customers
18140.0,1,At Risk Customers
18141.0,1,At Risk Customers
18142.0,0,Potential Customers
18143.0,0,Potential Customers
18144.0,2,Champions
18145.0,2,Champions
18146.0,0,Potential Customers
18147.0,0,Potential Customers
18148.0,1,At Risk Customers
18149.0,3,Loyal Customers
18150.0,0,Potential Customers
18151.0,3,Loyal Customers
18152.0,1,At Risk Customers
18153.0,1,At Risk Customers
18154.0,3,Loyal Customers
18155.0,0,Potential Customers
18156.0,0,Potential Customers
18157.0,1,At Risk Customers
18158.0,0,Potential Customers
18159.0,1,At Risk Customers
18160.0,3,Loyal Customers
18161.0,3,Loyal Customers
18162.0,1,At Risk Customers
18163.0,1,At Risk Customers
18164.0,0,Potential Customers
18165.0,0,Potential Customers
18166.0,1,At Risk Customers
18167.0,3,Loyal Customers
18168.0,2,Champions
18169.0,0,Potential Customers
18170.0,3,Loyal Customers
18171.0,3,Loyal Customers
18172.0,2,Champions
18173.0,3,Loyal Customers
18174.0,0,Potential Customers
18175.0,1,At Risk Customers
18176.0,1,At Risk Customers
18177.0,3,Loyal Customers
18178.0,2,Champions
18179.0,3,Loyal Customers
18180.0,3,Loyal Customers
18181.0,3,Loyal Customers
18182.0,1,At Risk Customers
18183.0,0,Potential Customers
18184.0,0,Potential Customers
18185.0,0,Potential Customers
18186.0,1,At Risk Customers
18187.0,1,At Risk Customers
18188.0,3,Loyal Customers
18189.0,3,Loyal Customers
18190.0,3,Loyal Customers
18191.0,0,Potential Customers
18192.0,0,Potential Customers
18193.0,3,Loyal Customers
18194.0,3,Loyal Customers
18195.0,1,At Risk Customers
18196.0,3,Loyal Customers
18197.0,1,At Risk Customers
18198.0,2,Champions
18199.0,1,At Risk Customers
18200.0,0,Potential Customers
18201.0,1,At Risk Customers
18202.0,3,Loyal Customers
18203.0,0,Potential Customers
18204.0,3,Loyal Customers
18205.0,0,Potential Customers
18206.0,1,At Risk Customers
18207.0,1,At Risk Customers
18208.0,1,At Risk Customers
18209.0,0,Potential Customers
18210.0,3,Loyal Customers
18211.0,3,Loyal Customers
18212.0,1,At Risk Customers
18213.0,0,Potential Customers
18214.0,1,At Risk Customers
18215.0,3,Loyal Customers
18216.0,0,Potential Customers
18217.0,3,Loyal Customers
18218.0,3,Loyal Customers
18219.0,2,Champions
18220.0,3,Loyal Customers
18221.0,3,Loyal Customers
18222.0,0,Potential Customers
18223.0,2,Champions
18224.0,0,Potential Customers
18225.0,2,Champions
18226.0,2,Champions
18227.0,0,Potential Customers
18228.0,0,Potential Customers
18229.0,2,Champions
18230.0,2,Champions
18231.0,2,Champions
18232.0,0,Potential Customers
18233.0,1,At Risk Customers
18234.0,1,At Risk Customers
18235.0,3,Loyal Customers
18236.0,3,Loyal Customers
18237.0,3,Loyal Customers
18238.0,1,At Risk Customers
18239.0,3,Loyal Customers
18240.0,0,Potential Customers
18241.0,2,Champions
18242.0,3,Loyal Customers
18243.0,1,At Risk Customers
18244.0,1,At Risk Customers
18245.0,2,Champions
18246.0,0,Potential Customers
18247.0,1,At Risk Customers
18248.0,0,Potential Customers
18249.0,0,Potential Customers
18250.0,1,At Risk Customers
18251.0,2,Champions
18252.0,3,Loyal Customers
18253.0,1,At Risk Customers
18254.0,1,At Risk Customers
18255.0,0,Potential Customers
18256.0,1,At Risk Customers
18257.0,2,Champions
18258.0,3,Loyal Customers
18259.0,3,Loyal Customers
18260.0,2,Champions
18261.0,0,Potential Customers
18262.0,0,Potential Customers
18263.0,3,Loyal Customers
18264.0,1,At Risk Customers
18265.0,0,Potential Customers
18266.0,1,At Risk Customers
18267.0,1,At Risk Customers
18268.0,3,Loyal Customers
18269.0,1,At Risk Customers
18270.0,0,Potential Customers
18271.0,1,At Risk Customers
18272.0,2,Champions
18273.0,0,Potential Customers
18274.0,0,Potential Customers
18275.0,1,At Risk Customers
18276.0,3,Loyal Customers
18277.0,3,Loyal Customers
18278.0,0,Potential Customers
18279.0,1,At Risk Customers
18280.0,0,Potential Customers
18281.0,0,Potential Customers
18282.0,0,Potential Customers
18283.0,2,Champions
18284.0,1,At Risk Customers
18285.0,1,At Risk Customers
18286.0,1,At Risk Customers
18287.0,3,Loyal Customers
