Date,DailySales,Year,Quarter,Month,MonthName,Week,Day,DayOfWeek,DayName,IsWeekend,IsMonthStart,IsMonthEnd,DayOfYear,Lag_1,Lag_7,Lag_14,Lag_30,RollingMean_7,RollingStd_7,RollingMean_14,RollingStd_14,RollingMean_30,RollingStd_30,TimeIndex
2009-12-31,0.0,2009,4,12,December,53,31,3,Thursday,0,0,1,365,0.0,0.0,29758.87,43894.87,0.0,0.0,5617.8435714285715,9321.148746217714,21320.304666666667,20090.176987087536,30
2010-01-01,0.0,2010,1,1,January,53,1,4,Friday,0,1,0,1,0.0,0.0,31562.72,52762.06,0.0,0.0,3363.3635714285715,5661.989415609132,19561.569333333333,19544.836202469392,31
2010-01-02,0.0,2010,1,1,January,53,2,5,Saturday,1,0,0,2,0.0,0.0,0.0,67413.62,0.0,0.0,3363.363571428571,5661.989415609132,17314.448666666667,17635.551619033395,32
2010-01-03,0.0,2010,1,1,January,53,3,6,Sunday,1,0,0,3,0.0,0.0,11355.19,33913.81,0.0,0.0,2552.2785714285715,5225.59171783929,16183.988333333335,17621.774212329216,33
2010-01-04,13415.09,2010,1,1,January,1,4,0,Monday,0,0,0,4,0.0,0.0,15549.64,9803.050000000001,1916.4414285714286,5070.427422221323,2399.8107142857148,4833.634817875189,16304.389666666666,17588.98204779648,34
2010-01-05,19051.19,2010,1,1,January,1,5,1,Tuesday,0,0,0,5,13415.09,0.0,10696.59,24390.1,4638.04,8086.331830451083,2996.567857142857,6246.0975543418745,16126.426,17531.265138495422,35
2010-01-06,8731.26,2010,1,1,January,1,6,2,Wednesday,0,0,0,6,19051.19,0.0,9485.67,33002.49,5885.362857142857,7923.434751736366,2942.6814285714286,6188.799718666453,15317.385,17283.900209568714,36
2010-01-07,72989.38,2010,1,1,January,1,7,3,Thursday,0,0,0,7,8731.26,0.0,0.0,44763.340000000004,16312.417142857144,26089.37300510862,8156.208571428572,19641.527119164093,16258.253,19560.428694610076,37
2010-01-08,30292.7,2010,1,1,January,1,8,4,Friday,0,0,0,8,72989.38,0.0,0.0,30763.170000000002,20639.945714285717,25436.82741540164,10319.972857142859,20330.38440473515,16242.570666666667,19548.58356112507,38
2010-01-09,0.0,2010,1,1,January,1,9,5,Saturday,1,0,0,9,30292.7,0.0,0.0,38598.21,20639.945714285717,25436.82741540164,10319.972857142859,20330.38440473515,14955.963666666668,19295.034400366523,39
2010-01-10,23157.33,2010,1,1,January,1,10,6,Sunday,1,0,0,10,0.0,0.0,0.0,39204.17,23948.135714285716,23755.39991519883,11974.067857142858,20368.16967240538,14421.069,18816.130051235545,40
2010-01-11,19684.49,2010,1,1,January,2,11,0,Monday,0,0,0,11,23157.33,13415.09,0.0,0.0,24843.76428571429,23407.736327185263,13380.102857142858,20156.322909711096,15077.21866666667,18638.27740210225,41
2010-01-12,38833.58,2010,1,1,January,2,12,1,Tuesday,0,0,0,12,19684.49,19051.19,0.0,21577.35,27669.820000000003,23783.003771393134,16153.930000000002,20834.03336271428,15652.426333333335,19106.203390223724,42
2010-01-13,12391.1,2010,1,1,January,2,13,2,Wednesday,0,0,0,13,38833.58,8731.26,0.0,51245.16,28192.65428571429,23333.25363250616,17039.008571428574,20352.62719412706,14357.291000000001,17888.38529490099,43
2010-01-14,23721.64,2010,1,1,January,2,14,3,Thursday,0,0,0,14,12391.1,72989.38,0.0,46836.63,21154.405714285716,12470.826515129687,18733.411428571428,19805.046701945914,13586.791333333334,16912.3592876201,44
2010-01-15,13499.550000000001,2010,1,1,January,2,15,4,Friday,0,0,0,15,23721.64,30292.7,0.0,36927.3,18755.38428571429,12027.263131969312,19697.665,19140.279689425293,12805.866333333335,16328.251330762312,45
2010-01-16,0.0,2010,1,1,January,2,16,5,Saturday,1,0,0,16,13499.550000000001,0.0,0.0,29758.87,18755.38428571429,12027.263131969312,19697.665,19140.279689425293,11813.904,16165.95843889925,46
2010-01-17,17363.25,2010,1,1,January,2,17,6,Sunday,1,0,0,17,0.0,23157.33,0.0,31562.72,17927.658571428572,11872.203905657701,20937.897142857142,18310.2976740246,11340.588333333335,15770.844806286032,47
2010-01-18,12078.84,2010,1,1,January,3,18,0,Monday,0,0,0,18,17363.25,19684.49,13415.09,0.0,16841.137142857147,12031.58256267604,20842.450714285715,18355.954258683993,11743.216333333334,15624.84717034278,48
2010-01-19,21892.791,2010,1,1,January,3,19,1,Tuesday,0,0,0,19,12078.84,38833.58,19051.19,11355.19,14421.02442857143,7846.516411691893,21045.42221428571,18350.33341441295,12094.4697,15733.887825932232,49
2010-01-20,13244.34,2010,1,1,January,3,20,2,Wednesday,0,0,0,20,21892.791,12391.1,8731.26,15549.64,14542.915857142858,7816.296109303929,21367.785071428574,18155.98019041693,12017.626366666667,15722.056119832838,50
2010-01-21,27359.23,2010,1,1,January,3,21,3,Thursday,0,0,0,21,13244.34,23721.64,72989.38,10696.59,15062.571571428574,8608.963798447923,18108.488642857144,10769.262460300784,12573.047700000001,15966.207082735084,51
2010-01-22,29345.83,2010,1,1,January,3,22,4,Friday,0,0,0,22,27359.23,13499.550000000001,30292.7,9485.67,17326.32585714286,10086.144760180496,18040.855071428574,10689.5346929984,13235.053033333334,16243.110033057626,52
2010-01-23,0.0,2010,1,1,January,3,23,5,Saturday,1,0,0,23,29345.83,0.0,0.0,0.0,17326.32585714286,10086.144760180496,18040.855071428574,10689.5346929984,13235.053033333334,16243.110033057626,53
2010-01-24,15552.32,2010,1,1,January,3,24,6,Sunday,1,0,0,24,0.0,17363.25,23157.33,0.0,17067.621571428575,10108.240324743487,17497.640071428574,10602.406515600029,13753.463699999998,16053.209681915421,54
2010-01-25,18346.54,2010,1,1,January,4,25,0,Monday,0,0,0,25,15552.32,12078.84,19684.49,0.0,17963.007285714288,9867.41114743129,17402.072214285716,10587.197509803507,14365.015033333333,15859.490171835763,55
2010-01-26,38570.37,2010,1,1,January,4,26,1,Tuesday,0,0,0,26,18346.54,21892.791,38833.58,0.0,20345.518571428573,12607.408498748426,17383.271500000003,10546.366932194094,15650.694033333333,16214.229451243204,56
2010-01-27,23722.72,2010,1,1,January,4,27,2,Wednesday,0,0,0,27,38570.37,13244.34,12391.1,0.0,21842.43,12240.465949306552,18192.672928571432,10568.571414532347,16441.451366666664,16001.713624725691,57
2010-01-28,18914.83,2010,1,1,January,4,28,3,Thursday,0,0,0,28,23722.72,27359.23,23721.64,0.0,20636.087142857144,12020.281179697513,17849.32935714286,10452.577044476078,17071.9457,15701.373665575298,58
2010-01-29,25382.441,2010,1,1,January,4,29,4,Friday,0,0,0,29,18914.83,29345.83,13499.550000000001,0.0,20069.888714285717,11628.60802439389,18698.10728571429,10554.160770042348,17918.02706666667,15431.269537210945,59
2010-01-30,0.0,2010,1,1,January,4,30,5,Saturday,1,0,0,30,25382.441,0.0,0.0,0.0,20069.888714285717,11628.60802439389,18698.10728571429,10554.160770042348,17918.02706666667,15431.269537210945,60
2010-01-31,18261.86,2010,1,1,January,4,31,6,Sunday,1,0,1,31,0.0,15552.32,17363.25,0.0,20456.965857142863,11497.527902783562,18762.293714285715,10548.148993409666,18526.755733333335,15055.694667612826,61
2010-02-01,16606.931,2010,1,2,February,5,1,0,Monday,0,1,0,32,18261.86,18346.54,12078.84,0.0,20208.450285714287,11569.32321868008,19085.728785714287,10395.773197559727,19080.3201,14650.875411728817,62
2010-02-02,19532.03,2010,1,2,February,5,2,1,Tuesday,0,0,0,33,16606.931,38570.37,21892.791,0.0,17488.687428571433,8312.772474182262,18917.103,10365.841856779147,19731.387766666667,14200.807545138643,63
2010-02-03,17230.061,2010,1,2,February,5,3,2,Wednesday,0,0,0,34,19532.03,23722.72,13244.34,13415.09,16561.16471428572,7850.6343063734375,19201.797357142856,10252.16661744673,19858.553466666668,14159.316413641222,64
2010-02-04,22486.010000000002,2010,1,2,February,5,4,3,Thursday,0,0,0,35,17230.061,18914.83,27359.23,19051.19,17071.33328571429,8139.788097753788,18853.710214285715,10034.310388741971,19973.047466666667,14166.448248728097,65
2010-02-05,19420.74,2010,1,2,February,5,5,4,Friday,0,0,0,36,22486.010000000002,25382.441,29345.83,8731.26,16219.661714285718,7403.880636414249,18144.775214285713,9576.159123292175,20329.36346666667,14007.483035702371,66
2010-02-06,0.0,2010,1,2,February,5,6,5,Saturday,1,0,0,37,19420.74,0.0,0.0,72989.38,16219.661714285716,7403.880636414249,18144.775214285713,9576.159123292175,17896.384133333333,10426.593772896782,67
2010-02-07,17023.920000000002,2010,1,2,February,5,7,6,Sunday,1,0,0,38,0.0,18261.86,15552.32,30292.7,16042.813142857147,7361.635014282613,18249.8895,9553.563621861467,17454.09146666667,10160.650494980806,68
2010-02-08,13016.04,2010,1,2,February,6,8,0,Monday,0,0,0,39,17023.920000000002,16606.931,18346.54,0.0,15529.828714285717,7440.464546820393,17869.1395,9655.097353590016,17887.959466666667,9654.960284217592,69
2010-02-09,18398.260000000002,2010,1,2,February,6,9,1,Tuesday,0,0,0,40,13016.04,19532.03,38570.37,23157.33,15367.861571428573,7350.620443845556,16428.274500000003,7618.527521818371,17729.323800000002,9604.360839957828,70
2010-02-10,6082.34,2010,1,2,February,6,10,2,Wednesday,0,0,0,41,18398.260000000002,17230.061,23722.72,19684.49,13775.330000000004,8053.878485514472,15168.247357142858,7776.431694671835,17275.9188,9827.35615536345,71
2010-02-11,15061.87,2010,1,2,February,6,11,3,Thursday,0,0,0,42,6082.34,22486.010000000002,18914.83,38833.58,12714.738571428576,7154.194711464536,14893.035928571431,7701.456529280591,16483.528466666667,8948.249151785427,72
2010-02-12,9728.960000000001,2010,1,2,February,6,12,4,Friday,0,0,0,43,15061.87,19420.74,25382.441,12391.1,11330.198571428573,6552.617457343319,13774.930142857145,7180.097698671349,16394.79046666667,9003.263230298326,73
2010-02-13,0.0,2010,1,2,February,6,13,5,Saturday,1,0,0,44,9728.960000000001,0.0,0.0,23721.64,11330.198571428573,6552.617457343319,13774.930142857145,7180.097698671349,15604.069133333334,9371.73472069874,74
2010-02-14,17772.19,2010,1,2,February,6,14,6,Sunday,1,0,0,45,0.0,17023.920000000002,18261.86,13499.550000000001,11437.094285714289,6666.103012720004,13739.953714285715,7157.716967489218,15746.490466666668,9371.115141392089,75
2010-02-15,42318.211,2010,1,2,February,7,15,0,Monday,0,0,0,46,17772.19,13016.04,16606.931,0.0,15623.118714285718,13509.94863420822,15576.473714285718,10478.203784754482,17157.0975,10077.503410744896,76
2010-02-16,25669.010000000002,2010,1,2,February,7,16,1,Tuesday,0,0,0,47,42318.211,18398.260000000002,19532.03,17363.25,16661.797285714292,14028.41653537067,16014.829428571433,10780.425609232367,17433.956166666667,10196.748651389547,77
2010-02-17,26455.22,2010,1,2,February,7,17,2,Wednesday,0,0,0,48,25669.010000000002,6082.34,17230.061,12078.84,19572.20871428572,13573.697433852773,16673.76935714286,11136.477256882405,17913.168833333337,10273.92648528155,78
2010-02-18,35737.24,2010,1,2,February,7,18,3,Thursday,0,0,0,49,26455.22,15061.87,22486.010000000002,21892.791,22525.833000000002,14636.537491025083,17620.285785714288,12182.47763980516,18374.650466666666,10758.35610880497,79
2010-02-19,18931.99,2010,1,2,February,7,19,4,Friday,0,0,0,50,35737.24,9728.960000000001,19420.74,13244.34,23840.551571428576,13677.388474127672,17585.375071428574,12177.620611133085,18564.238800000003,10714.857214262433,80
2010-02-20,0.0,2010,1,2,February,7,20,5,Saturday,1,0,0,51,18931.99,0.0,0.0,27359.23,23840.551571428576,13677.388474127672,17585.375071428574,12177.620611133085,17652.26446666667,11097.941662237694,81
2010-02-21,11394.731,2010,1,2,February,7,21,6,Sunday,1,0,0,52,0.0,17772.19,17023.920000000002,29345.83,22929.486000000004,14345.085610524773,17183.290142857142,12289.999683601154,17053.894500000002,10928.357318444423,82
2010-02-22,26336.24,2010,1,2,February,8,22,0,Monday,0,0,0,53,11394.731,42318.211,13016.04,0.0,20646.347285714288,11789.000141444765,18134.733000000004,12457.034796841714,17931.769166666665,10562.861941011688,83
2010-02-23,20840.010000000002,2010,1,2,February,8,23,1,Tuesday,0,0,0,54,26336.24,25669.010000000002,18398.260000000002,15552.32,19956.490142857143,11585.639029796612,18309.143714285718,12478.083916308939,18108.0255,10565.90420224255,84
2010-02-24,30392.661,2010,1,2,February,8,24,2,Wednesday,0,0,0,55,20840.010000000002,26455.22,6082.34,18346.54,20518.981714285714,12040.40133190709,20045.595214285717,12336.426625281407,18509.562866666667,10801.548466921382,85
2010-02-25,44604.16,2010,1,2,February,8,25,3,Thursday,0,0,0,56,30392.661,35737.24,15061.87,38570.37,21785.684571428574,14183.889101760342,22155.758785714286,13851.917411292303,18710.6892,11235.425028968626,86
2010-02-26,12778.641,2010,1,2,February,8,26,4,Friday,0,0,0,57,44604.16,18931.99,9728.960000000001,23722.72,20906.63471428572,14575.495537244617,22373.593142857142,13664.169011877013,18345.886566666668,11244.745602271054,87
2010-02-27,0.0,2010,1,2,February,8,27,5,Saturday,1,0,0,58,12778.641,0.0,0.0,18914.83,20906.63471428572,14575.495537244617,22373.593142857142,13664.169011877013,17715.392233333332,11731.488676281244,88
2010-02-28,16741.49,2010,1,2,February,8,28,6,Sunday,1,0,1,59,0.0,11394.731,17772.19,25382.441,21670.457428571437,14127.15212623381,22299.97171428572,13693.61301294843,17427.360533333336,11642.494920516372,89
2010-03-01,23933.87,2010,1,3,March,9,1,0,Monday,0,1,0,60,16741.49,26336.24,42318.211,0.0,21327.261714285716,14023.715565445085,20986.804500000002,12451.42404947993,18225.156200000005,11219.457211902642,90
2010-03-02,21667.8,2010,1,3,March,9,2,1,Tuesday,0,0,0,61,23933.87,20840.010000000002,25669.010000000002,18261.86,21445.517428571435,14022.412124620801,20701.003785714285,12381.408671659408,18338.687533333334,11237.060224246594,91
2010-03-03,31849.7,2010,1,3,March,9,3,2,Wednesday,0,0,0,62,21667.8,30392.661,26455.22,16606.931,21653.66585714286,14187.204371486303,21086.32378571429,12655.173679124393,18846.779833333338,11497.6427803644,92
2010-03-04,29966.35,2010,1,3,March,9,4,3,Thursday,0,0,0,63,31849.7,44604.16,35737.24,19532.03,19562.550142857148,10950.089718154364,20674.11735714286,12228.029568691256,19194.590500000002,11675.532921081081,93
2010-03-05,25361.64,2010,1,3,March,9,5,4,Friday,0,0,0,64,29966.35,12778.641,18931.99,17230.061,21360.12142857143,10680.324364892394,21133.378071428575,12278.205105211759,19465.64313333334,11722.646868089852,94
2010-03-06,0.0,2010,1,3,March,9,6,5,Saturday,1,0,0,65,25361.64,0.0,0.0,22486.010000000002,21360.12142857143,10680.324364892394,21133.378071428575,12278.205105211759,18716.10946666667,12230.723980157503,95
2010-03-07,19034.6,2010,1,3,March,9,7,6,Sunday,1,0,0,66,0.0,16741.49,11394.731,19420.74,21687.70857142857,10549.416030634784,21679.083000000002,11978.187471456833,18703.238133333336,12230.16004234509,96
2010-03-08,26605.58,2010,1,3,March,10,8,0,Monday,0,0,0,67,19034.6,23933.87,26336.24,0.0,22069.38142857143,10691.59771783498,21698.321571428572,11986.45631846878,19590.0908,11783.636061276911,97
2010-03-09,19665.69,2010,1,3,March,10,9,1,Tuesday,0,0,0,68,26605.58,21667.8,20840.010000000002,17023.920000000002,21783.365714285716,10730.83874073823,21614.441571428575,11997.028947455801,19678.149800000003,11773.664558511262,98
2010-03-10,22905.79,2010,1,3,March,10,10,2,Wednesday,0,0,0,69,19665.69,31849.7,30392.661,13016.04,20505.66428571429,9826.889167142115,21079.66507142857,11739.741145481003,20007.808133333332,11719.023515760231,99
2010-03-11,21537.09,2010,1,3,March,10,11,3,Thursday,0,0,0,70,22905.79,29966.35,44604.16,18398.260000000002,19301.484285714287,8951.865938940424,19432.017214285715,9609.613598181153,20112.4358,11718.169655386979,100
2010-03-12,19123.05,2010,1,3,March,10,12,4,Friday,0,0,0,71,21537.09,25361.64,12778.641,6082.34,18410.257142857146,8549.481207499684,19885.18928571429,9419.430377619554,20547.12613333333,11417.7963445875,101
2010-03-13,0.0,2010,1,3,March,10,13,5,Saturday,1,0,0,72,19123.05,0.0,0.0,15061.87,18410.257142857146,8549.481207499684,19885.18928571429,9419.430377619554,20045.0638,11984.40148192939,102
2010-03-14,8947.9,2010,1,3,March,10,14,6,Sunday,1,0,0,73,0.0,19034.6,16741.49,9728.960000000001,16969.300000000003,9248.186036436176,19328.504285714287,9840.405594267311,20019.028466666667,12008.409695675018,103
2010-03-15,20536.681,2010,1,3,March,11,15,0,Monday,0,0,0,74,8947.9,26605.58,23933.87,0.0,16102.314428571432,8443.73867510222,19085.847928571427,9759.6599778385,20703.5845,11397.675434005643,104
2010-03-16,21048.78,2010,1,3,March,11,16,1,Tuesday,0,0,0,75,20536.681,19665.69,21667.8,17772.19,16299.898714285717,8556.449187767159,19041.632214285717,9748.458548310738,20812.804166666665,11384.307668771324,105
2010-03-17,29543.78,2010,1,3,March,11,17,2,Wednesday,0,0,0,76,21048.78,22905.79,31849.7,42318.211,17248.183,9701.75951776048,18876.923642857142,9532.496951950241,20386.9898,10774.777782346366,106
2010-03-18,37570.75,2010,1,3,March,11,18,3,Thursday,0,0,0,77,29543.78,21537.09,29966.35,25669.010000000002,19538.705857142857,12400.479614003643,19420.095071428572,10390.986293363605,20783.714466666668,11187.183884793076,107
2010-03-19,35274.3,2010,1,3,March,11,19,4,Friday,0,0,0,78,37570.75,19123.05,25361.64,26455.22,21846.027285714288,13740.45969608155,20128.142214285715,11137.873630521657,21077.6838,11454.043059577558,108
2010-03-20,0.0,2010,1,3,March,11,20,5,Saturday,1,0,0,79,35274.3,0.0,0.0,35737.24,21846.027285714288,13740.45969608155,20128.142214285715,11137.873630521657,19886.442466666667,11731.849457152834,109
2010-03-21,20485.48,2010,1,3,March,11,21,6,Sunday,1,0,0,80,0.0,8947.9,19034.6,18931.99,23494.253000000004,12578.250152276067,20231.776500000004,11133.665067744636,19938.225466666667,11730.919770148499,110
2010-03-22,21494.16,2010,1,3,March,12,22,0,Monday,0,0,0,81,20485.48,20536.681,26605.58,0.0,23631.035714285714,12545.89198805975,19866.67507142857,10991.474060273873,20654.69746666667,11111.205922734705,111
2010-03-23,41826.29,2010,1,3,March,12,23,1,Tuesday,0,0,0,82,21494.16,21048.78,19665.69,11394.731,26599.25142857143,14184.049356692218,21449.575071428575,12458.141623674657,21669.082766666666,11614.390657481259,112
2010-03-24,25970.5,2010,1,3,March,12,24,2,Wednesday,0,0,0,83,41826.29,29543.78,22905.79,26336.24,26088.782857142858,14124.591850342336,21668.482928571433,12512.504872802172,21656.891433333334,11609.513659226686,113
2010-03-25,30503.38,2010,1,3,March,12,25,3,Thursday,0,0,0,84,25970.5,37570.75,21537.09,20840.010000000002,25079.158571428572,13401.133532332788,22308.932214285716,12732.791719474464,21979.00376666667,11719.603071916306,114
2010-03-26,29867.35,2010,1,3,March,12,26,4,Friday,0,0,0,85,30503.38,35274.3,19123.05,30392.661,24306.737142857142,12860.480188503478,23076.382214285717,12849.261952869054,21961.4934,11706.984311768076,115
2010-03-27,0.0,2010,1,3,March,12,27,5,Saturday,1,0,0,86,29867.35,0.0,0.0,44604.16,24306.737142857146,12860.480188503478,23076.382214285717,12849.261952869054,20474.688066666666,11563.691850559466,116
2010-03-28,22402.0,2010,1,3,March,12,28,6,Sunday,1,0,0,87,0.0,20485.48,8947.9,12778.641,24580.52571428572,12785.753792352716,24037.389357142856,12197.910353907946,20795.4667,11475.984714888216,117
2010-03-29,31740.38,2010,1,3,March,13,29,0,Monday,0,0,0,88,22402.0,21494.16,20536.681,0.0,26044.271428571432,12958.86440298484,24837.653571428575,12317.506014707176,21853.47936666667,10943.438433841318,118
2010-03-30,33524.51,2010,1,3,March,13,30,1,Tuesday,0,0,0,89,31740.38,41826.29,21048.78,16741.49,24858.302857142855,11580.365627642785,25728.777142857143,12472.618940602164,22412.913366666668,11100.944393891086,119
2010-03-31,24591.07,2010,1,3,March,13,31,2,Wednesday,0,0,1,90,33524.51,25970.5,29543.78,23933.87,24661.24142857143,11570.017335684835,25375.012142857147,12426.240651190317,22434.82003333333,11104.697183887167,120
2010-04-01,28646.66,2010,2,4,April,13,1,3,Thursday,0,1,0,91,24591.07,30503.38,37570.75,21667.8,24395.995714285713,11434.24897670278,24737.577142857142,11973.136816315358,22667.4487,11161.031098042075,121
2010-04-02,0.0,2010,2,4,April,13,2,4,Friday,0,0,0,92,28646.66,29867.35,35274.3,31849.7,20129.23142857143,14272.609226826076,22217.984285714287,13230.722952218031,21605.79203333333,11756.40087615789,122
2010-04-03,0.0,2010,2,4,April,13,3,5,Saturday,1,0,0,93,0.0,0.0,0.0,29966.35,20129.23142857143,14272.609226826076,22217.984285714287,13230.722952218031,20606.913699999997,12282.808938816193,123
2010-04-04,0.0,2010,2,4,April,13,4,6,Sunday,1,0,0,94,0.0,22402.0,20485.48,25361.64,16928.945714285717,16075.716288885184,20754.735714285714,14508.18944642523,19761.5257,12805.913923856517,124
2010-04-05,0.0,2010,2,4,April,14,5,0,Monday,0,0,0,95,0.0,31740.38,21494.16,0.0,12394.605714285717,15673.017513933355,19219.43857142857,15525.538952699255,19761.5257,12805.913923856517,125
2010-04-06,17900.83,2010,2,4,April,14,6,1,Tuesday,0,0,0,96,0.0,33524.51,41826.29,19034.6,10162.651428571431,13056.512928923532,17510.477142857144,14096.731715552634,19723.733366666664,12809.805553226039,126
2010-04-07,32146.75,2010,2,4,April,14,7,2,Wednesday,0,0,0,97,17900.83,24591.07,25970.5,26605.58,11242.034285714288,14661.74748133597,17951.637857142858,14473.46581035907,19908.439033333332,12951.621486451098,127
2010-04-08,39866.6,2010,2,4,April,14,8,3,Thursday,0,0,0,98,32146.75,28646.66,30503.38,19665.69,12844.882857142858,17263.94091990268,18620.43928571429,15291.307141684443,20581.8027,13453.95362731373,128
2010-04-09,14668.53,2010,2,4,April,14,9,4,Friday,0,0,0,99,39866.6,0.0,29867.35,22905.79,14940.387142857144,16308.784148034774,17534.809285714287,14967.496205876574,20307.227366666666,13488.898764661219,129
2010-04-10,0.0,2010,2,4,April,14,10,5,Saturday,1,0,0,100,14668.53,0.0,0.0,21537.09,14940.387142857144,16308.784148034774,17534.809285714287,14967.496205876574,19589.324366666664,13985.17772786288,130
2010-04-11,19732.05,2010,2,4,April,14,11,6,Sunday,1,0,0,101,0.0,0.0,22402.0,19123.05,17759.25142857143,14944.238222206159,17344.098571428574,14917.636407914997,19609.624366666667,13984.919565607517,131
2010-04-12,25912.471,2010,2,4,April,15,12,0,Monday,0,0,0,102,19732.05,0.0,31740.38,0.0,21461.033,12878.555863081192,16927.81935714286,14562.080466610181,20473.3734,13524.649168173199,132
2010-04-13,25736.04,2010,2,4,April,15,13,1,Tuesday,0,0,0,103,25912.471,17900.83,33524.51,8947.9,22580.348714285716,12858.031034351834,16371.500071428572,14017.862703981364,21032.97806666667,13377.841070736786,133
2010-04-14,27054.25,2010,2,4,April,15,14,2,Wednesday,0,0,0,104,25736.04,32146.75,24591.07,20536.681,21852.848714285716,12361.018956698306,16547.4415,14143.855999792933,21250.23036666667,13422.35110676369,134
2010-04-15,19538.34,2010,2,4,April,15,15,3,Thursday,0,0,0,105,27054.25,39866.6,28646.66,21048.78,18948.811571428574,9474.495861719182,15896.847214285715,13748.457753059276,21199.88236666667,13425.965201940899,135
2010-04-16,19363.82,2010,2,4,April,15,16,4,Friday,0,0,0,106,19538.34,14668.53,0.0,29543.78,19619.56728571429,9285.279210213597,17279.977214285715,12978.64709740125,20860.550366666666,13336.152339722295,136
2010-04-17,0.0,2010,2,4,April,15,17,5,Saturday,1,0,0,107,19363.82,0.0,0.0,37570.75,19619.56728571429,9285.279210213597,17279.977214285715,12978.64709740125,19608.192033333333,13476.180219036327,137
2010-04-18,23934.46,2010,2,4,April,15,18,6,Sunday,1,0,0,108,0.0,19732.05,0.0,35274.3,20219.911571428576,9428.51361575446,18989.5815,12072.074321317401,19230.19736666667,13177.330091980893,138
2010-04-19,24561.04,2010,2,4,April,16,19,0,Monday,0,0,0,109,23934.46,25912.471,0.0,0.0,20026.850000000002,9305.558086504,20743.941499999997,10819.863349023422,20048.8987,12695.54369068694,139
2010-04-20,21202.35,2010,2,4,April,16,20,1,Tuesday,0,0,0,110,24561.04,25736.04,17900.83,20485.48,19379.18,8994.545408184893,20979.764357142856,10789.065116204642,20072.794366666665,12697.068321746,140
2010-04-21,25873.86,2010,2,4,April,16,21,2,Wednesday,0,0,0,111,21202.35,27054.25,32146.75,21494.16,19210.552857142862,8836.347337406469,20531.70078571429,10413.345687807867,20218.78436666667,12739.083852813108,141
2010-04-22,35741.2,2010,2,4,April,16,22,3,Thursday,0,0,0,112,25873.86,19538.34,39866.6,41826.29,21525.247142857144,10833.100423394822,20237.02935714286,9868.2314314111,20015.948033333334,12427.819564793588,142
2010-04-23,14969.64,2010,2,4,April,16,23,4,Friday,0,0,0,113,35741.2,19363.82,14668.53,25970.5,20897.507142857146,11103.169246244835,20258.537214285716,9855.481176673473,19649.2527,12408.346532622667,143
2010-04-24,0.0,2010,2,4,April,16,24,5,Saturday,1,0,0,114,14969.64,0.0,0.0,30503.38,20897.507142857146,11103.169246244835,20258.537214285716,9855.481176673473,18632.473366666665,12733.760032480126,144
2010-04-25,16574.53,2010,2,4,April,16,25,6,Sunday,1,0,0,115,0.0,23934.46,19732.05,29867.35,19846.088571428576,11116.121067315444,20033.00007142857,9904.463648887478,18189.379366666668,12559.422073141312,145
2010-04-26,29734.03,2010,2,4,April,17,26,0,Monday,0,0,0,116,16574.53,24561.04,25912.471,0.0,20585.087142857144,11641.3535295539,20305.96857142857,10129.081666495527,19180.5137,12243.771703123195,146
2010-04-27,43534.06,2010,2,4,April,17,27,1,Tuesday,0,0,0,117,29734.03,21202.35,25736.04,22402.0,23775.33142857143,14538.210593385083,21577.255714285715,11836.092137010222,19884.9157,13018.84601870641,147
2010-04-28,31181.87,2010,2,4,April,17,28,2,Wednesday,0,0,0,118,43534.06,25873.86,27054.25,31740.38,24533.618571428575,14801.944687852594,21872.085714285717,12032.78919309918,19866.2987,13001.696100246634,148
2010-04-29,29575.671000000002,2010,2,4,April,17,29,3,Thursday,0,0,0,119,31181.87,35741.2,19538.34,33524.51,23652.828714285715,14194.877450808144,22589.03792857143,12181.154345519199,19734.670733333332,12878.054495265998,149
2010-04-30,24532.95,2010,2,4,April,17,30,4,Friday,0,0,1,120,29575.671000000002,14969.64,19363.82,24591.07,25019.015857142862,13670.398989088802,22958.2615,12154.18564900613,19732.733400000005,12877.30307140812,150
2010-05-01,0.0,2010,2,5,May,17,1,5,Saturday,1,1,0,121,24532.95,0.0,0.0,28646.66,25019.015857142862,13670.398989088802,22958.2615,12154.18564900613,18777.84473333333,13250.23279747014,151
2010-05-02,12342.17,2010,2,5,May,17,2,6,Sunday,1,0,0,122,0.0,16574.53,23934.46,0.0,24414.393000000004,14189.861104699004,22130.240785714286,12473.247536090214,19189.2504,12832.104437019343,152
2010-05-03,0.0,2010,2,5,May,18,3,0,Monday,0,0,0,123,12342.17,29734.03,24561.04,0.0,20166.67442857143,16580.989140861308,20375.880785714286,13765.381940367843,19189.2504,12832.104437019343,153
2010-05-04,18945.33,2010,2,5,May,18,4,1,Tuesday,0,0,0,124,0.0,43534.06,21202.35,0.0,16653.998714285717,13029.8371976874,20214.66507142857,13768.174496702826,19820.7614,12310.763731803801,154
2010-05-05,23625.22,2010,2,5,May,18,5,2,Wednesday,0,0,0,125,18945.33,31181.87,25873.86,0.0,15574.477285714287,11888.65888782477,20054.04792857143,13710.07042618021,20608.268733333334,11741.61255287093,155
2010-05-06,51704.13,2010,2,5,May,18,6,3,Thursday,0,0,0,126,23625.22,29575.671000000002,35741.2,17900.83,18735.685714285715,17736.060111320156,21194.257214285717,15642.63965080335,21735.045400000003,13024.687551530804,156
2010-05-07,31976.09,2010,2,5,May,18,7,4,Friday,0,0,0,127,51704.13,24532.95,14969.64,32146.75,19798.99142857143,18353.894540354308,22409.00364285714,15781.785539368453,21729.356733333334,13020.019756895754,157
2010-05-08,0.0,2010,2,5,May,18,8,5,Saturday,1,0,0,128,31976.09,0.0,0.0,39866.6,19798.99142857143,18353.894540354308,22409.00364285714,15781.785539368453,20400.470066666665,13138.957179495137,158
2010-05-09,22852.06,2010,2,5,May,18,9,6,Sunday,1,0,0,129,0.0,12342.17,16574.53,14668.53,21300.40428571429,18069.91065603153,22857.398642857144,15692.188688153858,20673.254399999998,13100.745562715909,159
2010-05-10,26496.43,2010,2,5,May,19,10,0,Monday,0,0,0,130,22852.06,0.0,29734.03,0.0,25085.608571428573,15449.525811484129,22626.1415,15606.675070895451,21556.468733333335,12540.115484391998,160
2010-05-11,25201.04,2010,2,5,May,19,11,1,Tuesday,0,0,0,131,26496.43,18945.33,43534.06,19732.05,25979.28142857143,15214.285129712174,21316.640071428574,14443.177570671307,21738.7684,12552.424955230379,161
2010-05-12,29744.74,2010,2,5,May,19,12,2,Wednesday,0,0,0,132,25201.04,23625.22,31181.87,25912.471,26853.49857142857,15232.279955206344,21213.98792857143,14372.603481253962,21866.5107,12615.704554046233,162
2010-05-13,38966.0,2010,2,5,May,19,13,3,Thursday,0,0,0,133,29744.74,51704.13,29575.671000000002,25736.04,25033.76571428572,12234.602095161437,21884.725714285716,14998.333858999491,22307.509366666665,12981.563748124125,163
2010-05-14,16895.24,2010,2,5,May,19,14,4,Friday,0,0,0,134,38966.0,31976.09,24532.95,27054.25,22879.358571428576,12135.776131719567,21339.175,15033.463592874665,21968.875699999997,12985.973670959731,164
2010-05-15,0.0,2010,2,5,May,19,15,5,Saturday,1,0,0,135,16895.24,0.0,0.0,19538.34,22879.358571428576,12135.776131719567,21339.175,15033.463592874665,21317.5977,13588.063928008183,165
2010-05-16,18370.09,2010,2,5,May,19,16,6,Sunday,1,0,0,136,0.0,22852.06,12342.17,19363.82,22239.077142857142,12255.10376399797,21769.740714285716,14841.053533680684,21284.473366666665,13594.200837291964,166
2010-05-17,23290.76,2010,2,5,May,20,17,0,Monday,0,0,0,137,18370.09,26496.43,0.0,0.0,21781.12428571429,12128.742359538433,23433.36642857143,13453.5785674682,22060.832033333332,12988.298436396048,167
2010-05-18,26164.58,2010,2,5,May,20,18,1,Tuesday,0,0,0,138,23290.76,25201.04,18945.33,23934.46,21918.772857142863,12179.385438423835,23949.027142857147,13406.595576863481,22135.169366666665,13005.761954314292,168
2010-05-19,16575.5,2010,2,5,May,20,19,2,Wednesday,0,0,0,139,26164.58,29744.74,23625.22,24561.04,20037.45285714286,11779.599784190059,23445.475714285716,13551.305981298623,21868.984700000005,13036.083771977335,169
2010-05-20,25331.44,2010,2,5,May,20,20,3,Thursday,0,0,0,140,16575.5,38966.0,51704.13,21202.35,18089.658571428572,8904.426907698642,21561.71214285714,10893.251354460883,22006.621033333337,13050.592277831902,170
2010-05-21,22494.36,2010,2,5,May,20,21,4,Friday,0,0,0,141,25331.44,16895.24,31976.09,25873.86,18889.532857142858,9029.849372753888,20884.445714285717,10482.978637146603,21893.97103333333,13030.63030293764,171
2010-05-22,0.0,2010,2,5,May,20,22,5,Saturday,1,0,0,142,22494.36,0.0,0.0,35741.2,18889.532857142858,9029.849372753888,20884.445714285717,10482.978637146603,20702.5977,13350.889885922854,172
2010-05-23,24824.93,2010,2,5,May,20,23,6,Sunday,1,0,0,143,0.0,18370.09,22852.06,14969.64,19811.652857142857,9293.690148594931,21025.365,10524.640791921609,21031.107366666667,13326.187367947818,173
2010-05-24,33536.19,2010,2,5,May,21,24,0,Monday,0,0,0,144,24824.93,23290.76,26496.43,0.0,21275.285714285717,10641.892412843152,21528.205000000005,10965.0954831675,22148.980366666667,12900.963926133143,174
2010-05-25,20415.920000000002,2010,2,5,May,21,25,1,Tuesday,0,0,0,145,33536.19,26164.58,25201.04,16574.53,20454.048571428575,10421.224675824542,21186.410714285714,10916.272541930894,22277.0267,12862.734682578664,175
2010-05-26,29586.64,2010,2,5,May,21,26,2,Wednesday,0,0,0,146,20415.920000000002,16575.5,29744.74,29734.03,22312.782857142858,10768.692102805422,21175.117857142857,10906.815608090164,22272.1137,12859.816036344679,176
2010-05-27,29221.670000000002,2010,2,5,May,21,27,3,Thursday,0,0,0,147,29586.64,25331.44,38966.0,43534.06,22868.530000000002,11047.223060036404,20479.094285714287,9953.396705935025,21795.034033333333,12296.998523921624,177
2010-05-28,18569.88,2010,2,5,May,21,28,4,Friday,0,0,0,148,29221.670000000002,22494.36,16895.24,31181.87,22307.890000000007,11168.295842813266,20598.71142857143,9917.010055803363,21374.634366666665,12180.051328956173,178
2010-05-29,0.0,2010,2,5,May,21,29,5,Saturday,1,0,0,149,18569.88,0.0,0.0,29575.671000000002,22307.890000000007,11168.295842813266,20598.71142857143,9917.010055803363,20388.778666666665,12680.036589628135,179
2010-05-30,10702.97,2010,2,5,May,21,30,6,Sunday,1,0,0,150,0.0,24824.93,18370.09,24532.95,20290.467142857146,11890.00774564328,20051.06,10255.475781401981,19927.779333333332,12775.220669451415,180
2010-05-31,0.0,2010,2,5,May,22,31,0,Monday,0,0,1,151,10702.97,33536.19,23290.76,0.0,15499.58285714286,12408.462047746172,18387.434285714287,11502.756958259835,19927.779333333336,12775.220669451415,181
2010-06-01,13093.79,2010,2,6,June,22,1,1,Tuesday,0,1,0,152,0.0,20415.920000000002,26164.58,12342.17,14453.564285714287,12232.320349174497,17453.806428571428,11352.430610747619,19952.833333333332,12760.559848280442,182
2010-06-02,13714.76,2010,2,6,June,22,2,2,Wednesday,0,0,0,153,13093.79,29586.64,16575.5,0.0,12186.152857142859,10273.961714307537,17249.46785714286,11395.121549024754,20409.992000000002,12256.810803475862,183
2010-06-03,26644.63,2010,2,6,June,22,3,3,Thursday,0,0,0,154,13714.76,29221.670000000002,25331.44,18945.33,11818.004285714287,9584.846714247886,17343.267142857145,11471.912047090285,20666.63533333333,12305.595059515426,184
2010-06-04,11447.73,2010,2,6,June,22,4,4,Friday,0,0,0,155,26644.63,18569.88,22494.36,23625.22,10800.554285714286,9115.175671024035,16554.222142857143,11470.260109121757,20260.718999999997,12405.080123883989,185
2010-06-05,0.0,2010,2,6,June,22,5,5,Saturday,1,0,0,156,11447.73,0.0,0.0,51704.13,10800.554285714286,9115.175671024035,16554.222142857143,11470.260109121757,18537.248,11440.087478515123,186
2010-06-06,25457.15,2010,2,6,June,22,6,6,Sunday,1,0,0,157,0.0,10702.97,24824.93,31976.09,12908.29428571429,10663.23016232082,16599.380714285715,11506.513996064226,18319.95,11236.115509789752,187
2010-06-07,45523.11,2010,2,6,June,23,7,0,Monday,0,0,0,158,25457.15,0.0,33536.19,0.0,19411.595714285715,14624.628208276907,17455.589285714286,13187.002749807758,19837.387,11739.369887403236,188
2010-06-08,48215.48,2010,2,6,June,23,8,1,Tuesday,0,0,0,159,45523.11,13093.79,20415.920000000002,22852.06,24428.980000000003,17780.178883565826,19441.272142857142,15548.603075748859,20682.834333333336,12826.905758063902,189
2010-06-09,36508.94,2010,2,6,June,23,9,2,Wednesday,0,0,0,160,48215.48,13714.76,29586.64,26496.43,27685.291428571432,17577.042514522018,19935.722142857147,15999.571664418994,21016.58466666667,13110.514174809236,190
2010-06-10,18009.12,2010,2,6,June,23,10,3,Thursday,0,0,0,161,36508.94,26644.63,29221.670000000002,25201.04,26451.647142857146,17961.100147654022,19134.825714285715,15778.087755210332,20776.854,13097.108037479267,191
2010-06-11,30835.29,2010,2,6,June,23,11,4,Friday,0,0,0,162,18009.12,11447.73,18569.88,29744.74,29221.298571428575,16713.31167514429,20010.92642857143,16081.90731637866,20813.20566666667,13124.342271288182,192
2010-06-12,0.0,2010,2,6,June,23,12,5,Saturday,1,0,0,163,30835.29,0.0,0.0,38966.0,29221.298571428575,16713.311675144294,20010.92642857143,16081.907316378658,19514.339,13193.85487974462,193
2010-06-13,21147.77,2010,2,6,June,23,13,6,Sunday,1,0,0,164,0.0,25457.15,10702.97,16895.24,28605.67285714286,16952.722529082384,20756.983571428573,15857.593669687123,19656.09,13187.588218923747,194
2010-06-14,21317.37,2010,2,6,June,24,14,0,Monday,0,0,0,165,21147.77,45523.11,0.0,0.0,25147.71,15316.581081155162,22279.65285714286,14691.768920886068,20366.669,12655.532127694421,195
2010-06-15,26937.46,2010,2,6,June,24,15,1,Tuesday,0,0,0,166,21317.37,48215.48,13093.79,18370.09,22107.992857142857,11647.517376556716,23268.48642857143,14490.450350339,20652.248000000003,12705.48973845188,196
2010-06-16,29229.94,2010,2,6,June,24,16,2,Wednesday,0,0,0,167,26937.46,36508.94,13714.76,23290.76,21068.135714285716,10406.357820859423,24376.713571428572,14295.566456431696,20850.220666666668,12793.982791617023,197
2010-06-17,22635.35,2010,2,6,June,24,17,3,Thursday,0,0,0,168,29229.94,18009.12,26644.63,26164.58,21729.02571428572,10326.30018372967,24090.336428571427,14286.79487133517,20732.579666666665,12759.611608995667,198
2010-06-18,17788.69,2010,2,6,June,24,18,4,Friday,0,0,0,169,22635.35,30835.29,11447.73,16575.5,19865.225714285716,9557.551954056824,24543.26214285714,13951.746145495776,20773.019333333334,12747.899188622769,199
2010-06-19,0.0,2010,2,6,June,24,19,5,Saturday,1,0,0,170,17788.69,0.0,0.0,25331.44,19865.225714285716,9557.551954056824,24543.26214285714,13951.746145495776,19928.638,13264.041117378447,200
2010-06-20,9078.58,2010,2,6,June,24,20,6,Sunday,1,0,0,171,0.0,21147.77,25457.15,22494.36,18141.055714285718,10343.905345060059,23373.364285714288,14543.37230870987,19481.445333333333,13400.01313294537,201
2010-06-21,18116.21,2010,2,6,June,25,21,0,Monday,0,0,0,172,9078.58,21317.37,45523.11,0.0,17683.747142857144,10250.414574435057,21415.72857142857,13106.074707628359,20085.319000000003,12890.316413562583,202
2010-06-22,12414.03,2010,2,6,June,25,22,1,Tuesday,0,0,0,173,18116.21,26937.46,48215.48,24824.93,15608.97142857143,9508.170617578393,18858.48214285714,10756.93084456796,19671.62233333333,12932.047701071584,203
2010-06-23,25098.24,2010,2,6,June,25,23,2,Wednesday,0,0,0,174,12414.03,29229.94,36508.94,33536.19,15018.728571428572,8607.250603821238,18043.432142857146,9696.731884215216,19390.357333333333,12709.956072051362,204
2010-06-24,17217.85,2010,2,6,June,25,24,3,Thursday,0,0,0,175,25098.24,22635.35,18009.12,20415.920000000002,14244.800000000001,8032.631706333864,17986.91285714286,9699.252971166537,19283.755,12714.468550132233,205
2010-06-25,12371.59,2010,2,6,June,25,25,4,Friday,0,0,0,176,17217.85,17788.69,30835.29,29586.64,13470.928571428574,7894.055286879765,16668.077142857142,9051.485535492024,18709.92,12621.579211952287,206
2010-06-26,0.0,2010,2,6,June,25,26,5,Saturday,1,0,0,177,12371.59,0.0,0.0,29221.670000000002,13470.928571428574,7894.055286879765,16668.077142857142,9051.485535492024,17735.864333333335,12906.726764452678,207
2010-06-27,18706.920000000002,2010,2,6,June,25,27,6,Sunday,1,0,0,178,0.0,9078.58,21147.77,18569.88,14846.405714285718,7839.812624327319,16493.730714285713,8981.801060655434,17740.432333333334,12907.056367808422,208
2010-06-28,51132.78,2010,2,6,June,26,28,0,Monday,0,0,0,179,18706.920000000002,18116.21,21317.37,0.0,19563.058571428577,15911.513710831572,18623.402857142857,12895.571527186194,19444.858333333334,13826.941370214856,209
2010-06-29,32236.920000000002,2010,2,6,June,26,29,1,Tuesday,0,0,0,180,51132.78,12414.03,26937.46,10702.97,22394.9,16188.681664872123,19001.935714285715,13231.789309360927,20162.65666666667,13916.133181010056,210
2010-06-30,31491.43,2010,2,6,June,26,30,2,Wednesday,0,0,1,181,32236.920000000002,25098.24,29229.94,0.0,23308.21285714286,16543.07666134862,19163.470714285715,13379.241424720052,21212.371,13525.015768451085,211
2010-07-01,28830.02,2010,3,7,July,26,1,3,Thursday,0,1,0,182,31491.43,17217.85,22635.35,13093.79,24967.09428571429,16412.26641759334,19605.947142857145,13603.451338576035,21736.912,13504.428923035066,212
2010-07-02,16726.13,2010,3,7,July,26,2,4,Friday,0,0,0,183,28830.02,12371.59,17788.69,13714.76,25589.17142857143,15930.750338667285,19530.05,13617.32727124355,21837.291,13453.840819136274,213
2010-07-03,0.0,2010,3,7,July,26,3,5,Saturday,1,0,0,184,16726.13,0.0,0.0,26644.63,25589.17142857143,15930.750338667285,19530.05,13617.32727124355,20949.136666666665,13994.163040817217,214
2010-07-04,10376.29,2010,3,7,July,26,4,6,Sunday,1,0,0,185,0.0,18706.920000000002,9078.58,11447.73,24399.08142857143,16817.079687501668,19622.743571428575,13544.935567215109,20913.422000000002,14020.590116270347,215
2010-07-05,30963.57,2010,3,7,July,27,5,0,Monday,0,0,0,186,10376.29,51132.78,18116.21,0.0,21517.765714285717,12696.279143075557,20540.412142857145,13866.40576785222,21945.541,13560.093117384815,216
2010-07-06,19917.28,2010,3,7,July,27,6,1,Tuesday,0,0,0,187,30963.57,32236.920000000002,12414.03,25457.15,19757.817142857144,11783.833399871364,21076.358571428573,13671.791798722386,21760.878666666667,13548.33884054316,217
2010-07-07,24902.95,2010,3,7,July,27,7,2,Wednesday,0,0,0,188,19917.28,31491.43,25098.24,45523.11,18816.605714285717,10922.041524206696,21062.409285714286,13667.47157534911,21073.539999999997,12803.855852223463,218
2010-07-08,19973.45,2010,3,7,July,27,8,3,Thursday,0,0,0,189,24902.95,28830.02,17217.85,48215.48,17551.38142857143,10046.643070622198,21259.23785714286,13627.630150746143,20132.139000000003,11732.891038637206,219
2010-07-09,33408.64,2010,3,7,July,27,9,4,Friday,0,0,0,190,19973.45,16726.13,12371.59,36508.94,19934.597142857143,11666.360553788425,22761.884285714284,13731.67698251561,20028.79566666667,11596.531443503107,220
2010-07-10,0.0,2010,3,7,July,27,10,5,Saturday,1,0,0,191,33408.64,0.0,0.0,18009.12,19934.597142857143,11666.360553788425,22761.884285714284,13731.67698251561,19428.491666666665,12157.2588269393,221
2010-07-11,7609.2300000000005,2010,3,7,July,27,11,6,Sunday,1,0,0,192,0.0,10376.29,18706.920000000002,30835.29,19539.302857142862,12083.621478325826,21969.192142857144,14292.62728352529,18654.289666666667,12145.337631618568,222
2010-07-12,16101.17,2010,3,7,July,28,12,0,Monday,0,0,0,193,7609.2300000000005,30963.57,51132.78,0.0,17416.102857142858,10998.745976252196,19466.934285714287,11608.651403990893,19190.995333333332,11637.723837292866,223
2010-07-13,17419.12,2010,3,7,July,28,13,1,Tuesday,0,0,0,194,16101.17,19917.28,32236.920000000002,21147.77,17059.22285714286,10944.458696551597,18408.52,11015.122030312528,19066.707,11636.015751768042,224
2010-07-14,19418.63,2010,3,7,July,28,14,2,Wednesday,0,0,0,195,17419.12,24902.95,31491.43,21317.37,16275.748571428574,10475.63029004847,17546.177142857145,10365.530038594557,19003.415666666664,11628.513123973855,225
2010-07-15,55836.91,2010,3,7,July,28,15,3,Thursday,0,0,0,196,19418.63,19973.45,28830.02,26937.46,21399.100000000002,18376.1819054848,19475.24071428572,14367.516444527235,19966.730666666666,13374.40321375923,226
2010-07-16,21137.760000000002,2010,3,7,July,28,16,4,Friday,0,0,0,197,55836.91,33408.64,16726.13,29229.94,19646.117142857143,17608.866014230556,19790.35714285714,14350.952950816352,19696.99133333333,13262.27039088856,227
2010-07-17,0.0,2010,3,7,July,28,17,5,Saturday,1,0,0,198,21137.760000000002,0.0,0.0,22635.35,19646.117142857143,17608.866014230556,19790.35714285714,14350.952950816352,18942.479666666666,13725.141217774213,228
2010-07-18,14581.99,2010,3,7,July,28,18,6,Sunday,1,0,0,199,0.0,7609.2300000000005,10376.29,17788.69,20642.225714285716,17001.206229114905,20090.76428571429,14181.751718748497,18835.58966666667,13746.906131378086,229
2010-07-19,28611.56,2010,3,7,July,29,19,0,Monday,0,0,0,200,14581.99,16101.17,30963.57,0.0,22429.42428571429,17101.542962993,19922.76357142857,14056.419228082552,19789.308333333338,13382.758074033829,230
2010-07-20,23124.39,2010,3,7,July,29,20,1,Tuesday,0,0,0,201,28611.56,17419.12,19917.28,9078.58,23244.46285714286,16958.313809106257,20151.84285714286,14082.432260836084,20257.502,13240.05821607041,231
2010-07-21,19142.73,2010,3,7,July,29,21,2,Wednesday,0,0,0,202,23124.39,19418.63,24902.95,18116.21,23205.048571428575,16969.005001609486,19740.398571428574,14016.937444023173,20291.719333333334,13235.65920845546,232
2010-07-22,21620.39,2010,3,7,July,29,22,3,Thursday,0,0,0,203,19142.73,55836.91,19973.45,12414.03,18316.97428571429,9111.372521961881,19858.037142857145,14025.951963194402,20598.598,13153.182002341742,233
2010-07-23,23886.329999999998,2010,3,7,July,29,23,4,Friday,0,0,0,204,21620.39,21137.760000000002,33408.64,25098.24,18709.627142857145,9310.248050459804,19177.872142857144,13540.784074927777,20558.201,13140.741007897414,234
2010-07-24,0.0,2010,3,7,July,29,24,5,Saturday,1,0,0,205,23886.329999999998,0.0,0.0,17217.85,18709.627142857145,9310.248050459804,19177.872142857144,13540.784074927777,19984.272666666668,13657.501443202891,235
2010-07-25,17230.6,2010,3,7,July,29,25,6,Sunday,1,0,0,206,0.0,14581.99,7609.2300000000005,12371.59,19088.0,9167.26316246749,19865.11285714286,13146.900846579423,20146.23966666667,13592.766586732929,236
2010-07-26,20232.85,2010,3,7,July,30,26,0,Monday,0,0,0,207,17230.6,28611.56,16101.17,0.0,17891.04142857143,8213.969818105477,20160.23285714286,13102.206648206777,20820.668,13049.80740021658,237
2010-07-27,28265.86,2010,3,7,July,30,27,1,Tuesday,0,0,0,208,20232.85,23124.39,17419.12,18706.920000000002,18625.537142857145,8956.26723284077,20935.0,13247.540966604953,21139.299333333332,13112.962654553306,238
2010-07-28,23252.72,2010,3,7,July,30,28,2,Wednesday,0,0,0,209,28265.86,19142.73,19418.63,51132.78,19212.678571428572,9128.878388738733,21208.863571428574,13253.411381008857,20209.964,11840.159070125988,239
2010-07-29,32801.91,2010,3,7,July,30,29,3,Thursday,0,0,0,210,23252.72,21620.39,55836.91,32236.920000000002,20810.038571428573,10496.251295320366,19563.50642857143,9530.85756209117,20228.797,11860.380918397335,240
2010-07-30,14363.69,2010,3,7,July,30,30,4,Friday,0,0,0,211,32801.91,23886.329999999998,21137.760000000002,31491.43,19449.661428571428,10647.106075379408,19079.644285714287,9616.357445891299,19657.872333333336,11710.832531925793,241
2010-07-31,0.0,2010,3,7,July,30,31,5,Saturday,1,0,1,212,14363.69,0.0,0.0,28830.02,19449.661428571428,10647.106075379408,19079.644285714287,9616.357445891299,18696.871666666666,12108.364653024832,242
2010-08-01,30637.95,2010,3,8,August,30,1,6,Sunday,1,1,0,213,0.0,17230.6,14581.99,16726.13,21364.997142857144,11363.238959668322,20226.49857142857,9988.909185178893,19160.599,12295.242394160472,243
2010-08-02,26124.16,2010,3,8,August,31,2,0,Monday,0,0,0,214,30637.95,20232.85,28611.56,0.0,22206.61285714286,11482.950062310818,20048.827142857142,9849.440446740267,20031.404333333332,11806.821742781516,244
2010-08-03,22362.79,2010,3,8,August,31,3,1,Tuesday,0,0,0,215,26124.16,28265.86,23124.39,10376.29,21363.317142857148,11176.468841057267,19994.42714285714,9833.236843467632,20430.954333333335,11670.852391188992,245
2010-08-04,17555.5,2010,3,8,August,31,4,2,Wednesday,0,0,0,216,22362.79,23252.72,19142.73,30963.57,20549.428571428576,11223.290222573523,19881.053571428572,9852.942302869253,19984.018666666667,11509.20886269345,246
2010-08-05,23145.06,2010,3,8,August,31,5,3,Thursday,0,0,0,217,17555.5,32801.91,21620.39,19917.28,19169.878571428573,9992.208251588556,19989.95857142857,9882.029295160624,20091.61133333333,11523.64168599933,247
2010-08-06,14728.15,2010,3,8,August,31,6,4,Friday,0,0,0,218,23145.06,14363.69,23886.329999999998,24902.95,19221.94428571429,9963.90053063702,19335.802857142855,9907.349960931804,19752.451333333334,11526.883219692672,248
2010-08-07,0.0,2010,3,8,August,31,7,5,Saturday,1,0,0,219,14728.15,0.0,0.0,19973.45,19221.94428571429,9963.90053063702,19335.802857142855,9907.349960931804,19086.669666666665,12077.357844312171,249
2010-08-08,13950.710000000001,2010,3,8,August,31,8,6,Sunday,1,0,0,220,0.0,30637.95,17230.6,33408.64,16838.052857142862,8692.48754893503,19101.525,9999.313525046626,18438.071999999996,11801.013226458022,250
2010-08-09,31336.59,2010,3,8,August,32,9,0,Monday,0,0,0,221,13950.710000000001,26124.16,20232.85,0.0,17582.685714285715,9776.250862003728,19894.649285714288,10522.61957762598,19482.625,11495.6213858911,251
2010-08-10,28209.74,2010,3,8,August,32,10,1,Tuesday,0,0,0,222,31336.59,22362.79,28265.86,7609.2300000000005,18417.96428571429,10477.3687796362,19890.640714285717,10519.195406067782,20169.308666666668,11376.577592822992,252
2010-08-11,18629.86,2010,3,8,August,32,11,2,Wednesday,0,0,0,223,28209.74,17555.5,23252.72,16101.17,18571.44428571429,10470.49586253179,19560.436428571433,10478.015954975286,20253.598333333335,11354.743838634162,253
2010-08-12,26031.28,2010,3,8,August,32,12,3,Thursday,0,0,0,224,18629.86,23145.06,32801.91,17419.12,18983.76142857143,10734.126667176099,19076.820000000003,9963.454161888123,20540.670333333335,11389.424994738869,254
2010-08-13,15150.14,2010,3,8,August,32,13,4,Friday,0,0,0,225,26031.28,14728.15,14363.69,19418.63,19044.045714285716,10707.394929850834,19132.995,9937.018928715086,20398.387333333332,11430.51354748059,255
2010-08-14,0.0,2010,3,8,August,32,14,5,Saturday,1,0,0,226,15150.14,0.0,0.0,55836.91,19044.045714285716,10707.394929850834,19132.995,9937.018928715086,18537.157,9905.279896841203,256
2010-08-15,20484.46,2010,3,8,August,32,15,6,Sunday,1,0,0,227,0.0,13950.710000000001,30637.95,21137.760000000002,19977.43857142857,10471.580636326164,18407.745714285713,9388.10681410482,18515.380333333334,9900.082116556152,257
2010-08-16,14270.74,2010,3,8,August,33,16,0,Monday,0,0,0,228,20484.46,31336.59,26124.16,0.0,17539.460000000003,9308.185617537578,17561.07285714286,9170.651105407615,18991.071666666667,9304.700975119333,258
2010-08-17,28802.52,2010,3,8,August,33,17,1,Tuesday,0,0,0,229,14270.74,28209.74,22362.79,14581.99,17624.14285714286,9423.42262595659,18021.053571428572,9582.285084799876,19465.089333333333,9433.670587152323,259
2010-08-18,35122.520000000004,2010,3,8,August,33,18,2,Wednesday,0,0,0,230,28802.52,18629.86,17555.5,28611.56,19980.237142857146,11540.71659823271,19275.840714285714,10611.542988826575,19682.121333333333,9721.845653519356,260
2010-08-19,30663.35,2010,3,8,August,33,19,3,Thursday,0,0,0,231,35122.520000000004,26031.28,23145.06,23124.39,20641.961428571434,12066.326871723686,19812.861428571432,11005.348392883156,19933.42,9909.5179660678,261
2010-08-20,23250.77,2010,3,8,August,33,20,4,Friday,0,0,0,232,30663.35,15150.14,14728.15,19142.73,21799.19428571429,11838.137025528782,20421.62,10937.960431772231,20070.354666666666,9926.583831817888,262
2010-08-21,0.0,2010,3,8,August,33,21,5,Saturday,1,0,0,233,23250.77,0.0,0.0,21620.39,21799.19428571429,11838.137025528782,20421.62,10937.960431772231,19349.675,10573.894467338509,263
2010-08-22,22677.010000000002,2010,3,8,August,33,22,6,Sunday,1,0,0,234,0.0,20484.46,13950.710000000001,23886.329999999998,22112.41571428572,11826.55352694501,21044.927142857145,10788.46129327526,19309.364333333335,10558.29671004609,264
2010-08-23,20655.35,2010,3,8,August,34,23,0,Monday,0,0,0,235,22677.010000000002,14270.74,31336.59,0.0,23024.50285714286,11357.905116032212,20281.981428571427,10374.398598689453,19997.876,9909.225812877117,265
2010-08-24,26577.16,2010,3,8,August,34,24,1,Tuesday,0,0,0,236,20655.35,28802.52,28209.74,17230.6,22706.594285714287,11199.25950976055,20165.368571428575,10287.241684426268,20309.428,9965.988976546034,266
2010-08-25,30466.760000000002,2010,3,8,August,34,25,2,Wednesday,0,0,0,237,26577.16,35122.520000000004,18629.86,20232.85,22041.485714285718,10452.343087315976,21010.861428571432,10631.984775812327,20650.558333333334,10136.961362325312,267
2010-08-26,31964.34,2010,3,8,August,34,26,3,Thursday,0,0,0,238,30466.760000000002,30663.35,26031.28,28265.86,22227.34142857143,10641.064742138407,21434.65142857143,10960.656992644774,20773.841000000004,10254.577551154585,268
2010-08-27,12166.64,2010,3,8,August,34,27,4,Friday,0,0,0,239,31964.34,23250.77,15150.14,23252.72,20643.89428571429,11269.521775514497,21221.544285714284,11120.089820538382,20404.305,10361.361953023863,269
2010-08-28,0.0,2010,3,8,August,34,28,5,Saturday,1,0,0,240,12166.64,0.0,0.0,32801.91,20643.89428571429,11269.521775514497,21221.544285714284,11120.089820538382,19310.908000000003,10732.076263648525,270
2010-08-29,14449.3,2010,3,8,August,34,29,6,Sunday,1,0,0,241,0.0,22677.010000000002,20484.46,14363.69,19468.507142857146,11449.75560583823,20790.46142857143,11266.872866348449,19313.761666666665,10730.726730922026,271
2010-08-30,0.0,2010,3,8,August,35,30,0,Monday,0,0,0,242,14449.3,20655.35,14270.74,0.0,16517.742857142857,13560.030272308539,19771.12285714286,12482.114335214825,19313.761666666665,10730.726730922028,272
2010-08-31,22811.75,2010,3,8,August,35,31,1,Tuesday,0,0,1,243,0.0,26577.16,28802.52,30637.95,15979.827142857144,13163.356368888497,19343.210714285717,12249.198006549992,19052.888333333332,10539.357147064507,273
2010-09-01,20351.36,2010,3,9,September,35,1,2,Wednesday,0,1,0,244,22811.75,30466.760000000002,35122.520000000004,26124.16,14534.770000000002,11791.702239689577,18288.12785714286,11391.63674064183,18860.461666666666,10458.18558825312,274
2010-09-02,33430.57,2010,3,9,September,35,2,3,Thursday,0,0,0,245,20351.36,31964.34,30663.35,22362.79,14744.231428571433,12160.178719092954,18485.786428571428,11644.088977186651,19229.387666666666,10776.369885618562,275
2010-09-03,34739.16,2010,3,9,September,35,3,4,Friday,0,0,0,246,33430.57,12166.64,23250.77,17555.5,17968.877142857145,14186.757264005895,19306.385714285716,12386.848561775687,19802.17633333333,11135.037620749496,276
2010-09-04,0.0,2010,3,9,September,35,4,5,Saturday,1,0,0,247,34739.16,0.0,0.0,23145.06,17968.877142857145,14186.757264005895,19306.385714285716,12386.848561775687,19030.674333333332,11683.731214808953,277
2010-09-05,12286.710000000001,2010,3,9,September,35,5,6,Sunday,1,0,0,248,0.0,14449.3,22677.010000000002,14728.15,17659.935714285715,14299.27723428573,18564.22142857143,12480.278763778802,18949.293,11723.169410137942,278
2010-09-06,23717.79,2010,3,9,September,36,6,0,Monday,0,0,0,249,12286.710000000001,0.0,20655.35,0.0,21048.191428571434,12050.43780777478,18782.967142857146,12546.4129381027,19739.886,11188.75677854662,279
2010-09-07,24397.45,2010,3,9,September,36,7,1,Tuesday,0,0,0,250,23717.79,22811.75,26577.16,13950.710000000001,21274.72,12103.90085841476,18627.273571428574,12455.446190934113,20088.110666666667,11164.909006123607,280
2010-09-08,16175.22,2010,3,9,September,36,8,2,Wednesday,0,0,0,251,24397.45,20351.36,30466.760000000002,31336.59,20678.128571428573,12258.924321855535,17606.449285714287,11987.319564089661,19582.731666666667,10979.794590728621,281
2010-09-09,23526.38,2010,3,9,September,36,9,3,Thursday,0,0,0,252,16175.22,33430.57,31964.34,28209.74,19263.24428571429,11054.123244227114,17003.73785714286,11408.015715288933,19426.619666666666,10885.797056463056,282
2010-09-10,15988.35,2010,3,9,September,36,10,4,Friday,0,0,0,253,23526.38,34739.16,12166.64,18629.86,16584.557142857146,8700.146128209039,17276.717142857142,11328.816023542255,19338.569333333333,10903.133108042024,283
2010-09-11,0.0,2010,3,9,September,36,11,5,Saturday,1,0,0,254,15988.35,0.0,0.0,26031.28,16584.557142857146,8700.146128209039,17276.717142857142,11328.816023542255,18470.859999999997,11377.641927007238,284
2010-09-12,15528.75,2010,3,9,September,36,12,6,Sunday,1,0,0,255,0.0,12286.710000000001,14449.3,15150.14,17047.705714285716,8517.598922017998,17353.820714285717,11311.752956790928,18483.480333333333,11374.040907662005,285
2010-09-13,32892.16,2010,3,9,September,37,13,0,Monday,0,0,0,256,15528.75,23717.79,0.0,0.0,18358.330000000005,10245.564109112469,19703.260714285716,10835.949968667644,19579.88566666667,11113.215580095946,286
2010-09-14,19705.02,2010,3,9,September,37,14,1,Tuesday,0,0,0,257,32892.16,24397.45,22811.75,20484.46,17687.98285714286,9933.332354768501,19481.35142857143,10799.143262405898,19553.904333333332,11111.93891698184,287
2010-09-15,33812.4,2010,3,9,September,37,15,2,Wednesday,0,0,0,258,19705.02,16175.22,20351.36,14270.74,20207.579999999998,11585.165359347859,20442.854285714286,11461.502946981785,20205.293,11361.526223663524,288
2010-09-16,27099.271,2010,3,9,September,37,16,3,Thursday,0,0,0,259,33812.4,23526.38,33430.57,28802.52,20717.993,11831.833189930878,19990.618642857145,11026.271189138275,20148.518033333334,11321.267725511556,289
2010-09-17,19486.54,2010,3,9,September,37,17,4,Friday,0,0,0,260,27099.271,15988.35,34739.16,35122.520000000004,21217.734428571428,11671.563897794826,18901.14578571429,10177.803299329635,19627.3187,10962.365089226781,290
2010-09-18,0.0,2010,3,9,September,37,18,5,Saturday,1,0,0,261,19486.54,0.0,0.0,30663.35,21217.734428571428,11671.563897794826,18901.14578571429,10177.803299329635,18605.207033333332,11321.517942058392,291
2010-09-19,22783.53,2010,3,9,September,37,19,6,Sunday,1,0,0,262,0.0,15528.75,12286.710000000001,23250.77,22254.131571428577,11401.175097336569,19650.918642857145,10038.739407912462,18589.632366666665,11315.226447651623,292
2010-09-20,38563.96,2010,3,9,September,38,20,0,Monday,0,0,0,263,22783.53,32892.16,23717.79,0.0,23064.388714285717,12437.631069059806,20711.359357142857,11216.443846568478,19875.0977,11321.05581232458,293
2010-09-21,54698.89,2010,3,9,September,38,21,1,Tuesday,0,0,0,264,38563.96,19705.02,24397.45,22677.010000000002,28063.513000000003,17042.523325148868,22875.74792857143,14442.17341373168,20942.4937,12982.068013702383,294
2010-09-22,27208.8,2010,3,9,September,38,22,2,Wednesday,0,0,0,265,54698.89,33812.4,16175.22,20655.35,27120.141571428572,16852.97596240965,23663.86078571429,14349.150088295788,21160.942033333333,13032.110423171507,295
2010-09-23,34305.1,2010,3,9,September,38,23,3,Thursday,0,0,0,266,27208.8,27099.271,23526.38,26577.16,28149.545714285716,17070.160488171423,24433.76935714286,14627.67095785321,21418.54003333334,13217.91356334333,296
2010-09-24,47106.39,2010,3,9,September,38,24,4,Friday,0,0,0,267,34305.1,19486.54,15988.35,30466.760000000002,32095.238571428574,17905.665336974063,26656.4865,15578.95490521325,21973.194366666667,13940.081183324528,297
2010-09-25,0.0,2010,3,9,September,38,25,5,Saturday,1,0,0,268,47106.39,0.0,0.0,31964.34,32095.238571428574,17905.665336974063,26656.4865,15578.95490521325,20907.716366666664,14365.177024110575,298
2010-09-26,21703.9,2010,3,9,September,38,26,6,Sunday,1,0,0,269,0.0,22783.53,15528.75,12166.64,31941.005714285715,18003.622752683106,27097.568642857143,15325.011512694306,21225.62503333333,14270.280827295963,299
2010-09-27,115172.24,2010,3,9,September,39,27,0,Monday,0,0,0,270,21703.9,38563.96,32892.16,0.0,42885.04571428573,36491.901727020595,32974.717214285716,28138.566339399444,25064.699699999997,21844.96391782328,300
2010-09-28,40015.41,2010,3,9,September,39,28,1,Tuesday,0,0,0,271,115172.24,54698.89,19705.02,14449.3,40787.40571428572,36119.755876033574,34425.459357142856,27924.55117098339,25916.90336666667,21915.134515041387,301
2010-09-29,36740.03,2010,3,9,September,39,29,2,Wednesday,0,0,0,272,40015.41,27208.8,33812.4,0.0,42149.01000000001,35699.779506037106,34634.57578571428,27930.568359177487,27141.571033333334,21438.267723660574,302
2010-09-30,37578.57,2010,3,9,September,39,30,3,Thursday,0,0,1,273,36740.03,34305.1,27099.271,22811.75,42616.64857142857,35601.20957109249,35383.09714285714,27853.40572999685,27633.798366666666,21504.847353776928,303
2010-10-01,34550.89,2010,4,10,October,39,1,4,Friday,0,1,0,274,37578.57,47106.39,19486.54,20351.36,40823.00571428572,35653.553674898874,36459.122142857144,27480.54019511797,28107.116033333336,21495.297554116674,304
2010-10-02,0.0,2010,4,10,October,39,2,5,Saturday,1,0,0,275,34550.89,0.0,0.0,33430.57,40823.00571428572,35653.553674898874,36459.122142857144,27480.54019511797,26992.7637,22068.704684542034,305
2010-10-03,38335.52,2010,4,10,October,39,3,6,Sunday,1,0,0,276,0.0,21703.9,22783.53,34739.16,43198.95142857143,34708.75704462657,37569.978571428575,27198.082770090987,27112.64236666667,22121.938249210954,306
2010-10-04,34956.56,2010,4,10,October,40,4,0,Monday,0,0,0,277,38335.52,115172.24,38563.96,0.0,31739.568571428576,14122.956807429326,37312.30714285714,27205.028687345904,28277.861033333334,21558.040372730826,307
2010-10-05,55108.91,2010,4,10,October,40,5,1,Tuesday,0,0,0,278,34956.56,40015.41,54698.89,12286.710000000001,33895.78285714286,16542.063560511142,37341.59428571429,27225.39880038962,29705.2677,21878.02205345775,308
2010-10-06,30355.010000000002,2010,4,10,October,40,6,2,Wednesday,0,0,0,279,55108.91,36740.03,27208.8,23717.79,32983.637142857144,16535.126564516846,37566.32357142858,27148.200411164973,29926.50836666667,21848.926015621313,309
2010-10-07,47610.92,2010,4,10,October,40,7,3,Thursday,0,0,0,280,30355.010000000002,37578.57,34305.1,24397.45,34416.83,17411.33809948947,38516.739285714284,27257.93390521328,30700.2907,22056.43015826054,310
2010-10-08,51836.73,2010,4,10,October,40,8,4,Friday,0,0,0,281,47610.92,34550.89,47106.39,16175.22,36886.235714285714,18617.542615960236,38854.62071428572,27401.538768345843,31889.007700000002,22207.079620387325,311
2010-10-09,0.0,2010,4,10,October,40,9,5,Saturday,1,0,0,282,51836.73,0.0,0.0,23526.38,36886.235714285714,18617.542615960236,38854.62071428572,27401.538768345843,31104.795033333336,22916.64261800948,312
2010-10-10,23139.31,2010,4,10,October,40,10,6,Sunday,1,0,0,283,0.0,38335.52,21703.9,15988.35,34715.34857142858,19294.064903862218,38957.15,27335.033660144734,31343.160366666667,22790.833198044777,313
2010-10-11,39962.9,2010,4,10,October,41,11,0,Monday,0,0,0,284,23139.31,34956.56,115172.24,0.0,35430.54000000001,19397.00906786233,33585.05428571429,16412.688955810365,32675.257033333335,22051.59468912305,314
2010-10-12,46566.35,2010,4,10,October,41,12,1,Tuesday,0,0,0,285,39962.9,55108.91,40015.41,15528.75,34210.174285714296,18183.356565072412,34052.97857142857,16700.971606401003,33709.8437,21947.24135905556,315
2010-10-13,51564.7,2010,4,10,October,41,13,2,Wednesday,0,0,0,286,46566.35,30355.010000000002,36740.03,32892.16,37240.130000000005,19174.025770642602,35111.883571428574,17342.109951917868,34332.2617,22186.720054686033,316
2010-10-14,86945.13,2010,4,10,October,41,14,3,Thursday,0,0,0,287,51564.7,47610.92,37578.57,19705.02,42859.30285714286,26919.22361469075,38638.06642857142,22216.17478047732,36573.598699999995,23981.829199841737,317
2010-10-15,42398.82,2010,4,10,October,41,15,4,Friday,0,0,0,288,86945.13,51836.73,34550.89,33812.4,41511.030000000006,26629.4341177252,39198.63285714285,22204.12029430622,36859.8127,23998.970705414013,318
2010-10-16,0.0,2010,4,10,October,41,16,5,Saturday,1,0,0,289,42398.82,0.0,0.0,27099.271,41511.030000000006,26629.4341177252,39198.63285714285,22204.12029430622,35956.503666666664,24873.10266849748,319
2010-10-17,31176.14,2010,4,10,October,41,17,6,Sunday,1,0,0,290,0.0,23139.31,38335.52,19486.54,42659.14857142857,25867.686374950787,38687.24857142857,22307.730098613392,36346.15700000001,24697.133113233045,320
2010-10-18,36591.44,2010,4,10,October,42,18,0,Monday,0,0,0,291,31176.14,39962.9,34956.56,0.0,42177.51142857143,25957.486720097048,38804.025714285715,22290.971176205185,37565.87166666667,23724.63368083812,321
2010-10-19,46577.64,2010,4,10,October,42,19,1,Tuesday,0,0,0,292,36591.44,46566.35,55108.91,22783.53,42179.124285714286,25957.805217230176,38194.64928571428,21924.55107928813,38359.00866666667,23610.862060332438,322
2010-10-20,43387.26,2010,4,10,October,42,20,2,Wednesday,0,0,0,293,46577.64,51564.7,30355.010000000002,38563.96,41010.91857142858,25647.168584638755,39125.52428571428,21842.59967366053,38519.78533333333,23628.721011146383,323
2010-10-21,32847.8,2010,4,10,October,42,21,3,Thursday,0,0,0,294,43387.26,86945.13,47610.92,54698.89,33282.728571428575,15733.583078705069,38071.01571428571,21757.63196204908,37791.41566666667,23448.894952804476,324
2010-10-22,32843.94,2010,4,10,October,42,22,4,Friday,0,0,0,295,32847.8,42398.82,51836.73,27208.8,31917.74571428572,15216.881984829506,36714.38785714286,21422.83184339662,37979.253666666664,23383.678974003742,325
2010-10-23,0.0,2010,4,10,October,42,23,5,Saturday,1,0,0,296,32843.94,0.0,0.0,34305.1,31917.74571428572,15216.881984829506,36714.38785714286,21422.83184339662,36835.75033333334,24386.820307168095,326
2010-10-24,28634.59,2010,4,10,October,42,24,6,Sunday,1,0,0,297,0.0,31176.14,23139.31,47106.39,31554.66714285715,15267.761973664992,37106.90785714286,21204.19733803632,36220.02366666667,24351.72765090967,327
2010-10-25,27945.06,2010,4,10,October,43,25,0,Monday,0,0,0,298,28634.59,36591.44,39962.9,0.0,30319.470000000005,15141.595761049546,36248.49071428571,21322.613937962822,37151.52566666667,23435.712931725346,328
2010-10-26,42545.95,2010,4,10,October,43,26,1,Tuesday,0,0,0,299,27945.06,46577.64,46566.35,21703.9,29743.51428571429,14482.427165902205,35961.319285714286,21199.683372309493,37846.26066666667,23270.328563002615,329
2010-10-27,30480.55,2010,4,10,October,43,27,2,Wednesday,0,0,0,300,42545.95,43387.26,51564.7,115172.24,27899.698571428573,13222.69519616612,34455.30857142857,20750.098910917106,35023.204333333335,18137.021343671928,330
2010-10-28,30701.3,2010,4,10,October,43,28,3,Thursday,0,0,0,301,30480.55,32847.8,86945.13,40015.41,27593.055714285718,13113.257054272553,30437.89214285714,14224.362099176147,34712.734000000004,18128.335353724,331
2010-10-29,36100.95,2010,4,10,October,43,29,4,Friday,0,0,0,302,30701.3,32843.94,42398.82,36740.03,28058.34285714286,13385.57742464095,29988.044285714284,13913.18010552952,34691.431333333334,18126.24629598456,332
2010-10-30,0.0,2010,4,10,October,43,30,5,Saturday,1,0,0,303,36100.95,0.0,0.0,37578.57,28058.34285714286,13385.57742464095,29988.044285714284,13913.18010552952,33438.812333333335,19187.236729586068,333
2010-10-31,29947.64,2010,4,10,October,43,31,6,Sunday,1,0,1,304,0.0,28634.59,31176.14,34550.89,28245.92142857143,13404.185794168225,29900.294285714284,13908.983839012197,33285.37066666667,19196.440747117656,334
2010-11-01,20730.24,2010,4,11,November,44,1,0,Monday,0,1,0,305,29947.64,27945.06,36591.44,0.0,27215.232857142862,13705.180881970296,28767.351428571426,13967.892963805243,33976.378666666664,18309.586171454983,335
2010-11-02,42866.91,2010,4,11,November,44,2,1,Tuesday,0,0,0,306,20730.24,42545.95,46577.64,38335.52,27261.08428571429,13765.423415455198,28502.29928571429,13635.175314101512,34127.425,18365.393253869264,336
2010-11-03,42870.87,2010,4,11,November,44,3,2,Wednesday,0,0,0,307,42866.91,30480.55,43387.26,34956.56,29031.130000000005,14990.498705215481,28465.41428571429,13592.443596074687,34391.23533333334,18434.42703258314,337
2010-11-04,83876.12,2010,4,11,November,44,4,3,Thursday,0,0,0,308,42870.87,30701.3,32847.8,55108.91,36627.53285714286,25656.50149663675,32110.294285714284,20128.352942031666,35350.14233333334,20211.7766869145,338
2010-11-05,40907.93,2010,4,11,November,44,5,4,Friday,0,0,0,309,83876.12,36100.95,32843.94,30355.010000000002,37314.24428571429,25704.344368134127,32686.293571428574,20265.87317808725,35701.90633333333,20213.675046584674,339
2010-11-06,0.0,2010,4,11,November,44,6,5,Saturday,1,0,0,310,40907.93,0.0,0.0,47610.92,37314.24428571429,25704.344368134123,32686.29357142857,20265.87317808725,34114.87566666667,21096.19072249098,340
2010-11-07,31345.79,2010,4,11,November,44,7,6,Sunday,1,0,0,311,0.0,29947.64,28634.59,51836.73,37513.979999999996,25642.9205426605,32879.95071428571,20237.11101391296,33431.844333333334,20832.696770602037,341
2010-11-08,32303.991,2010,4,11,November,45,8,0,Monday,0,0,0,312,31345.79,20730.24,27945.06,0.0,39167.37300000001,24737.523258700796,33191.30292857143,20188.820266661773,34508.64403333333,19857.106169290175,342
2010-11-09,53013.21,2010,4,11,November,45,9,1,Tuesday,0,0,0,313,32303.991,42866.91,42545.95,23139.31,40616.84442857143,25281.693634291536,33938.96435714285,20747.979772696657,35504.44070000001,20015.721555600223,343
2010-11-10,73575.93000000001,2010,4,11,November,45,10,2,Wednesday,0,0,0,314,53013.21,42870.87,30480.55,39962.9,45003.281571428575,28229.768781906754,37017.205785714286,23242.35700982534,36624.87503333333,21180.784572163157,344
2010-11-11,59712.61,2010,4,11,November,45,11,3,Thursday,0,0,0,315,73575.93000000001,83876.12,30701.3,46566.35,41551.351571428575,23816.573721993696,39089.442214285715,23919.360495972105,37063.083699999996,21526.722121819603,345
2010-11-12,36167.25,2010,4,11,November,45,12,4,Friday,0,0,0,316,59712.61,40907.93,36100.95,51564.7,40874.111571428584,23905.156638337274,39094.17792857143,23918.72985535692,36549.835366666666,21351.892527883745,346
2010-11-13,0.0,2010,4,11,November,45,13,5,Saturday,1,0,0,317,36167.25,0.0,0.0,86945.13,40874.111571428584,23905.156638337274,39094.17792857143,23918.72985535692,33651.664366666664,20142.09780101109,347
2010-11-14,27934.71,2010,4,11,November,45,14,6,Sunday,1,0,0,318,0.0,31345.79,29947.64,42398.82,40386.81442857144,24165.112852142596,38950.39721428572,23983.90235854179,33169.52736666667,20098.564165471005,348
2010-11-15,42964.04,2010,4,11,November,46,15,0,Monday,0,0,0,319,27934.71,32303.991,20730.24,0.0,41909.67857142857,23905.34223984981,40538.525785714286,23413.972664168297,34601.662033333334,19162.46403130936,349
2010-11-16,63788.840000000004,2010,4,11,November,46,16,1,Tuesday,0,0,0,320,42964.04,53013.21,42866.91,31176.14,43449.054285714294,25058.64414106162,42032.949357142854,24227.5637995578,35688.75203333333,19873.309966054487,350
2010-11-17,45726.741,2010,4,11,November,46,17,2,Wednesday,0,0,0,321,63788.840000000004,73575.93000000001,42870.87,36591.44,39470.59871428572,21425.749043529257,42236.940142857144,24247.176574618225,35993.26206666666,19957.428491077142,351
2010-11-18,37074.97,2010,4,11,November,46,18,3,Thursday,0,0,0,322,45726.741,59712.61,83876.12,46577.64,36236.65014285715,19481.475752472234,38894.000857142855,21084.817117752584,35676.5064,19858.81253053381,352
2010-11-19,39999.42,2010,4,11,November,46,19,4,Friday,0,0,0,323,37074.97,36167.25,40907.93,43387.26,36784.103,19532.97670252121,38829.107285714286,21079.53939065504,35563.5784,19823.053365733947,353
2010-11-20,0.0,2010,4,11,November,46,20,5,Saturday,1,0,0,324,39999.42,0.0,0.0,32847.8,36784.103,19532.97670252121,38829.107285714286,21079.53939065504,34468.65173333333,20858.37020579265,354
2010-11-21,32056.05,2010,4,11,November,46,21,6,Sunday,1,0,0,325,0.0,27934.71,31345.79,32843.94,37372.86585714286,19282.285955232423,38879.840142857145,21060.990162029037,34442.38873333333,20860.98229591776,355
2010-11-22,31724.88,2010,4,11,November,47,22,0,Monday,0,0,0,326,32056.05,42964.04,32303.991,0.0,35767.27157142858,19206.909758515834,38838.47507142858,21075.46275355532,35499.88473333334,19833.613636454487,356
2010-11-23,49805.35,2010,4,11,November,47,23,1,Tuesday,0,0,0,327,31724.88,63788.840000000004,53013.21,28634.59,33769.630142857146,16316.44183362405,38609.34221428571,20926.411179087358,36205.57673333333,19957.168529109258,357
2010-11-24,41138.6,2010,4,11,November,47,24,2,Wednesday,0,0,0,328,49805.35,45726.741,73575.93000000001,27945.06,33114.18142857143,15841.293982533365,36292.39007142857,18400.397247362074,36645.3614,19914.18222803965,358
2010-11-25,67870.96,2010,4,11,November,47,25,3,Thursday,0,0,0,329,41138.6,37074.97,59712.61,42545.95,37513.60857142857,20666.158595252957,36875.12935714286,19306.06766192532,37489.528399999996,20694.416609084932,359
2010-11-26,28828.04,2010,4,11,November,47,26,4,Friday,0,0,0,330,67870.96,39999.42,36167.25,30480.55,35917.69714285715,20872.517722436456,36350.90007142857,19426.03795165825,37434.44473333333,20715.904319697016,360
2010-11-27,0.0,2010,4,11,November,47,27,5,Saturday,1,0,0,331,28828.04,0.0,0.0,30701.3,35917.69714285715,20872.517722436456,36350.90007142857,19426.03795165825,36411.068066666674,21790.456216947954,361
2010-11-28,27125.16,2010,4,11,November,47,28,6,Sunday,1,0,0,332,0.0,32056.05,27934.71,36100.95,35213.28428571429,21106.456298488276,36293.075071428575,19454.201778316463,36111.87506666666,21856.382247888687,362
2010-11-29,63245.18,2010,4,11,November,48,29,0,Monday,0,0,0,333,27125.16,31724.88,42964.04,0.0,39716.18428571429,23468.349036116608,37741.72792857144,20704.12709583108,38220.04773333333,21296.07286122635,363
2010-11-30,49806.23,2010,4,11,November,48,30,1,Tuesday,0,0,1,334,63245.18,49805.35,63788.840000000004,29947.64,39716.310000000005,23468.412091154216,36742.97007142857,19662.002296059676,38882.000733333334,21338.665162493027,364
2010-12-01,46192.49,2010,4,12,December,48,1,2,Wednesday,0,1,0,335,49806.23,41138.6,45726.741,20730.24,40438.29428571429,23596.84783280729,36776.237857142856,19678.758829917686,39730.7424,21096.793562291678,365
2010-12-02,47197.57,2010,4,12,December,48,2,3,Thursday,0,0,0,336,46192.49,67870.96,37074.97,42866.91,37484.95285714286,20708.0839557162,37499.28071428572,19875.558990168494,39875.097733333336,21133.776750952224,366
2010-12-03,23876.63,2010,4,12,December,48,3,4,Friday,0,0,0,337,47197.57,28828.04,39999.42,42870.87,36777.60857142858,21133.269213494816,36347.65285714286,20184.24833144033,39241.9564,21324.592693620118,367
2010-12-04,0.0,2010,4,12,December,48,4,5,Saturday,1,0,0,338,23876.63,0.0,0.0,83876.12,36777.60857142858,21133.269213494816,36347.65285714286,20184.24833144033,36446.08573333334,20761.88911675896,368
2010-12-05,31361.28,2010,4,12,December,48,5,6,Sunday,1,0,0,339,0.0,27125.16,32056.05,40907.93,37382.768571428576,20869.80964332085,36298.02642857143,20196.462046228084,36127.86406666667,20764.30491161488,369
2010-12-06,31009.33,2010,4,12,December,49,6,0,Monday,0,0,0,340,31361.28,63245.18,31724.88,0.0,32777.647142857146,17495.71432289703,36246.91571428572,20209.82643473282,37161.508400000006,19645.52998745342,370
2010-12-07,53730.96,2010,4,12,December,49,7,1,Tuesday,0,0,0,341,31009.33,49806.23,49805.35,31345.79,33338.322857142855,18181.805478651568,36527.31642857143,20438.35387629216,37907.680733333335,19841.161984044506,371
2010-12-08,39094.2,2010,4,12,December,49,8,2,Wednesday,0,0,0,342,53730.96,46192.49,41138.6,32303.991,32324.281428571434,17531.737180497774,36381.28785714286,20410.15666001917,38134.02103333334,19813.744053261296,372
2010-12-09,38193.91,2010,4,12,December,49,9,3,Thursday,0,0,0,343,39094.2,47197.57,67870.96,53013.21,31038.044285714288,16562.144769122217,34261.49857142857,18322.423185962303,37640.04436666667,19613.719760801585,373
2010-12-10,33488.38,2010,4,12,December,49,10,4,Friday,0,0,0,344,38193.91,23876.63,28828.04,73575.93000000001,32411.151428571433,16265.239849040492,34594.38,18258.337163971853,36303.792700000005,18409.633411532926,374
2010-12-11,0.0,2010,4,12,December,49,11,5,Saturday,1,0,0,345,33488.38,0.0,0.0,59712.61,32411.151428571433,16265.239849040492,34594.38,18258.337163971853,34313.37236666666,19009.673501144414,375
2010-12-12,17102.35,2010,4,12,December,49,12,6,Sunday,1,0,0,346,0.0,31361.28,27125.16,36167.25,30374.161428571428,17279.853574915353,33878.465000000004,18763.253313947975,33677.875700000004,19262.55046332261,376
2010-12-13,27578.34,2010,4,12,December,50,13,0,Monday,0,0,0,347,17102.35,31009.33,63245.18,0.0,29884.020000000008,17307.47211192035,31330.83357142857,16786.435541798677,34597.1537,18230.310609892724,377
2010-12-14,29235.13,2010,4,12,December,50,14,1,Tuesday,0,0,0,348,27578.34,53730.96,49806.23,27934.71,26384.615714285723,13804.076957030826,29861.469285714287,15922.94594214727,34640.501033333334,18215.462638995257,378
2010-12-15,30251.47,2010,4,12,December,50,15,2,Wednesday,0,0,0,349,29235.13,39094.2,46192.49,42964.04,25121.368571428575,12816.41993536346,28722.825,15219.72760508881,34216.748700000004,18162.945043277185,379
2010-12-16,48791.87,2010,4,12,December,50,16,3,Thursday,0,0,0,350,30251.47,38193.91,47197.57,63788.840000000004,26635.362857142864,15049.472678223357,28836.703571428574,15373.779417819216,33716.8497,17515.818676621562,380
2010-12-17,19966.36,2010,4,12,December,50,17,4,Friday,0,0,0,351,48791.87,33488.38,23876.63,45726.741,24703.645714285718,14890.213814581808,28557.398571428574,15505.777394545934,32858.170333333335,17538.16703331581,381
2010-12-18,0.0,2010,4,12,December,50,18,5,Saturday,1,0,0,352,19966.36,0.0,0.0,37074.97,24703.645714285718,14890.213814581808,28557.398571428574,15505.777394545934,31622.338,18510.100965938855,382
2010-12-19,7292.95,2010,4,12,December,50,19,6,Sunday,1,0,0,353,0.0,17102.35,31361.28,39999.42,23302.302857142866,16134.420249683331,26838.23214285714,16474.960676907467,30532.122333333336,18957.46400809902,383
2010-12-20,19599.06,2010,4,12,December,51,20,0,Monday,0,0,0,354,7292.95,27578.34,31009.33,0.0,22162.405714285716,16063.680858270405,26023.212857142855,16534.86816222537,31185.424333333332,18191.2209402792,384
2010-12-21,15929.16,2010,4,12,December,51,21,1,Tuesday,0,0,0,355,19599.06,29235.13,53730.96,32056.05,20261.552857142862,15873.396446673232,23323.084285714285,14640.106078764276,30647.861333333338,18401.66920149059,385
2010-12-22,4886.52,2010,4,12,December,51,22,2,Wednesday,0,0,0,356,15929.16,30251.47,39094.2,31724.88,16637.988571428577,16106.261476144895,20879.678571428572,14660.047090307793,29753.249333333337,18990.467910016272,386
2010-12-23,5644.77,2010,4,12,December,51,23,3,Thursday,0,0,0,357,4886.52,48791.87,38193.91,49805.35,10474.117142857149,7931.955823844813,18554.74,14278.994327697357,28281.23,19093.802098648077,387
2010-12-24,0.0,2010,4,12,December,51,24,4,Friday,0,0,0,358,5644.77,19966.36,33488.38,41138.6,7621.780000000005,7529.378066128836,16162.712857142858,14389.433853253513,26909.943333333336,19608.8722637435,388
2010-12-25,0.0,2010,4,12,December,51,25,5,Saturday,1,0,0,359,0.0,0.0,0.0,67870.96,7621.780000000005,7529.378066128836,16162.712857142858,14389.433853253513,24647.578,18609.8968191943,389
2010-12-26,0.0,2010,4,12,December,51,26,6,Sunday,1,0,0,360,0.0,7292.95,17102.35,28828.04,6579.930000000006,8067.780008757183,14941.11642857143,15015.847232136226,23686.643333333333,19123.775150982983,390
2010-12-27,0.0,2010,4,12,December,52,27,0,Monday,0,0,0,361,0.0,19599.06,27578.34,0.0,3780.06428571429,5908.432425214897,12971.235,15039.422978973316,23686.643333333333,19123.775150982983,391
2010-12-28,0.0,2010,4,12,December,52,28,1,Tuesday,0,0,0,362,0.0,15929.16,29235.13,27125.16,1504.4700000000043,2578.6784792801045,10883.011428571432,14631.589469628161,22782.471333333335,19591.12428354101,392
2010-12-29,0.0,2010,4,12,December,52,29,2,Wednesday,0,0,0,363,0.0,4886.52,30251.47,63245.18,806.3957142857186,2133.5225183088564,8722.192142857142,13758.966659054353,20674.29866666667,18456.875008906536,393
2010-12-30,0.0,2010,4,12,December,52,30,3,Thursday,0,0,0,364,0.0,5644.77,48791.87,49806.23,0.0,0.0,5237.058571428572,7653.407958231283,19014.091000000004,17979.969060416297,394
2010-12-31,0.0,2010,4,12,December,52,31,4,Friday,0,0,1,365,0.0,0.0,19966.36,46192.49,0.0,0.0,3810.8900000000003,6465.705748054712,17474.341333333334,17544.863427761582,395
2011-01-01,0.0,2011,1,1,January,52,1,5,Saturday,1,1,0,1,0.0,0.0,0.0,47197.57,0.0,0.0,3810.8900000000003,6465.705748054712,15901.089,16891.615287695866,396
2011-01-02,0.0,2011,1,1,January,52,2,6,Sunday,1,0,0,2,0.0,0.0,7292.95,23876.63,0.0,0.0,3289.9650000000006,6457.366821255754,15105.201333333333,17064.487833532698,397
2011-01-03,0.0,2011,1,1,January,1,3,0,Monday,0,0,0,3,0.0,0.0,19599.06,0.0,0.0,0.0,1890.0321428571428,4467.562950823282,15105.201333333333,17064.487833532698,398
2011-01-04,12105.11,2011,1,1,January,1,4,1,Tuesday,0,0,0,4,0.0,0.0,15929.16,31361.28,1729.3014285714328,4575.3015218689825,1616.8857142857144,3569.9032780746084,14463.329000000002,16791.9172440763,399
2011-01-05,28799.43,2011,1,1,January,1,5,2,Wednesday,0,0,0,5,12105.11,0.0,4886.52,31009.33,5843.505714285719,11082.380484405445,3324.950714285714,8100.475405117392,14389.665666666668,16721.529495518305,400
2011-01-06,34343.79,2011,1,1,January,1,6,3,Thursday,0,0,0,6,28799.43,0.0,5644.77,53730.96,10749.761428571433,14980.738592176158,5374.880714285714,11605.655021788216,13743.426666666666,15476.988261943427,401
2011-01-07,23797.79,2011,1,1,January,1,7,4,Friday,0,0,0,7,34343.79,0.0,0.0,39094.2,14149.445714285717,14834.2165209052,7074.722857142857,12468.568876640447,13233.546333333332,14852.385131758949,402
2011-01-08,0.0,2011,1,1,January,1,8,5,Saturday,1,0,0,8,23797.79,0.0,0.0,38193.91,14149.445714285717,14834.2165209052,7074.722857142857,12468.568876640447,11960.416,14264.361363050997,403
2011-01-09,15590.68,2011,1,1,January,1,9,6,Sunday,1,0,0,9,0.0,0.0,0.0,33488.38,16376.685714285719,13462.72653697472,8188.342857142858,12484.314642788457,11363.826000000001,13695.879246437296,404
2011-01-10,15330.83,2011,1,1,January,2,10,0,Monday,0,0,0,10,15590.68,0.0,0.0,0.0,18566.80428571429,11451.285797880071,9283.402142857143,12382.7841202472,11874.853666666666,13542.401155644366,405
2011-01-11,60243.73,2011,1,1,January,2,11,1,Tuesday,0,0,0,11,15330.83,12105.11,0.0,17102.35,25443.750000000004,18933.909818100634,13586.525714285715,18070.100035396576,13312.899666666668,16155.157640873078,406
2011-01-12,17124.74,2011,1,1,January,2,12,2,Wednesday,0,0,0,12,60243.73,28799.43,0.0,27578.34,23775.93714285715,19102.494544920693,14809.721428571429,17654.4809511975,12964.446333333333,15948.266775031823,407
2011-01-13,15159.46,2011,1,1,January,2,13,3,Thursday,0,0,0,13,17124.74,34343.79,0.0,29235.13,21035.318571428576,18705.69886557344,15892.539999999999,17133.477335740132,12495.257333333333,15657.484680612046,408
2011-01-14,39509.7,2011,1,1,January,2,14,4,Friday,0,0,0,14,15159.46,23797.79,0.0,30251.47,23279.877142857145,19990.932272773694,18714.661428571428,17562.90855707374,12803.865,16104.387743025285,409
2011-01-15,0.0,2011,1,1,January,2,15,5,Saturday,1,0,0,15,39509.7,0.0,0.0,48791.87,23279.877142857145,19990.932272773694,18714.661428571428,17562.90855707374,11177.469333333334,14751.546268308131,410
2011-01-16,6976.39,2011,1,1,January,2,16,6,Sunday,1,0,0,16,0.0,15590.68,0.0,19966.36,22049.26428571429,20792.239430030048,19212.975000000002,17083.49827875274,10744.470333333333,14675.119956355571,411
2011-01-17,16527.05,2011,1,1,January,3,17,0,Monday,0,0,0,17,6976.39,15330.83,0.0,0.0,22220.15285714286,20732.648946903162,20393.47857142857,16201.999919114318,11295.372,14567.68392324165,412
2011-01-18,87559.21,2011,1,1,January,3,18,1,Tuesday,0,0,0,18,16527.05,60243.73,12105.11,7292.95,26122.36428571429,29709.32958258224,25783.057142857146,23936.51064185528,13970.914,20120.073084247153,413
2011-01-19,21586.78,2011,1,1,January,3,19,2,Wednesday,0,0,0,19,87559.21,17124.74,28799.43,19599.06,26759.798571428575,29531.43977251107,25267.867857142857,23944.213045590615,14037.171333333334,20142.50658395375,414
2011-01-20,15197.08,2011,1,1,January,3,20,3,Thursday,0,0,0,20,21586.78,15159.46,34343.79,15929.16,26765.17285714286,29528.98015462761,23900.245714285713,23932.746056727894,14012.768666666667,20140.57876385639,415
2011-01-21,24276.01,2011,1,1,January,3,21,4,Friday,0,0,0,21,15197.08,39509.7,23797.79,4886.52,24588.93142857143,28989.60959315335,23934.40428571429,23932.9298504073,14659.085,20148.721563969215,416
2011-01-22,0.0,2011,1,1,January,3,22,5,Saturday,1,0,0,22,24276.01,0.0,0.0,5644.77,24588.93142857143,28989.60959315335,23934.40428571429,23932.9298504073,14470.926000000001,20261.843895266207,417
2011-01-23,10306.1,2011,1,1,January,3,23,6,Sunday,1,0,0,23,0.0,6976.39,15590.68,0.0,25064.604285714293,28678.094403090363,23556.934285714287,24115.626721555338,14814.462666666666,20094.710897973076,418
2011-01-24,17601.87,2011,1,1,January,4,24,0,Monday,0,0,0,24,10306.1,16527.05,15330.83,0.0,25218.150000000005,28627.59777845033,23719.15142857143,24063.618366516494,15401.191666666668,19903.299487406995,419
2011-01-25,23994.38,2011,1,1,January,4,25,1,Tuesday,0,0,0,25,17601.87,87559.21,60243.73,0.0,16137.460000000005,8709.319360556723,21129.912142857145,21661.598679204726,16201.004333333334,19744.535477986854,420
2011-01-26,17424.45,2011,1,1,January,4,26,2,Wednesday,0,0,0,26,23994.38,21586.78,17124.74,0.0,15542.841428571433,8412.289803459134,21151.32,21657.483650719507,16781.819333333333,19506.371772397695,421
2011-01-27,22050.49,2011,1,1,January,4,27,3,Thursday,0,0,0,27,17424.45,15197.08,15159.46,0.0,16521.900000000005,8757.090152023567,21643.536428571428,21589.02858346358,17516.83566666667,19266.175122895245,422
2011-01-28,17247.2,2011,1,1,January,4,28,4,Friday,0,0,0,28,22050.49,24276.01,39509.7,0.0,15517.784285714291,8097.961340240526,20053.35785714286,20983.228907675126,18091.742333333335,18980.65917015525,423
2011-01-29,0.0,2011,1,1,January,4,29,5,Saturday,1,0,0,29,17247.2,0.0,0.0,0.0,15517.784285714291,8097.961340240526,20053.35785714286,20983.228907675126,18091.742333333335,18980.65917015525,424
2011-01-30,6542.61,2011,1,1,January,4,30,6,Sunday,1,0,0,30,0.0,10306.1,6976.39,0.0,14980.14285714286,8610.367388920875,20022.37357142857,21004.333653674894,18309.829333333335,18802.367525434962,425
2011-01-31,18806.43,2011,1,1,January,5,31,0,Monday,0,0,1,31,6542.61,17601.87,16527.05,0.0,15152.22285714286,8683.224236387776,20185.18642857143,20983.98022408687,18936.710333333336,18481.63028396866,426
2011-02-01,26358.7,2011,1,2,February,5,1,1,Tuesday,0,1,0,32,18806.43,23994.38,87559.21,0.0,15489.982857142862,9119.513082099946,15813.721428571427,8573.545486640161,19815.333666666666,18174.325054254245,427
2011-02-02,17091.15,2011,1,2,February,5,2,2,Wednesday,0,0,0,33,26358.7,17424.45,21586.78,0.0,15442.368571428577,9108.593162308282,15492.605000000001,8423.565235445696,20385.038666666667,17795.692484293595,428
2011-02-03,22171.9,2011,1,2,February,5,3,3,Thursday,0,0,0,34,17091.15,22050.49,15197.08,12105.11,15459.712857142862,9123.376887994491,15990.80642857143,8608.960662583771,20720.598333333335,17728.966269798013,429
2011-02-04,18087.96,2011,1,2,February,5,4,4,Friday,0,0,0,35,22171.9,17247.2,24276.01,28799.43,15579.821428571433,9156.305890094678,15548.802857142859,8304.322149203883,20363.549333333332,17668.41117373154,430
2011-02-05,0.0,2011,1,2,February,5,5,5,Saturday,1,0,0,36,18087.96,0.0,0.0,34343.79,15579.821428571433,9156.305890094678,15548.802857142857,8304.322149203883,19218.75633333333,17843.109682089223,431
2011-02-06,3439.67,2011,1,2,February,5,6,6,Sunday,1,0,0,37,0.0,6542.61,10306.1,23797.79,15136.54428571429,9724.233039544224,15058.343571428573,8824.269085448783,18540.152333333335,18048.896465659476,432
2011-02-07,23382.97,2011,1,2,February,6,7,0,Monday,0,0,0,38,3439.67,18806.43,17601.87,0.0,15790.335714285718,10156.341389537381,15471.279285714287,9083.89563765655,19319.58466666667,17722.581967995022,433
2011-02-08,14153.34,2011,1,2,February,6,8,1,Tuesday,0,0,0,39,23382.97,26358.7,23994.38,15590.68,14046.712857142862,9024.185181521494,14768.347857142859,8748.183201693086,19271.673333333332,17734.948864750062,434
2011-02-09,11910.83,2011,1,2,February,6,9,2,Wednesday,0,0,0,40,14153.34,17091.15,17424.45,15330.83,13306.667142857148,8944.972830127854,14374.517857142857,8743.517695725332,19157.673333333336,17772.106985311802,435
2011-02-10,14155.36,2011,1,2,February,6,10,3,Thursday,0,0,0,41,11910.83,22171.9,22050.49,60243.73,12161.447142857147,8093.4382640708145,13810.580000000002,8460.375701674839,17621.394333333334,16001.875219331661,436
2011-02-11,18579.96,2011,1,2,February,6,11,4,Friday,0,0,0,42,14155.36,18087.96,17247.2,17124.74,12231.732857142862,8155.382983914709,13905.777142857143,8509.375800985892,17669.90166666667,16002.523399382384,437
2011-02-12,0.0,2011,1,2,February,6,12,5,Saturday,1,0,0,43,18579.96,0.0,0.0,15159.46,12231.732857142862,8155.382983914709,13905.777142857143,8509.375800985892,17164.586333333333,16320.713197789513,438
2011-02-13,5645.4800000000005,2011,1,2,February,6,13,6,Sunday,1,0,0,44,0.0,3439.67,6542.61,39509.7,12546.848571428576,7793.639518933546,13841.696428571431,8572.235973342578,16035.779000000002,15887.279910105595,439
2011-02-14,22999.39,2011,1,2,February,7,14,0,Monday,0,0,0,45,5645.4800000000005,23382.97,18806.43,0.0,12492.051428571433,7705.603776037457,14141.19357142857,8828.45477004499,16802.425333333333,15639.778525340522,440
2011-02-15,37750.62,2011,1,2,February,7,15,1,Tuesday,0,0,0,46,22999.39,14153.34,26358.7,6976.39,15863.091428571433,12328.463063905512,14954.902142857143,10422.272109996002,17828.233,15978.633304035622,441
2011-02-16,23413.97,2011,1,2,February,7,16,2,Wednesday,0,0,0,47,37750.62,11910.83,17091.15,16527.05,17506.397142857146,12479.571508502415,15406.532142857144,10656.329018873847,18057.797000000002,16008.738279141062,442
2011-02-17,17659.64,2011,1,2,February,7,17,3,Thursday,0,0,0,48,23413.97,14155.36,22171.9,87559.21,18007.008571428574,12392.726233820213,15084.227857142858,10503.103929855895,15727.811333333335,9170.715124984525,443
2011-02-18,14438.73,2011,1,2,February,7,18,4,Friday,0,0,0,49,17659.64,18579.96,18087.96,21586.78,17415.40428571429,12459.483337644062,14823.568571428574,10468.048650389366,15489.543000000001,9105.870641575064,444
2011-02-19,0.0,2011,1,2,February,7,19,5,Saturday,1,0,0,50,14438.73,0.0,0.0,15197.08,17415.40428571429,12459.483337644062,14823.568571428574,10468.048650389366,14982.973666666667,9535.291177135761,445
2011-02-20,9437.8,2011,1,2,February,7,20,6,Sunday,1,0,0,51,0.0,5645.4800000000005,3439.67,24276.01,17957.16428571429,11933.767744031918,15252.006428571429,10081.911004621068,14488.366666666667,9420.778394733232,446
2011-02-21,32724.38,2011,1,2,February,8,21,0,Monday,0,0,0,52,9437.8,22999.39,23382.97,0.0,19346.448571428573,13125.196629788661,15919.25,10934.498537323092,15579.179333333333,9578.575494714516,447
2011-02-22,29116.63,2011,1,2,February,8,22,1,Tuesday,0,0,0,53,32724.38,37750.62,14153.34,10306.1,18113.021428571432,11399.694739929764,16988.056428571428,11466.948818257873,16206.197000000002,9833.768031104932,448
2011-02-23,19315.97,2011,1,2,February,8,23,2,Wednesday,0,0,0,54,29116.63,23413.97,11910.83,17601.87,17527.59285714286,11185.304229243173,17516.995000000003,11385.233306698105,16263.33366666667,9847.127471967484,449
2011-02-24,21463.94,2011,1,2,February,8,24,3,Thursday,0,0,0,55,19315.97,17659.64,14155.36,23994.38,18071.06428571429,11284.768851788529,18039.036428571428,11386.795288467634,16178.98566666667,9789.289459085594,450
2011-02-25,18377.14,2011,1,2,February,8,25,4,Friday,0,0,0,56,21463.94,14438.73,18579.96,17424.45,18633.69428571429,11171.093728840067,18024.549285714285,11386.18315081811,16210.742,9795.012633857668,451
2011-02-26,0.0,2011,1,2,February,8,26,5,Saturday,1,0,0,57,18377.14,0.0,0.0,22050.49,18633.69428571429,11171.093728840067,18024.549285714285,11386.183150818111,15475.725666666667,10162.140576168618,452
2011-02-27,9382.710000000001,2011,1,2,February,8,27,6,Sunday,1,0,0,58,0.0,9437.8,5645.4800000000005,17247.2,18625.82428571429,11178.668790553575,18291.494285714285,11114.1959211871,15213.576000000001,10216.161936672479,453
2011-02-28,15026.68,2011,1,2,February,9,28,0,Monday,0,0,1,59,9382.710000000001,32724.38,22999.39,0.0,16097.581428571431,9302.47546195003,17722.015000000003,11058.529599490585,15714.465333333334,9804.615922866298,454
2011-03-01,23621.59,2011,1,3,March,9,1,1,Tuesday,0,1,0,60,15026.68,29116.63,37750.62,6542.61,15312.575714285718,8185.533374991319,16712.79857142857,9644.387437083022,16283.764666666668,9749.378312210432,455
2011-03-02,18666.14,2011,1,3,March,9,2,2,Wednesday,0,0,0,61,23621.59,19315.97,23413.97,18806.43,15219.742857142863,8136.099002127822,16373.667857142858,9472.569413098527,16279.088333333331,9748.160149246634,456
2011-03-03,32818.19,2011,1,3,March,9,3,3,Thursday,0,0,0,62,18666.14,21463.94,17659.64,26358.7,16841.77857142858,10404.125677719505,17456.42142857143,10447.082907985305,16494.404666666665,10045.284777297213,457
2011-03-04,17302.55,2011,1,3,March,9,4,4,Friday,0,0,0,63,32818.19,18377.14,14438.73,17091.15,16688.265714285717,10385.607018999739,17660.98,10411.426535866078,16501.451333333334,10045.791957717616,458
2011-03-05,0.0,2011,1,3,March,9,5,5,Saturday,1,0,0,64,17302.55,0.0,0.0,22171.9,16688.265714285717,10385.607018999739,17660.98,10411.426535866078,15762.388,10422.74967919448,459
2011-03-06,9951.67,2011,1,3,March,9,6,6,Sunday,1,0,0,65,0.0,9382.710000000001,9437.8,18087.96,16769.545714285716,10320.928021686324,17697.685,10381.067613756237,15491.178333333335,10465.916987732044,460
2011-03-07,20247.850000000002,2011,1,3,March,10,7,0,Monday,0,0,0,66,9951.67,15026.68,32724.38,0.0,17515.42714285715,10362.560634648104,16806.504285714287,9489.055551629808,16166.106666666667,10078.161102386608,461
2011-03-08,22184.11,2011,1,3,March,10,8,1,Tuesday,0,0,0,67,20247.850000000002,23621.59,29116.63,3439.67,17310.07285714286,10234.843750187812,16311.324285714285,8963.579647526274,16790.921333333335,9840.193749534528,462
2011-03-09,20320.23,2011,1,3,March,10,9,2,Wednesday,0,0,0,68,22184.11,18666.14,19315.97,23382.97,17546.37142857143,10290.314445870074,16383.057142857142,8993.443218370288,16688.83,9785.17741219116,463
2011-03-10,24429.77,2011,1,3,March,10,10,3,Thursday,0,0,0,69,20320.23,32818.19,21463.94,14153.34,16348.025714285719,8558.075471225799,16594.902142857143,9155.79762910914,17031.377666666664,9872.83714957525,464
2011-03-11,20894.75,2011,1,3,March,10,11,4,Friday,0,0,0,70,24429.77,17302.55,18377.14,11910.83,16861.19714285715,8730.808528230658,16774.731428571427,9218.008181041578,17330.841666666667,9848.384717616773,465
2011-03-12,0.0,2011,1,3,March,10,12,5,Saturday,1,0,0,71,20894.75,0.0,0.0,14155.36,16861.19714285715,8730.808528230658,16774.731428571427,9218.008181041578,16858.996333333333,10332.948661745077,466
2011-03-13,4117.22,2011,1,3,March,10,13,6,Sunday,1,0,0,72,0.0,9951.67,9382.710000000001,18579.96,16027.704285714291,9722.538428990481,16398.625,9640.54739452917,16376.905,10584.216941892004,467
2011-03-14,25866.33,2011,1,3,March,11,14,0,Monday,0,0,0,73,4117.22,20247.850000000002,15026.68,0.0,16830.34428571429,10341.226799627304,17172.885714285712,9952.133488285563,17239.116,10252.48117171365,468
2011-03-15,14896.28,2011,1,3,March,11,15,1,Tuesday,0,0,0,74,25866.33,22184.11,23621.59,5645.4800000000005,15789.225714285718,10075.846800702662,16549.649285714284,9789.097971187777,17547.476000000002,10028.427943030929,469
2011-03-16,21715.11,2011,1,3,March,11,16,2,Wednesday,0,0,0,75,14896.28,20320.23,18666.14,22999.39,15988.49428571429,10193.496958788484,16767.432857142856,9873.360210629944,17504.666666666668,10007.070726055945,470
2011-03-17,31976.510000000002,2011,1,3,March,11,17,3,Thursday,0,0,0,76,21715.11,24429.77,32818.19,37750.62,17066.600000000006,11544.62074424281,16707.312857142857,9770.130165701901,17312.196333333333,9653.526690184304,471
2011-03-18,23334.600000000002,2011,1,3,March,11,18,4,Friday,0,0,0,77,31976.510000000002,20894.75,17302.55,23413.97,17415.150000000005,11715.035144565354,17138.17357142857,9930.095743429873,17309.550666666666,9651.807483474204,472
2011-03-19,0.0,2011,1,3,March,11,19,5,Saturday,1,0,0,78,23334.600000000002,0.0,0.0,17659.64,17415.150000000005,11715.035144565354,17138.17357142857,9930.095743429873,16720.896,10155.11896649503,473
2011-03-20,19880.99,2011,1,3,March,11,20,6,Sunday,1,0,0,79,0.0,4117.22,9951.67,14438.73,19667.117142857147,10142.305976811109,17847.410714285714,9729.903885165508,16902.304666666667,10161.552682730597,474
2011-03-21,16020.1,2011,1,3,March,12,21,0,Monday,0,0,0,80,19880.99,25866.33,20247.850000000002,0.0,18260.51285714286,9816.813534607778,17545.428571428572,9715.26806181084,17436.308,9650.787050309285,475
2011-03-22,19016.94,2011,1,3,March,12,22,1,Tuesday,0,0,0,81,16020.1,14896.28,22184.11,9437.8,18849.178571428576,9704.358092138236,17319.202142857142,9635.491758628646,17755.612666666668,9534.794056345658,476
2011-03-23,21566.02,2011,1,3,March,12,23,2,Wednesday,0,0,0,82,19016.94,21715.11,20320.23,32724.38,18827.880000000005,9697.180731819322,17408.187142857143,9671.025542973743,17383.667333333335,9140.213424369316,477
2011-03-24,36496.79,2011,1,3,March,12,24,3,Thursday,0,0,0,83,21566.02,31976.510000000002,24429.77,29116.63,19473.63428571429,10805.83796227745,18270.117142857143,10815.034984674232,17629.67266666667,9556.718215133395,478
2011-03-25,27271.1,2011,1,3,March,12,25,4,Friday,0,0,0,84,36496.79,23334.600000000002,20894.75,19315.97,20035.991428571433,11137.59774238961,18725.570714285717,11065.433446743637,17894.843666666664,9714.189906790849,479
2011-03-26,0.0,2011,1,3,March,12,26,5,Saturday,1,0,0,85,27271.1,0.0,0.0,21463.94,20035.991428571433,11137.59774238961,18725.570714285717,11065.433446743637,17179.379,10219.537359376545,480
2011-03-27,9189.77,2011,1,3,March,12,27,6,Sunday,1,0,0,86,0.0,19880.99,4117.22,18377.14,18508.67428571429,11871.282653799317,19087.895714285718,10624.569850942804,16873.133333333335,10319.574636482897,481
2011-03-28,19961.67,2011,1,3,March,13,28,0,Monday,0,0,0,87,9189.77,16020.1,25866.33,0.0,19071.75571428572,11826.966931425395,18666.134285714284,10450.562189618597,17538.522333333334,9825.844096894047,482
2011-03-29,37190.52,2011,1,3,March,13,29,1,Tuesday,0,0,0,88,19961.67,19016.94,14896.28,9382.710000000001,21667.98142857143,13664.837964305148,20258.579999999998,11479.828291542764,18465.449333333334,10328.6963523824,483
2011-03-30,29523.85,2011,1,3,March,13,30,2,Wednesday,0,0,0,89,37190.52,21566.02,21715.11,15026.68,22804.814285714292,13982.276470633438,20816.347142857147,11742.730120166525,18948.68833333333,10499.974671061134,484
2011-03-31,25621.11,2011,1,3,March,13,31,3,Thursday,0,0,1,90,29523.85,36496.79,31976.510000000002,23621.59,21251.145714285718,12757.928594852807,20362.390000000003,11395.828085027682,19015.339,10536.940775467025,485
2011-04-01,24487.9,2011,2,4,April,13,1,4,Friday,0,1,0,91,25621.11,27271.1,23334.600000000002,18666.14,20853.545714285716,12581.193508382383,20444.768571428573,11423.10231314373,19209.397666666664,10583.793282638604,486
2011-04-02,0.0,2011,2,4,April,13,2,5,Saturday,1,0,0,92,24487.9,0.0,0.0,32818.19,20853.545714285716,12581.193508382383,20444.768571428573,11423.10231314373,18115.458,10822.047000825647,487
2011-04-03,6872.53,2011,2,4,April,13,3,6,Sunday,1,0,0,93,0.0,9189.77,19880.99,17302.55,20522.511428571433,12963.90264782621,19515.59285714286,11987.606203540321,17767.790666666664,11014.881423925464,488
2011-04-04,28998.010000000002,2011,2,4,April,14,4,0,Monday,0,0,0,94,6872.53,19961.67,16020.1,0.0,21813.41714285715,13343.107466390959,20442.58642857143,12196.476344235012,18734.391,10668.831053958373,489
2011-04-05,28667.42,2011,2,4,April,14,5,1,Tuesday,0,0,0,95,28998.010000000002,37190.52,19016.94,9951.67,20595.831428571433,12030.347454410812,21131.90642857143,12381.020240258866,19358.249333333337,10684.741982956439,490
2011-04-06,12698.32,2011,2,4,April,14,6,2,Wednesday,0,0,0,96,28667.42,29523.85,21566.02,20247.850000000002,18192.184285714287,11623.210208344475,20498.499285714286,12582.300356516282,19106.59833333333,10751.761762025146,491
2011-04-07,16780.32,2011,2,4,April,14,7,3,Thursday,0,0,0,97,12698.32,25621.11,36496.79,22184.11,16929.21428571429,11152.225967871318,19090.18,11728.329069379153,18926.472,10743.688085344294,492
2011-04-08,22673.91,2011,2,4,April,14,8,4,Friday,0,0,0,98,16780.32,24487.9,27271.1,20320.23,16670.07285714286,10966.848403204021,18761.809285714287,11544.576555441572,19004.928,10762.793904774848,493
2011-04-09,0.0,2011,2,4,April,14,9,5,Saturday,1,0,0,99,22673.91,0.0,0.0,24429.77,16670.07285714286,10966.848403204021,18761.809285714287,11544.576555441572,18190.602333333332,11251.296990801822,494
2011-04-10,9879.75,2011,2,4,April,14,10,6,Sunday,1,0,0,100,0.0,6872.53,9189.77,20894.75,17099.675714285717,10570.834968249354,18811.09357142857,11501.963905465129,17823.435666666664,11339.391740591975,495
2011-04-11,20179.7,2011,2,4,April,15,11,0,Monday,0,0,0,101,9879.75,28998.010000000002,19961.67,0.0,15839.917142857148,9374.278290209437,18826.667142857146,11503.78907412904,18496.092333333334,10832.861021240686,496
2011-04-12,23988.6,2011,2,4,April,15,12,1,Tuesday,0,0,0,102,20179.7,28667.42,37190.52,4117.22,15171.51428571429,8426.064985843836,17883.672857142858,10367.657712436076,19158.471666666668,10526.53255074223,497
2011-04-13,24450.27,2011,2,4,April,15,13,2,Wednesday,0,0,0,103,23988.6,12698.32,29523.85,25866.33,16850.36428571429,9002.22456995103,17521.274285714284,10012.054502619541,19111.26966666667,10498.55435701657,498
2011-04-14,35682.73,2011,2,4,April,15,14,3,Thursday,0,0,0,104,24450.27,16780.32,25621.11,14896.28,19550.708571428575,11473.52285780827,18239.961428571427,10954.928774327824,19804.151333333335,10889.435363593853,499
2011-04-15,17999.181,2011,2,4,April,15,15,4,Friday,0,0,0,105,35682.73,22673.91,24487.9,21715.11,18882.890142857148,11397.231689307924,17776.4815,10806.514721939875,19680.287033333334,10888.082946954111,500
2011-04-16,0.0,2011,2,4,April,15,16,5,Saturday,1,0,0,106,17999.181,0.0,0.0,31976.510000000002,18882.890142857148,11397.231689307924,17776.4815,10806.514721939875,18614.40336666667,11203.43776715855,501
2011-04-17,12630.34,2011,2,4,April,15,17,6,Sunday,1,0,0,107,0.0,9879.75,6872.53,23334.600000000002,19275.831571428575,11078.04413522224,18187.753642857144,10463.741325417863,18257.5947,11218.369943758871,502
2011-04-18,43671.37,2011,2,4,April,16,18,0,Monday,0,0,0,108,12630.34,20179.7,28998.010000000002,0.0,22631.784428571435,14444.29963226422,19235.850785714283,12217.712319752845,19713.307033333334,11594.663101234586,503
2011-04-19,18811.19,2011,2,4,April,16,19,1,Tuesday,0,0,0,109,43671.37,23988.6,28667.42,19880.99,21892.154428571434,14495.708426601244,18531.83435714286,11912.596169157085,19677.64703333333,11595.774659999804,504
2011-04-20,25715.8,2011,2,4,April,16,20,2,Wednesday,0,0,0,110,18811.19,24450.27,12698.32,16020.1,22072.944428571434,14540.75245499495,19461.65435714286,11930.2617055297,20000.83703333333,11625.39698493707,505
2011-04-21,27771.04,2011,2,4,April,16,21,3,Thursday,0,0,0,111,25715.8,35682.73,16780.32,19016.94,20942.703000000005,13582.469104066367,20246.705785714286,12100.64503080936,20292.640366666667,11709.411660880249,506
2011-04-22,0.0,2011,2,4,April,16,22,4,Friday,0,0,0,112,27771.04,17999.181,22673.91,21566.02,18371.391428571435,15761.513181257344,18627.140785714284,13216.681871284853,19573.773033333335,12276.787701758007,507
2011-04-23,0.0,2011,2,4,April,16,23,5,Saturday,1,0,0,113,0.0,0.0,0.0,36496.79,18371.391428571435,15761.513181257344,18627.140785714284,13216.681871284853,18357.213366666667,12350.079626682606,508
2011-04-24,0.0,2011,2,4,April,16,24,6,Sunday,1,0,0,114,0.0,12630.34,9879.75,27271.1,16567.057142857146,17186.771960783055,17921.444357142856,13962.395264893012,17448.1767,12670.831307422652,509
2011-04-25,0.0,2011,2,4,April,17,25,0,Monday,0,0,0,115,0.0,43671.37,20179.7,0.0,10328.290000000005,13163.579055288703,16480.037214285716,14731.759374555224,17448.1767,12670.831307422652,510
2011-04-26,21536.86,2011,2,4,April,17,26,1,Tuesday,0,0,0,116,0.0,18811.19,23988.6,9189.77,10717.671428571432,13492.528827870494,16304.91292857143,14649.980645485228,17859.746366666666,12593.626435078852,511
2011-04-27,23566.91,2011,2,4,April,17,27,2,Wednesday,0,0,0,117,21536.86,25715.8,24450.27,19961.67,10410.687142857147,13113.538810355218,16241.815785714285,14614.058431793694,17979.921033333332,12631.52016961348,512
2011-04-28,21312.18,2011,2,4,April,17,28,3,Thursday,0,0,0,118,23566.91,27771.04,35682.73,37190.52,9487.99285714286,11855.312049595854,15215.34792857143,13613.985145758901,17450.643033333334,12121.164922378584,513
2011-04-29,0.0,2011,2,4,April,17,29,4,Friday,0,0,0,119,21312.18,0.0,17999.181,29523.85,9487.99285714286,11855.312049595854,13929.692142857142,14169.425440182018,16466.5147,12304.280011880792,514
2011-04-30,0.0,2011,2,4,April,17,30,5,Saturday,1,0,1,120,0.0,0.0,0.0,25621.11,9487.99285714286,11855.312049595854,13929.692142857142,14169.425440182018,15612.4777,12533.984157632613,515
2011-05-01,6958.11,2011,2,5,May,17,1,6,Sunday,1,1,0,121,0.0,0.0,12630.34,24487.9,10482.008571428576,11200.836061738859,13524.532857142856,14290.019405411962,15028.151366666665,12514.548565870538,516
2011-05-02,0.0,2011,2,5,May,18,2,0,Monday,0,0,0,122,6958.11,0.0,43671.37,0.0,10482.008571428576,11200.836061738859,10405.149285714286,11742.473710875604,15028.151366666665,12514.548565870538,517
2011-05-03,28877.21,2011,2,5,May,18,3,1,Tuesday,0,0,0,123,0.0,21536.86,18811.19,6872.53,11530.630000000005,12657.20360162815,11124.150714285714,12575.409394895267,15761.6407,12664.021689903573,518
2011-05-04,27509.81,2011,2,5,May,18,4,2,Wednesday,0,0,0,124,28877.21,23566.91,25715.8,28998.010000000002,12093.901428571433,13350.84299708385,11252.294285714286,12743.552485447182,15712.034033333333,12613.19793260115,519
2011-05-05,25191.79,2011,2,5,May,18,5,3,Thursday,0,0,0,125,27509.81,21312.18,27771.04,28667.42,12648.131428571434,13867.815745792468,11068.062142857143,12502.741512848612,15596.1797,12505.600374905041,520
2011-05-06,30783.33,2011,2,5,May,18,6,4,Friday,0,0,0,126,25191.79,0.0,0.0,12698.32,17045.750000000004,14067.899252362975,13266.871428571429,13099.160879214132,16199.013366666668,12793.668789640782,521
2011-05-07,0.0,2011,2,5,May,18,7,5,Saturday,1,0,0,127,30783.33,0.0,0.0,16780.32,17045.750000000004,14067.899252362975,13266.871428571429,13099.160879214132,15639.669366666667,13129.78322327188,522
2011-05-08,18731.98,2011,2,5,May,18,8,6,Sunday,1,0,0,128,0.0,6958.11,0.0,22673.91,18727.73142857143,13346.124258929342,14604.869999999999,12586.434627832676,15508.2717,13076.576717187829,523
2011-05-09,21608.16,2011,2,5,May,19,9,0,Monday,0,0,0,129,18731.98,0.0,0.0,0.0,21814.611428571432,10484.761511850516,16148.31,11967.363699681706,16228.5437,12784.752899189101,524
2011-05-10,29807.25,2011,2,5,May,19,10,1,Tuesday,0,0,0,130,21608.16,28877.21,21536.86,9879.75,21947.474285714292,10594.493449767331,16739.05214285714,12448.280152684078,16892.7937,12959.997519646284,525
2011-05-11,31848.3,2011,2,5,May,19,11,2,Wednesday,0,0,0,131,29807.25,27509.81,23566.91,20179.7,22567.258571428574,11089.46641370007,17330.58,12982.967774050894,17281.747033333333,13234.241651172086,526
2011-05-12,59827.74,2011,2,5,May,19,12,3,Thursday,0,0,0,132,31848.3,25191.79,21312.18,23988.6,27515.25142857143,18018.205931374378,20081.691428571427,17265.88844892269,18476.385033333332,15314.60228652511,527
2011-05-13,25815.72,2011,2,5,May,19,13,4,Friday,0,0,0,133,59827.74,30783.33,0.0,24450.27,26805.59285714286,17965.78800769278,21925.67142857143,16308.19244985205,18521.90003333333,15334.984389252573,528
2011-05-14,0.0,2011,2,5,May,19,14,5,Saturday,1,0,0,134,25815.72,0.0,0.0,35682.73,26805.59285714286,17965.78800769278,21925.67142857143,16308.192449852051,17332.4757,15341.869045757701,529
2011-05-15,9667.15,2011,2,5,May,19,15,6,Sunday,1,0,0,135,0.0,18731.98,6958.11,17999.181,25510.617142857147,18944.7507976948,22119.174285714285,16132.056186065634,17054.74133333333,15404.672443299716,530
2011-05-16,35706.7,2011,2,5,May,20,16,0,Monday,0,0,0,136,9667.15,21608.16,0.0,0.0,27524.69428571429,19208.318004781046,24669.652857142857,15159.297449275822,18244.96466666667,15420.928985093009,531
2011-05-17,46361.090000000004,2011,2,5,May,20,17,1,Tuesday,0,0,0,137,35706.7,29807.25,28877.21,12630.34,29889.528571428575,20511.011424601857,25918.50142857143,16215.937266666804,19369.323,16207.079674716071,532
2011-05-18,32775.69,2011,2,5,May,20,18,2,Wednesday,0,0,0,138,46361.090000000004,31848.3,27509.81,43671.37,30022.01285714286,20528.759564902863,26294.635714285716,16316.447984487508,19006.13366666667,15759.613933754103,533
2011-05-19,31521.87,2011,2,5,May,20,19,3,Thursday,0,0,0,139,32775.69,59827.74,25191.79,18811.19,25978.31714285715,15958.214662924895,26746.78428571429,16371.151328751637,19429.822999999997,15924.193025929997,534
2011-05-20,25351.44,2011,2,5,May,20,20,4,Friday,0,0,0,140,31521.87,25815.72,30783.33,25715.8,25911.991428571437,15959.967809004136,26358.79214285714,16332.44882365922,19417.67766666667,15919.371628196015,535
2011-05-21,0.0,2011,2,5,May,20,21,5,Saturday,1,0,0,141,25351.44,0.0,0.0,27771.04,25911.991428571437,15959.967809004136,26358.79214285714,16332.44882365922,18491.976333333336,16221.447332212225,536
2011-05-22,24102.0,2011,2,5,May,20,22,6,Sunday,1,0,0,142,0.0,9667.15,18731.98,0.0,27974.112857142864,14363.949185463965,26742.364999999998,16202.090446573035,19295.376333333334,15866.991200589893,537
2011-05-23,31232.53,2011,2,5,May,21,23,0,Monday,0,0,0,143,24102.0,35706.7,21608.16,0.0,27334.94571428572,14058.821981914502,27429.82,16171.64125720602,20336.46066666667,15579.329005040516,538
2011-05-24,32460.83,2011,2,5,May,21,24,1,Tuesday,0,0,0,144,31232.53,46361.090000000004,29807.25,0.0,25349.19428571429,11708.835092158512,27619.36142857143,16217.13641905271,21418.488333333335,15241.791977994006,539
2011-05-25,21870.71,2011,2,5,May,21,25,2,Wednesday,0,0,0,145,32460.83,32775.69,31848.3,0.0,23791.340000000004,11273.416812685238,26906.676428571427,16236.222254626806,22147.512,14695.252640724266,540
2011-05-26,32764.38,2011,2,5,May,21,26,3,Thursday,0,0,0,146,21870.71,31521.87,59827.74,21536.86,23968.84142857143,11424.194831262661,24973.579285714284,13373.895442200575,22521.762666666666,14821.589726367363,541
2011-05-27,21109.22,2011,2,5,May,21,27,4,Friday,0,0,0,147,32764.38,25351.44,25815.72,23566.91,23362.81,11451.115684465027,24637.40071428572,13410.202425323194,22439.83966666667,14822.40585081842,542
2011-05-28,0.0,2011,2,5,May,21,28,5,Saturday,1,0,0,148,21109.22,0.0,0.0,21312.18,23362.810000000005,11451.115684465027,24637.40071428571,13410.202425323194,21729.433666666668,15378.603842712559,543
2011-05-29,7338.9400000000005,2011,2,5,May,21,29,6,Sunday,1,0,0,149,0.0,24102.0,9667.15,0.0,20968.087142857148,12928.28570420398,24471.100000000002,13622.87960012911,21974.065,15076.431611785561,544
2011-05-30,0.0,2011,2,5,May,22,30,0,Monday,0,0,0,150,7338.9400000000005,31232.53,35706.7,0.0,16506.297142857147,14129.120807345333,21920.62142857143,14660.527554886308,21974.065,15076.431611785561,545
2011-05-31,18133.2,2011,2,5,May,22,31,1,Tuesday,0,0,1,151,0.0,32460.83,46361.090000000004,6958.11,14459.492857142863,12359.653234484062,19904.34357142857,12872.740052482693,22346.567999999996,14828.648296847667,546
2011-06-01,15380.39,2011,2,6,June,22,1,2,Wednesday,0,1,0,152,18133.2,21870.71,32775.69,0.0,13532.30428571429,11947.596201331207,18661.822142857145,12364.26998059642,22859.247666666666,14285.32985192073,547
2011-06-02,28078.91,2011,2,6,June,22,2,3,Thursday,0,0,0,153,15380.39,32764.38,31521.87,28877.21,12862.951428571434,10763.09356656423,18415.89642857143,12120.647477037166,22832.637666666666,14274.472732375656,548
2011-06-03,15024.11,2011,2,6,June,22,3,4,Friday,0,0,0,154,28078.91,21109.22,25351.44,27509.81,11993.650000000005,10217.99853965551,17678.23,11979.519588164994,22416.447666666667,14315.361078750517,549
2011-06-04,0.0,2011,2,6,June,22,4,5,Saturday,1,0,0,155,15024.11,0.0,0.0,25191.79,11993.650000000005,10217.99853965551,17678.23,11979.519588164994,21576.721333333335,14874.877818233137,550
2011-06-05,25423.760000000002,2011,2,6,June,22,5,6,Sunday,1,0,0,156,0.0,7338.9400000000005,24102.0,30783.33,14577.195714285719,11093.718456569486,17772.64142857143,12039.100365827706,21398.069,14792.447137072078,551
2011-06-06,16269.03,2011,2,6,June,23,6,0,Monday,0,0,0,157,25423.760000000002,0.0,31232.53,0.0,16901.342857142863,9045.989755392098,16703.82,11399.453855226082,21940.37,14269.91681304537,552
2011-06-07,33807.85,2011,2,6,June,23,7,1,Tuesday,0,0,0,158,16269.03,18133.2,32460.83,18731.98,19140.578571428578,11107.00124238532,16800.035714285717,11547.40397124265,22442.898999999998,14417.724368444704,553
2011-06-08,30122.23,2011,2,6,June,23,8,2,Wednesday,0,0,0,159,33807.85,15380.39,21870.71,21608.16,21246.555714285718,11659.077518628841,17389.43,12026.760943553449,22726.701333333334,14484.369132044234,554
2011-06-09,42862.8,2011,2,6,June,23,9,3,Thursday,0,0,0,160,30122.23,28078.91,32764.38,29807.25,23358.540000000005,14171.34514954271,18110.745714285713,13259.475760993657,23161.886333333336,14894.75520514208,555
2011-06-10,58245.12,2011,2,6,June,23,10,4,Friday,0,0,0,161,42862.8,15024.11,21109.22,31848.3,29532.970000000005,18644.51563678536,20763.31,17071.906423529625,24041.780333333336,16152.197826960231,556
2011-06-11,0.0,2011,2,6,June,23,11,5,Saturday,1,0,0,162,58245.12,0.0,0.0,59827.74,29532.970000000005,18644.51563678536,20763.31,17071.906423529625,22047.522333333334,15249.614678921258,557
2011-06-12,12397.09,2011,2,6,June,23,12,6,Sunday,1,0,0,163,0.0,25423.760000000002,7338.9400000000005,25815.72,27672.017142857152,19740.898906317758,21124.606428571427,16817.578467873565,21600.234666666667,15331.847888575576,558
2011-06-13,19696.66,2011,2,6,June,24,13,0,Monday,0,0,0,164,12397.09,16269.03,0.0,0.0,28161.67857142858,19451.299722427673,22531.510714285716,15701.25181357469,22256.79,14787.019869908288,559
2011-06-14,33324.49,2011,2,6,June,24,14,1,Tuesday,0,0,0,165,19696.66,33807.85,18133.2,9667.15,28092.62714285715,19428.760291116305,23616.602857142858,15897.605833236134,23045.368000000002,14723.148595578057,560
2011-06-15,44954.18,2011,2,6,June,24,15,2,Wednesday,0,0,0,166,33324.49,30122.23,15380.39,35706.7,30211.477142857148,20467.96830186517,25729.01642857143,16665.31461707889,23353.617333333335,15089.61531255827,561
2011-06-16,32252.100000000002,2011,2,6,June,24,16,3,Thursday,0,0,0,167,44954.18,42862.8,28078.91,46361.090000000004,28695.662857142863,19755.38188024108,26027.101428571426,16747.697662348317,22883.317666666666,14558.327348168325,562
2011-06-17,19053.53,2011,2,6,June,24,17,4,Friday,0,0,0,168,32252.100000000002,58245.12,15024.11,32775.69,23096.864285714288,14955.629764396292,26314.917142857146,16577.823575625334,22425.912333333337,14451.981864016447,563
2011-06-18,0.0,2011,2,6,June,24,18,5,Saturday,1,0,0,169,19053.53,0.0,0.0,31521.87,23096.864285714288,14955.629764396292,26314.917142857146,16577.823575625334,21375.183333333338,14906.603222436277,564
2011-06-19,22421.48,2011,2,6,June,24,19,6,Sunday,1,0,0,170,0.0,12397.09,25423.760000000002,25351.44,24528.920000000006,14222.28684778814,26100.46857142857,16609.626276614308,21277.518,14889.241352363139,565
2011-06-20,26110.99,2011,2,6,June,25,20,0,Monday,0,0,0,171,22421.48,19696.66,16269.03,0.0,25445.25285714286,14064.821402624513,26803.465714285714,16368.026905644962,22147.884333333335,14356.182479464893,566
2011-06-21,19827.91,2011,2,6,June,25,21,1,Tuesday,0,0,0,172,26110.99,33324.49,33807.85,24102.0,23517.170000000006,13725.674511777834,25804.898571428574,16334.242069367307,22005.414666666664,14357.329103761938,567
2011-06-22,21143.75,2011,2,6,June,25,22,2,Wednesday,0,0,0,173,19827.91,44954.18,30122.23,31232.53,20115.680000000004,9962.108461860273,25163.578571428574,16327.951278279157,21669.121999999996,14251.51425313464,568
2011-06-23,22469.62,2011,2,6,June,25,23,3,Thursday,0,0,0,174,21143.75,32252.100000000002,42862.8,32460.83,18718.18285714286,8563.867752485361,23706.92285714286,15517.025487468387,21336.08166666667,14106.633871428683,569
2011-06-24,16016.04,2011,2,6,June,25,24,4,Friday,0,0,0,175,22469.62,19053.53,58245.12,21870.71,18284.25571428572,8620.80868450848,20690.559999999998,11990.37892698134,21140.926,14139.442143981414,570
2011-06-25,0.0,2011,2,6,June,25,25,5,Saturday,1,0,0,176,16016.04,0.0,0.0,32764.38,18284.25571428572,8620.80868450848,20690.559999999998,11990.37892698134,20048.780000000002,14472.139086981051,571
2011-06-26,7032.36,2011,2,6,June,25,26,6,Sunday,1,0,0,177,0.0,22421.48,12397.09,21109.22,16085.810000000003,9323.504721165846,20307.364999999998,12355.965465034184,19579.55133333333,14663.511920232202,572
2011-06-27,13381.75,2011,2,6,June,26,27,0,Monday,0,0,0,178,7032.36,26110.99,19696.66,0.0,14267.347142857148,8218.135413271015,19856.299999999996,12494.464069839323,20025.609666666664,14244.931031967382,573
2011-06-28,30470.88,2011,2,6,June,26,28,1,Tuesday,0,0,0,179,13381.75,19827.91,33324.49,7338.9400000000005,15787.771428571432,10170.867594337735,19652.47071428571,12279.271898093046,20796.674333333332,14160.337525881261,574
2011-06-29,12569.78,2011,2,6,June,26,29,2,Wednesday,0,0,0,180,30470.88,21143.75,44954.18,0.0,14562.918571428576,9931.820884195888,17339.299285714285,9981.614193023808,21215.667,13702.319320368588,575
2011-06-30,41709.24,2011,2,6,June,26,30,3,Thursday,0,0,1,181,12569.78,22469.62,32252.100000000002,18133.2,17311.43571428572,14220.717344102708,18014.809285714284,11301.252746458165,22001.535,14186.941985454088,576
2011-07-01,12146.44,2011,3,7,July,26,1,4,Friday,0,1,0,182,41709.24,16016.04,19053.53,15380.39,16758.63571428572,14354.051846529732,17521.445714285714,11402.729727407435,21893.73666666667,14251.12831103326,577
2011-07-02,0.0,2011,3,7,July,26,2,5,Saturday,1,0,0,183,12146.44,0.0,0.0,28078.91,16758.63571428572,14354.051846529732,17521.445714285714,11402.729727407435,20957.773,14744.424524842862,578
2011-07-03,5972.7300000000005,2011,3,7,July,26,3,6,Sunday,1,0,0,184,0.0,7032.36,22421.48,15024.11,16607.260000000002,14478.764605657316,16346.535000000002,11702.484529457579,20656.060333333335,14961.048072742338,579
2011-07-04,30941.37,2011,3,7,July,27,4,0,Monday,0,0,0,185,5972.7300000000005,13381.75,26110.99,0.0,19115.777142857147,15323.304332378571,16691.562142857143,12077.709567401136,21687.439333333336,14548.798162009687,580
2011-07-05,25988.510000000002,2011,3,7,July,27,5,1,Tuesday,0,0,0,186,30941.37,30470.88,19827.91,25423.760000000002,18475.438571428575,14856.243331806634,17131.605000000003,12310.750532266575,21706.264333333336,14554.163755629552,581
2011-07-06,22934.22,2011,3,7,July,27,6,2,Wednesday,0,0,0,187,25988.510000000002,12569.78,21143.75,16269.03,19956.07285714286,14685.059181882509,17259.495714285713,12364.818489227708,21928.43733333333,14519.131645938385,582
2011-07-07,27860.38,2011,3,7,July,27,7,3,Thursday,0,0,0,188,22934.22,41709.24,22469.62,33807.85,17977.66428571429,11942.81420204482,17644.55,12620.834998754954,21730.188333333335,14391.375227624483,583
2011-07-08,17538.5,2011,3,7,July,27,8,4,Friday,0,0,0,189,27860.38,12146.44,16016.04,30122.23,18747.958571428575,11674.909578384282,17753.297142857144,12612.27981423312,21310.730666666666,14321.558734578173,584
2011-07-09,0.0,2011,3,7,July,27,9,5,Saturday,1,0,0,190,17538.5,0.0,0.0,42862.8,18747.958571428575,11674.909578384282,17753.297142857144,12612.27981423312,19881.970666666668,14235.118288477684,585
2011-07-10,5959.54,2011,3,7,July,27,10,6,Sunday,1,0,0,191,0.0,5972.7300000000005,7032.36,58245.12,18746.074285714294,11677.315913290891,17676.667142857143,12685.475739508789,18139.118000000002,12467.192774039613,586
2011-07-11,20008.83,2011,3,7,July,28,11,0,Monday,0,0,0,192,5959.54,30941.37,13381.75,0.0,17184.28285714286,10439.933020246128,18150.030000000002,12636.432336074846,18806.079,11989.390548725654,587
2011-07-12,17938.49,2011,3,7,July,28,12,1,Tuesday,0,0,0,193,20008.83,25988.510000000002,30470.88,12397.09,16034.280000000004,9727.538877114212,17254.859285714287,12130.239595375066,18990.792333333335,11929.784641770615,588
2011-07-13,19411.52,2011,3,7,July,28,13,2,Wednesday,0,0,0,194,17938.49,22934.22,12569.78,19696.66,15531.037142857149,9396.576327185643,17743.555,12064.61116349582,18981.287666666667,11929.316451235407,589
2011-07-14,31979.04,2011,3,7,July,28,14,3,Thursday,0,0,0,195,19411.52,27860.38,41709.24,33324.49,16119.417142857146,10375.248154177272,17048.540714285715,10790.826946659068,18936.439333333336,11875.943389273161,590
2011-07-15,11814.7,2011,3,7,July,28,15,4,Friday,0,0,0,196,31979.04,17538.5,12146.44,44954.18,15301.731428571433,10469.88673607708,17024.845,10802.777195983954,17831.79,10871.176295546042,591
2011-07-16,0.0,2011,3,7,July,28,16,5,Saturday,1,0,0,197,11814.7,0.0,0.0,32252.100000000002,15301.731428571433,10469.88673607708,17024.845,10802.777195983954,16756.719999999998,10990.03604584065,592
2011-07-17,16926.15,2011,3,7,July,28,17,6,Sunday,1,0,0,198,0.0,5959.54,5972.7300000000005,19053.53,16868.390000000007,9625.42147171411,17807.23214285714,10326.927522260987,16685.807333333334,10981.565098770372,593
2011-07-18,22001.63,2011,3,7,July,29,18,0,Monday,0,0,0,199,16926.15,20008.83,30941.37,0.0,17153.075714285722,9762.281998089904,17168.679285714286,9710.301889725417,17419.195,10555.198864013322,594
2011-07-19,46583.01,2011,3,7,July,29,19,1,Tuesday,0,0,0,200,22001.63,17938.49,25988.510000000002,22421.48,21245.150000000005,14832.967513863656,18639.715,12350.296504655338,18224.579333333335,11798.597814277016,595
2011-07-20,27021.06,2011,3,7,July,29,20,2,Wednesday,0,0,0,201,46583.01,19411.52,22934.22,26110.99,22332.227142857148,14954.532935721916,18931.632142857146,12506.91765798066,18254.914999999997,11820.723171244019,596
