CustomerID,Segment,RecommendedProducts
12350.0,At Risk Customers,"GIRLS ALPHABET IRON ON PATCHES , WHITE HANGING HEART T-LIGHT HOLDER, ASSTD DESIGN BUBBLE GUM RING, LUNCH BAG  BLACK SKULL., WORLD WAR 2 GLIDERS ASSTD DESIGNS"
12351.0,At Risk Customers,"GIRLS ALPHABET IRON ON PATCHES , WHITE HANGING HEART T-LIGHT HOLDER, ASSTD DESIGN BUBBLE GUM RING, LUNCH BAG  BLACK SKULL., WORLD WAR 2 GLIDERS ASSTD DESIGNS"
12353.0,Potential Customers,"WORLD WAR 2 GLIDERS ASSTD DESIGNS, ASSORTED COLOUR BIRD ORNAMENT, ASSORTED COLOURS SILK FAN, GIRLS ALPHABET IRON ON PATCHES , POPART WOODEN PENCILS ASST"
12354.0,Potential Customers,"WORLD WAR 2 GLIDERS ASSTD DESIGNS, ASSORTED COLOUR BIRD ORNAMENT, ASSORTED COLOURS SILK FAN, GIRLS ALPHABET IRON ON PATCHES , POPART WOODEN PENCILS ASST"
12355.0,Potential Customers,"WORLD WAR 2 GLIDERS ASSTD DESIGNS, ASSORTED COLOUR BIRD ORNAMENT, ASSORTED COLOURS SILK FAN, GIRLS ALPHABET IRON ON PATCHES , POPART WOODEN PENCILS ASST"
12363.0,Potential Customers,"WORLD WAR 2 GLIDERS ASSTD DESIGNS, ASSORTED COLOUR BIRD ORNAMENT, ASSORTED COLOURS SILK FAN, GIRLS ALPHABET IRON ON PATCHES , POPART WOODEN PENCILS ASST"
12365.0,Potential Customers,"WORLD WAR 2 GLIDERS ASSTD DESIGNS, ASSORTED COLOUR BIRD ORNAMENT, ASSORTED COLOURS SILK FAN, GIRLS ALPHABET IRON ON PATCHES , POPART WOODEN PENCILS ASST"
12366.0,At Risk Customers,"GIRLS ALPHABET IRON ON PATCHES , WHITE HANGING HEART T-LIGHT HOLDER, ASSTD DESIGN BUBBLE GUM RING, LUNCH BAG  BLACK SKULL., WORLD WAR 2 GLIDERS ASSTD DESIGNS"
12367.0,Potential Customers,"WORLD WAR 2 GLIDERS ASSTD DESIGNS, ASSORTED COLOUR BIRD ORNAMENT, ASSORTED COLOURS SILK FAN, GIRLS ALPHABET IRON ON PATCHES , POPART WOODEN PENCILS ASST"
12368.0,At Risk Customers,"GIRLS ALPHABET IRON ON PATCHES , WHITE HANGING HEART T-LIGHT HOLDER, ASSTD DESIGN BUBBLE GUM RING, LUNCH BAG  BLACK SKULL., WORLD WAR 2 GLIDERS ASSTD DESIGNS"
12369.0,At Risk Customers,"GIRLS ALPHABET IRON ON PATCHES , WHITE HANGING HEART T-LIGHT HOLDER, ASSTD DESIGN BUBBLE GUM RING, LUNCH BAG  BLACK SKULL., WORLD WAR 2 GLIDERS ASSTD DESIGNS"
12372.0,Loyal Customers,"SMALL CHINESE STYLE SCISSOR, BLACK AND WHITE PAISLEY FLOWER MUG, WHITE HANGING HEART T-LIGHT HOLDER, WORLD WAR 2 GLIDERS ASSTD DESIGNS, ASSORTED COLOUR BIRD ORNAMENT"
12373.0,Loyal Customers,"SMALL CHINESE STYLE SCISSOR, BLACK AND WHITE PAISLEY FLOWER MUG, WHITE HANGING HEART T-LIGHT HOLDER, WORLD WAR 2 GLIDERS ASSTD DESIGNS, ASSORTED COLOUR BIRD ORNAMENT"
12375.0,Potential Customers,"WORLD WAR 2 GLIDERS ASSTD DESIGNS, ASSORTED COLOUR BIRD ORNAMENT, ASSORTED COLOURS SILK FAN, GIRLS ALPHABET IRON ON PATCHES , POPART WOODEN PENCILS ASST"
12376.0,At Risk Customers,"GIRLS ALPHABET IRON ON PATCHES , WHITE HANGING HEART T-LIGHT HOLDER, ASSTD DESIGN BUBBLE GUM RING, LUNCH BAG  BLACK SKULL., WORLD WAR 2 GLIDERS ASSTD DESIGNS"
12377.0,Loyal Customers,"SMALL CHINESE STYLE SCISSOR, BLACK AND WHITE PAISLEY FLOWER MUG, WHITE HANGING HEART T-LIGHT HOLDER, WORLD WAR 2 GLIDERS ASSTD DESIGNS, ASSORTED COLOUR BIRD ORNAMENT"
12378.0,Loyal Customers,"SMALL CHINESE STYLE SCISSOR, BLACK AND WHITE PAISLEY FLOWER MUG, WHITE HANGING HEART T-LIGHT HOLDER, WORLD WAR 2 GLIDERS ASSTD DESIGNS, ASSORTED COLOUR BIRD ORNAMENT"
12379.0,Loyal Customers,"SMALL CHINESE STYLE SCISSOR, BLACK AND WHITE PAISLEY FLOWER MUG, WHITE HANGING HEART T-LIGHT HOLDER, WORLD WAR 2 GLIDERS ASSTD DESIGNS, ASSORTED COLOUR BIRD ORNAMENT"
12384.0,Potential Customers,"WORLD WAR 2 GLIDERS ASSTD DESIGNS, ASSORTED COLOUR BIRD ORNAMENT, ASSORTED COLOURS SILK FAN, GIRLS ALPHABET IRON ON PATCHES , POPART WOODEN PENCILS ASST"
12385.0,At Risk Customers,"GIRLS ALPHABET IRON ON PATCHES , WHITE HANGING HEART T-LIGHT HOLDER, ASSTD DESIGN BUBBLE GUM RING, LUNCH BAG  BLACK SKULL., WORLD WAR 2 GLIDERS ASSTD DESIGNS"
12386.0,At Risk Customers,"GIRLS ALPHABET IRON ON PATCHES , WHITE HANGING HEART T-LIGHT HOLDER, ASSTD DESIGN BUBBLE GUM RING, LUNCH BAG  BLACK SKULL., WORLD WAR 2 GLIDERS ASSTD DESIGNS"
12387.0,At Risk Customers,"GIRLS ALPHABET IRON ON PATCHES , WHITE HANGING HEART T-LIGHT HOLDER, ASSTD DESIGN BUBBLE GUM RING, LUNCH BAG  BLACK SKULL., WORLD WAR 2 GLIDERS ASSTD DESIGNS"
12389.0,At Risk Customers,"GIRLS ALPHABET IRON ON PATCHES , WHITE HANGING HEART T-LIGHT HOLDER, ASSTD DESIGN BUBBLE GUM RING, LUNCH BAG  BLACK SKULL., WORLD WAR 2 GLIDERS ASSTD DESIGNS"
12390.0,Potential Customers,"WORLD WAR 2 GLIDERS ASSTD DESIGNS, ASSORTED COLOUR BIRD ORNAMENT, ASSORTED COLOURS SILK FAN, GIRLS ALPHABET IRON ON PATCHES , POPART WOODEN PENCILS ASST"
12392.0,At Risk Customers,"GIRLS ALPHABET IRON ON PATCHES , WHITE HANGING HEART T-LIGHT HOLDER, ASSTD DESIGN BUBBLE GUM RING, LUNCH BAG  BLACK SKULL., WORLD WAR 2 GLIDERS ASSTD DESIGNS"
12394.0,Potential Customers,"WORLD WAR 2 GLIDERS ASSTD DESIGNS, ASSORTED COLOUR BIRD ORNAMENT, ASSORTED COLOURS SILK FAN, GIRLS ALPHABET IRON ON PATCHES , POPART WOODEN PENCILS ASST"
12396.0,At Risk Customers,"GIRLS ALPHABET IRON ON PATCHES , WHITE HANGING HEART T-LIGHT HOLDER, ASSTD DESIGN BUBBLE GUM RING, LUNCH BAG  BLACK SKULL., WORLD WAR 2 GLIDERS ASSTD DESIGNS"
12398.0,Potential Customers,"WORLD WAR 2 GLIDERS ASSTD DESIGNS, ASSORTED COLOUR BIRD ORNAMENT, ASSORTED COLOURS SILK FAN, GIRLS ALPHABET IRON ON PATCHES , POPART WOODEN PENCILS ASST"
12400.0,At Risk Customers,"GIRLS ALPHABET IRON ON PATCHES , WHITE HANGING HEART T-LIGHT HOLDER, ASSTD DESIGN BUBBLE GUM RING, LUNCH BAG  BLACK SKULL., WORLD WAR 2 GLIDERS ASSTD DESIGNS"
12401.0,At Risk Customers,"GIRLS ALPHABET IRON ON PATCHES , WHITE HANGING HEART T-LIGHT HOLDER, ASSTD DESIGN BUBBLE GUM RING, LUNCH BAG  BLACK SKULL., WORLD WAR 2 GLIDERS ASSTD DESIGNS"
12402.0,Loyal Customers,"SMALL CHINESE STYLE SCISSOR, BLACK AND WHITE PAISLEY FLOWER MUG, WHITE HANGING HEART T-LIGHT HOLDER, WORLD WAR 2 GLIDERS ASSTD DESIGNS, ASSORTED COLOUR BIRD ORNAMENT"
12404.0,At Risk Customers,"GIRLS ALPHABET IRON ON PATCHES , WHITE HANGING HEART T-LIGHT HOLDER, ASSTD DESIGN BUBBLE GUM RING, LUNCH BAG  BLACK SKULL., WORLD WAR 2 GLIDERS ASSTD DESIGNS"
12405.0,Potential Customers,"WORLD WAR 2 GLIDERS ASSTD DESIGNS, ASSORTED COLOUR BIRD ORNAMENT, ASSORTED COLOURS SILK FAN, GIRLS ALPHABET IRON ON PATCHES , POPART WOODEN PENCILS ASST"
12410.0,Loyal Customers,"SMALL CHINESE STYLE SCISSOR, BLACK AND WHITE PAISLEY FLOWER MUG, WHITE HANGING HEART T-LIGHT HOLDER, WORLD WAR 2 GLIDERS ASSTD DESIGNS, ASSORTED COLOUR BIRD ORNAMENT"
12411.0,At Risk Customers,"GIRLS ALPHABET IRON ON PATCHES , WHITE HANGING HEART T-LIGHT HOLDER, ASSTD DESIGN BUBBLE GUM RING, LUNCH BAG  BLACK SKULL., WORLD WAR 2 GLIDERS ASSTD DESIGNS"
12412.0,Loyal Customers,"SMALL CHINESE STYLE SCISSOR, BLACK AND WHITE PAISLEY FLOWER MUG, WHITE HANGING HEART T-LIGHT HOLDER, WORLD WAR 2 GLIDERS ASSTD DESIGNS, ASSORTED COLOUR BIRD ORNAMENT"
12413.0,Loyal Customers,"SMALL CHINESE STYLE SCISSOR, BLACK AND WHITE PAISLEY FLOWER MUG, WHITE HANGING HEART T-LIGHT HOLDER, WORLD WAR 2 GLIDERS ASSTD DESIGNS, ASSORTED COLOUR BIRD ORNAMENT"
12414.0,Loyal Customers,"SMALL CHINESE STYLE SCISSOR, BLACK AND WHITE PAISLEY FLOWER MUG, WHITE HANGING HEART T-LIGHT HOLDER, WORLD WAR 2 GLIDERS ASSTD DESIGNS, ASSORTED COLOUR BIRD ORNAMENT"
12416.0,At Risk Customers,"GIRLS ALPHABET IRON ON PATCHES , WHITE HANGING HEART T-LIGHT HOLDER, ASSTD DESIGN BUBBLE GUM RING, LUNCH BAG  BLACK SKULL., WORLD WAR 2 GLIDERS ASSTD DESIGNS"
12418.0,Loyal Customers,"SMALL CHINESE STYLE SCISSOR, BLACK AND WHITE PAISLEY FLOWER MUG, WHITE HANGING HEART T-LIGHT HOLDER, WORLD WAR 2 GLIDERS ASSTD DESIGNS, ASSORTED COLOUR BIRD ORNAMENT"
12419.0,At Risk Customers,"GIRLS ALPHABET IRON ON PATCHES , WHITE HANGING HEART T-LIGHT HOLDER, ASSTD DESIGN BUBBLE GUM RING, LUNCH BAG  BLACK SKULL., WORLD WAR 2 GLIDERS ASSTD DESIGNS"
12420.0,Potential Customers,"WORLD WAR 2 GLIDERS ASSTD DESIGNS, ASSORTED COLOUR BIRD ORNAMENT, ASSORTED COLOURS SILK FAN, GIRLS ALPHABET IRON ON PATCHES , POPART WOODEN PENCILS ASST"
12422.0,Champions,"WORLD WAR 2 GLIDERS ASSTD DESIGNS, PAPER CRAFT , LITTLE BIRDIE, MEDIUM CERAMIC TOP STORAGE JAR, WHITE HANGING HEART T-LIGHT HOLDER, JUMBO BAG RED RETROSPOT"
12424.0,Loyal Customers,"SMALL CHINESE STYLE SCISSOR, BLACK AND WHITE PAISLEY FLOWER MUG, WHITE HANGING HEART T-LIGHT HOLDER, WORLD WAR 2 GLIDERS ASSTD DESIGNS, ASSORTED COLOUR BIRD ORNAMENT"
12426.0,Potential Customers,"WORLD WAR 2 GLIDERS ASSTD DESIGNS, ASSORTED COLOUR BIRD ORNAMENT, ASSORTED COLOURS SILK FAN, GIRLS ALPHABET IRON ON PATCHES , POPART WOODEN PENCILS ASST"
12430.0,Potential Customers,"WORLD WAR 2 GLIDERS ASSTD DESIGNS, ASSORTED COLOUR BIRD ORNAMENT, ASSORTED COLOURS SILK FAN, GIRLS ALPHABET IRON ON PATCHES , POPART WOODEN PENCILS ASST"
12434.0,Loyal Customers,"SMALL CHINESE STYLE SCISSOR, BLACK AND WHITE PAISLEY FLOWER MUG, WHITE HANGING HEART T-LIGHT HOLDER, WORLD WAR 2 GLIDERS ASSTD DESIGNS, ASSORTED COLOUR BIRD ORNAMENT"
12436.0,Potential Customers,"WORLD WAR 2 GLIDERS ASSTD DESIGNS, ASSORTED COLOUR BIRD ORNAMENT, ASSORTED COLOURS SILK FAN, GIRLS ALPHABET IRON ON PATCHES , POPART WOODEN PENCILS ASST"
12438.0,Loyal Customers,"SMALL CHINESE STYLE SCISSOR, BLACK AND WHITE PAISLEY FLOWER MUG, WHITE HANGING HEART T-LIGHT HOLDER, WORLD WAR 2 GLIDERS ASSTD DESIGNS, ASSORTED COLOUR BIRD ORNAMENT"
12440.0,At Risk Customers,"GIRLS ALPHABET IRON ON PATCHES , WHITE HANGING HEART T-LIGHT HOLDER, ASSTD DESIGN BUBBLE GUM RING, LUNCH BAG  BLACK SKULL., WORLD WAR 2 GLIDERS ASSTD DESIGNS"
12441.0,At Risk Customers,"GIRLS ALPHABET IRON ON PATCHES , WHITE HANGING HEART T-LIGHT HOLDER, ASSTD DESIGN BUBBLE GUM RING, LUNCH BAG  BLACK SKULL., WORLD WAR 2 GLIDERS ASSTD DESIGNS"
12442.0,Potential Customers,"WORLD WAR 2 GLIDERS ASSTD DESIGNS, ASSORTED COLOUR BIRD ORNAMENT, ASSORTED COLOURS SILK FAN, GIRLS ALPHABET IRON ON PATCHES , POPART WOODEN PENCILS ASST"
12443.0,At Risk Customers,"GIRLS ALPHABET IRON ON PATCHES , WHITE HANGING HEART T-LIGHT HOLDER, ASSTD DESIGN BUBBLE GUM RING, LUNCH BAG  BLACK SKULL., WORLD WAR 2 GLIDERS ASSTD DESIGNS"
12446.0,Potential Customers,"WORLD WAR 2 GLIDERS ASSTD DESIGNS, ASSORTED COLOUR BIRD ORNAMENT, ASSORTED COLOURS SILK FAN, GIRLS ALPHABET IRON ON PATCHES , POPART WOODEN PENCILS ASST"
12447.0,Potential Customers,"WORLD WAR 2 GLIDERS ASSTD DESIGNS, ASSORTED COLOUR BIRD ORNAMENT, ASSORTED COLOURS SILK FAN, GIRLS ALPHABET IRON ON PATCHES , POPART WOODEN PENCILS ASST"
12448.0,Potential Customers,"WORLD WAR 2 GLIDERS ASSTD DESIGNS, ASSORTED COLOUR BIRD ORNAMENT, ASSORTED COLOURS SILK FAN, GIRLS ALPHABET IRON ON PATCHES , POPART WOODEN PENCILS ASST"
12450.0,Loyal Customers,"SMALL CHINESE STYLE SCISSOR, BLACK AND WHITE PAISLEY FLOWER MUG, WHITE HANGING HEART T-LIGHT HOLDER, WORLD WAR 2 GLIDERS ASSTD DESIGNS, ASSORTED COLOUR BIRD ORNAMENT"
12452.0,Potential Customers,"WORLD WAR 2 GLIDERS ASSTD DESIGNS, ASSORTED COLOUR BIRD ORNAMENT, ASSORTED COLOURS SILK FAN, GIRLS ALPHABET IRON ON PATCHES , POPART WOODEN PENCILS ASST"
12453.0,Potential Customers,"WORLD WAR 2 GLIDERS ASSTD DESIGNS, ASSORTED COLOUR BIRD ORNAMENT, ASSORTED COLOURS SILK FAN, GIRLS ALPHABET IRON ON PATCHES , POPART WOODEN PENCILS ASST"
12456.0,Loyal Customers,"SMALL CHINESE STYLE SCISSOR, BLACK AND WHITE PAISLEY FLOWER MUG, WHITE HANGING HEART T-LIGHT HOLDER, WORLD WAR 2 GLIDERS ASSTD DESIGNS, ASSORTED COLOUR BIRD ORNAMENT"
12459.0,At Risk Customers,"GIRLS ALPHABET IRON ON PATCHES , WHITE HANGING HEART T-LIGHT HOLDER, ASSTD DESIGN BUBBLE GUM RING, LUNCH BAG  BLACK SKULL., WORLD WAR 2 GLIDERS ASSTD DESIGNS"
12460.0,At Risk Customers,"GIRLS ALPHABET IRON ON PATCHES , WHITE HANGING HEART T-LIGHT HOLDER, ASSTD DESIGN BUBBLE GUM RING, LUNCH BAG  BLACK SKULL., WORLD WAR 2 GLIDERS ASSTD DESIGNS"
12462.0,Potential Customers,"WORLD WAR 2 GLIDERS ASSTD DESIGNS, ASSORTED COLOUR BIRD ORNAMENT, ASSORTED COLOURS SILK FAN, GIRLS ALPHABET IRON ON PATCHES , POPART WOODEN PENCILS ASST"
12463.0,Loyal Customers,"SMALL CHINESE STYLE SCISSOR, BLACK AND WHITE PAISLEY FLOWER MUG, WHITE HANGING HEART T-LIGHT HOLDER, WORLD WAR 2 GLIDERS ASSTD DESIGNS, ASSORTED COLOUR BIRD ORNAMENT"
12465.0,Potential Customers,"WORLD WAR 2 GLIDERS ASSTD DESIGNS, ASSORTED COLOUR BIRD ORNAMENT, ASSORTED COLOURS SILK FAN, GIRLS ALPHABET IRON ON PATCHES , POPART WOODEN PENCILS ASST"
12466.0,At Risk Customers,"GIRLS ALPHABET IRON ON PATCHES , WHITE HANGING HEART T-LIGHT HOLDER, ASSTD DESIGN BUBBLE GUM RING, LUNCH BAG  BLACK SKULL., WORLD WAR 2 GLIDERS ASSTD DESIGNS"
12467.0,At Risk Customers,"GIRLS ALPHABET IRON ON PATCHES , WHITE HANGING HEART T-LIGHT HOLDER, ASSTD DESIGN BUBBLE GUM RING, LUNCH BAG  BLACK SKULL., WORLD WAR 2 GLIDERS ASSTD DESIGNS"
12468.0,Loyal Customers,"SMALL CHINESE STYLE SCISSOR, BLACK AND WHITE PAISLEY FLOWER MUG, WHITE HANGING HEART T-LIGHT HOLDER, WORLD WAR 2 GLIDERS ASSTD DESIGNS, ASSORTED COLOUR BIRD ORNAMENT"
12469.0,At Risk Customers,"GIRLS ALPHABET IRON ON PATCHES , WHITE HANGING HEART T-LIGHT HOLDER, ASSTD DESIGN BUBBLE GUM RING, LUNCH BAG  BLACK SKULL., WORLD WAR 2 GLIDERS ASSTD DESIGNS"
12470.0,At Risk Customers,"GIRLS ALPHABET IRON ON PATCHES , WHITE HANGING HEART T-LIGHT HOLDER, ASSTD DESIGN BUBBLE GUM RING, LUNCH BAG  BLACK SKULL., WORLD WAR 2 GLIDERS ASSTD DESIGNS"
12478.0,Potential Customers,"WORLD WAR 2 GLIDERS ASSTD DESIGNS, ASSORTED COLOUR BIRD ORNAMENT, ASSORTED COLOURS SILK FAN, GIRLS ALPHABET IRON ON PATCHES , POPART WOODEN PENCILS ASST"
12479.0,Potential Customers,"WORLD WAR 2 GLIDERS ASSTD DESIGNS, ASSORTED COLOUR BIRD ORNAMENT, ASSORTED COLOURS SILK FAN, GIRLS ALPHABET IRON ON PATCHES , POPART WOODEN PENCILS ASST"
12482.0,Champions,"WORLD WAR 2 GLIDERS ASSTD DESIGNS, PAPER CRAFT , LITTLE BIRDIE, MEDIUM CERAMIC TOP STORAGE JAR, WHITE HANGING HEART T-LIGHT HOLDER, JUMBO BAG RED RETROSPOT"
12485.0,At Risk Customers,"GIRLS ALPHABET IRON ON PATCHES , WHITE HANGING HEART T-LIGHT HOLDER, ASSTD DESIGN BUBBLE GUM RING, LUNCH BAG  BLACK SKULL., WORLD WAR 2 GLIDERS ASSTD DESIGNS"
12486.0,At Risk Customers,"GIRLS ALPHABET IRON ON PATCHES , WHITE HANGING HEART T-LIGHT HOLDER, ASSTD DESIGN BUBBLE GUM RING, LUNCH BAG  BLACK SKULL., WORLD WAR 2 GLIDERS ASSTD DESIGNS"
12487.0,At Risk Customers,"GIRLS ALPHABET IRON ON PATCHES , WHITE HANGING HEART T-LIGHT HOLDER, ASSTD DESIGN BUBBLE GUM RING, LUNCH BAG  BLACK SKULL., WORLD WAR 2 GLIDERS ASSTD DESIGNS"
12489.0,At Risk Customers,"GIRLS ALPHABET IRON ON PATCHES , WHITE HANGING HEART T-LIGHT HOLDER, ASSTD DESIGN BUBBLE GUM RING, LUNCH BAG  BLACK SKULL., WORLD WAR 2 GLIDERS ASSTD DESIGNS"
12491.0,Potential Customers,"WORLD WAR 2 GLIDERS ASSTD DESIGNS, ASSORTED COLOUR BIRD ORNAMENT, ASSORTED COLOURS SILK FAN, GIRLS ALPHABET IRON ON PATCHES , POPART WOODEN PENCILS ASST"
12493.0,Potential Customers,"WORLD WAR 2 GLIDERS ASSTD DESIGNS, ASSORTED COLOUR BIRD ORNAMENT, ASSORTED COLOURS SILK FAN, GIRLS ALPHABET IRON ON PATCHES , POPART WOODEN PENCILS ASST"
12495.0,At Risk Customers,"GIRLS ALPHABET IRON ON PATCHES , WHITE HANGING HEART T-LIGHT HOLDER, ASSTD DESIGN BUBBLE GUM RING, LUNCH BAG  BLACK SKULL., WORLD WAR 2 GLIDERS ASSTD DESIGNS"
12496.0,At Risk Customers,"GIRLS ALPHABET IRON ON PATCHES , WHITE HANGING HEART T-LIGHT HOLDER, ASSTD DESIGN BUBBLE GUM RING, LUNCH BAG  BLACK SKULL., WORLD WAR 2 GLIDERS ASSTD DESIGNS"
12498.0,Potential Customers,"WORLD WAR 2 GLIDERS ASSTD DESIGNS, ASSORTED COLOUR BIRD ORNAMENT, ASSORTED COLOURS SILK FAN, GIRLS ALPHABET IRON ON PATCHES , POPART WOODEN PENCILS ASST"
12499.0,At Risk Customers,"GIRLS ALPHABET IRON ON PATCHES , WHITE HANGING HEART T-LIGHT HOLDER, ASSTD DESIGN BUBBLE GUM RING, LUNCH BAG  BLACK SKULL., WORLD WAR 2 GLIDERS ASSTD DESIGNS"
12501.0,At Risk Customers,"GIRLS ALPHABET IRON ON PATCHES , WHITE HANGING HEART T-LIGHT HOLDER, ASSTD DESIGN BUBBLE GUM RING, LUNCH BAG  BLACK SKULL., WORLD WAR 2 GLIDERS ASSTD DESIGNS"
12502.0,Loyal Customers,"SMALL CHINESE STYLE SCISSOR, BLACK AND WHITE PAISLEY FLOWER MUG, WHITE HANGING HEART T-LIGHT HOLDER, WORLD WAR 2 GLIDERS ASSTD DESIGNS, ASSORTED COLOUR BIRD ORNAMENT"
12503.0,At Risk Customers,"GIRLS ALPHABET IRON ON PATCHES , WHITE HANGING HEART T-LIGHT HOLDER, ASSTD DESIGN BUBBLE GUM RING, LUNCH BAG  BLACK SKULL., WORLD WAR 2 GLIDERS ASSTD DESIGNS"
12505.0,At Risk Customers,"GIRLS ALPHABET IRON ON PATCHES , WHITE HANGING HEART T-LIGHT HOLDER, ASSTD DESIGN BUBBLE GUM RING, LUNCH BAG  BLACK SKULL., WORLD WAR 2 GLIDERS ASSTD DESIGNS"
12506.0,Potential Customers,"WORLD WAR 2 GLIDERS ASSTD DESIGNS, ASSORTED COLOUR BIRD ORNAMENT, ASSORTED COLOURS SILK FAN, GIRLS ALPHABET IRON ON PATCHES , POPART WOODEN PENCILS ASST"
12507.0,Loyal Customers,"SMALL CHINESE STYLE SCISSOR, BLACK AND WHITE PAISLEY FLOWER MUG, WHITE HANGING HEART T-LIGHT HOLDER, WORLD WAR 2 GLIDERS ASSTD DESIGNS, ASSORTED COLOUR BIRD ORNAMENT"
12508.0,Potential Customers,"WORLD WAR 2 GLIDERS ASSTD DESIGNS, ASSORTED COLOUR BIRD ORNAMENT, ASSORTED COLOURS SILK FAN, GIRLS ALPHABET IRON ON PATCHES , POPART WOODEN PENCILS ASST"
12509.0,Potential Customers,"WORLD WAR 2 GLIDERS ASSTD DESIGNS, ASSORTED COLOUR BIRD ORNAMENT, ASSORTED COLOURS SILK FAN, GIRLS ALPHABET IRON ON PATCHES , POPART WOODEN PENCILS ASST"
12510.0,Loyal Customers,"SMALL CHINESE STYLE SCISSOR, BLACK AND WHITE PAISLEY FLOWER MUG, WHITE HANGING HEART T-LIGHT HOLDER, WORLD WAR 2 GLIDERS ASSTD DESIGNS, ASSORTED COLOUR BIRD ORNAMENT"
12511.0,At Risk Customers,"GIRLS ALPHABET IRON ON PATCHES , WHITE HANGING HEART T-LIGHT HOLDER, ASSTD DESIGN BUBBLE GUM RING, LUNCH BAG  BLACK SKULL., WORLD WAR 2 GLIDERS ASSTD DESIGNS"
12512.0,Potential Customers,"WORLD WAR 2 GLIDERS ASSTD DESIGNS, ASSORTED COLOUR BIRD ORNAMENT, ASSORTED COLOURS SILK FAN, GIRLS ALPHABET IRON ON PATCHES , POPART WOODEN PENCILS ASST"
12513.0,Potential Customers,"WORLD WAR 2 GLIDERS ASSTD DESIGNS, ASSORTED COLOUR BIRD ORNAMENT, ASSORTED COLOURS SILK FAN, GIRLS ALPHABET IRON ON PATCHES , POPART WOODEN PENCILS ASST"
12514.0,Loyal Customers,"SMALL CHINESE STYLE SCISSOR, BLACK AND WHITE PAISLEY FLOWER MUG, WHITE HANGING HEART T-LIGHT HOLDER, WORLD WAR 2 GLIDERS ASSTD DESIGNS, ASSORTED COLOUR BIRD ORNAMENT"
12515.0,At Risk Customers,"GIRLS ALPHABET IRON ON PATCHES , WHITE HANGING HEART T-LIGHT HOLDER, ASSTD DESIGN BUBBLE GUM RING, LUNCH BAG  BLACK SKULL., WORLD WAR 2 GLIDERS ASSTD DESIGNS"
12521.0,Potential Customers,"WORLD WAR 2 GLIDERS ASSTD DESIGNS, ASSORTED COLOUR BIRD ORNAMENT, ASSORTED COLOURS SILK FAN, GIRLS ALPHABET IRON ON PATCHES , POPART WOODEN PENCILS ASST"
12525.0,At Risk Customers,"GIRLS ALPHABET IRON ON PATCHES , WHITE HANGING HEART T-LIGHT HOLDER, ASSTD DESIGN BUBBLE GUM RING, LUNCH BAG  BLACK SKULL., WORLD WAR 2 GLIDERS ASSTD DESIGNS"
12527.0,Loyal Customers,"SMALL CHINESE STYLE SCISSOR, BLACK AND WHITE PAISLEY FLOWER MUG, WHITE HANGING HEART T-LIGHT HOLDER, WORLD WAR 2 GLIDERS ASSTD DESIGNS, ASSORTED COLOUR BIRD ORNAMENT"
12528.0,Loyal Customers,"SMALL CHINESE STYLE SCISSOR, BLACK AND WHITE PAISLEY FLOWER MUG, WHITE HANGING HEART T-LIGHT HOLDER, WORLD WAR 2 GLIDERS ASSTD DESIGNS, ASSORTED COLOUR BIRD ORNAMENT"
12529.0,At Risk Customers,"GIRLS ALPHABET IRON ON PATCHES , WHITE HANGING HEART T-LIGHT HOLDER, ASSTD DESIGN BUBBLE GUM RING, LUNCH BAG  BLACK SKULL., WORLD WAR 2 GLIDERS ASSTD DESIGNS"
12532.0,Potential Customers,"WORLD WAR 2 GLIDERS ASSTD DESIGNS, ASSORTED COLOUR BIRD ORNAMENT, ASSORTED COLOURS SILK FAN, GIRLS ALPHABET IRON ON PATCHES , POPART WOODEN PENCILS ASST"
12533.0,At Risk Customers,"GIRLS ALPHABET IRON ON PATCHES , WHITE HANGING HEART T-LIGHT HOLDER, ASSTD DESIGN BUBBLE GUM RING, LUNCH BAG  BLACK SKULL., WORLD WAR 2 GLIDERS ASSTD DESIGNS"
12534.0,Potential Customers,"WORLD WAR 2 GLIDERS ASSTD DESIGNS, ASSORTED COLOUR BIRD ORNAMENT, ASSORTED COLOURS SILK FAN, GIRLS ALPHABET IRON ON PATCHES , POPART WOODEN PENCILS ASST"
12535.0,Potential Customers,"WORLD WAR 2 GLIDERS ASSTD DESIGNS, ASSORTED COLOUR BIRD ORNAMENT, ASSORTED COLOURS SILK FAN, GIRLS ALPHABET IRON ON PATCHES , POPART WOODEN PENCILS ASST"
12537.0,At Risk Customers,"GIRLS ALPHABET IRON ON PATCHES , WHITE HANGING HEART T-LIGHT HOLDER, ASSTD DESIGN BUBBLE GUM RING, LUNCH BAG  BLACK SKULL., WORLD WAR 2 GLIDERS ASSTD DESIGNS"
12541.0,Loyal Customers,"SMALL CHINESE STYLE SCISSOR, BLACK AND WHITE PAISLEY FLOWER MUG, WHITE HANGING HEART T-LIGHT HOLDER, WORLD WAR 2 GLIDERS ASSTD DESIGNS, ASSORTED COLOUR BIRD ORNAMENT"
12542.0,At Risk Customers,"GIRLS ALPHABET IRON ON PATCHES , WHITE HANGING HEART T-LIGHT HOLDER, ASSTD DESIGN BUBBLE GUM RING, LUNCH BAG  BLACK SKULL., WORLD WAR 2 GLIDERS ASSTD DESIGNS"
12543.0,At Risk Customers,"GIRLS ALPHABET IRON ON PATCHES , WHITE HANGING HEART T-LIGHT HOLDER, ASSTD DESIGN BUBBLE GUM RING, LUNCH BAG  BLACK SKULL., WORLD WAR 2 GLIDERS ASSTD DESIGNS"
12544.0,Potential Customers,"WORLD WAR 2 GLIDERS ASSTD DESIGNS, ASSORTED COLOUR BIRD ORNAMENT, ASSORTED COLOURS SILK FAN, GIRLS ALPHABET IRON ON PATCHES , POPART WOODEN PENCILS ASST"
12545.0,Potential Customers,"WORLD WAR 2 GLIDERS ASSTD DESIGNS, ASSORTED COLOUR BIRD ORNAMENT, ASSORTED COLOURS SILK FAN, GIRLS ALPHABET IRON ON PATCHES , POPART WOODEN PENCILS ASST"
12547.0,Potential Customers,"WORLD WAR 2 GLIDERS ASSTD DESIGNS, ASSORTED COLOUR BIRD ORNAMENT, ASSORTED COLOURS SILK FAN, GIRLS ALPHABET IRON ON PATCHES , POPART WOODEN PENCILS ASST"
12548.0,Potential Customers,"WORLD WAR 2 GLIDERS ASSTD DESIGNS, ASSORTED COLOUR BIRD ORNAMENT, ASSORTED COLOURS SILK FAN, GIRLS ALPHABET IRON ON PATCHES , POPART WOODEN PENCILS ASST"
12549.0,At Risk Customers,"GIRLS ALPHABET IRON ON PATCHES , WHITE HANGING HEART T-LIGHT HOLDER, ASSTD DESIGN BUBBLE GUM RING, LUNCH BAG  BLACK SKULL., WORLD WAR 2 GLIDERS ASSTD DESIGNS"
12550.0,Potential Customers,"WORLD WAR 2 GLIDERS ASSTD DESIGNS, ASSORTED COLOUR BIRD ORNAMENT, ASSORTED COLOURS SILK FAN, GIRLS ALPHABET IRON ON PATCHES , POPART WOODEN PENCILS ASST"
12551.0,At Risk Customers,"GIRLS ALPHABET IRON ON PATCHES , WHITE HANGING HEART T-LIGHT HOLDER, ASSTD DESIGN BUBBLE GUM RING, LUNCH BAG  BLACK SKULL., WORLD WAR 2 GLIDERS ASSTD DESIGNS"
12552.0,Potential Customers,"WORLD WAR 2 GLIDERS ASSTD DESIGNS, ASSORTED COLOUR BIRD ORNAMENT, ASSORTED COLOURS SILK FAN, GIRLS ALPHABET IRON ON PATCHES , POPART WOODEN PENCILS ASST"
12554.0,At Risk Customers,"GIRLS ALPHABET IRON ON PATCHES , WHITE HANGING HEART T-LIGHT HOLDER, ASSTD DESIGN BUBBLE GUM RING, LUNCH BAG  BLACK SKULL., WORLD WAR 2 GLIDERS ASSTD DESIGNS"
12555.0,At Risk Customers,"GIRLS ALPHABET IRON ON PATCHES , WHITE HANGING HEART T-LIGHT HOLDER, ASSTD DESIGN BUBBLE GUM RING, LUNCH BAG  BLACK SKULL., WORLD WAR 2 GLIDERS ASSTD DESIGNS"
12556.0,Potential Customers,"WORLD WAR 2 GLIDERS ASSTD DESIGNS, ASSORTED COLOUR BIRD ORNAMENT, ASSORTED COLOURS SILK FAN, GIRLS ALPHABET IRON ON PATCHES , POPART WOODEN PENCILS ASST"
12558.0,Potential Customers,"WORLD WAR 2 GLIDERS ASSTD DESIGNS, ASSORTED COLOUR BIRD ORNAMENT, ASSORTED COLOURS SILK FAN, GIRLS ALPHABET IRON ON PATCHES , POPART WOODEN PENCILS ASST"
12559.0,At Risk Customers,"GIRLS ALPHABET IRON ON PATCHES , WHITE HANGING HEART T-LIGHT HOLDER, ASSTD DESIGN BUBBLE GUM RING, LUNCH BAG  BLACK SKULL., WORLD WAR 2 GLIDERS ASSTD DESIGNS"
12560.0,Loyal Customers,"SMALL CHINESE STYLE SCISSOR, BLACK AND WHITE PAISLEY FLOWER MUG, WHITE HANGING HEART T-LIGHT HOLDER, WORLD WAR 2 GLIDERS ASSTD DESIGNS, ASSORTED COLOUR BIRD ORNAMENT"
12561.0,At Risk Customers,"GIRLS ALPHABET IRON ON PATCHES , WHITE HANGING HEART T-LIGHT HOLDER, ASSTD DESIGN BUBBLE GUM RING, LUNCH BAG  BLACK SKULL., WORLD WAR 2 GLIDERS ASSTD DESIGNS"
12563.0,At Risk Customers,"GIRLS ALPHABET IRON ON PATCHES , WHITE HANGING HEART T-LIGHT HOLDER, ASSTD DESIGN BUBBLE GUM RING, LUNCH BAG  BLACK SKULL., WORLD WAR 2 GLIDERS ASSTD DESIGNS"
12564.0,Potential Customers,"WORLD WAR 2 GLIDERS ASSTD DESIGNS, ASSORTED COLOUR BIRD ORNAMENT, ASSORTED COLOURS SILK FAN, GIRLS ALPHABET IRON ON PATCHES , POPART WOODEN PENCILS ASST"
12565.0,At Risk Customers,"GIRLS ALPHABET IRON ON PATCHES , WHITE HANGING HEART T-LIGHT HOLDER, ASSTD DESIGN BUBBLE GUM RING, LUNCH BAG  BLACK SKULL., WORLD WAR 2 GLIDERS ASSTD DESIGNS"
12566.0,Potential Customers,"WORLD WAR 2 GLIDERS ASSTD DESIGNS, ASSORTED COLOUR BIRD ORNAMENT, ASSORTED COLOURS SILK FAN, GIRLS ALPHABET IRON ON PATCHES , POPART WOODEN PENCILS ASST"
12568.0,At Risk Customers,"GIRLS ALPHABET IRON ON PATCHES , WHITE HANGING HEART T-LIGHT HOLDER, ASSTD DESIGN BUBBLE GUM RING, LUNCH BAG  BLACK SKULL., WORLD WAR 2 GLIDERS ASSTD DESIGNS"
12570.0,At Risk Customers,"GIRLS ALPHABET IRON ON PATCHES , WHITE HANGING HEART T-LIGHT HOLDER, ASSTD DESIGN BUBBLE GUM RING, LUNCH BAG  BLACK SKULL., WORLD WAR 2 GLIDERS ASSTD DESIGNS"
12571.0,Potential Customers,"WORLD WAR 2 GLIDERS ASSTD DESIGNS, ASSORTED COLOUR BIRD ORNAMENT, ASSORTED COLOURS SILK FAN, GIRLS ALPHABET IRON ON PATCHES , POPART WOODEN PENCILS ASST"
12573.0,Loyal Customers,"SMALL CHINESE STYLE SCISSOR, BLACK AND WHITE PAISLEY FLOWER MUG, WHITE HANGING HEART T-LIGHT HOLDER, WORLD WAR 2 GLIDERS ASSTD DESIGNS, ASSORTED COLOUR BIRD ORNAMENT"
12574.0,At Risk Customers,"GIRLS ALPHABET IRON ON PATCHES , WHITE HANGING HEART T-LIGHT HOLDER, ASSTD DESIGN BUBBLE GUM RING, LUNCH BAG  BLACK SKULL., WORLD WAR 2 GLIDERS ASSTD DESIGNS"
12575.0,At Risk Customers,"GIRLS ALPHABET IRON ON PATCHES , WHITE HANGING HEART T-LIGHT HOLDER, ASSTD DESIGN BUBBLE GUM RING, LUNCH BAG  BLACK SKULL., WORLD WAR 2 GLIDERS ASSTD DESIGNS"
12579.0,Potential Customers,"WORLD WAR 2 GLIDERS ASSTD DESIGNS, ASSORTED COLOUR BIRD ORNAMENT, ASSORTED COLOURS SILK FAN, GIRLS ALPHABET IRON ON PATCHES , POPART WOODEN PENCILS ASST"
12580.0,Potential Customers,"WORLD WAR 2 GLIDERS ASSTD DESIGNS, ASSORTED COLOUR BIRD ORNAMENT, ASSORTED COLOURS SILK FAN, GIRLS ALPHABET IRON ON PATCHES , POPART WOODEN PENCILS ASST"
12581.0,Potential Customers,"WORLD WAR 2 GLIDERS ASSTD DESIGNS, ASSORTED COLOUR BIRD ORNAMENT, ASSORTED COLOURS SILK FAN, GIRLS ALPHABET IRON ON PATCHES , POPART WOODEN PENCILS ASST"
12582.0,Loyal Customers,"SMALL CHINESE STYLE SCISSOR, BLACK AND WHITE PAISLEY FLOWER MUG, WHITE HANGING HEART T-LIGHT HOLDER, WORLD WAR 2 GLIDERS ASSTD DESIGNS, ASSORTED COLOUR BIRD ORNAMENT"
12585.0,Loyal Customers,"SMALL CHINESE STYLE SCISSOR, BLACK AND WHITE PAISLEY FLOWER MUG, WHITE HANGING HEART T-LIGHT HOLDER, WORLD WAR 2 GLIDERS ASSTD DESIGNS, ASSORTED COLOUR BIRD ORNAMENT"
12587.0,Potential Customers,"WORLD WAR 2 GLIDERS ASSTD DESIGNS, ASSORTED COLOUR BIRD ORNAMENT, ASSORTED COLOURS SILK FAN, GIRLS ALPHABET IRON ON PATCHES , POPART WOODEN PENCILS ASST"
12590.0,Loyal Customers,"SMALL CHINESE STYLE SCISSOR, BLACK AND WHITE PAISLEY FLOWER MUG, WHITE HANGING HEART T-LIGHT HOLDER, WORLD WAR 2 GLIDERS ASSTD DESIGNS, ASSORTED COLOUR BIRD ORNAMENT"
12592.0,Loyal Customers,"SMALL CHINESE STYLE SCISSOR, BLACK AND WHITE PAISLEY FLOWER MUG, WHITE HANGING HEART T-LIGHT HOLDER, WORLD WAR 2 GLIDERS ASSTD DESIGNS, ASSORTED COLOUR BIRD ORNAMENT"
12593.0,Potential Customers,"WORLD WAR 2 GLIDERS ASSTD DESIGNS, ASSORTED COLOUR BIRD ORNAMENT, ASSORTED COLOURS SILK FAN, GIRLS ALPHABET IRON ON PATCHES , POPART WOODEN PENCILS ASST"
12595.0,At Risk Customers,"GIRLS ALPHABET IRON ON PATCHES , WHITE HANGING HEART T-LIGHT HOLDER, ASSTD DESIGN BUBBLE GUM RING, LUNCH BAG  BLACK SKULL., WORLD WAR 2 GLIDERS ASSTD DESIGNS"
12596.0,Potential Customers,"WORLD WAR 2 GLIDERS ASSTD DESIGNS, ASSORTED COLOUR BIRD ORNAMENT, ASSORTED COLOURS SILK FAN, GIRLS ALPHABET IRON ON PATCHES , POPART WOODEN PENCILS ASST"
12601.0,Loyal Customers,"SMALL CHINESE STYLE SCISSOR, BLACK AND WHITE PAISLEY FLOWER MUG, WHITE HANGING HEART T-LIGHT HOLDER, WORLD WAR 2 GLIDERS ASSTD DESIGNS, ASSORTED COLOUR BIRD ORNAMENT"
12602.0,Potential Customers,"WORLD WAR 2 GLIDERS ASSTD DESIGNS, ASSORTED COLOUR BIRD ORNAMENT, ASSORTED COLOURS SILK FAN, GIRLS ALPHABET IRON ON PATCHES , POPART WOODEN PENCILS ASST"
12603.0,Potential Customers,"WORLD WAR 2 GLIDERS ASSTD DESIGNS, ASSORTED COLOUR BIRD ORNAMENT, ASSORTED COLOURS SILK FAN, GIRLS ALPHABET IRON ON PATCHES , POPART WOODEN PENCILS ASST"
12604.0,Potential Customers,"WORLD WAR 2 GLIDERS ASSTD DESIGNS, ASSORTED COLOUR BIRD ORNAMENT, ASSORTED COLOURS SILK FAN, GIRLS ALPHABET IRON ON PATCHES , POPART WOODEN PENCILS ASST"
12606.0,At Risk Customers,"GIRLS ALPHABET IRON ON PATCHES , WHITE HANGING HEART T-LIGHT HOLDER, ASSTD DESIGN BUBBLE GUM RING, LUNCH BAG  BLACK SKULL., WORLD WAR 2 GLIDERS ASSTD DESIGNS"
12607.0,Potential Customers,"WORLD WAR 2 GLIDERS ASSTD DESIGNS, ASSORTED COLOUR BIRD ORNAMENT, ASSORTED COLOURS SILK FAN, GIRLS ALPHABET IRON ON PATCHES , POPART WOODEN PENCILS ASST"
12608.0,At Risk Customers,"GIRLS ALPHABET IRON ON PATCHES , WHITE HANGING HEART T-LIGHT HOLDER, ASSTD DESIGN BUBBLE GUM RING, LUNCH BAG  BLACK SKULL., WORLD WAR 2 GLIDERS ASSTD DESIGNS"
12611.0,Potential Customers,"WORLD WAR 2 GLIDERS ASSTD DESIGNS, ASSORTED COLOUR BIRD ORNAMENT, ASSORTED COLOURS SILK FAN, GIRLS ALPHABET IRON ON PATCHES , POPART WOODEN PENCILS ASST"
12612.0,Potential Customers,"WORLD WAR 2 GLIDERS ASSTD DESIGNS, ASSORTED COLOUR BIRD ORNAMENT, ASSORTED COLOURS SILK FAN, GIRLS ALPHABET IRON ON PATCHES , POPART WOODEN PENCILS ASST"
12614.0,Potential Customers,"WORLD WAR 2 GLIDERS ASSTD DESIGNS, ASSORTED COLOUR BIRD ORNAMENT, ASSORTED COLOURS SILK FAN, GIRLS ALPHABET IRON ON PATCHES , POPART WOODEN PENCILS ASST"
12616.0,Loyal Customers,"SMALL CHINESE STYLE SCISSOR, BLACK AND WHITE PAISLEY FLOWER MUG, WHITE HANGING HEART T-LIGHT HOLDER, WORLD WAR 2 GLIDERS ASSTD DESIGNS, ASSORTED COLOUR BIRD ORNAMENT"
12617.0,Potential Customers,"WORLD WAR 2 GLIDERS ASSTD DESIGNS, ASSORTED COLOUR BIRD ORNAMENT, ASSORTED COLOURS SILK FAN, GIRLS ALPHABET IRON ON PATCHES , POPART WOODEN PENCILS ASST"
12618.0,Potential Customers,"WORLD WAR 2 GLIDERS ASSTD DESIGNS, ASSORTED COLOUR BIRD ORNAMENT, ASSORTED COLOURS SILK FAN, GIRLS ALPHABET IRON ON PATCHES , POPART WOODEN PENCILS ASST"
12622.0,Potential Customers,"WORLD WAR 2 GLIDERS ASSTD DESIGNS, ASSORTED COLOUR BIRD ORNAMENT, ASSORTED COLOURS SILK FAN, GIRLS ALPHABET IRON ON PATCHES , POPART WOODEN PENCILS ASST"
12624.0,Potential Customers,"WORLD WAR 2 GLIDERS ASSTD DESIGNS, ASSORTED COLOUR BIRD ORNAMENT, ASSORTED COLOURS SILK FAN, GIRLS ALPHABET IRON ON PATCHES , POPART WOODEN PENCILS ASST"
12625.0,Loyal Customers,"SMALL CHINESE STYLE SCISSOR, BLACK AND WHITE PAISLEY FLOWER MUG, WHITE HANGING HEART T-LIGHT HOLDER, WORLD WAR 2 GLIDERS ASSTD DESIGNS, ASSORTED COLOUR BIRD ORNAMENT"
12629.0,At Risk Customers,"GIRLS ALPHABET IRON ON PATCHES , WHITE HANGING HEART T-LIGHT HOLDER, ASSTD DESIGN BUBBLE GUM RING, LUNCH BAG  BLACK SKULL., WORLD WAR 2 GLIDERS ASSTD DESIGNS"
12632.0,At Risk Customers,"GIRLS ALPHABET IRON ON PATCHES , WHITE HANGING HEART T-LIGHT HOLDER, ASSTD DESIGN BUBBLE GUM RING, LUNCH BAG  BLACK SKULL., WORLD WAR 2 GLIDERS ASSTD DESIGNS"
12634.0,At Risk Customers,"GIRLS ALPHABET IRON ON PATCHES , WHITE HANGING HEART T-LIGHT HOLDER, ASSTD DESIGN BUBBLE GUM RING, LUNCH BAG  BLACK SKULL., WORLD WAR 2 GLIDERS ASSTD DESIGNS"
12636.0,At Risk Customers,"GIRLS ALPHABET IRON ON PATCHES , WHITE HANGING HEART T-LIGHT HOLDER, ASSTD DESIGN BUBBLE GUM RING, LUNCH BAG  BLACK SKULL., WORLD WAR 2 GLIDERS ASSTD DESIGNS"
12639.0,Loyal Customers,"SMALL CHINESE STYLE SCISSOR, BLACK AND WHITE PAISLEY FLOWER MUG, WHITE HANGING HEART T-LIGHT HOLDER, WORLD WAR 2 GLIDERS ASSTD DESIGNS, ASSORTED COLOUR BIRD ORNAMENT"
12641.0,Potential Customers,"WORLD WAR 2 GLIDERS ASSTD DESIGNS, ASSORTED COLOUR BIRD ORNAMENT, ASSORTED COLOURS SILK FAN, GIRLS ALPHABET IRON ON PATCHES , POPART WOODEN PENCILS ASST"
12642.0,Loyal Customers,"SMALL CHINESE STYLE SCISSOR, BLACK AND WHITE PAISLEY FLOWER MUG, WHITE HANGING HEART T-LIGHT HOLDER, WORLD WAR 2 GLIDERS ASSTD DESIGNS, ASSORTED COLOUR BIRD ORNAMENT"
12643.0,Champions,"WORLD WAR 2 GLIDERS ASSTD DESIGNS, PAPER CRAFT , LITTLE BIRDIE, MEDIUM CERAMIC TOP STORAGE JAR, WHITE HANGING HEART T-LIGHT HOLDER, JUMBO BAG RED RETROSPOT"
12646.0,Potential Customers,"WORLD WAR 2 GLIDERS ASSTD DESIGNS, ASSORTED COLOUR BIRD ORNAMENT, ASSORTED COLOURS SILK FAN, GIRLS ALPHABET IRON ON PATCHES , POPART WOODEN PENCILS ASST"
12650.0,Potential Customers,"WORLD WAR 2 GLIDERS ASSTD DESIGNS, ASSORTED COLOUR BIRD ORNAMENT, ASSORTED COLOURS SILK FAN, GIRLS ALPHABET IRON ON PATCHES , POPART WOODEN PENCILS ASST"
12651.0,At Risk Customers,"GIRLS ALPHABET IRON ON PATCHES , WHITE HANGING HEART T-LIGHT HOLDER, ASSTD DESIGN BUBBLE GUM RING, LUNCH BAG  BLACK SKULL., WORLD WAR 2 GLIDERS ASSTD DESIGNS"
12652.0,At Risk Customers,"GIRLS ALPHABET IRON ON PATCHES , WHITE HANGING HEART T-LIGHT HOLDER, ASSTD DESIGN BUBBLE GUM RING, LUNCH BAG  BLACK SKULL., WORLD WAR 2 GLIDERS ASSTD DESIGNS"
12653.0,Loyal Customers,"SMALL CHINESE STYLE SCISSOR, BLACK AND WHITE PAISLEY FLOWER MUG, WHITE HANGING HEART T-LIGHT HOLDER, WORLD WAR 2 GLIDERS ASSTD DESIGNS, ASSORTED COLOUR BIRD ORNAMENT"
12654.0,Loyal Customers,"SMALL CHINESE STYLE SCISSOR, BLACK AND WHITE PAISLEY FLOWER MUG, WHITE HANGING HEART T-LIGHT HOLDER, WORLD WAR 2 GLIDERS ASSTD DESIGNS, ASSORTED COLOUR BIRD ORNAMENT"
12655.0,At Risk Customers,"GIRLS ALPHABET IRON ON PATCHES , WHITE HANGING HEART T-LIGHT HOLDER, ASSTD DESIGN BUBBLE GUM RING, LUNCH BAG  BLACK SKULL., WORLD WAR 2 GLIDERS ASSTD DESIGNS"
12658.0,Potential Customers,"WORLD WAR 2 GLIDERS ASSTD DESIGNS, ASSORTED COLOUR BIRD ORNAMENT, ASSORTED COLOURS SILK FAN, GIRLS ALPHABET IRON ON PATCHES , POPART WOODEN PENCILS ASST"
12659.0,Potential Customers,"WORLD WAR 2 GLIDERS ASSTD DESIGNS, ASSORTED COLOUR BIRD ORNAMENT, ASSORTED COLOURS SILK FAN, GIRLS ALPHABET IRON ON PATCHES , POPART WOODEN PENCILS ASST"
12660.0,Potential Customers,"WORLD WAR 2 GLIDERS ASSTD DESIGNS, ASSORTED COLOUR BIRD ORNAMENT, ASSORTED COLOURS SILK FAN, GIRLS ALPHABET IRON ON PATCHES , POPART WOODEN PENCILS ASST"
12661.0,At Risk Customers,"GIRLS ALPHABET IRON ON PATCHES , WHITE HANGING HEART T-LIGHT HOLDER, ASSTD DESIGN BUBBLE GUM RING, LUNCH BAG  BLACK SKULL., WORLD WAR 2 GLIDERS ASSTD DESIGNS"
12663.0,At Risk Customers,"GIRLS ALPHABET IRON ON PATCHES , WHITE HANGING HEART T-LIGHT HOLDER, ASSTD DESIGN BUBBLE GUM RING, LUNCH BAG  BLACK SKULL., WORLD WAR 2 GLIDERS ASSTD DESIGNS"
12665.0,At Risk Customers,"GIRLS ALPHABET IRON ON PATCHES , WHITE HANGING HEART T-LIGHT HOLDER, ASSTD DESIGN BUBBLE GUM RING, LUNCH BAG  BLACK SKULL., WORLD WAR 2 GLIDERS ASSTD DESIGNS"
12666.0,At Risk Customers,"GIRLS ALPHABET IRON ON PATCHES , WHITE HANGING HEART T-LIGHT HOLDER, ASSTD DESIGN BUBBLE GUM RING, LUNCH BAG  BLACK SKULL., WORLD WAR 2 GLIDERS ASSTD DESIGNS"
12667.0,Potential Customers,"WORLD WAR 2 GLIDERS ASSTD DESIGNS, ASSORTED COLOUR BIRD ORNAMENT, ASSORTED COLOURS SILK FAN, GIRLS ALPHABET IRON ON PATCHES , POPART WOODEN PENCILS ASST"
12669.0,Loyal Customers,"SMALL CHINESE STYLE SCISSOR, BLACK AND WHITE PAISLEY FLOWER MUG, WHITE HANGING HEART T-LIGHT HOLDER, WORLD WAR 2 GLIDERS ASSTD DESIGNS, ASSORTED COLOUR BIRD ORNAMENT"
12671.0,At Risk Customers,"GIRLS ALPHABET IRON ON PATCHES , WHITE HANGING HEART T-LIGHT HOLDER, ASSTD DESIGN BUBBLE GUM RING, LUNCH BAG  BLACK SKULL., WORLD WAR 2 GLIDERS ASSTD DESIGNS"
12672.0,At Risk Customers,"GIRLS ALPHABET IRON ON PATCHES , WHITE HANGING HEART T-LIGHT HOLDER, ASSTD DESIGN BUBBLE GUM RING, LUNCH BAG  BLACK SKULL., WORLD WAR 2 GLIDERS ASSTD DESIGNS"
12675.0,At Risk Customers,"GIRLS ALPHABET IRON ON PATCHES , WHITE HANGING HEART T-LIGHT HOLDER, ASSTD DESIGN BUBBLE GUM RING, LUNCH BAG  BLACK SKULL., WORLD WAR 2 GLIDERS ASSTD DESIGNS"
12677.0,At Risk Customers,"GIRLS ALPHABET IRON ON PATCHES , WHITE HANGING HEART T-LIGHT HOLDER, ASSTD DESIGN BUBBLE GUM RING, LUNCH BAG  BLACK SKULL., WORLD WAR 2 GLIDERS ASSTD DESIGNS"
12679.0,Loyal Customers,"SMALL CHINESE STYLE SCISSOR, BLACK AND WHITE PAISLEY FLOWER MUG, WHITE HANGING HEART T-LIGHT HOLDER, WORLD WAR 2 GLIDERS ASSTD DESIGNS, ASSORTED COLOUR BIRD ORNAMENT"
12680.0,Loyal Customers,"SMALL CHINESE STYLE SCISSOR, BLACK AND WHITE PAISLEY FLOWER MUG, WHITE HANGING HEART T-LIGHT HOLDER, WORLD WAR 2 GLIDERS ASSTD DESIGNS, ASSORTED COLOUR BIRD ORNAMENT"
12686.0,At Risk Customers,"GIRLS ALPHABET IRON ON PATCHES , WHITE HANGING HEART T-LIGHT HOLDER, ASSTD DESIGN BUBBLE GUM RING, LUNCH BAG  BLACK SKULL., WORLD WAR 2 GLIDERS ASSTD DESIGNS"
12687.0,At Risk Customers,"GIRLS ALPHABET IRON ON PATCHES , WHITE HANGING HEART T-LIGHT HOLDER, ASSTD DESIGN BUBBLE GUM RING, LUNCH BAG  BLACK SKULL., WORLD WAR 2 GLIDERS ASSTD DESIGNS"
12688.0,Loyal Customers,"SMALL CHINESE STYLE SCISSOR, BLACK AND WHITE PAISLEY FLOWER MUG, WHITE HANGING HEART T-LIGHT HOLDER, WORLD WAR 2 GLIDERS ASSTD DESIGNS, ASSORTED COLOUR BIRD ORNAMENT"
12689.0,Potential Customers,"WORLD WAR 2 GLIDERS ASSTD DESIGNS, ASSORTED COLOUR BIRD ORNAMENT, ASSORTED COLOURS SILK FAN, GIRLS ALPHABET IRON ON PATCHES , POPART WOODEN PENCILS ASST"
12690.0,Potential Customers,"WORLD WAR 2 GLIDERS ASSTD DESIGNS, ASSORTED COLOUR BIRD ORNAMENT, ASSORTED COLOURS SILK FAN, GIRLS ALPHABET IRON ON PATCHES , POPART WOODEN PENCILS ASST"
12692.0,At Risk Customers,"GIRLS ALPHABET IRON ON PATCHES , WHITE HANGING HEART T-LIGHT HOLDER, ASSTD DESIGN BUBBLE GUM RING, LUNCH BAG  BLACK SKULL., WORLD WAR 2 GLIDERS ASSTD DESIGNS"
12693.0,Loyal Customers,"SMALL CHINESE STYLE SCISSOR, BLACK AND WHITE PAISLEY FLOWER MUG, WHITE HANGING HEART T-LIGHT HOLDER, WORLD WAR 2 GLIDERS ASSTD DESIGNS, ASSORTED COLOUR BIRD ORNAMENT"
12696.0,At Risk Customers,"GIRLS ALPHABET IRON ON PATCHES , WHITE HANGING HEART T-LIGHT HOLDER, ASSTD DESIGN BUBBLE GUM RING, LUNCH BAG  BLACK SKULL., WORLD WAR 2 GLIDERS ASSTD DESIGNS"
12697.0,Loyal Customers,"SMALL CHINESE STYLE SCISSOR, BLACK AND WHITE PAISLEY FLOWER MUG, WHITE HANGING HEART T-LIGHT HOLDER, WORLD WAR 2 GLIDERS ASSTD DESIGNS, ASSORTED COLOUR BIRD ORNAMENT"
12698.0,At Risk Customers,"GIRLS ALPHABET IRON ON PATCHES , WHITE HANGING HEART T-LIGHT HOLDER, ASSTD DESIGN BUBBLE GUM RING, LUNCH BAG  BLACK SKULL., WORLD WAR 2 GLIDERS ASSTD DESIGNS"
12699.0,At Risk Customers,"GIRLS ALPHABET IRON ON PATCHES , WHITE HANGING HEART T-LIGHT HOLDER, ASSTD DESIGN BUBBLE GUM RING, LUNCH BAG  BLACK SKULL., WORLD WAR 2 GLIDERS ASSTD DESIGNS"
12702.0,Potential Customers,"WORLD WAR 2 GLIDERS ASSTD DESIGNS, ASSORTED COLOUR BIRD ORNAMENT, ASSORTED COLOURS SILK FAN, GIRLS ALPHABET IRON ON PATCHES , POPART WOODEN PENCILS ASST"
12707.0,Potential Customers,"WORLD WAR 2 GLIDERS ASSTD DESIGNS, ASSORTED COLOUR BIRD ORNAMENT, ASSORTED COLOURS SILK FAN, GIRLS ALPHABET IRON ON PATCHES , POPART WOODEN PENCILS ASST"
12710.0,Loyal Customers,"SMALL CHINESE STYLE SCISSOR, BLACK AND WHITE PAISLEY FLOWER MUG, WHITE HANGING HEART T-LIGHT HOLDER, WORLD WAR 2 GLIDERS ASSTD DESIGNS, ASSORTED COLOUR BIRD ORNAMENT"
12711.0,At Risk Customers,"GIRLS ALPHABET IRON ON PATCHES , WHITE HANGING HEART T-LIGHT HOLDER, ASSTD DESIGN BUBBLE GUM RING, LUNCH BAG  BLACK SKULL., WORLD WAR 2 GLIDERS ASSTD DESIGNS"
12713.0,Potential Customers,"WORLD WAR 2 GLIDERS ASSTD DESIGNS, ASSORTED COLOUR BIRD ORNAMENT, ASSORTED COLOURS SILK FAN, GIRLS ALPHABET IRON ON PATCHES , POPART WOODEN PENCILS ASST"
12715.0,Potential Customers,"WORLD WAR 2 GLIDERS ASSTD DESIGNS, ASSORTED COLOUR BIRD ORNAMENT, ASSORTED COLOURS SILK FAN, GIRLS ALPHABET IRON ON PATCHES , POPART WOODEN PENCILS ASST"
12716.0,Potential Customers,"WORLD WAR 2 GLIDERS ASSTD DESIGNS, ASSORTED COLOUR BIRD ORNAMENT, ASSORTED COLOURS SILK FAN, GIRLS ALPHABET IRON ON PATCHES , POPART WOODEN PENCILS ASST"
12717.0,Loyal Customers,"SMALL CHINESE STYLE SCISSOR, BLACK AND WHITE PAISLEY FLOWER MUG, WHITE HANGING HEART T-LIGHT HOLDER, WORLD WAR 2 GLIDERS ASSTD DESIGNS, ASSORTED COLOUR BIRD ORNAMENT"
12718.0,Potential Customers,"WORLD WAR 2 GLIDERS ASSTD DESIGNS, ASSORTED COLOUR BIRD ORNAMENT, ASSORTED COLOURS SILK FAN, GIRLS ALPHABET IRON ON PATCHES , POPART WOODEN PENCILS ASST"
12719.0,Potential Customers,"WORLD WAR 2 GLIDERS ASSTD DESIGNS, ASSORTED COLOUR BIRD ORNAMENT, ASSORTED COLOURS SILK FAN, GIRLS ALPHABET IRON ON PATCHES , POPART WOODEN PENCILS ASST"
12725.0,Loyal Customers,"SMALL CHINESE STYLE SCISSOR, BLACK AND WHITE PAISLEY FLOWER MUG, WHITE HANGING HEART T-LIGHT HOLDER, WORLD WAR 2 GLIDERS ASSTD DESIGNS, ASSORTED COLOUR BIRD ORNAMENT"
12728.0,Loyal Customers,"SMALL CHINESE STYLE SCISSOR, BLACK AND WHITE PAISLEY FLOWER MUG, WHITE HANGING HEART T-LIGHT HOLDER, WORLD WAR 2 GLIDERS ASSTD DESIGNS, ASSORTED COLOUR BIRD ORNAMENT"
12729.0,Potential Customers,"WORLD WAR 2 GLIDERS ASSTD DESIGNS, ASSORTED COLOUR BIRD ORNAMENT, ASSORTED COLOURS SILK FAN, GIRLS ALPHABET IRON ON PATCHES , POPART WOODEN PENCILS ASST"
12730.0,At Risk Customers,"GIRLS ALPHABET IRON ON PATCHES , WHITE HANGING HEART T-LIGHT HOLDER, ASSTD DESIGN BUBBLE GUM RING, LUNCH BAG  BLACK SKULL., WORLD WAR 2 GLIDERS ASSTD DESIGNS"
12732.0,Potential Customers,"WORLD WAR 2 GLIDERS ASSTD DESIGNS, ASSORTED COLOUR BIRD ORNAMENT, ASSORTED COLOURS SILK FAN, GIRLS ALPHABET IRON ON PATCHES , POPART WOODEN PENCILS ASST"
12733.0,Loyal Customers,"SMALL CHINESE STYLE SCISSOR, BLACK AND WHITE PAISLEY FLOWER MUG, WHITE HANGING HEART T-LIGHT HOLDER, WORLD WAR 2 GLIDERS ASSTD DESIGNS, ASSORTED COLOUR BIRD ORNAMENT"
12734.0,At Risk Customers,"GIRLS ALPHABET IRON ON PATCHES , WHITE HANGING HEART T-LIGHT HOLDER, ASSTD DESIGN BUBBLE GUM RING, LUNCH BAG  BLACK SKULL., WORLD WAR 2 GLIDERS ASSTD DESIGNS"
12735.0,At Risk Customers,"GIRLS ALPHABET IRON ON PATCHES , WHITE HANGING HEART T-LIGHT HOLDER, ASSTD DESIGN BUBBLE GUM RING, LUNCH BAG  BLACK SKULL., WORLD WAR 2 GLIDERS ASSTD DESIGNS"
12736.0,At Risk Customers,"GIRLS ALPHABET IRON ON PATCHES , WHITE HANGING HEART T-LIGHT HOLDER, ASSTD DESIGN BUBBLE GUM RING, LUNCH BAG  BLACK SKULL., WORLD WAR 2 GLIDERS ASSTD DESIGNS"
12737.0,At Risk Customers,"GIRLS ALPHABET IRON ON PATCHES , WHITE HANGING HEART T-LIGHT HOLDER, ASSTD DESIGN BUBBLE GUM RING, LUNCH BAG  BLACK SKULL., WORLD WAR 2 GLIDERS ASSTD DESIGNS"
12738.0,At Risk Customers,"GIRLS ALPHABET IRON ON PATCHES , WHITE HANGING HEART T-LIGHT HOLDER, ASSTD DESIGN BUBBLE GUM RING, LUNCH BAG  BLACK SKULL., WORLD WAR 2 GLIDERS ASSTD DESIGNS"
12739.0,Loyal Customers,"SMALL CHINESE STYLE SCISSOR, BLACK AND WHITE PAISLEY FLOWER MUG, WHITE HANGING HEART T-LIGHT HOLDER, WORLD WAR 2 GLIDERS ASSTD DESIGNS, ASSORTED COLOUR BIRD ORNAMENT"
12740.0,Potential Customers,"WORLD WAR 2 GLIDERS ASSTD DESIGNS, ASSORTED COLOUR BIRD ORNAMENT, ASSORTED COLOURS SILK FAN, GIRLS ALPHABET IRON ON PATCHES , POPART WOODEN PENCILS ASST"
12741.0,At Risk Customers,"GIRLS ALPHABET IRON ON PATCHES , WHITE HANGING HEART T-LIGHT HOLDER, ASSTD DESIGN BUBBLE GUM RING, LUNCH BAG  BLACK SKULL., WORLD WAR 2 GLIDERS ASSTD DESIGNS"
12742.0,At Risk Customers,"GIRLS ALPHABET IRON ON PATCHES , WHITE HANGING HEART T-LIGHT HOLDER, ASSTD DESIGN BUBBLE GUM RING, LUNCH BAG  BLACK SKULL., WORLD WAR 2 GLIDERS ASSTD DESIGNS"
12743.0,Potential Customers,"WORLD WAR 2 GLIDERS ASSTD DESIGNS, ASSORTED COLOUR BIRD ORNAMENT, ASSORTED COLOURS SILK FAN, GIRLS ALPHABET IRON ON PATCHES , POPART WOODEN PENCILS ASST"
12745.0,At Risk Customers,"GIRLS ALPHABET IRON ON PATCHES , WHITE HANGING HEART T-LIGHT HOLDER, ASSTD DESIGN BUBBLE GUM RING, LUNCH BAG  BLACK SKULL., WORLD WAR 2 GLIDERS ASSTD DESIGNS"
12746.0,At Risk Customers,"GIRLS ALPHABET IRON ON PATCHES , WHITE HANGING HEART T-LIGHT HOLDER, ASSTD DESIGN BUBBLE GUM RING, LUNCH BAG  BLACK SKULL., WORLD WAR 2 GLIDERS ASSTD DESIGNS"
12750.0,Potential Customers,"WORLD WAR 2 GLIDERS ASSTD DESIGNS, ASSORTED COLOUR BIRD ORNAMENT, ASSORTED COLOURS SILK FAN, GIRLS ALPHABET IRON ON PATCHES , POPART WOODEN PENCILS ASST"
12751.0,At Risk Customers,"GIRLS ALPHABET IRON ON PATCHES , WHITE HANGING HEART T-LIGHT HOLDER, ASSTD DESIGN BUBBLE GUM RING, LUNCH BAG  BLACK SKULL., WORLD WAR 2 GLIDERS ASSTD DESIGNS"
12752.0,Loyal Customers,"SMALL CHINESE STYLE SCISSOR, BLACK AND WHITE PAISLEY FLOWER MUG, WHITE HANGING HEART T-LIGHT HOLDER, WORLD WAR 2 GLIDERS ASSTD DESIGNS, ASSORTED COLOUR BIRD ORNAMENT"
12754.0,Loyal Customers,"SMALL CHINESE STYLE SCISSOR, BLACK AND WHITE PAISLEY FLOWER MUG, WHITE HANGING HEART T-LIGHT HOLDER, WORLD WAR 2 GLIDERS ASSTD DESIGNS, ASSORTED COLOUR BIRD ORNAMENT"
12756.0,Potential Customers,"WORLD WAR 2 GLIDERS ASSTD DESIGNS, ASSORTED COLOUR BIRD ORNAMENT, ASSORTED COLOURS SILK FAN, GIRLS ALPHABET IRON ON PATCHES , POPART WOODEN PENCILS ASST"
12758.0,Champions,"WORLD WAR 2 GLIDERS ASSTD DESIGNS, PAPER CRAFT , LITTLE BIRDIE, MEDIUM CERAMIC TOP STORAGE JAR, WHITE HANGING HEART T-LIGHT HOLDER, JUMBO BAG RED RETROSPOT"
12760.0,At Risk Customers,"GIRLS ALPHABET IRON ON PATCHES , WHITE HANGING HEART T-LIGHT HOLDER, ASSTD DESIGN BUBBLE GUM RING, LUNCH BAG  BLACK SKULL., WORLD WAR 2 GLIDERS ASSTD DESIGNS"
12761.0,At Risk Customers,"GIRLS ALPHABET IRON ON PATCHES , WHITE HANGING HEART T-LIGHT HOLDER, ASSTD DESIGN BUBBLE GUM RING, LUNCH BAG  BLACK SKULL., WORLD WAR 2 GLIDERS ASSTD DESIGNS"
12763.0,Potential Customers,"WORLD WAR 2 GLIDERS ASSTD DESIGNS, ASSORTED COLOUR BIRD ORNAMENT, ASSORTED COLOURS SILK FAN, GIRLS ALPHABET IRON ON PATCHES , POPART WOODEN PENCILS ASST"
12764.0,At Risk Customers,"GIRLS ALPHABET IRON ON PATCHES , WHITE HANGING HEART T-LIGHT HOLDER, ASSTD DESIGN BUBBLE GUM RING, LUNCH BAG  BLACK SKULL., WORLD WAR 2 GLIDERS ASSTD DESIGNS"
12767.0,At Risk Customers,"GIRLS ALPHABET IRON ON PATCHES , WHITE HANGING HEART T-LIGHT HOLDER, ASSTD DESIGN BUBBLE GUM RING, LUNCH BAG  BLACK SKULL., WORLD WAR 2 GLIDERS ASSTD DESIGNS"
12768.0,At Risk Customers,"GIRLS ALPHABET IRON ON PATCHES , WHITE HANGING HEART T-LIGHT HOLDER, ASSTD DESIGN BUBBLE GUM RING, LUNCH BAG  BLACK SKULL., WORLD WAR 2 GLIDERS ASSTD DESIGNS"
12769.0,Potential Customers,"WORLD WAR 2 GLIDERS ASSTD DESIGNS, ASSORTED COLOUR BIRD ORNAMENT, ASSORTED COLOURS SILK FAN, GIRLS ALPHABET IRON ON PATCHES , POPART WOODEN PENCILS ASST"
12770.0,Loyal Customers,"SMALL CHINESE STYLE SCISSOR, BLACK AND WHITE PAISLEY FLOWER MUG, WHITE HANGING HEART T-LIGHT HOLDER, WORLD WAR 2 GLIDERS ASSTD DESIGNS, ASSORTED COLOUR BIRD ORNAMENT"
12771.0,At Risk Customers,"GIRLS ALPHABET IRON ON PATCHES , WHITE HANGING HEART T-LIGHT HOLDER, ASSTD DESIGN BUBBLE GUM RING, LUNCH BAG  BLACK SKULL., WORLD WAR 2 GLIDERS ASSTD DESIGNS"
12772.0,Potential Customers,"WORLD WAR 2 GLIDERS ASSTD DESIGNS, ASSORTED COLOUR BIRD ORNAMENT, ASSORTED COLOURS SILK FAN, GIRLS ALPHABET IRON ON PATCHES , POPART WOODEN PENCILS ASST"
12773.0,At Risk Customers,"GIRLS ALPHABET IRON ON PATCHES , WHITE HANGING HEART T-LIGHT HOLDER, ASSTD DESIGN BUBBLE GUM RING, LUNCH BAG  BLACK SKULL., WORLD WAR 2 GLIDERS ASSTD DESIGNS"
12774.0,At Risk Customers,"GIRLS ALPHABET IRON ON PATCHES , WHITE HANGING HEART T-LIGHT HOLDER, ASSTD DESIGN BUBBLE GUM RING, LUNCH BAG  BLACK SKULL., WORLD WAR 2 GLIDERS ASSTD DESIGNS"
12776.0,At Risk Customers,"GIRLS ALPHABET IRON ON PATCHES , WHITE HANGING HEART T-LIGHT HOLDER, ASSTD DESIGN BUBBLE GUM RING, LUNCH BAG  BLACK SKULL., WORLD WAR 2 GLIDERS ASSTD DESIGNS"
12777.0,At Risk Customers,"GIRLS ALPHABET IRON ON PATCHES , WHITE HANGING HEART T-LIGHT HOLDER, ASSTD DESIGN BUBBLE GUM RING, LUNCH BAG  BLACK SKULL., WORLD WAR 2 GLIDERS ASSTD DESIGNS"
12780.0,At Risk Customers,"GIRLS ALPHABET IRON ON PATCHES , WHITE HANGING HEART T-LIGHT HOLDER, ASSTD DESIGN BUBBLE GUM RING, LUNCH BAG  BLACK SKULL., WORLD WAR 2 GLIDERS ASSTD DESIGNS"
12781.0,Potential Customers,"WORLD WAR 2 GLIDERS ASSTD DESIGNS, ASSORTED COLOUR BIRD ORNAMENT, ASSORTED COLOURS SILK FAN, GIRLS ALPHABET IRON ON PATCHES , POPART WOODEN PENCILS ASST"
12785.0,At Risk Customers,"GIRLS ALPHABET IRON ON PATCHES , WHITE HANGING HEART T-LIGHT HOLDER, ASSTD DESIGN BUBBLE GUM RING, LUNCH BAG  BLACK SKULL., WORLD WAR 2 GLIDERS ASSTD DESIGNS"
12786.0,At Risk Customers,"GIRLS ALPHABET IRON ON PATCHES , WHITE HANGING HEART T-LIGHT HOLDER, ASSTD DESIGN BUBBLE GUM RING, LUNCH BAG  BLACK SKULL., WORLD WAR 2 GLIDERS ASSTD DESIGNS"
12788.0,At Risk Customers,"GIRLS ALPHABET IRON ON PATCHES , WHITE HANGING HEART T-LIGHT HOLDER, ASSTD DESIGN BUBBLE GUM RING, LUNCH BAG  BLACK SKULL., WORLD WAR 2 GLIDERS ASSTD DESIGNS"
12790.0,Potential Customers,"WORLD WAR 2 GLIDERS ASSTD DESIGNS, ASSORTED COLOUR BIRD ORNAMENT, ASSORTED COLOURS SILK FAN, GIRLS ALPHABET IRON ON PATCHES , POPART WOODEN PENCILS ASST"
12791.0,Loyal Customers,"SMALL CHINESE STYLE SCISSOR, BLACK AND WHITE PAISLEY FLOWER MUG, WHITE HANGING HEART T-LIGHT HOLDER, WORLD WAR 2 GLIDERS ASSTD DESIGNS, ASSORTED COLOUR BIRD ORNAMENT"
12792.0,Potential Customers,"WORLD WAR 2 GLIDERS ASSTD DESIGNS, ASSORTED COLOUR BIRD ORNAMENT, ASSORTED COLOURS SILK FAN, GIRLS ALPHABET IRON ON PATCHES , POPART WOODEN PENCILS ASST"
12795.0,Potential Customers,"WORLD WAR 2 GLIDERS ASSTD DESIGNS, ASSORTED COLOUR BIRD ORNAMENT, ASSORTED COLOURS SILK FAN, GIRLS ALPHABET IRON ON PATCHES , POPART WOODEN PENCILS ASST"
12796.0,At Risk Customers,"GIRLS ALPHABET IRON ON PATCHES , WHITE HANGING HEART T-LIGHT HOLDER, ASSTD DESIGN BUBBLE GUM RING, LUNCH BAG  BLACK SKULL., WORLD WAR 2 GLIDERS ASSTD DESIGNS"
12797.0,At Risk Customers,"GIRLS ALPHABET IRON ON PATCHES , WHITE HANGING HEART T-LIGHT HOLDER, ASSTD DESIGN BUBBLE GUM RING, LUNCH BAG  BLACK SKULL., WORLD WAR 2 GLIDERS ASSTD DESIGNS"
12799.0,At Risk Customers,"GIRLS ALPHABET IRON ON PATCHES , WHITE HANGING HEART T-LIGHT HOLDER, ASSTD DESIGN BUBBLE GUM RING, LUNCH BAG  BLACK SKULL., WORLD WAR 2 GLIDERS ASSTD DESIGNS"
12800.0,At Risk Customers,"GIRLS ALPHABET IRON ON PATCHES , WHITE HANGING HEART T-LIGHT HOLDER, ASSTD DESIGN BUBBLE GUM RING, LUNCH BAG  BLACK SKULL., WORLD WAR 2 GLIDERS ASSTD DESIGNS"
12801.0,At Risk Customers,"GIRLS ALPHABET IRON ON PATCHES , WHITE HANGING HEART T-LIGHT HOLDER, ASSTD DESIGN BUBBLE GUM RING, LUNCH BAG  BLACK SKULL., WORLD WAR 2 GLIDERS ASSTD DESIGNS"
12803.0,At Risk Customers,"GIRLS ALPHABET IRON ON PATCHES , WHITE HANGING HEART T-LIGHT HOLDER, ASSTD DESIGN BUBBLE GUM RING, LUNCH BAG  BLACK SKULL., WORLD WAR 2 GLIDERS ASSTD DESIGNS"
12804.0,At Risk Customers,"GIRLS ALPHABET IRON ON PATCHES , WHITE HANGING HEART T-LIGHT HOLDER, ASSTD DESIGN BUBBLE GUM RING, LUNCH BAG  BLACK SKULL., WORLD WAR 2 GLIDERS ASSTD DESIGNS"
12805.0,Loyal Customers,"SMALL CHINESE STYLE SCISSOR, BLACK AND WHITE PAISLEY FLOWER MUG, WHITE HANGING HEART T-LIGHT HOLDER, WORLD WAR 2 GLIDERS ASSTD DESIGNS, ASSORTED COLOUR BIRD ORNAMENT"
12806.0,Loyal Customers,"SMALL CHINESE STYLE SCISSOR, BLACK AND WHITE PAISLEY FLOWER MUG, WHITE HANGING HEART T-LIGHT HOLDER, WORLD WAR 2 GLIDERS ASSTD DESIGNS, ASSORTED COLOUR BIRD ORNAMENT"
12807.0,At Risk Customers,"GIRLS ALPHABET IRON ON PATCHES , WHITE HANGING HEART T-LIGHT HOLDER, ASSTD DESIGN BUBBLE GUM RING, LUNCH BAG  BLACK SKULL., WORLD WAR 2 GLIDERS ASSTD DESIGNS"
12809.0,Loyal Customers,"SMALL CHINESE STYLE SCISSOR, BLACK AND WHITE PAISLEY FLOWER MUG, WHITE HANGING HEART T-LIGHT HOLDER, WORLD WAR 2 GLIDERS ASSTD DESIGNS, ASSORTED COLOUR BIRD ORNAMENT"
12810.0,At Risk Customers,"GIRLS ALPHABET IRON ON PATCHES , WHITE HANGING HEART T-LIGHT HOLDER, ASSTD DESIGN BUBBLE GUM RING, LUNCH BAG  BLACK SKULL., WORLD WAR 2 GLIDERS ASSTD DESIGNS"
12811.0,Loyal Customers,"SMALL CHINESE STYLE SCISSOR, BLACK AND WHITE PAISLEY FLOWER MUG, WHITE HANGING HEART T-LIGHT HOLDER, WORLD WAR 2 GLIDERS ASSTD DESIGNS, ASSORTED COLOUR BIRD ORNAMENT"
12812.0,Potential Customers,"WORLD WAR 2 GLIDERS ASSTD DESIGNS, ASSORTED COLOUR BIRD ORNAMENT, ASSORTED COLOURS SILK FAN, GIRLS ALPHABET IRON ON PATCHES , POPART WOODEN PENCILS ASST"
12813.0,At Risk Customers,"GIRLS ALPHABET IRON ON PATCHES , WHITE HANGING HEART T-LIGHT HOLDER, ASSTD DESIGN BUBBLE GUM RING, LUNCH BAG  BLACK SKULL., WORLD WAR 2 GLIDERS ASSTD DESIGNS"
12814.0,Potential Customers,"WORLD WAR 2 GLIDERS ASSTD DESIGNS, ASSORTED COLOUR BIRD ORNAMENT, ASSORTED COLOURS SILK FAN, GIRLS ALPHABET IRON ON PATCHES , POPART WOODEN PENCILS ASST"
12816.0,Potential Customers,"WORLD WAR 2 GLIDERS ASSTD DESIGNS, ASSORTED COLOUR BIRD ORNAMENT, ASSORTED COLOURS SILK FAN, GIRLS ALPHABET IRON ON PATCHES , POPART WOODEN PENCILS ASST"
12817.0,Potential Customers,"WORLD WAR 2 GLIDERS ASSTD DESIGNS, ASSORTED COLOUR BIRD ORNAMENT, ASSORTED COLOURS SILK FAN, GIRLS ALPHABET IRON ON PATCHES , POPART WOODEN PENCILS ASST"
12818.0,Potential Customers,"WORLD WAR 2 GLIDERS ASSTD DESIGNS, ASSORTED COLOUR BIRD ORNAMENT, ASSORTED COLOURS SILK FAN, GIRLS ALPHABET IRON ON PATCHES , POPART WOODEN PENCILS ASST"
12819.0,At Risk Customers,"GIRLS ALPHABET IRON ON PATCHES , WHITE HANGING HEART T-LIGHT HOLDER, ASSTD DESIGN BUBBLE GUM RING, LUNCH BAG  BLACK SKULL., WORLD WAR 2 GLIDERS ASSTD DESIGNS"
12821.0,Potential Customers,"WORLD WAR 2 GLIDERS ASSTD DESIGNS, ASSORTED COLOUR BIRD ORNAMENT, ASSORTED COLOURS SILK FAN, GIRLS ALPHABET IRON ON PATCHES , POPART WOODEN PENCILS ASST"
12824.0,Potential Customers,"WORLD WAR 2 GLIDERS ASSTD DESIGNS, ASSORTED COLOUR BIRD ORNAMENT, ASSORTED COLOURS SILK FAN, GIRLS ALPHABET IRON ON PATCHES , POPART WOODEN PENCILS ASST"
12825.0,At Risk Customers,"GIRLS ALPHABET IRON ON PATCHES , WHITE HANGING HEART T-LIGHT HOLDER, ASSTD DESIGN BUBBLE GUM RING, LUNCH BAG  BLACK SKULL., WORLD WAR 2 GLIDERS ASSTD DESIGNS"
12827.0,Potential Customers,"WORLD WAR 2 GLIDERS ASSTD DESIGNS, ASSORTED COLOUR BIRD ORNAMENT, ASSORTED COLOURS SILK FAN, GIRLS ALPHABET IRON ON PATCHES , POPART WOODEN PENCILS ASST"
12829.0,At Risk Customers,"GIRLS ALPHABET IRON ON PATCHES , WHITE HANGING HEART T-LIGHT HOLDER, ASSTD DESIGN BUBBLE GUM RING, LUNCH BAG  BLACK SKULL., WORLD WAR 2 GLIDERS ASSTD DESIGNS"
12831.0,Potential Customers,"WORLD WAR 2 GLIDERS ASSTD DESIGNS, ASSORTED COLOUR BIRD ORNAMENT, ASSORTED COLOURS SILK FAN, GIRLS ALPHABET IRON ON PATCHES , POPART WOODEN PENCILS ASST"
12832.0,Potential Customers,"WORLD WAR 2 GLIDERS ASSTD DESIGNS, ASSORTED COLOUR BIRD ORNAMENT, ASSORTED COLOURS SILK FAN, GIRLS ALPHABET IRON ON PATCHES , POPART WOODEN PENCILS ASST"
12833.0,Potential Customers,"WORLD WAR 2 GLIDERS ASSTD DESIGNS, ASSORTED COLOUR BIRD ORNAMENT, ASSORTED COLOURS SILK FAN, GIRLS ALPHABET IRON ON PATCHES , POPART WOODEN PENCILS ASST"
12834.0,Potential Customers,"WORLD WAR 2 GLIDERS ASSTD DESIGNS, ASSORTED COLOUR BIRD ORNAMENT, ASSORTED COLOURS SILK FAN, GIRLS ALPHABET IRON ON PATCHES , POPART WOODEN PENCILS ASST"
12835.0,Champions,"WORLD WAR 2 GLIDERS ASSTD DESIGNS, PAPER CRAFT , LITTLE BIRDIE, MEDIUM CERAMIC TOP STORAGE JAR, WHITE HANGING HEART T-LIGHT HOLDER, JUMBO BAG RED RETROSPOT"
12837.0,Potential Customers,"WORLD WAR 2 GLIDERS ASSTD DESIGNS, ASSORTED COLOUR BIRD ORNAMENT, ASSORTED COLOURS SILK FAN, GIRLS ALPHABET IRON ON PATCHES , POPART WOODEN PENCILS ASST"
12845.0,Potential Customers,"WORLD WAR 2 GLIDERS ASSTD DESIGNS, ASSORTED COLOUR BIRD ORNAMENT, ASSORTED COLOURS SILK FAN, GIRLS ALPHABET IRON ON PATCHES , POPART WOODEN PENCILS ASST"
12846.0,At Risk Customers,"GIRLS ALPHABET IRON ON PATCHES , WHITE HANGING HEART T-LIGHT HOLDER, ASSTD DESIGN BUBBLE GUM RING, LUNCH BAG  BLACK SKULL., WORLD WAR 2 GLIDERS ASSTD DESIGNS"
12848.0,At Risk Customers,"GIRLS ALPHABET IRON ON PATCHES , WHITE HANGING HEART T-LIGHT HOLDER, ASSTD DESIGN BUBBLE GUM RING, LUNCH BAG  BLACK SKULL., WORLD WAR 2 GLIDERS ASSTD DESIGNS"
12850.0,At Risk Customers,"GIRLS ALPHABET IRON ON PATCHES , WHITE HANGING HEART T-LIGHT HOLDER, ASSTD DESIGN BUBBLE GUM RING, LUNCH BAG  BLACK SKULL., WORLD WAR 2 GLIDERS ASSTD DESIGNS"
12851.0,Potential Customers,"WORLD WAR 2 GLIDERS ASSTD DESIGNS, ASSORTED COLOUR BIRD ORNAMENT, ASSORTED COLOURS SILK FAN, GIRLS ALPHABET IRON ON PATCHES , POPART WOODEN PENCILS ASST"
12852.0,At Risk Customers,"GIRLS ALPHABET IRON ON PATCHES , WHITE HANGING HEART T-LIGHT HOLDER, ASSTD DESIGN BUBBLE GUM RING, LUNCH BAG  BLACK SKULL., WORLD WAR 2 GLIDERS ASSTD DESIGNS"
12853.0,Champions,"WORLD WAR 2 GLIDERS ASSTD DESIGNS, PAPER CRAFT , LITTLE BIRDIE, MEDIUM CERAMIC TOP STORAGE JAR, WHITE HANGING HEART T-LIGHT HOLDER, JUMBO BAG RED RETROSPOT"
12855.0,At Risk Customers,"GIRLS ALPHABET IRON ON PATCHES , WHITE HANGING HEART T-LIGHT HOLDER, ASSTD DESIGN BUBBLE GUM RING, LUNCH BAG  BLACK SKULL., WORLD WAR 2 GLIDERS ASSTD DESIGNS"
12857.0,Loyal Customers,"SMALL CHINESE STYLE SCISSOR, BLACK AND WHITE PAISLEY FLOWER MUG, WHITE HANGING HEART T-LIGHT HOLDER, WORLD WAR 2 GLIDERS ASSTD DESIGNS, ASSORTED COLOUR BIRD ORNAMENT"
12858.0,At Risk Customers,"GIRLS ALPHABET IRON ON PATCHES , WHITE HANGING HEART T-LIGHT HOLDER, ASSTD DESIGN BUBBLE GUM RING, LUNCH BAG  BLACK SKULL., WORLD WAR 2 GLIDERS ASSTD DESIGNS"
12859.0,At Risk Customers,"GIRLS ALPHABET IRON ON PATCHES , WHITE HANGING HEART T-LIGHT HOLDER, ASSTD DESIGN BUBBLE GUM RING, LUNCH BAG  BLACK SKULL., WORLD WAR 2 GLIDERS ASSTD DESIGNS"
12860.0,At Risk Customers,"GIRLS ALPHABET IRON ON PATCHES , WHITE HANGING HEART T-LIGHT HOLDER, ASSTD DESIGN BUBBLE GUM RING, LUNCH BAG  BLACK SKULL., WORLD WAR 2 GLIDERS ASSTD DESIGNS"
12861.0,At Risk Customers,"GIRLS ALPHABET IRON ON PATCHES , WHITE HANGING HEART T-LIGHT HOLDER, ASSTD DESIGN BUBBLE GUM RING, LUNCH BAG  BLACK SKULL., WORLD WAR 2 GLIDERS ASSTD DESIGNS"
12862.0,At Risk Customers,"GIRLS ALPHABET IRON ON PATCHES , WHITE HANGING HEART T-LIGHT HOLDER, ASSTD DESIGN BUBBLE GUM RING, LUNCH BAG  BLACK SKULL., WORLD WAR 2 GLIDERS ASSTD DESIGNS"
12864.0,Potential Customers,"WORLD WAR 2 GLIDERS ASSTD DESIGNS, ASSORTED COLOUR BIRD ORNAMENT, ASSORTED COLOURS SILK FAN, GIRLS ALPHABET IRON ON PATCHES , POPART WOODEN PENCILS ASST"
12866.0,Loyal Customers,"SMALL CHINESE STYLE SCISSOR, BLACK AND WHITE PAISLEY FLOWER MUG, WHITE HANGING HEART T-LIGHT HOLDER, WORLD WAR 2 GLIDERS ASSTD DESIGNS, ASSORTED COLOUR BIRD ORNAMENT"
12869.0,At Risk Customers,"GIRLS ALPHABET IRON ON PATCHES , WHITE HANGING HEART T-LIGHT HOLDER, ASSTD DESIGN BUBBLE GUM RING, LUNCH BAG  BLACK SKULL., WORLD WAR 2 GLIDERS ASSTD DESIGNS"
12870.0,At Risk Customers,"GIRLS ALPHABET IRON ON PATCHES , WHITE HANGING HEART T-LIGHT HOLDER, ASSTD DESIGN BUBBLE GUM RING, LUNCH BAG  BLACK SKULL., WORLD WAR 2 GLIDERS ASSTD DESIGNS"
12873.0,Loyal Customers,"SMALL CHINESE STYLE SCISSOR, BLACK AND WHITE PAISLEY FLOWER MUG, WHITE HANGING HEART T-LIGHT HOLDER, WORLD WAR 2 GLIDERS ASSTD DESIGNS, ASSORTED COLOUR BIRD ORNAMENT"
12874.0,At Risk Customers,"GIRLS ALPHABET IRON ON PATCHES , WHITE HANGING HEART T-LIGHT HOLDER, ASSTD DESIGN BUBBLE GUM RING, LUNCH BAG  BLACK SKULL., WORLD WAR 2 GLIDERS ASSTD DESIGNS"
12875.0,Loyal Customers,"SMALL CHINESE STYLE SCISSOR, BLACK AND WHITE PAISLEY FLOWER MUG, WHITE HANGING HEART T-LIGHT HOLDER, WORLD WAR 2 GLIDERS ASSTD DESIGNS, ASSORTED COLOUR BIRD ORNAMENT"
12878.0,Potential Customers,"WORLD WAR 2 GLIDERS ASSTD DESIGNS, ASSORTED COLOUR BIRD ORNAMENT, ASSORTED COLOURS SILK FAN, GIRLS ALPHABET IRON ON PATCHES , POPART WOODEN PENCILS ASST"
12879.0,Potential Customers,"WORLD WAR 2 GLIDERS ASSTD DESIGNS, ASSORTED COLOUR BIRD ORNAMENT, ASSORTED COLOURS SILK FAN, GIRLS ALPHABET IRON ON PATCHES , POPART WOODEN PENCILS ASST"
12880.0,At Risk Customers,"GIRLS ALPHABET IRON ON PATCHES , WHITE HANGING HEART T-LIGHT HOLDER, ASSTD DESIGN BUBBLE GUM RING, LUNCH BAG  BLACK SKULL., WORLD WAR 2 GLIDERS ASSTD DESIGNS"
12881.0,Potential Customers,"WORLD WAR 2 GLIDERS ASSTD DESIGNS, ASSORTED COLOUR BIRD ORNAMENT, ASSORTED COLOURS SILK FAN, GIRLS ALPHABET IRON ON PATCHES , POPART WOODEN PENCILS ASST"
12884.0,Potential Customers,"WORLD WAR 2 GLIDERS ASSTD DESIGNS, ASSORTED COLOUR BIRD ORNAMENT, ASSORTED COLOURS SILK FAN, GIRLS ALPHABET IRON ON PATCHES , POPART WOODEN PENCILS ASST"
12887.0,At Risk Customers,"GIRLS ALPHABET IRON ON PATCHES , WHITE HANGING HEART T-LIGHT HOLDER, ASSTD DESIGN BUBBLE GUM RING, LUNCH BAG  BLACK SKULL., WORLD WAR 2 GLIDERS ASSTD DESIGNS"
12888.0,Potential Customers,"WORLD WAR 2 GLIDERS ASSTD DESIGNS, ASSORTED COLOUR BIRD ORNAMENT, ASSORTED COLOURS SILK FAN, GIRLS ALPHABET IRON ON PATCHES , POPART WOODEN PENCILS ASST"
12889.0,At Risk Customers,"GIRLS ALPHABET IRON ON PATCHES , WHITE HANGING HEART T-LIGHT HOLDER, ASSTD DESIGN BUBBLE GUM RING, LUNCH BAG  BLACK SKULL., WORLD WAR 2 GLIDERS ASSTD DESIGNS"
12891.0,Loyal Customers,"SMALL CHINESE STYLE SCISSOR, BLACK AND WHITE PAISLEY FLOWER MUG, WHITE HANGING HEART T-LIGHT HOLDER, WORLD WAR 2 GLIDERS ASSTD DESIGNS, ASSORTED COLOUR BIRD ORNAMENT"
12892.0,At Risk Customers,"GIRLS ALPHABET IRON ON PATCHES , WHITE HANGING HEART T-LIGHT HOLDER, ASSTD DESIGN BUBBLE GUM RING, LUNCH BAG  BLACK SKULL., WORLD WAR 2 GLIDERS ASSTD DESIGNS"
12893.0,Potential Customers,"WORLD WAR 2 GLIDERS ASSTD DESIGNS, ASSORTED COLOUR BIRD ORNAMENT, ASSORTED COLOURS SILK FAN, GIRLS ALPHABET IRON ON PATCHES , POPART WOODEN PENCILS ASST"
12894.0,At Risk Customers,"GIRLS ALPHABET IRON ON PATCHES , WHITE HANGING HEART T-LIGHT HOLDER, ASSTD DESIGN BUBBLE GUM RING, LUNCH BAG  BLACK SKULL., WORLD WAR 2 GLIDERS ASSTD DESIGNS"
12895.0,Potential Customers,"WORLD WAR 2 GLIDERS ASSTD DESIGNS, ASSORTED COLOUR BIRD ORNAMENT, ASSORTED COLOURS SILK FAN, GIRLS ALPHABET IRON ON PATCHES , POPART WOODEN PENCILS ASST"
12897.0,Potential Customers,"WORLD WAR 2 GLIDERS ASSTD DESIGNS, ASSORTED COLOUR BIRD ORNAMENT, ASSORTED COLOURS SILK FAN, GIRLS ALPHABET IRON ON PATCHES , POPART WOODEN PENCILS ASST"
12898.0,At Risk Customers,"GIRLS ALPHABET IRON ON PATCHES , WHITE HANGING HEART T-LIGHT HOLDER, ASSTD DESIGN BUBBLE GUM RING, LUNCH BAG  BLACK SKULL., WORLD WAR 2 GLIDERS ASSTD DESIGNS"
12899.0,At Risk Customers,"GIRLS ALPHABET IRON ON PATCHES , WHITE HANGING HEART T-LIGHT HOLDER, ASSTD DESIGN BUBBLE GUM RING, LUNCH BAG  BLACK SKULL., WORLD WAR 2 GLIDERS ASSTD DESIGNS"
12900.0,At Risk Customers,"GIRLS ALPHABET IRON ON PATCHES , WHITE HANGING HEART T-LIGHT HOLDER, ASSTD DESIGN BUBBLE GUM RING, LUNCH BAG  BLACK SKULL., WORLD WAR 2 GLIDERS ASSTD DESIGNS"
12902.0,Potential Customers,"WORLD WAR 2 GLIDERS ASSTD DESIGNS, ASSORTED COLOUR BIRD ORNAMENT, ASSORTED COLOURS SILK FAN, GIRLS ALPHABET IRON ON PATCHES , POPART WOODEN PENCILS ASST"
12903.0,At Risk Customers,"GIRLS ALPHABET IRON ON PATCHES , WHITE HANGING HEART T-LIGHT HOLDER, ASSTD DESIGN BUBBLE GUM RING, LUNCH BAG  BLACK SKULL., WORLD WAR 2 GLIDERS ASSTD DESIGNS"
12904.0,Potential Customers,"WORLD WAR 2 GLIDERS ASSTD DESIGNS, ASSORTED COLOUR BIRD ORNAMENT, ASSORTED COLOURS SILK FAN, GIRLS ALPHABET IRON ON PATCHES , POPART WOODEN PENCILS ASST"
12905.0,At Risk Customers,"GIRLS ALPHABET IRON ON PATCHES , WHITE HANGING HEART T-LIGHT HOLDER, ASSTD DESIGN BUBBLE GUM RING, LUNCH BAG  BLACK SKULL., WORLD WAR 2 GLIDERS ASSTD DESIGNS"
12907.0,At Risk Customers,"GIRLS ALPHABET IRON ON PATCHES , WHITE HANGING HEART T-LIGHT HOLDER, ASSTD DESIGN BUBBLE GUM RING, LUNCH BAG  BLACK SKULL., WORLD WAR 2 GLIDERS ASSTD DESIGNS"
12908.0,Loyal Customers,"SMALL CHINESE STYLE SCISSOR, BLACK AND WHITE PAISLEY FLOWER MUG, WHITE HANGING HEART T-LIGHT HOLDER, WORLD WAR 2 GLIDERS ASSTD DESIGNS, ASSORTED COLOUR BIRD ORNAMENT"
12911.0,At Risk Customers,"GIRLS ALPHABET IRON ON PATCHES , WHITE HANGING HEART T-LIGHT HOLDER, ASSTD DESIGN BUBBLE GUM RING, LUNCH BAG  BLACK SKULL., WORLD WAR 2 GLIDERS ASSTD DESIGNS"
12914.0,At Risk Customers,"GIRLS ALPHABET IRON ON PATCHES , WHITE HANGING HEART T-LIGHT HOLDER, ASSTD DESIGN BUBBLE GUM RING, LUNCH BAG  BLACK SKULL., WORLD WAR 2 GLIDERS ASSTD DESIGNS"
12915.0,Loyal Customers,"SMALL CHINESE STYLE SCISSOR, BLACK AND WHITE PAISLEY FLOWER MUG, WHITE HANGING HEART T-LIGHT HOLDER, WORLD WAR 2 GLIDERS ASSTD DESIGNS, ASSORTED COLOUR BIRD ORNAMENT"
12917.0,Loyal Customers,"SMALL CHINESE STYLE SCISSOR, BLACK AND WHITE PAISLEY FLOWER MUG, WHITE HANGING HEART T-LIGHT HOLDER, WORLD WAR 2 GLIDERS ASSTD DESIGNS, ASSORTED COLOUR BIRD ORNAMENT"
12918.0,At Risk Customers,"GIRLS ALPHABET IRON ON PATCHES , WHITE HANGING HEART T-LIGHT HOLDER, ASSTD DESIGN BUBBLE GUM RING, LUNCH BAG  BLACK SKULL., WORLD WAR 2 GLIDERS ASSTD DESIGNS"
12922.0,Potential Customers,"WORLD WAR 2 GLIDERS ASSTD DESIGNS, ASSORTED COLOUR BIRD ORNAMENT, ASSORTED COLOURS SILK FAN, GIRLS ALPHABET IRON ON PATCHES , POPART WOODEN PENCILS ASST"
12926.0,At Risk Customers,"GIRLS ALPHABET IRON ON PATCHES , WHITE HANGING HEART T-LIGHT HOLDER, ASSTD DESIGN BUBBLE GUM RING, LUNCH BAG  BLACK SKULL., WORLD WAR 2 GLIDERS ASSTD DESIGNS"
12927.0,At Risk Customers,"GIRLS ALPHABET IRON ON PATCHES , WHITE HANGING HEART T-LIGHT HOLDER, ASSTD DESIGN BUBBLE GUM RING, LUNCH BAG  BLACK SKULL., WORLD WAR 2 GLIDERS ASSTD DESIGNS"
12929.0,At Risk Customers,"GIRLS ALPHABET IRON ON PATCHES , WHITE HANGING HEART T-LIGHT HOLDER, ASSTD DESIGN BUBBLE GUM RING, LUNCH BAG  BLACK SKULL., WORLD WAR 2 GLIDERS ASSTD DESIGNS"
12930.0,Potential Customers,"WORLD WAR 2 GLIDERS ASSTD DESIGNS, ASSORTED COLOUR BIRD ORNAMENT, ASSORTED COLOURS SILK FAN, GIRLS ALPHABET IRON ON PATCHES , POPART WOODEN PENCILS ASST"
12934.0,At Risk Customers,"GIRLS ALPHABET IRON ON PATCHES , WHITE HANGING HEART T-LIGHT HOLDER, ASSTD DESIGN BUBBLE GUM RING, LUNCH BAG  BLACK SKULL., WORLD WAR 2 GLIDERS ASSTD DESIGNS"
12938.0,Potential Customers,"WORLD WAR 2 GLIDERS ASSTD DESIGNS, ASSORTED COLOUR BIRD ORNAMENT, ASSORTED COLOURS SILK FAN, GIRLS ALPHABET IRON ON PATCHES , POPART WOODEN PENCILS ASST"
12941.0,At Risk Customers,"GIRLS ALPHABET IRON ON PATCHES , WHITE HANGING HEART T-LIGHT HOLDER, ASSTD DESIGN BUBBLE GUM RING, LUNCH BAG  BLACK SKULL., WORLD WAR 2 GLIDERS ASSTD DESIGNS"
12942.0,Potential Customers,"WORLD WAR 2 GLIDERS ASSTD DESIGNS, ASSORTED COLOUR BIRD ORNAMENT, ASSORTED COLOURS SILK FAN, GIRLS ALPHABET IRON ON PATCHES , POPART WOODEN PENCILS ASST"
12943.0,At Risk Customers,"GIRLS ALPHABET IRON ON PATCHES , WHITE HANGING HEART T-LIGHT HOLDER, ASSTD DESIGN BUBBLE GUM RING, LUNCH BAG  BLACK SKULL., WORLD WAR 2 GLIDERS ASSTD DESIGNS"
12944.0,Potential Customers,"WORLD WAR 2 GLIDERS ASSTD DESIGNS, ASSORTED COLOUR BIRD ORNAMENT, ASSORTED COLOURS SILK FAN, GIRLS ALPHABET IRON ON PATCHES , POPART WOODEN PENCILS ASST"
12946.0,At Risk Customers,"GIRLS ALPHABET IRON ON PATCHES , WHITE HANGING HEART T-LIGHT HOLDER, ASSTD DESIGN BUBBLE GUM RING, LUNCH BAG  BLACK SKULL., WORLD WAR 2 GLIDERS ASSTD DESIGNS"
12954.0,At Risk Customers,"GIRLS ALPHABET IRON ON PATCHES , WHITE HANGING HEART T-LIGHT HOLDER, ASSTD DESIGN BUBBLE GUM RING, LUNCH BAG  BLACK SKULL., WORLD WAR 2 GLIDERS ASSTD DESIGNS"
12956.0,Potential Customers,"WORLD WAR 2 GLIDERS ASSTD DESIGNS, ASSORTED COLOUR BIRD ORNAMENT, ASSORTED COLOURS SILK FAN, GIRLS ALPHABET IRON ON PATCHES , POPART WOODEN PENCILS ASST"
12958.0,At Risk Customers,"GIRLS ALPHABET IRON ON PATCHES , WHITE HANGING HEART T-LIGHT HOLDER, ASSTD DESIGN BUBBLE GUM RING, LUNCH BAG  BLACK SKULL., WORLD WAR 2 GLIDERS ASSTD DESIGNS"
12959.0,At Risk Customers,"GIRLS ALPHABET IRON ON PATCHES , WHITE HANGING HEART T-LIGHT HOLDER, ASSTD DESIGN BUBBLE GUM RING, LUNCH BAG  BLACK SKULL., WORLD WAR 2 GLIDERS ASSTD DESIGNS"
12960.0,At Risk Customers,"GIRLS ALPHABET IRON ON PATCHES , WHITE HANGING HEART T-LIGHT HOLDER, ASSTD DESIGN BUBBLE GUM RING, LUNCH BAG  BLACK SKULL., WORLD WAR 2 GLIDERS ASSTD DESIGNS"
12961.0,At Risk Customers,"GIRLS ALPHABET IRON ON PATCHES , WHITE HANGING HEART T-LIGHT HOLDER, ASSTD DESIGN BUBBLE GUM RING, LUNCH BAG  BLACK SKULL., WORLD WAR 2 GLIDERS ASSTD DESIGNS"
12962.0,Potential Customers,"WORLD WAR 2 GLIDERS ASSTD DESIGNS, ASSORTED COLOUR BIRD ORNAMENT, ASSORTED COLOURS SILK FAN, GIRLS ALPHABET IRON ON PATCHES , POPART WOODEN PENCILS ASST"
12964.0,At Risk Customers,"GIRLS ALPHABET IRON ON PATCHES , WHITE HANGING HEART T-LIGHT HOLDER, ASSTD DESIGN BUBBLE GUM RING, LUNCH BAG  BLACK SKULL., WORLD WAR 2 GLIDERS ASSTD DESIGNS"
12965.0,Potential Customers,"WORLD WAR 2 GLIDERS ASSTD DESIGNS, ASSORTED COLOUR BIRD ORNAMENT, ASSORTED COLOURS SILK FAN, GIRLS ALPHABET IRON ON PATCHES , POPART WOODEN PENCILS ASST"
12966.0,Potential Customers,"WORLD WAR 2 GLIDERS ASSTD DESIGNS, ASSORTED COLOUR BIRD ORNAMENT, ASSORTED COLOURS SILK FAN, GIRLS ALPHABET IRON ON PATCHES , POPART WOODEN PENCILS ASST"
12967.0,Loyal Customers,"SMALL CHINESE STYLE SCISSOR, BLACK AND WHITE PAISLEY FLOWER MUG, WHITE HANGING HEART T-LIGHT HOLDER, WORLD WAR 2 GLIDERS ASSTD DESIGNS, ASSORTED COLOUR BIRD ORNAMENT"
12968.0,Potential Customers,"WORLD WAR 2 GLIDERS ASSTD DESIGNS, ASSORTED COLOUR BIRD ORNAMENT, ASSORTED COLOURS SILK FAN, GIRLS ALPHABET IRON ON PATCHES , POPART WOODEN PENCILS ASST"
12969.0,At Risk Customers,"GIRLS ALPHABET IRON ON PATCHES , WHITE HANGING HEART T-LIGHT HOLDER, ASSTD DESIGN BUBBLE GUM RING, LUNCH BAG  BLACK SKULL., WORLD WAR 2 GLIDERS ASSTD DESIGNS"
12972.0,At Risk Customers,"GIRLS ALPHABET IRON ON PATCHES , WHITE HANGING HEART T-LIGHT HOLDER, ASSTD DESIGN BUBBLE GUM RING, LUNCH BAG  BLACK SKULL., WORLD WAR 2 GLIDERS ASSTD DESIGNS"
12973.0,At Risk Customers,"GIRLS ALPHABET IRON ON PATCHES , WHITE HANGING HEART T-LIGHT HOLDER, ASSTD DESIGN BUBBLE GUM RING, LUNCH BAG  BLACK SKULL., WORLD WAR 2 GLIDERS ASSTD DESIGNS"
12974.0,Potential Customers,"WORLD WAR 2 GLIDERS ASSTD DESIGNS, ASSORTED COLOUR BIRD ORNAMENT, ASSORTED COLOURS SILK FAN, GIRLS ALPHABET IRON ON PATCHES , POPART WOODEN PENCILS ASST"
12975.0,Loyal Customers,"SMALL CHINESE STYLE SCISSOR, BLACK AND WHITE PAISLEY FLOWER MUG, WHITE HANGING HEART T-LIGHT HOLDER, WORLD WAR 2 GLIDERS ASSTD DESIGNS, ASSORTED COLOUR BIRD ORNAMENT"
12976.0,Loyal Customers,"SMALL CHINESE STYLE SCISSOR, BLACK AND WHITE PAISLEY FLOWER MUG, WHITE HANGING HEART T-LIGHT HOLDER, WORLD WAR 2 GLIDERS ASSTD DESIGNS, ASSORTED COLOUR BIRD ORNAMENT"
12977.0,Potential Customers,"WORLD WAR 2 GLIDERS ASSTD DESIGNS, ASSORTED COLOUR BIRD ORNAMENT, ASSORTED COLOURS SILK FAN, GIRLS ALPHABET IRON ON PATCHES , POPART WOODEN PENCILS ASST"
12978.0,Loyal Customers,"SMALL CHINESE STYLE SCISSOR, BLACK AND WHITE PAISLEY FLOWER MUG, WHITE HANGING HEART T-LIGHT HOLDER, WORLD WAR 2 GLIDERS ASSTD DESIGNS, ASSORTED COLOUR BIRD ORNAMENT"
12979.0,At Risk Customers,"GIRLS ALPHABET IRON ON PATCHES , WHITE HANGING HEART T-LIGHT HOLDER, ASSTD DESIGN BUBBLE GUM RING, LUNCH BAG  BLACK SKULL., WORLD WAR 2 GLIDERS ASSTD DESIGNS"
12980.0,Champions,"WORLD WAR 2 GLIDERS ASSTD DESIGNS, PAPER CRAFT , LITTLE BIRDIE, MEDIUM CERAMIC TOP STORAGE JAR, WHITE HANGING HEART T-LIGHT HOLDER, JUMBO BAG RED RETROSPOT"
12981.0,Potential Customers,"WORLD WAR 2 GLIDERS ASSTD DESIGNS, ASSORTED COLOUR BIRD ORNAMENT, ASSORTED COLOURS SILK FAN, GIRLS ALPHABET IRON ON PATCHES , POPART WOODEN PENCILS ASST"
12983.0,At Risk Customers,"GIRLS ALPHABET IRON ON PATCHES , WHITE HANGING HEART T-LIGHT HOLDER, ASSTD DESIGN BUBBLE GUM RING, LUNCH BAG  BLACK SKULL., WORLD WAR 2 GLIDERS ASSTD DESIGNS"
12984.0,Potential Customers,"WORLD WAR 2 GLIDERS ASSTD DESIGNS, ASSORTED COLOUR BIRD ORNAMENT, ASSORTED COLOURS SILK FAN, GIRLS ALPHABET IRON ON PATCHES , POPART WOODEN PENCILS ASST"
12988.0,Potential Customers,"WORLD WAR 2 GLIDERS ASSTD DESIGNS, ASSORTED COLOUR BIRD ORNAMENT, ASSORTED COLOURS SILK FAN, GIRLS ALPHABET IRON ON PATCHES , POPART WOODEN PENCILS ASST"
12992.0,At Risk Customers,"GIRLS ALPHABET IRON ON PATCHES , WHITE HANGING HEART T-LIGHT HOLDER, ASSTD DESIGN BUBBLE GUM RING, LUNCH BAG  BLACK SKULL., WORLD WAR 2 GLIDERS ASSTD DESIGNS"
12994.0,Loyal Customers,"SMALL CHINESE STYLE SCISSOR, BLACK AND WHITE PAISLEY FLOWER MUG, WHITE HANGING HEART T-LIGHT HOLDER, WORLD WAR 2 GLIDERS ASSTD DESIGNS, ASSORTED COLOUR BIRD ORNAMENT"
12995.0,Potential Customers,"WORLD WAR 2 GLIDERS ASSTD DESIGNS, ASSORTED COLOUR BIRD ORNAMENT, ASSORTED COLOURS SILK FAN, GIRLS ALPHABET IRON ON PATCHES , POPART WOODEN PENCILS ASST"
12996.0,At Risk Customers,"GIRLS ALPHABET IRON ON PATCHES , WHITE HANGING HEART T-LIGHT HOLDER, ASSTD DESIGN BUBBLE GUM RING, LUNCH BAG  BLACK SKULL., WORLD WAR 2 GLIDERS ASSTD DESIGNS"
12997.0,Loyal Customers,"SMALL CHINESE STYLE SCISSOR, BLACK AND WHITE PAISLEY FLOWER MUG, WHITE HANGING HEART T-LIGHT HOLDER, WORLD WAR 2 GLIDERS ASSTD DESIGNS, ASSORTED COLOUR BIRD ORNAMENT"
12998.0,At Risk Customers,"GIRLS ALPHABET IRON ON PATCHES , WHITE HANGING HEART T-LIGHT HOLDER, ASSTD DESIGN BUBBLE GUM RING, LUNCH BAG  BLACK SKULL., WORLD WAR 2 GLIDERS ASSTD DESIGNS"
12999.0,Potential Customers,"WORLD WAR 2 GLIDERS ASSTD DESIGNS, ASSORTED COLOUR BIRD ORNAMENT, ASSORTED COLOURS SILK FAN, GIRLS ALPHABET IRON ON PATCHES , POPART WOODEN PENCILS ASST"
13002.0,At Risk Customers,"GIRLS ALPHABET IRON ON PATCHES , WHITE HANGING HEART T-LIGHT HOLDER, ASSTD DESIGN BUBBLE GUM RING, LUNCH BAG  BLACK SKULL., WORLD WAR 2 GLIDERS ASSTD DESIGNS"
13003.0,Potential Customers,"WORLD WAR 2 GLIDERS ASSTD DESIGNS, ASSORTED COLOUR BIRD ORNAMENT, ASSORTED COLOURS SILK FAN, GIRLS ALPHABET IRON ON PATCHES , POPART WOODEN PENCILS ASST"
13005.0,Loyal Customers,"SMALL CHINESE STYLE SCISSOR, BLACK AND WHITE PAISLEY FLOWER MUG, WHITE HANGING HEART T-LIGHT HOLDER, WORLD WAR 2 GLIDERS ASSTD DESIGNS, ASSORTED COLOUR BIRD ORNAMENT"
13006.0,Potential Customers,"WORLD WAR 2 GLIDERS ASSTD DESIGNS, ASSORTED COLOUR BIRD ORNAMENT, ASSORTED COLOURS SILK FAN, GIRLS ALPHABET IRON ON PATCHES , POPART WOODEN PENCILS ASST"
13007.0,At Risk Customers,"GIRLS ALPHABET IRON ON PATCHES , WHITE HANGING HEART T-LIGHT HOLDER, ASSTD DESIGN BUBBLE GUM RING, LUNCH BAG  BLACK SKULL., WORLD WAR 2 GLIDERS ASSTD DESIGNS"
13009.0,At Risk Customers,"GIRLS ALPHABET IRON ON PATCHES , WHITE HANGING HEART T-LIGHT HOLDER, ASSTD DESIGN BUBBLE GUM RING, LUNCH BAG  BLACK SKULL., WORLD WAR 2 GLIDERS ASSTD DESIGNS"
13010.0,At Risk Customers,"GIRLS ALPHABET IRON ON PATCHES , WHITE HANGING HEART T-LIGHT HOLDER, ASSTD DESIGN BUBBLE GUM RING, LUNCH BAG  BLACK SKULL., WORLD WAR 2 GLIDERS ASSTD DESIGNS"
13011.0,At Risk Customers,"GIRLS ALPHABET IRON ON PATCHES , WHITE HANGING HEART T-LIGHT HOLDER, ASSTD DESIGN BUBBLE GUM RING, LUNCH BAG  BLACK SKULL., WORLD WAR 2 GLIDERS ASSTD DESIGNS"
13017.0,Potential Customers,"WORLD WAR 2 GLIDERS ASSTD DESIGNS, ASSORTED COLOUR BIRD ORNAMENT, ASSORTED COLOURS SILK FAN, GIRLS ALPHABET IRON ON PATCHES , POPART WOODEN PENCILS ASST"
13019.0,Loyal Customers,"SMALL CHINESE STYLE SCISSOR, BLACK AND WHITE PAISLEY FLOWER MUG, WHITE HANGING HEART T-LIGHT HOLDER, WORLD WAR 2 GLIDERS ASSTD DESIGNS, ASSORTED COLOUR BIRD ORNAMENT"
13020.0,At Risk Customers,"GIRLS ALPHABET IRON ON PATCHES , WHITE HANGING HEART T-LIGHT HOLDER, ASSTD DESIGN BUBBLE GUM RING, LUNCH BAG  BLACK SKULL., WORLD WAR 2 GLIDERS ASSTD DESIGNS"
13022.0,At Risk Customers,"GIRLS ALPHABET IRON ON PATCHES , WHITE HANGING HEART T-LIGHT HOLDER, ASSTD DESIGN BUBBLE GUM RING, LUNCH BAG  BLACK SKULL., WORLD WAR 2 GLIDERS ASSTD DESIGNS"
13023.0,Loyal Customers,"SMALL CHINESE STYLE SCISSOR, BLACK AND WHITE PAISLEY FLOWER MUG, WHITE HANGING HEART T-LIGHT HOLDER, WORLD WAR 2 GLIDERS ASSTD DESIGNS, ASSORTED COLOUR BIRD ORNAMENT"
13024.0,At Risk Customers,"GIRLS ALPHABET IRON ON PATCHES , WHITE HANGING HEART T-LIGHT HOLDER, ASSTD DESIGN BUBBLE GUM RING, LUNCH BAG  BLACK SKULL., WORLD WAR 2 GLIDERS ASSTD DESIGNS"
13025.0,At Risk Customers,"GIRLS ALPHABET IRON ON PATCHES , WHITE HANGING HEART T-LIGHT HOLDER, ASSTD DESIGN BUBBLE GUM RING, LUNCH BAG  BLACK SKULL., WORLD WAR 2 GLIDERS ASSTD DESIGNS"
13027.0,Champions,"WORLD WAR 2 GLIDERS ASSTD DESIGNS, PAPER CRAFT , LITTLE BIRDIE, MEDIUM CERAMIC TOP STORAGE JAR, WHITE HANGING HEART T-LIGHT HOLDER, JUMBO BAG RED RETROSPOT"
13031.0,Loyal Customers,"SMALL CHINESE STYLE SCISSOR, BLACK AND WHITE PAISLEY FLOWER MUG, WHITE HANGING HEART T-LIGHT HOLDER, WORLD WAR 2 GLIDERS ASSTD DESIGNS, ASSORTED COLOUR BIRD ORNAMENT"
13033.0,At Risk Customers,"GIRLS ALPHABET IRON ON PATCHES , WHITE HANGING HEART T-LIGHT HOLDER, ASSTD DESIGN BUBBLE GUM RING, LUNCH BAG  BLACK SKULL., WORLD WAR 2 GLIDERS ASSTD DESIGNS"
13036.0,At Risk Customers,"GIRLS ALPHABET IRON ON PATCHES , WHITE HANGING HEART T-LIGHT HOLDER, ASSTD DESIGN BUBBLE GUM RING, LUNCH BAG  BLACK SKULL., WORLD WAR 2 GLIDERS ASSTD DESIGNS"
13038.0,Loyal Customers,"SMALL CHINESE STYLE SCISSOR, BLACK AND WHITE PAISLEY FLOWER MUG, WHITE HANGING HEART T-LIGHT HOLDER, WORLD WAR 2 GLIDERS ASSTD DESIGNS, ASSORTED COLOUR BIRD ORNAMENT"
13039.0,At Risk Customers,"GIRLS ALPHABET IRON ON PATCHES , WHITE HANGING HEART T-LIGHT HOLDER, ASSTD DESIGN BUBBLE GUM RING, LUNCH BAG  BLACK SKULL., WORLD WAR 2 GLIDERS ASSTD DESIGNS"
13041.0,At Risk Customers,"GIRLS ALPHABET IRON ON PATCHES , WHITE HANGING HEART T-LIGHT HOLDER, ASSTD DESIGN BUBBLE GUM RING, LUNCH BAG  BLACK SKULL., WORLD WAR 2 GLIDERS ASSTD DESIGNS"
13042.0,At Risk Customers,"GIRLS ALPHABET IRON ON PATCHES , WHITE HANGING HEART T-LIGHT HOLDER, ASSTD DESIGN BUBBLE GUM RING, LUNCH BAG  BLACK SKULL., WORLD WAR 2 GLIDERS ASSTD DESIGNS"
13043.0,Potential Customers,"WORLD WAR 2 GLIDERS ASSTD DESIGNS, ASSORTED COLOUR BIRD ORNAMENT, ASSORTED COLOURS SILK FAN, GIRLS ALPHABET IRON ON PATCHES , POPART WOODEN PENCILS ASST"
13049.0,Loyal Customers,"SMALL CHINESE STYLE SCISSOR, BLACK AND WHITE PAISLEY FLOWER MUG, WHITE HANGING HEART T-LIGHT HOLDER, WORLD WAR 2 GLIDERS ASSTD DESIGNS, ASSORTED COLOUR BIRD ORNAMENT"
13051.0,At Risk Customers,"GIRLS ALPHABET IRON ON PATCHES , WHITE HANGING HEART T-LIGHT HOLDER, ASSTD DESIGN BUBBLE GUM RING, LUNCH BAG  BLACK SKULL., WORLD WAR 2 GLIDERS ASSTD DESIGNS"
13053.0,At Risk Customers,"GIRLS ALPHABET IRON ON PATCHES , WHITE HANGING HEART T-LIGHT HOLDER, ASSTD DESIGN BUBBLE GUM RING, LUNCH BAG  BLACK SKULL., WORLD WAR 2 GLIDERS ASSTD DESIGNS"
13056.0,At Risk Customers,"GIRLS ALPHABET IRON ON PATCHES , WHITE HANGING HEART T-LIGHT HOLDER, ASSTD DESIGN BUBBLE GUM RING, LUNCH BAG  BLACK SKULL., WORLD WAR 2 GLIDERS ASSTD DESIGNS"
13057.0,At Risk Customers,"GIRLS ALPHABET IRON ON PATCHES , WHITE HANGING HEART T-LIGHT HOLDER, ASSTD DESIGN BUBBLE GUM RING, LUNCH BAG  BLACK SKULL., WORLD WAR 2 GLIDERS ASSTD DESIGNS"
13058.0,Potential Customers,"WORLD WAR 2 GLIDERS ASSTD DESIGNS, ASSORTED COLOUR BIRD ORNAMENT, ASSORTED COLOURS SILK FAN, GIRLS ALPHABET IRON ON PATCHES , POPART WOODEN PENCILS ASST"
13059.0,Loyal Customers,"SMALL CHINESE STYLE SCISSOR, BLACK AND WHITE PAISLEY FLOWER MUG, WHITE HANGING HEART T-LIGHT HOLDER, WORLD WAR 2 GLIDERS ASSTD DESIGNS, ASSORTED COLOUR BIRD ORNAMENT"
13060.0,Potential Customers,"WORLD WAR 2 GLIDERS ASSTD DESIGNS, ASSORTED COLOUR BIRD ORNAMENT, ASSORTED COLOURS SILK FAN, GIRLS ALPHABET IRON ON PATCHES , POPART WOODEN PENCILS ASST"
13061.0,Potential Customers,"WORLD WAR 2 GLIDERS ASSTD DESIGNS, ASSORTED COLOUR BIRD ORNAMENT, ASSORTED COLOURS SILK FAN, GIRLS ALPHABET IRON ON PATCHES , POPART WOODEN PENCILS ASST"
13062.0,Potential Customers,"WORLD WAR 2 GLIDERS ASSTD DESIGNS, ASSORTED COLOUR BIRD ORNAMENT, ASSORTED COLOURS SILK FAN, GIRLS ALPHABET IRON ON PATCHES , POPART WOODEN PENCILS ASST"
13063.0,At Risk Customers,"GIRLS ALPHABET IRON ON PATCHES , WHITE HANGING HEART T-LIGHT HOLDER, ASSTD DESIGN BUBBLE GUM RING, LUNCH BAG  BLACK SKULL., WORLD WAR 2 GLIDERS ASSTD DESIGNS"
13065.0,Loyal Customers,"SMALL CHINESE STYLE SCISSOR, BLACK AND WHITE PAISLEY FLOWER MUG, WHITE HANGING HEART T-LIGHT HOLDER, WORLD WAR 2 GLIDERS ASSTD DESIGNS, ASSORTED COLOUR BIRD ORNAMENT"
13067.0,Potential Customers,"WORLD WAR 2 GLIDERS ASSTD DESIGNS, ASSORTED COLOUR BIRD ORNAMENT, ASSORTED COLOURS SILK FAN, GIRLS ALPHABET IRON ON PATCHES , POPART WOODEN PENCILS ASST"
13070.0,Loyal Customers,"SMALL CHINESE STYLE SCISSOR, BLACK AND WHITE PAISLEY FLOWER MUG, WHITE HANGING HEART T-LIGHT HOLDER, WORLD WAR 2 GLIDERS ASSTD DESIGNS, ASSORTED COLOUR BIRD ORNAMENT"
13071.0,At Risk Customers,"GIRLS ALPHABET IRON ON PATCHES , WHITE HANGING HEART T-LIGHT HOLDER, ASSTD DESIGN BUBBLE GUM RING, LUNCH BAG  BLACK SKULL., WORLD WAR 2 GLIDERS ASSTD DESIGNS"
13072.0,Potential Customers,"WORLD WAR 2 GLIDERS ASSTD DESIGNS, ASSORTED COLOUR BIRD ORNAMENT, ASSORTED COLOURS SILK FAN, GIRLS ALPHABET IRON ON PATCHES , POPART WOODEN PENCILS ASST"
13073.0,At Risk Customers,"GIRLS ALPHABET IRON ON PATCHES , WHITE HANGING HEART T-LIGHT HOLDER, ASSTD DESIGN BUBBLE GUM RING, LUNCH BAG  BLACK SKULL., WORLD WAR 2 GLIDERS ASSTD DESIGNS"
13074.0,At Risk Customers,"GIRLS ALPHABET IRON ON PATCHES , WHITE HANGING HEART T-LIGHT HOLDER, ASSTD DESIGN BUBBLE GUM RING, LUNCH BAG  BLACK SKULL., WORLD WAR 2 GLIDERS ASSTD DESIGNS"
13075.0,Potential Customers,"WORLD WAR 2 GLIDERS ASSTD DESIGNS, ASSORTED COLOUR BIRD ORNAMENT, ASSORTED COLOURS SILK FAN, GIRLS ALPHABET IRON ON PATCHES , POPART WOODEN PENCILS ASST"
13076.0,At Risk Customers,"GIRLS ALPHABET IRON ON PATCHES , WHITE HANGING HEART T-LIGHT HOLDER, ASSTD DESIGN BUBBLE GUM RING, LUNCH BAG  BLACK SKULL., WORLD WAR 2 GLIDERS ASSTD DESIGNS"
13080.0,Potential Customers,"WORLD WAR 2 GLIDERS ASSTD DESIGNS, ASSORTED COLOUR BIRD ORNAMENT, ASSORTED COLOURS SILK FAN, GIRLS ALPHABET IRON ON PATCHES , POPART WOODEN PENCILS ASST"
13082.0,Champions,"WORLD WAR 2 GLIDERS ASSTD DESIGNS, PAPER CRAFT , LITTLE BIRDIE, MEDIUM CERAMIC TOP STORAGE JAR, WHITE HANGING HEART T-LIGHT HOLDER, JUMBO BAG RED RETROSPOT"
13084.0,At Risk Customers,"GIRLS ALPHABET IRON ON PATCHES , WHITE HANGING HEART T-LIGHT HOLDER, ASSTD DESIGN BUBBLE GUM RING, LUNCH BAG  BLACK SKULL., WORLD WAR 2 GLIDERS ASSTD DESIGNS"
13086.0,At Risk Customers,"GIRLS ALPHABET IRON ON PATCHES , WHITE HANGING HEART T-LIGHT HOLDER, ASSTD DESIGN BUBBLE GUM RING, LUNCH BAG  BLACK SKULL., WORLD WAR 2 GLIDERS ASSTD DESIGNS"
13087.0,At Risk Customers,"GIRLS ALPHABET IRON ON PATCHES , WHITE HANGING HEART T-LIGHT HOLDER, ASSTD DESIGN BUBBLE GUM RING, LUNCH BAG  BLACK SKULL., WORLD WAR 2 GLIDERS ASSTD DESIGNS"
13088.0,At Risk Customers,"GIRLS ALPHABET IRON ON PATCHES , WHITE HANGING HEART T-LIGHT HOLDER, ASSTD DESIGN BUBBLE GUM RING, LUNCH BAG  BLACK SKULL., WORLD WAR 2 GLIDERS ASSTD DESIGNS"
13096.0,At Risk Customers,"GIRLS ALPHABET IRON ON PATCHES , WHITE HANGING HEART T-LIGHT HOLDER, ASSTD DESIGN BUBBLE GUM RING, LUNCH BAG  BLACK SKULL., WORLD WAR 2 GLIDERS ASSTD DESIGNS"
13099.0,Potential Customers,"WORLD WAR 2 GLIDERS ASSTD DESIGNS, ASSORTED COLOUR BIRD ORNAMENT, ASSORTED COLOURS SILK FAN, GIRLS ALPHABET IRON ON PATCHES , POPART WOODEN PENCILS ASST"
13101.0,Loyal Customers,"SMALL CHINESE STYLE SCISSOR, BLACK AND WHITE PAISLEY FLOWER MUG, WHITE HANGING HEART T-LIGHT HOLDER, WORLD WAR 2 GLIDERS ASSTD DESIGNS, ASSORTED COLOUR BIRD ORNAMENT"
13105.0,At Risk Customers,"GIRLS ALPHABET IRON ON PATCHES , WHITE HANGING HEART T-LIGHT HOLDER, ASSTD DESIGN BUBBLE GUM RING, LUNCH BAG  BLACK SKULL., WORLD WAR 2 GLIDERS ASSTD DESIGNS"
13106.0,Potential Customers,"WORLD WAR 2 GLIDERS ASSTD DESIGNS, ASSORTED COLOUR BIRD ORNAMENT, ASSORTED COLOURS SILK FAN, GIRLS ALPHABET IRON ON PATCHES , POPART WOODEN PENCILS ASST"
13108.0,At Risk Customers,"GIRLS ALPHABET IRON ON PATCHES , WHITE HANGING HEART T-LIGHT HOLDER, ASSTD DESIGN BUBBLE GUM RING, LUNCH BAG  BLACK SKULL., WORLD WAR 2 GLIDERS ASSTD DESIGNS"
13111.0,At Risk Customers,"GIRLS ALPHABET IRON ON PATCHES , WHITE HANGING HEART T-LIGHT HOLDER, ASSTD DESIGN BUBBLE GUM RING, LUNCH BAG  BLACK SKULL., WORLD WAR 2 GLIDERS ASSTD DESIGNS"
13112.0,At Risk Customers,"GIRLS ALPHABET IRON ON PATCHES , WHITE HANGING HEART T-LIGHT HOLDER, ASSTD DESIGN BUBBLE GUM RING, LUNCH BAG  BLACK SKULL., WORLD WAR 2 GLIDERS ASSTD DESIGNS"
13114.0,At Risk Customers,"GIRLS ALPHABET IRON ON PATCHES , WHITE HANGING HEART T-LIGHT HOLDER, ASSTD DESIGN BUBBLE GUM RING, LUNCH BAG  BLACK SKULL., WORLD WAR 2 GLIDERS ASSTD DESIGNS"
13116.0,Potential Customers,"WORLD WAR 2 GLIDERS ASSTD DESIGNS, ASSORTED COLOUR BIRD ORNAMENT, ASSORTED COLOURS SILK FAN, GIRLS ALPHABET IRON ON PATCHES , POPART WOODEN PENCILS ASST"
13119.0,At Risk Customers,"GIRLS ALPHABET IRON ON PATCHES , WHITE HANGING HEART T-LIGHT HOLDER, ASSTD DESIGN BUBBLE GUM RING, LUNCH BAG  BLACK SKULL., WORLD WAR 2 GLIDERS ASSTD DESIGNS"
13120.0,Potential Customers,"WORLD WAR 2 GLIDERS ASSTD DESIGNS, ASSORTED COLOUR BIRD ORNAMENT, ASSORTED COLOURS SILK FAN, GIRLS ALPHABET IRON ON PATCHES , POPART WOODEN PENCILS ASST"
13121.0,Potential Customers,"WORLD WAR 2 GLIDERS ASSTD DESIGNS, ASSORTED COLOUR BIRD ORNAMENT, ASSORTED COLOURS SILK FAN, GIRLS ALPHABET IRON ON PATCHES , POPART WOODEN PENCILS ASST"
13122.0,Potential Customers,"WORLD WAR 2 GLIDERS ASSTD DESIGNS, ASSORTED COLOUR BIRD ORNAMENT, ASSORTED COLOURS SILK FAN, GIRLS ALPHABET IRON ON PATCHES , POPART WOODEN PENCILS ASST"
13123.0,At Risk Customers,"GIRLS ALPHABET IRON ON PATCHES , WHITE HANGING HEART T-LIGHT HOLDER, ASSTD DESIGN BUBBLE GUM RING, LUNCH BAG  BLACK SKULL., WORLD WAR 2 GLIDERS ASSTD DESIGNS"
13125.0,At Risk Customers,"GIRLS ALPHABET IRON ON PATCHES , WHITE HANGING HEART T-LIGHT HOLDER, ASSTD DESIGN BUBBLE GUM RING, LUNCH BAG  BLACK SKULL., WORLD WAR 2 GLIDERS ASSTD DESIGNS"
13127.0,Potential Customers,"WORLD WAR 2 GLIDERS ASSTD DESIGNS, ASSORTED COLOUR BIRD ORNAMENT, ASSORTED COLOURS SILK FAN, GIRLS ALPHABET IRON ON PATCHES , POPART WOODEN PENCILS ASST"
13128.0,At Risk Customers,"GIRLS ALPHABET IRON ON PATCHES , WHITE HANGING HEART T-LIGHT HOLDER, ASSTD DESIGN BUBBLE GUM RING, LUNCH BAG  BLACK SKULL., WORLD WAR 2 GLIDERS ASSTD DESIGNS"
13129.0,At Risk Customers,"GIRLS ALPHABET IRON ON PATCHES , WHITE HANGING HEART T-LIGHT HOLDER, ASSTD DESIGN BUBBLE GUM RING, LUNCH BAG  BLACK SKULL., WORLD WAR 2 GLIDERS ASSTD DESIGNS"
13130.0,Potential Customers,"WORLD WAR 2 GLIDERS ASSTD DESIGNS, ASSORTED COLOUR BIRD ORNAMENT, ASSORTED COLOURS SILK FAN, GIRLS ALPHABET IRON ON PATCHES , POPART WOODEN PENCILS ASST"
13132.0,Potential Customers,"WORLD WAR 2 GLIDERS ASSTD DESIGNS, ASSORTED COLOUR BIRD ORNAMENT, ASSORTED COLOURS SILK FAN, GIRLS ALPHABET IRON ON PATCHES , POPART WOODEN PENCILS ASST"
13133.0,Potential Customers,"WORLD WAR 2 GLIDERS ASSTD DESIGNS, ASSORTED COLOUR BIRD ORNAMENT, ASSORTED COLOURS SILK FAN, GIRLS ALPHABET IRON ON PATCHES , POPART WOODEN PENCILS ASST"
13134.0,Loyal Customers,"SMALL CHINESE STYLE SCISSOR, BLACK AND WHITE PAISLEY FLOWER MUG, WHITE HANGING HEART T-LIGHT HOLDER, WORLD WAR 2 GLIDERS ASSTD DESIGNS, ASSORTED COLOUR BIRD ORNAMENT"
13135.0,Loyal Customers,"SMALL CHINESE STYLE SCISSOR, BLACK AND WHITE PAISLEY FLOWER MUG, WHITE HANGING HEART T-LIGHT HOLDER, WORLD WAR 2 GLIDERS ASSTD DESIGNS, ASSORTED COLOUR BIRD ORNAMENT"
13142.0,Potential Customers,"WORLD WAR 2 GLIDERS ASSTD DESIGNS, ASSORTED COLOUR BIRD ORNAMENT, ASSORTED COLOURS SILK FAN, GIRLS ALPHABET IRON ON PATCHES , POPART WOODEN PENCILS ASST"
13143.0,At Risk Customers,"GIRLS ALPHABET IRON ON PATCHES , WHITE HANGING HEART T-LIGHT HOLDER, ASSTD DESIGN BUBBLE GUM RING, LUNCH BAG  BLACK SKULL., WORLD WAR 2 GLIDERS ASSTD DESIGNS"
13144.0,At Risk Customers,"GIRLS ALPHABET IRON ON PATCHES , WHITE HANGING HEART T-LIGHT HOLDER, ASSTD DESIGN BUBBLE GUM RING, LUNCH BAG  BLACK SKULL., WORLD WAR 2 GLIDERS ASSTD DESIGNS"
13146.0,Potential Customers,"WORLD WAR 2 GLIDERS ASSTD DESIGNS, ASSORTED COLOUR BIRD ORNAMENT, ASSORTED COLOURS SILK FAN, GIRLS ALPHABET IRON ON PATCHES , POPART WOODEN PENCILS ASST"
13147.0,Loyal Customers,"SMALL CHINESE STYLE SCISSOR, BLACK AND WHITE PAISLEY FLOWER MUG, WHITE HANGING HEART T-LIGHT HOLDER, WORLD WAR 2 GLIDERS ASSTD DESIGNS, ASSORTED COLOUR BIRD ORNAMENT"
13149.0,Loyal Customers,"SMALL CHINESE STYLE SCISSOR, BLACK AND WHITE PAISLEY FLOWER MUG, WHITE HANGING HEART T-LIGHT HOLDER, WORLD WAR 2 GLIDERS ASSTD DESIGNS, ASSORTED COLOUR BIRD ORNAMENT"
13150.0,At Risk Customers,"GIRLS ALPHABET IRON ON PATCHES , WHITE HANGING HEART T-LIGHT HOLDER, ASSTD DESIGN BUBBLE GUM RING, LUNCH BAG  BLACK SKULL., WORLD WAR 2 GLIDERS ASSTD DESIGNS"
13151.0,Loyal Customers,"SMALL CHINESE STYLE SCISSOR, BLACK AND WHITE PAISLEY FLOWER MUG, WHITE HANGING HEART T-LIGHT HOLDER, WORLD WAR 2 GLIDERS ASSTD DESIGNS, ASSORTED COLOUR BIRD ORNAMENT"
13152.0,Loyal Customers,"SMALL CHINESE STYLE SCISSOR, BLACK AND WHITE PAISLEY FLOWER MUG, WHITE HANGING HEART T-LIGHT HOLDER, WORLD WAR 2 GLIDERS ASSTD DESIGNS, ASSORTED COLOUR BIRD ORNAMENT"
13153.0,Potential Customers,"WORLD WAR 2 GLIDERS ASSTD DESIGNS, ASSORTED COLOUR BIRD ORNAMENT, ASSORTED COLOURS SILK FAN, GIRLS ALPHABET IRON ON PATCHES , POPART WOODEN PENCILS ASST"
13154.0,At Risk Customers,"GIRLS ALPHABET IRON ON PATCHES , WHITE HANGING HEART T-LIGHT HOLDER, ASSTD DESIGN BUBBLE GUM RING, LUNCH BAG  BLACK SKULL., WORLD WAR 2 GLIDERS ASSTD DESIGNS"
13155.0,Loyal Customers,"SMALL CHINESE STYLE SCISSOR, BLACK AND WHITE PAISLEY FLOWER MUG, WHITE HANGING HEART T-LIGHT HOLDER, WORLD WAR 2 GLIDERS ASSTD DESIGNS, ASSORTED COLOUR BIRD ORNAMENT"
13156.0,At Risk Customers,"GIRLS ALPHABET IRON ON PATCHES , WHITE HANGING HEART T-LIGHT HOLDER, ASSTD DESIGN BUBBLE GUM RING, LUNCH BAG  BLACK SKULL., WORLD WAR 2 GLIDERS ASSTD DESIGNS"
13158.0,Loyal Customers,"SMALL CHINESE STYLE SCISSOR, BLACK AND WHITE PAISLEY FLOWER MUG, WHITE HANGING HEART T-LIGHT HOLDER, WORLD WAR 2 GLIDERS ASSTD DESIGNS, ASSORTED COLOUR BIRD ORNAMENT"
13160.0,Potential Customers,"WORLD WAR 2 GLIDERS ASSTD DESIGNS, ASSORTED COLOUR BIRD ORNAMENT, ASSORTED COLOURS SILK FAN, GIRLS ALPHABET IRON ON PATCHES , POPART WOODEN PENCILS ASST"
13161.0,At Risk Customers,"GIRLS ALPHABET IRON ON PATCHES , WHITE HANGING HEART T-LIGHT HOLDER, ASSTD DESIGN BUBBLE GUM RING, LUNCH BAG  BLACK SKULL., WORLD WAR 2 GLIDERS ASSTD DESIGNS"
13162.0,Champions,"WORLD WAR 2 GLIDERS ASSTD DESIGNS, PAPER CRAFT , LITTLE BIRDIE, MEDIUM CERAMIC TOP STORAGE JAR, WHITE HANGING HEART T-LIGHT HOLDER, JUMBO BAG RED RETROSPOT"
13163.0,At Risk Customers,"GIRLS ALPHABET IRON ON PATCHES , WHITE HANGING HEART T-LIGHT HOLDER, ASSTD DESIGN BUBBLE GUM RING, LUNCH BAG  BLACK SKULL., WORLD WAR 2 GLIDERS ASSTD DESIGNS"
13164.0,At Risk Customers,"GIRLS ALPHABET IRON ON PATCHES , WHITE HANGING HEART T-LIGHT HOLDER, ASSTD DESIGN BUBBLE GUM RING, LUNCH BAG  BLACK SKULL., WORLD WAR 2 GLIDERS ASSTD DESIGNS"
13166.0,Potential Customers,"WORLD WAR 2 GLIDERS ASSTD DESIGNS, ASSORTED COLOUR BIRD ORNAMENT, ASSORTED COLOURS SILK FAN, GIRLS ALPHABET IRON ON PATCHES , POPART WOODEN PENCILS ASST"
13171.0,Potential Customers,"WORLD WAR 2 GLIDERS ASSTD DESIGNS, ASSORTED COLOUR BIRD ORNAMENT, ASSORTED COLOURS SILK FAN, GIRLS ALPHABET IRON ON PATCHES , POPART WOODEN PENCILS ASST"
13172.0,At Risk Customers,"GIRLS ALPHABET IRON ON PATCHES , WHITE HANGING HEART T-LIGHT HOLDER, ASSTD DESIGN BUBBLE GUM RING, LUNCH BAG  BLACK SKULL., WORLD WAR 2 GLIDERS ASSTD DESIGNS"
13175.0,At Risk Customers,"GIRLS ALPHABET IRON ON PATCHES , WHITE HANGING HEART T-LIGHT HOLDER, ASSTD DESIGN BUBBLE GUM RING, LUNCH BAG  BLACK SKULL., WORLD WAR 2 GLIDERS ASSTD DESIGNS"
13179.0,At Risk Customers,"GIRLS ALPHABET IRON ON PATCHES , WHITE HANGING HEART T-LIGHT HOLDER, ASSTD DESIGN BUBBLE GUM RING, LUNCH BAG  BLACK SKULL., WORLD WAR 2 GLIDERS ASSTD DESIGNS"
13180.0,At Risk Customers,"GIRLS ALPHABET IRON ON PATCHES , WHITE HANGING HEART T-LIGHT HOLDER, ASSTD DESIGN BUBBLE GUM RING, LUNCH BAG  BLACK SKULL., WORLD WAR 2 GLIDERS ASSTD DESIGNS"
13181.0,At Risk Customers,"GIRLS ALPHABET IRON ON PATCHES , WHITE HANGING HEART T-LIGHT HOLDER, ASSTD DESIGN BUBBLE GUM RING, LUNCH BAG  BLACK SKULL., WORLD WAR 2 GLIDERS ASSTD DESIGNS"
13182.0,Potential Customers,"WORLD WAR 2 GLIDERS ASSTD DESIGNS, ASSORTED COLOUR BIRD ORNAMENT, ASSORTED COLOURS SILK FAN, GIRLS ALPHABET IRON ON PATCHES , POPART WOODEN PENCILS ASST"
13185.0,Potential Customers,"WORLD WAR 2 GLIDERS ASSTD DESIGNS, ASSORTED COLOUR BIRD ORNAMENT, ASSORTED COLOURS SILK FAN, GIRLS ALPHABET IRON ON PATCHES , POPART WOODEN PENCILS ASST"
13187.0,At Risk Customers,"GIRLS ALPHABET IRON ON PATCHES , WHITE HANGING HEART T-LIGHT HOLDER, ASSTD DESIGN BUBBLE GUM RING, LUNCH BAG  BLACK SKULL., WORLD WAR 2 GLIDERS ASSTD DESIGNS"
13188.0,Potential Customers,"WORLD WAR 2 GLIDERS ASSTD DESIGNS, ASSORTED COLOUR BIRD ORNAMENT, ASSORTED COLOURS SILK FAN, GIRLS ALPHABET IRON ON PATCHES , POPART WOODEN PENCILS ASST"
13190.0,At Risk Customers,"GIRLS ALPHABET IRON ON PATCHES , WHITE HANGING HEART T-LIGHT HOLDER, ASSTD DESIGN BUBBLE GUM RING, LUNCH BAG  BLACK SKULL., WORLD WAR 2 GLIDERS ASSTD DESIGNS"
13191.0,At Risk Customers,"GIRLS ALPHABET IRON ON PATCHES , WHITE HANGING HEART T-LIGHT HOLDER, ASSTD DESIGN BUBBLE GUM RING, LUNCH BAG  BLACK SKULL., WORLD WAR 2 GLIDERS ASSTD DESIGNS"
13193.0,Potential Customers,"WORLD WAR 2 GLIDERS ASSTD DESIGNS, ASSORTED COLOUR BIRD ORNAMENT, ASSORTED COLOURS SILK FAN, GIRLS ALPHABET IRON ON PATCHES , POPART WOODEN PENCILS ASST"
13194.0,Potential Customers,"WORLD WAR 2 GLIDERS ASSTD DESIGNS, ASSORTED COLOUR BIRD ORNAMENT, ASSORTED COLOURS SILK FAN, GIRLS ALPHABET IRON ON PATCHES , POPART WOODEN PENCILS ASST"
13195.0,At Risk Customers,"GIRLS ALPHABET IRON ON PATCHES , WHITE HANGING HEART T-LIGHT HOLDER, ASSTD DESIGN BUBBLE GUM RING, LUNCH BAG  BLACK SKULL., WORLD WAR 2 GLIDERS ASSTD DESIGNS"
13197.0,At Risk Customers,"GIRLS ALPHABET IRON ON PATCHES , WHITE HANGING HEART T-LIGHT HOLDER, ASSTD DESIGN BUBBLE GUM RING, LUNCH BAG  BLACK SKULL., WORLD WAR 2 GLIDERS ASSTD DESIGNS"
13200.0,Loyal Customers,"SMALL CHINESE STYLE SCISSOR, BLACK AND WHITE PAISLEY FLOWER MUG, WHITE HANGING HEART T-LIGHT HOLDER, WORLD WAR 2 GLIDERS ASSTD DESIGNS, ASSORTED COLOUR BIRD ORNAMENT"
13201.0,At Risk Customers,"GIRLS ALPHABET IRON ON PATCHES , WHITE HANGING HEART T-LIGHT HOLDER, ASSTD DESIGN BUBBLE GUM RING, LUNCH BAG  BLACK SKULL., WORLD WAR 2 GLIDERS ASSTD DESIGNS"
13202.0,Loyal Customers,"SMALL CHINESE STYLE SCISSOR, BLACK AND WHITE PAISLEY FLOWER MUG, WHITE HANGING HEART T-LIGHT HOLDER, WORLD WAR 2 GLIDERS ASSTD DESIGNS, ASSORTED COLOUR BIRD ORNAMENT"
13204.0,At Risk Customers,"GIRLS ALPHABET IRON ON PATCHES , WHITE HANGING HEART T-LIGHT HOLDER, ASSTD DESIGN BUBBLE GUM RING, LUNCH BAG  BLACK SKULL., WORLD WAR 2 GLIDERS ASSTD DESIGNS"
13205.0,At Risk Customers,"GIRLS ALPHABET IRON ON PATCHES , WHITE HANGING HEART T-LIGHT HOLDER, ASSTD DESIGN BUBBLE GUM RING, LUNCH BAG  BLACK SKULL., WORLD WAR 2 GLIDERS ASSTD DESIGNS"
13206.0,Champions,"WORLD WAR 2 GLIDERS ASSTD DESIGNS, PAPER CRAFT , LITTLE BIRDIE, MEDIUM CERAMIC TOP STORAGE JAR, WHITE HANGING HEART T-LIGHT HOLDER, JUMBO BAG RED RETROSPOT"
13210.0,Potential Customers,"WORLD WAR 2 GLIDERS ASSTD DESIGNS, ASSORTED COLOUR BIRD ORNAMENT, ASSORTED COLOURS SILK FAN, GIRLS ALPHABET IRON ON PATCHES , POPART WOODEN PENCILS ASST"
13215.0,At Risk Customers,"GIRLS ALPHABET IRON ON PATCHES , WHITE HANGING HEART T-LIGHT HOLDER, ASSTD DESIGN BUBBLE GUM RING, LUNCH BAG  BLACK SKULL., WORLD WAR 2 GLIDERS ASSTD DESIGNS"
13216.0,Potential Customers,"WORLD WAR 2 GLIDERS ASSTD DESIGNS, ASSORTED COLOUR BIRD ORNAMENT, ASSORTED COLOURS SILK FAN, GIRLS ALPHABET IRON ON PATCHES , POPART WOODEN PENCILS ASST"
13217.0,Loyal Customers,"SMALL CHINESE STYLE SCISSOR, BLACK AND WHITE PAISLEY FLOWER MUG, WHITE HANGING HEART T-LIGHT HOLDER, WORLD WAR 2 GLIDERS ASSTD DESIGNS, ASSORTED COLOUR BIRD ORNAMENT"
13218.0,Potential Customers,"WORLD WAR 2 GLIDERS ASSTD DESIGNS, ASSORTED COLOUR BIRD ORNAMENT, ASSORTED COLOURS SILK FAN, GIRLS ALPHABET IRON ON PATCHES , POPART WOODEN PENCILS ASST"
13219.0,At Risk Customers,"GIRLS ALPHABET IRON ON PATCHES , WHITE HANGING HEART T-LIGHT HOLDER, ASSTD DESIGN BUBBLE GUM RING, LUNCH BAG  BLACK SKULL., WORLD WAR 2 GLIDERS ASSTD DESIGNS"
13221.0,Potential Customers,"WORLD WAR 2 GLIDERS ASSTD DESIGNS, ASSORTED COLOUR BIRD ORNAMENT, ASSORTED COLOURS SILK FAN, GIRLS ALPHABET IRON ON PATCHES , POPART WOODEN PENCILS ASST"
13222.0,At Risk Customers,"GIRLS ALPHABET IRON ON PATCHES , WHITE HANGING HEART T-LIGHT HOLDER, ASSTD DESIGN BUBBLE GUM RING, LUNCH BAG  BLACK SKULL., WORLD WAR 2 GLIDERS ASSTD DESIGNS"
13223.0,Loyal Customers,"SMALL CHINESE STYLE SCISSOR, BLACK AND WHITE PAISLEY FLOWER MUG, WHITE HANGING HEART T-LIGHT HOLDER, WORLD WAR 2 GLIDERS ASSTD DESIGNS, ASSORTED COLOUR BIRD ORNAMENT"
13226.0,Potential Customers,"WORLD WAR 2 GLIDERS ASSTD DESIGNS, ASSORTED COLOUR BIRD ORNAMENT, ASSORTED COLOURS SILK FAN, GIRLS ALPHABET IRON ON PATCHES , POPART WOODEN PENCILS ASST"
13227.0,Potential Customers,"WORLD WAR 2 GLIDERS ASSTD DESIGNS, ASSORTED COLOUR BIRD ORNAMENT, ASSORTED COLOURS SILK FAN, GIRLS ALPHABET IRON ON PATCHES , POPART WOODEN PENCILS ASST"
13228.0,Potential Customers,"WORLD WAR 2 GLIDERS ASSTD DESIGNS, ASSORTED COLOUR BIRD ORNAMENT, ASSORTED COLOURS SILK FAN, GIRLS ALPHABET IRON ON PATCHES , POPART WOODEN PENCILS ASST"
13229.0,Potential Customers,"WORLD WAR 2 GLIDERS ASSTD DESIGNS, ASSORTED COLOUR BIRD ORNAMENT, ASSORTED COLOURS SILK FAN, GIRLS ALPHABET IRON ON PATCHES , POPART WOODEN PENCILS ASST"
13234.0,At Risk Customers,"GIRLS ALPHABET IRON ON PATCHES , WHITE HANGING HEART T-LIGHT HOLDER, ASSTD DESIGN BUBBLE GUM RING, LUNCH BAG  BLACK SKULL., WORLD WAR 2 GLIDERS ASSTD DESIGNS"
13235.0,Potential Customers,"WORLD WAR 2 GLIDERS ASSTD DESIGNS, ASSORTED COLOUR BIRD ORNAMENT, ASSORTED COLOURS SILK FAN, GIRLS ALPHABET IRON ON PATCHES , POPART WOODEN PENCILS ASST"
13236.0,Potential Customers,"WORLD WAR 2 GLIDERS ASSTD DESIGNS, ASSORTED COLOUR BIRD ORNAMENT, ASSORTED COLOURS SILK FAN, GIRLS ALPHABET IRON ON PATCHES , POPART WOODEN PENCILS ASST"
13237.0,At Risk Customers,"GIRLS ALPHABET IRON ON PATCHES , WHITE HANGING HEART T-LIGHT HOLDER, ASSTD DESIGN BUBBLE GUM RING, LUNCH BAG  BLACK SKULL., WORLD WAR 2 GLIDERS ASSTD DESIGNS"
13239.0,Loyal Customers,"SMALL CHINESE STYLE SCISSOR, BLACK AND WHITE PAISLEY FLOWER MUG, WHITE HANGING HEART T-LIGHT HOLDER, WORLD WAR 2 GLIDERS ASSTD DESIGNS, ASSORTED COLOUR BIRD ORNAMENT"
13240.0,Loyal Customers,"SMALL CHINESE STYLE SCISSOR, BLACK AND WHITE PAISLEY FLOWER MUG, WHITE HANGING HEART T-LIGHT HOLDER, WORLD WAR 2 GLIDERS ASSTD DESIGNS, ASSORTED COLOUR BIRD ORNAMENT"
13241.0,At Risk Customers,"GIRLS ALPHABET IRON ON PATCHES , WHITE HANGING HEART T-LIGHT HOLDER, ASSTD DESIGN BUBBLE GUM RING, LUNCH BAG  BLACK SKULL., WORLD WAR 2 GLIDERS ASSTD DESIGNS"
13242.0,Loyal Customers,"SMALL CHINESE STYLE SCISSOR, BLACK AND WHITE PAISLEY FLOWER MUG, WHITE HANGING HEART T-LIGHT HOLDER, WORLD WAR 2 GLIDERS ASSTD DESIGNS, ASSORTED COLOUR BIRD ORNAMENT"
13243.0,Loyal Customers,"SMALL CHINESE STYLE SCISSOR, BLACK AND WHITE PAISLEY FLOWER MUG, WHITE HANGING HEART T-LIGHT HOLDER, WORLD WAR 2 GLIDERS ASSTD DESIGNS, ASSORTED COLOUR BIRD ORNAMENT"
13244.0,Potential Customers,"WORLD WAR 2 GLIDERS ASSTD DESIGNS, ASSORTED COLOUR BIRD ORNAMENT, ASSORTED COLOURS SILK FAN, GIRLS ALPHABET IRON ON PATCHES , POPART WOODEN PENCILS ASST"
13248.0,Potential Customers,"WORLD WAR 2 GLIDERS ASSTD DESIGNS, ASSORTED COLOUR BIRD ORNAMENT, ASSORTED COLOURS SILK FAN, GIRLS ALPHABET IRON ON PATCHES , POPART WOODEN PENCILS ASST"
13250.0,At Risk Customers,"GIRLS ALPHABET IRON ON PATCHES , WHITE HANGING HEART T-LIGHT HOLDER, ASSTD DESIGN BUBBLE GUM RING, LUNCH BAG  BLACK SKULL., WORLD WAR 2 GLIDERS ASSTD DESIGNS"
13251.0,At Risk Customers,"GIRLS ALPHABET IRON ON PATCHES , WHITE HANGING HEART T-LIGHT HOLDER, ASSTD DESIGN BUBBLE GUM RING, LUNCH BAG  BLACK SKULL., WORLD WAR 2 GLIDERS ASSTD DESIGNS"
13252.0,At Risk Customers,"GIRLS ALPHABET IRON ON PATCHES , WHITE HANGING HEART T-LIGHT HOLDER, ASSTD DESIGN BUBBLE GUM RING, LUNCH BAG  BLACK SKULL., WORLD WAR 2 GLIDERS ASSTD DESIGNS"
13254.0,At Risk Customers,"GIRLS ALPHABET IRON ON PATCHES , WHITE HANGING HEART T-LIGHT HOLDER, ASSTD DESIGN BUBBLE GUM RING, LUNCH BAG  BLACK SKULL., WORLD WAR 2 GLIDERS ASSTD DESIGNS"
13257.0,At Risk Customers,"GIRLS ALPHABET IRON ON PATCHES , WHITE HANGING HEART T-LIGHT HOLDER, ASSTD DESIGN BUBBLE GUM RING, LUNCH BAG  BLACK SKULL., WORLD WAR 2 GLIDERS ASSTD DESIGNS"
13260.0,Potential Customers,"WORLD WAR 2 GLIDERS ASSTD DESIGNS, ASSORTED COLOUR BIRD ORNAMENT, ASSORTED COLOURS SILK FAN, GIRLS ALPHABET IRON ON PATCHES , POPART WOODEN PENCILS ASST"
13261.0,Potential Customers,"WORLD WAR 2 GLIDERS ASSTD DESIGNS, ASSORTED COLOUR BIRD ORNAMENT, ASSORTED COLOURS SILK FAN, GIRLS ALPHABET IRON ON PATCHES , POPART WOODEN PENCILS ASST"
13262.0,Potential Customers,"WORLD WAR 2 GLIDERS ASSTD DESIGNS, ASSORTED COLOUR BIRD ORNAMENT, ASSORTED COLOURS SILK FAN, GIRLS ALPHABET IRON ON PATCHES , POPART WOODEN PENCILS ASST"
13264.0,At Risk Customers,"GIRLS ALPHABET IRON ON PATCHES , WHITE HANGING HEART T-LIGHT HOLDER, ASSTD DESIGN BUBBLE GUM RING, LUNCH BAG  BLACK SKULL., WORLD WAR 2 GLIDERS ASSTD DESIGNS"
13270.0,At Risk Customers,"GIRLS ALPHABET IRON ON PATCHES , WHITE HANGING HEART T-LIGHT HOLDER, ASSTD DESIGN BUBBLE GUM RING, LUNCH BAG  BLACK SKULL., WORLD WAR 2 GLIDERS ASSTD DESIGNS"
13272.0,Potential Customers,"WORLD WAR 2 GLIDERS ASSTD DESIGNS, ASSORTED COLOUR BIRD ORNAMENT, ASSORTED COLOURS SILK FAN, GIRLS ALPHABET IRON ON PATCHES , POPART WOODEN PENCILS ASST"
13273.0,Potential Customers,"WORLD WAR 2 GLIDERS ASSTD DESIGNS, ASSORTED COLOUR BIRD ORNAMENT, ASSORTED COLOURS SILK FAN, GIRLS ALPHABET IRON ON PATCHES , POPART WOODEN PENCILS ASST"
13274.0,At Risk Customers,"GIRLS ALPHABET IRON ON PATCHES , WHITE HANGING HEART T-LIGHT HOLDER, ASSTD DESIGN BUBBLE GUM RING, LUNCH BAG  BLACK SKULL., WORLD WAR 2 GLIDERS ASSTD DESIGNS"
13275.0,At Risk Customers,"GIRLS ALPHABET IRON ON PATCHES , WHITE HANGING HEART T-LIGHT HOLDER, ASSTD DESIGN BUBBLE GUM RING, LUNCH BAG  BLACK SKULL., WORLD WAR 2 GLIDERS ASSTD DESIGNS"
13279.0,Potential Customers,"WORLD WAR 2 GLIDERS ASSTD DESIGNS, ASSORTED COLOUR BIRD ORNAMENT, ASSORTED COLOURS SILK FAN, GIRLS ALPHABET IRON ON PATCHES , POPART WOODEN PENCILS ASST"
13281.0,At Risk Customers,"GIRLS ALPHABET IRON ON PATCHES , WHITE HANGING HEART T-LIGHT HOLDER, ASSTD DESIGN BUBBLE GUM RING, LUNCH BAG  BLACK SKULL., WORLD WAR 2 GLIDERS ASSTD DESIGNS"
13284.0,At Risk Customers,"GIRLS ALPHABET IRON ON PATCHES , WHITE HANGING HEART T-LIGHT HOLDER, ASSTD DESIGN BUBBLE GUM RING, LUNCH BAG  BLACK SKULL., WORLD WAR 2 GLIDERS ASSTD DESIGNS"
13286.0,At Risk Customers,"GIRLS ALPHABET IRON ON PATCHES , WHITE HANGING HEART T-LIGHT HOLDER, ASSTD DESIGN BUBBLE GUM RING, LUNCH BAG  BLACK SKULL., WORLD WAR 2 GLIDERS ASSTD DESIGNS"
13287.0,At Risk Customers,"GIRLS ALPHABET IRON ON PATCHES , WHITE HANGING HEART T-LIGHT HOLDER, ASSTD DESIGN BUBBLE GUM RING, LUNCH BAG  BLACK SKULL., WORLD WAR 2 GLIDERS ASSTD DESIGNS"
13288.0,At Risk Customers,"GIRLS ALPHABET IRON ON PATCHES , WHITE HANGING HEART T-LIGHT HOLDER, ASSTD DESIGN BUBBLE GUM RING, LUNCH BAG  BLACK SKULL., WORLD WAR 2 GLIDERS ASSTD DESIGNS"
13289.0,At Risk Customers,"GIRLS ALPHABET IRON ON PATCHES , WHITE HANGING HEART T-LIGHT HOLDER, ASSTD DESIGN BUBBLE GUM RING, LUNCH BAG  BLACK SKULL., WORLD WAR 2 GLIDERS ASSTD DESIGNS"
13290.0,At Risk Customers,"GIRLS ALPHABET IRON ON PATCHES , WHITE HANGING HEART T-LIGHT HOLDER, ASSTD DESIGN BUBBLE GUM RING, LUNCH BAG  BLACK SKULL., WORLD WAR 2 GLIDERS ASSTD DESIGNS"
13293.0,Loyal Customers,"SMALL CHINESE STYLE SCISSOR, BLACK AND WHITE PAISLEY FLOWER MUG, WHITE HANGING HEART T-LIGHT HOLDER, WORLD WAR 2 GLIDERS ASSTD DESIGNS, ASSORTED COLOUR BIRD ORNAMENT"
13294.0,Loyal Customers,"SMALL CHINESE STYLE SCISSOR, BLACK AND WHITE PAISLEY FLOWER MUG, WHITE HANGING HEART T-LIGHT HOLDER, WORLD WAR 2 GLIDERS ASSTD DESIGNS, ASSORTED COLOUR BIRD ORNAMENT"
13295.0,Loyal Customers,"SMALL CHINESE STYLE SCISSOR, BLACK AND WHITE PAISLEY FLOWER MUG, WHITE HANGING HEART T-LIGHT HOLDER, WORLD WAR 2 GLIDERS ASSTD DESIGNS, ASSORTED COLOUR BIRD ORNAMENT"
13296.0,Loyal Customers,"SMALL CHINESE STYLE SCISSOR, BLACK AND WHITE PAISLEY FLOWER MUG, WHITE HANGING HEART T-LIGHT HOLDER, WORLD WAR 2 GLIDERS ASSTD DESIGNS, ASSORTED COLOUR BIRD ORNAMENT"
13298.0,Potential Customers,"WORLD WAR 2 GLIDERS ASSTD DESIGNS, ASSORTED COLOUR BIRD ORNAMENT, ASSORTED COLOURS SILK FAN, GIRLS ALPHABET IRON ON PATCHES , POPART WOODEN PENCILS ASST"
13299.0,Loyal Customers,"SMALL CHINESE STYLE SCISSOR, BLACK AND WHITE PAISLEY FLOWER MUG, WHITE HANGING HEART T-LIGHT HOLDER, WORLD WAR 2 GLIDERS ASSTD DESIGNS, ASSORTED COLOUR BIRD ORNAMENT"
13300.0,Loyal Customers,"SMALL CHINESE STYLE SCISSOR, BLACK AND WHITE PAISLEY FLOWER MUG, WHITE HANGING HEART T-LIGHT HOLDER, WORLD WAR 2 GLIDERS ASSTD DESIGNS, ASSORTED COLOUR BIRD ORNAMENT"
13301.0,Loyal Customers,"SMALL CHINESE STYLE SCISSOR, BLACK AND WHITE PAISLEY FLOWER MUG, WHITE HANGING HEART T-LIGHT HOLDER, WORLD WAR 2 GLIDERS ASSTD DESIGNS, ASSORTED COLOUR BIRD ORNAMENT"
13302.0,Potential Customers,"WORLD WAR 2 GLIDERS ASSTD DESIGNS, ASSORTED COLOUR BIRD ORNAMENT, ASSORTED COLOURS SILK FAN, GIRLS ALPHABET IRON ON PATCHES , POPART WOODEN PENCILS ASST"
13303.0,At Risk Customers,"GIRLS ALPHABET IRON ON PATCHES , WHITE HANGING HEART T-LIGHT HOLDER, ASSTD DESIGN BUBBLE GUM RING, LUNCH BAG  BLACK SKULL., WORLD WAR 2 GLIDERS ASSTD DESIGNS"
13304.0,Loyal Customers,"SMALL CHINESE STYLE SCISSOR, BLACK AND WHITE PAISLEY FLOWER MUG, WHITE HANGING HEART T-LIGHT HOLDER, WORLD WAR 2 GLIDERS ASSTD DESIGNS, ASSORTED COLOUR BIRD ORNAMENT"
13306.0,At Risk Customers,"GIRLS ALPHABET IRON ON PATCHES , WHITE HANGING HEART T-LIGHT HOLDER, ASSTD DESIGN BUBBLE GUM RING, LUNCH BAG  BLACK SKULL., WORLD WAR 2 GLIDERS ASSTD DESIGNS"
13307.0,Potential Customers,"WORLD WAR 2 GLIDERS ASSTD DESIGNS, ASSORTED COLOUR BIRD ORNAMENT, ASSORTED COLOURS SILK FAN, GIRLS ALPHABET IRON ON PATCHES , POPART WOODEN PENCILS ASST"
13311.0,Potential Customers,"WORLD WAR 2 GLIDERS ASSTD DESIGNS, ASSORTED COLOUR BIRD ORNAMENT, ASSORTED COLOURS SILK FAN, GIRLS ALPHABET IRON ON PATCHES , POPART WOODEN PENCILS ASST"
13312.0,At Risk Customers,"GIRLS ALPHABET IRON ON PATCHES , WHITE HANGING HEART T-LIGHT HOLDER, ASSTD DESIGN BUBBLE GUM RING, LUNCH BAG  BLACK SKULL., WORLD WAR 2 GLIDERS ASSTD DESIGNS"
13315.0,At Risk Customers,"GIRLS ALPHABET IRON ON PATCHES , WHITE HANGING HEART T-LIGHT HOLDER, ASSTD DESIGN BUBBLE GUM RING, LUNCH BAG  BLACK SKULL., WORLD WAR 2 GLIDERS ASSTD DESIGNS"
13318.0,Potential Customers,"WORLD WAR 2 GLIDERS ASSTD DESIGNS, ASSORTED COLOUR BIRD ORNAMENT, ASSORTED COLOURS SILK FAN, GIRLS ALPHABET IRON ON PATCHES , POPART WOODEN PENCILS ASST"
13322.0,Potential Customers,"WORLD WAR 2 GLIDERS ASSTD DESIGNS, ASSORTED COLOUR BIRD ORNAMENT, ASSORTED COLOURS SILK FAN, GIRLS ALPHABET IRON ON PATCHES , POPART WOODEN PENCILS ASST"
13325.0,Potential Customers,"WORLD WAR 2 GLIDERS ASSTD DESIGNS, ASSORTED COLOUR BIRD ORNAMENT, ASSORTED COLOURS SILK FAN, GIRLS ALPHABET IRON ON PATCHES , POPART WOODEN PENCILS ASST"
13326.0,At Risk Customers,"GIRLS ALPHABET IRON ON PATCHES , WHITE HANGING HEART T-LIGHT HOLDER, ASSTD DESIGN BUBBLE GUM RING, LUNCH BAG  BLACK SKULL., WORLD WAR 2 GLIDERS ASSTD DESIGNS"
13328.0,At Risk Customers,"GIRLS ALPHABET IRON ON PATCHES , WHITE HANGING HEART T-LIGHT HOLDER, ASSTD DESIGN BUBBLE GUM RING, LUNCH BAG  BLACK SKULL., WORLD WAR 2 GLIDERS ASSTD DESIGNS"
13331.0,At Risk Customers,"GIRLS ALPHABET IRON ON PATCHES , WHITE HANGING HEART T-LIGHT HOLDER, ASSTD DESIGN BUBBLE GUM RING, LUNCH BAG  BLACK SKULL., WORLD WAR 2 GLIDERS ASSTD DESIGNS"
13332.0,Potential Customers,"WORLD WAR 2 GLIDERS ASSTD DESIGNS, ASSORTED COLOUR BIRD ORNAMENT, ASSORTED COLOURS SILK FAN, GIRLS ALPHABET IRON ON PATCHES , POPART WOODEN PENCILS ASST"
13333.0,At Risk Customers,"GIRLS ALPHABET IRON ON PATCHES , WHITE HANGING HEART T-LIGHT HOLDER, ASSTD DESIGN BUBBLE GUM RING, LUNCH BAG  BLACK SKULL., WORLD WAR 2 GLIDERS ASSTD DESIGNS"
13336.0,Potential Customers,"WORLD WAR 2 GLIDERS ASSTD DESIGNS, ASSORTED COLOUR BIRD ORNAMENT, ASSORTED COLOURS SILK FAN, GIRLS ALPHABET IRON ON PATCHES , POPART WOODEN PENCILS ASST"
13337.0,At Risk Customers,"GIRLS ALPHABET IRON ON PATCHES , WHITE HANGING HEART T-LIGHT HOLDER, ASSTD DESIGN BUBBLE GUM RING, LUNCH BAG  BLACK SKULL., WORLD WAR 2 GLIDERS ASSTD DESIGNS"
13339.0,Potential Customers,"WORLD WAR 2 GLIDERS ASSTD DESIGNS, ASSORTED COLOUR BIRD ORNAMENT, ASSORTED COLOURS SILK FAN, GIRLS ALPHABET IRON ON PATCHES , POPART WOODEN PENCILS ASST"
13341.0,Potential Customers,"WORLD WAR 2 GLIDERS ASSTD DESIGNS, ASSORTED COLOUR BIRD ORNAMENT, ASSORTED COLOURS SILK FAN, GIRLS ALPHABET IRON ON PATCHES , POPART WOODEN PENCILS ASST"
13343.0,Potential Customers,"WORLD WAR 2 GLIDERS ASSTD DESIGNS, ASSORTED COLOUR BIRD ORNAMENT, ASSORTED COLOURS SILK FAN, GIRLS ALPHABET IRON ON PATCHES , POPART WOODEN PENCILS ASST"
13344.0,Loyal Customers,"SMALL CHINESE STYLE SCISSOR, BLACK AND WHITE PAISLEY FLOWER MUG, WHITE HANGING HEART T-LIGHT HOLDER, WORLD WAR 2 GLIDERS ASSTD DESIGNS, ASSORTED COLOUR BIRD ORNAMENT"
13345.0,Potential Customers,"WORLD WAR 2 GLIDERS ASSTD DESIGNS, ASSORTED COLOUR BIRD ORNAMENT, ASSORTED COLOURS SILK FAN, GIRLS ALPHABET IRON ON PATCHES , POPART WOODEN PENCILS ASST"
13346.0,At Risk Customers,"GIRLS ALPHABET IRON ON PATCHES , WHITE HANGING HEART T-LIGHT HOLDER, ASSTD DESIGN BUBBLE GUM RING, LUNCH BAG  BLACK SKULL., WORLD WAR 2 GLIDERS ASSTD DESIGNS"
13347.0,Potential Customers,"WORLD WAR 2 GLIDERS ASSTD DESIGNS, ASSORTED COLOUR BIRD ORNAMENT, ASSORTED COLOURS SILK FAN, GIRLS ALPHABET IRON ON PATCHES , POPART WOODEN PENCILS ASST"
13348.0,Potential Customers,"WORLD WAR 2 GLIDERS ASSTD DESIGNS, ASSORTED COLOUR BIRD ORNAMENT, ASSORTED COLOURS SILK FAN, GIRLS ALPHABET IRON ON PATCHES , POPART WOODEN PENCILS ASST"
13349.0,Potential Customers,"WORLD WAR 2 GLIDERS ASSTD DESIGNS, ASSORTED COLOUR BIRD ORNAMENT, ASSORTED COLOURS SILK FAN, GIRLS ALPHABET IRON ON PATCHES , POPART WOODEN PENCILS ASST"
13351.0,Potential Customers,"WORLD WAR 2 GLIDERS ASSTD DESIGNS, ASSORTED COLOUR BIRD ORNAMENT, ASSORTED COLOURS SILK FAN, GIRLS ALPHABET IRON ON PATCHES , POPART WOODEN PENCILS ASST"
13352.0,Potential Customers,"WORLD WAR 2 GLIDERS ASSTD DESIGNS, ASSORTED COLOUR BIRD ORNAMENT, ASSORTED COLOURS SILK FAN, GIRLS ALPHABET IRON ON PATCHES , POPART WOODEN PENCILS ASST"
13354.0,Potential Customers,"WORLD WAR 2 GLIDERS ASSTD DESIGNS, ASSORTED COLOUR BIRD ORNAMENT, ASSORTED COLOURS SILK FAN, GIRLS ALPHABET IRON ON PATCHES , POPART WOODEN PENCILS ASST"
13355.0,Potential Customers,"WORLD WAR 2 GLIDERS ASSTD DESIGNS, ASSORTED COLOUR BIRD ORNAMENT, ASSORTED COLOURS SILK FAN, GIRLS ALPHABET IRON ON PATCHES , POPART WOODEN PENCILS ASST"
13356.0,Potential Customers,"WORLD WAR 2 GLIDERS ASSTD DESIGNS, ASSORTED COLOUR BIRD ORNAMENT, ASSORTED COLOURS SILK FAN, GIRLS ALPHABET IRON ON PATCHES , POPART WOODEN PENCILS ASST"
13357.0,Loyal Customers,"SMALL CHINESE STYLE SCISSOR, BLACK AND WHITE PAISLEY FLOWER MUG, WHITE HANGING HEART T-LIGHT HOLDER, WORLD WAR 2 GLIDERS ASSTD DESIGNS, ASSORTED COLOUR BIRD ORNAMENT"
13358.0,Potential Customers,"WORLD WAR 2 GLIDERS ASSTD DESIGNS, ASSORTED COLOUR BIRD ORNAMENT, ASSORTED COLOURS SILK FAN, GIRLS ALPHABET IRON ON PATCHES , POPART WOODEN PENCILS ASST"
13359.0,Potential Customers,"WORLD WAR 2 GLIDERS ASSTD DESIGNS, ASSORTED COLOUR BIRD ORNAMENT, ASSORTED COLOURS SILK FAN, GIRLS ALPHABET IRON ON PATCHES , POPART WOODEN PENCILS ASST"
13360.0,At Risk Customers,"GIRLS ALPHABET IRON ON PATCHES , WHITE HANGING HEART T-LIGHT HOLDER, ASSTD DESIGN BUBBLE GUM RING, LUNCH BAG  BLACK SKULL., WORLD WAR 2 GLIDERS ASSTD DESIGNS"
13361.0,At Risk Customers,"GIRLS ALPHABET IRON ON PATCHES , WHITE HANGING HEART T-LIGHT HOLDER, ASSTD DESIGN BUBBLE GUM RING, LUNCH BAG  BLACK SKULL., WORLD WAR 2 GLIDERS ASSTD DESIGNS"
13364.0,Potential Customers,"WORLD WAR 2 GLIDERS ASSTD DESIGNS, ASSORTED COLOUR BIRD ORNAMENT, ASSORTED COLOURS SILK FAN, GIRLS ALPHABET IRON ON PATCHES , POPART WOODEN PENCILS ASST"
13365.0,Loyal Customers,"SMALL CHINESE STYLE SCISSOR, BLACK AND WHITE PAISLEY FLOWER MUG, WHITE HANGING HEART T-LIGHT HOLDER, WORLD WAR 2 GLIDERS ASSTD DESIGNS, ASSORTED COLOUR BIRD ORNAMENT"
13366.0,Potential Customers,"WORLD WAR 2 GLIDERS ASSTD DESIGNS, ASSORTED COLOUR BIRD ORNAMENT, ASSORTED COLOURS SILK FAN, GIRLS ALPHABET IRON ON PATCHES , POPART WOODEN PENCILS ASST"
13367.0,At Risk Customers,"GIRLS ALPHABET IRON ON PATCHES , WHITE HANGING HEART T-LIGHT HOLDER, ASSTD DESIGN BUBBLE GUM RING, LUNCH BAG  BLACK SKULL., WORLD WAR 2 GLIDERS ASSTD DESIGNS"
13368.0,Loyal Customers,"SMALL CHINESE STYLE SCISSOR, BLACK AND WHITE PAISLEY FLOWER MUG, WHITE HANGING HEART T-LIGHT HOLDER, WORLD WAR 2 GLIDERS ASSTD DESIGNS, ASSORTED COLOUR BIRD ORNAMENT"
13369.0,At Risk Customers,"GIRLS ALPHABET IRON ON PATCHES , WHITE HANGING HEART T-LIGHT HOLDER, ASSTD DESIGN BUBBLE GUM RING, LUNCH BAG  BLACK SKULL., WORLD WAR 2 GLIDERS ASSTD DESIGNS"
13370.0,At Risk Customers,"GIRLS ALPHABET IRON ON PATCHES , WHITE HANGING HEART T-LIGHT HOLDER, ASSTD DESIGN BUBBLE GUM RING, LUNCH BAG  BLACK SKULL., WORLD WAR 2 GLIDERS ASSTD DESIGNS"
13371.0,At Risk Customers,"GIRLS ALPHABET IRON ON PATCHES , WHITE HANGING HEART T-LIGHT HOLDER, ASSTD DESIGN BUBBLE GUM RING, LUNCH BAG  BLACK SKULL., WORLD WAR 2 GLIDERS ASSTD DESIGNS"
13372.0,Potential Customers,"WORLD WAR 2 GLIDERS ASSTD DESIGNS, ASSORTED COLOUR BIRD ORNAMENT, ASSORTED COLOURS SILK FAN, GIRLS ALPHABET IRON ON PATCHES , POPART WOODEN PENCILS ASST"
13374.0,At Risk Customers,"GIRLS ALPHABET IRON ON PATCHES , WHITE HANGING HEART T-LIGHT HOLDER, ASSTD DESIGN BUBBLE GUM RING, LUNCH BAG  BLACK SKULL., WORLD WAR 2 GLIDERS ASSTD DESIGNS"
13376.0,Loyal Customers,"SMALL CHINESE STYLE SCISSOR, BLACK AND WHITE PAISLEY FLOWER MUG, WHITE HANGING HEART T-LIGHT HOLDER, WORLD WAR 2 GLIDERS ASSTD DESIGNS, ASSORTED COLOUR BIRD ORNAMENT"
13377.0,At Risk Customers,"GIRLS ALPHABET IRON ON PATCHES , WHITE HANGING HEART T-LIGHT HOLDER, ASSTD DESIGN BUBBLE GUM RING, LUNCH BAG  BLACK SKULL., WORLD WAR 2 GLIDERS ASSTD DESIGNS"
13379.0,Potential Customers,"WORLD WAR 2 GLIDERS ASSTD DESIGNS, ASSORTED COLOUR BIRD ORNAMENT, ASSORTED COLOURS SILK FAN, GIRLS ALPHABET IRON ON PATCHES , POPART WOODEN PENCILS ASST"
13380.0,At Risk Customers,"GIRLS ALPHABET IRON ON PATCHES , WHITE HANGING HEART T-LIGHT HOLDER, ASSTD DESIGN BUBBLE GUM RING, LUNCH BAG  BLACK SKULL., WORLD WAR 2 GLIDERS ASSTD DESIGNS"
13382.0,Loyal Customers,"SMALL CHINESE STYLE SCISSOR, BLACK AND WHITE PAISLEY FLOWER MUG, WHITE HANGING HEART T-LIGHT HOLDER, WORLD WAR 2 GLIDERS ASSTD DESIGNS, ASSORTED COLOUR BIRD ORNAMENT"
13383.0,At Risk Customers,"GIRLS ALPHABET IRON ON PATCHES , WHITE HANGING HEART T-LIGHT HOLDER, ASSTD DESIGN BUBBLE GUM RING, LUNCH BAG  BLACK SKULL., WORLD WAR 2 GLIDERS ASSTD DESIGNS"
13385.0,At Risk Customers,"GIRLS ALPHABET IRON ON PATCHES , WHITE HANGING HEART T-LIGHT HOLDER, ASSTD DESIGN BUBBLE GUM RING, LUNCH BAG  BLACK SKULL., WORLD WAR 2 GLIDERS ASSTD DESIGNS"
13386.0,At Risk Customers,"GIRLS ALPHABET IRON ON PATCHES , WHITE HANGING HEART T-LIGHT HOLDER, ASSTD DESIGN BUBBLE GUM RING, LUNCH BAG  BLACK SKULL., WORLD WAR 2 GLIDERS ASSTD DESIGNS"
13387.0,At Risk Customers,"GIRLS ALPHABET IRON ON PATCHES , WHITE HANGING HEART T-LIGHT HOLDER, ASSTD DESIGN BUBBLE GUM RING, LUNCH BAG  BLACK SKULL., WORLD WAR 2 GLIDERS ASSTD DESIGNS"
13388.0,Loyal Customers,"SMALL CHINESE STYLE SCISSOR, BLACK AND WHITE PAISLEY FLOWER MUG, WHITE HANGING HEART T-LIGHT HOLDER, WORLD WAR 2 GLIDERS ASSTD DESIGNS, ASSORTED COLOUR BIRD ORNAMENT"
13389.0,Potential Customers,"WORLD WAR 2 GLIDERS ASSTD DESIGNS, ASSORTED COLOUR BIRD ORNAMENT, ASSORTED COLOURS SILK FAN, GIRLS ALPHABET IRON ON PATCHES , POPART WOODEN PENCILS ASST"
13390.0,Potential Customers,"WORLD WAR 2 GLIDERS ASSTD DESIGNS, ASSORTED COLOUR BIRD ORNAMENT, ASSORTED COLOURS SILK FAN, GIRLS ALPHABET IRON ON PATCHES , POPART WOODEN PENCILS ASST"
13391.0,Potential Customers,"WORLD WAR 2 GLIDERS ASSTD DESIGNS, ASSORTED COLOUR BIRD ORNAMENT, ASSORTED COLOURS SILK FAN, GIRLS ALPHABET IRON ON PATCHES , POPART WOODEN PENCILS ASST"
13392.0,At Risk Customers,"GIRLS ALPHABET IRON ON PATCHES , WHITE HANGING HEART T-LIGHT HOLDER, ASSTD DESIGN BUBBLE GUM RING, LUNCH BAG  BLACK SKULL., WORLD WAR 2 GLIDERS ASSTD DESIGNS"
13393.0,At Risk Customers,"GIRLS ALPHABET IRON ON PATCHES , WHITE HANGING HEART T-LIGHT HOLDER, ASSTD DESIGN BUBBLE GUM RING, LUNCH BAG  BLACK SKULL., WORLD WAR 2 GLIDERS ASSTD DESIGNS"
13395.0,Loyal Customers,"SMALL CHINESE STYLE SCISSOR, BLACK AND WHITE PAISLEY FLOWER MUG, WHITE HANGING HEART T-LIGHT HOLDER, WORLD WAR 2 GLIDERS ASSTD DESIGNS, ASSORTED COLOUR BIRD ORNAMENT"
13396.0,Potential Customers,"WORLD WAR 2 GLIDERS ASSTD DESIGNS, ASSORTED COLOUR BIRD ORNAMENT, ASSORTED COLOURS SILK FAN, GIRLS ALPHABET IRON ON PATCHES , POPART WOODEN PENCILS ASST"
13398.0,Potential Customers,"WORLD WAR 2 GLIDERS ASSTD DESIGNS, ASSORTED COLOUR BIRD ORNAMENT, ASSORTED COLOURS SILK FAN, GIRLS ALPHABET IRON ON PATCHES , POPART WOODEN PENCILS ASST"
13399.0,At Risk Customers,"GIRLS ALPHABET IRON ON PATCHES , WHITE HANGING HEART T-LIGHT HOLDER, ASSTD DESIGN BUBBLE GUM RING, LUNCH BAG  BLACK SKULL., WORLD WAR 2 GLIDERS ASSTD DESIGNS"
13400.0,At Risk Customers,"GIRLS ALPHABET IRON ON PATCHES , WHITE HANGING HEART T-LIGHT HOLDER, ASSTD DESIGN BUBBLE GUM RING, LUNCH BAG  BLACK SKULL., WORLD WAR 2 GLIDERS ASSTD DESIGNS"
13402.0,Loyal Customers,"SMALL CHINESE STYLE SCISSOR, BLACK AND WHITE PAISLEY FLOWER MUG, WHITE HANGING HEART T-LIGHT HOLDER, WORLD WAR 2 GLIDERS ASSTD DESIGNS, ASSORTED COLOUR BIRD ORNAMENT"
13404.0,Potential Customers,"WORLD WAR 2 GLIDERS ASSTD DESIGNS, ASSORTED COLOUR BIRD ORNAMENT, ASSORTED COLOURS SILK FAN, GIRLS ALPHABET IRON ON PATCHES , POPART WOODEN PENCILS ASST"
13406.0,At Risk Customers,"GIRLS ALPHABET IRON ON PATCHES , WHITE HANGING HEART T-LIGHT HOLDER, ASSTD DESIGN BUBBLE GUM RING, LUNCH BAG  BLACK SKULL., WORLD WAR 2 GLIDERS ASSTD DESIGNS"
13407.0,At Risk Customers,"GIRLS ALPHABET IRON ON PATCHES , WHITE HANGING HEART T-LIGHT HOLDER, ASSTD DESIGN BUBBLE GUM RING, LUNCH BAG  BLACK SKULL., WORLD WAR 2 GLIDERS ASSTD DESIGNS"
13411.0,Potential Customers,"WORLD WAR 2 GLIDERS ASSTD DESIGNS, ASSORTED COLOUR BIRD ORNAMENT, ASSORTED COLOURS SILK FAN, GIRLS ALPHABET IRON ON PATCHES , POPART WOODEN PENCILS ASST"
13412.0,At Risk Customers,"GIRLS ALPHABET IRON ON PATCHES , WHITE HANGING HEART T-LIGHT HOLDER, ASSTD DESIGN BUBBLE GUM RING, LUNCH BAG  BLACK SKULL., WORLD WAR 2 GLIDERS ASSTD DESIGNS"
13413.0,At Risk Customers,"GIRLS ALPHABET IRON ON PATCHES , WHITE HANGING HEART T-LIGHT HOLDER, ASSTD DESIGN BUBBLE GUM RING, LUNCH BAG  BLACK SKULL., WORLD WAR 2 GLIDERS ASSTD DESIGNS"
13414.0,Loyal Customers,"SMALL CHINESE STYLE SCISSOR, BLACK AND WHITE PAISLEY FLOWER MUG, WHITE HANGING HEART T-LIGHT HOLDER, WORLD WAR 2 GLIDERS ASSTD DESIGNS, ASSORTED COLOUR BIRD ORNAMENT"
13415.0,At Risk Customers,"GIRLS ALPHABET IRON ON PATCHES , WHITE HANGING HEART T-LIGHT HOLDER, ASSTD DESIGN BUBBLE GUM RING, LUNCH BAG  BLACK SKULL., WORLD WAR 2 GLIDERS ASSTD DESIGNS"
13419.0,Potential Customers,"WORLD WAR 2 GLIDERS ASSTD DESIGNS, ASSORTED COLOUR BIRD ORNAMENT, ASSORTED COLOURS SILK FAN, GIRLS ALPHABET IRON ON PATCHES , POPART WOODEN PENCILS ASST"
13420.0,Potential Customers,"WORLD WAR 2 GLIDERS ASSTD DESIGNS, ASSORTED COLOUR BIRD ORNAMENT, ASSORTED COLOURS SILK FAN, GIRLS ALPHABET IRON ON PATCHES , POPART WOODEN PENCILS ASST"
13422.0,Potential Customers,"WORLD WAR 2 GLIDERS ASSTD DESIGNS, ASSORTED COLOUR BIRD ORNAMENT, ASSORTED COLOURS SILK FAN, GIRLS ALPHABET IRON ON PATCHES , POPART WOODEN PENCILS ASST"
13423.0,At Risk Customers,"GIRLS ALPHABET IRON ON PATCHES , WHITE HANGING HEART T-LIGHT HOLDER, ASSTD DESIGN BUBBLE GUM RING, LUNCH BAG  BLACK SKULL., WORLD WAR 2 GLIDERS ASSTD DESIGNS"
13424.0,At Risk Customers,"GIRLS ALPHABET IRON ON PATCHES , WHITE HANGING HEART T-LIGHT HOLDER, ASSTD DESIGN BUBBLE GUM RING, LUNCH BAG  BLACK SKULL., WORLD WAR 2 GLIDERS ASSTD DESIGNS"
13425.0,Loyal Customers,"SMALL CHINESE STYLE SCISSOR, BLACK AND WHITE PAISLEY FLOWER MUG, WHITE HANGING HEART T-LIGHT HOLDER, WORLD WAR 2 GLIDERS ASSTD DESIGNS, ASSORTED COLOUR BIRD ORNAMENT"
13432.0,At Risk Customers,"GIRLS ALPHABET IRON ON PATCHES , WHITE HANGING HEART T-LIGHT HOLDER, ASSTD DESIGN BUBBLE GUM RING, LUNCH BAG  BLACK SKULL., WORLD WAR 2 GLIDERS ASSTD DESIGNS"
13433.0,At Risk Customers,"GIRLS ALPHABET IRON ON PATCHES , WHITE HANGING HEART T-LIGHT HOLDER, ASSTD DESIGN BUBBLE GUM RING, LUNCH BAG  BLACK SKULL., WORLD WAR 2 GLIDERS ASSTD DESIGNS"
13436.0,Potential Customers,"WORLD WAR 2 GLIDERS ASSTD DESIGNS, ASSORTED COLOUR BIRD ORNAMENT, ASSORTED COLOURS SILK FAN, GIRLS ALPHABET IRON ON PATCHES , POPART WOODEN PENCILS ASST"
13438.0,At Risk Customers,"GIRLS ALPHABET IRON ON PATCHES , WHITE HANGING HEART T-LIGHT HOLDER, ASSTD DESIGN BUBBLE GUM RING, LUNCH BAG  BLACK SKULL., WORLD WAR 2 GLIDERS ASSTD DESIGNS"
13439.0,Loyal Customers,"SMALL CHINESE STYLE SCISSOR, BLACK AND WHITE PAISLEY FLOWER MUG, WHITE HANGING HEART T-LIGHT HOLDER, WORLD WAR 2 GLIDERS ASSTD DESIGNS, ASSORTED COLOUR BIRD ORNAMENT"
13441.0,Potential Customers,"WORLD WAR 2 GLIDERS ASSTD DESIGNS, ASSORTED COLOUR BIRD ORNAMENT, ASSORTED COLOURS SILK FAN, GIRLS ALPHABET IRON ON PATCHES , POPART WOODEN PENCILS ASST"
13442.0,At Risk Customers,"GIRLS ALPHABET IRON ON PATCHES , WHITE HANGING HEART T-LIGHT HOLDER, ASSTD DESIGN BUBBLE GUM RING, LUNCH BAG  BLACK SKULL., WORLD WAR 2 GLIDERS ASSTD DESIGNS"
13443.0,At Risk Customers,"GIRLS ALPHABET IRON ON PATCHES , WHITE HANGING HEART T-LIGHT HOLDER, ASSTD DESIGN BUBBLE GUM RING, LUNCH BAG  BLACK SKULL., WORLD WAR 2 GLIDERS ASSTD DESIGNS"
13444.0,At Risk Customers,"GIRLS ALPHABET IRON ON PATCHES , WHITE HANGING HEART T-LIGHT HOLDER, ASSTD DESIGN BUBBLE GUM RING, LUNCH BAG  BLACK SKULL., WORLD WAR 2 GLIDERS ASSTD DESIGNS"
13445.0,At Risk Customers,"GIRLS ALPHABET IRON ON PATCHES , WHITE HANGING HEART T-LIGHT HOLDER, ASSTD DESIGN BUBBLE GUM RING, LUNCH BAG  BLACK SKULL., WORLD WAR 2 GLIDERS ASSTD DESIGNS"
13449.0,Potential Customers,"WORLD WAR 2 GLIDERS ASSTD DESIGNS, ASSORTED COLOUR BIRD ORNAMENT, ASSORTED COLOURS SILK FAN, GIRLS ALPHABET IRON ON PATCHES , POPART WOODEN PENCILS ASST"
13452.0,Potential Customers,"WORLD WAR 2 GLIDERS ASSTD DESIGNS, ASSORTED COLOUR BIRD ORNAMENT, ASSORTED COLOURS SILK FAN, GIRLS ALPHABET IRON ON PATCHES , POPART WOODEN PENCILS ASST"
13453.0,Potential Customers,"WORLD WAR 2 GLIDERS ASSTD DESIGNS, ASSORTED COLOUR BIRD ORNAMENT, ASSORTED COLOURS SILK FAN, GIRLS ALPHABET IRON ON PATCHES , POPART WOODEN PENCILS ASST"
13454.0,At Risk Customers,"GIRLS ALPHABET IRON ON PATCHES , WHITE HANGING HEART T-LIGHT HOLDER, ASSTD DESIGN BUBBLE GUM RING, LUNCH BAG  BLACK SKULL., WORLD WAR 2 GLIDERS ASSTD DESIGNS"
13457.0,At Risk Customers,"GIRLS ALPHABET IRON ON PATCHES , WHITE HANGING HEART T-LIGHT HOLDER, ASSTD DESIGN BUBBLE GUM RING, LUNCH BAG  BLACK SKULL., WORLD WAR 2 GLIDERS ASSTD DESIGNS"
13459.0,At Risk Customers,"GIRLS ALPHABET IRON ON PATCHES , WHITE HANGING HEART T-LIGHT HOLDER, ASSTD DESIGN BUBBLE GUM RING, LUNCH BAG  BLACK SKULL., WORLD WAR 2 GLIDERS ASSTD DESIGNS"
13462.0,Loyal Customers,"SMALL CHINESE STYLE SCISSOR, BLACK AND WHITE PAISLEY FLOWER MUG, WHITE HANGING HEART T-LIGHT HOLDER, WORLD WAR 2 GLIDERS ASSTD DESIGNS, ASSORTED COLOUR BIRD ORNAMENT"
13465.0,At Risk Customers,"GIRLS ALPHABET IRON ON PATCHES , WHITE HANGING HEART T-LIGHT HOLDER, ASSTD DESIGN BUBBLE GUM RING, LUNCH BAG  BLACK SKULL., WORLD WAR 2 GLIDERS ASSTD DESIGNS"
13466.0,Loyal Customers,"SMALL CHINESE STYLE SCISSOR, BLACK AND WHITE PAISLEY FLOWER MUG, WHITE HANGING HEART T-LIGHT HOLDER, WORLD WAR 2 GLIDERS ASSTD DESIGNS, ASSORTED COLOUR BIRD ORNAMENT"
13469.0,At Risk Customers,"GIRLS ALPHABET IRON ON PATCHES , WHITE HANGING HEART T-LIGHT HOLDER, ASSTD DESIGN BUBBLE GUM RING, LUNCH BAG  BLACK SKULL., WORLD WAR 2 GLIDERS ASSTD DESIGNS"
13470.0,Potential Customers,"WORLD WAR 2 GLIDERS ASSTD DESIGNS, ASSORTED COLOUR BIRD ORNAMENT, ASSORTED COLOURS SILK FAN, GIRLS ALPHABET IRON ON PATCHES , POPART WOODEN PENCILS ASST"
13472.0,At Risk Customers,"GIRLS ALPHABET IRON ON PATCHES , WHITE HANGING HEART T-LIGHT HOLDER, ASSTD DESIGN BUBBLE GUM RING, LUNCH BAG  BLACK SKULL., WORLD WAR 2 GLIDERS ASSTD DESIGNS"
13474.0,Potential Customers,"WORLD WAR 2 GLIDERS ASSTD DESIGNS, ASSORTED COLOUR BIRD ORNAMENT, ASSORTED COLOURS SILK FAN, GIRLS ALPHABET IRON ON PATCHES , POPART WOODEN PENCILS ASST"
13475.0,Loyal Customers,"SMALL CHINESE STYLE SCISSOR, BLACK AND WHITE PAISLEY FLOWER MUG, WHITE HANGING HEART T-LIGHT HOLDER, WORLD WAR 2 GLIDERS ASSTD DESIGNS, ASSORTED COLOUR BIRD ORNAMENT"
13476.0,Loyal Customers,"SMALL CHINESE STYLE SCISSOR, BLACK AND WHITE PAISLEY FLOWER MUG, WHITE HANGING HEART T-LIGHT HOLDER, WORLD WAR 2 GLIDERS ASSTD DESIGNS, ASSORTED COLOUR BIRD ORNAMENT"
13479.0,Loyal Customers,"SMALL CHINESE STYLE SCISSOR, BLACK AND WHITE PAISLEY FLOWER MUG, WHITE HANGING HEART T-LIGHT HOLDER, WORLD WAR 2 GLIDERS ASSTD DESIGNS, ASSORTED COLOUR BIRD ORNAMENT"
13480.0,At Risk Customers,"GIRLS ALPHABET IRON ON PATCHES , WHITE HANGING HEART T-LIGHT HOLDER, ASSTD DESIGN BUBBLE GUM RING, LUNCH BAG  BLACK SKULL., WORLD WAR 2 GLIDERS ASSTD DESIGNS"
13483.0,Potential Customers,"WORLD WAR 2 GLIDERS ASSTD DESIGNS, ASSORTED COLOUR BIRD ORNAMENT, ASSORTED COLOURS SILK FAN, GIRLS ALPHABET IRON ON PATCHES , POPART WOODEN PENCILS ASST"
13484.0,Potential Customers,"WORLD WAR 2 GLIDERS ASSTD DESIGNS, ASSORTED COLOUR BIRD ORNAMENT, ASSORTED COLOURS SILK FAN, GIRLS ALPHABET IRON ON PATCHES , POPART WOODEN PENCILS ASST"
13489.0,Potential Customers,"WORLD WAR 2 GLIDERS ASSTD DESIGNS, ASSORTED COLOUR BIRD ORNAMENT, ASSORTED COLOURS SILK FAN, GIRLS ALPHABET IRON ON PATCHES , POPART WOODEN PENCILS ASST"
13490.0,At Risk Customers,"GIRLS ALPHABET IRON ON PATCHES , WHITE HANGING HEART T-LIGHT HOLDER, ASSTD DESIGN BUBBLE GUM RING, LUNCH BAG  BLACK SKULL., WORLD WAR 2 GLIDERS ASSTD DESIGNS"
13492.0,Loyal Customers,"SMALL CHINESE STYLE SCISSOR, BLACK AND WHITE PAISLEY FLOWER MUG, WHITE HANGING HEART T-LIGHT HOLDER, WORLD WAR 2 GLIDERS ASSTD DESIGNS, ASSORTED COLOUR BIRD ORNAMENT"
13493.0,Potential Customers,"WORLD WAR 2 GLIDERS ASSTD DESIGNS, ASSORTED COLOUR BIRD ORNAMENT, ASSORTED COLOURS SILK FAN, GIRLS ALPHABET IRON ON PATCHES , POPART WOODEN PENCILS ASST"
13494.0,At Risk Customers,"GIRLS ALPHABET IRON ON PATCHES , WHITE HANGING HEART T-LIGHT HOLDER, ASSTD DESIGN BUBBLE GUM RING, LUNCH BAG  BLACK SKULL., WORLD WAR 2 GLIDERS ASSTD DESIGNS"
13497.0,Loyal Customers,"SMALL CHINESE STYLE SCISSOR, BLACK AND WHITE PAISLEY FLOWER MUG, WHITE HANGING HEART T-LIGHT HOLDER, WORLD WAR 2 GLIDERS ASSTD DESIGNS, ASSORTED COLOUR BIRD ORNAMENT"
13498.0,At Risk Customers,"GIRLS ALPHABET IRON ON PATCHES , WHITE HANGING HEART T-LIGHT HOLDER, ASSTD DESIGN BUBBLE GUM RING, LUNCH BAG  BLACK SKULL., WORLD WAR 2 GLIDERS ASSTD DESIGNS"
13501.0,Loyal Customers,"SMALL CHINESE STYLE SCISSOR, BLACK AND WHITE PAISLEY FLOWER MUG, WHITE HANGING HEART T-LIGHT HOLDER, WORLD WAR 2 GLIDERS ASSTD DESIGNS, ASSORTED COLOUR BIRD ORNAMENT"
13504.0,Potential Customers,"WORLD WAR 2 GLIDERS ASSTD DESIGNS, ASSORTED COLOUR BIRD ORNAMENT, ASSORTED COLOURS SILK FAN, GIRLS ALPHABET IRON ON PATCHES , POPART WOODEN PENCILS ASST"
13508.0,Potential Customers,"WORLD WAR 2 GLIDERS ASSTD DESIGNS, ASSORTED COLOUR BIRD ORNAMENT, ASSORTED COLOURS SILK FAN, GIRLS ALPHABET IRON ON PATCHES , POPART WOODEN PENCILS ASST"
13511.0,At Risk Customers,"GIRLS ALPHABET IRON ON PATCHES , WHITE HANGING HEART T-LIGHT HOLDER, ASSTD DESIGN BUBBLE GUM RING, LUNCH BAG  BLACK SKULL., WORLD WAR 2 GLIDERS ASSTD DESIGNS"
13512.0,Loyal Customers,"SMALL CHINESE STYLE SCISSOR, BLACK AND WHITE PAISLEY FLOWER MUG, WHITE HANGING HEART T-LIGHT HOLDER, WORLD WAR 2 GLIDERS ASSTD DESIGNS, ASSORTED COLOUR BIRD ORNAMENT"
13518.0,Potential Customers,"WORLD WAR 2 GLIDERS ASSTD DESIGNS, ASSORTED COLOUR BIRD ORNAMENT, ASSORTED COLOURS SILK FAN, GIRLS ALPHABET IRON ON PATCHES , POPART WOODEN PENCILS ASST"
13522.0,Potential Customers,"WORLD WAR 2 GLIDERS ASSTD DESIGNS, ASSORTED COLOUR BIRD ORNAMENT, ASSORTED COLOURS SILK FAN, GIRLS ALPHABET IRON ON PATCHES , POPART WOODEN PENCILS ASST"
13524.0,Loyal Customers,"SMALL CHINESE STYLE SCISSOR, BLACK AND WHITE PAISLEY FLOWER MUG, WHITE HANGING HEART T-LIGHT HOLDER, WORLD WAR 2 GLIDERS ASSTD DESIGNS, ASSORTED COLOUR BIRD ORNAMENT"
13525.0,Potential Customers,"WORLD WAR 2 GLIDERS ASSTD DESIGNS, ASSORTED COLOUR BIRD ORNAMENT, ASSORTED COLOURS SILK FAN, GIRLS ALPHABET IRON ON PATCHES , POPART WOODEN PENCILS ASST"
13526.0,At Risk Customers,"GIRLS ALPHABET IRON ON PATCHES , WHITE HANGING HEART T-LIGHT HOLDER, ASSTD DESIGN BUBBLE GUM RING, LUNCH BAG  BLACK SKULL., WORLD WAR 2 GLIDERS ASSTD DESIGNS"
13529.0,Potential Customers,"WORLD WAR 2 GLIDERS ASSTD DESIGNS, ASSORTED COLOUR BIRD ORNAMENT, ASSORTED COLOURS SILK FAN, GIRLS ALPHABET IRON ON PATCHES , POPART WOODEN PENCILS ASST"
13530.0,At Risk Customers,"GIRLS ALPHABET IRON ON PATCHES , WHITE HANGING HEART T-LIGHT HOLDER, ASSTD DESIGN BUBBLE GUM RING, LUNCH BAG  BLACK SKULL., WORLD WAR 2 GLIDERS ASSTD DESIGNS"
13532.0,Potential Customers,"WORLD WAR 2 GLIDERS ASSTD DESIGNS, ASSORTED COLOUR BIRD ORNAMENT, ASSORTED COLOURS SILK FAN, GIRLS ALPHABET IRON ON PATCHES , POPART WOODEN PENCILS ASST"
13533.0,Potential Customers,"WORLD WAR 2 GLIDERS ASSTD DESIGNS, ASSORTED COLOUR BIRD ORNAMENT, ASSORTED COLOURS SILK FAN, GIRLS ALPHABET IRON ON PATCHES , POPART WOODEN PENCILS ASST"
13535.0,At Risk Customers,"GIRLS ALPHABET IRON ON PATCHES , WHITE HANGING HEART T-LIGHT HOLDER, ASSTD DESIGN BUBBLE GUM RING, LUNCH BAG  BLACK SKULL., WORLD WAR 2 GLIDERS ASSTD DESIGNS"
13537.0,At Risk Customers,"GIRLS ALPHABET IRON ON PATCHES , WHITE HANGING HEART T-LIGHT HOLDER, ASSTD DESIGN BUBBLE GUM RING, LUNCH BAG  BLACK SKULL., WORLD WAR 2 GLIDERS ASSTD DESIGNS"
13540.0,At Risk Customers,"GIRLS ALPHABET IRON ON PATCHES , WHITE HANGING HEART T-LIGHT HOLDER, ASSTD DESIGN BUBBLE GUM RING, LUNCH BAG  BLACK SKULL., WORLD WAR 2 GLIDERS ASSTD DESIGNS"
13541.0,At Risk Customers,"GIRLS ALPHABET IRON ON PATCHES , WHITE HANGING HEART T-LIGHT HOLDER, ASSTD DESIGN BUBBLE GUM RING, LUNCH BAG  BLACK SKULL., WORLD WAR 2 GLIDERS ASSTD DESIGNS"
13542.0,Champions,"WORLD WAR 2 GLIDERS ASSTD DESIGNS, PAPER CRAFT , LITTLE BIRDIE, MEDIUM CERAMIC TOP STORAGE JAR, WHITE HANGING HEART T-LIGHT HOLDER, JUMBO BAG RED RETROSPOT"
13543.0,At Risk Customers,"GIRLS ALPHABET IRON ON PATCHES , WHITE HANGING HEART T-LIGHT HOLDER, ASSTD DESIGN BUBBLE GUM RING, LUNCH BAG  BLACK SKULL., WORLD WAR 2 GLIDERS ASSTD DESIGNS"
13545.0,At Risk Customers,"GIRLS ALPHABET IRON ON PATCHES , WHITE HANGING HEART T-LIGHT HOLDER, ASSTD DESIGN BUBBLE GUM RING, LUNCH BAG  BLACK SKULL., WORLD WAR 2 GLIDERS ASSTD DESIGNS"
13547.0,At Risk Customers,"GIRLS ALPHABET IRON ON PATCHES , WHITE HANGING HEART T-LIGHT HOLDER, ASSTD DESIGN BUBBLE GUM RING, LUNCH BAG  BLACK SKULL., WORLD WAR 2 GLIDERS ASSTD DESIGNS"
13550.0,At Risk Customers,"GIRLS ALPHABET IRON ON PATCHES , WHITE HANGING HEART T-LIGHT HOLDER, ASSTD DESIGN BUBBLE GUM RING, LUNCH BAG  BLACK SKULL., WORLD WAR 2 GLIDERS ASSTD DESIGNS"
13551.0,At Risk Customers,"GIRLS ALPHABET IRON ON PATCHES , WHITE HANGING HEART T-LIGHT HOLDER, ASSTD DESIGN BUBBLE GUM RING, LUNCH BAG  BLACK SKULL., WORLD WAR 2 GLIDERS ASSTD DESIGNS"
13553.0,At Risk Customers,"GIRLS ALPHABET IRON ON PATCHES , WHITE HANGING HEART T-LIGHT HOLDER, ASSTD DESIGN BUBBLE GUM RING, LUNCH BAG  BLACK SKULL., WORLD WAR 2 GLIDERS ASSTD DESIGNS"
13554.0,Loyal Customers,"SMALL CHINESE STYLE SCISSOR, BLACK AND WHITE PAISLEY FLOWER MUG, WHITE HANGING HEART T-LIGHT HOLDER, WORLD WAR 2 GLIDERS ASSTD DESIGNS, ASSORTED COLOUR BIRD ORNAMENT"
13556.0,At Risk Customers,"GIRLS ALPHABET IRON ON PATCHES , WHITE HANGING HEART T-LIGHT HOLDER, ASSTD DESIGN BUBBLE GUM RING, LUNCH BAG  BLACK SKULL., WORLD WAR 2 GLIDERS ASSTD DESIGNS"
13559.0,At Risk Customers,"GIRLS ALPHABET IRON ON PATCHES , WHITE HANGING HEART T-LIGHT HOLDER, ASSTD DESIGN BUBBLE GUM RING, LUNCH BAG  BLACK SKULL., WORLD WAR 2 GLIDERS ASSTD DESIGNS"
13560.0,Potential Customers,"WORLD WAR 2 GLIDERS ASSTD DESIGNS, ASSORTED COLOUR BIRD ORNAMENT, ASSORTED COLOURS SILK FAN, GIRLS ALPHABET IRON ON PATCHES , POPART WOODEN PENCILS ASST"
13564.0,Champions,"WORLD WAR 2 GLIDERS ASSTD DESIGNS, PAPER CRAFT , LITTLE BIRDIE, MEDIUM CERAMIC TOP STORAGE JAR, WHITE HANGING HEART T-LIGHT HOLDER, JUMBO BAG RED RETROSPOT"
13567.0,At Risk Customers,"GIRLS ALPHABET IRON ON PATCHES , WHITE HANGING HEART T-LIGHT HOLDER, ASSTD DESIGN BUBBLE GUM RING, LUNCH BAG  BLACK SKULL., WORLD WAR 2 GLIDERS ASSTD DESIGNS"
13568.0,Potential Customers,"WORLD WAR 2 GLIDERS ASSTD DESIGNS, ASSORTED COLOUR BIRD ORNAMENT, ASSORTED COLOURS SILK FAN, GIRLS ALPHABET IRON ON PATCHES , POPART WOODEN PENCILS ASST"
13570.0,Potential Customers,"WORLD WAR 2 GLIDERS ASSTD DESIGNS, ASSORTED COLOUR BIRD ORNAMENT, ASSORTED COLOURS SILK FAN, GIRLS ALPHABET IRON ON PATCHES , POPART WOODEN PENCILS ASST"
13572.0,Potential Customers,"WORLD WAR 2 GLIDERS ASSTD DESIGNS, ASSORTED COLOUR BIRD ORNAMENT, ASSORTED COLOURS SILK FAN, GIRLS ALPHABET IRON ON PATCHES , POPART WOODEN PENCILS ASST"
13574.0,At Risk Customers,"GIRLS ALPHABET IRON ON PATCHES , WHITE HANGING HEART T-LIGHT HOLDER, ASSTD DESIGN BUBBLE GUM RING, LUNCH BAG  BLACK SKULL., WORLD WAR 2 GLIDERS ASSTD DESIGNS"
13575.0,Loyal Customers,"SMALL CHINESE STYLE SCISSOR, BLACK AND WHITE PAISLEY FLOWER MUG, WHITE HANGING HEART T-LIGHT HOLDER, WORLD WAR 2 GLIDERS ASSTD DESIGNS, ASSORTED COLOUR BIRD ORNAMENT"
13578.0,At Risk Customers,"GIRLS ALPHABET IRON ON PATCHES , WHITE HANGING HEART T-LIGHT HOLDER, ASSTD DESIGN BUBBLE GUM RING, LUNCH BAG  BLACK SKULL., WORLD WAR 2 GLIDERS ASSTD DESIGNS"
13580.0,At Risk Customers,"GIRLS ALPHABET IRON ON PATCHES , WHITE HANGING HEART T-LIGHT HOLDER, ASSTD DESIGN BUBBLE GUM RING, LUNCH BAG  BLACK SKULL., WORLD WAR 2 GLIDERS ASSTD DESIGNS"
13581.0,At Risk Customers,"GIRLS ALPHABET IRON ON PATCHES , WHITE HANGING HEART T-LIGHT HOLDER, ASSTD DESIGN BUBBLE GUM RING, LUNCH BAG  BLACK SKULL., WORLD WAR 2 GLIDERS ASSTD DESIGNS"
13582.0,At Risk Customers,"GIRLS ALPHABET IRON ON PATCHES , WHITE HANGING HEART T-LIGHT HOLDER, ASSTD DESIGN BUBBLE GUM RING, LUNCH BAG  BLACK SKULL., WORLD WAR 2 GLIDERS ASSTD DESIGNS"
13583.0,Loyal Customers,"SMALL CHINESE STYLE SCISSOR, BLACK AND WHITE PAISLEY FLOWER MUG, WHITE HANGING HEART T-LIGHT HOLDER, WORLD WAR 2 GLIDERS ASSTD DESIGNS, ASSORTED COLOUR BIRD ORNAMENT"
13585.0,At Risk Customers,"GIRLS ALPHABET IRON ON PATCHES , WHITE HANGING HEART T-LIGHT HOLDER, ASSTD DESIGN BUBBLE GUM RING, LUNCH BAG  BLACK SKULL., WORLD WAR 2 GLIDERS ASSTD DESIGNS"
13586.0,At Risk Customers,"GIRLS ALPHABET IRON ON PATCHES , WHITE HANGING HEART T-LIGHT HOLDER, ASSTD DESIGN BUBBLE GUM RING, LUNCH BAG  BLACK SKULL., WORLD WAR 2 GLIDERS ASSTD DESIGNS"
13592.0,Potential Customers,"WORLD WAR 2 GLIDERS ASSTD DESIGNS, ASSORTED COLOUR BIRD ORNAMENT, ASSORTED COLOURS SILK FAN, GIRLS ALPHABET IRON ON PATCHES , POPART WOODEN PENCILS ASST"
13593.0,Champions,"WORLD WAR 2 GLIDERS ASSTD DESIGNS, PAPER CRAFT , LITTLE BIRDIE, MEDIUM CERAMIC TOP STORAGE JAR, WHITE HANGING HEART T-LIGHT HOLDER, JUMBO BAG RED RETROSPOT"
13595.0,At Risk Customers,"GIRLS ALPHABET IRON ON PATCHES , WHITE HANGING HEART T-LIGHT HOLDER, ASSTD DESIGN BUBBLE GUM RING, LUNCH BAG  BLACK SKULL., WORLD WAR 2 GLIDERS ASSTD DESIGNS"
13597.0,At Risk Customers,"GIRLS ALPHABET IRON ON PATCHES , WHITE HANGING HEART T-LIGHT HOLDER, ASSTD DESIGN BUBBLE GUM RING, LUNCH BAG  BLACK SKULL., WORLD WAR 2 GLIDERS ASSTD DESIGNS"
13600.0,At Risk Customers,"GIRLS ALPHABET IRON ON PATCHES , WHITE HANGING HEART T-LIGHT HOLDER, ASSTD DESIGN BUBBLE GUM RING, LUNCH BAG  BLACK SKULL., WORLD WAR 2 GLIDERS ASSTD DESIGNS"
13603.0,Potential Customers,"WORLD WAR 2 GLIDERS ASSTD DESIGNS, ASSORTED COLOUR BIRD ORNAMENT, ASSORTED COLOURS SILK FAN, GIRLS ALPHABET IRON ON PATCHES , POPART WOODEN PENCILS ASST"
13604.0,At Risk Customers,"GIRLS ALPHABET IRON ON PATCHES , WHITE HANGING HEART T-LIGHT HOLDER, ASSTD DESIGN BUBBLE GUM RING, LUNCH BAG  BLACK SKULL., WORLD WAR 2 GLIDERS ASSTD DESIGNS"
13605.0,At Risk Customers,"GIRLS ALPHABET IRON ON PATCHES , WHITE HANGING HEART T-LIGHT HOLDER, ASSTD DESIGN BUBBLE GUM RING, LUNCH BAG  BLACK SKULL., WORLD WAR 2 GLIDERS ASSTD DESIGNS"
13606.0,Potential Customers,"WORLD WAR 2 GLIDERS ASSTD DESIGNS, ASSORTED COLOUR BIRD ORNAMENT, ASSORTED COLOURS SILK FAN, GIRLS ALPHABET IRON ON PATCHES , POPART WOODEN PENCILS ASST"
13608.0,At Risk Customers,"GIRLS ALPHABET IRON ON PATCHES , WHITE HANGING HEART T-LIGHT HOLDER, ASSTD DESIGN BUBBLE GUM RING, LUNCH BAG  BLACK SKULL., WORLD WAR 2 GLIDERS ASSTD DESIGNS"
13609.0,At Risk Customers,"GIRLS ALPHABET IRON ON PATCHES , WHITE HANGING HEART T-LIGHT HOLDER, ASSTD DESIGN BUBBLE GUM RING, LUNCH BAG  BLACK SKULL., WORLD WAR 2 GLIDERS ASSTD DESIGNS"
13612.0,At Risk Customers,"GIRLS ALPHABET IRON ON PATCHES , WHITE HANGING HEART T-LIGHT HOLDER, ASSTD DESIGN BUBBLE GUM RING, LUNCH BAG  BLACK SKULL., WORLD WAR 2 GLIDERS ASSTD DESIGNS"
13613.0,At Risk Customers,"GIRLS ALPHABET IRON ON PATCHES , WHITE HANGING HEART T-LIGHT HOLDER, ASSTD DESIGN BUBBLE GUM RING, LUNCH BAG  BLACK SKULL., WORLD WAR 2 GLIDERS ASSTD DESIGNS"
13615.0,Loyal Customers,"SMALL CHINESE STYLE SCISSOR, BLACK AND WHITE PAISLEY FLOWER MUG, WHITE HANGING HEART T-LIGHT HOLDER, WORLD WAR 2 GLIDERS ASSTD DESIGNS, ASSORTED COLOUR BIRD ORNAMENT"
13616.0,At Risk Customers,"GIRLS ALPHABET IRON ON PATCHES , WHITE HANGING HEART T-LIGHT HOLDER, ASSTD DESIGN BUBBLE GUM RING, LUNCH BAG  BLACK SKULL., WORLD WAR 2 GLIDERS ASSTD DESIGNS"
13618.0,Potential Customers,"WORLD WAR 2 GLIDERS ASSTD DESIGNS, ASSORTED COLOUR BIRD ORNAMENT, ASSORTED COLOURS SILK FAN, GIRLS ALPHABET IRON ON PATCHES , POPART WOODEN PENCILS ASST"
13619.0,At Risk Customers,"GIRLS ALPHABET IRON ON PATCHES , WHITE HANGING HEART T-LIGHT HOLDER, ASSTD DESIGN BUBBLE GUM RING, LUNCH BAG  BLACK SKULL., WORLD WAR 2 GLIDERS ASSTD DESIGNS"
13620.0,At Risk Customers,"GIRLS ALPHABET IRON ON PATCHES , WHITE HANGING HEART T-LIGHT HOLDER, ASSTD DESIGN BUBBLE GUM RING, LUNCH BAG  BLACK SKULL., WORLD WAR 2 GLIDERS ASSTD DESIGNS"
13621.0,Potential Customers,"WORLD WAR 2 GLIDERS ASSTD DESIGNS, ASSORTED COLOUR BIRD ORNAMENT, ASSORTED COLOURS SILK FAN, GIRLS ALPHABET IRON ON PATCHES , POPART WOODEN PENCILS ASST"
13622.0,At Risk Customers,"GIRLS ALPHABET IRON ON PATCHES , WHITE HANGING HEART T-LIGHT HOLDER, ASSTD DESIGN BUBBLE GUM RING, LUNCH BAG  BLACK SKULL., WORLD WAR 2 GLIDERS ASSTD DESIGNS"
13624.0,At Risk Customers,"GIRLS ALPHABET IRON ON PATCHES , WHITE HANGING HEART T-LIGHT HOLDER, ASSTD DESIGN BUBBLE GUM RING, LUNCH BAG  BLACK SKULL., WORLD WAR 2 GLIDERS ASSTD DESIGNS"
13625.0,At Risk Customers,"GIRLS ALPHABET IRON ON PATCHES , WHITE HANGING HEART T-LIGHT HOLDER, ASSTD DESIGN BUBBLE GUM RING, LUNCH BAG  BLACK SKULL., WORLD WAR 2 GLIDERS ASSTD DESIGNS"
13626.0,Potential Customers,"WORLD WAR 2 GLIDERS ASSTD DESIGNS, ASSORTED COLOUR BIRD ORNAMENT, ASSORTED COLOURS SILK FAN, GIRLS ALPHABET IRON ON PATCHES , POPART WOODEN PENCILS ASST"
13628.0,At Risk Customers,"GIRLS ALPHABET IRON ON PATCHES , WHITE HANGING HEART T-LIGHT HOLDER, ASSTD DESIGN BUBBLE GUM RING, LUNCH BAG  BLACK SKULL., WORLD WAR 2 GLIDERS ASSTD DESIGNS"
13631.0,Loyal Customers,"SMALL CHINESE STYLE SCISSOR, BLACK AND WHITE PAISLEY FLOWER MUG, WHITE HANGING HEART T-LIGHT HOLDER, WORLD WAR 2 GLIDERS ASSTD DESIGNS, ASSORTED COLOUR BIRD ORNAMENT"
13636.0,Loyal Customers,"SMALL CHINESE STYLE SCISSOR, BLACK AND WHITE PAISLEY FLOWER MUG, WHITE HANGING HEART T-LIGHT HOLDER, WORLD WAR 2 GLIDERS ASSTD DESIGNS, ASSORTED COLOUR BIRD ORNAMENT"
13637.0,Potential Customers,"WORLD WAR 2 GLIDERS ASSTD DESIGNS, ASSORTED COLOUR BIRD ORNAMENT, ASSORTED COLOURS SILK FAN, GIRLS ALPHABET IRON ON PATCHES , POPART WOODEN PENCILS ASST"
13638.0,Potential Customers,"WORLD WAR 2 GLIDERS ASSTD DESIGNS, ASSORTED COLOUR BIRD ORNAMENT, ASSORTED COLOURS SILK FAN, GIRLS ALPHABET IRON ON PATCHES , POPART WOODEN PENCILS ASST"
13640.0,At Risk Customers,"GIRLS ALPHABET IRON ON PATCHES , WHITE HANGING HEART T-LIGHT HOLDER, ASSTD DESIGN BUBBLE GUM RING, LUNCH BAG  BLACK SKULL., WORLD WAR 2 GLIDERS ASSTD DESIGNS"
13642.0,Potential Customers,"WORLD WAR 2 GLIDERS ASSTD DESIGNS, ASSORTED COLOUR BIRD ORNAMENT, ASSORTED COLOURS SILK FAN, GIRLS ALPHABET IRON ON PATCHES , POPART WOODEN PENCILS ASST"
13645.0,Potential Customers,"WORLD WAR 2 GLIDERS ASSTD DESIGNS, ASSORTED COLOUR BIRD ORNAMENT, ASSORTED COLOURS SILK FAN, GIRLS ALPHABET IRON ON PATCHES , POPART WOODEN PENCILS ASST"
13646.0,At Risk Customers,"GIRLS ALPHABET IRON ON PATCHES , WHITE HANGING HEART T-LIGHT HOLDER, ASSTD DESIGN BUBBLE GUM RING, LUNCH BAG  BLACK SKULL., WORLD WAR 2 GLIDERS ASSTD DESIGNS"
13648.0,Loyal Customers,"SMALL CHINESE STYLE SCISSOR, BLACK AND WHITE PAISLEY FLOWER MUG, WHITE HANGING HEART T-LIGHT HOLDER, WORLD WAR 2 GLIDERS ASSTD DESIGNS, ASSORTED COLOUR BIRD ORNAMENT"
13649.0,Loyal Customers,"SMALL CHINESE STYLE SCISSOR, BLACK AND WHITE PAISLEY FLOWER MUG, WHITE HANGING HEART T-LIGHT HOLDER, WORLD WAR 2 GLIDERS ASSTD DESIGNS, ASSORTED COLOUR BIRD ORNAMENT"
13653.0,At Risk Customers,"GIRLS ALPHABET IRON ON PATCHES , WHITE HANGING HEART T-LIGHT HOLDER, ASSTD DESIGN BUBBLE GUM RING, LUNCH BAG  BLACK SKULL., WORLD WAR 2 GLIDERS ASSTD DESIGNS"
13655.0,Loyal Customers,"SMALL CHINESE STYLE SCISSOR, BLACK AND WHITE PAISLEY FLOWER MUG, WHITE HANGING HEART T-LIGHT HOLDER, WORLD WAR 2 GLIDERS ASSTD DESIGNS, ASSORTED COLOUR BIRD ORNAMENT"
13656.0,Loyal Customers,"SMALL CHINESE STYLE SCISSOR, BLACK AND WHITE PAISLEY FLOWER MUG, WHITE HANGING HEART T-LIGHT HOLDER, WORLD WAR 2 GLIDERS ASSTD DESIGNS, ASSORTED COLOUR BIRD ORNAMENT"
13657.0,Potential Customers,"WORLD WAR 2 GLIDERS ASSTD DESIGNS, ASSORTED COLOUR BIRD ORNAMENT, ASSORTED COLOURS SILK FAN, GIRLS ALPHABET IRON ON PATCHES , POPART WOODEN PENCILS ASST"
13660.0,At Risk Customers,"GIRLS ALPHABET IRON ON PATCHES , WHITE HANGING HEART T-LIGHT HOLDER, ASSTD DESIGN BUBBLE GUM RING, LUNCH BAG  BLACK SKULL., WORLD WAR 2 GLIDERS ASSTD DESIGNS"
13661.0,At Risk Customers,"GIRLS ALPHABET IRON ON PATCHES , WHITE HANGING HEART T-LIGHT HOLDER, ASSTD DESIGN BUBBLE GUM RING, LUNCH BAG  BLACK SKULL., WORLD WAR 2 GLIDERS ASSTD DESIGNS"
13663.0,Loyal Customers,"SMALL CHINESE STYLE SCISSOR, BLACK AND WHITE PAISLEY FLOWER MUG, WHITE HANGING HEART T-LIGHT HOLDER, WORLD WAR 2 GLIDERS ASSTD DESIGNS, ASSORTED COLOUR BIRD ORNAMENT"
13665.0,At Risk Customers,"GIRLS ALPHABET IRON ON PATCHES , WHITE HANGING HEART T-LIGHT HOLDER, ASSTD DESIGN BUBBLE GUM RING, LUNCH BAG  BLACK SKULL., WORLD WAR 2 GLIDERS ASSTD DESIGNS"
13667.0,Potential Customers,"WORLD WAR 2 GLIDERS ASSTD DESIGNS, ASSORTED COLOUR BIRD ORNAMENT, ASSORTED COLOURS SILK FAN, GIRLS ALPHABET IRON ON PATCHES , POPART WOODEN PENCILS ASST"
13670.0,Potential Customers,"WORLD WAR 2 GLIDERS ASSTD DESIGNS, ASSORTED COLOUR BIRD ORNAMENT, ASSORTED COLOURS SILK FAN, GIRLS ALPHABET IRON ON PATCHES , POPART WOODEN PENCILS ASST"
13671.0,At Risk Customers,"GIRLS ALPHABET IRON ON PATCHES , WHITE HANGING HEART T-LIGHT HOLDER, ASSTD DESIGN BUBBLE GUM RING, LUNCH BAG  BLACK SKULL., WORLD WAR 2 GLIDERS ASSTD DESIGNS"
13673.0,Potential Customers,"WORLD WAR 2 GLIDERS ASSTD DESIGNS, ASSORTED COLOUR BIRD ORNAMENT, ASSORTED COLOURS SILK FAN, GIRLS ALPHABET IRON ON PATCHES , POPART WOODEN PENCILS ASST"
13674.0,At Risk Customers,"GIRLS ALPHABET IRON ON PATCHES , WHITE HANGING HEART T-LIGHT HOLDER, ASSTD DESIGN BUBBLE GUM RING, LUNCH BAG  BLACK SKULL., WORLD WAR 2 GLIDERS ASSTD DESIGNS"
13675.0,Potential Customers,"WORLD WAR 2 GLIDERS ASSTD DESIGNS, ASSORTED COLOUR BIRD ORNAMENT, ASSORTED COLOURS SILK FAN, GIRLS ALPHABET IRON ON PATCHES , POPART WOODEN PENCILS ASST"
13676.0,At Risk Customers,"GIRLS ALPHABET IRON ON PATCHES , WHITE HANGING HEART T-LIGHT HOLDER, ASSTD DESIGN BUBBLE GUM RING, LUNCH BAG  BLACK SKULL., WORLD WAR 2 GLIDERS ASSTD DESIGNS"
13677.0,At Risk Customers,"GIRLS ALPHABET IRON ON PATCHES , WHITE HANGING HEART T-LIGHT HOLDER, ASSTD DESIGN BUBBLE GUM RING, LUNCH BAG  BLACK SKULL., WORLD WAR 2 GLIDERS ASSTD DESIGNS"
13678.0,Potential Customers,"WORLD WAR 2 GLIDERS ASSTD DESIGNS, ASSORTED COLOUR BIRD ORNAMENT, ASSORTED COLOURS SILK FAN, GIRLS ALPHABET IRON ON PATCHES , POPART WOODEN PENCILS ASST"
13679.0,At Risk Customers,"GIRLS ALPHABET IRON ON PATCHES , WHITE HANGING HEART T-LIGHT HOLDER, ASSTD DESIGN BUBBLE GUM RING, LUNCH BAG  BLACK SKULL., WORLD WAR 2 GLIDERS ASSTD DESIGNS"
13681.0,Loyal Customers,"SMALL CHINESE STYLE SCISSOR, BLACK AND WHITE PAISLEY FLOWER MUG, WHITE HANGING HEART T-LIGHT HOLDER, WORLD WAR 2 GLIDERS ASSTD DESIGNS, ASSORTED COLOUR BIRD ORNAMENT"
13682.0,Potential Customers,"WORLD WAR 2 GLIDERS ASSTD DESIGNS, ASSORTED COLOUR BIRD ORNAMENT, ASSORTED COLOURS SILK FAN, GIRLS ALPHABET IRON ON PATCHES , POPART WOODEN PENCILS ASST"
13683.0,At Risk Customers,"GIRLS ALPHABET IRON ON PATCHES , WHITE HANGING HEART T-LIGHT HOLDER, ASSTD DESIGN BUBBLE GUM RING, LUNCH BAG  BLACK SKULL., WORLD WAR 2 GLIDERS ASSTD DESIGNS"
13684.0,Potential Customers,"WORLD WAR 2 GLIDERS ASSTD DESIGNS, ASSORTED COLOUR BIRD ORNAMENT, ASSORTED COLOURS SILK FAN, GIRLS ALPHABET IRON ON PATCHES , POPART WOODEN PENCILS ASST"
13686.0,Potential Customers,"WORLD WAR 2 GLIDERS ASSTD DESIGNS, ASSORTED COLOUR BIRD ORNAMENT, ASSORTED COLOURS SILK FAN, GIRLS ALPHABET IRON ON PATCHES , POPART WOODEN PENCILS ASST"
13687.0,Loyal Customers,"SMALL CHINESE STYLE SCISSOR, BLACK AND WHITE PAISLEY FLOWER MUG, WHITE HANGING HEART T-LIGHT HOLDER, WORLD WAR 2 GLIDERS ASSTD DESIGNS, ASSORTED COLOUR BIRD ORNAMENT"
13688.0,At Risk Customers,"GIRLS ALPHABET IRON ON PATCHES , WHITE HANGING HEART T-LIGHT HOLDER, ASSTD DESIGN BUBBLE GUM RING, LUNCH BAG  BLACK SKULL., WORLD WAR 2 GLIDERS ASSTD DESIGNS"
13690.0,Potential Customers,"WORLD WAR 2 GLIDERS ASSTD DESIGNS, ASSORTED COLOUR BIRD ORNAMENT, ASSORTED COLOURS SILK FAN, GIRLS ALPHABET IRON ON PATCHES , POPART WOODEN PENCILS ASST"
13691.0,At Risk Customers,"GIRLS ALPHABET IRON ON PATCHES , WHITE HANGING HEART T-LIGHT HOLDER, ASSTD DESIGN BUBBLE GUM RING, LUNCH BAG  BLACK SKULL., WORLD WAR 2 GLIDERS ASSTD DESIGNS"
13693.0,Loyal Customers,"SMALL CHINESE STYLE SCISSOR, BLACK AND WHITE PAISLEY FLOWER MUG, WHITE HANGING HEART T-LIGHT HOLDER, WORLD WAR 2 GLIDERS ASSTD DESIGNS, ASSORTED COLOUR BIRD ORNAMENT"
13696.0,At Risk Customers,"GIRLS ALPHABET IRON ON PATCHES , WHITE HANGING HEART T-LIGHT HOLDER, ASSTD DESIGN BUBBLE GUM RING, LUNCH BAG  BLACK SKULL., WORLD WAR 2 GLIDERS ASSTD DESIGNS"
13697.0,Potential Customers,"WORLD WAR 2 GLIDERS ASSTD DESIGNS, ASSORTED COLOUR BIRD ORNAMENT, ASSORTED COLOURS SILK FAN, GIRLS ALPHABET IRON ON PATCHES , POPART WOODEN PENCILS ASST"
13698.0,At Risk Customers,"GIRLS ALPHABET IRON ON PATCHES , WHITE HANGING HEART T-LIGHT HOLDER, ASSTD DESIGN BUBBLE GUM RING, LUNCH BAG  BLACK SKULL., WORLD WAR 2 GLIDERS ASSTD DESIGNS"
13699.0,Potential Customers,"WORLD WAR 2 GLIDERS ASSTD DESIGNS, ASSORTED COLOUR BIRD ORNAMENT, ASSORTED COLOURS SILK FAN, GIRLS ALPHABET IRON ON PATCHES , POPART WOODEN PENCILS ASST"
13701.0,At Risk Customers,"GIRLS ALPHABET IRON ON PATCHES , WHITE HANGING HEART T-LIGHT HOLDER, ASSTD DESIGN BUBBLE GUM RING, LUNCH BAG  BLACK SKULL., WORLD WAR 2 GLIDERS ASSTD DESIGNS"
13702.0,At Risk Customers,"GIRLS ALPHABET IRON ON PATCHES , WHITE HANGING HEART T-LIGHT HOLDER, ASSTD DESIGN BUBBLE GUM RING, LUNCH BAG  BLACK SKULL., WORLD WAR 2 GLIDERS ASSTD DESIGNS"
13703.0,At Risk Customers,"GIRLS ALPHABET IRON ON PATCHES , WHITE HANGING HEART T-LIGHT HOLDER, ASSTD DESIGN BUBBLE GUM RING, LUNCH BAG  BLACK SKULL., WORLD WAR 2 GLIDERS ASSTD DESIGNS"
13706.0,At Risk Customers,"GIRLS ALPHABET IRON ON PATCHES , WHITE HANGING HEART T-LIGHT HOLDER, ASSTD DESIGN BUBBLE GUM RING, LUNCH BAG  BLACK SKULL., WORLD WAR 2 GLIDERS ASSTD DESIGNS"
13707.0,Loyal Customers,"SMALL CHINESE STYLE SCISSOR, BLACK AND WHITE PAISLEY FLOWER MUG, WHITE HANGING HEART T-LIGHT HOLDER, WORLD WAR 2 GLIDERS ASSTD DESIGNS, ASSORTED COLOUR BIRD ORNAMENT"
13708.0,Potential Customers,"WORLD WAR 2 GLIDERS ASSTD DESIGNS, ASSORTED COLOUR BIRD ORNAMENT, ASSORTED COLOURS SILK FAN, GIRLS ALPHABET IRON ON PATCHES , POPART WOODEN PENCILS ASST"
13712.0,Potential Customers,"WORLD WAR 2 GLIDERS ASSTD DESIGNS, ASSORTED COLOUR BIRD ORNAMENT, ASSORTED COLOURS SILK FAN, GIRLS ALPHABET IRON ON PATCHES , POPART WOODEN PENCILS ASST"
13713.0,At Risk Customers,"GIRLS ALPHABET IRON ON PATCHES , WHITE HANGING HEART T-LIGHT HOLDER, ASSTD DESIGN BUBBLE GUM RING, LUNCH BAG  BLACK SKULL., WORLD WAR 2 GLIDERS ASSTD DESIGNS"
13714.0,At Risk Customers,"GIRLS ALPHABET IRON ON PATCHES , WHITE HANGING HEART T-LIGHT HOLDER, ASSTD DESIGN BUBBLE GUM RING, LUNCH BAG  BLACK SKULL., WORLD WAR 2 GLIDERS ASSTD DESIGNS"
13716.0,Potential Customers,"WORLD WAR 2 GLIDERS ASSTD DESIGNS, ASSORTED COLOUR BIRD ORNAMENT, ASSORTED COLOURS SILK FAN, GIRLS ALPHABET IRON ON PATCHES , POPART WOODEN PENCILS ASST"
13718.0,Potential Customers,"WORLD WAR 2 GLIDERS ASSTD DESIGNS, ASSORTED COLOUR BIRD ORNAMENT, ASSORTED COLOURS SILK FAN, GIRLS ALPHABET IRON ON PATCHES , POPART WOODEN PENCILS ASST"
13720.0,Loyal Customers,"SMALL CHINESE STYLE SCISSOR, BLACK AND WHITE PAISLEY FLOWER MUG, WHITE HANGING HEART T-LIGHT HOLDER, WORLD WAR 2 GLIDERS ASSTD DESIGNS, ASSORTED COLOUR BIRD ORNAMENT"
13723.0,Loyal Customers,"SMALL CHINESE STYLE SCISSOR, BLACK AND WHITE PAISLEY FLOWER MUG, WHITE HANGING HEART T-LIGHT HOLDER, WORLD WAR 2 GLIDERS ASSTD DESIGNS, ASSORTED COLOUR BIRD ORNAMENT"
13724.0,At Risk Customers,"GIRLS ALPHABET IRON ON PATCHES , WHITE HANGING HEART T-LIGHT HOLDER, ASSTD DESIGN BUBBLE GUM RING, LUNCH BAG  BLACK SKULL., WORLD WAR 2 GLIDERS ASSTD DESIGNS"
13726.0,Potential Customers,"WORLD WAR 2 GLIDERS ASSTD DESIGNS, ASSORTED COLOUR BIRD ORNAMENT, ASSORTED COLOURS SILK FAN, GIRLS ALPHABET IRON ON PATCHES , POPART WOODEN PENCILS ASST"
13729.0,At Risk Customers,"GIRLS ALPHABET IRON ON PATCHES , WHITE HANGING HEART T-LIGHT HOLDER, ASSTD DESIGN BUBBLE GUM RING, LUNCH BAG  BLACK SKULL., WORLD WAR 2 GLIDERS ASSTD DESIGNS"
13730.0,Potential Customers,"WORLD WAR 2 GLIDERS ASSTD DESIGNS, ASSORTED COLOUR BIRD ORNAMENT, ASSORTED COLOURS SILK FAN, GIRLS ALPHABET IRON ON PATCHES , POPART WOODEN PENCILS ASST"
13731.0,Potential Customers,"WORLD WAR 2 GLIDERS ASSTD DESIGNS, ASSORTED COLOUR BIRD ORNAMENT, ASSORTED COLOURS SILK FAN, GIRLS ALPHABET IRON ON PATCHES , POPART WOODEN PENCILS ASST"
13732.0,Potential Customers,"WORLD WAR 2 GLIDERS ASSTD DESIGNS, ASSORTED COLOUR BIRD ORNAMENT, ASSORTED COLOURS SILK FAN, GIRLS ALPHABET IRON ON PATCHES , POPART WOODEN PENCILS ASST"
13733.0,At Risk Customers,"GIRLS ALPHABET IRON ON PATCHES , WHITE HANGING HEART T-LIGHT HOLDER, ASSTD DESIGN BUBBLE GUM RING, LUNCH BAG  BLACK SKULL., WORLD WAR 2 GLIDERS ASSTD DESIGNS"
13734.0,Loyal Customers,"SMALL CHINESE STYLE SCISSOR, BLACK AND WHITE PAISLEY FLOWER MUG, WHITE HANGING HEART T-LIGHT HOLDER, WORLD WAR 2 GLIDERS ASSTD DESIGNS, ASSORTED COLOUR BIRD ORNAMENT"
13737.0,Potential Customers,"WORLD WAR 2 GLIDERS ASSTD DESIGNS, ASSORTED COLOUR BIRD ORNAMENT, ASSORTED COLOURS SILK FAN, GIRLS ALPHABET IRON ON PATCHES , POPART WOODEN PENCILS ASST"
13738.0,At Risk Customers,"GIRLS ALPHABET IRON ON PATCHES , WHITE HANGING HEART T-LIGHT HOLDER, ASSTD DESIGN BUBBLE GUM RING, LUNCH BAG  BLACK SKULL., WORLD WAR 2 GLIDERS ASSTD DESIGNS"
13741.0,Potential Customers,"WORLD WAR 2 GLIDERS ASSTD DESIGNS, ASSORTED COLOUR BIRD ORNAMENT, ASSORTED COLOURS SILK FAN, GIRLS ALPHABET IRON ON PATCHES , POPART WOODEN PENCILS ASST"
13744.0,Potential Customers,"WORLD WAR 2 GLIDERS ASSTD DESIGNS, ASSORTED COLOUR BIRD ORNAMENT, ASSORTED COLOURS SILK FAN, GIRLS ALPHABET IRON ON PATCHES , POPART WOODEN PENCILS ASST"
13745.0,Potential Customers,"WORLD WAR 2 GLIDERS ASSTD DESIGNS, ASSORTED COLOUR BIRD ORNAMENT, ASSORTED COLOURS SILK FAN, GIRLS ALPHABET IRON ON PATCHES , POPART WOODEN PENCILS ASST"
13746.0,At Risk Customers,"GIRLS ALPHABET IRON ON PATCHES , WHITE HANGING HEART T-LIGHT HOLDER, ASSTD DESIGN BUBBLE GUM RING, LUNCH BAG  BLACK SKULL., WORLD WAR 2 GLIDERS ASSTD DESIGNS"
13747.0,At Risk Customers,"GIRLS ALPHABET IRON ON PATCHES , WHITE HANGING HEART T-LIGHT HOLDER, ASSTD DESIGN BUBBLE GUM RING, LUNCH BAG  BLACK SKULL., WORLD WAR 2 GLIDERS ASSTD DESIGNS"
13748.0,Loyal Customers,"SMALL CHINESE STYLE SCISSOR, BLACK AND WHITE PAISLEY FLOWER MUG, WHITE HANGING HEART T-LIGHT HOLDER, WORLD WAR 2 GLIDERS ASSTD DESIGNS, ASSORTED COLOUR BIRD ORNAMENT"
13751.0,Potential Customers,"WORLD WAR 2 GLIDERS ASSTD DESIGNS, ASSORTED COLOUR BIRD ORNAMENT, ASSORTED COLOURS SILK FAN, GIRLS ALPHABET IRON ON PATCHES , POPART WOODEN PENCILS ASST"
13753.0,Loyal Customers,"SMALL CHINESE STYLE SCISSOR, BLACK AND WHITE PAISLEY FLOWER MUG, WHITE HANGING HEART T-LIGHT HOLDER, WORLD WAR 2 GLIDERS ASSTD DESIGNS, ASSORTED COLOUR BIRD ORNAMENT"
13754.0,Potential Customers,"WORLD WAR 2 GLIDERS ASSTD DESIGNS, ASSORTED COLOUR BIRD ORNAMENT, ASSORTED COLOURS SILK FAN, GIRLS ALPHABET IRON ON PATCHES , POPART WOODEN PENCILS ASST"
13757.0,At Risk Customers,"GIRLS ALPHABET IRON ON PATCHES , WHITE HANGING HEART T-LIGHT HOLDER, ASSTD DESIGN BUBBLE GUM RING, LUNCH BAG  BLACK SKULL., WORLD WAR 2 GLIDERS ASSTD DESIGNS"
13759.0,Potential Customers,"WORLD WAR 2 GLIDERS ASSTD DESIGNS, ASSORTED COLOUR BIRD ORNAMENT, ASSORTED COLOURS SILK FAN, GIRLS ALPHABET IRON ON PATCHES , POPART WOODEN PENCILS ASST"
13762.0,Loyal Customers,"SMALL CHINESE STYLE SCISSOR, BLACK AND WHITE PAISLEY FLOWER MUG, WHITE HANGING HEART T-LIGHT HOLDER, WORLD WAR 2 GLIDERS ASSTD DESIGNS, ASSORTED COLOUR BIRD ORNAMENT"
13765.0,At Risk Customers,"GIRLS ALPHABET IRON ON PATCHES , WHITE HANGING HEART T-LIGHT HOLDER, ASSTD DESIGN BUBBLE GUM RING, LUNCH BAG  BLACK SKULL., WORLD WAR 2 GLIDERS ASSTD DESIGNS"
13766.0,At Risk Customers,"GIRLS ALPHABET IRON ON PATCHES , WHITE HANGING HEART T-LIGHT HOLDER, ASSTD DESIGN BUBBLE GUM RING, LUNCH BAG  BLACK SKULL., WORLD WAR 2 GLIDERS ASSTD DESIGNS"
13768.0,At Risk Customers,"GIRLS ALPHABET IRON ON PATCHES , WHITE HANGING HEART T-LIGHT HOLDER, ASSTD DESIGN BUBBLE GUM RING, LUNCH BAG  BLACK SKULL., WORLD WAR 2 GLIDERS ASSTD DESIGNS"
13770.0,At Risk Customers,"GIRLS ALPHABET IRON ON PATCHES , WHITE HANGING HEART T-LIGHT HOLDER, ASSTD DESIGN BUBBLE GUM RING, LUNCH BAG  BLACK SKULL., WORLD WAR 2 GLIDERS ASSTD DESIGNS"
13773.0,At Risk Customers,"GIRLS ALPHABET IRON ON PATCHES , WHITE HANGING HEART T-LIGHT HOLDER, ASSTD DESIGN BUBBLE GUM RING, LUNCH BAG  BLACK SKULL., WORLD WAR 2 GLIDERS ASSTD DESIGNS"
13774.0,Potential Customers,"WORLD WAR 2 GLIDERS ASSTD DESIGNS, ASSORTED COLOUR BIRD ORNAMENT, ASSORTED COLOURS SILK FAN, GIRLS ALPHABET IRON ON PATCHES , POPART WOODEN PENCILS ASST"
13775.0,At Risk Customers,"GIRLS ALPHABET IRON ON PATCHES , WHITE HANGING HEART T-LIGHT HOLDER, ASSTD DESIGN BUBBLE GUM RING, LUNCH BAG  BLACK SKULL., WORLD WAR 2 GLIDERS ASSTD DESIGNS"
13776.0,At Risk Customers,"GIRLS ALPHABET IRON ON PATCHES , WHITE HANGING HEART T-LIGHT HOLDER, ASSTD DESIGN BUBBLE GUM RING, LUNCH BAG  BLACK SKULL., WORLD WAR 2 GLIDERS ASSTD DESIGNS"
13778.0,Loyal Customers,"SMALL CHINESE STYLE SCISSOR, BLACK AND WHITE PAISLEY FLOWER MUG, WHITE HANGING HEART T-LIGHT HOLDER, WORLD WAR 2 GLIDERS ASSTD DESIGNS, ASSORTED COLOUR BIRD ORNAMENT"
13779.0,At Risk Customers,"GIRLS ALPHABET IRON ON PATCHES , WHITE HANGING HEART T-LIGHT HOLDER, ASSTD DESIGN BUBBLE GUM RING, LUNCH BAG  BLACK SKULL., WORLD WAR 2 GLIDERS ASSTD DESIGNS"
13781.0,Potential Customers,"WORLD WAR 2 GLIDERS ASSTD DESIGNS, ASSORTED COLOUR BIRD ORNAMENT, ASSORTED COLOURS SILK FAN, GIRLS ALPHABET IRON ON PATCHES , POPART WOODEN PENCILS ASST"
13783.0,At Risk Customers,"GIRLS ALPHABET IRON ON PATCHES , WHITE HANGING HEART T-LIGHT HOLDER, ASSTD DESIGN BUBBLE GUM RING, LUNCH BAG  BLACK SKULL., WORLD WAR 2 GLIDERS ASSTD DESIGNS"
13785.0,At Risk Customers,"GIRLS ALPHABET IRON ON PATCHES , WHITE HANGING HEART T-LIGHT HOLDER, ASSTD DESIGN BUBBLE GUM RING, LUNCH BAG  BLACK SKULL., WORLD WAR 2 GLIDERS ASSTD DESIGNS"
13788.0,At Risk Customers,"GIRLS ALPHABET IRON ON PATCHES , WHITE HANGING HEART T-LIGHT HOLDER, ASSTD DESIGN BUBBLE GUM RING, LUNCH BAG  BLACK SKULL., WORLD WAR 2 GLIDERS ASSTD DESIGNS"
13789.0,At Risk Customers,"GIRLS ALPHABET IRON ON PATCHES , WHITE HANGING HEART T-LIGHT HOLDER, ASSTD DESIGN BUBBLE GUM RING, LUNCH BAG  BLACK SKULL., WORLD WAR 2 GLIDERS ASSTD DESIGNS"
13791.0,Loyal Customers,"SMALL CHINESE STYLE SCISSOR, BLACK AND WHITE PAISLEY FLOWER MUG, WHITE HANGING HEART T-LIGHT HOLDER, WORLD WAR 2 GLIDERS ASSTD DESIGNS, ASSORTED COLOUR BIRD ORNAMENT"
13793.0,At Risk Customers,"GIRLS ALPHABET IRON ON PATCHES , WHITE HANGING HEART T-LIGHT HOLDER, ASSTD DESIGN BUBBLE GUM RING, LUNCH BAG  BLACK SKULL., WORLD WAR 2 GLIDERS ASSTD DESIGNS"
13794.0,At Risk Customers,"GIRLS ALPHABET IRON ON PATCHES , WHITE HANGING HEART T-LIGHT HOLDER, ASSTD DESIGN BUBBLE GUM RING, LUNCH BAG  BLACK SKULL., WORLD WAR 2 GLIDERS ASSTD DESIGNS"
13795.0,At Risk Customers,"GIRLS ALPHABET IRON ON PATCHES , WHITE HANGING HEART T-LIGHT HOLDER, ASSTD DESIGN BUBBLE GUM RING, LUNCH BAG  BLACK SKULL., WORLD WAR 2 GLIDERS ASSTD DESIGNS"
13796.0,At Risk Customers,"GIRLS ALPHABET IRON ON PATCHES , WHITE HANGING HEART T-LIGHT HOLDER, ASSTD DESIGN BUBBLE GUM RING, LUNCH BAG  BLACK SKULL., WORLD WAR 2 GLIDERS ASSTD DESIGNS"
13797.0,At Risk Customers,"GIRLS ALPHABET IRON ON PATCHES , WHITE HANGING HEART T-LIGHT HOLDER, ASSTD DESIGN BUBBLE GUM RING, LUNCH BAG  BLACK SKULL., WORLD WAR 2 GLIDERS ASSTD DESIGNS"
13800.0,Loyal Customers,"SMALL CHINESE STYLE SCISSOR, BLACK AND WHITE PAISLEY FLOWER MUG, WHITE HANGING HEART T-LIGHT HOLDER, WORLD WAR 2 GLIDERS ASSTD DESIGNS, ASSORTED COLOUR BIRD ORNAMENT"
13801.0,Potential Customers,"WORLD WAR 2 GLIDERS ASSTD DESIGNS, ASSORTED COLOUR BIRD ORNAMENT, ASSORTED COLOURS SILK FAN, GIRLS ALPHABET IRON ON PATCHES , POPART WOODEN PENCILS ASST"
13802.0,Champions,"WORLD WAR 2 GLIDERS ASSTD DESIGNS, PAPER CRAFT , LITTLE BIRDIE, MEDIUM CERAMIC TOP STORAGE JAR, WHITE HANGING HEART T-LIGHT HOLDER, JUMBO BAG RED RETROSPOT"
13805.0,Potential Customers,"WORLD WAR 2 GLIDERS ASSTD DESIGNS, ASSORTED COLOUR BIRD ORNAMENT, ASSORTED COLOURS SILK FAN, GIRLS ALPHABET IRON ON PATCHES , POPART WOODEN PENCILS ASST"
13806.0,Potential Customers,"WORLD WAR 2 GLIDERS ASSTD DESIGNS, ASSORTED COLOUR BIRD ORNAMENT, ASSORTED COLOURS SILK FAN, GIRLS ALPHABET IRON ON PATCHES , POPART WOODEN PENCILS ASST"
13807.0,At Risk Customers,"GIRLS ALPHABET IRON ON PATCHES , WHITE HANGING HEART T-LIGHT HOLDER, ASSTD DESIGN BUBBLE GUM RING, LUNCH BAG  BLACK SKULL., WORLD WAR 2 GLIDERS ASSTD DESIGNS"
13809.0,Potential Customers,"WORLD WAR 2 GLIDERS ASSTD DESIGNS, ASSORTED COLOUR BIRD ORNAMENT, ASSORTED COLOURS SILK FAN, GIRLS ALPHABET IRON ON PATCHES , POPART WOODEN PENCILS ASST"
13811.0,Potential Customers,"WORLD WAR 2 GLIDERS ASSTD DESIGNS, ASSORTED COLOUR BIRD ORNAMENT, ASSORTED COLOURS SILK FAN, GIRLS ALPHABET IRON ON PATCHES , POPART WOODEN PENCILS ASST"
13814.0,Loyal Customers,"SMALL CHINESE STYLE SCISSOR, BLACK AND WHITE PAISLEY FLOWER MUG, WHITE HANGING HEART T-LIGHT HOLDER, WORLD WAR 2 GLIDERS ASSTD DESIGNS, ASSORTED COLOUR BIRD ORNAMENT"
13816.0,Potential Customers,"WORLD WAR 2 GLIDERS ASSTD DESIGNS, ASSORTED COLOUR BIRD ORNAMENT, ASSORTED COLOURS SILK FAN, GIRLS ALPHABET IRON ON PATCHES , POPART WOODEN PENCILS ASST"
13817.0,Potential Customers,"WORLD WAR 2 GLIDERS ASSTD DESIGNS, ASSORTED COLOUR BIRD ORNAMENT, ASSORTED COLOURS SILK FAN, GIRLS ALPHABET IRON ON PATCHES , POPART WOODEN PENCILS ASST"
13818.0,At Risk Customers,"GIRLS ALPHABET IRON ON PATCHES , WHITE HANGING HEART T-LIGHT HOLDER, ASSTD DESIGN BUBBLE GUM RING, LUNCH BAG  BLACK SKULL., WORLD WAR 2 GLIDERS ASSTD DESIGNS"
13820.0,At Risk Customers,"GIRLS ALPHABET IRON ON PATCHES , WHITE HANGING HEART T-LIGHT HOLDER, ASSTD DESIGN BUBBLE GUM RING, LUNCH BAG  BLACK SKULL., WORLD WAR 2 GLIDERS ASSTD DESIGNS"
13821.0,Loyal Customers,"SMALL CHINESE STYLE SCISSOR, BLACK AND WHITE PAISLEY FLOWER MUG, WHITE HANGING HEART T-LIGHT HOLDER, WORLD WAR 2 GLIDERS ASSTD DESIGNS, ASSORTED COLOUR BIRD ORNAMENT"
13825.0,At Risk Customers,"GIRLS ALPHABET IRON ON PATCHES , WHITE HANGING HEART T-LIGHT HOLDER, ASSTD DESIGN BUBBLE GUM RING, LUNCH BAG  BLACK SKULL., WORLD WAR 2 GLIDERS ASSTD DESIGNS"
13826.0,Potential Customers,"WORLD WAR 2 GLIDERS ASSTD DESIGNS, ASSORTED COLOUR BIRD ORNAMENT, ASSORTED COLOURS SILK FAN, GIRLS ALPHABET IRON ON PATCHES , POPART WOODEN PENCILS ASST"
13827.0,Potential Customers,"WORLD WAR 2 GLIDERS ASSTD DESIGNS, ASSORTED COLOUR BIRD ORNAMENT, ASSORTED COLOURS SILK FAN, GIRLS ALPHABET IRON ON PATCHES , POPART WOODEN PENCILS ASST"
13828.0,Potential Customers,"WORLD WAR 2 GLIDERS ASSTD DESIGNS, ASSORTED COLOUR BIRD ORNAMENT, ASSORTED COLOURS SILK FAN, GIRLS ALPHABET IRON ON PATCHES , POPART WOODEN PENCILS ASST"
13829.0,At Risk Customers,"GIRLS ALPHABET IRON ON PATCHES , WHITE HANGING HEART T-LIGHT HOLDER, ASSTD DESIGN BUBBLE GUM RING, LUNCH BAG  BLACK SKULL., WORLD WAR 2 GLIDERS ASSTD DESIGNS"
13830.0,At Risk Customers,"GIRLS ALPHABET IRON ON PATCHES , WHITE HANGING HEART T-LIGHT HOLDER, ASSTD DESIGN BUBBLE GUM RING, LUNCH BAG  BLACK SKULL., WORLD WAR 2 GLIDERS ASSTD DESIGNS"
13833.0,Potential Customers,"WORLD WAR 2 GLIDERS ASSTD DESIGNS, ASSORTED COLOUR BIRD ORNAMENT, ASSORTED COLOURS SILK FAN, GIRLS ALPHABET IRON ON PATCHES , POPART WOODEN PENCILS ASST"
13834.0,At Risk Customers,"GIRLS ALPHABET IRON ON PATCHES , WHITE HANGING HEART T-LIGHT HOLDER, ASSTD DESIGN BUBBLE GUM RING, LUNCH BAG  BLACK SKULL., WORLD WAR 2 GLIDERS ASSTD DESIGNS"
13836.0,At Risk Customers,"GIRLS ALPHABET IRON ON PATCHES , WHITE HANGING HEART T-LIGHT HOLDER, ASSTD DESIGN BUBBLE GUM RING, LUNCH BAG  BLACK SKULL., WORLD WAR 2 GLIDERS ASSTD DESIGNS"
13837.0,Potential Customers,"WORLD WAR 2 GLIDERS ASSTD DESIGNS, ASSORTED COLOUR BIRD ORNAMENT, ASSORTED COLOURS SILK FAN, GIRLS ALPHABET IRON ON PATCHES , POPART WOODEN PENCILS ASST"
13839.0,At Risk Customers,"GIRLS ALPHABET IRON ON PATCHES , WHITE HANGING HEART T-LIGHT HOLDER, ASSTD DESIGN BUBBLE GUM RING, LUNCH BAG  BLACK SKULL., WORLD WAR 2 GLIDERS ASSTD DESIGNS"
13840.0,At Risk Customers,"GIRLS ALPHABET IRON ON PATCHES , WHITE HANGING HEART T-LIGHT HOLDER, ASSTD DESIGN BUBBLE GUM RING, LUNCH BAG  BLACK SKULL., WORLD WAR 2 GLIDERS ASSTD DESIGNS"
13841.0,Potential Customers,"WORLD WAR 2 GLIDERS ASSTD DESIGNS, ASSORTED COLOUR BIRD ORNAMENT, ASSORTED COLOURS SILK FAN, GIRLS ALPHABET IRON ON PATCHES , POPART WOODEN PENCILS ASST"
13843.0,At Risk Customers,"GIRLS ALPHABET IRON ON PATCHES , WHITE HANGING HEART T-LIGHT HOLDER, ASSTD DESIGN BUBBLE GUM RING, LUNCH BAG  BLACK SKULL., WORLD WAR 2 GLIDERS ASSTD DESIGNS"
13844.0,Potential Customers,"WORLD WAR 2 GLIDERS ASSTD DESIGNS, ASSORTED COLOUR BIRD ORNAMENT, ASSORTED COLOURS SILK FAN, GIRLS ALPHABET IRON ON PATCHES , POPART WOODEN PENCILS ASST"
13845.0,Potential Customers,"WORLD WAR 2 GLIDERS ASSTD DESIGNS, ASSORTED COLOUR BIRD ORNAMENT, ASSORTED COLOURS SILK FAN, GIRLS ALPHABET IRON ON PATCHES , POPART WOODEN PENCILS ASST"
13847.0,At Risk Customers,"GIRLS ALPHABET IRON ON PATCHES , WHITE HANGING HEART T-LIGHT HOLDER, ASSTD DESIGN BUBBLE GUM RING, LUNCH BAG  BLACK SKULL., WORLD WAR 2 GLIDERS ASSTD DESIGNS"
13848.0,Loyal Customers,"SMALL CHINESE STYLE SCISSOR, BLACK AND WHITE PAISLEY FLOWER MUG, WHITE HANGING HEART T-LIGHT HOLDER, WORLD WAR 2 GLIDERS ASSTD DESIGNS, ASSORTED COLOUR BIRD ORNAMENT"
13850.0,Potential Customers,"WORLD WAR 2 GLIDERS ASSTD DESIGNS, ASSORTED COLOUR BIRD ORNAMENT, ASSORTED COLOURS SILK FAN, GIRLS ALPHABET IRON ON PATCHES , POPART WOODEN PENCILS ASST"
13852.0,At Risk Customers,"GIRLS ALPHABET IRON ON PATCHES , WHITE HANGING HEART T-LIGHT HOLDER, ASSTD DESIGN BUBBLE GUM RING, LUNCH BAG  BLACK SKULL., WORLD WAR 2 GLIDERS ASSTD DESIGNS"
13853.0,Potential Customers,"WORLD WAR 2 GLIDERS ASSTD DESIGNS, ASSORTED COLOUR BIRD ORNAMENT, ASSORTED COLOURS SILK FAN, GIRLS ALPHABET IRON ON PATCHES , POPART WOODEN PENCILS ASST"
13855.0,At Risk Customers,"GIRLS ALPHABET IRON ON PATCHES , WHITE HANGING HEART T-LIGHT HOLDER, ASSTD DESIGN BUBBLE GUM RING, LUNCH BAG  BLACK SKULL., WORLD WAR 2 GLIDERS ASSTD DESIGNS"
13856.0,Loyal Customers,"SMALL CHINESE STYLE SCISSOR, BLACK AND WHITE PAISLEY FLOWER MUG, WHITE HANGING HEART T-LIGHT HOLDER, WORLD WAR 2 GLIDERS ASSTD DESIGNS, ASSORTED COLOUR BIRD ORNAMENT"
13857.0,Loyal Customers,"SMALL CHINESE STYLE SCISSOR, BLACK AND WHITE PAISLEY FLOWER MUG, WHITE HANGING HEART T-LIGHT HOLDER, WORLD WAR 2 GLIDERS ASSTD DESIGNS, ASSORTED COLOUR BIRD ORNAMENT"
13858.0,Potential Customers,"WORLD WAR 2 GLIDERS ASSTD DESIGNS, ASSORTED COLOUR BIRD ORNAMENT, ASSORTED COLOURS SILK FAN, GIRLS ALPHABET IRON ON PATCHES , POPART WOODEN PENCILS ASST"
13859.0,At Risk Customers,"GIRLS ALPHABET IRON ON PATCHES , WHITE HANGING HEART T-LIGHT HOLDER, ASSTD DESIGN BUBBLE GUM RING, LUNCH BAG  BLACK SKULL., WORLD WAR 2 GLIDERS ASSTD DESIGNS"
13861.0,At Risk Customers,"GIRLS ALPHABET IRON ON PATCHES , WHITE HANGING HEART T-LIGHT HOLDER, ASSTD DESIGN BUBBLE GUM RING, LUNCH BAG  BLACK SKULL., WORLD WAR 2 GLIDERS ASSTD DESIGNS"
13863.0,Loyal Customers,"SMALL CHINESE STYLE SCISSOR, BLACK AND WHITE PAISLEY FLOWER MUG, WHITE HANGING HEART T-LIGHT HOLDER, WORLD WAR 2 GLIDERS ASSTD DESIGNS, ASSORTED COLOUR BIRD ORNAMENT"
13864.0,At Risk Customers,"GIRLS ALPHABET IRON ON PATCHES , WHITE HANGING HEART T-LIGHT HOLDER, ASSTD DESIGN BUBBLE GUM RING, LUNCH BAG  BLACK SKULL., WORLD WAR 2 GLIDERS ASSTD DESIGNS"
13865.0,Potential Customers,"WORLD WAR 2 GLIDERS ASSTD DESIGNS, ASSORTED COLOUR BIRD ORNAMENT, ASSORTED COLOURS SILK FAN, GIRLS ALPHABET IRON ON PATCHES , POPART WOODEN PENCILS ASST"
13866.0,Potential Customers,"WORLD WAR 2 GLIDERS ASSTD DESIGNS, ASSORTED COLOUR BIRD ORNAMENT, ASSORTED COLOURS SILK FAN, GIRLS ALPHABET IRON ON PATCHES , POPART WOODEN PENCILS ASST"
13867.0,Loyal Customers,"SMALL CHINESE STYLE SCISSOR, BLACK AND WHITE PAISLEY FLOWER MUG, WHITE HANGING HEART T-LIGHT HOLDER, WORLD WAR 2 GLIDERS ASSTD DESIGNS, ASSORTED COLOUR BIRD ORNAMENT"
13868.0,Loyal Customers,"SMALL CHINESE STYLE SCISSOR, BLACK AND WHITE PAISLEY FLOWER MUG, WHITE HANGING HEART T-LIGHT HOLDER, WORLD WAR 2 GLIDERS ASSTD DESIGNS, ASSORTED COLOUR BIRD ORNAMENT"
13872.0,At Risk Customers,"GIRLS ALPHABET IRON ON PATCHES , WHITE HANGING HEART T-LIGHT HOLDER, ASSTD DESIGN BUBBLE GUM RING, LUNCH BAG  BLACK SKULL., WORLD WAR 2 GLIDERS ASSTD DESIGNS"
13873.0,Loyal Customers,"SMALL CHINESE STYLE SCISSOR, BLACK AND WHITE PAISLEY FLOWER MUG, WHITE HANGING HEART T-LIGHT HOLDER, WORLD WAR 2 GLIDERS ASSTD DESIGNS, ASSORTED COLOUR BIRD ORNAMENT"
13874.0,Loyal Customers,"SMALL CHINESE STYLE SCISSOR, BLACK AND WHITE PAISLEY FLOWER MUG, WHITE HANGING HEART T-LIGHT HOLDER, WORLD WAR 2 GLIDERS ASSTD DESIGNS, ASSORTED COLOUR BIRD ORNAMENT"
13876.0,Potential Customers,"WORLD WAR 2 GLIDERS ASSTD DESIGNS, ASSORTED COLOUR BIRD ORNAMENT, ASSORTED COLOURS SILK FAN, GIRLS ALPHABET IRON ON PATCHES , POPART WOODEN PENCILS ASST"
13879.0,At Risk Customers,"GIRLS ALPHABET IRON ON PATCHES , WHITE HANGING HEART T-LIGHT HOLDER, ASSTD DESIGN BUBBLE GUM RING, LUNCH BAG  BLACK SKULL., WORLD WAR 2 GLIDERS ASSTD DESIGNS"
13885.0,Potential Customers,"WORLD WAR 2 GLIDERS ASSTD DESIGNS, ASSORTED COLOUR BIRD ORNAMENT, ASSORTED COLOURS SILK FAN, GIRLS ALPHABET IRON ON PATCHES , POPART WOODEN PENCILS ASST"
13886.0,Potential Customers,"WORLD WAR 2 GLIDERS ASSTD DESIGNS, ASSORTED COLOUR BIRD ORNAMENT, ASSORTED COLOURS SILK FAN, GIRLS ALPHABET IRON ON PATCHES , POPART WOODEN PENCILS ASST"
13887.0,Potential Customers,"WORLD WAR 2 GLIDERS ASSTD DESIGNS, ASSORTED COLOUR BIRD ORNAMENT, ASSORTED COLOURS SILK FAN, GIRLS ALPHABET IRON ON PATCHES , POPART WOODEN PENCILS ASST"
13888.0,Loyal Customers,"SMALL CHINESE STYLE SCISSOR, BLACK AND WHITE PAISLEY FLOWER MUG, WHITE HANGING HEART T-LIGHT HOLDER, WORLD WAR 2 GLIDERS ASSTD DESIGNS, ASSORTED COLOUR BIRD ORNAMENT"
13889.0,Loyal Customers,"SMALL CHINESE STYLE SCISSOR, BLACK AND WHITE PAISLEY FLOWER MUG, WHITE HANGING HEART T-LIGHT HOLDER, WORLD WAR 2 GLIDERS ASSTD DESIGNS, ASSORTED COLOUR BIRD ORNAMENT"
13891.0,At Risk Customers,"GIRLS ALPHABET IRON ON PATCHES , WHITE HANGING HEART T-LIGHT HOLDER, ASSTD DESIGN BUBBLE GUM RING, LUNCH BAG  BLACK SKULL., WORLD WAR 2 GLIDERS ASSTD DESIGNS"
13893.0,Potential Customers,"WORLD WAR 2 GLIDERS ASSTD DESIGNS, ASSORTED COLOUR BIRD ORNAMENT, ASSORTED COLOURS SILK FAN, GIRLS ALPHABET IRON ON PATCHES , POPART WOODEN PENCILS ASST"
13894.0,Potential Customers,"WORLD WAR 2 GLIDERS ASSTD DESIGNS, ASSORTED COLOUR BIRD ORNAMENT, ASSORTED COLOURS SILK FAN, GIRLS ALPHABET IRON ON PATCHES , POPART WOODEN PENCILS ASST"
13896.0,At Risk Customers,"GIRLS ALPHABET IRON ON PATCHES , WHITE HANGING HEART T-LIGHT HOLDER, ASSTD DESIGN BUBBLE GUM RING, LUNCH BAG  BLACK SKULL., WORLD WAR 2 GLIDERS ASSTD DESIGNS"
13898.0,At Risk Customers,"GIRLS ALPHABET IRON ON PATCHES , WHITE HANGING HEART T-LIGHT HOLDER, ASSTD DESIGN BUBBLE GUM RING, LUNCH BAG  BLACK SKULL., WORLD WAR 2 GLIDERS ASSTD DESIGNS"
13899.0,Potential Customers,"WORLD WAR 2 GLIDERS ASSTD DESIGNS, ASSORTED COLOUR BIRD ORNAMENT, ASSORTED COLOURS SILK FAN, GIRLS ALPHABET IRON ON PATCHES , POPART WOODEN PENCILS ASST"
13900.0,Loyal Customers,"SMALL CHINESE STYLE SCISSOR, BLACK AND WHITE PAISLEY FLOWER MUG, WHITE HANGING HEART T-LIGHT HOLDER, WORLD WAR 2 GLIDERS ASSTD DESIGNS, ASSORTED COLOUR BIRD ORNAMENT"
13902.0,Loyal Customers,"SMALL CHINESE STYLE SCISSOR, BLACK AND WHITE PAISLEY FLOWER MUG, WHITE HANGING HEART T-LIGHT HOLDER, WORLD WAR 2 GLIDERS ASSTD DESIGNS, ASSORTED COLOUR BIRD ORNAMENT"
13903.0,At Risk Customers,"GIRLS ALPHABET IRON ON PATCHES , WHITE HANGING HEART T-LIGHT HOLDER, ASSTD DESIGN BUBBLE GUM RING, LUNCH BAG  BLACK SKULL., WORLD WAR 2 GLIDERS ASSTD DESIGNS"
13904.0,Potential Customers,"WORLD WAR 2 GLIDERS ASSTD DESIGNS, ASSORTED COLOUR BIRD ORNAMENT, ASSORTED COLOURS SILK FAN, GIRLS ALPHABET IRON ON PATCHES , POPART WOODEN PENCILS ASST"
13905.0,At Risk Customers,"GIRLS ALPHABET IRON ON PATCHES , WHITE HANGING HEART T-LIGHT HOLDER, ASSTD DESIGN BUBBLE GUM RING, LUNCH BAG  BLACK SKULL., WORLD WAR 2 GLIDERS ASSTD DESIGNS"
13906.0,At Risk Customers,"GIRLS ALPHABET IRON ON PATCHES , WHITE HANGING HEART T-LIGHT HOLDER, ASSTD DESIGN BUBBLE GUM RING, LUNCH BAG  BLACK SKULL., WORLD WAR 2 GLIDERS ASSTD DESIGNS"
13907.0,At Risk Customers,"GIRLS ALPHABET IRON ON PATCHES , WHITE HANGING HEART T-LIGHT HOLDER, ASSTD DESIGN BUBBLE GUM RING, LUNCH BAG  BLACK SKULL., WORLD WAR 2 GLIDERS ASSTD DESIGNS"
13909.0,At Risk Customers,"GIRLS ALPHABET IRON ON PATCHES , WHITE HANGING HEART T-LIGHT HOLDER, ASSTD DESIGN BUBBLE GUM RING, LUNCH BAG  BLACK SKULL., WORLD WAR 2 GLIDERS ASSTD DESIGNS"
13912.0,At Risk Customers,"GIRLS ALPHABET IRON ON PATCHES , WHITE HANGING HEART T-LIGHT HOLDER, ASSTD DESIGN BUBBLE GUM RING, LUNCH BAG  BLACK SKULL., WORLD WAR 2 GLIDERS ASSTD DESIGNS"
13913.0,At Risk Customers,"GIRLS ALPHABET IRON ON PATCHES , WHITE HANGING HEART T-LIGHT HOLDER, ASSTD DESIGN BUBBLE GUM RING, LUNCH BAG  BLACK SKULL., WORLD WAR 2 GLIDERS ASSTD DESIGNS"
13915.0,At Risk Customers,"GIRLS ALPHABET IRON ON PATCHES , WHITE HANGING HEART T-LIGHT HOLDER, ASSTD DESIGN BUBBLE GUM RING, LUNCH BAG  BLACK SKULL., WORLD WAR 2 GLIDERS ASSTD DESIGNS"
13916.0,At Risk Customers,"GIRLS ALPHABET IRON ON PATCHES , WHITE HANGING HEART T-LIGHT HOLDER, ASSTD DESIGN BUBBLE GUM RING, LUNCH BAG  BLACK SKULL., WORLD WAR 2 GLIDERS ASSTD DESIGNS"
13917.0,Potential Customers,"WORLD WAR 2 GLIDERS ASSTD DESIGNS, ASSORTED COLOUR BIRD ORNAMENT, ASSORTED COLOURS SILK FAN, GIRLS ALPHABET IRON ON PATCHES , POPART WOODEN PENCILS ASST"
13918.0,Potential Customers,"WORLD WAR 2 GLIDERS ASSTD DESIGNS, ASSORTED COLOUR BIRD ORNAMENT, ASSORTED COLOURS SILK FAN, GIRLS ALPHABET IRON ON PATCHES , POPART WOODEN PENCILS ASST"
13920.0,At Risk Customers,"GIRLS ALPHABET IRON ON PATCHES , WHITE HANGING HEART T-LIGHT HOLDER, ASSTD DESIGN BUBBLE GUM RING, LUNCH BAG  BLACK SKULL., WORLD WAR 2 GLIDERS ASSTD DESIGNS"
13921.0,At Risk Customers,"GIRLS ALPHABET IRON ON PATCHES , WHITE HANGING HEART T-LIGHT HOLDER, ASSTD DESIGN BUBBLE GUM RING, LUNCH BAG  BLACK SKULL., WORLD WAR 2 GLIDERS ASSTD DESIGNS"
13922.0,At Risk Customers,"GIRLS ALPHABET IRON ON PATCHES , WHITE HANGING HEART T-LIGHT HOLDER, ASSTD DESIGN BUBBLE GUM RING, LUNCH BAG  BLACK SKULL., WORLD WAR 2 GLIDERS ASSTD DESIGNS"
13923.0,Potential Customers,"WORLD WAR 2 GLIDERS ASSTD DESIGNS, ASSORTED COLOUR BIRD ORNAMENT, ASSORTED COLOURS SILK FAN, GIRLS ALPHABET IRON ON PATCHES , POPART WOODEN PENCILS ASST"
13925.0,Loyal Customers,"SMALL CHINESE STYLE SCISSOR, BLACK AND WHITE PAISLEY FLOWER MUG, WHITE HANGING HEART T-LIGHT HOLDER, WORLD WAR 2 GLIDERS ASSTD DESIGNS, ASSORTED COLOUR BIRD ORNAMENT"
13926.0,Potential Customers,"WORLD WAR 2 GLIDERS ASSTD DESIGNS, ASSORTED COLOUR BIRD ORNAMENT, ASSORTED COLOURS SILK FAN, GIRLS ALPHABET IRON ON PATCHES , POPART WOODEN PENCILS ASST"
13928.0,Potential Customers,"WORLD WAR 2 GLIDERS ASSTD DESIGNS, ASSORTED COLOUR BIRD ORNAMENT, ASSORTED COLOURS SILK FAN, GIRLS ALPHABET IRON ON PATCHES , POPART WOODEN PENCILS ASST"
13929.0,Loyal Customers,"SMALL CHINESE STYLE SCISSOR, BLACK AND WHITE PAISLEY FLOWER MUG, WHITE HANGING HEART T-LIGHT HOLDER, WORLD WAR 2 GLIDERS ASSTD DESIGNS, ASSORTED COLOUR BIRD ORNAMENT"
13930.0,Potential Customers,"WORLD WAR 2 GLIDERS ASSTD DESIGNS, ASSORTED COLOUR BIRD ORNAMENT, ASSORTED COLOURS SILK FAN, GIRLS ALPHABET IRON ON PATCHES , POPART WOODEN PENCILS ASST"
13932.0,At Risk Customers,"GIRLS ALPHABET IRON ON PATCHES , WHITE HANGING HEART T-LIGHT HOLDER, ASSTD DESIGN BUBBLE GUM RING, LUNCH BAG  BLACK SKULL., WORLD WAR 2 GLIDERS ASSTD DESIGNS"
13933.0,Potential Customers,"WORLD WAR 2 GLIDERS ASSTD DESIGNS, ASSORTED COLOUR BIRD ORNAMENT, ASSORTED COLOURS SILK FAN, GIRLS ALPHABET IRON ON PATCHES , POPART WOODEN PENCILS ASST"
13934.0,Potential Customers,"WORLD WAR 2 GLIDERS ASSTD DESIGNS, ASSORTED COLOUR BIRD ORNAMENT, ASSORTED COLOURS SILK FAN, GIRLS ALPHABET IRON ON PATCHES , POPART WOODEN PENCILS ASST"
13935.0,At Risk Customers,"GIRLS ALPHABET IRON ON PATCHES , WHITE HANGING HEART T-LIGHT HOLDER, ASSTD DESIGN BUBBLE GUM RING, LUNCH BAG  BLACK SKULL., WORLD WAR 2 GLIDERS ASSTD DESIGNS"
13936.0,Loyal Customers,"SMALL CHINESE STYLE SCISSOR, BLACK AND WHITE PAISLEY FLOWER MUG, WHITE HANGING HEART T-LIGHT HOLDER, WORLD WAR 2 GLIDERS ASSTD DESIGNS, ASSORTED COLOUR BIRD ORNAMENT"
13937.0,Potential Customers,"WORLD WAR 2 GLIDERS ASSTD DESIGNS, ASSORTED COLOUR BIRD ORNAMENT, ASSORTED COLOURS SILK FAN, GIRLS ALPHABET IRON ON PATCHES , POPART WOODEN PENCILS ASST"
13938.0,Potential Customers,"WORLD WAR 2 GLIDERS ASSTD DESIGNS, ASSORTED COLOUR BIRD ORNAMENT, ASSORTED COLOURS SILK FAN, GIRLS ALPHABET IRON ON PATCHES , POPART WOODEN PENCILS ASST"
13940.0,Loyal Customers,"SMALL CHINESE STYLE SCISSOR, BLACK AND WHITE PAISLEY FLOWER MUG, WHITE HANGING HEART T-LIGHT HOLDER, WORLD WAR 2 GLIDERS ASSTD DESIGNS, ASSORTED COLOUR BIRD ORNAMENT"
13942.0,At Risk Customers,"GIRLS ALPHABET IRON ON PATCHES , WHITE HANGING HEART T-LIGHT HOLDER, ASSTD DESIGN BUBBLE GUM RING, LUNCH BAG  BLACK SKULL., WORLD WAR 2 GLIDERS ASSTD DESIGNS"
13943.0,At Risk Customers,"GIRLS ALPHABET IRON ON PATCHES , WHITE HANGING HEART T-LIGHT HOLDER, ASSTD DESIGN BUBBLE GUM RING, LUNCH BAG  BLACK SKULL., WORLD WAR 2 GLIDERS ASSTD DESIGNS"
13944.0,At Risk Customers,"GIRLS ALPHABET IRON ON PATCHES , WHITE HANGING HEART T-LIGHT HOLDER, ASSTD DESIGN BUBBLE GUM RING, LUNCH BAG  BLACK SKULL., WORLD WAR 2 GLIDERS ASSTD DESIGNS"
13945.0,At Risk Customers,"GIRLS ALPHABET IRON ON PATCHES , WHITE HANGING HEART T-LIGHT HOLDER, ASSTD DESIGN BUBBLE GUM RING, LUNCH BAG  BLACK SKULL., WORLD WAR 2 GLIDERS ASSTD DESIGNS"
13947.0,Potential Customers,"WORLD WAR 2 GLIDERS ASSTD DESIGNS, ASSORTED COLOUR BIRD ORNAMENT, ASSORTED COLOURS SILK FAN, GIRLS ALPHABET IRON ON PATCHES , POPART WOODEN PENCILS ASST"
13950.0,Loyal Customers,"SMALL CHINESE STYLE SCISSOR, BLACK AND WHITE PAISLEY FLOWER MUG, WHITE HANGING HEART T-LIGHT HOLDER, WORLD WAR 2 GLIDERS ASSTD DESIGNS, ASSORTED COLOUR BIRD ORNAMENT"
13951.0,Potential Customers,"WORLD WAR 2 GLIDERS ASSTD DESIGNS, ASSORTED COLOUR BIRD ORNAMENT, ASSORTED COLOURS SILK FAN, GIRLS ALPHABET IRON ON PATCHES , POPART WOODEN PENCILS ASST"
13952.0,Champions,"WORLD WAR 2 GLIDERS ASSTD DESIGNS, PAPER CRAFT , LITTLE BIRDIE, MEDIUM CERAMIC TOP STORAGE JAR, WHITE HANGING HEART T-LIGHT HOLDER, JUMBO BAG RED RETROSPOT"
13954.0,Potential Customers,"WORLD WAR 2 GLIDERS ASSTD DESIGNS, ASSORTED COLOUR BIRD ORNAMENT, ASSORTED COLOURS SILK FAN, GIRLS ALPHABET IRON ON PATCHES , POPART WOODEN PENCILS ASST"
13955.0,Potential Customers,"WORLD WAR 2 GLIDERS ASSTD DESIGNS, ASSORTED COLOUR BIRD ORNAMENT, ASSORTED COLOURS SILK FAN, GIRLS ALPHABET IRON ON PATCHES , POPART WOODEN PENCILS ASST"
13956.0,Loyal Customers,"SMALL CHINESE STYLE SCISSOR, BLACK AND WHITE PAISLEY FLOWER MUG, WHITE HANGING HEART T-LIGHT HOLDER, WORLD WAR 2 GLIDERS ASSTD DESIGNS, ASSORTED COLOUR BIRD ORNAMENT"
13957.0,At Risk Customers,"GIRLS ALPHABET IRON ON PATCHES , WHITE HANGING HEART T-LIGHT HOLDER, ASSTD DESIGN BUBBLE GUM RING, LUNCH BAG  BLACK SKULL., WORLD WAR 2 GLIDERS ASSTD DESIGNS"
13960.0,Potential Customers,"WORLD WAR 2 GLIDERS ASSTD DESIGNS, ASSORTED COLOUR BIRD ORNAMENT, ASSORTED COLOURS SILK FAN, GIRLS ALPHABET IRON ON PATCHES , POPART WOODEN PENCILS ASST"
13961.0,At Risk Customers,"GIRLS ALPHABET IRON ON PATCHES , WHITE HANGING HEART T-LIGHT HOLDER, ASSTD DESIGN BUBBLE GUM RING, LUNCH BAG  BLACK SKULL., WORLD WAR 2 GLIDERS ASSTD DESIGNS"
13964.0,At Risk Customers,"GIRLS ALPHABET IRON ON PATCHES , WHITE HANGING HEART T-LIGHT HOLDER, ASSTD DESIGN BUBBLE GUM RING, LUNCH BAG  BLACK SKULL., WORLD WAR 2 GLIDERS ASSTD DESIGNS"
13965.0,At Risk Customers,"GIRLS ALPHABET IRON ON PATCHES , WHITE HANGING HEART T-LIGHT HOLDER, ASSTD DESIGN BUBBLE GUM RING, LUNCH BAG  BLACK SKULL., WORLD WAR 2 GLIDERS ASSTD DESIGNS"
13966.0,At Risk Customers,"GIRLS ALPHABET IRON ON PATCHES , WHITE HANGING HEART T-LIGHT HOLDER, ASSTD DESIGN BUBBLE GUM RING, LUNCH BAG  BLACK SKULL., WORLD WAR 2 GLIDERS ASSTD DESIGNS"
13967.0,Potential Customers,"WORLD WAR 2 GLIDERS ASSTD DESIGNS, ASSORTED COLOUR BIRD ORNAMENT, ASSORTED COLOURS SILK FAN, GIRLS ALPHABET IRON ON PATCHES , POPART WOODEN PENCILS ASST"
13968.0,At Risk Customers,"GIRLS ALPHABET IRON ON PATCHES , WHITE HANGING HEART T-LIGHT HOLDER, ASSTD DESIGN BUBBLE GUM RING, LUNCH BAG  BLACK SKULL., WORLD WAR 2 GLIDERS ASSTD DESIGNS"
13970.0,At Risk Customers,"GIRLS ALPHABET IRON ON PATCHES , WHITE HANGING HEART T-LIGHT HOLDER, ASSTD DESIGN BUBBLE GUM RING, LUNCH BAG  BLACK SKULL., WORLD WAR 2 GLIDERS ASSTD DESIGNS"
13972.0,Potential Customers,"WORLD WAR 2 GLIDERS ASSTD DESIGNS, ASSORTED COLOUR BIRD ORNAMENT, ASSORTED COLOURS SILK FAN, GIRLS ALPHABET IRON ON PATCHES , POPART WOODEN PENCILS ASST"
13973.0,Potential Customers,"WORLD WAR 2 GLIDERS ASSTD DESIGNS, ASSORTED COLOUR BIRD ORNAMENT, ASSORTED COLOURS SILK FAN, GIRLS ALPHABET IRON ON PATCHES , POPART WOODEN PENCILS ASST"
13976.0,Loyal Customers,"SMALL CHINESE STYLE SCISSOR, BLACK AND WHITE PAISLEY FLOWER MUG, WHITE HANGING HEART T-LIGHT HOLDER, WORLD WAR 2 GLIDERS ASSTD DESIGNS, ASSORTED COLOUR BIRD ORNAMENT"
13977.0,At Risk Customers,"GIRLS ALPHABET IRON ON PATCHES , WHITE HANGING HEART T-LIGHT HOLDER, ASSTD DESIGN BUBBLE GUM RING, LUNCH BAG  BLACK SKULL., WORLD WAR 2 GLIDERS ASSTD DESIGNS"
13981.0,At Risk Customers,"GIRLS ALPHABET IRON ON PATCHES , WHITE HANGING HEART T-LIGHT HOLDER, ASSTD DESIGN BUBBLE GUM RING, LUNCH BAG  BLACK SKULL., WORLD WAR 2 GLIDERS ASSTD DESIGNS"
13986.0,Potential Customers,"WORLD WAR 2 GLIDERS ASSTD DESIGNS, ASSORTED COLOUR BIRD ORNAMENT, ASSORTED COLOURS SILK FAN, GIRLS ALPHABET IRON ON PATCHES , POPART WOODEN PENCILS ASST"
13987.0,At Risk Customers,"GIRLS ALPHABET IRON ON PATCHES , WHITE HANGING HEART T-LIGHT HOLDER, ASSTD DESIGN BUBBLE GUM RING, LUNCH BAG  BLACK SKULL., WORLD WAR 2 GLIDERS ASSTD DESIGNS"
13990.0,Potential Customers,"WORLD WAR 2 GLIDERS ASSTD DESIGNS, ASSORTED COLOUR BIRD ORNAMENT, ASSORTED COLOURS SILK FAN, GIRLS ALPHABET IRON ON PATCHES , POPART WOODEN PENCILS ASST"
13997.0,At Risk Customers,"GIRLS ALPHABET IRON ON PATCHES , WHITE HANGING HEART T-LIGHT HOLDER, ASSTD DESIGN BUBBLE GUM RING, LUNCH BAG  BLACK SKULL., WORLD WAR 2 GLIDERS ASSTD DESIGNS"
13998.0,At Risk Customers,"GIRLS ALPHABET IRON ON PATCHES , WHITE HANGING HEART T-LIGHT HOLDER, ASSTD DESIGN BUBBLE GUM RING, LUNCH BAG  BLACK SKULL., WORLD WAR 2 GLIDERS ASSTD DESIGNS"
14003.0,At Risk Customers,"GIRLS ALPHABET IRON ON PATCHES , WHITE HANGING HEART T-LIGHT HOLDER, ASSTD DESIGN BUBBLE GUM RING, LUNCH BAG  BLACK SKULL., WORLD WAR 2 GLIDERS ASSTD DESIGNS"
14006.0,Loyal Customers,"SMALL CHINESE STYLE SCISSOR, BLACK AND WHITE PAISLEY FLOWER MUG, WHITE HANGING HEART T-LIGHT HOLDER, WORLD WAR 2 GLIDERS ASSTD DESIGNS, ASSORTED COLOUR BIRD ORNAMENT"
14007.0,At Risk Customers,"GIRLS ALPHABET IRON ON PATCHES , WHITE HANGING HEART T-LIGHT HOLDER, ASSTD DESIGN BUBBLE GUM RING, LUNCH BAG  BLACK SKULL., WORLD WAR 2 GLIDERS ASSTD DESIGNS"
14008.0,At Risk Customers,"GIRLS ALPHABET IRON ON PATCHES , WHITE HANGING HEART T-LIGHT HOLDER, ASSTD DESIGN BUBBLE GUM RING, LUNCH BAG  BLACK SKULL., WORLD WAR 2 GLIDERS ASSTD DESIGNS"
14009.0,Loyal Customers,"SMALL CHINESE STYLE SCISSOR, BLACK AND WHITE PAISLEY FLOWER MUG, WHITE HANGING HEART T-LIGHT HOLDER, WORLD WAR 2 GLIDERS ASSTD DESIGNS, ASSORTED COLOUR BIRD ORNAMENT"
14010.0,At Risk Customers,"GIRLS ALPHABET IRON ON PATCHES , WHITE HANGING HEART T-LIGHT HOLDER, ASSTD DESIGN BUBBLE GUM RING, LUNCH BAG  BLACK SKULL., WORLD WAR 2 GLIDERS ASSTD DESIGNS"
14011.0,At Risk Customers,"GIRLS ALPHABET IRON ON PATCHES , WHITE HANGING HEART T-LIGHT HOLDER, ASSTD DESIGN BUBBLE GUM RING, LUNCH BAG  BLACK SKULL., WORLD WAR 2 GLIDERS ASSTD DESIGNS"
14012.0,Potential Customers,"WORLD WAR 2 GLIDERS ASSTD DESIGNS, ASSORTED COLOUR BIRD ORNAMENT, ASSORTED COLOURS SILK FAN, GIRLS ALPHABET IRON ON PATCHES , POPART WOODEN PENCILS ASST"
14015.0,Potential Customers,"WORLD WAR 2 GLIDERS ASSTD DESIGNS, ASSORTED COLOUR BIRD ORNAMENT, ASSORTED COLOURS SILK FAN, GIRLS ALPHABET IRON ON PATCHES , POPART WOODEN PENCILS ASST"
14016.0,Champions,"WORLD WAR 2 GLIDERS ASSTD DESIGNS, PAPER CRAFT , LITTLE BIRDIE, MEDIUM CERAMIC TOP STORAGE JAR, WHITE HANGING HEART T-LIGHT HOLDER, JUMBO BAG RED RETROSPOT"
14017.0,At Risk Customers,"GIRLS ALPHABET IRON ON PATCHES , WHITE HANGING HEART T-LIGHT HOLDER, ASSTD DESIGN BUBBLE GUM RING, LUNCH BAG  BLACK SKULL., WORLD WAR 2 GLIDERS ASSTD DESIGNS"
14018.0,At Risk Customers,"GIRLS ALPHABET IRON ON PATCHES , WHITE HANGING HEART T-LIGHT HOLDER, ASSTD DESIGN BUBBLE GUM RING, LUNCH BAG  BLACK SKULL., WORLD WAR 2 GLIDERS ASSTD DESIGNS"
14021.0,Loyal Customers,"SMALL CHINESE STYLE SCISSOR, BLACK AND WHITE PAISLEY FLOWER MUG, WHITE HANGING HEART T-LIGHT HOLDER, WORLD WAR 2 GLIDERS ASSTD DESIGNS, ASSORTED COLOUR BIRD ORNAMENT"
14022.0,Potential Customers,"WORLD WAR 2 GLIDERS ASSTD DESIGNS, ASSORTED COLOUR BIRD ORNAMENT, ASSORTED COLOURS SILK FAN, GIRLS ALPHABET IRON ON PATCHES , POPART WOODEN PENCILS ASST"
14023.0,Potential Customers,"WORLD WAR 2 GLIDERS ASSTD DESIGNS, ASSORTED COLOUR BIRD ORNAMENT, ASSORTED COLOURS SILK FAN, GIRLS ALPHABET IRON ON PATCHES , POPART WOODEN PENCILS ASST"
14024.0,Potential Customers,"WORLD WAR 2 GLIDERS ASSTD DESIGNS, ASSORTED COLOUR BIRD ORNAMENT, ASSORTED COLOURS SILK FAN, GIRLS ALPHABET IRON ON PATCHES , POPART WOODEN PENCILS ASST"
14025.0,Loyal Customers,"SMALL CHINESE STYLE SCISSOR, BLACK AND WHITE PAISLEY FLOWER MUG, WHITE HANGING HEART T-LIGHT HOLDER, WORLD WAR 2 GLIDERS ASSTD DESIGNS, ASSORTED COLOUR BIRD ORNAMENT"
14026.0,At Risk Customers,"GIRLS ALPHABET IRON ON PATCHES , WHITE HANGING HEART T-LIGHT HOLDER, ASSTD DESIGN BUBBLE GUM RING, LUNCH BAG  BLACK SKULL., WORLD WAR 2 GLIDERS ASSTD DESIGNS"
14027.0,Potential Customers,"WORLD WAR 2 GLIDERS ASSTD DESIGNS, ASSORTED COLOUR BIRD ORNAMENT, ASSORTED COLOURS SILK FAN, GIRLS ALPHABET IRON ON PATCHES , POPART WOODEN PENCILS ASST"
14028.0,At Risk Customers,"GIRLS ALPHABET IRON ON PATCHES , WHITE HANGING HEART T-LIGHT HOLDER, ASSTD DESIGN BUBBLE GUM RING, LUNCH BAG  BLACK SKULL., WORLD WAR 2 GLIDERS ASSTD DESIGNS"
14029.0,Potential Customers,"WORLD WAR 2 GLIDERS ASSTD DESIGNS, ASSORTED COLOUR BIRD ORNAMENT, ASSORTED COLOURS SILK FAN, GIRLS ALPHABET IRON ON PATCHES , POPART WOODEN PENCILS ASST"
14033.0,At Risk Customers,"GIRLS ALPHABET IRON ON PATCHES , WHITE HANGING HEART T-LIGHT HOLDER, ASSTD DESIGN BUBBLE GUM RING, LUNCH BAG  BLACK SKULL., WORLD WAR 2 GLIDERS ASSTD DESIGNS"
14034.0,Potential Customers,"WORLD WAR 2 GLIDERS ASSTD DESIGNS, ASSORTED COLOUR BIRD ORNAMENT, ASSORTED COLOURS SILK FAN, GIRLS ALPHABET IRON ON PATCHES , POPART WOODEN PENCILS ASST"
14036.0,Potential Customers,"WORLD WAR 2 GLIDERS ASSTD DESIGNS, ASSORTED COLOUR BIRD ORNAMENT, ASSORTED COLOURS SILK FAN, GIRLS ALPHABET IRON ON PATCHES , POPART WOODEN PENCILS ASST"
14041.0,Potential Customers,"WORLD WAR 2 GLIDERS ASSTD DESIGNS, ASSORTED COLOUR BIRD ORNAMENT, ASSORTED COLOURS SILK FAN, GIRLS ALPHABET IRON ON PATCHES , POPART WOODEN PENCILS ASST"
14042.0,At Risk Customers,"GIRLS ALPHABET IRON ON PATCHES , WHITE HANGING HEART T-LIGHT HOLDER, ASSTD DESIGN BUBBLE GUM RING, LUNCH BAG  BLACK SKULL., WORLD WAR 2 GLIDERS ASSTD DESIGNS"
14043.0,At Risk Customers,"GIRLS ALPHABET IRON ON PATCHES , WHITE HANGING HEART T-LIGHT HOLDER, ASSTD DESIGN BUBBLE GUM RING, LUNCH BAG  BLACK SKULL., WORLD WAR 2 GLIDERS ASSTD DESIGNS"
14045.0,Champions,"WORLD WAR 2 GLIDERS ASSTD DESIGNS, PAPER CRAFT , LITTLE BIRDIE, MEDIUM CERAMIC TOP STORAGE JAR, WHITE HANGING HEART T-LIGHT HOLDER, JUMBO BAG RED RETROSPOT"
14046.0,Potential Customers,"WORLD WAR 2 GLIDERS ASSTD DESIGNS, ASSORTED COLOUR BIRD ORNAMENT, ASSORTED COLOURS SILK FAN, GIRLS ALPHABET IRON ON PATCHES , POPART WOODEN PENCILS ASST"
14050.0,Potential Customers,"WORLD WAR 2 GLIDERS ASSTD DESIGNS, ASSORTED COLOUR BIRD ORNAMENT, ASSORTED COLOURS SILK FAN, GIRLS ALPHABET IRON ON PATCHES , POPART WOODEN PENCILS ASST"
14053.0,Potential Customers,"WORLD WAR 2 GLIDERS ASSTD DESIGNS, ASSORTED COLOUR BIRD ORNAMENT, ASSORTED COLOURS SILK FAN, GIRLS ALPHABET IRON ON PATCHES , POPART WOODEN PENCILS ASST"
14054.0,Potential Customers,"WORLD WAR 2 GLIDERS ASSTD DESIGNS, ASSORTED COLOUR BIRD ORNAMENT, ASSORTED COLOURS SILK FAN, GIRLS ALPHABET IRON ON PATCHES , POPART WOODEN PENCILS ASST"
14055.0,Loyal Customers,"SMALL CHINESE STYLE SCISSOR, BLACK AND WHITE PAISLEY FLOWER MUG, WHITE HANGING HEART T-LIGHT HOLDER, WORLD WAR 2 GLIDERS ASSTD DESIGNS, ASSORTED COLOUR BIRD ORNAMENT"
14058.0,At Risk Customers,"GIRLS ALPHABET IRON ON PATCHES , WHITE HANGING HEART T-LIGHT HOLDER, ASSTD DESIGN BUBBLE GUM RING, LUNCH BAG  BLACK SKULL., WORLD WAR 2 GLIDERS ASSTD DESIGNS"
14059.0,Potential Customers,"WORLD WAR 2 GLIDERS ASSTD DESIGNS, ASSORTED COLOUR BIRD ORNAMENT, ASSORTED COLOURS SILK FAN, GIRLS ALPHABET IRON ON PATCHES , POPART WOODEN PENCILS ASST"
14061.0,At Risk Customers,"GIRLS ALPHABET IRON ON PATCHES , WHITE HANGING HEART T-LIGHT HOLDER, ASSTD DESIGN BUBBLE GUM RING, LUNCH BAG  BLACK SKULL., WORLD WAR 2 GLIDERS ASSTD DESIGNS"
14063.0,Champions,"WORLD WAR 2 GLIDERS ASSTD DESIGNS, PAPER CRAFT , LITTLE BIRDIE, MEDIUM CERAMIC TOP STORAGE JAR, WHITE HANGING HEART T-LIGHT HOLDER, JUMBO BAG RED RETROSPOT"
14066.0,Potential Customers,"WORLD WAR 2 GLIDERS ASSTD DESIGNS, ASSORTED COLOUR BIRD ORNAMENT, ASSORTED COLOURS SILK FAN, GIRLS ALPHABET IRON ON PATCHES , POPART WOODEN PENCILS ASST"
14068.0,Loyal Customers,"SMALL CHINESE STYLE SCISSOR, BLACK AND WHITE PAISLEY FLOWER MUG, WHITE HANGING HEART T-LIGHT HOLDER, WORLD WAR 2 GLIDERS ASSTD DESIGNS, ASSORTED COLOUR BIRD ORNAMENT"
14069.0,At Risk Customers,"GIRLS ALPHABET IRON ON PATCHES , WHITE HANGING HEART T-LIGHT HOLDER, ASSTD DESIGN BUBBLE GUM RING, LUNCH BAG  BLACK SKULL., WORLD WAR 2 GLIDERS ASSTD DESIGNS"
14070.0,At Risk Customers,"GIRLS ALPHABET IRON ON PATCHES , WHITE HANGING HEART T-LIGHT HOLDER, ASSTD DESIGN BUBBLE GUM RING, LUNCH BAG  BLACK SKULL., WORLD WAR 2 GLIDERS ASSTD DESIGNS"
14072.0,At Risk Customers,"GIRLS ALPHABET IRON ON PATCHES , WHITE HANGING HEART T-LIGHT HOLDER, ASSTD DESIGN BUBBLE GUM RING, LUNCH BAG  BLACK SKULL., WORLD WAR 2 GLIDERS ASSTD DESIGNS"
14073.0,Potential Customers,"WORLD WAR 2 GLIDERS ASSTD DESIGNS, ASSORTED COLOUR BIRD ORNAMENT, ASSORTED COLOURS SILK FAN, GIRLS ALPHABET IRON ON PATCHES , POPART WOODEN PENCILS ASST"
14074.0,At Risk Customers,"GIRLS ALPHABET IRON ON PATCHES , WHITE HANGING HEART T-LIGHT HOLDER, ASSTD DESIGN BUBBLE GUM RING, LUNCH BAG  BLACK SKULL., WORLD WAR 2 GLIDERS ASSTD DESIGNS"
14076.0,Potential Customers,"WORLD WAR 2 GLIDERS ASSTD DESIGNS, ASSORTED COLOUR BIRD ORNAMENT, ASSORTED COLOURS SILK FAN, GIRLS ALPHABET IRON ON PATCHES , POPART WOODEN PENCILS ASST"
14077.0,Loyal Customers,"SMALL CHINESE STYLE SCISSOR, BLACK AND WHITE PAISLEY FLOWER MUG, WHITE HANGING HEART T-LIGHT HOLDER, WORLD WAR 2 GLIDERS ASSTD DESIGNS, ASSORTED COLOUR BIRD ORNAMENT"
14078.0,Loyal Customers,"SMALL CHINESE STYLE SCISSOR, BLACK AND WHITE PAISLEY FLOWER MUG, WHITE HANGING HEART T-LIGHT HOLDER, WORLD WAR 2 GLIDERS ASSTD DESIGNS, ASSORTED COLOUR BIRD ORNAMENT"
14082.0,At Risk Customers,"GIRLS ALPHABET IRON ON PATCHES , WHITE HANGING HEART T-LIGHT HOLDER, ASSTD DESIGN BUBBLE GUM RING, LUNCH BAG  BLACK SKULL., WORLD WAR 2 GLIDERS ASSTD DESIGNS"
14084.0,At Risk Customers,"GIRLS ALPHABET IRON ON PATCHES , WHITE HANGING HEART T-LIGHT HOLDER, ASSTD DESIGN BUBBLE GUM RING, LUNCH BAG  BLACK SKULL., WORLD WAR 2 GLIDERS ASSTD DESIGNS"
14086.0,At Risk Customers,"GIRLS ALPHABET IRON ON PATCHES , WHITE HANGING HEART T-LIGHT HOLDER, ASSTD DESIGN BUBBLE GUM RING, LUNCH BAG  BLACK SKULL., WORLD WAR 2 GLIDERS ASSTD DESIGNS"
14089.0,Potential Customers,"WORLD WAR 2 GLIDERS ASSTD DESIGNS, ASSORTED COLOUR BIRD ORNAMENT, ASSORTED COLOURS SILK FAN, GIRLS ALPHABET IRON ON PATCHES , POPART WOODEN PENCILS ASST"
14090.0,At Risk Customers,"GIRLS ALPHABET IRON ON PATCHES , WHITE HANGING HEART T-LIGHT HOLDER, ASSTD DESIGN BUBBLE GUM RING, LUNCH BAG  BLACK SKULL., WORLD WAR 2 GLIDERS ASSTD DESIGNS"
14091.0,At Risk Customers,"GIRLS ALPHABET IRON ON PATCHES , WHITE HANGING HEART T-LIGHT HOLDER, ASSTD DESIGN BUBBLE GUM RING, LUNCH BAG  BLACK SKULL., WORLD WAR 2 GLIDERS ASSTD DESIGNS"
14094.0,At Risk Customers,"GIRLS ALPHABET IRON ON PATCHES , WHITE HANGING HEART T-LIGHT HOLDER, ASSTD DESIGN BUBBLE GUM RING, LUNCH BAG  BLACK SKULL., WORLD WAR 2 GLIDERS ASSTD DESIGNS"
14095.0,At Risk Customers,"GIRLS ALPHABET IRON ON PATCHES , WHITE HANGING HEART T-LIGHT HOLDER, ASSTD DESIGN BUBBLE GUM RING, LUNCH BAG  BLACK SKULL., WORLD WAR 2 GLIDERS ASSTD DESIGNS"
14097.0,At Risk Customers,"GIRLS ALPHABET IRON ON PATCHES , WHITE HANGING HEART T-LIGHT HOLDER, ASSTD DESIGN BUBBLE GUM RING, LUNCH BAG  BLACK SKULL., WORLD WAR 2 GLIDERS ASSTD DESIGNS"
14098.0,Potential Customers,"WORLD WAR 2 GLIDERS ASSTD DESIGNS, ASSORTED COLOUR BIRD ORNAMENT, ASSORTED COLOURS SILK FAN, GIRLS ALPHABET IRON ON PATCHES , POPART WOODEN PENCILS ASST"
14100.0,Potential Customers,"WORLD WAR 2 GLIDERS ASSTD DESIGNS, ASSORTED COLOUR BIRD ORNAMENT, ASSORTED COLOURS SILK FAN, GIRLS ALPHABET IRON ON PATCHES , POPART WOODEN PENCILS ASST"
14105.0,Loyal Customers,"SMALL CHINESE STYLE SCISSOR, BLACK AND WHITE PAISLEY FLOWER MUG, WHITE HANGING HEART T-LIGHT HOLDER, WORLD WAR 2 GLIDERS ASSTD DESIGNS, ASSORTED COLOUR BIRD ORNAMENT"
14106.0,At Risk Customers,"GIRLS ALPHABET IRON ON PATCHES , WHITE HANGING HEART T-LIGHT HOLDER, ASSTD DESIGN BUBBLE GUM RING, LUNCH BAG  BLACK SKULL., WORLD WAR 2 GLIDERS ASSTD DESIGNS"
14109.0,Potential Customers,"WORLD WAR 2 GLIDERS ASSTD DESIGNS, ASSORTED COLOUR BIRD ORNAMENT, ASSORTED COLOURS SILK FAN, GIRLS ALPHABET IRON ON PATCHES , POPART WOODEN PENCILS ASST"
14111.0,Loyal Customers,"SMALL CHINESE STYLE SCISSOR, BLACK AND WHITE PAISLEY FLOWER MUG, WHITE HANGING HEART T-LIGHT HOLDER, WORLD WAR 2 GLIDERS ASSTD DESIGNS, ASSORTED COLOUR BIRD ORNAMENT"
14114.0,Loyal Customers,"SMALL CHINESE STYLE SCISSOR, BLACK AND WHITE PAISLEY FLOWER MUG, WHITE HANGING HEART T-LIGHT HOLDER, WORLD WAR 2 GLIDERS ASSTD DESIGNS, ASSORTED COLOUR BIRD ORNAMENT"
14115.0,At Risk Customers,"GIRLS ALPHABET IRON ON PATCHES , WHITE HANGING HEART T-LIGHT HOLDER, ASSTD DESIGN BUBBLE GUM RING, LUNCH BAG  BLACK SKULL., WORLD WAR 2 GLIDERS ASSTD DESIGNS"
14117.0,Potential Customers,"WORLD WAR 2 GLIDERS ASSTD DESIGNS, ASSORTED COLOUR BIRD ORNAMENT, ASSORTED COLOURS SILK FAN, GIRLS ALPHABET IRON ON PATCHES , POPART WOODEN PENCILS ASST"
14118.0,At Risk Customers,"GIRLS ALPHABET IRON ON PATCHES , WHITE HANGING HEART T-LIGHT HOLDER, ASSTD DESIGN BUBBLE GUM RING, LUNCH BAG  BLACK SKULL., WORLD WAR 2 GLIDERS ASSTD DESIGNS"
14119.0,At Risk Customers,"GIRLS ALPHABET IRON ON PATCHES , WHITE HANGING HEART T-LIGHT HOLDER, ASSTD DESIGN BUBBLE GUM RING, LUNCH BAG  BLACK SKULL., WORLD WAR 2 GLIDERS ASSTD DESIGNS"
14122.0,At Risk Customers,"GIRLS ALPHABET IRON ON PATCHES , WHITE HANGING HEART T-LIGHT HOLDER, ASSTD DESIGN BUBBLE GUM RING, LUNCH BAG  BLACK SKULL., WORLD WAR 2 GLIDERS ASSTD DESIGNS"
14123.0,At Risk Customers,"GIRLS ALPHABET IRON ON PATCHES , WHITE HANGING HEART T-LIGHT HOLDER, ASSTD DESIGN BUBBLE GUM RING, LUNCH BAG  BLACK SKULL., WORLD WAR 2 GLIDERS ASSTD DESIGNS"
14124.0,Potential Customers,"WORLD WAR 2 GLIDERS ASSTD DESIGNS, ASSORTED COLOUR BIRD ORNAMENT, ASSORTED COLOURS SILK FAN, GIRLS ALPHABET IRON ON PATCHES , POPART WOODEN PENCILS ASST"
14126.0,Loyal Customers,"SMALL CHINESE STYLE SCISSOR, BLACK AND WHITE PAISLEY FLOWER MUG, WHITE HANGING HEART T-LIGHT HOLDER, WORLD WAR 2 GLIDERS ASSTD DESIGNS, ASSORTED COLOUR BIRD ORNAMENT"
14127.0,Loyal Customers,"SMALL CHINESE STYLE SCISSOR, BLACK AND WHITE PAISLEY FLOWER MUG, WHITE HANGING HEART T-LIGHT HOLDER, WORLD WAR 2 GLIDERS ASSTD DESIGNS, ASSORTED COLOUR BIRD ORNAMENT"
14131.0,At Risk Customers,"GIRLS ALPHABET IRON ON PATCHES , WHITE HANGING HEART T-LIGHT HOLDER, ASSTD DESIGN BUBBLE GUM RING, LUNCH BAG  BLACK SKULL., WORLD WAR 2 GLIDERS ASSTD DESIGNS"
14133.0,Loyal Customers,"SMALL CHINESE STYLE SCISSOR, BLACK AND WHITE PAISLEY FLOWER MUG, WHITE HANGING HEART T-LIGHT HOLDER, WORLD WAR 2 GLIDERS ASSTD DESIGNS, ASSORTED COLOUR BIRD ORNAMENT"
14134.0,Champions,"WORLD WAR 2 GLIDERS ASSTD DESIGNS, PAPER CRAFT , LITTLE BIRDIE, MEDIUM CERAMIC TOP STORAGE JAR, WHITE HANGING HEART T-LIGHT HOLDER, JUMBO BAG RED RETROSPOT"
14136.0,Loyal Customers,"SMALL CHINESE STYLE SCISSOR, BLACK AND WHITE PAISLEY FLOWER MUG, WHITE HANGING HEART T-LIGHT HOLDER, WORLD WAR 2 GLIDERS ASSTD DESIGNS, ASSORTED COLOUR BIRD ORNAMENT"
14137.0,At Risk Customers,"GIRLS ALPHABET IRON ON PATCHES , WHITE HANGING HEART T-LIGHT HOLDER, ASSTD DESIGN BUBBLE GUM RING, LUNCH BAG  BLACK SKULL., WORLD WAR 2 GLIDERS ASSTD DESIGNS"
14138.0,Potential Customers,"WORLD WAR 2 GLIDERS ASSTD DESIGNS, ASSORTED COLOUR BIRD ORNAMENT, ASSORTED COLOURS SILK FAN, GIRLS ALPHABET IRON ON PATCHES , POPART WOODEN PENCILS ASST"
14141.0,Loyal Customers,"SMALL CHINESE STYLE SCISSOR, BLACK AND WHITE PAISLEY FLOWER MUG, WHITE HANGING HEART T-LIGHT HOLDER, WORLD WAR 2 GLIDERS ASSTD DESIGNS, ASSORTED COLOUR BIRD ORNAMENT"
14142.0,At Risk Customers,"GIRLS ALPHABET IRON ON PATCHES , WHITE HANGING HEART T-LIGHT HOLDER, ASSTD DESIGN BUBBLE GUM RING, LUNCH BAG  BLACK SKULL., WORLD WAR 2 GLIDERS ASSTD DESIGNS"
14143.0,Potential Customers,"WORLD WAR 2 GLIDERS ASSTD DESIGNS, ASSORTED COLOUR BIRD ORNAMENT, ASSORTED COLOURS SILK FAN, GIRLS ALPHABET IRON ON PATCHES , POPART WOODEN PENCILS ASST"
14144.0,At Risk Customers,"GIRLS ALPHABET IRON ON PATCHES , WHITE HANGING HEART T-LIGHT HOLDER, ASSTD DESIGN BUBBLE GUM RING, LUNCH BAG  BLACK SKULL., WORLD WAR 2 GLIDERS ASSTD DESIGNS"
14145.0,Champions,"WORLD WAR 2 GLIDERS ASSTD DESIGNS, PAPER CRAFT , LITTLE BIRDIE, MEDIUM CERAMIC TOP STORAGE JAR, WHITE HANGING HEART T-LIGHT HOLDER, JUMBO BAG RED RETROSPOT"
14148.0,Potential Customers,"WORLD WAR 2 GLIDERS ASSTD DESIGNS, ASSORTED COLOUR BIRD ORNAMENT, ASSORTED COLOURS SILK FAN, GIRLS ALPHABET IRON ON PATCHES , POPART WOODEN PENCILS ASST"
14149.0,Potential Customers,"WORLD WAR 2 GLIDERS ASSTD DESIGNS, ASSORTED COLOUR BIRD ORNAMENT, ASSORTED COLOURS SILK FAN, GIRLS ALPHABET IRON ON PATCHES , POPART WOODEN PENCILS ASST"
14150.0,Potential Customers,"WORLD WAR 2 GLIDERS ASSTD DESIGNS, ASSORTED COLOUR BIRD ORNAMENT, ASSORTED COLOURS SILK FAN, GIRLS ALPHABET IRON ON PATCHES , POPART WOODEN PENCILS ASST"
14151.0,At Risk Customers,"GIRLS ALPHABET IRON ON PATCHES , WHITE HANGING HEART T-LIGHT HOLDER, ASSTD DESIGN BUBBLE GUM RING, LUNCH BAG  BLACK SKULL., WORLD WAR 2 GLIDERS ASSTD DESIGNS"
14153.0,At Risk Customers,"GIRLS ALPHABET IRON ON PATCHES , WHITE HANGING HEART T-LIGHT HOLDER, ASSTD DESIGN BUBBLE GUM RING, LUNCH BAG  BLACK SKULL., WORLD WAR 2 GLIDERS ASSTD DESIGNS"
14155.0,Potential Customers,"WORLD WAR 2 GLIDERS ASSTD DESIGNS, ASSORTED COLOUR BIRD ORNAMENT, ASSORTED COLOURS SILK FAN, GIRLS ALPHABET IRON ON PATCHES , POPART WOODEN PENCILS ASST"
14158.0,Potential Customers,"WORLD WAR 2 GLIDERS ASSTD DESIGNS, ASSORTED COLOUR BIRD ORNAMENT, ASSORTED COLOURS SILK FAN, GIRLS ALPHABET IRON ON PATCHES , POPART WOODEN PENCILS ASST"
14160.0,Loyal Customers,"SMALL CHINESE STYLE SCISSOR, BLACK AND WHITE PAISLEY FLOWER MUG, WHITE HANGING HEART T-LIGHT HOLDER, WORLD WAR 2 GLIDERS ASSTD DESIGNS, ASSORTED COLOUR BIRD ORNAMENT"
14162.0,Potential Customers,"WORLD WAR 2 GLIDERS ASSTD DESIGNS, ASSORTED COLOUR BIRD ORNAMENT, ASSORTED COLOURS SILK FAN, GIRLS ALPHABET IRON ON PATCHES , POPART WOODEN PENCILS ASST"
14164.0,Loyal Customers,"SMALL CHINESE STYLE SCISSOR, BLACK AND WHITE PAISLEY FLOWER MUG, WHITE HANGING HEART T-LIGHT HOLDER, WORLD WAR 2 GLIDERS ASSTD DESIGNS, ASSORTED COLOUR BIRD ORNAMENT"
14165.0,Potential Customers,"WORLD WAR 2 GLIDERS ASSTD DESIGNS, ASSORTED COLOUR BIRD ORNAMENT, ASSORTED COLOURS SILK FAN, GIRLS ALPHABET IRON ON PATCHES , POPART WOODEN PENCILS ASST"
14166.0,At Risk Customers,"GIRLS ALPHABET IRON ON PATCHES , WHITE HANGING HEART T-LIGHT HOLDER, ASSTD DESIGN BUBBLE GUM RING, LUNCH BAG  BLACK SKULL., WORLD WAR 2 GLIDERS ASSTD DESIGNS"
14168.0,At Risk Customers,"GIRLS ALPHABET IRON ON PATCHES , WHITE HANGING HEART T-LIGHT HOLDER, ASSTD DESIGN BUBBLE GUM RING, LUNCH BAG  BLACK SKULL., WORLD WAR 2 GLIDERS ASSTD DESIGNS"
14169.0,At Risk Customers,"GIRLS ALPHABET IRON ON PATCHES , WHITE HANGING HEART T-LIGHT HOLDER, ASSTD DESIGN BUBBLE GUM RING, LUNCH BAG  BLACK SKULL., WORLD WAR 2 GLIDERS ASSTD DESIGNS"
14170.0,At Risk Customers,"GIRLS ALPHABET IRON ON PATCHES , WHITE HANGING HEART T-LIGHT HOLDER, ASSTD DESIGN BUBBLE GUM RING, LUNCH BAG  BLACK SKULL., WORLD WAR 2 GLIDERS ASSTD DESIGNS"
14172.0,At Risk Customers,"GIRLS ALPHABET IRON ON PATCHES , WHITE HANGING HEART T-LIGHT HOLDER, ASSTD DESIGN BUBBLE GUM RING, LUNCH BAG  BLACK SKULL., WORLD WAR 2 GLIDERS ASSTD DESIGNS"
14174.0,Potential Customers,"WORLD WAR 2 GLIDERS ASSTD DESIGNS, ASSORTED COLOUR BIRD ORNAMENT, ASSORTED COLOURS SILK FAN, GIRLS ALPHABET IRON ON PATCHES , POPART WOODEN PENCILS ASST"
14176.0,Loyal Customers,"SMALL CHINESE STYLE SCISSOR, BLACK AND WHITE PAISLEY FLOWER MUG, WHITE HANGING HEART T-LIGHT HOLDER, WORLD WAR 2 GLIDERS ASSTD DESIGNS, ASSORTED COLOUR BIRD ORNAMENT"
14181.0,At Risk Customers,"GIRLS ALPHABET IRON ON PATCHES , WHITE HANGING HEART T-LIGHT HOLDER, ASSTD DESIGN BUBBLE GUM RING, LUNCH BAG  BLACK SKULL., WORLD WAR 2 GLIDERS ASSTD DESIGNS"
14182.0,At Risk Customers,"GIRLS ALPHABET IRON ON PATCHES , WHITE HANGING HEART T-LIGHT HOLDER, ASSTD DESIGN BUBBLE GUM RING, LUNCH BAG  BLACK SKULL., WORLD WAR 2 GLIDERS ASSTD DESIGNS"
14183.0,At Risk Customers,"GIRLS ALPHABET IRON ON PATCHES , WHITE HANGING HEART T-LIGHT HOLDER, ASSTD DESIGN BUBBLE GUM RING, LUNCH BAG  BLACK SKULL., WORLD WAR 2 GLIDERS ASSTD DESIGNS"
14184.0,Potential Customers,"WORLD WAR 2 GLIDERS ASSTD DESIGNS, ASSORTED COLOUR BIRD ORNAMENT, ASSORTED COLOURS SILK FAN, GIRLS ALPHABET IRON ON PATCHES , POPART WOODEN PENCILS ASST"
14185.0,At Risk Customers,"GIRLS ALPHABET IRON ON PATCHES , WHITE HANGING HEART T-LIGHT HOLDER, ASSTD DESIGN BUBBLE GUM RING, LUNCH BAG  BLACK SKULL., WORLD WAR 2 GLIDERS ASSTD DESIGNS"
14186.0,Loyal Customers,"SMALL CHINESE STYLE SCISSOR, BLACK AND WHITE PAISLEY FLOWER MUG, WHITE HANGING HEART T-LIGHT HOLDER, WORLD WAR 2 GLIDERS ASSTD DESIGNS, ASSORTED COLOUR BIRD ORNAMENT"
14187.0,At Risk Customers,"GIRLS ALPHABET IRON ON PATCHES , WHITE HANGING HEART T-LIGHT HOLDER, ASSTD DESIGN BUBBLE GUM RING, LUNCH BAG  BLACK SKULL., WORLD WAR 2 GLIDERS ASSTD DESIGNS"
14190.0,At Risk Customers,"GIRLS ALPHABET IRON ON PATCHES , WHITE HANGING HEART T-LIGHT HOLDER, ASSTD DESIGN BUBBLE GUM RING, LUNCH BAG  BLACK SKULL., WORLD WAR 2 GLIDERS ASSTD DESIGNS"
14192.0,At Risk Customers,"GIRLS ALPHABET IRON ON PATCHES , WHITE HANGING HEART T-LIGHT HOLDER, ASSTD DESIGN BUBBLE GUM RING, LUNCH BAG  BLACK SKULL., WORLD WAR 2 GLIDERS ASSTD DESIGNS"
14193.0,Loyal Customers,"SMALL CHINESE STYLE SCISSOR, BLACK AND WHITE PAISLEY FLOWER MUG, WHITE HANGING HEART T-LIGHT HOLDER, WORLD WAR 2 GLIDERS ASSTD DESIGNS, ASSORTED COLOUR BIRD ORNAMENT"
14195.0,Loyal Customers,"SMALL CHINESE STYLE SCISSOR, BLACK AND WHITE PAISLEY FLOWER MUG, WHITE HANGING HEART T-LIGHT HOLDER, WORLD WAR 2 GLIDERS ASSTD DESIGNS, ASSORTED COLOUR BIRD ORNAMENT"
14196.0,Potential Customers,"WORLD WAR 2 GLIDERS ASSTD DESIGNS, ASSORTED COLOUR BIRD ORNAMENT, ASSORTED COLOURS SILK FAN, GIRLS ALPHABET IRON ON PATCHES , POPART WOODEN PENCILS ASST"
14197.0,At Risk Customers,"GIRLS ALPHABET IRON ON PATCHES , WHITE HANGING HEART T-LIGHT HOLDER, ASSTD DESIGN BUBBLE GUM RING, LUNCH BAG  BLACK SKULL., WORLD WAR 2 GLIDERS ASSTD DESIGNS"
14199.0,Loyal Customers,"SMALL CHINESE STYLE SCISSOR, BLACK AND WHITE PAISLEY FLOWER MUG, WHITE HANGING HEART T-LIGHT HOLDER, WORLD WAR 2 GLIDERS ASSTD DESIGNS, ASSORTED COLOUR BIRD ORNAMENT"
14200.0,At Risk Customers,"GIRLS ALPHABET IRON ON PATCHES , WHITE HANGING HEART T-LIGHT HOLDER, ASSTD DESIGN BUBBLE GUM RING, LUNCH BAG  BLACK SKULL., WORLD WAR 2 GLIDERS ASSTD DESIGNS"
14202.0,At Risk Customers,"GIRLS ALPHABET IRON ON PATCHES , WHITE HANGING HEART T-LIGHT HOLDER, ASSTD DESIGN BUBBLE GUM RING, LUNCH BAG  BLACK SKULL., WORLD WAR 2 GLIDERS ASSTD DESIGNS"
14203.0,At Risk Customers,"GIRLS ALPHABET IRON ON PATCHES , WHITE HANGING HEART T-LIGHT HOLDER, ASSTD DESIGN BUBBLE GUM RING, LUNCH BAG  BLACK SKULL., WORLD WAR 2 GLIDERS ASSTD DESIGNS"
14206.0,Loyal Customers,"SMALL CHINESE STYLE SCISSOR, BLACK AND WHITE PAISLEY FLOWER MUG, WHITE HANGING HEART T-LIGHT HOLDER, WORLD WAR 2 GLIDERS ASSTD DESIGNS, ASSORTED COLOUR BIRD ORNAMENT"
14207.0,At Risk Customers,"GIRLS ALPHABET IRON ON PATCHES , WHITE HANGING HEART T-LIGHT HOLDER, ASSTD DESIGN BUBBLE GUM RING, LUNCH BAG  BLACK SKULL., WORLD WAR 2 GLIDERS ASSTD DESIGNS"
14208.0,Potential Customers,"WORLD WAR 2 GLIDERS ASSTD DESIGNS, ASSORTED COLOUR BIRD ORNAMENT, ASSORTED COLOURS SILK FAN, GIRLS ALPHABET IRON ON PATCHES , POPART WOODEN PENCILS ASST"
14213.0,At Risk Customers,"GIRLS ALPHABET IRON ON PATCHES , WHITE HANGING HEART T-LIGHT HOLDER, ASSTD DESIGN BUBBLE GUM RING, LUNCH BAG  BLACK SKULL., WORLD WAR 2 GLIDERS ASSTD DESIGNS"
14214.0,Loyal Customers,"SMALL CHINESE STYLE SCISSOR, BLACK AND WHITE PAISLEY FLOWER MUG, WHITE HANGING HEART T-LIGHT HOLDER, WORLD WAR 2 GLIDERS ASSTD DESIGNS, ASSORTED COLOUR BIRD ORNAMENT"
14218.0,Potential Customers,"WORLD WAR 2 GLIDERS ASSTD DESIGNS, ASSORTED COLOUR BIRD ORNAMENT, ASSORTED COLOURS SILK FAN, GIRLS ALPHABET IRON ON PATCHES , POPART WOODEN PENCILS ASST"
14220.0,Loyal Customers,"SMALL CHINESE STYLE SCISSOR, BLACK AND WHITE PAISLEY FLOWER MUG, WHITE HANGING HEART T-LIGHT HOLDER, WORLD WAR 2 GLIDERS ASSTD DESIGNS, ASSORTED COLOUR BIRD ORNAMENT"
14222.0,Potential Customers,"WORLD WAR 2 GLIDERS ASSTD DESIGNS, ASSORTED COLOUR BIRD ORNAMENT, ASSORTED COLOURS SILK FAN, GIRLS ALPHABET IRON ON PATCHES , POPART WOODEN PENCILS ASST"
14223.0,Loyal Customers,"SMALL CHINESE STYLE SCISSOR, BLACK AND WHITE PAISLEY FLOWER MUG, WHITE HANGING HEART T-LIGHT HOLDER, WORLD WAR 2 GLIDERS ASSTD DESIGNS, ASSORTED COLOUR BIRD ORNAMENT"
14225.0,At Risk Customers,"GIRLS ALPHABET IRON ON PATCHES , WHITE HANGING HEART T-LIGHT HOLDER, ASSTD DESIGN BUBBLE GUM RING, LUNCH BAG  BLACK SKULL., WORLD WAR 2 GLIDERS ASSTD DESIGNS"
14228.0,At Risk Customers,"GIRLS ALPHABET IRON ON PATCHES , WHITE HANGING HEART T-LIGHT HOLDER, ASSTD DESIGN BUBBLE GUM RING, LUNCH BAG  BLACK SKULL., WORLD WAR 2 GLIDERS ASSTD DESIGNS"
14230.0,At Risk Customers,"GIRLS ALPHABET IRON ON PATCHES , WHITE HANGING HEART T-LIGHT HOLDER, ASSTD DESIGN BUBBLE GUM RING, LUNCH BAG  BLACK SKULL., WORLD WAR 2 GLIDERS ASSTD DESIGNS"
14231.0,Loyal Customers,"SMALL CHINESE STYLE SCISSOR, BLACK AND WHITE PAISLEY FLOWER MUG, WHITE HANGING HEART T-LIGHT HOLDER, WORLD WAR 2 GLIDERS ASSTD DESIGNS, ASSORTED COLOUR BIRD ORNAMENT"
14237.0,At Risk Customers,"GIRLS ALPHABET IRON ON PATCHES , WHITE HANGING HEART T-LIGHT HOLDER, ASSTD DESIGN BUBBLE GUM RING, LUNCH BAG  BLACK SKULL., WORLD WAR 2 GLIDERS ASSTD DESIGNS"
14238.0,At Risk Customers,"GIRLS ALPHABET IRON ON PATCHES , WHITE HANGING HEART T-LIGHT HOLDER, ASSTD DESIGN BUBBLE GUM RING, LUNCH BAG  BLACK SKULL., WORLD WAR 2 GLIDERS ASSTD DESIGNS"
14241.0,Potential Customers,"WORLD WAR 2 GLIDERS ASSTD DESIGNS, ASSORTED COLOUR BIRD ORNAMENT, ASSORTED COLOURS SILK FAN, GIRLS ALPHABET IRON ON PATCHES , POPART WOODEN PENCILS ASST"
14242.0,Potential Customers,"WORLD WAR 2 GLIDERS ASSTD DESIGNS, ASSORTED COLOUR BIRD ORNAMENT, ASSORTED COLOURS SILK FAN, GIRLS ALPHABET IRON ON PATCHES , POPART WOODEN PENCILS ASST"
14244.0,At Risk Customers,"GIRLS ALPHABET IRON ON PATCHES , WHITE HANGING HEART T-LIGHT HOLDER, ASSTD DESIGN BUBBLE GUM RING, LUNCH BAG  BLACK SKULL., WORLD WAR 2 GLIDERS ASSTD DESIGNS"
14245.0,Loyal Customers,"SMALL CHINESE STYLE SCISSOR, BLACK AND WHITE PAISLEY FLOWER MUG, WHITE HANGING HEART T-LIGHT HOLDER, WORLD WAR 2 GLIDERS ASSTD DESIGNS, ASSORTED COLOUR BIRD ORNAMENT"
14246.0,Loyal Customers,"SMALL CHINESE STYLE SCISSOR, BLACK AND WHITE PAISLEY FLOWER MUG, WHITE HANGING HEART T-LIGHT HOLDER, WORLD WAR 2 GLIDERS ASSTD DESIGNS, ASSORTED COLOUR BIRD ORNAMENT"
14247.0,Loyal Customers,"SMALL CHINESE STYLE SCISSOR, BLACK AND WHITE PAISLEY FLOWER MUG, WHITE HANGING HEART T-LIGHT HOLDER, WORLD WAR 2 GLIDERS ASSTD DESIGNS, ASSORTED COLOUR BIRD ORNAMENT"
14248.0,Loyal Customers,"SMALL CHINESE STYLE SCISSOR, BLACK AND WHITE PAISLEY FLOWER MUG, WHITE HANGING HEART T-LIGHT HOLDER, WORLD WAR 2 GLIDERS ASSTD DESIGNS, ASSORTED COLOUR BIRD ORNAMENT"
14252.0,At Risk Customers,"GIRLS ALPHABET IRON ON PATCHES , WHITE HANGING HEART T-LIGHT HOLDER, ASSTD DESIGN BUBBLE GUM RING, LUNCH BAG  BLACK SKULL., WORLD WAR 2 GLIDERS ASSTD DESIGNS"
14253.0,At Risk Customers,"GIRLS ALPHABET IRON ON PATCHES , WHITE HANGING HEART T-LIGHT HOLDER, ASSTD DESIGN BUBBLE GUM RING, LUNCH BAG  BLACK SKULL., WORLD WAR 2 GLIDERS ASSTD DESIGNS"
14254.0,At Risk Customers,"GIRLS ALPHABET IRON ON PATCHES , WHITE HANGING HEART T-LIGHT HOLDER, ASSTD DESIGN BUBBLE GUM RING, LUNCH BAG  BLACK SKULL., WORLD WAR 2 GLIDERS ASSTD DESIGNS"
14255.0,At Risk Customers,"GIRLS ALPHABET IRON ON PATCHES , WHITE HANGING HEART T-LIGHT HOLDER, ASSTD DESIGN BUBBLE GUM RING, LUNCH BAG  BLACK SKULL., WORLD WAR 2 GLIDERS ASSTD DESIGNS"
14256.0,Loyal Customers,"SMALL CHINESE STYLE SCISSOR, BLACK AND WHITE PAISLEY FLOWER MUG, WHITE HANGING HEART T-LIGHT HOLDER, WORLD WAR 2 GLIDERS ASSTD DESIGNS, ASSORTED COLOUR BIRD ORNAMENT"
14259.0,Potential Customers,"WORLD WAR 2 GLIDERS ASSTD DESIGNS, ASSORTED COLOUR BIRD ORNAMENT, ASSORTED COLOURS SILK FAN, GIRLS ALPHABET IRON ON PATCHES , POPART WOODEN PENCILS ASST"
14260.0,At Risk Customers,"GIRLS ALPHABET IRON ON PATCHES , WHITE HANGING HEART T-LIGHT HOLDER, ASSTD DESIGN BUBBLE GUM RING, LUNCH BAG  BLACK SKULL., WORLD WAR 2 GLIDERS ASSTD DESIGNS"
14263.0,At Risk Customers,"GIRLS ALPHABET IRON ON PATCHES , WHITE HANGING HEART T-LIGHT HOLDER, ASSTD DESIGN BUBBLE GUM RING, LUNCH BAG  BLACK SKULL., WORLD WAR 2 GLIDERS ASSTD DESIGNS"
14264.0,Loyal Customers,"SMALL CHINESE STYLE SCISSOR, BLACK AND WHITE PAISLEY FLOWER MUG, WHITE HANGING HEART T-LIGHT HOLDER, WORLD WAR 2 GLIDERS ASSTD DESIGNS, ASSORTED COLOUR BIRD ORNAMENT"
14266.0,At Risk Customers,"GIRLS ALPHABET IRON ON PATCHES , WHITE HANGING HEART T-LIGHT HOLDER, ASSTD DESIGN BUBBLE GUM RING, LUNCH BAG  BLACK SKULL., WORLD WAR 2 GLIDERS ASSTD DESIGNS"
14267.0,Loyal Customers,"SMALL CHINESE STYLE SCISSOR, BLACK AND WHITE PAISLEY FLOWER MUG, WHITE HANGING HEART T-LIGHT HOLDER, WORLD WAR 2 GLIDERS ASSTD DESIGNS, ASSORTED COLOUR BIRD ORNAMENT"
14268.0,At Risk Customers,"GIRLS ALPHABET IRON ON PATCHES , WHITE HANGING HEART T-LIGHT HOLDER, ASSTD DESIGN BUBBLE GUM RING, LUNCH BAG  BLACK SKULL., WORLD WAR 2 GLIDERS ASSTD DESIGNS"
14269.0,At Risk Customers,"GIRLS ALPHABET IRON ON PATCHES , WHITE HANGING HEART T-LIGHT HOLDER, ASSTD DESIGN BUBBLE GUM RING, LUNCH BAG  BLACK SKULL., WORLD WAR 2 GLIDERS ASSTD DESIGNS"
14270.0,At Risk Customers,"GIRLS ALPHABET IRON ON PATCHES , WHITE HANGING HEART T-LIGHT HOLDER, ASSTD DESIGN BUBBLE GUM RING, LUNCH BAG  BLACK SKULL., WORLD WAR 2 GLIDERS ASSTD DESIGNS"
14271.0,Potential Customers,"WORLD WAR 2 GLIDERS ASSTD DESIGNS, ASSORTED COLOUR BIRD ORNAMENT, ASSORTED COLOURS SILK FAN, GIRLS ALPHABET IRON ON PATCHES , POPART WOODEN PENCILS ASST"
14273.0,Potential Customers,"WORLD WAR 2 GLIDERS ASSTD DESIGNS, ASSORTED COLOUR BIRD ORNAMENT, ASSORTED COLOURS SILK FAN, GIRLS ALPHABET IRON ON PATCHES , POPART WOODEN PENCILS ASST"
14274.0,At Risk Customers,"GIRLS ALPHABET IRON ON PATCHES , WHITE HANGING HEART T-LIGHT HOLDER, ASSTD DESIGN BUBBLE GUM RING, LUNCH BAG  BLACK SKULL., WORLD WAR 2 GLIDERS ASSTD DESIGNS"
14275.0,Loyal Customers,"SMALL CHINESE STYLE SCISSOR, BLACK AND WHITE PAISLEY FLOWER MUG, WHITE HANGING HEART T-LIGHT HOLDER, WORLD WAR 2 GLIDERS ASSTD DESIGNS, ASSORTED COLOUR BIRD ORNAMENT"
14278.0,At Risk Customers,"GIRLS ALPHABET IRON ON PATCHES , WHITE HANGING HEART T-LIGHT HOLDER, ASSTD DESIGN BUBBLE GUM RING, LUNCH BAG  BLACK SKULL., WORLD WAR 2 GLIDERS ASSTD DESIGNS"
14279.0,At Risk Customers,"GIRLS ALPHABET IRON ON PATCHES , WHITE HANGING HEART T-LIGHT HOLDER, ASSTD DESIGN BUBBLE GUM RING, LUNCH BAG  BLACK SKULL., WORLD WAR 2 GLIDERS ASSTD DESIGNS"
14280.0,Potential Customers,"WORLD WAR 2 GLIDERS ASSTD DESIGNS, ASSORTED COLOUR BIRD ORNAMENT, ASSORTED COLOURS SILK FAN, GIRLS ALPHABET IRON ON PATCHES , POPART WOODEN PENCILS ASST"
14281.0,At Risk Customers,"GIRLS ALPHABET IRON ON PATCHES , WHITE HANGING HEART T-LIGHT HOLDER, ASSTD DESIGN BUBBLE GUM RING, LUNCH BAG  BLACK SKULL., WORLD WAR 2 GLIDERS ASSTD DESIGNS"
14283.0,At Risk Customers,"GIRLS ALPHABET IRON ON PATCHES , WHITE HANGING HEART T-LIGHT HOLDER, ASSTD DESIGN BUBBLE GUM RING, LUNCH BAG  BLACK SKULL., WORLD WAR 2 GLIDERS ASSTD DESIGNS"
14288.0,Potential Customers,"WORLD WAR 2 GLIDERS ASSTD DESIGNS, ASSORTED COLOUR BIRD ORNAMENT, ASSORTED COLOURS SILK FAN, GIRLS ALPHABET IRON ON PATCHES , POPART WOODEN PENCILS ASST"
14289.0,Loyal Customers,"SMALL CHINESE STYLE SCISSOR, BLACK AND WHITE PAISLEY FLOWER MUG, WHITE HANGING HEART T-LIGHT HOLDER, WORLD WAR 2 GLIDERS ASSTD DESIGNS, ASSORTED COLOUR BIRD ORNAMENT"
14294.0,At Risk Customers,"GIRLS ALPHABET IRON ON PATCHES , WHITE HANGING HEART T-LIGHT HOLDER, ASSTD DESIGN BUBBLE GUM RING, LUNCH BAG  BLACK SKULL., WORLD WAR 2 GLIDERS ASSTD DESIGNS"
14296.0,At Risk Customers,"GIRLS ALPHABET IRON ON PATCHES , WHITE HANGING HEART T-LIGHT HOLDER, ASSTD DESIGN BUBBLE GUM RING, LUNCH BAG  BLACK SKULL., WORLD WAR 2 GLIDERS ASSTD DESIGNS"
14297.0,Loyal Customers,"SMALL CHINESE STYLE SCISSOR, BLACK AND WHITE PAISLEY FLOWER MUG, WHITE HANGING HEART T-LIGHT HOLDER, WORLD WAR 2 GLIDERS ASSTD DESIGNS, ASSORTED COLOUR BIRD ORNAMENT"
14300.0,Potential Customers,"WORLD WAR 2 GLIDERS ASSTD DESIGNS, ASSORTED COLOUR BIRD ORNAMENT, ASSORTED COLOURS SILK FAN, GIRLS ALPHABET IRON ON PATCHES , POPART WOODEN PENCILS ASST"
14302.0,At Risk Customers,"GIRLS ALPHABET IRON ON PATCHES , WHITE HANGING HEART T-LIGHT HOLDER, ASSTD DESIGN BUBBLE GUM RING, LUNCH BAG  BLACK SKULL., WORLD WAR 2 GLIDERS ASSTD DESIGNS"
14303.0,At Risk Customers,"GIRLS ALPHABET IRON ON PATCHES , WHITE HANGING HEART T-LIGHT HOLDER, ASSTD DESIGN BUBBLE GUM RING, LUNCH BAG  BLACK SKULL., WORLD WAR 2 GLIDERS ASSTD DESIGNS"
14304.0,Loyal Customers,"SMALL CHINESE STYLE SCISSOR, BLACK AND WHITE PAISLEY FLOWER MUG, WHITE HANGING HEART T-LIGHT HOLDER, WORLD WAR 2 GLIDERS ASSTD DESIGNS, ASSORTED COLOUR BIRD ORNAMENT"
14308.0,At Risk Customers,"GIRLS ALPHABET IRON ON PATCHES , WHITE HANGING HEART T-LIGHT HOLDER, ASSTD DESIGN BUBBLE GUM RING, LUNCH BAG  BLACK SKULL., WORLD WAR 2 GLIDERS ASSTD DESIGNS"
14310.0,At Risk Customers,"GIRLS ALPHABET IRON ON PATCHES , WHITE HANGING HEART T-LIGHT HOLDER, ASSTD DESIGN BUBBLE GUM RING, LUNCH BAG  BLACK SKULL., WORLD WAR 2 GLIDERS ASSTD DESIGNS"
14311.0,Potential Customers,"WORLD WAR 2 GLIDERS ASSTD DESIGNS, ASSORTED COLOUR BIRD ORNAMENT, ASSORTED COLOURS SILK FAN, GIRLS ALPHABET IRON ON PATCHES , POPART WOODEN PENCILS ASST"
14314.0,Potential Customers,"WORLD WAR 2 GLIDERS ASSTD DESIGNS, ASSORTED COLOUR BIRD ORNAMENT, ASSORTED COLOURS SILK FAN, GIRLS ALPHABET IRON ON PATCHES , POPART WOODEN PENCILS ASST"
14316.0,At Risk Customers,"GIRLS ALPHABET IRON ON PATCHES , WHITE HANGING HEART T-LIGHT HOLDER, ASSTD DESIGN BUBBLE GUM RING, LUNCH BAG  BLACK SKULL., WORLD WAR 2 GLIDERS ASSTD DESIGNS"
14317.0,Potential Customers,"WORLD WAR 2 GLIDERS ASSTD DESIGNS, ASSORTED COLOUR BIRD ORNAMENT, ASSORTED COLOURS SILK FAN, GIRLS ALPHABET IRON ON PATCHES , POPART WOODEN PENCILS ASST"
14318.0,At Risk Customers,"GIRLS ALPHABET IRON ON PATCHES , WHITE HANGING HEART T-LIGHT HOLDER, ASSTD DESIGN BUBBLE GUM RING, LUNCH BAG  BLACK SKULL., WORLD WAR 2 GLIDERS ASSTD DESIGNS"
14319.0,At Risk Customers,"GIRLS ALPHABET IRON ON PATCHES , WHITE HANGING HEART T-LIGHT HOLDER, ASSTD DESIGN BUBBLE GUM RING, LUNCH BAG  BLACK SKULL., WORLD WAR 2 GLIDERS ASSTD DESIGNS"
14320.0,Loyal Customers,"SMALL CHINESE STYLE SCISSOR, BLACK AND WHITE PAISLEY FLOWER MUG, WHITE HANGING HEART T-LIGHT HOLDER, WORLD WAR 2 GLIDERS ASSTD DESIGNS, ASSORTED COLOUR BIRD ORNAMENT"
14322.0,At Risk Customers,"GIRLS ALPHABET IRON ON PATCHES , WHITE HANGING HEART T-LIGHT HOLDER, ASSTD DESIGN BUBBLE GUM RING, LUNCH BAG  BLACK SKULL., WORLD WAR 2 GLIDERS ASSTD DESIGNS"
14323.0,Potential Customers,"WORLD WAR 2 GLIDERS ASSTD DESIGNS, ASSORTED COLOUR BIRD ORNAMENT, ASSORTED COLOURS SILK FAN, GIRLS ALPHABET IRON ON PATCHES , POPART WOODEN PENCILS ASST"
14324.0,At Risk Customers,"GIRLS ALPHABET IRON ON PATCHES , WHITE HANGING HEART T-LIGHT HOLDER, ASSTD DESIGN BUBBLE GUM RING, LUNCH BAG  BLACK SKULL., WORLD WAR 2 GLIDERS ASSTD DESIGNS"
14325.0,At Risk Customers,"GIRLS ALPHABET IRON ON PATCHES , WHITE HANGING HEART T-LIGHT HOLDER, ASSTD DESIGN BUBBLE GUM RING, LUNCH BAG  BLACK SKULL., WORLD WAR 2 GLIDERS ASSTD DESIGNS"
14326.0,Loyal Customers,"SMALL CHINESE STYLE SCISSOR, BLACK AND WHITE PAISLEY FLOWER MUG, WHITE HANGING HEART T-LIGHT HOLDER, WORLD WAR 2 GLIDERS ASSTD DESIGNS, ASSORTED COLOUR BIRD ORNAMENT"
14328.0,At Risk Customers,"GIRLS ALPHABET IRON ON PATCHES , WHITE HANGING HEART T-LIGHT HOLDER, ASSTD DESIGN BUBBLE GUM RING, LUNCH BAG  BLACK SKULL., WORLD WAR 2 GLIDERS ASSTD DESIGNS"
14330.0,At Risk Customers,"GIRLS ALPHABET IRON ON PATCHES , WHITE HANGING HEART T-LIGHT HOLDER, ASSTD DESIGN BUBBLE GUM RING, LUNCH BAG  BLACK SKULL., WORLD WAR 2 GLIDERS ASSTD DESIGNS"
14331.0,Potential Customers,"WORLD WAR 2 GLIDERS ASSTD DESIGNS, ASSORTED COLOUR BIRD ORNAMENT, ASSORTED COLOURS SILK FAN, GIRLS ALPHABET IRON ON PATCHES , POPART WOODEN PENCILS ASST"
14333.0,Potential Customers,"WORLD WAR 2 GLIDERS ASSTD DESIGNS, ASSORTED COLOUR BIRD ORNAMENT, ASSORTED COLOURS SILK FAN, GIRLS ALPHABET IRON ON PATCHES , POPART WOODEN PENCILS ASST"
14335.0,Potential Customers,"WORLD WAR 2 GLIDERS ASSTD DESIGNS, ASSORTED COLOUR BIRD ORNAMENT, ASSORTED COLOURS SILK FAN, GIRLS ALPHABET IRON ON PATCHES , POPART WOODEN PENCILS ASST"
14336.0,Loyal Customers,"SMALL CHINESE STYLE SCISSOR, BLACK AND WHITE PAISLEY FLOWER MUG, WHITE HANGING HEART T-LIGHT HOLDER, WORLD WAR 2 GLIDERS ASSTD DESIGNS, ASSORTED COLOUR BIRD ORNAMENT"
14339.0,Potential Customers,"WORLD WAR 2 GLIDERS ASSTD DESIGNS, ASSORTED COLOUR BIRD ORNAMENT, ASSORTED COLOURS SILK FAN, GIRLS ALPHABET IRON ON PATCHES , POPART WOODEN PENCILS ASST"
14340.0,Potential Customers,"WORLD WAR 2 GLIDERS ASSTD DESIGNS, ASSORTED COLOUR BIRD ORNAMENT, ASSORTED COLOURS SILK FAN, GIRLS ALPHABET IRON ON PATCHES , POPART WOODEN PENCILS ASST"
14342.0,Loyal Customers,"SMALL CHINESE STYLE SCISSOR, BLACK AND WHITE PAISLEY FLOWER MUG, WHITE HANGING HEART T-LIGHT HOLDER, WORLD WAR 2 GLIDERS ASSTD DESIGNS, ASSORTED COLOUR BIRD ORNAMENT"
14343.0,At Risk Customers,"GIRLS ALPHABET IRON ON PATCHES , WHITE HANGING HEART T-LIGHT HOLDER, ASSTD DESIGN BUBBLE GUM RING, LUNCH BAG  BLACK SKULL., WORLD WAR 2 GLIDERS ASSTD DESIGNS"
14345.0,Potential Customers,"WORLD WAR 2 GLIDERS ASSTD DESIGNS, ASSORTED COLOUR BIRD ORNAMENT, ASSORTED COLOURS SILK FAN, GIRLS ALPHABET IRON ON PATCHES , POPART WOODEN PENCILS ASST"
14347.0,At Risk Customers,"GIRLS ALPHABET IRON ON PATCHES , WHITE HANGING HEART T-LIGHT HOLDER, ASSTD DESIGN BUBBLE GUM RING, LUNCH BAG  BLACK SKULL., WORLD WAR 2 GLIDERS ASSTD DESIGNS"
14348.0,Potential Customers,"WORLD WAR 2 GLIDERS ASSTD DESIGNS, ASSORTED COLOUR BIRD ORNAMENT, ASSORTED COLOURS SILK FAN, GIRLS ALPHABET IRON ON PATCHES , POPART WOODEN PENCILS ASST"
14349.0,Potential Customers,"WORLD WAR 2 GLIDERS ASSTD DESIGNS, ASSORTED COLOUR BIRD ORNAMENT, ASSORTED COLOURS SILK FAN, GIRLS ALPHABET IRON ON PATCHES , POPART WOODEN PENCILS ASST"
14350.0,Loyal Customers,"SMALL CHINESE STYLE SCISSOR, BLACK AND WHITE PAISLEY FLOWER MUG, WHITE HANGING HEART T-LIGHT HOLDER, WORLD WAR 2 GLIDERS ASSTD DESIGNS, ASSORTED COLOUR BIRD ORNAMENT"
14351.0,Potential Customers,"WORLD WAR 2 GLIDERS ASSTD DESIGNS, ASSORTED COLOUR BIRD ORNAMENT, ASSORTED COLOURS SILK FAN, GIRLS ALPHABET IRON ON PATCHES , POPART WOODEN PENCILS ASST"
14352.0,Loyal Customers,"SMALL CHINESE STYLE SCISSOR, BLACK AND WHITE PAISLEY FLOWER MUG, WHITE HANGING HEART T-LIGHT HOLDER, WORLD WAR 2 GLIDERS ASSTD DESIGNS, ASSORTED COLOUR BIRD ORNAMENT"
14353.0,Potential Customers,"WORLD WAR 2 GLIDERS ASSTD DESIGNS, ASSORTED COLOUR BIRD ORNAMENT, ASSORTED COLOURS SILK FAN, GIRLS ALPHABET IRON ON PATCHES , POPART WOODEN PENCILS ASST"
14355.0,At Risk Customers,"GIRLS ALPHABET IRON ON PATCHES , WHITE HANGING HEART T-LIGHT HOLDER, ASSTD DESIGN BUBBLE GUM RING, LUNCH BAG  BLACK SKULL., WORLD WAR 2 GLIDERS ASSTD DESIGNS"
14356.0,Potential Customers,"WORLD WAR 2 GLIDERS ASSTD DESIGNS, ASSORTED COLOUR BIRD ORNAMENT, ASSORTED COLOURS SILK FAN, GIRLS ALPHABET IRON ON PATCHES , POPART WOODEN PENCILS ASST"
14357.0,Potential Customers,"WORLD WAR 2 GLIDERS ASSTD DESIGNS, ASSORTED COLOUR BIRD ORNAMENT, ASSORTED COLOURS SILK FAN, GIRLS ALPHABET IRON ON PATCHES , POPART WOODEN PENCILS ASST"
14358.0,At Risk Customers,"GIRLS ALPHABET IRON ON PATCHES , WHITE HANGING HEART T-LIGHT HOLDER, ASSTD DESIGN BUBBLE GUM RING, LUNCH BAG  BLACK SKULL., WORLD WAR 2 GLIDERS ASSTD DESIGNS"
14361.0,At Risk Customers,"GIRLS ALPHABET IRON ON PATCHES , WHITE HANGING HEART T-LIGHT HOLDER, ASSTD DESIGN BUBBLE GUM RING, LUNCH BAG  BLACK SKULL., WORLD WAR 2 GLIDERS ASSTD DESIGNS"
14362.0,Potential Customers,"WORLD WAR 2 GLIDERS ASSTD DESIGNS, ASSORTED COLOUR BIRD ORNAMENT, ASSORTED COLOURS SILK FAN, GIRLS ALPHABET IRON ON PATCHES , POPART WOODEN PENCILS ASST"
14363.0,At Risk Customers,"GIRLS ALPHABET IRON ON PATCHES , WHITE HANGING HEART T-LIGHT HOLDER, ASSTD DESIGN BUBBLE GUM RING, LUNCH BAG  BLACK SKULL., WORLD WAR 2 GLIDERS ASSTD DESIGNS"
14364.0,Loyal Customers,"SMALL CHINESE STYLE SCISSOR, BLACK AND WHITE PAISLEY FLOWER MUG, WHITE HANGING HEART T-LIGHT HOLDER, WORLD WAR 2 GLIDERS ASSTD DESIGNS, ASSORTED COLOUR BIRD ORNAMENT"
14365.0,At Risk Customers,"GIRLS ALPHABET IRON ON PATCHES , WHITE HANGING HEART T-LIGHT HOLDER, ASSTD DESIGN BUBBLE GUM RING, LUNCH BAG  BLACK SKULL., WORLD WAR 2 GLIDERS ASSTD DESIGNS"
14366.0,At Risk Customers,"GIRLS ALPHABET IRON ON PATCHES , WHITE HANGING HEART T-LIGHT HOLDER, ASSTD DESIGN BUBBLE GUM RING, LUNCH BAG  BLACK SKULL., WORLD WAR 2 GLIDERS ASSTD DESIGNS"
14368.0,At Risk Customers,"GIRLS ALPHABET IRON ON PATCHES , WHITE HANGING HEART T-LIGHT HOLDER, ASSTD DESIGN BUBBLE GUM RING, LUNCH BAG  BLACK SKULL., WORLD WAR 2 GLIDERS ASSTD DESIGNS"
14369.0,At Risk Customers,"GIRLS ALPHABET IRON ON PATCHES , WHITE HANGING HEART T-LIGHT HOLDER, ASSTD DESIGN BUBBLE GUM RING, LUNCH BAG  BLACK SKULL., WORLD WAR 2 GLIDERS ASSTD DESIGNS"
14370.0,At Risk Customers,"GIRLS ALPHABET IRON ON PATCHES , WHITE HANGING HEART T-LIGHT HOLDER, ASSTD DESIGN BUBBLE GUM RING, LUNCH BAG  BLACK SKULL., WORLD WAR 2 GLIDERS ASSTD DESIGNS"
14371.0,At Risk Customers,"GIRLS ALPHABET IRON ON PATCHES , WHITE HANGING HEART T-LIGHT HOLDER, ASSTD DESIGN BUBBLE GUM RING, LUNCH BAG  BLACK SKULL., WORLD WAR 2 GLIDERS ASSTD DESIGNS"
14372.0,At Risk Customers,"GIRLS ALPHABET IRON ON PATCHES , WHITE HANGING HEART T-LIGHT HOLDER, ASSTD DESIGN BUBBLE GUM RING, LUNCH BAG  BLACK SKULL., WORLD WAR 2 GLIDERS ASSTD DESIGNS"
14373.0,At Risk Customers,"GIRLS ALPHABET IRON ON PATCHES , WHITE HANGING HEART T-LIGHT HOLDER, ASSTD DESIGN BUBBLE GUM RING, LUNCH BAG  BLACK SKULL., WORLD WAR 2 GLIDERS ASSTD DESIGNS"
14374.0,At Risk Customers,"GIRLS ALPHABET IRON ON PATCHES , WHITE HANGING HEART T-LIGHT HOLDER, ASSTD DESIGN BUBBLE GUM RING, LUNCH BAG  BLACK SKULL., WORLD WAR 2 GLIDERS ASSTD DESIGNS"
14375.0,Loyal Customers,"SMALL CHINESE STYLE SCISSOR, BLACK AND WHITE PAISLEY FLOWER MUG, WHITE HANGING HEART T-LIGHT HOLDER, WORLD WAR 2 GLIDERS ASSTD DESIGNS, ASSORTED COLOUR BIRD ORNAMENT"
14376.0,At Risk Customers,"GIRLS ALPHABET IRON ON PATCHES , WHITE HANGING HEART T-LIGHT HOLDER, ASSTD DESIGN BUBBLE GUM RING, LUNCH BAG  BLACK SKULL., WORLD WAR 2 GLIDERS ASSTD DESIGNS"
14377.0,Potential Customers,"WORLD WAR 2 GLIDERS ASSTD DESIGNS, ASSORTED COLOUR BIRD ORNAMENT, ASSORTED COLOURS SILK FAN, GIRLS ALPHABET IRON ON PATCHES , POPART WOODEN PENCILS ASST"
14378.0,At Risk Customers,"GIRLS ALPHABET IRON ON PATCHES , WHITE HANGING HEART T-LIGHT HOLDER, ASSTD DESIGN BUBBLE GUM RING, LUNCH BAG  BLACK SKULL., WORLD WAR 2 GLIDERS ASSTD DESIGNS"
14380.0,At Risk Customers,"GIRLS ALPHABET IRON ON PATCHES , WHITE HANGING HEART T-LIGHT HOLDER, ASSTD DESIGN BUBBLE GUM RING, LUNCH BAG  BLACK SKULL., WORLD WAR 2 GLIDERS ASSTD DESIGNS"
14383.0,Loyal Customers,"SMALL CHINESE STYLE SCISSOR, BLACK AND WHITE PAISLEY FLOWER MUG, WHITE HANGING HEART T-LIGHT HOLDER, WORLD WAR 2 GLIDERS ASSTD DESIGNS, ASSORTED COLOUR BIRD ORNAMENT"
14384.0,At Risk Customers,"GIRLS ALPHABET IRON ON PATCHES , WHITE HANGING HEART T-LIGHT HOLDER, ASSTD DESIGN BUBBLE GUM RING, LUNCH BAG  BLACK SKULL., WORLD WAR 2 GLIDERS ASSTD DESIGNS"
14386.0,At Risk Customers,"GIRLS ALPHABET IRON ON PATCHES , WHITE HANGING HEART T-LIGHT HOLDER, ASSTD DESIGN BUBBLE GUM RING, LUNCH BAG  BLACK SKULL., WORLD WAR 2 GLIDERS ASSTD DESIGNS"
14391.0,At Risk Customers,"GIRLS ALPHABET IRON ON PATCHES , WHITE HANGING HEART T-LIGHT HOLDER, ASSTD DESIGN BUBBLE GUM RING, LUNCH BAG  BLACK SKULL., WORLD WAR 2 GLIDERS ASSTD DESIGNS"
14392.0,At Risk Customers,"GIRLS ALPHABET IRON ON PATCHES , WHITE HANGING HEART T-LIGHT HOLDER, ASSTD DESIGN BUBBLE GUM RING, LUNCH BAG  BLACK SKULL., WORLD WAR 2 GLIDERS ASSTD DESIGNS"
14393.0,Potential Customers,"WORLD WAR 2 GLIDERS ASSTD DESIGNS, ASSORTED COLOUR BIRD ORNAMENT, ASSORTED COLOURS SILK FAN, GIRLS ALPHABET IRON ON PATCHES , POPART WOODEN PENCILS ASST"
14394.0,At Risk Customers,"GIRLS ALPHABET IRON ON PATCHES , WHITE HANGING HEART T-LIGHT HOLDER, ASSTD DESIGN BUBBLE GUM RING, LUNCH BAG  BLACK SKULL., WORLD WAR 2 GLIDERS ASSTD DESIGNS"
14398.0,At Risk Customers,"GIRLS ALPHABET IRON ON PATCHES , WHITE HANGING HEART T-LIGHT HOLDER, ASSTD DESIGN BUBBLE GUM RING, LUNCH BAG  BLACK SKULL., WORLD WAR 2 GLIDERS ASSTD DESIGNS"
14399.0,Loyal Customers,"SMALL CHINESE STYLE SCISSOR, BLACK AND WHITE PAISLEY FLOWER MUG, WHITE HANGING HEART T-LIGHT HOLDER, WORLD WAR 2 GLIDERS ASSTD DESIGNS, ASSORTED COLOUR BIRD ORNAMENT"
14402.0,At Risk Customers,"GIRLS ALPHABET IRON ON PATCHES , WHITE HANGING HEART T-LIGHT HOLDER, ASSTD DESIGN BUBBLE GUM RING, LUNCH BAG  BLACK SKULL., WORLD WAR 2 GLIDERS ASSTD DESIGNS"
14403.0,Loyal Customers,"SMALL CHINESE STYLE SCISSOR, BLACK AND WHITE PAISLEY FLOWER MUG, WHITE HANGING HEART T-LIGHT HOLDER, WORLD WAR 2 GLIDERS ASSTD DESIGNS, ASSORTED COLOUR BIRD ORNAMENT"
14405.0,At Risk Customers,"GIRLS ALPHABET IRON ON PATCHES , WHITE HANGING HEART T-LIGHT HOLDER, ASSTD DESIGN BUBBLE GUM RING, LUNCH BAG  BLACK SKULL., WORLD WAR 2 GLIDERS ASSTD DESIGNS"
14406.0,Potential Customers,"WORLD WAR 2 GLIDERS ASSTD DESIGNS, ASSORTED COLOUR BIRD ORNAMENT, ASSORTED COLOURS SILK FAN, GIRLS ALPHABET IRON ON PATCHES , POPART WOODEN PENCILS ASST"
14407.0,Loyal Customers,"SMALL CHINESE STYLE SCISSOR, BLACK AND WHITE PAISLEY FLOWER MUG, WHITE HANGING HEART T-LIGHT HOLDER, WORLD WAR 2 GLIDERS ASSTD DESIGNS, ASSORTED COLOUR BIRD ORNAMENT"
14410.0,Loyal Customers,"SMALL CHINESE STYLE SCISSOR, BLACK AND WHITE PAISLEY FLOWER MUG, WHITE HANGING HEART T-LIGHT HOLDER, WORLD WAR 2 GLIDERS ASSTD DESIGNS, ASSORTED COLOUR BIRD ORNAMENT"
14411.0,At Risk Customers,"GIRLS ALPHABET IRON ON PATCHES , WHITE HANGING HEART T-LIGHT HOLDER, ASSTD DESIGN BUBBLE GUM RING, LUNCH BAG  BLACK SKULL., WORLD WAR 2 GLIDERS ASSTD DESIGNS"
14413.0,At Risk Customers,"GIRLS ALPHABET IRON ON PATCHES , WHITE HANGING HEART T-LIGHT HOLDER, ASSTD DESIGN BUBBLE GUM RING, LUNCH BAG  BLACK SKULL., WORLD WAR 2 GLIDERS ASSTD DESIGNS"
14414.0,Loyal Customers,"SMALL CHINESE STYLE SCISSOR, BLACK AND WHITE PAISLEY FLOWER MUG, WHITE HANGING HEART T-LIGHT HOLDER, WORLD WAR 2 GLIDERS ASSTD DESIGNS, ASSORTED COLOUR BIRD ORNAMENT"
14416.0,Potential Customers,"WORLD WAR 2 GLIDERS ASSTD DESIGNS, ASSORTED COLOUR BIRD ORNAMENT, ASSORTED COLOURS SILK FAN, GIRLS ALPHABET IRON ON PATCHES , POPART WOODEN PENCILS ASST"
14417.0,At Risk Customers,"GIRLS ALPHABET IRON ON PATCHES , WHITE HANGING HEART T-LIGHT HOLDER, ASSTD DESIGN BUBBLE GUM RING, LUNCH BAG  BLACK SKULL., WORLD WAR 2 GLIDERS ASSTD DESIGNS"
14420.0,Loyal Customers,"SMALL CHINESE STYLE SCISSOR, BLACK AND WHITE PAISLEY FLOWER MUG, WHITE HANGING HEART T-LIGHT HOLDER, WORLD WAR 2 GLIDERS ASSTD DESIGNS, ASSORTED COLOUR BIRD ORNAMENT"
14423.0,Loyal Customers,"SMALL CHINESE STYLE SCISSOR, BLACK AND WHITE PAISLEY FLOWER MUG, WHITE HANGING HEART T-LIGHT HOLDER, WORLD WAR 2 GLIDERS ASSTD DESIGNS, ASSORTED COLOUR BIRD ORNAMENT"
14424.0,Potential Customers,"WORLD WAR 2 GLIDERS ASSTD DESIGNS, ASSORTED COLOUR BIRD ORNAMENT, ASSORTED COLOURS SILK FAN, GIRLS ALPHABET IRON ON PATCHES , POPART WOODEN PENCILS ASST"
14425.0,At Risk Customers,"GIRLS ALPHABET IRON ON PATCHES , WHITE HANGING HEART T-LIGHT HOLDER, ASSTD DESIGN BUBBLE GUM RING, LUNCH BAG  BLACK SKULL., WORLD WAR 2 GLIDERS ASSTD DESIGNS"
14428.0,Loyal Customers,"SMALL CHINESE STYLE SCISSOR, BLACK AND WHITE PAISLEY FLOWER MUG, WHITE HANGING HEART T-LIGHT HOLDER, WORLD WAR 2 GLIDERS ASSTD DESIGNS, ASSORTED COLOUR BIRD ORNAMENT"
14429.0,At Risk Customers,"GIRLS ALPHABET IRON ON PATCHES , WHITE HANGING HEART T-LIGHT HOLDER, ASSTD DESIGN BUBBLE GUM RING, LUNCH BAG  BLACK SKULL., WORLD WAR 2 GLIDERS ASSTD DESIGNS"
14430.0,At Risk Customers,"GIRLS ALPHABET IRON ON PATCHES , WHITE HANGING HEART T-LIGHT HOLDER, ASSTD DESIGN BUBBLE GUM RING, LUNCH BAG  BLACK SKULL., WORLD WAR 2 GLIDERS ASSTD DESIGNS"
14433.0,At Risk Customers,"GIRLS ALPHABET IRON ON PATCHES , WHITE HANGING HEART T-LIGHT HOLDER, ASSTD DESIGN BUBBLE GUM RING, LUNCH BAG  BLACK SKULL., WORLD WAR 2 GLIDERS ASSTD DESIGNS"
14435.0,At Risk Customers,"GIRLS ALPHABET IRON ON PATCHES , WHITE HANGING HEART T-LIGHT HOLDER, ASSTD DESIGN BUBBLE GUM RING, LUNCH BAG  BLACK SKULL., WORLD WAR 2 GLIDERS ASSTD DESIGNS"
14436.0,Potential Customers,"WORLD WAR 2 GLIDERS ASSTD DESIGNS, ASSORTED COLOUR BIRD ORNAMENT, ASSORTED COLOURS SILK FAN, GIRLS ALPHABET IRON ON PATCHES , POPART WOODEN PENCILS ASST"
14437.0,Loyal Customers,"SMALL CHINESE STYLE SCISSOR, BLACK AND WHITE PAISLEY FLOWER MUG, WHITE HANGING HEART T-LIGHT HOLDER, WORLD WAR 2 GLIDERS ASSTD DESIGNS, ASSORTED COLOUR BIRD ORNAMENT"
14438.0,At Risk Customers,"GIRLS ALPHABET IRON ON PATCHES , WHITE HANGING HEART T-LIGHT HOLDER, ASSTD DESIGN BUBBLE GUM RING, LUNCH BAG  BLACK SKULL., WORLD WAR 2 GLIDERS ASSTD DESIGNS"
14442.0,Loyal Customers,"SMALL CHINESE STYLE SCISSOR, BLACK AND WHITE PAISLEY FLOWER MUG, WHITE HANGING HEART T-LIGHT HOLDER, WORLD WAR 2 GLIDERS ASSTD DESIGNS, ASSORTED COLOUR BIRD ORNAMENT"
14444.0,At Risk Customers,"GIRLS ALPHABET IRON ON PATCHES , WHITE HANGING HEART T-LIGHT HOLDER, ASSTD DESIGN BUBBLE GUM RING, LUNCH BAG  BLACK SKULL., WORLD WAR 2 GLIDERS ASSTD DESIGNS"
14445.0,At Risk Customers,"GIRLS ALPHABET IRON ON PATCHES , WHITE HANGING HEART T-LIGHT HOLDER, ASSTD DESIGN BUBBLE GUM RING, LUNCH BAG  BLACK SKULL., WORLD WAR 2 GLIDERS ASSTD DESIGNS"
14450.0,Loyal Customers,"SMALL CHINESE STYLE SCISSOR, BLACK AND WHITE PAISLEY FLOWER MUG, WHITE HANGING HEART T-LIGHT HOLDER, WORLD WAR 2 GLIDERS ASSTD DESIGNS, ASSORTED COLOUR BIRD ORNAMENT"
14453.0,Potential Customers,"WORLD WAR 2 GLIDERS ASSTD DESIGNS, ASSORTED COLOUR BIRD ORNAMENT, ASSORTED COLOURS SILK FAN, GIRLS ALPHABET IRON ON PATCHES , POPART WOODEN PENCILS ASST"
14454.0,Loyal Customers,"SMALL CHINESE STYLE SCISSOR, BLACK AND WHITE PAISLEY FLOWER MUG, WHITE HANGING HEART T-LIGHT HOLDER, WORLD WAR 2 GLIDERS ASSTD DESIGNS, ASSORTED COLOUR BIRD ORNAMENT"
14455.0,At Risk Customers,"GIRLS ALPHABET IRON ON PATCHES , WHITE HANGING HEART T-LIGHT HOLDER, ASSTD DESIGN BUBBLE GUM RING, LUNCH BAG  BLACK SKULL., WORLD WAR 2 GLIDERS ASSTD DESIGNS"
14457.0,At Risk Customers,"GIRLS ALPHABET IRON ON PATCHES , WHITE HANGING HEART T-LIGHT HOLDER, ASSTD DESIGN BUBBLE GUM RING, LUNCH BAG  BLACK SKULL., WORLD WAR 2 GLIDERS ASSTD DESIGNS"
14458.0,At Risk Customers,"GIRLS ALPHABET IRON ON PATCHES , WHITE HANGING HEART T-LIGHT HOLDER, ASSTD DESIGN BUBBLE GUM RING, LUNCH BAG  BLACK SKULL., WORLD WAR 2 GLIDERS ASSTD DESIGNS"
14459.0,Loyal Customers,"SMALL CHINESE STYLE SCISSOR, BLACK AND WHITE PAISLEY FLOWER MUG, WHITE HANGING HEART T-LIGHT HOLDER, WORLD WAR 2 GLIDERS ASSTD DESIGNS, ASSORTED COLOUR BIRD ORNAMENT"
14460.0,Loyal Customers,"SMALL CHINESE STYLE SCISSOR, BLACK AND WHITE PAISLEY FLOWER MUG, WHITE HANGING HEART T-LIGHT HOLDER, WORLD WAR 2 GLIDERS ASSTD DESIGNS, ASSORTED COLOUR BIRD ORNAMENT"
14463.0,Loyal Customers,"SMALL CHINESE STYLE SCISSOR, BLACK AND WHITE PAISLEY FLOWER MUG, WHITE HANGING HEART T-LIGHT HOLDER, WORLD WAR 2 GLIDERS ASSTD DESIGNS, ASSORTED COLOUR BIRD ORNAMENT"
14464.0,At Risk Customers,"GIRLS ALPHABET IRON ON PATCHES , WHITE HANGING HEART T-LIGHT HOLDER, ASSTD DESIGN BUBBLE GUM RING, LUNCH BAG  BLACK SKULL., WORLD WAR 2 GLIDERS ASSTD DESIGNS"
14468.0,At Risk Customers,"GIRLS ALPHABET IRON ON PATCHES , WHITE HANGING HEART T-LIGHT HOLDER, ASSTD DESIGN BUBBLE GUM RING, LUNCH BAG  BLACK SKULL., WORLD WAR 2 GLIDERS ASSTD DESIGNS"
14469.0,Loyal Customers,"SMALL CHINESE STYLE SCISSOR, BLACK AND WHITE PAISLEY FLOWER MUG, WHITE HANGING HEART T-LIGHT HOLDER, WORLD WAR 2 GLIDERS ASSTD DESIGNS, ASSORTED COLOUR BIRD ORNAMENT"
14471.0,At Risk Customers,"GIRLS ALPHABET IRON ON PATCHES , WHITE HANGING HEART T-LIGHT HOLDER, ASSTD DESIGN BUBBLE GUM RING, LUNCH BAG  BLACK SKULL., WORLD WAR 2 GLIDERS ASSTD DESIGNS"
14472.0,Loyal Customers,"SMALL CHINESE STYLE SCISSOR, BLACK AND WHITE PAISLEY FLOWER MUG, WHITE HANGING HEART T-LIGHT HOLDER, WORLD WAR 2 GLIDERS ASSTD DESIGNS, ASSORTED COLOUR BIRD ORNAMENT"
14473.0,Potential Customers,"WORLD WAR 2 GLIDERS ASSTD DESIGNS, ASSORTED COLOUR BIRD ORNAMENT, ASSORTED COLOURS SILK FAN, GIRLS ALPHABET IRON ON PATCHES , POPART WOODEN PENCILS ASST"
14475.0,Loyal Customers,"SMALL CHINESE STYLE SCISSOR, BLACK AND WHITE PAISLEY FLOWER MUG, WHITE HANGING HEART T-LIGHT HOLDER, WORLD WAR 2 GLIDERS ASSTD DESIGNS, ASSORTED COLOUR BIRD ORNAMENT"
14476.0,Potential Customers,"WORLD WAR 2 GLIDERS ASSTD DESIGNS, ASSORTED COLOUR BIRD ORNAMENT, ASSORTED COLOURS SILK FAN, GIRLS ALPHABET IRON ON PATCHES , POPART WOODEN PENCILS ASST"
14478.0,At Risk Customers,"GIRLS ALPHABET IRON ON PATCHES , WHITE HANGING HEART T-LIGHT HOLDER, ASSTD DESIGN BUBBLE GUM RING, LUNCH BAG  BLACK SKULL., WORLD WAR 2 GLIDERS ASSTD DESIGNS"
14479.0,Loyal Customers,"SMALL CHINESE STYLE SCISSOR, BLACK AND WHITE PAISLEY FLOWER MUG, WHITE HANGING HEART T-LIGHT HOLDER, WORLD WAR 2 GLIDERS ASSTD DESIGNS, ASSORTED COLOUR BIRD ORNAMENT"
14483.0,Potential Customers,"WORLD WAR 2 GLIDERS ASSTD DESIGNS, ASSORTED COLOUR BIRD ORNAMENT, ASSORTED COLOURS SILK FAN, GIRLS ALPHABET IRON ON PATCHES , POPART WOODEN PENCILS ASST"
14485.0,Potential Customers,"WORLD WAR 2 GLIDERS ASSTD DESIGNS, ASSORTED COLOUR BIRD ORNAMENT, ASSORTED COLOURS SILK FAN, GIRLS ALPHABET IRON ON PATCHES , POPART WOODEN PENCILS ASST"
14486.0,At Risk Customers,"GIRLS ALPHABET IRON ON PATCHES , WHITE HANGING HEART T-LIGHT HOLDER, ASSTD DESIGN BUBBLE GUM RING, LUNCH BAG  BLACK SKULL., WORLD WAR 2 GLIDERS ASSTD DESIGNS"
14488.0,Potential Customers,"WORLD WAR 2 GLIDERS ASSTD DESIGNS, ASSORTED COLOUR BIRD ORNAMENT, ASSORTED COLOURS SILK FAN, GIRLS ALPHABET IRON ON PATCHES , POPART WOODEN PENCILS ASST"
14491.0,Potential Customers,"WORLD WAR 2 GLIDERS ASSTD DESIGNS, ASSORTED COLOUR BIRD ORNAMENT, ASSORTED COLOURS SILK FAN, GIRLS ALPHABET IRON ON PATCHES , POPART WOODEN PENCILS ASST"
14492.0,Loyal Customers,"SMALL CHINESE STYLE SCISSOR, BLACK AND WHITE PAISLEY FLOWER MUG, WHITE HANGING HEART T-LIGHT HOLDER, WORLD WAR 2 GLIDERS ASSTD DESIGNS, ASSORTED COLOUR BIRD ORNAMENT"
14496.0,Loyal Customers,"SMALL CHINESE STYLE SCISSOR, BLACK AND WHITE PAISLEY FLOWER MUG, WHITE HANGING HEART T-LIGHT HOLDER, WORLD WAR 2 GLIDERS ASSTD DESIGNS, ASSORTED COLOUR BIRD ORNAMENT"
14500.0,Potential Customers,"WORLD WAR 2 GLIDERS ASSTD DESIGNS, ASSORTED COLOUR BIRD ORNAMENT, ASSORTED COLOURS SILK FAN, GIRLS ALPHABET IRON ON PATCHES , POPART WOODEN PENCILS ASST"
14501.0,Potential Customers,"WORLD WAR 2 GLIDERS ASSTD DESIGNS, ASSORTED COLOUR BIRD ORNAMENT, ASSORTED COLOURS SILK FAN, GIRLS ALPHABET IRON ON PATCHES , POPART WOODEN PENCILS ASST"
14504.0,Loyal Customers,"SMALL CHINESE STYLE SCISSOR, BLACK AND WHITE PAISLEY FLOWER MUG, WHITE HANGING HEART T-LIGHT HOLDER, WORLD WAR 2 GLIDERS ASSTD DESIGNS, ASSORTED COLOUR BIRD ORNAMENT"
14509.0,At Risk Customers,"GIRLS ALPHABET IRON ON PATCHES , WHITE HANGING HEART T-LIGHT HOLDER, ASSTD DESIGN BUBBLE GUM RING, LUNCH BAG  BLACK SKULL., WORLD WAR 2 GLIDERS ASSTD DESIGNS"
14513.0,Loyal Customers,"SMALL CHINESE STYLE SCISSOR, BLACK AND WHITE PAISLEY FLOWER MUG, WHITE HANGING HEART T-LIGHT HOLDER, WORLD WAR 2 GLIDERS ASSTD DESIGNS, ASSORTED COLOUR BIRD ORNAMENT"
14516.0,At Risk Customers,"GIRLS ALPHABET IRON ON PATCHES , WHITE HANGING HEART T-LIGHT HOLDER, ASSTD DESIGN BUBBLE GUM RING, LUNCH BAG  BLACK SKULL., WORLD WAR 2 GLIDERS ASSTD DESIGNS"
14517.0,Potential Customers,"WORLD WAR 2 GLIDERS ASSTD DESIGNS, ASSORTED COLOUR BIRD ORNAMENT, ASSORTED COLOURS SILK FAN, GIRLS ALPHABET IRON ON PATCHES , POPART WOODEN PENCILS ASST"
14518.0,Potential Customers,"WORLD WAR 2 GLIDERS ASSTD DESIGNS, ASSORTED COLOUR BIRD ORNAMENT, ASSORTED COLOURS SILK FAN, GIRLS ALPHABET IRON ON PATCHES , POPART WOODEN PENCILS ASST"
14519.0,At Risk Customers,"GIRLS ALPHABET IRON ON PATCHES , WHITE HANGING HEART T-LIGHT HOLDER, ASSTD DESIGN BUBBLE GUM RING, LUNCH BAG  BLACK SKULL., WORLD WAR 2 GLIDERS ASSTD DESIGNS"
14520.0,Potential Customers,"WORLD WAR 2 GLIDERS ASSTD DESIGNS, ASSORTED COLOUR BIRD ORNAMENT, ASSORTED COLOURS SILK FAN, GIRLS ALPHABET IRON ON PATCHES , POPART WOODEN PENCILS ASST"
14521.0,At Risk Customers,"GIRLS ALPHABET IRON ON PATCHES , WHITE HANGING HEART T-LIGHT HOLDER, ASSTD DESIGN BUBBLE GUM RING, LUNCH BAG  BLACK SKULL., WORLD WAR 2 GLIDERS ASSTD DESIGNS"
14523.0,Potential Customers,"WORLD WAR 2 GLIDERS ASSTD DESIGNS, ASSORTED COLOUR BIRD ORNAMENT, ASSORTED COLOURS SILK FAN, GIRLS ALPHABET IRON ON PATCHES , POPART WOODEN PENCILS ASST"
14526.0,At Risk Customers,"GIRLS ALPHABET IRON ON PATCHES , WHITE HANGING HEART T-LIGHT HOLDER, ASSTD DESIGN BUBBLE GUM RING, LUNCH BAG  BLACK SKULL., WORLD WAR 2 GLIDERS ASSTD DESIGNS"
14528.0,Potential Customers,"WORLD WAR 2 GLIDERS ASSTD DESIGNS, ASSORTED COLOUR BIRD ORNAMENT, ASSORTED COLOURS SILK FAN, GIRLS ALPHABET IRON ON PATCHES , POPART WOODEN PENCILS ASST"
14531.0,At Risk Customers,"GIRLS ALPHABET IRON ON PATCHES , WHITE HANGING HEART T-LIGHT HOLDER, ASSTD DESIGN BUBBLE GUM RING, LUNCH BAG  BLACK SKULL., WORLD WAR 2 GLIDERS ASSTD DESIGNS"
14536.0,Potential Customers,"WORLD WAR 2 GLIDERS ASSTD DESIGNS, ASSORTED COLOUR BIRD ORNAMENT, ASSORTED COLOURS SILK FAN, GIRLS ALPHABET IRON ON PATCHES , POPART WOODEN PENCILS ASST"
14542.0,Potential Customers,"WORLD WAR 2 GLIDERS ASSTD DESIGNS, ASSORTED COLOUR BIRD ORNAMENT, ASSORTED COLOURS SILK FAN, GIRLS ALPHABET IRON ON PATCHES , POPART WOODEN PENCILS ASST"
14545.0,At Risk Customers,"GIRLS ALPHABET IRON ON PATCHES , WHITE HANGING HEART T-LIGHT HOLDER, ASSTD DESIGN BUBBLE GUM RING, LUNCH BAG  BLACK SKULL., WORLD WAR 2 GLIDERS ASSTD DESIGNS"
14556.0,At Risk Customers,"GIRLS ALPHABET IRON ON PATCHES , WHITE HANGING HEART T-LIGHT HOLDER, ASSTD DESIGN BUBBLE GUM RING, LUNCH BAG  BLACK SKULL., WORLD WAR 2 GLIDERS ASSTD DESIGNS"
14557.0,Potential Customers,"WORLD WAR 2 GLIDERS ASSTD DESIGNS, ASSORTED COLOUR BIRD ORNAMENT, ASSORTED COLOURS SILK FAN, GIRLS ALPHABET IRON ON PATCHES , POPART WOODEN PENCILS ASST"
14558.0,At Risk Customers,"GIRLS ALPHABET IRON ON PATCHES , WHITE HANGING HEART T-LIGHT HOLDER, ASSTD DESIGN BUBBLE GUM RING, LUNCH BAG  BLACK SKULL., WORLD WAR 2 GLIDERS ASSTD DESIGNS"
14559.0,At Risk Customers,"GIRLS ALPHABET IRON ON PATCHES , WHITE HANGING HEART T-LIGHT HOLDER, ASSTD DESIGN BUBBLE GUM RING, LUNCH BAG  BLACK SKULL., WORLD WAR 2 GLIDERS ASSTD DESIGNS"
14561.0,Loyal Customers,"SMALL CHINESE STYLE SCISSOR, BLACK AND WHITE PAISLEY FLOWER MUG, WHITE HANGING HEART T-LIGHT HOLDER, WORLD WAR 2 GLIDERS ASSTD DESIGNS, ASSORTED COLOUR BIRD ORNAMENT"
14563.0,At Risk Customers,"GIRLS ALPHABET IRON ON PATCHES , WHITE HANGING HEART T-LIGHT HOLDER, ASSTD DESIGN BUBBLE GUM RING, LUNCH BAG  BLACK SKULL., WORLD WAR 2 GLIDERS ASSTD DESIGNS"
14564.0,At Risk Customers,"GIRLS ALPHABET IRON ON PATCHES , WHITE HANGING HEART T-LIGHT HOLDER, ASSTD DESIGN BUBBLE GUM RING, LUNCH BAG  BLACK SKULL., WORLD WAR 2 GLIDERS ASSTD DESIGNS"
14565.0,Loyal Customers,"SMALL CHINESE STYLE SCISSOR, BLACK AND WHITE PAISLEY FLOWER MUG, WHITE HANGING HEART T-LIGHT HOLDER, WORLD WAR 2 GLIDERS ASSTD DESIGNS, ASSORTED COLOUR BIRD ORNAMENT"
14566.0,Loyal Customers,"SMALL CHINESE STYLE SCISSOR, BLACK AND WHITE PAISLEY FLOWER MUG, WHITE HANGING HEART T-LIGHT HOLDER, WORLD WAR 2 GLIDERS ASSTD DESIGNS, ASSORTED COLOUR BIRD ORNAMENT"
14567.0,Loyal Customers,"SMALL CHINESE STYLE SCISSOR, BLACK AND WHITE PAISLEY FLOWER MUG, WHITE HANGING HEART T-LIGHT HOLDER, WORLD WAR 2 GLIDERS ASSTD DESIGNS, ASSORTED COLOUR BIRD ORNAMENT"
14568.0,At Risk Customers,"GIRLS ALPHABET IRON ON PATCHES , WHITE HANGING HEART T-LIGHT HOLDER, ASSTD DESIGN BUBBLE GUM RING, LUNCH BAG  BLACK SKULL., WORLD WAR 2 GLIDERS ASSTD DESIGNS"
14570.0,Potential Customers,"WORLD WAR 2 GLIDERS ASSTD DESIGNS, ASSORTED COLOUR BIRD ORNAMENT, ASSORTED COLOURS SILK FAN, GIRLS ALPHABET IRON ON PATCHES , POPART WOODEN PENCILS ASST"
14571.0,At Risk Customers,"GIRLS ALPHABET IRON ON PATCHES , WHITE HANGING HEART T-LIGHT HOLDER, ASSTD DESIGN BUBBLE GUM RING, LUNCH BAG  BLACK SKULL., WORLD WAR 2 GLIDERS ASSTD DESIGNS"
14573.0,Loyal Customers,"SMALL CHINESE STYLE SCISSOR, BLACK AND WHITE PAISLEY FLOWER MUG, WHITE HANGING HEART T-LIGHT HOLDER, WORLD WAR 2 GLIDERS ASSTD DESIGNS, ASSORTED COLOUR BIRD ORNAMENT"
14574.0,At Risk Customers,"GIRLS ALPHABET IRON ON PATCHES , WHITE HANGING HEART T-LIGHT HOLDER, ASSTD DESIGN BUBBLE GUM RING, LUNCH BAG  BLACK SKULL., WORLD WAR 2 GLIDERS ASSTD DESIGNS"
14575.0,At Risk Customers,"GIRLS ALPHABET IRON ON PATCHES , WHITE HANGING HEART T-LIGHT HOLDER, ASSTD DESIGN BUBBLE GUM RING, LUNCH BAG  BLACK SKULL., WORLD WAR 2 GLIDERS ASSTD DESIGNS"
14576.0,At Risk Customers,"GIRLS ALPHABET IRON ON PATCHES , WHITE HANGING HEART T-LIGHT HOLDER, ASSTD DESIGN BUBBLE GUM RING, LUNCH BAG  BLACK SKULL., WORLD WAR 2 GLIDERS ASSTD DESIGNS"
14578.0,Potential Customers,"WORLD WAR 2 GLIDERS ASSTD DESIGNS, ASSORTED COLOUR BIRD ORNAMENT, ASSORTED COLOURS SILK FAN, GIRLS ALPHABET IRON ON PATCHES , POPART WOODEN PENCILS ASST"
14579.0,At Risk Customers,"GIRLS ALPHABET IRON ON PATCHES , WHITE HANGING HEART T-LIGHT HOLDER, ASSTD DESIGN BUBBLE GUM RING, LUNCH BAG  BLACK SKULL., WORLD WAR 2 GLIDERS ASSTD DESIGNS"
14580.0,At Risk Customers,"GIRLS ALPHABET IRON ON PATCHES , WHITE HANGING HEART T-LIGHT HOLDER, ASSTD DESIGN BUBBLE GUM RING, LUNCH BAG  BLACK SKULL., WORLD WAR 2 GLIDERS ASSTD DESIGNS"
14582.0,Potential Customers,"WORLD WAR 2 GLIDERS ASSTD DESIGNS, ASSORTED COLOUR BIRD ORNAMENT, ASSORTED COLOURS SILK FAN, GIRLS ALPHABET IRON ON PATCHES , POPART WOODEN PENCILS ASST"
14586.0,Potential Customers,"WORLD WAR 2 GLIDERS ASSTD DESIGNS, ASSORTED COLOUR BIRD ORNAMENT, ASSORTED COLOURS SILK FAN, GIRLS ALPHABET IRON ON PATCHES , POPART WOODEN PENCILS ASST"
14587.0,Loyal Customers,"SMALL CHINESE STYLE SCISSOR, BLACK AND WHITE PAISLEY FLOWER MUG, WHITE HANGING HEART T-LIGHT HOLDER, WORLD WAR 2 GLIDERS ASSTD DESIGNS, ASSORTED COLOUR BIRD ORNAMENT"
14588.0,At Risk Customers,"GIRLS ALPHABET IRON ON PATCHES , WHITE HANGING HEART T-LIGHT HOLDER, ASSTD DESIGN BUBBLE GUM RING, LUNCH BAG  BLACK SKULL., WORLD WAR 2 GLIDERS ASSTD DESIGNS"
14589.0,At Risk Customers,"GIRLS ALPHABET IRON ON PATCHES , WHITE HANGING HEART T-LIGHT HOLDER, ASSTD DESIGN BUBBLE GUM RING, LUNCH BAG  BLACK SKULL., WORLD WAR 2 GLIDERS ASSTD DESIGNS"
14590.0,Champions,"WORLD WAR 2 GLIDERS ASSTD DESIGNS, PAPER CRAFT , LITTLE BIRDIE, MEDIUM CERAMIC TOP STORAGE JAR, WHITE HANGING HEART T-LIGHT HOLDER, JUMBO BAG RED RETROSPOT"
14596.0,At Risk Customers,"GIRLS ALPHABET IRON ON PATCHES , WHITE HANGING HEART T-LIGHT HOLDER, ASSTD DESIGN BUBBLE GUM RING, LUNCH BAG  BLACK SKULL., WORLD WAR 2 GLIDERS ASSTD DESIGNS"
14599.0,At Risk Customers,"GIRLS ALPHABET IRON ON PATCHES , WHITE HANGING HEART T-LIGHT HOLDER, ASSTD DESIGN BUBBLE GUM RING, LUNCH BAG  BLACK SKULL., WORLD WAR 2 GLIDERS ASSTD DESIGNS"
14600.0,At Risk Customers,"GIRLS ALPHABET IRON ON PATCHES , WHITE HANGING HEART T-LIGHT HOLDER, ASSTD DESIGN BUBBLE GUM RING, LUNCH BAG  BLACK SKULL., WORLD WAR 2 GLIDERS ASSTD DESIGNS"
14601.0,Potential Customers,"WORLD WAR 2 GLIDERS ASSTD DESIGNS, ASSORTED COLOUR BIRD ORNAMENT, ASSORTED COLOURS SILK FAN, GIRLS ALPHABET IRON ON PATCHES , POPART WOODEN PENCILS ASST"
14602.0,At Risk Customers,"GIRLS ALPHABET IRON ON PATCHES , WHITE HANGING HEART T-LIGHT HOLDER, ASSTD DESIGN BUBBLE GUM RING, LUNCH BAG  BLACK SKULL., WORLD WAR 2 GLIDERS ASSTD DESIGNS"
14603.0,Potential Customers,"WORLD WAR 2 GLIDERS ASSTD DESIGNS, ASSORTED COLOUR BIRD ORNAMENT, ASSORTED COLOURS SILK FAN, GIRLS ALPHABET IRON ON PATCHES , POPART WOODEN PENCILS ASST"
14604.0,At Risk Customers,"GIRLS ALPHABET IRON ON PATCHES , WHITE HANGING HEART T-LIGHT HOLDER, ASSTD DESIGN BUBBLE GUM RING, LUNCH BAG  BLACK SKULL., WORLD WAR 2 GLIDERS ASSTD DESIGNS"
14605.0,At Risk Customers,"GIRLS ALPHABET IRON ON PATCHES , WHITE HANGING HEART T-LIGHT HOLDER, ASSTD DESIGN BUBBLE GUM RING, LUNCH BAG  BLACK SKULL., WORLD WAR 2 GLIDERS ASSTD DESIGNS"
14610.0,At Risk Customers,"GIRLS ALPHABET IRON ON PATCHES , WHITE HANGING HEART T-LIGHT HOLDER, ASSTD DESIGN BUBBLE GUM RING, LUNCH BAG  BLACK SKULL., WORLD WAR 2 GLIDERS ASSTD DESIGNS"
14611.0,At Risk Customers,"GIRLS ALPHABET IRON ON PATCHES , WHITE HANGING HEART T-LIGHT HOLDER, ASSTD DESIGN BUBBLE GUM RING, LUNCH BAG  BLACK SKULL., WORLD WAR 2 GLIDERS ASSTD DESIGNS"
14612.0,At Risk Customers,"GIRLS ALPHABET IRON ON PATCHES , WHITE HANGING HEART T-LIGHT HOLDER, ASSTD DESIGN BUBBLE GUM RING, LUNCH BAG  BLACK SKULL., WORLD WAR 2 GLIDERS ASSTD DESIGNS"
14613.0,At Risk Customers,"GIRLS ALPHABET IRON ON PATCHES , WHITE HANGING HEART T-LIGHT HOLDER, ASSTD DESIGN BUBBLE GUM RING, LUNCH BAG  BLACK SKULL., WORLD WAR 2 GLIDERS ASSTD DESIGNS"
14614.0,At Risk Customers,"GIRLS ALPHABET IRON ON PATCHES , WHITE HANGING HEART T-LIGHT HOLDER, ASSTD DESIGN BUBBLE GUM RING, LUNCH BAG  BLACK SKULL., WORLD WAR 2 GLIDERS ASSTD DESIGNS"
14615.0,At Risk Customers,"GIRLS ALPHABET IRON ON PATCHES , WHITE HANGING HEART T-LIGHT HOLDER, ASSTD DESIGN BUBBLE GUM RING, LUNCH BAG  BLACK SKULL., WORLD WAR 2 GLIDERS ASSTD DESIGNS"
14616.0,Loyal Customers,"SMALL CHINESE STYLE SCISSOR, BLACK AND WHITE PAISLEY FLOWER MUG, WHITE HANGING HEART T-LIGHT HOLDER, WORLD WAR 2 GLIDERS ASSTD DESIGNS, ASSORTED COLOUR BIRD ORNAMENT"
14617.0,At Risk Customers,"GIRLS ALPHABET IRON ON PATCHES , WHITE HANGING HEART T-LIGHT HOLDER, ASSTD DESIGN BUBBLE GUM RING, LUNCH BAG  BLACK SKULL., WORLD WAR 2 GLIDERS ASSTD DESIGNS"
14619.0,Potential Customers,"WORLD WAR 2 GLIDERS ASSTD DESIGNS, ASSORTED COLOUR BIRD ORNAMENT, ASSORTED COLOURS SILK FAN, GIRLS ALPHABET IRON ON PATCHES , POPART WOODEN PENCILS ASST"
14620.0,Potential Customers,"WORLD WAR 2 GLIDERS ASSTD DESIGNS, ASSORTED COLOUR BIRD ORNAMENT, ASSORTED COLOURS SILK FAN, GIRLS ALPHABET IRON ON PATCHES , POPART WOODEN PENCILS ASST"
14622.0,Potential Customers,"WORLD WAR 2 GLIDERS ASSTD DESIGNS, ASSORTED COLOUR BIRD ORNAMENT, ASSORTED COLOURS SILK FAN, GIRLS ALPHABET IRON ON PATCHES , POPART WOODEN PENCILS ASST"
14625.0,Champions,"WORLD WAR 2 GLIDERS ASSTD DESIGNS, PAPER CRAFT , LITTLE BIRDIE, MEDIUM CERAMIC TOP STORAGE JAR, WHITE HANGING HEART T-LIGHT HOLDER, JUMBO BAG RED RETROSPOT"
14627.0,At Risk Customers,"GIRLS ALPHABET IRON ON PATCHES , WHITE HANGING HEART T-LIGHT HOLDER, ASSTD DESIGN BUBBLE GUM RING, LUNCH BAG  BLACK SKULL., WORLD WAR 2 GLIDERS ASSTD DESIGNS"
14628.0,Loyal Customers,"SMALL CHINESE STYLE SCISSOR, BLACK AND WHITE PAISLEY FLOWER MUG, WHITE HANGING HEART T-LIGHT HOLDER, WORLD WAR 2 GLIDERS ASSTD DESIGNS, ASSORTED COLOUR BIRD ORNAMENT"
14630.0,At Risk Customers,"GIRLS ALPHABET IRON ON PATCHES , WHITE HANGING HEART T-LIGHT HOLDER, ASSTD DESIGN BUBBLE GUM RING, LUNCH BAG  BLACK SKULL., WORLD WAR 2 GLIDERS ASSTD DESIGNS"
14632.0,Potential Customers,"WORLD WAR 2 GLIDERS ASSTD DESIGNS, ASSORTED COLOUR BIRD ORNAMENT, ASSORTED COLOURS SILK FAN, GIRLS ALPHABET IRON ON PATCHES , POPART WOODEN PENCILS ASST"
14633.0,Potential Customers,"WORLD WAR 2 GLIDERS ASSTD DESIGNS, ASSORTED COLOUR BIRD ORNAMENT, ASSORTED COLOURS SILK FAN, GIRLS ALPHABET IRON ON PATCHES , POPART WOODEN PENCILS ASST"
14634.0,At Risk Customers,"GIRLS ALPHABET IRON ON PATCHES , WHITE HANGING HEART T-LIGHT HOLDER, ASSTD DESIGN BUBBLE GUM RING, LUNCH BAG  BLACK SKULL., WORLD WAR 2 GLIDERS ASSTD DESIGNS"
14635.0,At Risk Customers,"GIRLS ALPHABET IRON ON PATCHES , WHITE HANGING HEART T-LIGHT HOLDER, ASSTD DESIGN BUBBLE GUM RING, LUNCH BAG  BLACK SKULL., WORLD WAR 2 GLIDERS ASSTD DESIGNS"
14636.0,Potential Customers,"WORLD WAR 2 GLIDERS ASSTD DESIGNS, ASSORTED COLOUR BIRD ORNAMENT, ASSORTED COLOURS SILK FAN, GIRLS ALPHABET IRON ON PATCHES , POPART WOODEN PENCILS ASST"
14637.0,At Risk Customers,"GIRLS ALPHABET IRON ON PATCHES , WHITE HANGING HEART T-LIGHT HOLDER, ASSTD DESIGN BUBBLE GUM RING, LUNCH BAG  BLACK SKULL., WORLD WAR 2 GLIDERS ASSTD DESIGNS"
14638.0,Potential Customers,"WORLD WAR 2 GLIDERS ASSTD DESIGNS, ASSORTED COLOUR BIRD ORNAMENT, ASSORTED COLOURS SILK FAN, GIRLS ALPHABET IRON ON PATCHES , POPART WOODEN PENCILS ASST"
14641.0,Potential Customers,"WORLD WAR 2 GLIDERS ASSTD DESIGNS, ASSORTED COLOUR BIRD ORNAMENT, ASSORTED COLOURS SILK FAN, GIRLS ALPHABET IRON ON PATCHES , POPART WOODEN PENCILS ASST"
14642.0,Potential Customers,"WORLD WAR 2 GLIDERS ASSTD DESIGNS, ASSORTED COLOUR BIRD ORNAMENT, ASSORTED COLOURS SILK FAN, GIRLS ALPHABET IRON ON PATCHES , POPART WOODEN PENCILS ASST"
14643.0,Loyal Customers,"SMALL CHINESE STYLE SCISSOR, BLACK AND WHITE PAISLEY FLOWER MUG, WHITE HANGING HEART T-LIGHT HOLDER, WORLD WAR 2 GLIDERS ASSTD DESIGNS, ASSORTED COLOUR BIRD ORNAMENT"
14645.0,Loyal Customers,"SMALL CHINESE STYLE SCISSOR, BLACK AND WHITE PAISLEY FLOWER MUG, WHITE HANGING HEART T-LIGHT HOLDER, WORLD WAR 2 GLIDERS ASSTD DESIGNS, ASSORTED COLOUR BIRD ORNAMENT"
14647.0,Potential Customers,"WORLD WAR 2 GLIDERS ASSTD DESIGNS, ASSORTED COLOUR BIRD ORNAMENT, ASSORTED COLOURS SILK FAN, GIRLS ALPHABET IRON ON PATCHES , POPART WOODEN PENCILS ASST"
14650.0,At Risk Customers,"GIRLS ALPHABET IRON ON PATCHES , WHITE HANGING HEART T-LIGHT HOLDER, ASSTD DESIGN BUBBLE GUM RING, LUNCH BAG  BLACK SKULL., WORLD WAR 2 GLIDERS ASSTD DESIGNS"
14652.0,Potential Customers,"WORLD WAR 2 GLIDERS ASSTD DESIGNS, ASSORTED COLOUR BIRD ORNAMENT, ASSORTED COLOURS SILK FAN, GIRLS ALPHABET IRON ON PATCHES , POPART WOODEN PENCILS ASST"
14654.0,At Risk Customers,"GIRLS ALPHABET IRON ON PATCHES , WHITE HANGING HEART T-LIGHT HOLDER, ASSTD DESIGN BUBBLE GUM RING, LUNCH BAG  BLACK SKULL., WORLD WAR 2 GLIDERS ASSTD DESIGNS"
14656.0,Loyal Customers,"SMALL CHINESE STYLE SCISSOR, BLACK AND WHITE PAISLEY FLOWER MUG, WHITE HANGING HEART T-LIGHT HOLDER, WORLD WAR 2 GLIDERS ASSTD DESIGNS, ASSORTED COLOUR BIRD ORNAMENT"
14658.0,Potential Customers,"WORLD WAR 2 GLIDERS ASSTD DESIGNS, ASSORTED COLOUR BIRD ORNAMENT, ASSORTED COLOURS SILK FAN, GIRLS ALPHABET IRON ON PATCHES , POPART WOODEN PENCILS ASST"
14661.0,Potential Customers,"WORLD WAR 2 GLIDERS ASSTD DESIGNS, ASSORTED COLOUR BIRD ORNAMENT, ASSORTED COLOURS SILK FAN, GIRLS ALPHABET IRON ON PATCHES , POPART WOODEN PENCILS ASST"
14663.0,At Risk Customers,"GIRLS ALPHABET IRON ON PATCHES , WHITE HANGING HEART T-LIGHT HOLDER, ASSTD DESIGN BUBBLE GUM RING, LUNCH BAG  BLACK SKULL., WORLD WAR 2 GLIDERS ASSTD DESIGNS"
14666.0,Potential Customers,"WORLD WAR 2 GLIDERS ASSTD DESIGNS, ASSORTED COLOUR BIRD ORNAMENT, ASSORTED COLOURS SILK FAN, GIRLS ALPHABET IRON ON PATCHES , POPART WOODEN PENCILS ASST"
14668.0,At Risk Customers,"GIRLS ALPHABET IRON ON PATCHES , WHITE HANGING HEART T-LIGHT HOLDER, ASSTD DESIGN BUBBLE GUM RING, LUNCH BAG  BLACK SKULL., WORLD WAR 2 GLIDERS ASSTD DESIGNS"
14670.0,Potential Customers,"WORLD WAR 2 GLIDERS ASSTD DESIGNS, ASSORTED COLOUR BIRD ORNAMENT, ASSORTED COLOURS SILK FAN, GIRLS ALPHABET IRON ON PATCHES , POPART WOODEN PENCILS ASST"
14672.0,Loyal Customers,"SMALL CHINESE STYLE SCISSOR, BLACK AND WHITE PAISLEY FLOWER MUG, WHITE HANGING HEART T-LIGHT HOLDER, WORLD WAR 2 GLIDERS ASSTD DESIGNS, ASSORTED COLOUR BIRD ORNAMENT"
14674.0,At Risk Customers,"GIRLS ALPHABET IRON ON PATCHES , WHITE HANGING HEART T-LIGHT HOLDER, ASSTD DESIGN BUBBLE GUM RING, LUNCH BAG  BLACK SKULL., WORLD WAR 2 GLIDERS ASSTD DESIGNS"
14677.0,At Risk Customers,"GIRLS ALPHABET IRON ON PATCHES , WHITE HANGING HEART T-LIGHT HOLDER, ASSTD DESIGN BUBBLE GUM RING, LUNCH BAG  BLACK SKULL., WORLD WAR 2 GLIDERS ASSTD DESIGNS"
14678.0,At Risk Customers,"GIRLS ALPHABET IRON ON PATCHES , WHITE HANGING HEART T-LIGHT HOLDER, ASSTD DESIGN BUBBLE GUM RING, LUNCH BAG  BLACK SKULL., WORLD WAR 2 GLIDERS ASSTD DESIGNS"
14679.0,At Risk Customers,"GIRLS ALPHABET IRON ON PATCHES , WHITE HANGING HEART T-LIGHT HOLDER, ASSTD DESIGN BUBBLE GUM RING, LUNCH BAG  BLACK SKULL., WORLD WAR 2 GLIDERS ASSTD DESIGNS"
14682.0,Loyal Customers,"SMALL CHINESE STYLE SCISSOR, BLACK AND WHITE PAISLEY FLOWER MUG, WHITE HANGING HEART T-LIGHT HOLDER, WORLD WAR 2 GLIDERS ASSTD DESIGNS, ASSORTED COLOUR BIRD ORNAMENT"
14683.0,At Risk Customers,"GIRLS ALPHABET IRON ON PATCHES , WHITE HANGING HEART T-LIGHT HOLDER, ASSTD DESIGN BUBBLE GUM RING, LUNCH BAG  BLACK SKULL., WORLD WAR 2 GLIDERS ASSTD DESIGNS"
14685.0,Loyal Customers,"SMALL CHINESE STYLE SCISSOR, BLACK AND WHITE PAISLEY FLOWER MUG, WHITE HANGING HEART T-LIGHT HOLDER, WORLD WAR 2 GLIDERS ASSTD DESIGNS, ASSORTED COLOUR BIRD ORNAMENT"
14686.0,At Risk Customers,"GIRLS ALPHABET IRON ON PATCHES , WHITE HANGING HEART T-LIGHT HOLDER, ASSTD DESIGN BUBBLE GUM RING, LUNCH BAG  BLACK SKULL., WORLD WAR 2 GLIDERS ASSTD DESIGNS"
14687.0,Loyal Customers,"SMALL CHINESE STYLE SCISSOR, BLACK AND WHITE PAISLEY FLOWER MUG, WHITE HANGING HEART T-LIGHT HOLDER, WORLD WAR 2 GLIDERS ASSTD DESIGNS, ASSORTED COLOUR BIRD ORNAMENT"
14689.0,Potential Customers,"WORLD WAR 2 GLIDERS ASSTD DESIGNS, ASSORTED COLOUR BIRD ORNAMENT, ASSORTED COLOURS SILK FAN, GIRLS ALPHABET IRON ON PATCHES , POPART WOODEN PENCILS ASST"
14693.0,Loyal Customers,"SMALL CHINESE STYLE SCISSOR, BLACK AND WHITE PAISLEY FLOWER MUG, WHITE HANGING HEART T-LIGHT HOLDER, WORLD WAR 2 GLIDERS ASSTD DESIGNS, ASSORTED COLOUR BIRD ORNAMENT"
14694.0,At Risk Customers,"GIRLS ALPHABET IRON ON PATCHES , WHITE HANGING HEART T-LIGHT HOLDER, ASSTD DESIGN BUBBLE GUM RING, LUNCH BAG  BLACK SKULL., WORLD WAR 2 GLIDERS ASSTD DESIGNS"
14695.0,At Risk Customers,"GIRLS ALPHABET IRON ON PATCHES , WHITE HANGING HEART T-LIGHT HOLDER, ASSTD DESIGN BUBBLE GUM RING, LUNCH BAG  BLACK SKULL., WORLD WAR 2 GLIDERS ASSTD DESIGNS"
14697.0,Potential Customers,"WORLD WAR 2 GLIDERS ASSTD DESIGNS, ASSORTED COLOUR BIRD ORNAMENT, ASSORTED COLOURS SILK FAN, GIRLS ALPHABET IRON ON PATCHES , POPART WOODEN PENCILS ASST"
14699.0,Loyal Customers,"SMALL CHINESE STYLE SCISSOR, BLACK AND WHITE PAISLEY FLOWER MUG, WHITE HANGING HEART T-LIGHT HOLDER, WORLD WAR 2 GLIDERS ASSTD DESIGNS, ASSORTED COLOUR BIRD ORNAMENT"
14703.0,Potential Customers,"WORLD WAR 2 GLIDERS ASSTD DESIGNS, ASSORTED COLOUR BIRD ORNAMENT, ASSORTED COLOURS SILK FAN, GIRLS ALPHABET IRON ON PATCHES , POPART WOODEN PENCILS ASST"
14705.0,Potential Customers,"WORLD WAR 2 GLIDERS ASSTD DESIGNS, ASSORTED COLOUR BIRD ORNAMENT, ASSORTED COLOURS SILK FAN, GIRLS ALPHABET IRON ON PATCHES , POPART WOODEN PENCILS ASST"
14706.0,At Risk Customers,"GIRLS ALPHABET IRON ON PATCHES , WHITE HANGING HEART T-LIGHT HOLDER, ASSTD DESIGN BUBBLE GUM RING, LUNCH BAG  BLACK SKULL., WORLD WAR 2 GLIDERS ASSTD DESIGNS"
14707.0,At Risk Customers,"GIRLS ALPHABET IRON ON PATCHES , WHITE HANGING HEART T-LIGHT HOLDER, ASSTD DESIGN BUBBLE GUM RING, LUNCH BAG  BLACK SKULL., WORLD WAR 2 GLIDERS ASSTD DESIGNS"
14708.0,Loyal Customers,"SMALL CHINESE STYLE SCISSOR, BLACK AND WHITE PAISLEY FLOWER MUG, WHITE HANGING HEART T-LIGHT HOLDER, WORLD WAR 2 GLIDERS ASSTD DESIGNS, ASSORTED COLOUR BIRD ORNAMENT"
14717.0,At Risk Customers,"GIRLS ALPHABET IRON ON PATCHES , WHITE HANGING HEART T-LIGHT HOLDER, ASSTD DESIGN BUBBLE GUM RING, LUNCH BAG  BLACK SKULL., WORLD WAR 2 GLIDERS ASSTD DESIGNS"
14718.0,At Risk Customers,"GIRLS ALPHABET IRON ON PATCHES , WHITE HANGING HEART T-LIGHT HOLDER, ASSTD DESIGN BUBBLE GUM RING, LUNCH BAG  BLACK SKULL., WORLD WAR 2 GLIDERS ASSTD DESIGNS"
14720.0,Potential Customers,"WORLD WAR 2 GLIDERS ASSTD DESIGNS, ASSORTED COLOUR BIRD ORNAMENT, ASSORTED COLOURS SILK FAN, GIRLS ALPHABET IRON ON PATCHES , POPART WOODEN PENCILS ASST"
14721.0,At Risk Customers,"GIRLS ALPHABET IRON ON PATCHES , WHITE HANGING HEART T-LIGHT HOLDER, ASSTD DESIGN BUBBLE GUM RING, LUNCH BAG  BLACK SKULL., WORLD WAR 2 GLIDERS ASSTD DESIGNS"
14722.0,Potential Customers,"WORLD WAR 2 GLIDERS ASSTD DESIGNS, ASSORTED COLOUR BIRD ORNAMENT, ASSORTED COLOURS SILK FAN, GIRLS ALPHABET IRON ON PATCHES , POPART WOODEN PENCILS ASST"
14724.0,At Risk Customers,"GIRLS ALPHABET IRON ON PATCHES , WHITE HANGING HEART T-LIGHT HOLDER, ASSTD DESIGN BUBBLE GUM RING, LUNCH BAG  BLACK SKULL., WORLD WAR 2 GLIDERS ASSTD DESIGNS"
14726.0,At Risk Customers,"GIRLS ALPHABET IRON ON PATCHES , WHITE HANGING HEART T-LIGHT HOLDER, ASSTD DESIGN BUBBLE GUM RING, LUNCH BAG  BLACK SKULL., WORLD WAR 2 GLIDERS ASSTD DESIGNS"
14727.0,Potential Customers,"WORLD WAR 2 GLIDERS ASSTD DESIGNS, ASSORTED COLOUR BIRD ORNAMENT, ASSORTED COLOURS SILK FAN, GIRLS ALPHABET IRON ON PATCHES , POPART WOODEN PENCILS ASST"
14728.0,At Risk Customers,"GIRLS ALPHABET IRON ON PATCHES , WHITE HANGING HEART T-LIGHT HOLDER, ASSTD DESIGN BUBBLE GUM RING, LUNCH BAG  BLACK SKULL., WORLD WAR 2 GLIDERS ASSTD DESIGNS"
14729.0,At Risk Customers,"GIRLS ALPHABET IRON ON PATCHES , WHITE HANGING HEART T-LIGHT HOLDER, ASSTD DESIGN BUBBLE GUM RING, LUNCH BAG  BLACK SKULL., WORLD WAR 2 GLIDERS ASSTD DESIGNS"
14731.0,Potential Customers,"WORLD WAR 2 GLIDERS ASSTD DESIGNS, ASSORTED COLOUR BIRD ORNAMENT, ASSORTED COLOURS SILK FAN, GIRLS ALPHABET IRON ON PATCHES , POPART WOODEN PENCILS ASST"
14734.0,At Risk Customers,"GIRLS ALPHABET IRON ON PATCHES , WHITE HANGING HEART T-LIGHT HOLDER, ASSTD DESIGN BUBBLE GUM RING, LUNCH BAG  BLACK SKULL., WORLD WAR 2 GLIDERS ASSTD DESIGNS"
14736.0,At Risk Customers,"GIRLS ALPHABET IRON ON PATCHES , WHITE HANGING HEART T-LIGHT HOLDER, ASSTD DESIGN BUBBLE GUM RING, LUNCH BAG  BLACK SKULL., WORLD WAR 2 GLIDERS ASSTD DESIGNS"
14742.0,At Risk Customers,"GIRLS ALPHABET IRON ON PATCHES , WHITE HANGING HEART T-LIGHT HOLDER, ASSTD DESIGN BUBBLE GUM RING, LUNCH BAG  BLACK SKULL., WORLD WAR 2 GLIDERS ASSTD DESIGNS"
14743.0,At Risk Customers,"GIRLS ALPHABET IRON ON PATCHES , WHITE HANGING HEART T-LIGHT HOLDER, ASSTD DESIGN BUBBLE GUM RING, LUNCH BAG  BLACK SKULL., WORLD WAR 2 GLIDERS ASSTD DESIGNS"
14746.0,At Risk Customers,"GIRLS ALPHABET IRON ON PATCHES , WHITE HANGING HEART T-LIGHT HOLDER, ASSTD DESIGN BUBBLE GUM RING, LUNCH BAG  BLACK SKULL., WORLD WAR 2 GLIDERS ASSTD DESIGNS"
14747.0,Potential Customers,"WORLD WAR 2 GLIDERS ASSTD DESIGNS, ASSORTED COLOUR BIRD ORNAMENT, ASSORTED COLOURS SILK FAN, GIRLS ALPHABET IRON ON PATCHES , POPART WOODEN PENCILS ASST"
14749.0,At Risk Customers,"GIRLS ALPHABET IRON ON PATCHES , WHITE HANGING HEART T-LIGHT HOLDER, ASSTD DESIGN BUBBLE GUM RING, LUNCH BAG  BLACK SKULL., WORLD WAR 2 GLIDERS ASSTD DESIGNS"
14750.0,At Risk Customers,"GIRLS ALPHABET IRON ON PATCHES , WHITE HANGING HEART T-LIGHT HOLDER, ASSTD DESIGN BUBBLE GUM RING, LUNCH BAG  BLACK SKULL., WORLD WAR 2 GLIDERS ASSTD DESIGNS"
14751.0,At Risk Customers,"GIRLS ALPHABET IRON ON PATCHES , WHITE HANGING HEART T-LIGHT HOLDER, ASSTD DESIGN BUBBLE GUM RING, LUNCH BAG  BLACK SKULL., WORLD WAR 2 GLIDERS ASSTD DESIGNS"
14752.0,Potential Customers,"WORLD WAR 2 GLIDERS ASSTD DESIGNS, ASSORTED COLOUR BIRD ORNAMENT, ASSORTED COLOURS SILK FAN, GIRLS ALPHABET IRON ON PATCHES , POPART WOODEN PENCILS ASST"
14757.0,Potential Customers,"WORLD WAR 2 GLIDERS ASSTD DESIGNS, ASSORTED COLOUR BIRD ORNAMENT, ASSORTED COLOURS SILK FAN, GIRLS ALPHABET IRON ON PATCHES , POPART WOODEN PENCILS ASST"
14758.0,Loyal Customers,"SMALL CHINESE STYLE SCISSOR, BLACK AND WHITE PAISLEY FLOWER MUG, WHITE HANGING HEART T-LIGHT HOLDER, WORLD WAR 2 GLIDERS ASSTD DESIGNS, ASSORTED COLOUR BIRD ORNAMENT"
14759.0,Loyal Customers,"SMALL CHINESE STYLE SCISSOR, BLACK AND WHITE PAISLEY FLOWER MUG, WHITE HANGING HEART T-LIGHT HOLDER, WORLD WAR 2 GLIDERS ASSTD DESIGNS, ASSORTED COLOUR BIRD ORNAMENT"
14760.0,At Risk Customers,"GIRLS ALPHABET IRON ON PATCHES , WHITE HANGING HEART T-LIGHT HOLDER, ASSTD DESIGN BUBBLE GUM RING, LUNCH BAG  BLACK SKULL., WORLD WAR 2 GLIDERS ASSTD DESIGNS"
14764.0,Potential Customers,"WORLD WAR 2 GLIDERS ASSTD DESIGNS, ASSORTED COLOUR BIRD ORNAMENT, ASSORTED COLOURS SILK FAN, GIRLS ALPHABET IRON ON PATCHES , POPART WOODEN PENCILS ASST"
14765.0,Potential Customers,"WORLD WAR 2 GLIDERS ASSTD DESIGNS, ASSORTED COLOUR BIRD ORNAMENT, ASSORTED COLOURS SILK FAN, GIRLS ALPHABET IRON ON PATCHES , POPART WOODEN PENCILS ASST"
14767.0,At Risk Customers,"GIRLS ALPHABET IRON ON PATCHES , WHITE HANGING HEART T-LIGHT HOLDER, ASSTD DESIGN BUBBLE GUM RING, LUNCH BAG  BLACK SKULL., WORLD WAR 2 GLIDERS ASSTD DESIGNS"
14768.0,Potential Customers,"WORLD WAR 2 GLIDERS ASSTD DESIGNS, ASSORTED COLOUR BIRD ORNAMENT, ASSORTED COLOURS SILK FAN, GIRLS ALPHABET IRON ON PATCHES , POPART WOODEN PENCILS ASST"
14771.0,At Risk Customers,"GIRLS ALPHABET IRON ON PATCHES , WHITE HANGING HEART T-LIGHT HOLDER, ASSTD DESIGN BUBBLE GUM RING, LUNCH BAG  BLACK SKULL., WORLD WAR 2 GLIDERS ASSTD DESIGNS"
14772.0,Potential Customers,"WORLD WAR 2 GLIDERS ASSTD DESIGNS, ASSORTED COLOUR BIRD ORNAMENT, ASSORTED COLOURS SILK FAN, GIRLS ALPHABET IRON ON PATCHES , POPART WOODEN PENCILS ASST"
14773.0,At Risk Customers,"GIRLS ALPHABET IRON ON PATCHES , WHITE HANGING HEART T-LIGHT HOLDER, ASSTD DESIGN BUBBLE GUM RING, LUNCH BAG  BLACK SKULL., WORLD WAR 2 GLIDERS ASSTD DESIGNS"
14774.0,At Risk Customers,"GIRLS ALPHABET IRON ON PATCHES , WHITE HANGING HEART T-LIGHT HOLDER, ASSTD DESIGN BUBBLE GUM RING, LUNCH BAG  BLACK SKULL., WORLD WAR 2 GLIDERS ASSTD DESIGNS"
14777.0,At Risk Customers,"GIRLS ALPHABET IRON ON PATCHES , WHITE HANGING HEART T-LIGHT HOLDER, ASSTD DESIGN BUBBLE GUM RING, LUNCH BAG  BLACK SKULL., WORLD WAR 2 GLIDERS ASSTD DESIGNS"
14778.0,Potential Customers,"WORLD WAR 2 GLIDERS ASSTD DESIGNS, ASSORTED COLOUR BIRD ORNAMENT, ASSORTED COLOURS SILK FAN, GIRLS ALPHABET IRON ON PATCHES , POPART WOODEN PENCILS ASST"
14779.0,Potential Customers,"WORLD WAR 2 GLIDERS ASSTD DESIGNS, ASSORTED COLOUR BIRD ORNAMENT, ASSORTED COLOURS SILK FAN, GIRLS ALPHABET IRON ON PATCHES , POPART WOODEN PENCILS ASST"
14782.0,At Risk Customers,"GIRLS ALPHABET IRON ON PATCHES , WHITE HANGING HEART T-LIGHT HOLDER, ASSTD DESIGN BUBBLE GUM RING, LUNCH BAG  BLACK SKULL., WORLD WAR 2 GLIDERS ASSTD DESIGNS"
14783.0,At Risk Customers,"GIRLS ALPHABET IRON ON PATCHES , WHITE HANGING HEART T-LIGHT HOLDER, ASSTD DESIGN BUBBLE GUM RING, LUNCH BAG  BLACK SKULL., WORLD WAR 2 GLIDERS ASSTD DESIGNS"
14786.0,At Risk Customers,"GIRLS ALPHABET IRON ON PATCHES , WHITE HANGING HEART T-LIGHT HOLDER, ASSTD DESIGN BUBBLE GUM RING, LUNCH BAG  BLACK SKULL., WORLD WAR 2 GLIDERS ASSTD DESIGNS"
14787.0,At Risk Customers,"GIRLS ALPHABET IRON ON PATCHES , WHITE HANGING HEART T-LIGHT HOLDER, ASSTD DESIGN BUBBLE GUM RING, LUNCH BAG  BLACK SKULL., WORLD WAR 2 GLIDERS ASSTD DESIGNS"
14789.0,Potential Customers,"WORLD WAR 2 GLIDERS ASSTD DESIGNS, ASSORTED COLOUR BIRD ORNAMENT, ASSORTED COLOURS SILK FAN, GIRLS ALPHABET IRON ON PATCHES , POPART WOODEN PENCILS ASST"
14791.0,At Risk Customers,"GIRLS ALPHABET IRON ON PATCHES , WHITE HANGING HEART T-LIGHT HOLDER, ASSTD DESIGN BUBBLE GUM RING, LUNCH BAG  BLACK SKULL., WORLD WAR 2 GLIDERS ASSTD DESIGNS"
14792.0,Potential Customers,"WORLD WAR 2 GLIDERS ASSTD DESIGNS, ASSORTED COLOUR BIRD ORNAMENT, ASSORTED COLOURS SILK FAN, GIRLS ALPHABET IRON ON PATCHES , POPART WOODEN PENCILS ASST"
14795.0,Potential Customers,"WORLD WAR 2 GLIDERS ASSTD DESIGNS, ASSORTED COLOUR BIRD ORNAMENT, ASSORTED COLOURS SILK FAN, GIRLS ALPHABET IRON ON PATCHES , POPART WOODEN PENCILS ASST"
14797.0,At Risk Customers,"GIRLS ALPHABET IRON ON PATCHES , WHITE HANGING HEART T-LIGHT HOLDER, ASSTD DESIGN BUBBLE GUM RING, LUNCH BAG  BLACK SKULL., WORLD WAR 2 GLIDERS ASSTD DESIGNS"
14802.0,At Risk Customers,"GIRLS ALPHABET IRON ON PATCHES , WHITE HANGING HEART T-LIGHT HOLDER, ASSTD DESIGN BUBBLE GUM RING, LUNCH BAG  BLACK SKULL., WORLD WAR 2 GLIDERS ASSTD DESIGNS"
14803.0,Potential Customers,"WORLD WAR 2 GLIDERS ASSTD DESIGNS, ASSORTED COLOUR BIRD ORNAMENT, ASSORTED COLOURS SILK FAN, GIRLS ALPHABET IRON ON PATCHES , POPART WOODEN PENCILS ASST"
14804.0,Potential Customers,"WORLD WAR 2 GLIDERS ASSTD DESIGNS, ASSORTED COLOUR BIRD ORNAMENT, ASSORTED COLOURS SILK FAN, GIRLS ALPHABET IRON ON PATCHES , POPART WOODEN PENCILS ASST"
14807.0,At Risk Customers,"GIRLS ALPHABET IRON ON PATCHES , WHITE HANGING HEART T-LIGHT HOLDER, ASSTD DESIGN BUBBLE GUM RING, LUNCH BAG  BLACK SKULL., WORLD WAR 2 GLIDERS ASSTD DESIGNS"
14809.0,At Risk Customers,"GIRLS ALPHABET IRON ON PATCHES , WHITE HANGING HEART T-LIGHT HOLDER, ASSTD DESIGN BUBBLE GUM RING, LUNCH BAG  BLACK SKULL., WORLD WAR 2 GLIDERS ASSTD DESIGNS"
14811.0,At Risk Customers,"GIRLS ALPHABET IRON ON PATCHES , WHITE HANGING HEART T-LIGHT HOLDER, ASSTD DESIGN BUBBLE GUM RING, LUNCH BAG  BLACK SKULL., WORLD WAR 2 GLIDERS ASSTD DESIGNS"
14812.0,At Risk Customers,"GIRLS ALPHABET IRON ON PATCHES , WHITE HANGING HEART T-LIGHT HOLDER, ASSTD DESIGN BUBBLE GUM RING, LUNCH BAG  BLACK SKULL., WORLD WAR 2 GLIDERS ASSTD DESIGNS"
14813.0,At Risk Customers,"GIRLS ALPHABET IRON ON PATCHES , WHITE HANGING HEART T-LIGHT HOLDER, ASSTD DESIGN BUBBLE GUM RING, LUNCH BAG  BLACK SKULL., WORLD WAR 2 GLIDERS ASSTD DESIGNS"
14814.0,At Risk Customers,"GIRLS ALPHABET IRON ON PATCHES , WHITE HANGING HEART T-LIGHT HOLDER, ASSTD DESIGN BUBBLE GUM RING, LUNCH BAG  BLACK SKULL., WORLD WAR 2 GLIDERS ASSTD DESIGNS"
14816.0,Potential Customers,"WORLD WAR 2 GLIDERS ASSTD DESIGNS, ASSORTED COLOUR BIRD ORNAMENT, ASSORTED COLOURS SILK FAN, GIRLS ALPHABET IRON ON PATCHES , POPART WOODEN PENCILS ASST"
14821.0,Loyal Customers,"SMALL CHINESE STYLE SCISSOR, BLACK AND WHITE PAISLEY FLOWER MUG, WHITE HANGING HEART T-LIGHT HOLDER, WORLD WAR 2 GLIDERS ASSTD DESIGNS, ASSORTED COLOUR BIRD ORNAMENT"
14822.0,At Risk Customers,"GIRLS ALPHABET IRON ON PATCHES , WHITE HANGING HEART T-LIGHT HOLDER, ASSTD DESIGN BUBBLE GUM RING, LUNCH BAG  BLACK SKULL., WORLD WAR 2 GLIDERS ASSTD DESIGNS"
14823.0,Potential Customers,"WORLD WAR 2 GLIDERS ASSTD DESIGNS, ASSORTED COLOUR BIRD ORNAMENT, ASSORTED COLOURS SILK FAN, GIRLS ALPHABET IRON ON PATCHES , POPART WOODEN PENCILS ASST"
14826.0,At Risk Customers,"GIRLS ALPHABET IRON ON PATCHES , WHITE HANGING HEART T-LIGHT HOLDER, ASSTD DESIGN BUBBLE GUM RING, LUNCH BAG  BLACK SKULL., WORLD WAR 2 GLIDERS ASSTD DESIGNS"
14830.0,Potential Customers,"WORLD WAR 2 GLIDERS ASSTD DESIGNS, ASSORTED COLOUR BIRD ORNAMENT, ASSORTED COLOURS SILK FAN, GIRLS ALPHABET IRON ON PATCHES , POPART WOODEN PENCILS ASST"
14832.0,At Risk Customers,"GIRLS ALPHABET IRON ON PATCHES , WHITE HANGING HEART T-LIGHT HOLDER, ASSTD DESIGN BUBBLE GUM RING, LUNCH BAG  BLACK SKULL., WORLD WAR 2 GLIDERS ASSTD DESIGNS"
14833.0,At Risk Customers,"GIRLS ALPHABET IRON ON PATCHES , WHITE HANGING HEART T-LIGHT HOLDER, ASSTD DESIGN BUBBLE GUM RING, LUNCH BAG  BLACK SKULL., WORLD WAR 2 GLIDERS ASSTD DESIGNS"
14835.0,At Risk Customers,"GIRLS ALPHABET IRON ON PATCHES , WHITE HANGING HEART T-LIGHT HOLDER, ASSTD DESIGN BUBBLE GUM RING, LUNCH BAG  BLACK SKULL., WORLD WAR 2 GLIDERS ASSTD DESIGNS"
14836.0,Potential Customers,"WORLD WAR 2 GLIDERS ASSTD DESIGNS, ASSORTED COLOUR BIRD ORNAMENT, ASSORTED COLOURS SILK FAN, GIRLS ALPHABET IRON ON PATCHES , POPART WOODEN PENCILS ASST"
14838.0,At Risk Customers,"GIRLS ALPHABET IRON ON PATCHES , WHITE HANGING HEART T-LIGHT HOLDER, ASSTD DESIGN BUBBLE GUM RING, LUNCH BAG  BLACK SKULL., WORLD WAR 2 GLIDERS ASSTD DESIGNS"
14839.0,At Risk Customers,"GIRLS ALPHABET IRON ON PATCHES , WHITE HANGING HEART T-LIGHT HOLDER, ASSTD DESIGN BUBBLE GUM RING, LUNCH BAG  BLACK SKULL., WORLD WAR 2 GLIDERS ASSTD DESIGNS"
14840.0,Potential Customers,"WORLD WAR 2 GLIDERS ASSTD DESIGNS, ASSORTED COLOUR BIRD ORNAMENT, ASSORTED COLOURS SILK FAN, GIRLS ALPHABET IRON ON PATCHES , POPART WOODEN PENCILS ASST"
14843.0,At Risk Customers,"GIRLS ALPHABET IRON ON PATCHES , WHITE HANGING HEART T-LIGHT HOLDER, ASSTD DESIGN BUBBLE GUM RING, LUNCH BAG  BLACK SKULL., WORLD WAR 2 GLIDERS ASSTD DESIGNS"
14845.0,At Risk Customers,"GIRLS ALPHABET IRON ON PATCHES , WHITE HANGING HEART T-LIGHT HOLDER, ASSTD DESIGN BUBBLE GUM RING, LUNCH BAG  BLACK SKULL., WORLD WAR 2 GLIDERS ASSTD DESIGNS"
14846.0,At Risk Customers,"GIRLS ALPHABET IRON ON PATCHES , WHITE HANGING HEART T-LIGHT HOLDER, ASSTD DESIGN BUBBLE GUM RING, LUNCH BAG  BLACK SKULL., WORLD WAR 2 GLIDERS ASSTD DESIGNS"
14847.0,Loyal Customers,"SMALL CHINESE STYLE SCISSOR, BLACK AND WHITE PAISLEY FLOWER MUG, WHITE HANGING HEART T-LIGHT HOLDER, WORLD WAR 2 GLIDERS ASSTD DESIGNS, ASSORTED COLOUR BIRD ORNAMENT"
14848.0,At Risk Customers,"GIRLS ALPHABET IRON ON PATCHES , WHITE HANGING HEART T-LIGHT HOLDER, ASSTD DESIGN BUBBLE GUM RING, LUNCH BAG  BLACK SKULL., WORLD WAR 2 GLIDERS ASSTD DESIGNS"
14855.0,Loyal Customers,"SMALL CHINESE STYLE SCISSOR, BLACK AND WHITE PAISLEY FLOWER MUG, WHITE HANGING HEART T-LIGHT HOLDER, WORLD WAR 2 GLIDERS ASSTD DESIGNS, ASSORTED COLOUR BIRD ORNAMENT"
14858.0,At Risk Customers,"GIRLS ALPHABET IRON ON PATCHES , WHITE HANGING HEART T-LIGHT HOLDER, ASSTD DESIGN BUBBLE GUM RING, LUNCH BAG  BLACK SKULL., WORLD WAR 2 GLIDERS ASSTD DESIGNS"
14860.0,Potential Customers,"WORLD WAR 2 GLIDERS ASSTD DESIGNS, ASSORTED COLOUR BIRD ORNAMENT, ASSORTED COLOURS SILK FAN, GIRLS ALPHABET IRON ON PATCHES , POPART WOODEN PENCILS ASST"
14862.0,Potential Customers,"WORLD WAR 2 GLIDERS ASSTD DESIGNS, ASSORTED COLOUR BIRD ORNAMENT, ASSORTED COLOURS SILK FAN, GIRLS ALPHABET IRON ON PATCHES , POPART WOODEN PENCILS ASST"
14863.0,Potential Customers,"WORLD WAR 2 GLIDERS ASSTD DESIGNS, ASSORTED COLOUR BIRD ORNAMENT, ASSORTED COLOURS SILK FAN, GIRLS ALPHABET IRON ON PATCHES , POPART WOODEN PENCILS ASST"
14870.0,Loyal Customers,"SMALL CHINESE STYLE SCISSOR, BLACK AND WHITE PAISLEY FLOWER MUG, WHITE HANGING HEART T-LIGHT HOLDER, WORLD WAR 2 GLIDERS ASSTD DESIGNS, ASSORTED COLOUR BIRD ORNAMENT"
14872.0,At Risk Customers,"GIRLS ALPHABET IRON ON PATCHES , WHITE HANGING HEART T-LIGHT HOLDER, ASSTD DESIGN BUBBLE GUM RING, LUNCH BAG  BLACK SKULL., WORLD WAR 2 GLIDERS ASSTD DESIGNS"
14873.0,Potential Customers,"WORLD WAR 2 GLIDERS ASSTD DESIGNS, ASSORTED COLOUR BIRD ORNAMENT, ASSORTED COLOURS SILK FAN, GIRLS ALPHABET IRON ON PATCHES , POPART WOODEN PENCILS ASST"
14874.0,At Risk Customers,"GIRLS ALPHABET IRON ON PATCHES , WHITE HANGING HEART T-LIGHT HOLDER, ASSTD DESIGN BUBBLE GUM RING, LUNCH BAG  BLACK SKULL., WORLD WAR 2 GLIDERS ASSTD DESIGNS"
14875.0,Loyal Customers,"SMALL CHINESE STYLE SCISSOR, BLACK AND WHITE PAISLEY FLOWER MUG, WHITE HANGING HEART T-LIGHT HOLDER, WORLD WAR 2 GLIDERS ASSTD DESIGNS, ASSORTED COLOUR BIRD ORNAMENT"
14876.0,At Risk Customers,"GIRLS ALPHABET IRON ON PATCHES , WHITE HANGING HEART T-LIGHT HOLDER, ASSTD DESIGN BUBBLE GUM RING, LUNCH BAG  BLACK SKULL., WORLD WAR 2 GLIDERS ASSTD DESIGNS"
14877.0,At Risk Customers,"GIRLS ALPHABET IRON ON PATCHES , WHITE HANGING HEART T-LIGHT HOLDER, ASSTD DESIGN BUBBLE GUM RING, LUNCH BAG  BLACK SKULL., WORLD WAR 2 GLIDERS ASSTD DESIGNS"
14879.0,At Risk Customers,"GIRLS ALPHABET IRON ON PATCHES , WHITE HANGING HEART T-LIGHT HOLDER, ASSTD DESIGN BUBBLE GUM RING, LUNCH BAG  BLACK SKULL., WORLD WAR 2 GLIDERS ASSTD DESIGNS"
14880.0,Potential Customers,"WORLD WAR 2 GLIDERS ASSTD DESIGNS, ASSORTED COLOUR BIRD ORNAMENT, ASSORTED COLOURS SILK FAN, GIRLS ALPHABET IRON ON PATCHES , POPART WOODEN PENCILS ASST"
14881.0,Potential Customers,"WORLD WAR 2 GLIDERS ASSTD DESIGNS, ASSORTED COLOUR BIRD ORNAMENT, ASSORTED COLOURS SILK FAN, GIRLS ALPHABET IRON ON PATCHES , POPART WOODEN PENCILS ASST"
14884.0,At Risk Customers,"GIRLS ALPHABET IRON ON PATCHES , WHITE HANGING HEART T-LIGHT HOLDER, ASSTD DESIGN BUBBLE GUM RING, LUNCH BAG  BLACK SKULL., WORLD WAR 2 GLIDERS ASSTD DESIGNS"
14885.0,Loyal Customers,"SMALL CHINESE STYLE SCISSOR, BLACK AND WHITE PAISLEY FLOWER MUG, WHITE HANGING HEART T-LIGHT HOLDER, WORLD WAR 2 GLIDERS ASSTD DESIGNS, ASSORTED COLOUR BIRD ORNAMENT"
14886.0,Potential Customers,"WORLD WAR 2 GLIDERS ASSTD DESIGNS, ASSORTED COLOUR BIRD ORNAMENT, ASSORTED COLOURS SILK FAN, GIRLS ALPHABET IRON ON PATCHES , POPART WOODEN PENCILS ASST"
14887.0,Potential Customers,"WORLD WAR 2 GLIDERS ASSTD DESIGNS, ASSORTED COLOUR BIRD ORNAMENT, ASSORTED COLOURS SILK FAN, GIRLS ALPHABET IRON ON PATCHES , POPART WOODEN PENCILS ASST"
14888.0,Potential Customers,"WORLD WAR 2 GLIDERS ASSTD DESIGNS, ASSORTED COLOUR BIRD ORNAMENT, ASSORTED COLOURS SILK FAN, GIRLS ALPHABET IRON ON PATCHES , POPART WOODEN PENCILS ASST"
14889.0,At Risk Customers,"GIRLS ALPHABET IRON ON PATCHES , WHITE HANGING HEART T-LIGHT HOLDER, ASSTD DESIGN BUBBLE GUM RING, LUNCH BAG  BLACK SKULL., WORLD WAR 2 GLIDERS ASSTD DESIGNS"
14891.0,Loyal Customers,"SMALL CHINESE STYLE SCISSOR, BLACK AND WHITE PAISLEY FLOWER MUG, WHITE HANGING HEART T-LIGHT HOLDER, WORLD WAR 2 GLIDERS ASSTD DESIGNS, ASSORTED COLOUR BIRD ORNAMENT"
14892.0,At Risk Customers,"GIRLS ALPHABET IRON ON PATCHES , WHITE HANGING HEART T-LIGHT HOLDER, ASSTD DESIGN BUBBLE GUM RING, LUNCH BAG  BLACK SKULL., WORLD WAR 2 GLIDERS ASSTD DESIGNS"
14896.0,Loyal Customers,"SMALL CHINESE STYLE SCISSOR, BLACK AND WHITE PAISLEY FLOWER MUG, WHITE HANGING HEART T-LIGHT HOLDER, WORLD WAR 2 GLIDERS ASSTD DESIGNS, ASSORTED COLOUR BIRD ORNAMENT"
14899.0,At Risk Customers,"GIRLS ALPHABET IRON ON PATCHES , WHITE HANGING HEART T-LIGHT HOLDER, ASSTD DESIGN BUBBLE GUM RING, LUNCH BAG  BLACK SKULL., WORLD WAR 2 GLIDERS ASSTD DESIGNS"
14900.0,At Risk Customers,"GIRLS ALPHABET IRON ON PATCHES , WHITE HANGING HEART T-LIGHT HOLDER, ASSTD DESIGN BUBBLE GUM RING, LUNCH BAG  BLACK SKULL., WORLD WAR 2 GLIDERS ASSTD DESIGNS"
14905.0,Loyal Customers,"SMALL CHINESE STYLE SCISSOR, BLACK AND WHITE PAISLEY FLOWER MUG, WHITE HANGING HEART T-LIGHT HOLDER, WORLD WAR 2 GLIDERS ASSTD DESIGNS, ASSORTED COLOUR BIRD ORNAMENT"
14906.0,At Risk Customers,"GIRLS ALPHABET IRON ON PATCHES , WHITE HANGING HEART T-LIGHT HOLDER, ASSTD DESIGN BUBBLE GUM RING, LUNCH BAG  BLACK SKULL., WORLD WAR 2 GLIDERS ASSTD DESIGNS"
14909.0,At Risk Customers,"GIRLS ALPHABET IRON ON PATCHES , WHITE HANGING HEART T-LIGHT HOLDER, ASSTD DESIGN BUBBLE GUM RING, LUNCH BAG  BLACK SKULL., WORLD WAR 2 GLIDERS ASSTD DESIGNS"
14910.0,Potential Customers,"WORLD WAR 2 GLIDERS ASSTD DESIGNS, ASSORTED COLOUR BIRD ORNAMENT, ASSORTED COLOURS SILK FAN, GIRLS ALPHABET IRON ON PATCHES , POPART WOODEN PENCILS ASST"
14915.0,Loyal Customers,"SMALL CHINESE STYLE SCISSOR, BLACK AND WHITE PAISLEY FLOWER MUG, WHITE HANGING HEART T-LIGHT HOLDER, WORLD WAR 2 GLIDERS ASSTD DESIGNS, ASSORTED COLOUR BIRD ORNAMENT"
14917.0,At Risk Customers,"GIRLS ALPHABET IRON ON PATCHES , WHITE HANGING HEART T-LIGHT HOLDER, ASSTD DESIGN BUBBLE GUM RING, LUNCH BAG  BLACK SKULL., WORLD WAR 2 GLIDERS ASSTD DESIGNS"
14918.0,Champions,"WORLD WAR 2 GLIDERS ASSTD DESIGNS, PAPER CRAFT , LITTLE BIRDIE, MEDIUM CERAMIC TOP STORAGE JAR, WHITE HANGING HEART T-LIGHT HOLDER, JUMBO BAG RED RETROSPOT"
14919.0,At Risk Customers,"GIRLS ALPHABET IRON ON PATCHES , WHITE HANGING HEART T-LIGHT HOLDER, ASSTD DESIGN BUBBLE GUM RING, LUNCH BAG  BLACK SKULL., WORLD WAR 2 GLIDERS ASSTD DESIGNS"
14920.0,Loyal Customers,"SMALL CHINESE STYLE SCISSOR, BLACK AND WHITE PAISLEY FLOWER MUG, WHITE HANGING HEART T-LIGHT HOLDER, WORLD WAR 2 GLIDERS ASSTD DESIGNS, ASSORTED COLOUR BIRD ORNAMENT"
14921.0,Potential Customers,"WORLD WAR 2 GLIDERS ASSTD DESIGNS, ASSORTED COLOUR BIRD ORNAMENT, ASSORTED COLOURS SILK FAN, GIRLS ALPHABET IRON ON PATCHES , POPART WOODEN PENCILS ASST"
14922.0,At Risk Customers,"GIRLS ALPHABET IRON ON PATCHES , WHITE HANGING HEART T-LIGHT HOLDER, ASSTD DESIGN BUBBLE GUM RING, LUNCH BAG  BLACK SKULL., WORLD WAR 2 GLIDERS ASSTD DESIGNS"
14923.0,Potential Customers,"WORLD WAR 2 GLIDERS ASSTD DESIGNS, ASSORTED COLOUR BIRD ORNAMENT, ASSORTED COLOURS SILK FAN, GIRLS ALPHABET IRON ON PATCHES , POPART WOODEN PENCILS ASST"
14924.0,Loyal Customers,"SMALL CHINESE STYLE SCISSOR, BLACK AND WHITE PAISLEY FLOWER MUG, WHITE HANGING HEART T-LIGHT HOLDER, WORLD WAR 2 GLIDERS ASSTD DESIGNS, ASSORTED COLOUR BIRD ORNAMENT"
14926.0,At Risk Customers,"GIRLS ALPHABET IRON ON PATCHES , WHITE HANGING HEART T-LIGHT HOLDER, ASSTD DESIGN BUBBLE GUM RING, LUNCH BAG  BLACK SKULL., WORLD WAR 2 GLIDERS ASSTD DESIGNS"
14927.0,At Risk Customers,"GIRLS ALPHABET IRON ON PATCHES , WHITE HANGING HEART T-LIGHT HOLDER, ASSTD DESIGN BUBBLE GUM RING, LUNCH BAG  BLACK SKULL., WORLD WAR 2 GLIDERS ASSTD DESIGNS"
14928.0,At Risk Customers,"GIRLS ALPHABET IRON ON PATCHES , WHITE HANGING HEART T-LIGHT HOLDER, ASSTD DESIGN BUBBLE GUM RING, LUNCH BAG  BLACK SKULL., WORLD WAR 2 GLIDERS ASSTD DESIGNS"
14930.0,Loyal Customers,"SMALL CHINESE STYLE SCISSOR, BLACK AND WHITE PAISLEY FLOWER MUG, WHITE HANGING HEART T-LIGHT HOLDER, WORLD WAR 2 GLIDERS ASSTD DESIGNS, ASSORTED COLOUR BIRD ORNAMENT"
14931.0,Loyal Customers,"SMALL CHINESE STYLE SCISSOR, BLACK AND WHITE PAISLEY FLOWER MUG, WHITE HANGING HEART T-LIGHT HOLDER, WORLD WAR 2 GLIDERS ASSTD DESIGNS, ASSORTED COLOUR BIRD ORNAMENT"
14932.0,At Risk Customers,"GIRLS ALPHABET IRON ON PATCHES , WHITE HANGING HEART T-LIGHT HOLDER, ASSTD DESIGN BUBBLE GUM RING, LUNCH BAG  BLACK SKULL., WORLD WAR 2 GLIDERS ASSTD DESIGNS"
14933.0,At Risk Customers,"GIRLS ALPHABET IRON ON PATCHES , WHITE HANGING HEART T-LIGHT HOLDER, ASSTD DESIGN BUBBLE GUM RING, LUNCH BAG  BLACK SKULL., WORLD WAR 2 GLIDERS ASSTD DESIGNS"
14935.0,Loyal Customers,"SMALL CHINESE STYLE SCISSOR, BLACK AND WHITE PAISLEY FLOWER MUG, WHITE HANGING HEART T-LIGHT HOLDER, WORLD WAR 2 GLIDERS ASSTD DESIGNS, ASSORTED COLOUR BIRD ORNAMENT"
14938.0,At Risk Customers,"GIRLS ALPHABET IRON ON PATCHES , WHITE HANGING HEART T-LIGHT HOLDER, ASSTD DESIGN BUBBLE GUM RING, LUNCH BAG  BLACK SKULL., WORLD WAR 2 GLIDERS ASSTD DESIGNS"
14940.0,At Risk Customers,"GIRLS ALPHABET IRON ON PATCHES , WHITE HANGING HEART T-LIGHT HOLDER, ASSTD DESIGN BUBBLE GUM RING, LUNCH BAG  BLACK SKULL., WORLD WAR 2 GLIDERS ASSTD DESIGNS"
14941.0,At Risk Customers,"GIRLS ALPHABET IRON ON PATCHES , WHITE HANGING HEART T-LIGHT HOLDER, ASSTD DESIGN BUBBLE GUM RING, LUNCH BAG  BLACK SKULL., WORLD WAR 2 GLIDERS ASSTD DESIGNS"
14942.0,At Risk Customers,"GIRLS ALPHABET IRON ON PATCHES , WHITE HANGING HEART T-LIGHT HOLDER, ASSTD DESIGN BUBBLE GUM RING, LUNCH BAG  BLACK SKULL., WORLD WAR 2 GLIDERS ASSTD DESIGNS"
14943.0,At Risk Customers,"GIRLS ALPHABET IRON ON PATCHES , WHITE HANGING HEART T-LIGHT HOLDER, ASSTD DESIGN BUBBLE GUM RING, LUNCH BAG  BLACK SKULL., WORLD WAR 2 GLIDERS ASSTD DESIGNS"
14945.0,At Risk Customers,"GIRLS ALPHABET IRON ON PATCHES , WHITE HANGING HEART T-LIGHT HOLDER, ASSTD DESIGN BUBBLE GUM RING, LUNCH BAG  BLACK SKULL., WORLD WAR 2 GLIDERS ASSTD DESIGNS"
14946.0,Potential Customers,"WORLD WAR 2 GLIDERS ASSTD DESIGNS, ASSORTED COLOUR BIRD ORNAMENT, ASSORTED COLOURS SILK FAN, GIRLS ALPHABET IRON ON PATCHES , POPART WOODEN PENCILS ASST"
14948.0,Loyal Customers,"SMALL CHINESE STYLE SCISSOR, BLACK AND WHITE PAISLEY FLOWER MUG, WHITE HANGING HEART T-LIGHT HOLDER, WORLD WAR 2 GLIDERS ASSTD DESIGNS, ASSORTED COLOUR BIRD ORNAMENT"
14949.0,At Risk Customers,"GIRLS ALPHABET IRON ON PATCHES , WHITE HANGING HEART T-LIGHT HOLDER, ASSTD DESIGN BUBBLE GUM RING, LUNCH BAG  BLACK SKULL., WORLD WAR 2 GLIDERS ASSTD DESIGNS"
14950.0,Potential Customers,"WORLD WAR 2 GLIDERS ASSTD DESIGNS, ASSORTED COLOUR BIRD ORNAMENT, ASSORTED COLOURS SILK FAN, GIRLS ALPHABET IRON ON PATCHES , POPART WOODEN PENCILS ASST"
14951.0,Potential Customers,"WORLD WAR 2 GLIDERS ASSTD DESIGNS, ASSORTED COLOUR BIRD ORNAMENT, ASSORTED COLOURS SILK FAN, GIRLS ALPHABET IRON ON PATCHES , POPART WOODEN PENCILS ASST"
14955.0,At Risk Customers,"GIRLS ALPHABET IRON ON PATCHES , WHITE HANGING HEART T-LIGHT HOLDER, ASSTD DESIGN BUBBLE GUM RING, LUNCH BAG  BLACK SKULL., WORLD WAR 2 GLIDERS ASSTD DESIGNS"
14956.0,At Risk Customers,"GIRLS ALPHABET IRON ON PATCHES , WHITE HANGING HEART T-LIGHT HOLDER, ASSTD DESIGN BUBBLE GUM RING, LUNCH BAG  BLACK SKULL., WORLD WAR 2 GLIDERS ASSTD DESIGNS"
14957.0,Potential Customers,"WORLD WAR 2 GLIDERS ASSTD DESIGNS, ASSORTED COLOUR BIRD ORNAMENT, ASSORTED COLOURS SILK FAN, GIRLS ALPHABET IRON ON PATCHES , POPART WOODEN PENCILS ASST"
14958.0,Loyal Customers,"SMALL CHINESE STYLE SCISSOR, BLACK AND WHITE PAISLEY FLOWER MUG, WHITE HANGING HEART T-LIGHT HOLDER, WORLD WAR 2 GLIDERS ASSTD DESIGNS, ASSORTED COLOUR BIRD ORNAMENT"
14959.0,Loyal Customers,"SMALL CHINESE STYLE SCISSOR, BLACK AND WHITE PAISLEY FLOWER MUG, WHITE HANGING HEART T-LIGHT HOLDER, WORLD WAR 2 GLIDERS ASSTD DESIGNS, ASSORTED COLOUR BIRD ORNAMENT"
14960.0,Potential Customers,"WORLD WAR 2 GLIDERS ASSTD DESIGNS, ASSORTED COLOUR BIRD ORNAMENT, ASSORTED COLOURS SILK FAN, GIRLS ALPHABET IRON ON PATCHES , POPART WOODEN PENCILS ASST"
14962.0,Potential Customers,"WORLD WAR 2 GLIDERS ASSTD DESIGNS, ASSORTED COLOUR BIRD ORNAMENT, ASSORTED COLOURS SILK FAN, GIRLS ALPHABET IRON ON PATCHES , POPART WOODEN PENCILS ASST"
14964.0,Potential Customers,"WORLD WAR 2 GLIDERS ASSTD DESIGNS, ASSORTED COLOUR BIRD ORNAMENT, ASSORTED COLOURS SILK FAN, GIRLS ALPHABET IRON ON PATCHES , POPART WOODEN PENCILS ASST"
14965.0,Potential Customers,"WORLD WAR 2 GLIDERS ASSTD DESIGNS, ASSORTED COLOUR BIRD ORNAMENT, ASSORTED COLOURS SILK FAN, GIRLS ALPHABET IRON ON PATCHES , POPART WOODEN PENCILS ASST"
14969.0,At Risk Customers,"GIRLS ALPHABET IRON ON PATCHES , WHITE HANGING HEART T-LIGHT HOLDER, ASSTD DESIGN BUBBLE GUM RING, LUNCH BAG  BLACK SKULL., WORLD WAR 2 GLIDERS ASSTD DESIGNS"
14972.0,Potential Customers,"WORLD WAR 2 GLIDERS ASSTD DESIGNS, ASSORTED COLOUR BIRD ORNAMENT, ASSORTED COLOURS SILK FAN, GIRLS ALPHABET IRON ON PATCHES , POPART WOODEN PENCILS ASST"
14973.0,Loyal Customers,"SMALL CHINESE STYLE SCISSOR, BLACK AND WHITE PAISLEY FLOWER MUG, WHITE HANGING HEART T-LIGHT HOLDER, WORLD WAR 2 GLIDERS ASSTD DESIGNS, ASSORTED COLOUR BIRD ORNAMENT"
14974.0,Potential Customers,"WORLD WAR 2 GLIDERS ASSTD DESIGNS, ASSORTED COLOUR BIRD ORNAMENT, ASSORTED COLOURS SILK FAN, GIRLS ALPHABET IRON ON PATCHES , POPART WOODEN PENCILS ASST"
14977.0,At Risk Customers,"GIRLS ALPHABET IRON ON PATCHES , WHITE HANGING HEART T-LIGHT HOLDER, ASSTD DESIGN BUBBLE GUM RING, LUNCH BAG  BLACK SKULL., WORLD WAR 2 GLIDERS ASSTD DESIGNS"
14979.0,At Risk Customers,"GIRLS ALPHABET IRON ON PATCHES , WHITE HANGING HEART T-LIGHT HOLDER, ASSTD DESIGN BUBBLE GUM RING, LUNCH BAG  BLACK SKULL., WORLD WAR 2 GLIDERS ASSTD DESIGNS"
14980.0,At Risk Customers,"GIRLS ALPHABET IRON ON PATCHES , WHITE HANGING HEART T-LIGHT HOLDER, ASSTD DESIGN BUBBLE GUM RING, LUNCH BAG  BLACK SKULL., WORLD WAR 2 GLIDERS ASSTD DESIGNS"
14981.0,Potential Customers,"WORLD WAR 2 GLIDERS ASSTD DESIGNS, ASSORTED COLOUR BIRD ORNAMENT, ASSORTED COLOURS SILK FAN, GIRLS ALPHABET IRON ON PATCHES , POPART WOODEN PENCILS ASST"
14982.0,At Risk Customers,"GIRLS ALPHABET IRON ON PATCHES , WHITE HANGING HEART T-LIGHT HOLDER, ASSTD DESIGN BUBBLE GUM RING, LUNCH BAG  BLACK SKULL., WORLD WAR 2 GLIDERS ASSTD DESIGNS"
14983.0,At Risk Customers,"GIRLS ALPHABET IRON ON PATCHES , WHITE HANGING HEART T-LIGHT HOLDER, ASSTD DESIGN BUBBLE GUM RING, LUNCH BAG  BLACK SKULL., WORLD WAR 2 GLIDERS ASSTD DESIGNS"
14985.0,Potential Customers,"WORLD WAR 2 GLIDERS ASSTD DESIGNS, ASSORTED COLOUR BIRD ORNAMENT, ASSORTED COLOURS SILK FAN, GIRLS ALPHABET IRON ON PATCHES , POPART WOODEN PENCILS ASST"
14986.0,At Risk Customers,"GIRLS ALPHABET IRON ON PATCHES , WHITE HANGING HEART T-LIGHT HOLDER, ASSTD DESIGN BUBBLE GUM RING, LUNCH BAG  BLACK SKULL., WORLD WAR 2 GLIDERS ASSTD DESIGNS"
14989.0,At Risk Customers,"GIRLS ALPHABET IRON ON PATCHES , WHITE HANGING HEART T-LIGHT HOLDER, ASSTD DESIGN BUBBLE GUM RING, LUNCH BAG  BLACK SKULL., WORLD WAR 2 GLIDERS ASSTD DESIGNS"
14990.0,At Risk Customers,"GIRLS ALPHABET IRON ON PATCHES , WHITE HANGING HEART T-LIGHT HOLDER, ASSTD DESIGN BUBBLE GUM RING, LUNCH BAG  BLACK SKULL., WORLD WAR 2 GLIDERS ASSTD DESIGNS"
14991.0,At Risk Customers,"GIRLS ALPHABET IRON ON PATCHES , WHITE HANGING HEART T-LIGHT HOLDER, ASSTD DESIGN BUBBLE GUM RING, LUNCH BAG  BLACK SKULL., WORLD WAR 2 GLIDERS ASSTD DESIGNS"
14992.0,At Risk Customers,"GIRLS ALPHABET IRON ON PATCHES , WHITE HANGING HEART T-LIGHT HOLDER, ASSTD DESIGN BUBBLE GUM RING, LUNCH BAG  BLACK SKULL., WORLD WAR 2 GLIDERS ASSTD DESIGNS"
14993.0,At Risk Customers,"GIRLS ALPHABET IRON ON PATCHES , WHITE HANGING HEART T-LIGHT HOLDER, ASSTD DESIGN BUBBLE GUM RING, LUNCH BAG  BLACK SKULL., WORLD WAR 2 GLIDERS ASSTD DESIGNS"
14994.0,At Risk Customers,"GIRLS ALPHABET IRON ON PATCHES , WHITE HANGING HEART T-LIGHT HOLDER, ASSTD DESIGN BUBBLE GUM RING, LUNCH BAG  BLACK SKULL., WORLD WAR 2 GLIDERS ASSTD DESIGNS"
14995.0,Potential Customers,"WORLD WAR 2 GLIDERS ASSTD DESIGNS, ASSORTED COLOUR BIRD ORNAMENT, ASSORTED COLOURS SILK FAN, GIRLS ALPHABET IRON ON PATCHES , POPART WOODEN PENCILS ASST"
14996.0,At Risk Customers,"GIRLS ALPHABET IRON ON PATCHES , WHITE HANGING HEART T-LIGHT HOLDER, ASSTD DESIGN BUBBLE GUM RING, LUNCH BAG  BLACK SKULL., WORLD WAR 2 GLIDERS ASSTD DESIGNS"
14999.0,At Risk Customers,"GIRLS ALPHABET IRON ON PATCHES , WHITE HANGING HEART T-LIGHT HOLDER, ASSTD DESIGN BUBBLE GUM RING, LUNCH BAG  BLACK SKULL., WORLD WAR 2 GLIDERS ASSTD DESIGNS"
15000.0,Potential Customers,"WORLD WAR 2 GLIDERS ASSTD DESIGNS, ASSORTED COLOUR BIRD ORNAMENT, ASSORTED COLOURS SILK FAN, GIRLS ALPHABET IRON ON PATCHES , POPART WOODEN PENCILS ASST"
15001.0,At Risk Customers,"GIRLS ALPHABET IRON ON PATCHES , WHITE HANGING HEART T-LIGHT HOLDER, ASSTD DESIGN BUBBLE GUM RING, LUNCH BAG  BLACK SKULL., WORLD WAR 2 GLIDERS ASSTD DESIGNS"
15002.0,Loyal Customers,"SMALL CHINESE STYLE SCISSOR, BLACK AND WHITE PAISLEY FLOWER MUG, WHITE HANGING HEART T-LIGHT HOLDER, WORLD WAR 2 GLIDERS ASSTD DESIGNS, ASSORTED COLOUR BIRD ORNAMENT"
15003.0,At Risk Customers,"GIRLS ALPHABET IRON ON PATCHES , WHITE HANGING HEART T-LIGHT HOLDER, ASSTD DESIGN BUBBLE GUM RING, LUNCH BAG  BLACK SKULL., WORLD WAR 2 GLIDERS ASSTD DESIGNS"
15004.0,Potential Customers,"WORLD WAR 2 GLIDERS ASSTD DESIGNS, ASSORTED COLOUR BIRD ORNAMENT, ASSORTED COLOURS SILK FAN, GIRLS ALPHABET IRON ON PATCHES , POPART WOODEN PENCILS ASST"
15007.0,Potential Customers,"WORLD WAR 2 GLIDERS ASSTD DESIGNS, ASSORTED COLOUR BIRD ORNAMENT, ASSORTED COLOURS SILK FAN, GIRLS ALPHABET IRON ON PATCHES , POPART WOODEN PENCILS ASST"
15008.0,At Risk Customers,"GIRLS ALPHABET IRON ON PATCHES , WHITE HANGING HEART T-LIGHT HOLDER, ASSTD DESIGN BUBBLE GUM RING, LUNCH BAG  BLACK SKULL., WORLD WAR 2 GLIDERS ASSTD DESIGNS"
15010.0,Potential Customers,"WORLD WAR 2 GLIDERS ASSTD DESIGNS, ASSORTED COLOUR BIRD ORNAMENT, ASSORTED COLOURS SILK FAN, GIRLS ALPHABET IRON ON PATCHES , POPART WOODEN PENCILS ASST"
15011.0,At Risk Customers,"GIRLS ALPHABET IRON ON PATCHES , WHITE HANGING HEART T-LIGHT HOLDER, ASSTD DESIGN BUBBLE GUM RING, LUNCH BAG  BLACK SKULL., WORLD WAR 2 GLIDERS ASSTD DESIGNS"
15014.0,Potential Customers,"WORLD WAR 2 GLIDERS ASSTD DESIGNS, ASSORTED COLOUR BIRD ORNAMENT, ASSORTED COLOURS SILK FAN, GIRLS ALPHABET IRON ON PATCHES , POPART WOODEN PENCILS ASST"
15016.0,Loyal Customers,"SMALL CHINESE STYLE SCISSOR, BLACK AND WHITE PAISLEY FLOWER MUG, WHITE HANGING HEART T-LIGHT HOLDER, WORLD WAR 2 GLIDERS ASSTD DESIGNS, ASSORTED COLOUR BIRD ORNAMENT"
15017.0,Potential Customers,"WORLD WAR 2 GLIDERS ASSTD DESIGNS, ASSORTED COLOUR BIRD ORNAMENT, ASSORTED COLOURS SILK FAN, GIRLS ALPHABET IRON ON PATCHES , POPART WOODEN PENCILS ASST"
15018.0,Potential Customers,"WORLD WAR 2 GLIDERS ASSTD DESIGNS, ASSORTED COLOUR BIRD ORNAMENT, ASSORTED COLOURS SILK FAN, GIRLS ALPHABET IRON ON PATCHES , POPART WOODEN PENCILS ASST"
15019.0,Potential Customers,"WORLD WAR 2 GLIDERS ASSTD DESIGNS, ASSORTED COLOUR BIRD ORNAMENT, ASSORTED COLOURS SILK FAN, GIRLS ALPHABET IRON ON PATCHES , POPART WOODEN PENCILS ASST"
15020.0,At Risk Customers,"GIRLS ALPHABET IRON ON PATCHES , WHITE HANGING HEART T-LIGHT HOLDER, ASSTD DESIGN BUBBLE GUM RING, LUNCH BAG  BLACK SKULL., WORLD WAR 2 GLIDERS ASSTD DESIGNS"
15029.0,At Risk Customers,"GIRLS ALPHABET IRON ON PATCHES , WHITE HANGING HEART T-LIGHT HOLDER, ASSTD DESIGN BUBBLE GUM RING, LUNCH BAG  BLACK SKULL., WORLD WAR 2 GLIDERS ASSTD DESIGNS"
15032.0,Champions,"WORLD WAR 2 GLIDERS ASSTD DESIGNS, PAPER CRAFT , LITTLE BIRDIE, MEDIUM CERAMIC TOP STORAGE JAR, WHITE HANGING HEART T-LIGHT HOLDER, JUMBO BAG RED RETROSPOT"
15035.0,Potential Customers,"WORLD WAR 2 GLIDERS ASSTD DESIGNS, ASSORTED COLOUR BIRD ORNAMENT, ASSORTED COLOURS SILK FAN, GIRLS ALPHABET IRON ON PATCHES , POPART WOODEN PENCILS ASST"
15036.0,Potential Customers,"WORLD WAR 2 GLIDERS ASSTD DESIGNS, ASSORTED COLOUR BIRD ORNAMENT, ASSORTED COLOURS SILK FAN, GIRLS ALPHABET IRON ON PATCHES , POPART WOODEN PENCILS ASST"
15037.0,At Risk Customers,"GIRLS ALPHABET IRON ON PATCHES , WHITE HANGING HEART T-LIGHT HOLDER, ASSTD DESIGN BUBBLE GUM RING, LUNCH BAG  BLACK SKULL., WORLD WAR 2 GLIDERS ASSTD DESIGNS"
15040.0,At Risk Customers,"GIRLS ALPHABET IRON ON PATCHES , WHITE HANGING HEART T-LIGHT HOLDER, ASSTD DESIGN BUBBLE GUM RING, LUNCH BAG  BLACK SKULL., WORLD WAR 2 GLIDERS ASSTD DESIGNS"
15041.0,Potential Customers,"WORLD WAR 2 GLIDERS ASSTD DESIGNS, ASSORTED COLOUR BIRD ORNAMENT, ASSORTED COLOURS SILK FAN, GIRLS ALPHABET IRON ON PATCHES , POPART WOODEN PENCILS ASST"
15042.0,Potential Customers,"WORLD WAR 2 GLIDERS ASSTD DESIGNS, ASSORTED COLOUR BIRD ORNAMENT, ASSORTED COLOURS SILK FAN, GIRLS ALPHABET IRON ON PATCHES , POPART WOODEN PENCILS ASST"
15045.0,Potential Customers,"WORLD WAR 2 GLIDERS ASSTD DESIGNS, ASSORTED COLOUR BIRD ORNAMENT, ASSORTED COLOURS SILK FAN, GIRLS ALPHABET IRON ON PATCHES , POPART WOODEN PENCILS ASST"
15047.0,Potential Customers,"WORLD WAR 2 GLIDERS ASSTD DESIGNS, ASSORTED COLOUR BIRD ORNAMENT, ASSORTED COLOURS SILK FAN, GIRLS ALPHABET IRON ON PATCHES , POPART WOODEN PENCILS ASST"
15049.0,Potential Customers,"WORLD WAR 2 GLIDERS ASSTD DESIGNS, ASSORTED COLOUR BIRD ORNAMENT, ASSORTED COLOURS SILK FAN, GIRLS ALPHABET IRON ON PATCHES , POPART WOODEN PENCILS ASST"
15052.0,At Risk Customers,"GIRLS ALPHABET IRON ON PATCHES , WHITE HANGING HEART T-LIGHT HOLDER, ASSTD DESIGN BUBBLE GUM RING, LUNCH BAG  BLACK SKULL., WORLD WAR 2 GLIDERS ASSTD DESIGNS"
15053.0,Potential Customers,"WORLD WAR 2 GLIDERS ASSTD DESIGNS, ASSORTED COLOUR BIRD ORNAMENT, ASSORTED COLOURS SILK FAN, GIRLS ALPHABET IRON ON PATCHES , POPART WOODEN PENCILS ASST"
15054.0,Potential Customers,"WORLD WAR 2 GLIDERS ASSTD DESIGNS, ASSORTED COLOUR BIRD ORNAMENT, ASSORTED COLOURS SILK FAN, GIRLS ALPHABET IRON ON PATCHES , POPART WOODEN PENCILS ASST"
15055.0,At Risk Customers,"GIRLS ALPHABET IRON ON PATCHES , WHITE HANGING HEART T-LIGHT HOLDER, ASSTD DESIGN BUBBLE GUM RING, LUNCH BAG  BLACK SKULL., WORLD WAR 2 GLIDERS ASSTD DESIGNS"
15056.0,At Risk Customers,"GIRLS ALPHABET IRON ON PATCHES , WHITE HANGING HEART T-LIGHT HOLDER, ASSTD DESIGN BUBBLE GUM RING, LUNCH BAG  BLACK SKULL., WORLD WAR 2 GLIDERS ASSTD DESIGNS"
15057.0,Loyal Customers,"SMALL CHINESE STYLE SCISSOR, BLACK AND WHITE PAISLEY FLOWER MUG, WHITE HANGING HEART T-LIGHT HOLDER, WORLD WAR 2 GLIDERS ASSTD DESIGNS, ASSORTED COLOUR BIRD ORNAMENT"
15063.0,Potential Customers,"WORLD WAR 2 GLIDERS ASSTD DESIGNS, ASSORTED COLOUR BIRD ORNAMENT, ASSORTED COLOURS SILK FAN, GIRLS ALPHABET IRON ON PATCHES , POPART WOODEN PENCILS ASST"
15064.0,At Risk Customers,"GIRLS ALPHABET IRON ON PATCHES , WHITE HANGING HEART T-LIGHT HOLDER, ASSTD DESIGN BUBBLE GUM RING, LUNCH BAG  BLACK SKULL., WORLD WAR 2 GLIDERS ASSTD DESIGNS"
15066.0,Potential Customers,"WORLD WAR 2 GLIDERS ASSTD DESIGNS, ASSORTED COLOUR BIRD ORNAMENT, ASSORTED COLOURS SILK FAN, GIRLS ALPHABET IRON ON PATCHES , POPART WOODEN PENCILS ASST"
15069.0,Potential Customers,"WORLD WAR 2 GLIDERS ASSTD DESIGNS, ASSORTED COLOUR BIRD ORNAMENT, ASSORTED COLOURS SILK FAN, GIRLS ALPHABET IRON ON PATCHES , POPART WOODEN PENCILS ASST"
15070.0,At Risk Customers,"GIRLS ALPHABET IRON ON PATCHES , WHITE HANGING HEART T-LIGHT HOLDER, ASSTD DESIGN BUBBLE GUM RING, LUNCH BAG  BLACK SKULL., WORLD WAR 2 GLIDERS ASSTD DESIGNS"
15071.0,Loyal Customers,"SMALL CHINESE STYLE SCISSOR, BLACK AND WHITE PAISLEY FLOWER MUG, WHITE HANGING HEART T-LIGHT HOLDER, WORLD WAR 2 GLIDERS ASSTD DESIGNS, ASSORTED COLOUR BIRD ORNAMENT"
15072.0,At Risk Customers,"GIRLS ALPHABET IRON ON PATCHES , WHITE HANGING HEART T-LIGHT HOLDER, ASSTD DESIGN BUBBLE GUM RING, LUNCH BAG  BLACK SKULL., WORLD WAR 2 GLIDERS ASSTD DESIGNS"
15075.0,Potential Customers,"WORLD WAR 2 GLIDERS ASSTD DESIGNS, ASSORTED COLOUR BIRD ORNAMENT, ASSORTED COLOURS SILK FAN, GIRLS ALPHABET IRON ON PATCHES , POPART WOODEN PENCILS ASST"
15076.0,Loyal Customers,"SMALL CHINESE STYLE SCISSOR, BLACK AND WHITE PAISLEY FLOWER MUG, WHITE HANGING HEART T-LIGHT HOLDER, WORLD WAR 2 GLIDERS ASSTD DESIGNS, ASSORTED COLOUR BIRD ORNAMENT"
15077.0,At Risk Customers,"GIRLS ALPHABET IRON ON PATCHES , WHITE HANGING HEART T-LIGHT HOLDER, ASSTD DESIGN BUBBLE GUM RING, LUNCH BAG  BLACK SKULL., WORLD WAR 2 GLIDERS ASSTD DESIGNS"
15079.0,Loyal Customers,"SMALL CHINESE STYLE SCISSOR, BLACK AND WHITE PAISLEY FLOWER MUG, WHITE HANGING HEART T-LIGHT HOLDER, WORLD WAR 2 GLIDERS ASSTD DESIGNS, ASSORTED COLOUR BIRD ORNAMENT"
15080.0,At Risk Customers,"GIRLS ALPHABET IRON ON PATCHES , WHITE HANGING HEART T-LIGHT HOLDER, ASSTD DESIGN BUBBLE GUM RING, LUNCH BAG  BLACK SKULL., WORLD WAR 2 GLIDERS ASSTD DESIGNS"
15082.0,At Risk Customers,"GIRLS ALPHABET IRON ON PATCHES , WHITE HANGING HEART T-LIGHT HOLDER, ASSTD DESIGN BUBBLE GUM RING, LUNCH BAG  BLACK SKULL., WORLD WAR 2 GLIDERS ASSTD DESIGNS"
15083.0,Potential Customers,"WORLD WAR 2 GLIDERS ASSTD DESIGNS, ASSORTED COLOUR BIRD ORNAMENT, ASSORTED COLOURS SILK FAN, GIRLS ALPHABET IRON ON PATCHES , POPART WOODEN PENCILS ASST"
15084.0,At Risk Customers,"GIRLS ALPHABET IRON ON PATCHES , WHITE HANGING HEART T-LIGHT HOLDER, ASSTD DESIGN BUBBLE GUM RING, LUNCH BAG  BLACK SKULL., WORLD WAR 2 GLIDERS ASSTD DESIGNS"
15085.0,At Risk Customers,"GIRLS ALPHABET IRON ON PATCHES , WHITE HANGING HEART T-LIGHT HOLDER, ASSTD DESIGN BUBBLE GUM RING, LUNCH BAG  BLACK SKULL., WORLD WAR 2 GLIDERS ASSTD DESIGNS"
15086.0,At Risk Customers,"GIRLS ALPHABET IRON ON PATCHES , WHITE HANGING HEART T-LIGHT HOLDER, ASSTD DESIGN BUBBLE GUM RING, LUNCH BAG  BLACK SKULL., WORLD WAR 2 GLIDERS ASSTD DESIGNS"
15087.0,Potential Customers,"WORLD WAR 2 GLIDERS ASSTD DESIGNS, ASSORTED COLOUR BIRD ORNAMENT, ASSORTED COLOURS SILK FAN, GIRLS ALPHABET IRON ON PATCHES , POPART WOODEN PENCILS ASST"
15090.0,At Risk Customers,"GIRLS ALPHABET IRON ON PATCHES , WHITE HANGING HEART T-LIGHT HOLDER, ASSTD DESIGN BUBBLE GUM RING, LUNCH BAG  BLACK SKULL., WORLD WAR 2 GLIDERS ASSTD DESIGNS"
15092.0,Potential Customers,"WORLD WAR 2 GLIDERS ASSTD DESIGNS, ASSORTED COLOUR BIRD ORNAMENT, ASSORTED COLOURS SILK FAN, GIRLS ALPHABET IRON ON PATCHES , POPART WOODEN PENCILS ASST"
15094.0,At Risk Customers,"GIRLS ALPHABET IRON ON PATCHES , WHITE HANGING HEART T-LIGHT HOLDER, ASSTD DESIGN BUBBLE GUM RING, LUNCH BAG  BLACK SKULL., WORLD WAR 2 GLIDERS ASSTD DESIGNS"
15096.0,Potential Customers,"WORLD WAR 2 GLIDERS ASSTD DESIGNS, ASSORTED COLOUR BIRD ORNAMENT, ASSORTED COLOURS SILK FAN, GIRLS ALPHABET IRON ON PATCHES , POPART WOODEN PENCILS ASST"
15098.0,Loyal Customers,"SMALL CHINESE STYLE SCISSOR, BLACK AND WHITE PAISLEY FLOWER MUG, WHITE HANGING HEART T-LIGHT HOLDER, WORLD WAR 2 GLIDERS ASSTD DESIGNS, ASSORTED COLOUR BIRD ORNAMENT"
15099.0,Potential Customers,"WORLD WAR 2 GLIDERS ASSTD DESIGNS, ASSORTED COLOUR BIRD ORNAMENT, ASSORTED COLOURS SILK FAN, GIRLS ALPHABET IRON ON PATCHES , POPART WOODEN PENCILS ASST"
15100.0,Loyal Customers,"SMALL CHINESE STYLE SCISSOR, BLACK AND WHITE PAISLEY FLOWER MUG, WHITE HANGING HEART T-LIGHT HOLDER, WORLD WAR 2 GLIDERS ASSTD DESIGNS, ASSORTED COLOUR BIRD ORNAMENT"
15102.0,At Risk Customers,"GIRLS ALPHABET IRON ON PATCHES , WHITE HANGING HEART T-LIGHT HOLDER, ASSTD DESIGN BUBBLE GUM RING, LUNCH BAG  BLACK SKULL., WORLD WAR 2 GLIDERS ASSTD DESIGNS"
15104.0,Potential Customers,"WORLD WAR 2 GLIDERS ASSTD DESIGNS, ASSORTED COLOUR BIRD ORNAMENT, ASSORTED COLOURS SILK FAN, GIRLS ALPHABET IRON ON PATCHES , POPART WOODEN PENCILS ASST"
15107.0,Loyal Customers,"SMALL CHINESE STYLE SCISSOR, BLACK AND WHITE PAISLEY FLOWER MUG, WHITE HANGING HEART T-LIGHT HOLDER, WORLD WAR 2 GLIDERS ASSTD DESIGNS, ASSORTED COLOUR BIRD ORNAMENT"
15109.0,Loyal Customers,"SMALL CHINESE STYLE SCISSOR, BLACK AND WHITE PAISLEY FLOWER MUG, WHITE HANGING HEART T-LIGHT HOLDER, WORLD WAR 2 GLIDERS ASSTD DESIGNS, ASSORTED COLOUR BIRD ORNAMENT"
15112.0,At Risk Customers,"GIRLS ALPHABET IRON ON PATCHES , WHITE HANGING HEART T-LIGHT HOLDER, ASSTD DESIGN BUBBLE GUM RING, LUNCH BAG  BLACK SKULL., WORLD WAR 2 GLIDERS ASSTD DESIGNS"
15113.0,Loyal Customers,"SMALL CHINESE STYLE SCISSOR, BLACK AND WHITE PAISLEY FLOWER MUG, WHITE HANGING HEART T-LIGHT HOLDER, WORLD WAR 2 GLIDERS ASSTD DESIGNS, ASSORTED COLOUR BIRD ORNAMENT"
15116.0,Loyal Customers,"SMALL CHINESE STYLE SCISSOR, BLACK AND WHITE PAISLEY FLOWER MUG, WHITE HANGING HEART T-LIGHT HOLDER, WORLD WAR 2 GLIDERS ASSTD DESIGNS, ASSORTED COLOUR BIRD ORNAMENT"
15118.0,Potential Customers,"WORLD WAR 2 GLIDERS ASSTD DESIGNS, ASSORTED COLOUR BIRD ORNAMENT, ASSORTED COLOURS SILK FAN, GIRLS ALPHABET IRON ON PATCHES , POPART WOODEN PENCILS ASST"
15119.0,Potential Customers,"WORLD WAR 2 GLIDERS ASSTD DESIGNS, ASSORTED COLOUR BIRD ORNAMENT, ASSORTED COLOURS SILK FAN, GIRLS ALPHABET IRON ON PATCHES , POPART WOODEN PENCILS ASST"
15120.0,Potential Customers,"WORLD WAR 2 GLIDERS ASSTD DESIGNS, ASSORTED COLOUR BIRD ORNAMENT, ASSORTED COLOURS SILK FAN, GIRLS ALPHABET IRON ON PATCHES , POPART WOODEN PENCILS ASST"
15121.0,Potential Customers,"WORLD WAR 2 GLIDERS ASSTD DESIGNS, ASSORTED COLOUR BIRD ORNAMENT, ASSORTED COLOURS SILK FAN, GIRLS ALPHABET IRON ON PATCHES , POPART WOODEN PENCILS ASST"
15126.0,At Risk Customers,"GIRLS ALPHABET IRON ON PATCHES , WHITE HANGING HEART T-LIGHT HOLDER, ASSTD DESIGN BUBBLE GUM RING, LUNCH BAG  BLACK SKULL., WORLD WAR 2 GLIDERS ASSTD DESIGNS"
15127.0,Potential Customers,"WORLD WAR 2 GLIDERS ASSTD DESIGNS, ASSORTED COLOUR BIRD ORNAMENT, ASSORTED COLOURS SILK FAN, GIRLS ALPHABET IRON ON PATCHES , POPART WOODEN PENCILS ASST"
15130.0,Potential Customers,"WORLD WAR 2 GLIDERS ASSTD DESIGNS, ASSORTED COLOUR BIRD ORNAMENT, ASSORTED COLOURS SILK FAN, GIRLS ALPHABET IRON ON PATCHES , POPART WOODEN PENCILS ASST"
15131.0,At Risk Customers,"GIRLS ALPHABET IRON ON PATCHES , WHITE HANGING HEART T-LIGHT HOLDER, ASSTD DESIGN BUBBLE GUM RING, LUNCH BAG  BLACK SKULL., WORLD WAR 2 GLIDERS ASSTD DESIGNS"
15135.0,Potential Customers,"WORLD WAR 2 GLIDERS ASSTD DESIGNS, ASSORTED COLOUR BIRD ORNAMENT, ASSORTED COLOURS SILK FAN, GIRLS ALPHABET IRON ON PATCHES , POPART WOODEN PENCILS ASST"
15137.0,At Risk Customers,"GIRLS ALPHABET IRON ON PATCHES , WHITE HANGING HEART T-LIGHT HOLDER, ASSTD DESIGN BUBBLE GUM RING, LUNCH BAG  BLACK SKULL., WORLD WAR 2 GLIDERS ASSTD DESIGNS"
15138.0,At Risk Customers,"GIRLS ALPHABET IRON ON PATCHES , WHITE HANGING HEART T-LIGHT HOLDER, ASSTD DESIGN BUBBLE GUM RING, LUNCH BAG  BLACK SKULL., WORLD WAR 2 GLIDERS ASSTD DESIGNS"
15139.0,Potential Customers,"WORLD WAR 2 GLIDERS ASSTD DESIGNS, ASSORTED COLOUR BIRD ORNAMENT, ASSORTED COLOURS SILK FAN, GIRLS ALPHABET IRON ON PATCHES , POPART WOODEN PENCILS ASST"
15143.0,Potential Customers,"WORLD WAR 2 GLIDERS ASSTD DESIGNS, ASSORTED COLOUR BIRD ORNAMENT, ASSORTED COLOURS SILK FAN, GIRLS ALPHABET IRON ON PATCHES , POPART WOODEN PENCILS ASST"
15145.0,Loyal Customers,"SMALL CHINESE STYLE SCISSOR, BLACK AND WHITE PAISLEY FLOWER MUG, WHITE HANGING HEART T-LIGHT HOLDER, WORLD WAR 2 GLIDERS ASSTD DESIGNS, ASSORTED COLOUR BIRD ORNAMENT"
15146.0,Potential Customers,"WORLD WAR 2 GLIDERS ASSTD DESIGNS, ASSORTED COLOUR BIRD ORNAMENT, ASSORTED COLOURS SILK FAN, GIRLS ALPHABET IRON ON PATCHES , POPART WOODEN PENCILS ASST"
15147.0,Potential Customers,"WORLD WAR 2 GLIDERS ASSTD DESIGNS, ASSORTED COLOUR BIRD ORNAMENT, ASSORTED COLOURS SILK FAN, GIRLS ALPHABET IRON ON PATCHES , POPART WOODEN PENCILS ASST"
15148.0,Potential Customers,"WORLD WAR 2 GLIDERS ASSTD DESIGNS, ASSORTED COLOUR BIRD ORNAMENT, ASSORTED COLOURS SILK FAN, GIRLS ALPHABET IRON ON PATCHES , POPART WOODEN PENCILS ASST"
15151.0,At Risk Customers,"GIRLS ALPHABET IRON ON PATCHES , WHITE HANGING HEART T-LIGHT HOLDER, ASSTD DESIGN BUBBLE GUM RING, LUNCH BAG  BLACK SKULL., WORLD WAR 2 GLIDERS ASSTD DESIGNS"
15153.0,Potential Customers,"WORLD WAR 2 GLIDERS ASSTD DESIGNS, ASSORTED COLOUR BIRD ORNAMENT, ASSORTED COLOURS SILK FAN, GIRLS ALPHABET IRON ON PATCHES , POPART WOODEN PENCILS ASST"
15155.0,At Risk Customers,"GIRLS ALPHABET IRON ON PATCHES , WHITE HANGING HEART T-LIGHT HOLDER, ASSTD DESIGN BUBBLE GUM RING, LUNCH BAG  BLACK SKULL., WORLD WAR 2 GLIDERS ASSTD DESIGNS"
15160.0,At Risk Customers,"GIRLS ALPHABET IRON ON PATCHES , WHITE HANGING HEART T-LIGHT HOLDER, ASSTD DESIGN BUBBLE GUM RING, LUNCH BAG  BLACK SKULL., WORLD WAR 2 GLIDERS ASSTD DESIGNS"
15161.0,At Risk Customers,"GIRLS ALPHABET IRON ON PATCHES , WHITE HANGING HEART T-LIGHT HOLDER, ASSTD DESIGN BUBBLE GUM RING, LUNCH BAG  BLACK SKULL., WORLD WAR 2 GLIDERS ASSTD DESIGNS"
15162.0,At Risk Customers,"GIRLS ALPHABET IRON ON PATCHES , WHITE HANGING HEART T-LIGHT HOLDER, ASSTD DESIGN BUBBLE GUM RING, LUNCH BAG  BLACK SKULL., WORLD WAR 2 GLIDERS ASSTD DESIGNS"
15163.0,Potential Customers,"WORLD WAR 2 GLIDERS ASSTD DESIGNS, ASSORTED COLOUR BIRD ORNAMENT, ASSORTED COLOURS SILK FAN, GIRLS ALPHABET IRON ON PATCHES , POPART WOODEN PENCILS ASST"
15165.0,At Risk Customers,"GIRLS ALPHABET IRON ON PATCHES , WHITE HANGING HEART T-LIGHT HOLDER, ASSTD DESIGN BUBBLE GUM RING, LUNCH BAG  BLACK SKULL., WORLD WAR 2 GLIDERS ASSTD DESIGNS"
15166.0,At Risk Customers,"GIRLS ALPHABET IRON ON PATCHES , WHITE HANGING HEART T-LIGHT HOLDER, ASSTD DESIGN BUBBLE GUM RING, LUNCH BAG  BLACK SKULL., WORLD WAR 2 GLIDERS ASSTD DESIGNS"
15167.0,Loyal Customers,"SMALL CHINESE STYLE SCISSOR, BLACK AND WHITE PAISLEY FLOWER MUG, WHITE HANGING HEART T-LIGHT HOLDER, WORLD WAR 2 GLIDERS ASSTD DESIGNS, ASSORTED COLOUR BIRD ORNAMENT"
15168.0,Potential Customers,"WORLD WAR 2 GLIDERS ASSTD DESIGNS, ASSORTED COLOUR BIRD ORNAMENT, ASSORTED COLOURS SILK FAN, GIRLS ALPHABET IRON ON PATCHES , POPART WOODEN PENCILS ASST"
15169.0,At Risk Customers,"GIRLS ALPHABET IRON ON PATCHES , WHITE HANGING HEART T-LIGHT HOLDER, ASSTD DESIGN BUBBLE GUM RING, LUNCH BAG  BLACK SKULL., WORLD WAR 2 GLIDERS ASSTD DESIGNS"
15170.0,At Risk Customers,"GIRLS ALPHABET IRON ON PATCHES , WHITE HANGING HEART T-LIGHT HOLDER, ASSTD DESIGN BUBBLE GUM RING, LUNCH BAG  BLACK SKULL., WORLD WAR 2 GLIDERS ASSTD DESIGNS"
15171.0,At Risk Customers,"GIRLS ALPHABET IRON ON PATCHES , WHITE HANGING HEART T-LIGHT HOLDER, ASSTD DESIGN BUBBLE GUM RING, LUNCH BAG  BLACK SKULL., WORLD WAR 2 GLIDERS ASSTD DESIGNS"
15173.0,Loyal Customers,"SMALL CHINESE STYLE SCISSOR, BLACK AND WHITE PAISLEY FLOWER MUG, WHITE HANGING HEART T-LIGHT HOLDER, WORLD WAR 2 GLIDERS ASSTD DESIGNS, ASSORTED COLOUR BIRD ORNAMENT"
15174.0,At Risk Customers,"GIRLS ALPHABET IRON ON PATCHES , WHITE HANGING HEART T-LIGHT HOLDER, ASSTD DESIGN BUBBLE GUM RING, LUNCH BAG  BLACK SKULL., WORLD WAR 2 GLIDERS ASSTD DESIGNS"
15175.0,Potential Customers,"WORLD WAR 2 GLIDERS ASSTD DESIGNS, ASSORTED COLOUR BIRD ORNAMENT, ASSORTED COLOURS SILK FAN, GIRLS ALPHABET IRON ON PATCHES , POPART WOODEN PENCILS ASST"
15176.0,At Risk Customers,"GIRLS ALPHABET IRON ON PATCHES , WHITE HANGING HEART T-LIGHT HOLDER, ASSTD DESIGN BUBBLE GUM RING, LUNCH BAG  BLACK SKULL., WORLD WAR 2 GLIDERS ASSTD DESIGNS"
15177.0,At Risk Customers,"GIRLS ALPHABET IRON ON PATCHES , WHITE HANGING HEART T-LIGHT HOLDER, ASSTD DESIGN BUBBLE GUM RING, LUNCH BAG  BLACK SKULL., WORLD WAR 2 GLIDERS ASSTD DESIGNS"
15178.0,Potential Customers,"WORLD WAR 2 GLIDERS ASSTD DESIGNS, ASSORTED COLOUR BIRD ORNAMENT, ASSORTED COLOURS SILK FAN, GIRLS ALPHABET IRON ON PATCHES , POPART WOODEN PENCILS ASST"
15180.0,At Risk Customers,"GIRLS ALPHABET IRON ON PATCHES , WHITE HANGING HEART T-LIGHT HOLDER, ASSTD DESIGN BUBBLE GUM RING, LUNCH BAG  BLACK SKULL., WORLD WAR 2 GLIDERS ASSTD DESIGNS"
15185.0,Potential Customers,"WORLD WAR 2 GLIDERS ASSTD DESIGNS, ASSORTED COLOUR BIRD ORNAMENT, ASSORTED COLOURS SILK FAN, GIRLS ALPHABET IRON ON PATCHES , POPART WOODEN PENCILS ASST"
15188.0,At Risk Customers,"GIRLS ALPHABET IRON ON PATCHES , WHITE HANGING HEART T-LIGHT HOLDER, ASSTD DESIGN BUBBLE GUM RING, LUNCH BAG  BLACK SKULL., WORLD WAR 2 GLIDERS ASSTD DESIGNS"
15190.0,At Risk Customers,"GIRLS ALPHABET IRON ON PATCHES , WHITE HANGING HEART T-LIGHT HOLDER, ASSTD DESIGN BUBBLE GUM RING, LUNCH BAG  BLACK SKULL., WORLD WAR 2 GLIDERS ASSTD DESIGNS"
15191.0,At Risk Customers,"GIRLS ALPHABET IRON ON PATCHES , WHITE HANGING HEART T-LIGHT HOLDER, ASSTD DESIGN BUBBLE GUM RING, LUNCH BAG  BLACK SKULL., WORLD WAR 2 GLIDERS ASSTD DESIGNS"
15193.0,Potential Customers,"WORLD WAR 2 GLIDERS ASSTD DESIGNS, ASSORTED COLOUR BIRD ORNAMENT, ASSORTED COLOURS SILK FAN, GIRLS ALPHABET IRON ON PATCHES , POPART WOODEN PENCILS ASST"
15195.0,Loyal Customers,"SMALL CHINESE STYLE SCISSOR, BLACK AND WHITE PAISLEY FLOWER MUG, WHITE HANGING HEART T-LIGHT HOLDER, WORLD WAR 2 GLIDERS ASSTD DESIGNS, ASSORTED COLOUR BIRD ORNAMENT"
15196.0,At Risk Customers,"GIRLS ALPHABET IRON ON PATCHES , WHITE HANGING HEART T-LIGHT HOLDER, ASSTD DESIGN BUBBLE GUM RING, LUNCH BAG  BLACK SKULL., WORLD WAR 2 GLIDERS ASSTD DESIGNS"
15198.0,Loyal Customers,"SMALL CHINESE STYLE SCISSOR, BLACK AND WHITE PAISLEY FLOWER MUG, WHITE HANGING HEART T-LIGHT HOLDER, WORLD WAR 2 GLIDERS ASSTD DESIGNS, ASSORTED COLOUR BIRD ORNAMENT"
15200.0,At Risk Customers,"GIRLS ALPHABET IRON ON PATCHES , WHITE HANGING HEART T-LIGHT HOLDER, ASSTD DESIGN BUBBLE GUM RING, LUNCH BAG  BLACK SKULL., WORLD WAR 2 GLIDERS ASSTD DESIGNS"
15202.0,Loyal Customers,"SMALL CHINESE STYLE SCISSOR, BLACK AND WHITE PAISLEY FLOWER MUG, WHITE HANGING HEART T-LIGHT HOLDER, WORLD WAR 2 GLIDERS ASSTD DESIGNS, ASSORTED COLOUR BIRD ORNAMENT"
15204.0,At Risk Customers,"GIRLS ALPHABET IRON ON PATCHES , WHITE HANGING HEART T-LIGHT HOLDER, ASSTD DESIGN BUBBLE GUM RING, LUNCH BAG  BLACK SKULL., WORLD WAR 2 GLIDERS ASSTD DESIGNS"
15206.0,Potential Customers,"WORLD WAR 2 GLIDERS ASSTD DESIGNS, ASSORTED COLOUR BIRD ORNAMENT, ASSORTED COLOURS SILK FAN, GIRLS ALPHABET IRON ON PATCHES , POPART WOODEN PENCILS ASST"
15207.0,At Risk Customers,"GIRLS ALPHABET IRON ON PATCHES , WHITE HANGING HEART T-LIGHT HOLDER, ASSTD DESIGN BUBBLE GUM RING, LUNCH BAG  BLACK SKULL., WORLD WAR 2 GLIDERS ASSTD DESIGNS"
15209.0,At Risk Customers,"GIRLS ALPHABET IRON ON PATCHES , WHITE HANGING HEART T-LIGHT HOLDER, ASSTD DESIGN BUBBLE GUM RING, LUNCH BAG  BLACK SKULL., WORLD WAR 2 GLIDERS ASSTD DESIGNS"
15210.0,Loyal Customers,"SMALL CHINESE STYLE SCISSOR, BLACK AND WHITE PAISLEY FLOWER MUG, WHITE HANGING HEART T-LIGHT HOLDER, WORLD WAR 2 GLIDERS ASSTD DESIGNS, ASSORTED COLOUR BIRD ORNAMENT"
15211.0,Potential Customers,"WORLD WAR 2 GLIDERS ASSTD DESIGNS, ASSORTED COLOUR BIRD ORNAMENT, ASSORTED COLOURS SILK FAN, GIRLS ALPHABET IRON ON PATCHES , POPART WOODEN PENCILS ASST"
15212.0,Potential Customers,"WORLD WAR 2 GLIDERS ASSTD DESIGNS, ASSORTED COLOUR BIRD ORNAMENT, ASSORTED COLOURS SILK FAN, GIRLS ALPHABET IRON ON PATCHES , POPART WOODEN PENCILS ASST"
15213.0,At Risk Customers,"GIRLS ALPHABET IRON ON PATCHES , WHITE HANGING HEART T-LIGHT HOLDER, ASSTD DESIGN BUBBLE GUM RING, LUNCH BAG  BLACK SKULL., WORLD WAR 2 GLIDERS ASSTD DESIGNS"
15217.0,At Risk Customers,"GIRLS ALPHABET IRON ON PATCHES , WHITE HANGING HEART T-LIGHT HOLDER, ASSTD DESIGN BUBBLE GUM RING, LUNCH BAG  BLACK SKULL., WORLD WAR 2 GLIDERS ASSTD DESIGNS"
15219.0,Potential Customers,"WORLD WAR 2 GLIDERS ASSTD DESIGNS, ASSORTED COLOUR BIRD ORNAMENT, ASSORTED COLOURS SILK FAN, GIRLS ALPHABET IRON ON PATCHES , POPART WOODEN PENCILS ASST"
15221.0,Loyal Customers,"SMALL CHINESE STYLE SCISSOR, BLACK AND WHITE PAISLEY FLOWER MUG, WHITE HANGING HEART T-LIGHT HOLDER, WORLD WAR 2 GLIDERS ASSTD DESIGNS, ASSORTED COLOUR BIRD ORNAMENT"
15223.0,Loyal Customers,"SMALL CHINESE STYLE SCISSOR, BLACK AND WHITE PAISLEY FLOWER MUG, WHITE HANGING HEART T-LIGHT HOLDER, WORLD WAR 2 GLIDERS ASSTD DESIGNS, ASSORTED COLOUR BIRD ORNAMENT"
15224.0,Loyal Customers,"SMALL CHINESE STYLE SCISSOR, BLACK AND WHITE PAISLEY FLOWER MUG, WHITE HANGING HEART T-LIGHT HOLDER, WORLD WAR 2 GLIDERS ASSTD DESIGNS, ASSORTED COLOUR BIRD ORNAMENT"
15225.0,Potential Customers,"WORLD WAR 2 GLIDERS ASSTD DESIGNS, ASSORTED COLOUR BIRD ORNAMENT, ASSORTED COLOURS SILK FAN, GIRLS ALPHABET IRON ON PATCHES , POPART WOODEN PENCILS ASST"
15226.0,At Risk Customers,"GIRLS ALPHABET IRON ON PATCHES , WHITE HANGING HEART T-LIGHT HOLDER, ASSTD DESIGN BUBBLE GUM RING, LUNCH BAG  BLACK SKULL., WORLD WAR 2 GLIDERS ASSTD DESIGNS"
15229.0,At Risk Customers,"GIRLS ALPHABET IRON ON PATCHES , WHITE HANGING HEART T-LIGHT HOLDER, ASSTD DESIGN BUBBLE GUM RING, LUNCH BAG  BLACK SKULL., WORLD WAR 2 GLIDERS ASSTD DESIGNS"
15230.0,Potential Customers,"WORLD WAR 2 GLIDERS ASSTD DESIGNS, ASSORTED COLOUR BIRD ORNAMENT, ASSORTED COLOURS SILK FAN, GIRLS ALPHABET IRON ON PATCHES , POPART WOODEN PENCILS ASST"
15231.0,At Risk Customers,"GIRLS ALPHABET IRON ON PATCHES , WHITE HANGING HEART T-LIGHT HOLDER, ASSTD DESIGN BUBBLE GUM RING, LUNCH BAG  BLACK SKULL., WORLD WAR 2 GLIDERS ASSTD DESIGNS"
15232.0,Potential Customers,"WORLD WAR 2 GLIDERS ASSTD DESIGNS, ASSORTED COLOUR BIRD ORNAMENT, ASSORTED COLOURS SILK FAN, GIRLS ALPHABET IRON ON PATCHES , POPART WOODEN PENCILS ASST"
15233.0,At Risk Customers,"GIRLS ALPHABET IRON ON PATCHES , WHITE HANGING HEART T-LIGHT HOLDER, ASSTD DESIGN BUBBLE GUM RING, LUNCH BAG  BLACK SKULL., WORLD WAR 2 GLIDERS ASSTD DESIGNS"
15234.0,Potential Customers,"WORLD WAR 2 GLIDERS ASSTD DESIGNS, ASSORTED COLOUR BIRD ORNAMENT, ASSORTED COLOURS SILK FAN, GIRLS ALPHABET IRON ON PATCHES , POPART WOODEN PENCILS ASST"
15236.0,At Risk Customers,"GIRLS ALPHABET IRON ON PATCHES , WHITE HANGING HEART T-LIGHT HOLDER, ASSTD DESIGN BUBBLE GUM RING, LUNCH BAG  BLACK SKULL., WORLD WAR 2 GLIDERS ASSTD DESIGNS"
15238.0,Loyal Customers,"SMALL CHINESE STYLE SCISSOR, BLACK AND WHITE PAISLEY FLOWER MUG, WHITE HANGING HEART T-LIGHT HOLDER, WORLD WAR 2 GLIDERS ASSTD DESIGNS, ASSORTED COLOUR BIRD ORNAMENT"
15242.0,At Risk Customers,"GIRLS ALPHABET IRON ON PATCHES , WHITE HANGING HEART T-LIGHT HOLDER, ASSTD DESIGN BUBBLE GUM RING, LUNCH BAG  BLACK SKULL., WORLD WAR 2 GLIDERS ASSTD DESIGNS"
15246.0,Potential Customers,"WORLD WAR 2 GLIDERS ASSTD DESIGNS, ASSORTED COLOUR BIRD ORNAMENT, ASSORTED COLOURS SILK FAN, GIRLS ALPHABET IRON ON PATCHES , POPART WOODEN PENCILS ASST"
15247.0,Loyal Customers,"SMALL CHINESE STYLE SCISSOR, BLACK AND WHITE PAISLEY FLOWER MUG, WHITE HANGING HEART T-LIGHT HOLDER, WORLD WAR 2 GLIDERS ASSTD DESIGNS, ASSORTED COLOUR BIRD ORNAMENT"
15248.0,At Risk Customers,"GIRLS ALPHABET IRON ON PATCHES , WHITE HANGING HEART T-LIGHT HOLDER, ASSTD DESIGN BUBBLE GUM RING, LUNCH BAG  BLACK SKULL., WORLD WAR 2 GLIDERS ASSTD DESIGNS"
15250.0,At Risk Customers,"GIRLS ALPHABET IRON ON PATCHES , WHITE HANGING HEART T-LIGHT HOLDER, ASSTD DESIGN BUBBLE GUM RING, LUNCH BAG  BLACK SKULL., WORLD WAR 2 GLIDERS ASSTD DESIGNS"
15254.0,Loyal Customers,"SMALL CHINESE STYLE SCISSOR, BLACK AND WHITE PAISLEY FLOWER MUG, WHITE HANGING HEART T-LIGHT HOLDER, WORLD WAR 2 GLIDERS ASSTD DESIGNS, ASSORTED COLOUR BIRD ORNAMENT"
15256.0,Potential Customers,"WORLD WAR 2 GLIDERS ASSTD DESIGNS, ASSORTED COLOUR BIRD ORNAMENT, ASSORTED COLOURS SILK FAN, GIRLS ALPHABET IRON ON PATCHES , POPART WOODEN PENCILS ASST"
15257.0,Potential Customers,"WORLD WAR 2 GLIDERS ASSTD DESIGNS, ASSORTED COLOUR BIRD ORNAMENT, ASSORTED COLOURS SILK FAN, GIRLS ALPHABET IRON ON PATCHES , POPART WOODEN PENCILS ASST"
15258.0,Potential Customers,"WORLD WAR 2 GLIDERS ASSTD DESIGNS, ASSORTED COLOUR BIRD ORNAMENT, ASSORTED COLOURS SILK FAN, GIRLS ALPHABET IRON ON PATCHES , POPART WOODEN PENCILS ASST"
15259.0,At Risk Customers,"GIRLS ALPHABET IRON ON PATCHES , WHITE HANGING HEART T-LIGHT HOLDER, ASSTD DESIGN BUBBLE GUM RING, LUNCH BAG  BLACK SKULL., WORLD WAR 2 GLIDERS ASSTD DESIGNS"
15261.0,Loyal Customers,"SMALL CHINESE STYLE SCISSOR, BLACK AND WHITE PAISLEY FLOWER MUG, WHITE HANGING HEART T-LIGHT HOLDER, WORLD WAR 2 GLIDERS ASSTD DESIGNS, ASSORTED COLOUR BIRD ORNAMENT"
15262.0,At Risk Customers,"GIRLS ALPHABET IRON ON PATCHES , WHITE HANGING HEART T-LIGHT HOLDER, ASSTD DESIGN BUBBLE GUM RING, LUNCH BAG  BLACK SKULL., WORLD WAR 2 GLIDERS ASSTD DESIGNS"
15263.0,Potential Customers,"WORLD WAR 2 GLIDERS ASSTD DESIGNS, ASSORTED COLOUR BIRD ORNAMENT, ASSORTED COLOURS SILK FAN, GIRLS ALPHABET IRON ON PATCHES , POPART WOODEN PENCILS ASST"
15266.0,Loyal Customers,"SMALL CHINESE STYLE SCISSOR, BLACK AND WHITE PAISLEY FLOWER MUG, WHITE HANGING HEART T-LIGHT HOLDER, WORLD WAR 2 GLIDERS ASSTD DESIGNS, ASSORTED COLOUR BIRD ORNAMENT"
15268.0,At Risk Customers,"GIRLS ALPHABET IRON ON PATCHES , WHITE HANGING HEART T-LIGHT HOLDER, ASSTD DESIGN BUBBLE GUM RING, LUNCH BAG  BLACK SKULL., WORLD WAR 2 GLIDERS ASSTD DESIGNS"
15273.0,At Risk Customers,"GIRLS ALPHABET IRON ON PATCHES , WHITE HANGING HEART T-LIGHT HOLDER, ASSTD DESIGN BUBBLE GUM RING, LUNCH BAG  BLACK SKULL., WORLD WAR 2 GLIDERS ASSTD DESIGNS"
15275.0,Potential Customers,"WORLD WAR 2 GLIDERS ASSTD DESIGNS, ASSORTED COLOUR BIRD ORNAMENT, ASSORTED COLOURS SILK FAN, GIRLS ALPHABET IRON ON PATCHES , POPART WOODEN PENCILS ASST"
15278.0,At Risk Customers,"GIRLS ALPHABET IRON ON PATCHES , WHITE HANGING HEART T-LIGHT HOLDER, ASSTD DESIGN BUBBLE GUM RING, LUNCH BAG  BLACK SKULL., WORLD WAR 2 GLIDERS ASSTD DESIGNS"
15279.0,Loyal Customers,"SMALL CHINESE STYLE SCISSOR, BLACK AND WHITE PAISLEY FLOWER MUG, WHITE HANGING HEART T-LIGHT HOLDER, WORLD WAR 2 GLIDERS ASSTD DESIGNS, ASSORTED COLOUR BIRD ORNAMENT"
15282.0,At Risk Customers,"GIRLS ALPHABET IRON ON PATCHES , WHITE HANGING HEART T-LIGHT HOLDER, ASSTD DESIGN BUBBLE GUM RING, LUNCH BAG  BLACK SKULL., WORLD WAR 2 GLIDERS ASSTD DESIGNS"
15283.0,At Risk Customers,"GIRLS ALPHABET IRON ON PATCHES , WHITE HANGING HEART T-LIGHT HOLDER, ASSTD DESIGN BUBBLE GUM RING, LUNCH BAG  BLACK SKULL., WORLD WAR 2 GLIDERS ASSTD DESIGNS"
15284.0,At Risk Customers,"GIRLS ALPHABET IRON ON PATCHES , WHITE HANGING HEART T-LIGHT HOLDER, ASSTD DESIGN BUBBLE GUM RING, LUNCH BAG  BLACK SKULL., WORLD WAR 2 GLIDERS ASSTD DESIGNS"
15285.0,At Risk Customers,"GIRLS ALPHABET IRON ON PATCHES , WHITE HANGING HEART T-LIGHT HOLDER, ASSTD DESIGN BUBBLE GUM RING, LUNCH BAG  BLACK SKULL., WORLD WAR 2 GLIDERS ASSTD DESIGNS"
15286.0,Potential Customers,"WORLD WAR 2 GLIDERS ASSTD DESIGNS, ASSORTED COLOUR BIRD ORNAMENT, ASSORTED COLOURS SILK FAN, GIRLS ALPHABET IRON ON PATCHES , POPART WOODEN PENCILS ASST"
15292.0,Potential Customers,"WORLD WAR 2 GLIDERS ASSTD DESIGNS, ASSORTED COLOUR BIRD ORNAMENT, ASSORTED COLOURS SILK FAN, GIRLS ALPHABET IRON ON PATCHES , POPART WOODEN PENCILS ASST"
15293.0,At Risk Customers,"GIRLS ALPHABET IRON ON PATCHES , WHITE HANGING HEART T-LIGHT HOLDER, ASSTD DESIGN BUBBLE GUM RING, LUNCH BAG  BLACK SKULL., WORLD WAR 2 GLIDERS ASSTD DESIGNS"
15294.0,At Risk Customers,"GIRLS ALPHABET IRON ON PATCHES , WHITE HANGING HEART T-LIGHT HOLDER, ASSTD DESIGN BUBBLE GUM RING, LUNCH BAG  BLACK SKULL., WORLD WAR 2 GLIDERS ASSTD DESIGNS"
15295.0,At Risk Customers,"GIRLS ALPHABET IRON ON PATCHES , WHITE HANGING HEART T-LIGHT HOLDER, ASSTD DESIGN BUBBLE GUM RING, LUNCH BAG  BLACK SKULL., WORLD WAR 2 GLIDERS ASSTD DESIGNS"
15300.0,Potential Customers,"WORLD WAR 2 GLIDERS ASSTD DESIGNS, ASSORTED COLOUR BIRD ORNAMENT, ASSORTED COLOURS SILK FAN, GIRLS ALPHABET IRON ON PATCHES , POPART WOODEN PENCILS ASST"
15302.0,At Risk Customers,"GIRLS ALPHABET IRON ON PATCHES , WHITE HANGING HEART T-LIGHT HOLDER, ASSTD DESIGN BUBBLE GUM RING, LUNCH BAG  BLACK SKULL., WORLD WAR 2 GLIDERS ASSTD DESIGNS"
15303.0,Loyal Customers,"SMALL CHINESE STYLE SCISSOR, BLACK AND WHITE PAISLEY FLOWER MUG, WHITE HANGING HEART T-LIGHT HOLDER, WORLD WAR 2 GLIDERS ASSTD DESIGNS, ASSORTED COLOUR BIRD ORNAMENT"
15305.0,At Risk Customers,"GIRLS ALPHABET IRON ON PATCHES , WHITE HANGING HEART T-LIGHT HOLDER, ASSTD DESIGN BUBBLE GUM RING, LUNCH BAG  BLACK SKULL., WORLD WAR 2 GLIDERS ASSTD DESIGNS"
15307.0,Potential Customers,"WORLD WAR 2 GLIDERS ASSTD DESIGNS, ASSORTED COLOUR BIRD ORNAMENT, ASSORTED COLOURS SILK FAN, GIRLS ALPHABET IRON ON PATCHES , POPART WOODEN PENCILS ASST"
15308.0,Potential Customers,"WORLD WAR 2 GLIDERS ASSTD DESIGNS, ASSORTED COLOUR BIRD ORNAMENT, ASSORTED COLOURS SILK FAN, GIRLS ALPHABET IRON ON PATCHES , POPART WOODEN PENCILS ASST"
15309.0,At Risk Customers,"GIRLS ALPHABET IRON ON PATCHES , WHITE HANGING HEART T-LIGHT HOLDER, ASSTD DESIGN BUBBLE GUM RING, LUNCH BAG  BLACK SKULL., WORLD WAR 2 GLIDERS ASSTD DESIGNS"
15310.0,At Risk Customers,"GIRLS ALPHABET IRON ON PATCHES , WHITE HANGING HEART T-LIGHT HOLDER, ASSTD DESIGN BUBBLE GUM RING, LUNCH BAG  BLACK SKULL., WORLD WAR 2 GLIDERS ASSTD DESIGNS"
15313.0,Potential Customers,"WORLD WAR 2 GLIDERS ASSTD DESIGNS, ASSORTED COLOUR BIRD ORNAMENT, ASSORTED COLOURS SILK FAN, GIRLS ALPHABET IRON ON PATCHES , POPART WOODEN PENCILS ASST"
15314.0,Potential Customers,"WORLD WAR 2 GLIDERS ASSTD DESIGNS, ASSORTED COLOUR BIRD ORNAMENT, ASSORTED COLOURS SILK FAN, GIRLS ALPHABET IRON ON PATCHES , POPART WOODEN PENCILS ASST"
15316.0,At Risk Customers,"GIRLS ALPHABET IRON ON PATCHES , WHITE HANGING HEART T-LIGHT HOLDER, ASSTD DESIGN BUBBLE GUM RING, LUNCH BAG  BLACK SKULL., WORLD WAR 2 GLIDERS ASSTD DESIGNS"
15317.0,At Risk Customers,"GIRLS ALPHABET IRON ON PATCHES , WHITE HANGING HEART T-LIGHT HOLDER, ASSTD DESIGN BUBBLE GUM RING, LUNCH BAG  BLACK SKULL., WORLD WAR 2 GLIDERS ASSTD DESIGNS"
15319.0,Potential Customers,"WORLD WAR 2 GLIDERS ASSTD DESIGNS, ASSORTED COLOUR BIRD ORNAMENT, ASSORTED COLOURS SILK FAN, GIRLS ALPHABET IRON ON PATCHES , POPART WOODEN PENCILS ASST"
15320.0,Potential Customers,"WORLD WAR 2 GLIDERS ASSTD DESIGNS, ASSORTED COLOUR BIRD ORNAMENT, ASSORTED COLOURS SILK FAN, GIRLS ALPHABET IRON ON PATCHES , POPART WOODEN PENCILS ASST"
15323.0,At Risk Customers,"GIRLS ALPHABET IRON ON PATCHES , WHITE HANGING HEART T-LIGHT HOLDER, ASSTD DESIGN BUBBLE GUM RING, LUNCH BAG  BLACK SKULL., WORLD WAR 2 GLIDERS ASSTD DESIGNS"
15324.0,At Risk Customers,"GIRLS ALPHABET IRON ON PATCHES , WHITE HANGING HEART T-LIGHT HOLDER, ASSTD DESIGN BUBBLE GUM RING, LUNCH BAG  BLACK SKULL., WORLD WAR 2 GLIDERS ASSTD DESIGNS"
15325.0,Loyal Customers,"SMALL CHINESE STYLE SCISSOR, BLACK AND WHITE PAISLEY FLOWER MUG, WHITE HANGING HEART T-LIGHT HOLDER, WORLD WAR 2 GLIDERS ASSTD DESIGNS, ASSORTED COLOUR BIRD ORNAMENT"
15327.0,Potential Customers,"WORLD WAR 2 GLIDERS ASSTD DESIGNS, ASSORTED COLOUR BIRD ORNAMENT, ASSORTED COLOURS SILK FAN, GIRLS ALPHABET IRON ON PATCHES , POPART WOODEN PENCILS ASST"
15328.0,At Risk Customers,"GIRLS ALPHABET IRON ON PATCHES , WHITE HANGING HEART T-LIGHT HOLDER, ASSTD DESIGN BUBBLE GUM RING, LUNCH BAG  BLACK SKULL., WORLD WAR 2 GLIDERS ASSTD DESIGNS"
15331.0,At Risk Customers,"GIRLS ALPHABET IRON ON PATCHES , WHITE HANGING HEART T-LIGHT HOLDER, ASSTD DESIGN BUBBLE GUM RING, LUNCH BAG  BLACK SKULL., WORLD WAR 2 GLIDERS ASSTD DESIGNS"
15332.0,Loyal Customers,"SMALL CHINESE STYLE SCISSOR, BLACK AND WHITE PAISLEY FLOWER MUG, WHITE HANGING HEART T-LIGHT HOLDER, WORLD WAR 2 GLIDERS ASSTD DESIGNS, ASSORTED COLOUR BIRD ORNAMENT"
15333.0,Potential Customers,"WORLD WAR 2 GLIDERS ASSTD DESIGNS, ASSORTED COLOUR BIRD ORNAMENT, ASSORTED COLOURS SILK FAN, GIRLS ALPHABET IRON ON PATCHES , POPART WOODEN PENCILS ASST"
15334.0,Potential Customers,"WORLD WAR 2 GLIDERS ASSTD DESIGNS, ASSORTED COLOUR BIRD ORNAMENT, ASSORTED COLOURS SILK FAN, GIRLS ALPHABET IRON ON PATCHES , POPART WOODEN PENCILS ASST"
15335.0,Potential Customers,"WORLD WAR 2 GLIDERS ASSTD DESIGNS, ASSORTED COLOUR BIRD ORNAMENT, ASSORTED COLOURS SILK FAN, GIRLS ALPHABET IRON ON PATCHES , POPART WOODEN PENCILS ASST"
15336.0,At Risk Customers,"GIRLS ALPHABET IRON ON PATCHES , WHITE HANGING HEART T-LIGHT HOLDER, ASSTD DESIGN BUBBLE GUM RING, LUNCH BAG  BLACK SKULL., WORLD WAR 2 GLIDERS ASSTD DESIGNS"
15337.0,At Risk Customers,"GIRLS ALPHABET IRON ON PATCHES , WHITE HANGING HEART T-LIGHT HOLDER, ASSTD DESIGN BUBBLE GUM RING, LUNCH BAG  BLACK SKULL., WORLD WAR 2 GLIDERS ASSTD DESIGNS"
15338.0,At Risk Customers,"GIRLS ALPHABET IRON ON PATCHES , WHITE HANGING HEART T-LIGHT HOLDER, ASSTD DESIGN BUBBLE GUM RING, LUNCH BAG  BLACK SKULL., WORLD WAR 2 GLIDERS ASSTD DESIGNS"
15340.0,At Risk Customers,"GIRLS ALPHABET IRON ON PATCHES , WHITE HANGING HEART T-LIGHT HOLDER, ASSTD DESIGN BUBBLE GUM RING, LUNCH BAG  BLACK SKULL., WORLD WAR 2 GLIDERS ASSTD DESIGNS"
15342.0,Potential Customers,"WORLD WAR 2 GLIDERS ASSTD DESIGNS, ASSORTED COLOUR BIRD ORNAMENT, ASSORTED COLOURS SILK FAN, GIRLS ALPHABET IRON ON PATCHES , POPART WOODEN PENCILS ASST"
15343.0,Potential Customers,"WORLD WAR 2 GLIDERS ASSTD DESIGNS, ASSORTED COLOUR BIRD ORNAMENT, ASSORTED COLOURS SILK FAN, GIRLS ALPHABET IRON ON PATCHES , POPART WOODEN PENCILS ASST"
15344.0,Potential Customers,"WORLD WAR 2 GLIDERS ASSTD DESIGNS, ASSORTED COLOUR BIRD ORNAMENT, ASSORTED COLOURS SILK FAN, GIRLS ALPHABET IRON ON PATCHES , POPART WOODEN PENCILS ASST"
15345.0,Potential Customers,"WORLD WAR 2 GLIDERS ASSTD DESIGNS, ASSORTED COLOUR BIRD ORNAMENT, ASSORTED COLOURS SILK FAN, GIRLS ALPHABET IRON ON PATCHES , POPART WOODEN PENCILS ASST"
15346.0,At Risk Customers,"GIRLS ALPHABET IRON ON PATCHES , WHITE HANGING HEART T-LIGHT HOLDER, ASSTD DESIGN BUBBLE GUM RING, LUNCH BAG  BLACK SKULL., WORLD WAR 2 GLIDERS ASSTD DESIGNS"
15347.0,Loyal Customers,"SMALL CHINESE STYLE SCISSOR, BLACK AND WHITE PAISLEY FLOWER MUG, WHITE HANGING HEART T-LIGHT HOLDER, WORLD WAR 2 GLIDERS ASSTD DESIGNS, ASSORTED COLOUR BIRD ORNAMENT"
15348.0,Potential Customers,"WORLD WAR 2 GLIDERS ASSTD DESIGNS, ASSORTED COLOUR BIRD ORNAMENT, ASSORTED COLOURS SILK FAN, GIRLS ALPHABET IRON ON PATCHES , POPART WOODEN PENCILS ASST"
15349.0,Potential Customers,"WORLD WAR 2 GLIDERS ASSTD DESIGNS, ASSORTED COLOUR BIRD ORNAMENT, ASSORTED COLOURS SILK FAN, GIRLS ALPHABET IRON ON PATCHES , POPART WOODEN PENCILS ASST"
15350.0,At Risk Customers,"GIRLS ALPHABET IRON ON PATCHES , WHITE HANGING HEART T-LIGHT HOLDER, ASSTD DESIGN BUBBLE GUM RING, LUNCH BAG  BLACK SKULL., WORLD WAR 2 GLIDERS ASSTD DESIGNS"
15352.0,At Risk Customers,"GIRLS ALPHABET IRON ON PATCHES , WHITE HANGING HEART T-LIGHT HOLDER, ASSTD DESIGN BUBBLE GUM RING, LUNCH BAG  BLACK SKULL., WORLD WAR 2 GLIDERS ASSTD DESIGNS"
15354.0,At Risk Customers,"GIRLS ALPHABET IRON ON PATCHES , WHITE HANGING HEART T-LIGHT HOLDER, ASSTD DESIGN BUBBLE GUM RING, LUNCH BAG  BLACK SKULL., WORLD WAR 2 GLIDERS ASSTD DESIGNS"
15355.0,Potential Customers,"WORLD WAR 2 GLIDERS ASSTD DESIGNS, ASSORTED COLOUR BIRD ORNAMENT, ASSORTED COLOURS SILK FAN, GIRLS ALPHABET IRON ON PATCHES , POPART WOODEN PENCILS ASST"
15359.0,At Risk Customers,"GIRLS ALPHABET IRON ON PATCHES , WHITE HANGING HEART T-LIGHT HOLDER, ASSTD DESIGN BUBBLE GUM RING, LUNCH BAG  BLACK SKULL., WORLD WAR 2 GLIDERS ASSTD DESIGNS"
15360.0,Potential Customers,"WORLD WAR 2 GLIDERS ASSTD DESIGNS, ASSORTED COLOUR BIRD ORNAMENT, ASSORTED COLOURS SILK FAN, GIRLS ALPHABET IRON ON PATCHES , POPART WOODEN PENCILS ASST"
15361.0,At Risk Customers,"GIRLS ALPHABET IRON ON PATCHES , WHITE HANGING HEART T-LIGHT HOLDER, ASSTD DESIGN BUBBLE GUM RING, LUNCH BAG  BLACK SKULL., WORLD WAR 2 GLIDERS ASSTD DESIGNS"
15362.0,At Risk Customers,"GIRLS ALPHABET IRON ON PATCHES , WHITE HANGING HEART T-LIGHT HOLDER, ASSTD DESIGN BUBBLE GUM RING, LUNCH BAG  BLACK SKULL., WORLD WAR 2 GLIDERS ASSTD DESIGNS"
15363.0,At Risk Customers,"GIRLS ALPHABET IRON ON PATCHES , WHITE HANGING HEART T-LIGHT HOLDER, ASSTD DESIGN BUBBLE GUM RING, LUNCH BAG  BLACK SKULL., WORLD WAR 2 GLIDERS ASSTD DESIGNS"
15364.0,Potential Customers,"WORLD WAR 2 GLIDERS ASSTD DESIGNS, ASSORTED COLOUR BIRD ORNAMENT, ASSORTED COLOURS SILK FAN, GIRLS ALPHABET IRON ON PATCHES , POPART WOODEN PENCILS ASST"
15371.0,At Risk Customers,"GIRLS ALPHABET IRON ON PATCHES , WHITE HANGING HEART T-LIGHT HOLDER, ASSTD DESIGN BUBBLE GUM RING, LUNCH BAG  BLACK SKULL., WORLD WAR 2 GLIDERS ASSTD DESIGNS"
15372.0,Loyal Customers,"SMALL CHINESE STYLE SCISSOR, BLACK AND WHITE PAISLEY FLOWER MUG, WHITE HANGING HEART T-LIGHT HOLDER, WORLD WAR 2 GLIDERS ASSTD DESIGNS, ASSORTED COLOUR BIRD ORNAMENT"
15374.0,Potential Customers,"WORLD WAR 2 GLIDERS ASSTD DESIGNS, ASSORTED COLOUR BIRD ORNAMENT, ASSORTED COLOURS SILK FAN, GIRLS ALPHABET IRON ON PATCHES , POPART WOODEN PENCILS ASST"
15375.0,At Risk Customers,"GIRLS ALPHABET IRON ON PATCHES , WHITE HANGING HEART T-LIGHT HOLDER, ASSTD DESIGN BUBBLE GUM RING, LUNCH BAG  BLACK SKULL., WORLD WAR 2 GLIDERS ASSTD DESIGNS"
15376.0,Loyal Customers,"SMALL CHINESE STYLE SCISSOR, BLACK AND WHITE PAISLEY FLOWER MUG, WHITE HANGING HEART T-LIGHT HOLDER, WORLD WAR 2 GLIDERS ASSTD DESIGNS, ASSORTED COLOUR BIRD ORNAMENT"
15377.0,At Risk Customers,"GIRLS ALPHABET IRON ON PATCHES , WHITE HANGING HEART T-LIGHT HOLDER, ASSTD DESIGN BUBBLE GUM RING, LUNCH BAG  BLACK SKULL., WORLD WAR 2 GLIDERS ASSTD DESIGNS"
15378.0,At Risk Customers,"GIRLS ALPHABET IRON ON PATCHES , WHITE HANGING HEART T-LIGHT HOLDER, ASSTD DESIGN BUBBLE GUM RING, LUNCH BAG  BLACK SKULL., WORLD WAR 2 GLIDERS ASSTD DESIGNS"
15381.0,Loyal Customers,"SMALL CHINESE STYLE SCISSOR, BLACK AND WHITE PAISLEY FLOWER MUG, WHITE HANGING HEART T-LIGHT HOLDER, WORLD WAR 2 GLIDERS ASSTD DESIGNS, ASSORTED COLOUR BIRD ORNAMENT"
15384.0,Loyal Customers,"SMALL CHINESE STYLE SCISSOR, BLACK AND WHITE PAISLEY FLOWER MUG, WHITE HANGING HEART T-LIGHT HOLDER, WORLD WAR 2 GLIDERS ASSTD DESIGNS, ASSORTED COLOUR BIRD ORNAMENT"
15386.0,Potential Customers,"WORLD WAR 2 GLIDERS ASSTD DESIGNS, ASSORTED COLOUR BIRD ORNAMENT, ASSORTED COLOURS SILK FAN, GIRLS ALPHABET IRON ON PATCHES , POPART WOODEN PENCILS ASST"
15387.0,At Risk Customers,"GIRLS ALPHABET IRON ON PATCHES , WHITE HANGING HEART T-LIGHT HOLDER, ASSTD DESIGN BUBBLE GUM RING, LUNCH BAG  BLACK SKULL., WORLD WAR 2 GLIDERS ASSTD DESIGNS"
15388.0,Potential Customers,"WORLD WAR 2 GLIDERS ASSTD DESIGNS, ASSORTED COLOUR BIRD ORNAMENT, ASSORTED COLOURS SILK FAN, GIRLS ALPHABET IRON ON PATCHES , POPART WOODEN PENCILS ASST"
15389.0,Loyal Customers,"SMALL CHINESE STYLE SCISSOR, BLACK AND WHITE PAISLEY FLOWER MUG, WHITE HANGING HEART T-LIGHT HOLDER, WORLD WAR 2 GLIDERS ASSTD DESIGNS, ASSORTED COLOUR BIRD ORNAMENT"
15391.0,At Risk Customers,"GIRLS ALPHABET IRON ON PATCHES , WHITE HANGING HEART T-LIGHT HOLDER, ASSTD DESIGN BUBBLE GUM RING, LUNCH BAG  BLACK SKULL., WORLD WAR 2 GLIDERS ASSTD DESIGNS"
15395.0,At Risk Customers,"GIRLS ALPHABET IRON ON PATCHES , WHITE HANGING HEART T-LIGHT HOLDER, ASSTD DESIGN BUBBLE GUM RING, LUNCH BAG  BLACK SKULL., WORLD WAR 2 GLIDERS ASSTD DESIGNS"
15396.0,Potential Customers,"WORLD WAR 2 GLIDERS ASSTD DESIGNS, ASSORTED COLOUR BIRD ORNAMENT, ASSORTED COLOURS SILK FAN, GIRLS ALPHABET IRON ON PATCHES , POPART WOODEN PENCILS ASST"
15397.0,At Risk Customers,"GIRLS ALPHABET IRON ON PATCHES , WHITE HANGING HEART T-LIGHT HOLDER, ASSTD DESIGN BUBBLE GUM RING, LUNCH BAG  BLACK SKULL., WORLD WAR 2 GLIDERS ASSTD DESIGNS"
15399.0,Potential Customers,"WORLD WAR 2 GLIDERS ASSTD DESIGNS, ASSORTED COLOUR BIRD ORNAMENT, ASSORTED COLOURS SILK FAN, GIRLS ALPHABET IRON ON PATCHES , POPART WOODEN PENCILS ASST"
15400.0,Loyal Customers,"SMALL CHINESE STYLE SCISSOR, BLACK AND WHITE PAISLEY FLOWER MUG, WHITE HANGING HEART T-LIGHT HOLDER, WORLD WAR 2 GLIDERS ASSTD DESIGNS, ASSORTED COLOUR BIRD ORNAMENT"
15401.0,At Risk Customers,"GIRLS ALPHABET IRON ON PATCHES , WHITE HANGING HEART T-LIGHT HOLDER, ASSTD DESIGN BUBBLE GUM RING, LUNCH BAG  BLACK SKULL., WORLD WAR 2 GLIDERS ASSTD DESIGNS"
15402.0,Loyal Customers,"SMALL CHINESE STYLE SCISSOR, BLACK AND WHITE PAISLEY FLOWER MUG, WHITE HANGING HEART T-LIGHT HOLDER, WORLD WAR 2 GLIDERS ASSTD DESIGNS, ASSORTED COLOUR BIRD ORNAMENT"
15403.0,At Risk Customers,"GIRLS ALPHABET IRON ON PATCHES , WHITE HANGING HEART T-LIGHT HOLDER, ASSTD DESIGN BUBBLE GUM RING, LUNCH BAG  BLACK SKULL., WORLD WAR 2 GLIDERS ASSTD DESIGNS"
15404.0,At Risk Customers,"GIRLS ALPHABET IRON ON PATCHES , WHITE HANGING HEART T-LIGHT HOLDER, ASSTD DESIGN BUBBLE GUM RING, LUNCH BAG  BLACK SKULL., WORLD WAR 2 GLIDERS ASSTD DESIGNS"
15405.0,Potential Customers,"WORLD WAR 2 GLIDERS ASSTD DESIGNS, ASSORTED COLOUR BIRD ORNAMENT, ASSORTED COLOURS SILK FAN, GIRLS ALPHABET IRON ON PATCHES , POPART WOODEN PENCILS ASST"
15407.0,Loyal Customers,"SMALL CHINESE STYLE SCISSOR, BLACK AND WHITE PAISLEY FLOWER MUG, WHITE HANGING HEART T-LIGHT HOLDER, WORLD WAR 2 GLIDERS ASSTD DESIGNS, ASSORTED COLOUR BIRD ORNAMENT"
15408.0,Potential Customers,"WORLD WAR 2 GLIDERS ASSTD DESIGNS, ASSORTED COLOUR BIRD ORNAMENT, ASSORTED COLOURS SILK FAN, GIRLS ALPHABET IRON ON PATCHES , POPART WOODEN PENCILS ASST"
15409.0,At Risk Customers,"GIRLS ALPHABET IRON ON PATCHES , WHITE HANGING HEART T-LIGHT HOLDER, ASSTD DESIGN BUBBLE GUM RING, LUNCH BAG  BLACK SKULL., WORLD WAR 2 GLIDERS ASSTD DESIGNS"
15411.0,Loyal Customers,"SMALL CHINESE STYLE SCISSOR, BLACK AND WHITE PAISLEY FLOWER MUG, WHITE HANGING HEART T-LIGHT HOLDER, WORLD WAR 2 GLIDERS ASSTD DESIGNS, ASSORTED COLOUR BIRD ORNAMENT"
15412.0,Potential Customers,"WORLD WAR 2 GLIDERS ASSTD DESIGNS, ASSORTED COLOUR BIRD ORNAMENT, ASSORTED COLOURS SILK FAN, GIRLS ALPHABET IRON ON PATCHES , POPART WOODEN PENCILS ASST"
15413.0,At Risk Customers,"GIRLS ALPHABET IRON ON PATCHES , WHITE HANGING HEART T-LIGHT HOLDER, ASSTD DESIGN BUBBLE GUM RING, LUNCH BAG  BLACK SKULL., WORLD WAR 2 GLIDERS ASSTD DESIGNS"
15414.0,Potential Customers,"WORLD WAR 2 GLIDERS ASSTD DESIGNS, ASSORTED COLOUR BIRD ORNAMENT, ASSORTED COLOURS SILK FAN, GIRLS ALPHABET IRON ON PATCHES , POPART WOODEN PENCILS ASST"
15415.0,At Risk Customers,"GIRLS ALPHABET IRON ON PATCHES , WHITE HANGING HEART T-LIGHT HOLDER, ASSTD DESIGN BUBBLE GUM RING, LUNCH BAG  BLACK SKULL., WORLD WAR 2 GLIDERS ASSTD DESIGNS"
15417.0,Potential Customers,"WORLD WAR 2 GLIDERS ASSTD DESIGNS, ASSORTED COLOUR BIRD ORNAMENT, ASSORTED COLOURS SILK FAN, GIRLS ALPHABET IRON ON PATCHES , POPART WOODEN PENCILS ASST"
15418.0,At Risk Customers,"GIRLS ALPHABET IRON ON PATCHES , WHITE HANGING HEART T-LIGHT HOLDER, ASSTD DESIGN BUBBLE GUM RING, LUNCH BAG  BLACK SKULL., WORLD WAR 2 GLIDERS ASSTD DESIGNS"
15419.0,Potential Customers,"WORLD WAR 2 GLIDERS ASSTD DESIGNS, ASSORTED COLOUR BIRD ORNAMENT, ASSORTED COLOURS SILK FAN, GIRLS ALPHABET IRON ON PATCHES , POPART WOODEN PENCILS ASST"
15420.0,At Risk Customers,"GIRLS ALPHABET IRON ON PATCHES , WHITE HANGING HEART T-LIGHT HOLDER, ASSTD DESIGN BUBBLE GUM RING, LUNCH BAG  BLACK SKULL., WORLD WAR 2 GLIDERS ASSTD DESIGNS"
15422.0,Loyal Customers,"SMALL CHINESE STYLE SCISSOR, BLACK AND WHITE PAISLEY FLOWER MUG, WHITE HANGING HEART T-LIGHT HOLDER, WORLD WAR 2 GLIDERS ASSTD DESIGNS, ASSORTED COLOUR BIRD ORNAMENT"
15424.0,Potential Customers,"WORLD WAR 2 GLIDERS ASSTD DESIGNS, ASSORTED COLOUR BIRD ORNAMENT, ASSORTED COLOURS SILK FAN, GIRLS ALPHABET IRON ON PATCHES , POPART WOODEN PENCILS ASST"
15425.0,Loyal Customers,"SMALL CHINESE STYLE SCISSOR, BLACK AND WHITE PAISLEY FLOWER MUG, WHITE HANGING HEART T-LIGHT HOLDER, WORLD WAR 2 GLIDERS ASSTD DESIGNS, ASSORTED COLOUR BIRD ORNAMENT"
15430.0,At Risk Customers,"GIRLS ALPHABET IRON ON PATCHES , WHITE HANGING HEART T-LIGHT HOLDER, ASSTD DESIGN BUBBLE GUM RING, LUNCH BAG  BLACK SKULL., WORLD WAR 2 GLIDERS ASSTD DESIGNS"
15431.0,At Risk Customers,"GIRLS ALPHABET IRON ON PATCHES , WHITE HANGING HEART T-LIGHT HOLDER, ASSTD DESIGN BUBBLE GUM RING, LUNCH BAG  BLACK SKULL., WORLD WAR 2 GLIDERS ASSTD DESIGNS"
15433.0,Potential Customers,"WORLD WAR 2 GLIDERS ASSTD DESIGNS, ASSORTED COLOUR BIRD ORNAMENT, ASSORTED COLOURS SILK FAN, GIRLS ALPHABET IRON ON PATCHES , POPART WOODEN PENCILS ASST"
15435.0,Potential Customers,"WORLD WAR 2 GLIDERS ASSTD DESIGNS, ASSORTED COLOUR BIRD ORNAMENT, ASSORTED COLOURS SILK FAN, GIRLS ALPHABET IRON ON PATCHES , POPART WOODEN PENCILS ASST"
15436.0,Loyal Customers,"SMALL CHINESE STYLE SCISSOR, BLACK AND WHITE PAISLEY FLOWER MUG, WHITE HANGING HEART T-LIGHT HOLDER, WORLD WAR 2 GLIDERS ASSTD DESIGNS, ASSORTED COLOUR BIRD ORNAMENT"
15437.0,Potential Customers,"WORLD WAR 2 GLIDERS ASSTD DESIGNS, ASSORTED COLOUR BIRD ORNAMENT, ASSORTED COLOURS SILK FAN, GIRLS ALPHABET IRON ON PATCHES , POPART WOODEN PENCILS ASST"
15438.0,Potential Customers,"WORLD WAR 2 GLIDERS ASSTD DESIGNS, ASSORTED COLOUR BIRD ORNAMENT, ASSORTED COLOURS SILK FAN, GIRLS ALPHABET IRON ON PATCHES , POPART WOODEN PENCILS ASST"
15439.0,At Risk Customers,"GIRLS ALPHABET IRON ON PATCHES , WHITE HANGING HEART T-LIGHT HOLDER, ASSTD DESIGN BUBBLE GUM RING, LUNCH BAG  BLACK SKULL., WORLD WAR 2 GLIDERS ASSTD DESIGNS"
15440.0,Potential Customers,"WORLD WAR 2 GLIDERS ASSTD DESIGNS, ASSORTED COLOUR BIRD ORNAMENT, ASSORTED COLOURS SILK FAN, GIRLS ALPHABET IRON ON PATCHES , POPART WOODEN PENCILS ASST"
15441.0,At Risk Customers,"GIRLS ALPHABET IRON ON PATCHES , WHITE HANGING HEART T-LIGHT HOLDER, ASSTD DESIGN BUBBLE GUM RING, LUNCH BAG  BLACK SKULL., WORLD WAR 2 GLIDERS ASSTD DESIGNS"
15442.0,Potential Customers,"WORLD WAR 2 GLIDERS ASSTD DESIGNS, ASSORTED COLOUR BIRD ORNAMENT, ASSORTED COLOURS SILK FAN, GIRLS ALPHABET IRON ON PATCHES , POPART WOODEN PENCILS ASST"
15445.0,Potential Customers,"WORLD WAR 2 GLIDERS ASSTD DESIGNS, ASSORTED COLOUR BIRD ORNAMENT, ASSORTED COLOURS SILK FAN, GIRLS ALPHABET IRON ON PATCHES , POPART WOODEN PENCILS ASST"
15446.0,At Risk Customers,"GIRLS ALPHABET IRON ON PATCHES , WHITE HANGING HEART T-LIGHT HOLDER, ASSTD DESIGN BUBBLE GUM RING, LUNCH BAG  BLACK SKULL., WORLD WAR 2 GLIDERS ASSTD DESIGNS"
15447.0,At Risk Customers,"GIRLS ALPHABET IRON ON PATCHES , WHITE HANGING HEART T-LIGHT HOLDER, ASSTD DESIGN BUBBLE GUM RING, LUNCH BAG  BLACK SKULL., WORLD WAR 2 GLIDERS ASSTD DESIGNS"
15449.0,Loyal Customers,"SMALL CHINESE STYLE SCISSOR, BLACK AND WHITE PAISLEY FLOWER MUG, WHITE HANGING HEART T-LIGHT HOLDER, WORLD WAR 2 GLIDERS ASSTD DESIGNS, ASSORTED COLOUR BIRD ORNAMENT"
15450.0,Potential Customers,"WORLD WAR 2 GLIDERS ASSTD DESIGNS, ASSORTED COLOUR BIRD ORNAMENT, ASSORTED COLOURS SILK FAN, GIRLS ALPHABET IRON ON PATCHES , POPART WOODEN PENCILS ASST"
15451.0,At Risk Customers,"GIRLS ALPHABET IRON ON PATCHES , WHITE HANGING HEART T-LIGHT HOLDER, ASSTD DESIGN BUBBLE GUM RING, LUNCH BAG  BLACK SKULL., WORLD WAR 2 GLIDERS ASSTD DESIGNS"
15454.0,At Risk Customers,"GIRLS ALPHABET IRON ON PATCHES , WHITE HANGING HEART T-LIGHT HOLDER, ASSTD DESIGN BUBBLE GUM RING, LUNCH BAG  BLACK SKULL., WORLD WAR 2 GLIDERS ASSTD DESIGNS"
15455.0,At Risk Customers,"GIRLS ALPHABET IRON ON PATCHES , WHITE HANGING HEART T-LIGHT HOLDER, ASSTD DESIGN BUBBLE GUM RING, LUNCH BAG  BLACK SKULL., WORLD WAR 2 GLIDERS ASSTD DESIGNS"
15456.0,Loyal Customers,"SMALL CHINESE STYLE SCISSOR, BLACK AND WHITE PAISLEY FLOWER MUG, WHITE HANGING HEART T-LIGHT HOLDER, WORLD WAR 2 GLIDERS ASSTD DESIGNS, ASSORTED COLOUR BIRD ORNAMENT"
15457.0,Potential Customers,"WORLD WAR 2 GLIDERS ASSTD DESIGNS, ASSORTED COLOUR BIRD ORNAMENT, ASSORTED COLOURS SILK FAN, GIRLS ALPHABET IRON ON PATCHES , POPART WOODEN PENCILS ASST"
15459.0,At Risk Customers,"GIRLS ALPHABET IRON ON PATCHES , WHITE HANGING HEART T-LIGHT HOLDER, ASSTD DESIGN BUBBLE GUM RING, LUNCH BAG  BLACK SKULL., WORLD WAR 2 GLIDERS ASSTD DESIGNS"
15460.0,At Risk Customers,"GIRLS ALPHABET IRON ON PATCHES , WHITE HANGING HEART T-LIGHT HOLDER, ASSTD DESIGN BUBBLE GUM RING, LUNCH BAG  BLACK SKULL., WORLD WAR 2 GLIDERS ASSTD DESIGNS"
15461.0,At Risk Customers,"GIRLS ALPHABET IRON ON PATCHES , WHITE HANGING HEART T-LIGHT HOLDER, ASSTD DESIGN BUBBLE GUM RING, LUNCH BAG  BLACK SKULL., WORLD WAR 2 GLIDERS ASSTD DESIGNS"
15463.0,Potential Customers,"WORLD WAR 2 GLIDERS ASSTD DESIGNS, ASSORTED COLOUR BIRD ORNAMENT, ASSORTED COLOURS SILK FAN, GIRLS ALPHABET IRON ON PATCHES , POPART WOODEN PENCILS ASST"
15467.0,Potential Customers,"WORLD WAR 2 GLIDERS ASSTD DESIGNS, ASSORTED COLOUR BIRD ORNAMENT, ASSORTED COLOURS SILK FAN, GIRLS ALPHABET IRON ON PATCHES , POPART WOODEN PENCILS ASST"
15470.0,At Risk Customers,"GIRLS ALPHABET IRON ON PATCHES , WHITE HANGING HEART T-LIGHT HOLDER, ASSTD DESIGN BUBBLE GUM RING, LUNCH BAG  BLACK SKULL., WORLD WAR 2 GLIDERS ASSTD DESIGNS"
15472.0,Potential Customers,"WORLD WAR 2 GLIDERS ASSTD DESIGNS, ASSORTED COLOUR BIRD ORNAMENT, ASSORTED COLOURS SILK FAN, GIRLS ALPHABET IRON ON PATCHES , POPART WOODEN PENCILS ASST"
15473.0,Loyal Customers,"SMALL CHINESE STYLE SCISSOR, BLACK AND WHITE PAISLEY FLOWER MUG, WHITE HANGING HEART T-LIGHT HOLDER, WORLD WAR 2 GLIDERS ASSTD DESIGNS, ASSORTED COLOUR BIRD ORNAMENT"
15474.0,At Risk Customers,"GIRLS ALPHABET IRON ON PATCHES , WHITE HANGING HEART T-LIGHT HOLDER, ASSTD DESIGN BUBBLE GUM RING, LUNCH BAG  BLACK SKULL., WORLD WAR 2 GLIDERS ASSTD DESIGNS"
15475.0,Potential Customers,"WORLD WAR 2 GLIDERS ASSTD DESIGNS, ASSORTED COLOUR BIRD ORNAMENT, ASSORTED COLOURS SILK FAN, GIRLS ALPHABET IRON ON PATCHES , POPART WOODEN PENCILS ASST"
15477.0,At Risk Customers,"GIRLS ALPHABET IRON ON PATCHES , WHITE HANGING HEART T-LIGHT HOLDER, ASSTD DESIGN BUBBLE GUM RING, LUNCH BAG  BLACK SKULL., WORLD WAR 2 GLIDERS ASSTD DESIGNS"
15479.0,At Risk Customers,"GIRLS ALPHABET IRON ON PATCHES , WHITE HANGING HEART T-LIGHT HOLDER, ASSTD DESIGN BUBBLE GUM RING, LUNCH BAG  BLACK SKULL., WORLD WAR 2 GLIDERS ASSTD DESIGNS"
15480.0,Loyal Customers,"SMALL CHINESE STYLE SCISSOR, BLACK AND WHITE PAISLEY FLOWER MUG, WHITE HANGING HEART T-LIGHT HOLDER, WORLD WAR 2 GLIDERS ASSTD DESIGNS, ASSORTED COLOUR BIRD ORNAMENT"
15481.0,At Risk Customers,"GIRLS ALPHABET IRON ON PATCHES , WHITE HANGING HEART T-LIGHT HOLDER, ASSTD DESIGN BUBBLE GUM RING, LUNCH BAG  BLACK SKULL., WORLD WAR 2 GLIDERS ASSTD DESIGNS"
15483.0,Loyal Customers,"SMALL CHINESE STYLE SCISSOR, BLACK AND WHITE PAISLEY FLOWER MUG, WHITE HANGING HEART T-LIGHT HOLDER, WORLD WAR 2 GLIDERS ASSTD DESIGNS, ASSORTED COLOUR BIRD ORNAMENT"
15486.0,At Risk Customers,"GIRLS ALPHABET IRON ON PATCHES , WHITE HANGING HEART T-LIGHT HOLDER, ASSTD DESIGN BUBBLE GUM RING, LUNCH BAG  BLACK SKULL., WORLD WAR 2 GLIDERS ASSTD DESIGNS"
15487.0,At Risk Customers,"GIRLS ALPHABET IRON ON PATCHES , WHITE HANGING HEART T-LIGHT HOLDER, ASSTD DESIGN BUBBLE GUM RING, LUNCH BAG  BLACK SKULL., WORLD WAR 2 GLIDERS ASSTD DESIGNS"
15488.0,Potential Customers,"WORLD WAR 2 GLIDERS ASSTD DESIGNS, ASSORTED COLOUR BIRD ORNAMENT, ASSORTED COLOURS SILK FAN, GIRLS ALPHABET IRON ON PATCHES , POPART WOODEN PENCILS ASST"
15490.0,At Risk Customers,"GIRLS ALPHABET IRON ON PATCHES , WHITE HANGING HEART T-LIGHT HOLDER, ASSTD DESIGN BUBBLE GUM RING, LUNCH BAG  BLACK SKULL., WORLD WAR 2 GLIDERS ASSTD DESIGNS"
15495.0,At Risk Customers,"GIRLS ALPHABET IRON ON PATCHES , WHITE HANGING HEART T-LIGHT HOLDER, ASSTD DESIGN BUBBLE GUM RING, LUNCH BAG  BLACK SKULL., WORLD WAR 2 GLIDERS ASSTD DESIGNS"
15496.0,At Risk Customers,"GIRLS ALPHABET IRON ON PATCHES , WHITE HANGING HEART T-LIGHT HOLDER, ASSTD DESIGN BUBBLE GUM RING, LUNCH BAG  BLACK SKULL., WORLD WAR 2 GLIDERS ASSTD DESIGNS"
15499.0,At Risk Customers,"GIRLS ALPHABET IRON ON PATCHES , WHITE HANGING HEART T-LIGHT HOLDER, ASSTD DESIGN BUBBLE GUM RING, LUNCH BAG  BLACK SKULL., WORLD WAR 2 GLIDERS ASSTD DESIGNS"
15501.0,At Risk Customers,"GIRLS ALPHABET IRON ON PATCHES , WHITE HANGING HEART T-LIGHT HOLDER, ASSTD DESIGN BUBBLE GUM RING, LUNCH BAG  BLACK SKULL., WORLD WAR 2 GLIDERS ASSTD DESIGNS"
15503.0,At Risk Customers,"GIRLS ALPHABET IRON ON PATCHES , WHITE HANGING HEART T-LIGHT HOLDER, ASSTD DESIGN BUBBLE GUM RING, LUNCH BAG  BLACK SKULL., WORLD WAR 2 GLIDERS ASSTD DESIGNS"
15505.0,Loyal Customers,"SMALL CHINESE STYLE SCISSOR, BLACK AND WHITE PAISLEY FLOWER MUG, WHITE HANGING HEART T-LIGHT HOLDER, WORLD WAR 2 GLIDERS ASSTD DESIGNS, ASSORTED COLOUR BIRD ORNAMENT"
15507.0,Potential Customers,"WORLD WAR 2 GLIDERS ASSTD DESIGNS, ASSORTED COLOUR BIRD ORNAMENT, ASSORTED COLOURS SILK FAN, GIRLS ALPHABET IRON ON PATCHES , POPART WOODEN PENCILS ASST"
15509.0,At Risk Customers,"GIRLS ALPHABET IRON ON PATCHES , WHITE HANGING HEART T-LIGHT HOLDER, ASSTD DESIGN BUBBLE GUM RING, LUNCH BAG  BLACK SKULL., WORLD WAR 2 GLIDERS ASSTD DESIGNS"
15510.0,At Risk Customers,"GIRLS ALPHABET IRON ON PATCHES , WHITE HANGING HEART T-LIGHT HOLDER, ASSTD DESIGN BUBBLE GUM RING, LUNCH BAG  BLACK SKULL., WORLD WAR 2 GLIDERS ASSTD DESIGNS"
15512.0,Potential Customers,"WORLD WAR 2 GLIDERS ASSTD DESIGNS, ASSORTED COLOUR BIRD ORNAMENT, ASSORTED COLOURS SILK FAN, GIRLS ALPHABET IRON ON PATCHES , POPART WOODEN PENCILS ASST"
15515.0,At Risk Customers,"GIRLS ALPHABET IRON ON PATCHES , WHITE HANGING HEART T-LIGHT HOLDER, ASSTD DESIGN BUBBLE GUM RING, LUNCH BAG  BLACK SKULL., WORLD WAR 2 GLIDERS ASSTD DESIGNS"
15517.0,Potential Customers,"WORLD WAR 2 GLIDERS ASSTD DESIGNS, ASSORTED COLOUR BIRD ORNAMENT, ASSORTED COLOURS SILK FAN, GIRLS ALPHABET IRON ON PATCHES , POPART WOODEN PENCILS ASST"
15519.0,At Risk Customers,"GIRLS ALPHABET IRON ON PATCHES , WHITE HANGING HEART T-LIGHT HOLDER, ASSTD DESIGN BUBBLE GUM RING, LUNCH BAG  BLACK SKULL., WORLD WAR 2 GLIDERS ASSTD DESIGNS"
15520.0,Potential Customers,"WORLD WAR 2 GLIDERS ASSTD DESIGNS, ASSORTED COLOUR BIRD ORNAMENT, ASSORTED COLOURS SILK FAN, GIRLS ALPHABET IRON ON PATCHES , POPART WOODEN PENCILS ASST"
15526.0,Potential Customers,"WORLD WAR 2 GLIDERS ASSTD DESIGNS, ASSORTED COLOUR BIRD ORNAMENT, ASSORTED COLOURS SILK FAN, GIRLS ALPHABET IRON ON PATCHES , POPART WOODEN PENCILS ASST"
15528.0,Potential Customers,"WORLD WAR 2 GLIDERS ASSTD DESIGNS, ASSORTED COLOUR BIRD ORNAMENT, ASSORTED COLOURS SILK FAN, GIRLS ALPHABET IRON ON PATCHES , POPART WOODEN PENCILS ASST"
15534.0,At Risk Customers,"GIRLS ALPHABET IRON ON PATCHES , WHITE HANGING HEART T-LIGHT HOLDER, ASSTD DESIGN BUBBLE GUM RING, LUNCH BAG  BLACK SKULL., WORLD WAR 2 GLIDERS ASSTD DESIGNS"
15535.0,Loyal Customers,"SMALL CHINESE STYLE SCISSOR, BLACK AND WHITE PAISLEY FLOWER MUG, WHITE HANGING HEART T-LIGHT HOLDER, WORLD WAR 2 GLIDERS ASSTD DESIGNS, ASSORTED COLOUR BIRD ORNAMENT"
15536.0,At Risk Customers,"GIRLS ALPHABET IRON ON PATCHES , WHITE HANGING HEART T-LIGHT HOLDER, ASSTD DESIGN BUBBLE GUM RING, LUNCH BAG  BLACK SKULL., WORLD WAR 2 GLIDERS ASSTD DESIGNS"
15537.0,Potential Customers,"WORLD WAR 2 GLIDERS ASSTD DESIGNS, ASSORTED COLOUR BIRD ORNAMENT, ASSORTED COLOURS SILK FAN, GIRLS ALPHABET IRON ON PATCHES , POPART WOODEN PENCILS ASST"
15538.0,At Risk Customers,"GIRLS ALPHABET IRON ON PATCHES , WHITE HANGING HEART T-LIGHT HOLDER, ASSTD DESIGN BUBBLE GUM RING, LUNCH BAG  BLACK SKULL., WORLD WAR 2 GLIDERS ASSTD DESIGNS"
15539.0,Potential Customers,"WORLD WAR 2 GLIDERS ASSTD DESIGNS, ASSORTED COLOUR BIRD ORNAMENT, ASSORTED COLOURS SILK FAN, GIRLS ALPHABET IRON ON PATCHES , POPART WOODEN PENCILS ASST"
15541.0,Potential Customers,"WORLD WAR 2 GLIDERS ASSTD DESIGNS, ASSORTED COLOUR BIRD ORNAMENT, ASSORTED COLOURS SILK FAN, GIRLS ALPHABET IRON ON PATCHES , POPART WOODEN PENCILS ASST"
15542.0,At Risk Customers,"GIRLS ALPHABET IRON ON PATCHES , WHITE HANGING HEART T-LIGHT HOLDER, ASSTD DESIGN BUBBLE GUM RING, LUNCH BAG  BLACK SKULL., WORLD WAR 2 GLIDERS ASSTD DESIGNS"
15543.0,Potential Customers,"WORLD WAR 2 GLIDERS ASSTD DESIGNS, ASSORTED COLOUR BIRD ORNAMENT, ASSORTED COLOURS SILK FAN, GIRLS ALPHABET IRON ON PATCHES , POPART WOODEN PENCILS ASST"
15546.0,At Risk Customers,"GIRLS ALPHABET IRON ON PATCHES , WHITE HANGING HEART T-LIGHT HOLDER, ASSTD DESIGN BUBBLE GUM RING, LUNCH BAG  BLACK SKULL., WORLD WAR 2 GLIDERS ASSTD DESIGNS"
15548.0,At Risk Customers,"GIRLS ALPHABET IRON ON PATCHES , WHITE HANGING HEART T-LIGHT HOLDER, ASSTD DESIGN BUBBLE GUM RING, LUNCH BAG  BLACK SKULL., WORLD WAR 2 GLIDERS ASSTD DESIGNS"
15552.0,Potential Customers,"WORLD WAR 2 GLIDERS ASSTD DESIGNS, ASSORTED COLOUR BIRD ORNAMENT, ASSORTED COLOURS SILK FAN, GIRLS ALPHABET IRON ON PATCHES , POPART WOODEN PENCILS ASST"
15554.0,Potential Customers,"WORLD WAR 2 GLIDERS ASSTD DESIGNS, ASSORTED COLOUR BIRD ORNAMENT, ASSORTED COLOURS SILK FAN, GIRLS ALPHABET IRON ON PATCHES , POPART WOODEN PENCILS ASST"
15556.0,Potential Customers,"WORLD WAR 2 GLIDERS ASSTD DESIGNS, ASSORTED COLOUR BIRD ORNAMENT, ASSORTED COLOURS SILK FAN, GIRLS ALPHABET IRON ON PATCHES , POPART WOODEN PENCILS ASST"
15557.0,Potential Customers,"WORLD WAR 2 GLIDERS ASSTD DESIGNS, ASSORTED COLOUR BIRD ORNAMENT, ASSORTED COLOURS SILK FAN, GIRLS ALPHABET IRON ON PATCHES , POPART WOODEN PENCILS ASST"
15558.0,At Risk Customers,"GIRLS ALPHABET IRON ON PATCHES , WHITE HANGING HEART T-LIGHT HOLDER, ASSTD DESIGN BUBBLE GUM RING, LUNCH BAG  BLACK SKULL., WORLD WAR 2 GLIDERS ASSTD DESIGNS"
15559.0,At Risk Customers,"GIRLS ALPHABET IRON ON PATCHES , WHITE HANGING HEART T-LIGHT HOLDER, ASSTD DESIGN BUBBLE GUM RING, LUNCH BAG  BLACK SKULL., WORLD WAR 2 GLIDERS ASSTD DESIGNS"
15560.0,At Risk Customers,"GIRLS ALPHABET IRON ON PATCHES , WHITE HANGING HEART T-LIGHT HOLDER, ASSTD DESIGN BUBBLE GUM RING, LUNCH BAG  BLACK SKULL., WORLD WAR 2 GLIDERS ASSTD DESIGNS"
15562.0,At Risk Customers,"GIRLS ALPHABET IRON ON PATCHES , WHITE HANGING HEART T-LIGHT HOLDER, ASSTD DESIGN BUBBLE GUM RING, LUNCH BAG  BLACK SKULL., WORLD WAR 2 GLIDERS ASSTD DESIGNS"
15564.0,At Risk Customers,"GIRLS ALPHABET IRON ON PATCHES , WHITE HANGING HEART T-LIGHT HOLDER, ASSTD DESIGN BUBBLE GUM RING, LUNCH BAG  BLACK SKULL., WORLD WAR 2 GLIDERS ASSTD DESIGNS"
15565.0,Potential Customers,"WORLD WAR 2 GLIDERS ASSTD DESIGNS, ASSORTED COLOUR BIRD ORNAMENT, ASSORTED COLOURS SILK FAN, GIRLS ALPHABET IRON ON PATCHES , POPART WOODEN PENCILS ASST"
15566.0,At Risk Customers,"GIRLS ALPHABET IRON ON PATCHES , WHITE HANGING HEART T-LIGHT HOLDER, ASSTD DESIGN BUBBLE GUM RING, LUNCH BAG  BLACK SKULL., WORLD WAR 2 GLIDERS ASSTD DESIGNS"
15567.0,Potential Customers,"WORLD WAR 2 GLIDERS ASSTD DESIGNS, ASSORTED COLOUR BIRD ORNAMENT, ASSORTED COLOURS SILK FAN, GIRLS ALPHABET IRON ON PATCHES , POPART WOODEN PENCILS ASST"
15568.0,Potential Customers,"WORLD WAR 2 GLIDERS ASSTD DESIGNS, ASSORTED COLOUR BIRD ORNAMENT, ASSORTED COLOURS SILK FAN, GIRLS ALPHABET IRON ON PATCHES , POPART WOODEN PENCILS ASST"
15574.0,Loyal Customers,"SMALL CHINESE STYLE SCISSOR, BLACK AND WHITE PAISLEY FLOWER MUG, WHITE HANGING HEART T-LIGHT HOLDER, WORLD WAR 2 GLIDERS ASSTD DESIGNS, ASSORTED COLOUR BIRD ORNAMENT"
15575.0,At Risk Customers,"GIRLS ALPHABET IRON ON PATCHES , WHITE HANGING HEART T-LIGHT HOLDER, ASSTD DESIGN BUBBLE GUM RING, LUNCH BAG  BLACK SKULL., WORLD WAR 2 GLIDERS ASSTD DESIGNS"
15576.0,Potential Customers,"WORLD WAR 2 GLIDERS ASSTD DESIGNS, ASSORTED COLOUR BIRD ORNAMENT, ASSORTED COLOURS SILK FAN, GIRLS ALPHABET IRON ON PATCHES , POPART WOODEN PENCILS ASST"
15577.0,Potential Customers,"WORLD WAR 2 GLIDERS ASSTD DESIGNS, ASSORTED COLOUR BIRD ORNAMENT, ASSORTED COLOURS SILK FAN, GIRLS ALPHABET IRON ON PATCHES , POPART WOODEN PENCILS ASST"
15578.0,Potential Customers,"WORLD WAR 2 GLIDERS ASSTD DESIGNS, ASSORTED COLOUR BIRD ORNAMENT, ASSORTED COLOURS SILK FAN, GIRLS ALPHABET IRON ON PATCHES , POPART WOODEN PENCILS ASST"
15580.0,Loyal Customers,"SMALL CHINESE STYLE SCISSOR, BLACK AND WHITE PAISLEY FLOWER MUG, WHITE HANGING HEART T-LIGHT HOLDER, WORLD WAR 2 GLIDERS ASSTD DESIGNS, ASSORTED COLOUR BIRD ORNAMENT"
15581.0,Champions,"WORLD WAR 2 GLIDERS ASSTD DESIGNS, PAPER CRAFT , LITTLE BIRDIE, MEDIUM CERAMIC TOP STORAGE JAR, WHITE HANGING HEART T-LIGHT HOLDER, JUMBO BAG RED RETROSPOT"
15582.0,Potential Customers,"WORLD WAR 2 GLIDERS ASSTD DESIGNS, ASSORTED COLOUR BIRD ORNAMENT, ASSORTED COLOURS SILK FAN, GIRLS ALPHABET IRON ON PATCHES , POPART WOODEN PENCILS ASST"
15583.0,At Risk Customers,"GIRLS ALPHABET IRON ON PATCHES , WHITE HANGING HEART T-LIGHT HOLDER, ASSTD DESIGN BUBBLE GUM RING, LUNCH BAG  BLACK SKULL., WORLD WAR 2 GLIDERS ASSTD DESIGNS"
15585.0,Potential Customers,"WORLD WAR 2 GLIDERS ASSTD DESIGNS, ASSORTED COLOUR BIRD ORNAMENT, ASSORTED COLOURS SILK FAN, GIRLS ALPHABET IRON ON PATCHES , POPART WOODEN PENCILS ASST"
15586.0,At Risk Customers,"GIRLS ALPHABET IRON ON PATCHES , WHITE HANGING HEART T-LIGHT HOLDER, ASSTD DESIGN BUBBLE GUM RING, LUNCH BAG  BLACK SKULL., WORLD WAR 2 GLIDERS ASSTD DESIGNS"
15587.0,Loyal Customers,"SMALL CHINESE STYLE SCISSOR, BLACK AND WHITE PAISLEY FLOWER MUG, WHITE HANGING HEART T-LIGHT HOLDER, WORLD WAR 2 GLIDERS ASSTD DESIGNS, ASSORTED COLOUR BIRD ORNAMENT"
15588.0,At Risk Customers,"GIRLS ALPHABET IRON ON PATCHES , WHITE HANGING HEART T-LIGHT HOLDER, ASSTD DESIGN BUBBLE GUM RING, LUNCH BAG  BLACK SKULL., WORLD WAR 2 GLIDERS ASSTD DESIGNS"
15589.0,Potential Customers,"WORLD WAR 2 GLIDERS ASSTD DESIGNS, ASSORTED COLOUR BIRD ORNAMENT, ASSORTED COLOURS SILK FAN, GIRLS ALPHABET IRON ON PATCHES , POPART WOODEN PENCILS ASST"
15590.0,Loyal Customers,"SMALL CHINESE STYLE SCISSOR, BLACK AND WHITE PAISLEY FLOWER MUG, WHITE HANGING HEART T-LIGHT HOLDER, WORLD WAR 2 GLIDERS ASSTD DESIGNS, ASSORTED COLOUR BIRD ORNAMENT"
15591.0,At Risk Customers,"GIRLS ALPHABET IRON ON PATCHES , WHITE HANGING HEART T-LIGHT HOLDER, ASSTD DESIGN BUBBLE GUM RING, LUNCH BAG  BLACK SKULL., WORLD WAR 2 GLIDERS ASSTD DESIGNS"
15592.0,Potential Customers,"WORLD WAR 2 GLIDERS ASSTD DESIGNS, ASSORTED COLOUR BIRD ORNAMENT, ASSORTED COLOURS SILK FAN, GIRLS ALPHABET IRON ON PATCHES , POPART WOODEN PENCILS ASST"
15593.0,Potential Customers,"WORLD WAR 2 GLIDERS ASSTD DESIGNS, ASSORTED COLOUR BIRD ORNAMENT, ASSORTED COLOURS SILK FAN, GIRLS ALPHABET IRON ON PATCHES , POPART WOODEN PENCILS ASST"
15595.0,At Risk Customers,"GIRLS ALPHABET IRON ON PATCHES , WHITE HANGING HEART T-LIGHT HOLDER, ASSTD DESIGN BUBBLE GUM RING, LUNCH BAG  BLACK SKULL., WORLD WAR 2 GLIDERS ASSTD DESIGNS"
15600.0,At Risk Customers,"GIRLS ALPHABET IRON ON PATCHES , WHITE HANGING HEART T-LIGHT HOLDER, ASSTD DESIGN BUBBLE GUM RING, LUNCH BAG  BLACK SKULL., WORLD WAR 2 GLIDERS ASSTD DESIGNS"
15604.0,Potential Customers,"WORLD WAR 2 GLIDERS ASSTD DESIGNS, ASSORTED COLOUR BIRD ORNAMENT, ASSORTED COLOURS SILK FAN, GIRLS ALPHABET IRON ON PATCHES , POPART WOODEN PENCILS ASST"
15609.0,Potential Customers,"WORLD WAR 2 GLIDERS ASSTD DESIGNS, ASSORTED COLOUR BIRD ORNAMENT, ASSORTED COLOURS SILK FAN, GIRLS ALPHABET IRON ON PATCHES , POPART WOODEN PENCILS ASST"
15610.0,Potential Customers,"WORLD WAR 2 GLIDERS ASSTD DESIGNS, ASSORTED COLOUR BIRD ORNAMENT, ASSORTED COLOURS SILK FAN, GIRLS ALPHABET IRON ON PATCHES , POPART WOODEN PENCILS ASST"
15612.0,Potential Customers,"WORLD WAR 2 GLIDERS ASSTD DESIGNS, ASSORTED COLOUR BIRD ORNAMENT, ASSORTED COLOURS SILK FAN, GIRLS ALPHABET IRON ON PATCHES , POPART WOODEN PENCILS ASST"
15613.0,At Risk Customers,"GIRLS ALPHABET IRON ON PATCHES , WHITE HANGING HEART T-LIGHT HOLDER, ASSTD DESIGN BUBBLE GUM RING, LUNCH BAG  BLACK SKULL., WORLD WAR 2 GLIDERS ASSTD DESIGNS"
15614.0,Loyal Customers,"SMALL CHINESE STYLE SCISSOR, BLACK AND WHITE PAISLEY FLOWER MUG, WHITE HANGING HEART T-LIGHT HOLDER, WORLD WAR 2 GLIDERS ASSTD DESIGNS, ASSORTED COLOUR BIRD ORNAMENT"
15616.0,At Risk Customers,"GIRLS ALPHABET IRON ON PATCHES , WHITE HANGING HEART T-LIGHT HOLDER, ASSTD DESIGN BUBBLE GUM RING, LUNCH BAG  BLACK SKULL., WORLD WAR 2 GLIDERS ASSTD DESIGNS"
15617.0,At Risk Customers,"GIRLS ALPHABET IRON ON PATCHES , WHITE HANGING HEART T-LIGHT HOLDER, ASSTD DESIGN BUBBLE GUM RING, LUNCH BAG  BLACK SKULL., WORLD WAR 2 GLIDERS ASSTD DESIGNS"
15618.0,Loyal Customers,"SMALL CHINESE STYLE SCISSOR, BLACK AND WHITE PAISLEY FLOWER MUG, WHITE HANGING HEART T-LIGHT HOLDER, WORLD WAR 2 GLIDERS ASSTD DESIGNS, ASSORTED COLOUR BIRD ORNAMENT"
15619.0,Potential Customers,"WORLD WAR 2 GLIDERS ASSTD DESIGNS, ASSORTED COLOUR BIRD ORNAMENT, ASSORTED COLOURS SILK FAN, GIRLS ALPHABET IRON ON PATCHES , POPART WOODEN PENCILS ASST"
15623.0,Loyal Customers,"SMALL CHINESE STYLE SCISSOR, BLACK AND WHITE PAISLEY FLOWER MUG, WHITE HANGING HEART T-LIGHT HOLDER, WORLD WAR 2 GLIDERS ASSTD DESIGNS, ASSORTED COLOUR BIRD ORNAMENT"
15624.0,Potential Customers,"WORLD WAR 2 GLIDERS ASSTD DESIGNS, ASSORTED COLOUR BIRD ORNAMENT, ASSORTED COLOURS SILK FAN, GIRLS ALPHABET IRON ON PATCHES , POPART WOODEN PENCILS ASST"
15627.0,At Risk Customers,"GIRLS ALPHABET IRON ON PATCHES , WHITE HANGING HEART T-LIGHT HOLDER, ASSTD DESIGN BUBBLE GUM RING, LUNCH BAG  BLACK SKULL., WORLD WAR 2 GLIDERS ASSTD DESIGNS"
15629.0,At Risk Customers,"GIRLS ALPHABET IRON ON PATCHES , WHITE HANGING HEART T-LIGHT HOLDER, ASSTD DESIGN BUBBLE GUM RING, LUNCH BAG  BLACK SKULL., WORLD WAR 2 GLIDERS ASSTD DESIGNS"
15631.0,At Risk Customers,"GIRLS ALPHABET IRON ON PATCHES , WHITE HANGING HEART T-LIGHT HOLDER, ASSTD DESIGN BUBBLE GUM RING, LUNCH BAG  BLACK SKULL., WORLD WAR 2 GLIDERS ASSTD DESIGNS"
15635.0,At Risk Customers,"GIRLS ALPHABET IRON ON PATCHES , WHITE HANGING HEART T-LIGHT HOLDER, ASSTD DESIGN BUBBLE GUM RING, LUNCH BAG  BLACK SKULL., WORLD WAR 2 GLIDERS ASSTD DESIGNS"
15636.0,Loyal Customers,"SMALL CHINESE STYLE SCISSOR, BLACK AND WHITE PAISLEY FLOWER MUG, WHITE HANGING HEART T-LIGHT HOLDER, WORLD WAR 2 GLIDERS ASSTD DESIGNS, ASSORTED COLOUR BIRD ORNAMENT"
15638.0,Loyal Customers,"SMALL CHINESE STYLE SCISSOR, BLACK AND WHITE PAISLEY FLOWER MUG, WHITE HANGING HEART T-LIGHT HOLDER, WORLD WAR 2 GLIDERS ASSTD DESIGNS, ASSORTED COLOUR BIRD ORNAMENT"
15639.0,Loyal Customers,"SMALL CHINESE STYLE SCISSOR, BLACK AND WHITE PAISLEY FLOWER MUG, WHITE HANGING HEART T-LIGHT HOLDER, WORLD WAR 2 GLIDERS ASSTD DESIGNS, ASSORTED COLOUR BIRD ORNAMENT"
15641.0,Champions,"WORLD WAR 2 GLIDERS ASSTD DESIGNS, PAPER CRAFT , LITTLE BIRDIE, MEDIUM CERAMIC TOP STORAGE JAR, WHITE HANGING HEART T-LIGHT HOLDER, JUMBO BAG RED RETROSPOT"
15642.0,At Risk Customers,"GIRLS ALPHABET IRON ON PATCHES , WHITE HANGING HEART T-LIGHT HOLDER, ASSTD DESIGN BUBBLE GUM RING, LUNCH BAG  BLACK SKULL., WORLD WAR 2 GLIDERS ASSTD DESIGNS"
15643.0,Potential Customers,"WORLD WAR 2 GLIDERS ASSTD DESIGNS, ASSORTED COLOUR BIRD ORNAMENT, ASSORTED COLOURS SILK FAN, GIRLS ALPHABET IRON ON PATCHES , POPART WOODEN PENCILS ASST"
15644.0,Loyal Customers,"SMALL CHINESE STYLE SCISSOR, BLACK AND WHITE PAISLEY FLOWER MUG, WHITE HANGING HEART T-LIGHT HOLDER, WORLD WAR 2 GLIDERS ASSTD DESIGNS, ASSORTED COLOUR BIRD ORNAMENT"
15646.0,Loyal Customers,"SMALL CHINESE STYLE SCISSOR, BLACK AND WHITE PAISLEY FLOWER MUG, WHITE HANGING HEART T-LIGHT HOLDER, WORLD WAR 2 GLIDERS ASSTD DESIGNS, ASSORTED COLOUR BIRD ORNAMENT"
15647.0,At Risk Customers,"GIRLS ALPHABET IRON ON PATCHES , WHITE HANGING HEART T-LIGHT HOLDER, ASSTD DESIGN BUBBLE GUM RING, LUNCH BAG  BLACK SKULL., WORLD WAR 2 GLIDERS ASSTD DESIGNS"
15648.0,Potential Customers,"WORLD WAR 2 GLIDERS ASSTD DESIGNS, ASSORTED COLOUR BIRD ORNAMENT, ASSORTED COLOURS SILK FAN, GIRLS ALPHABET IRON ON PATCHES , POPART WOODEN PENCILS ASST"
15649.0,Loyal Customers,"SMALL CHINESE STYLE SCISSOR, BLACK AND WHITE PAISLEY FLOWER MUG, WHITE HANGING HEART T-LIGHT HOLDER, WORLD WAR 2 GLIDERS ASSTD DESIGNS, ASSORTED COLOUR BIRD ORNAMENT"
15650.0,At Risk Customers,"GIRLS ALPHABET IRON ON PATCHES , WHITE HANGING HEART T-LIGHT HOLDER, ASSTD DESIGN BUBBLE GUM RING, LUNCH BAG  BLACK SKULL., WORLD WAR 2 GLIDERS ASSTD DESIGNS"
15652.0,Loyal Customers,"SMALL CHINESE STYLE SCISSOR, BLACK AND WHITE PAISLEY FLOWER MUG, WHITE HANGING HEART T-LIGHT HOLDER, WORLD WAR 2 GLIDERS ASSTD DESIGNS, ASSORTED COLOUR BIRD ORNAMENT"
15653.0,Potential Customers,"WORLD WAR 2 GLIDERS ASSTD DESIGNS, ASSORTED COLOUR BIRD ORNAMENT, ASSORTED COLOURS SILK FAN, GIRLS ALPHABET IRON ON PATCHES , POPART WOODEN PENCILS ASST"
15655.0,Potential Customers,"WORLD WAR 2 GLIDERS ASSTD DESIGNS, ASSORTED COLOUR BIRD ORNAMENT, ASSORTED COLOURS SILK FAN, GIRLS ALPHABET IRON ON PATCHES , POPART WOODEN PENCILS ASST"
15656.0,Loyal Customers,"SMALL CHINESE STYLE SCISSOR, BLACK AND WHITE PAISLEY FLOWER MUG, WHITE HANGING HEART T-LIGHT HOLDER, WORLD WAR 2 GLIDERS ASSTD DESIGNS, ASSORTED COLOUR BIRD ORNAMENT"
15657.0,Potential Customers,"WORLD WAR 2 GLIDERS ASSTD DESIGNS, ASSORTED COLOUR BIRD ORNAMENT, ASSORTED COLOURS SILK FAN, GIRLS ALPHABET IRON ON PATCHES , POPART WOODEN PENCILS ASST"
15658.0,Loyal Customers,"SMALL CHINESE STYLE SCISSOR, BLACK AND WHITE PAISLEY FLOWER MUG, WHITE HANGING HEART T-LIGHT HOLDER, WORLD WAR 2 GLIDERS ASSTD DESIGNS, ASSORTED COLOUR BIRD ORNAMENT"
15661.0,Loyal Customers,"SMALL CHINESE STYLE SCISSOR, BLACK AND WHITE PAISLEY FLOWER MUG, WHITE HANGING HEART T-LIGHT HOLDER, WORLD WAR 2 GLIDERS ASSTD DESIGNS, ASSORTED COLOUR BIRD ORNAMENT"
15662.0,At Risk Customers,"GIRLS ALPHABET IRON ON PATCHES , WHITE HANGING HEART T-LIGHT HOLDER, ASSTD DESIGN BUBBLE GUM RING, LUNCH BAG  BLACK SKULL., WORLD WAR 2 GLIDERS ASSTD DESIGNS"
15663.0,Potential Customers,"WORLD WAR 2 GLIDERS ASSTD DESIGNS, ASSORTED COLOUR BIRD ORNAMENT, ASSORTED COLOURS SILK FAN, GIRLS ALPHABET IRON ON PATCHES , POPART WOODEN PENCILS ASST"
15665.0,Loyal Customers,"SMALL CHINESE STYLE SCISSOR, BLACK AND WHITE PAISLEY FLOWER MUG, WHITE HANGING HEART T-LIGHT HOLDER, WORLD WAR 2 GLIDERS ASSTD DESIGNS, ASSORTED COLOUR BIRD ORNAMENT"
15667.0,Potential Customers,"WORLD WAR 2 GLIDERS ASSTD DESIGNS, ASSORTED COLOUR BIRD ORNAMENT, ASSORTED COLOURS SILK FAN, GIRLS ALPHABET IRON ON PATCHES , POPART WOODEN PENCILS ASST"
15668.0,Potential Customers,"WORLD WAR 2 GLIDERS ASSTD DESIGNS, ASSORTED COLOUR BIRD ORNAMENT, ASSORTED COLOURS SILK FAN, GIRLS ALPHABET IRON ON PATCHES , POPART WOODEN PENCILS ASST"
15669.0,Loyal Customers,"SMALL CHINESE STYLE SCISSOR, BLACK AND WHITE PAISLEY FLOWER MUG, WHITE HANGING HEART T-LIGHT HOLDER, WORLD WAR 2 GLIDERS ASSTD DESIGNS, ASSORTED COLOUR BIRD ORNAMENT"
15670.0,Potential Customers,"WORLD WAR 2 GLIDERS ASSTD DESIGNS, ASSORTED COLOUR BIRD ORNAMENT, ASSORTED COLOURS SILK FAN, GIRLS ALPHABET IRON ON PATCHES , POPART WOODEN PENCILS ASST"
15672.0,At Risk Customers,"GIRLS ALPHABET IRON ON PATCHES , WHITE HANGING HEART T-LIGHT HOLDER, ASSTD DESIGN BUBBLE GUM RING, LUNCH BAG  BLACK SKULL., WORLD WAR 2 GLIDERS ASSTD DESIGNS"
15675.0,Potential Customers,"WORLD WAR 2 GLIDERS ASSTD DESIGNS, ASSORTED COLOUR BIRD ORNAMENT, ASSORTED COLOURS SILK FAN, GIRLS ALPHABET IRON ON PATCHES , POPART WOODEN PENCILS ASST"
15677.0,Loyal Customers,"SMALL CHINESE STYLE SCISSOR, BLACK AND WHITE PAISLEY FLOWER MUG, WHITE HANGING HEART T-LIGHT HOLDER, WORLD WAR 2 GLIDERS ASSTD DESIGNS, ASSORTED COLOUR BIRD ORNAMENT"
15678.0,Loyal Customers,"SMALL CHINESE STYLE SCISSOR, BLACK AND WHITE PAISLEY FLOWER MUG, WHITE HANGING HEART T-LIGHT HOLDER, WORLD WAR 2 GLIDERS ASSTD DESIGNS, ASSORTED COLOUR BIRD ORNAMENT"
15682.0,At Risk Customers,"GIRLS ALPHABET IRON ON PATCHES , WHITE HANGING HEART T-LIGHT HOLDER, ASSTD DESIGN BUBBLE GUM RING, LUNCH BAG  BLACK SKULL., WORLD WAR 2 GLIDERS ASSTD DESIGNS"
15683.0,Potential Customers,"WORLD WAR 2 GLIDERS ASSTD DESIGNS, ASSORTED COLOUR BIRD ORNAMENT, ASSORTED COLOURS SILK FAN, GIRLS ALPHABET IRON ON PATCHES , POPART WOODEN PENCILS ASST"
15684.0,At Risk Customers,"GIRLS ALPHABET IRON ON PATCHES , WHITE HANGING HEART T-LIGHT HOLDER, ASSTD DESIGN BUBBLE GUM RING, LUNCH BAG  BLACK SKULL., WORLD WAR 2 GLIDERS ASSTD DESIGNS"
15685.0,At Risk Customers,"GIRLS ALPHABET IRON ON PATCHES , WHITE HANGING HEART T-LIGHT HOLDER, ASSTD DESIGN BUBBLE GUM RING, LUNCH BAG  BLACK SKULL., WORLD WAR 2 GLIDERS ASSTD DESIGNS"
15686.0,At Risk Customers,"GIRLS ALPHABET IRON ON PATCHES , WHITE HANGING HEART T-LIGHT HOLDER, ASSTD DESIGN BUBBLE GUM RING, LUNCH BAG  BLACK SKULL., WORLD WAR 2 GLIDERS ASSTD DESIGNS"
15688.0,At Risk Customers,"GIRLS ALPHABET IRON ON PATCHES , WHITE HANGING HEART T-LIGHT HOLDER, ASSTD DESIGN BUBBLE GUM RING, LUNCH BAG  BLACK SKULL., WORLD WAR 2 GLIDERS ASSTD DESIGNS"
15689.0,Potential Customers,"WORLD WAR 2 GLIDERS ASSTD DESIGNS, ASSORTED COLOUR BIRD ORNAMENT, ASSORTED COLOURS SILK FAN, GIRLS ALPHABET IRON ON PATCHES , POPART WOODEN PENCILS ASST"
15690.0,Potential Customers,"WORLD WAR 2 GLIDERS ASSTD DESIGNS, ASSORTED COLOUR BIRD ORNAMENT, ASSORTED COLOURS SILK FAN, GIRLS ALPHABET IRON ON PATCHES , POPART WOODEN PENCILS ASST"
15691.0,Potential Customers,"WORLD WAR 2 GLIDERS ASSTD DESIGNS, ASSORTED COLOUR BIRD ORNAMENT, ASSORTED COLOURS SILK FAN, GIRLS ALPHABET IRON ON PATCHES , POPART WOODEN PENCILS ASST"
15692.0,Potential Customers,"WORLD WAR 2 GLIDERS ASSTD DESIGNS, ASSORTED COLOUR BIRD ORNAMENT, ASSORTED COLOURS SILK FAN, GIRLS ALPHABET IRON ON PATCHES , POPART WOODEN PENCILS ASST"
15693.0,At Risk Customers,"GIRLS ALPHABET IRON ON PATCHES , WHITE HANGING HEART T-LIGHT HOLDER, ASSTD DESIGN BUBBLE GUM RING, LUNCH BAG  BLACK SKULL., WORLD WAR 2 GLIDERS ASSTD DESIGNS"
15695.0,Loyal Customers,"SMALL CHINESE STYLE SCISSOR, BLACK AND WHITE PAISLEY FLOWER MUG, WHITE HANGING HEART T-LIGHT HOLDER, WORLD WAR 2 GLIDERS ASSTD DESIGNS, ASSORTED COLOUR BIRD ORNAMENT"
15697.0,At Risk Customers,"GIRLS ALPHABET IRON ON PATCHES , WHITE HANGING HEART T-LIGHT HOLDER, ASSTD DESIGN BUBBLE GUM RING, LUNCH BAG  BLACK SKULL., WORLD WAR 2 GLIDERS ASSTD DESIGNS"
15698.0,At Risk Customers,"GIRLS ALPHABET IRON ON PATCHES , WHITE HANGING HEART T-LIGHT HOLDER, ASSTD DESIGN BUBBLE GUM RING, LUNCH BAG  BLACK SKULL., WORLD WAR 2 GLIDERS ASSTD DESIGNS"
15699.0,Potential Customers,"WORLD WAR 2 GLIDERS ASSTD DESIGNS, ASSORTED COLOUR BIRD ORNAMENT, ASSORTED COLOURS SILK FAN, GIRLS ALPHABET IRON ON PATCHES , POPART WOODEN PENCILS ASST"
15700.0,Potential Customers,"WORLD WAR 2 GLIDERS ASSTD DESIGNS, ASSORTED COLOUR BIRD ORNAMENT, ASSORTED COLOURS SILK FAN, GIRLS ALPHABET IRON ON PATCHES , POPART WOODEN PENCILS ASST"
15702.0,At Risk Customers,"GIRLS ALPHABET IRON ON PATCHES , WHITE HANGING HEART T-LIGHT HOLDER, ASSTD DESIGN BUBBLE GUM RING, LUNCH BAG  BLACK SKULL., WORLD WAR 2 GLIDERS ASSTD DESIGNS"
15703.0,Potential Customers,"WORLD WAR 2 GLIDERS ASSTD DESIGNS, ASSORTED COLOUR BIRD ORNAMENT, ASSORTED COLOURS SILK FAN, GIRLS ALPHABET IRON ON PATCHES , POPART WOODEN PENCILS ASST"
15704.0,Loyal Customers,"SMALL CHINESE STYLE SCISSOR, BLACK AND WHITE PAISLEY FLOWER MUG, WHITE HANGING HEART T-LIGHT HOLDER, WORLD WAR 2 GLIDERS ASSTD DESIGNS, ASSORTED COLOUR BIRD ORNAMENT"
15705.0,Potential Customers,"WORLD WAR 2 GLIDERS ASSTD DESIGNS, ASSORTED COLOUR BIRD ORNAMENT, ASSORTED COLOURS SILK FAN, GIRLS ALPHABET IRON ON PATCHES , POPART WOODEN PENCILS ASST"
15709.0,Potential Customers,"WORLD WAR 2 GLIDERS ASSTD DESIGNS, ASSORTED COLOUR BIRD ORNAMENT, ASSORTED COLOURS SILK FAN, GIRLS ALPHABET IRON ON PATCHES , POPART WOODEN PENCILS ASST"
15710.0,At Risk Customers,"GIRLS ALPHABET IRON ON PATCHES , WHITE HANGING HEART T-LIGHT HOLDER, ASSTD DESIGN BUBBLE GUM RING, LUNCH BAG  BLACK SKULL., WORLD WAR 2 GLIDERS ASSTD DESIGNS"
15711.0,At Risk Customers,"GIRLS ALPHABET IRON ON PATCHES , WHITE HANGING HEART T-LIGHT HOLDER, ASSTD DESIGN BUBBLE GUM RING, LUNCH BAG  BLACK SKULL., WORLD WAR 2 GLIDERS ASSTD DESIGNS"
15715.0,At Risk Customers,"GIRLS ALPHABET IRON ON PATCHES , WHITE HANGING HEART T-LIGHT HOLDER, ASSTD DESIGN BUBBLE GUM RING, LUNCH BAG  BLACK SKULL., WORLD WAR 2 GLIDERS ASSTD DESIGNS"
15716.0,Loyal Customers,"SMALL CHINESE STYLE SCISSOR, BLACK AND WHITE PAISLEY FLOWER MUG, WHITE HANGING HEART T-LIGHT HOLDER, WORLD WAR 2 GLIDERS ASSTD DESIGNS, ASSORTED COLOUR BIRD ORNAMENT"
15717.0,Loyal Customers,"SMALL CHINESE STYLE SCISSOR, BLACK AND WHITE PAISLEY FLOWER MUG, WHITE HANGING HEART T-LIGHT HOLDER, WORLD WAR 2 GLIDERS ASSTD DESIGNS, ASSORTED COLOUR BIRD ORNAMENT"
15718.0,At Risk Customers,"GIRLS ALPHABET IRON ON PATCHES , WHITE HANGING HEART T-LIGHT HOLDER, ASSTD DESIGN BUBBLE GUM RING, LUNCH BAG  BLACK SKULL., WORLD WAR 2 GLIDERS ASSTD DESIGNS"
15723.0,At Risk Customers,"GIRLS ALPHABET IRON ON PATCHES , WHITE HANGING HEART T-LIGHT HOLDER, ASSTD DESIGN BUBBLE GUM RING, LUNCH BAG  BLACK SKULL., WORLD WAR 2 GLIDERS ASSTD DESIGNS"
15724.0,Potential Customers,"WORLD WAR 2 GLIDERS ASSTD DESIGNS, ASSORTED COLOUR BIRD ORNAMENT, ASSORTED COLOURS SILK FAN, GIRLS ALPHABET IRON ON PATCHES , POPART WOODEN PENCILS ASST"
15725.0,Potential Customers,"WORLD WAR 2 GLIDERS ASSTD DESIGNS, ASSORTED COLOUR BIRD ORNAMENT, ASSORTED COLOURS SILK FAN, GIRLS ALPHABET IRON ON PATCHES , POPART WOODEN PENCILS ASST"
15726.0,At Risk Customers,"GIRLS ALPHABET IRON ON PATCHES , WHITE HANGING HEART T-LIGHT HOLDER, ASSTD DESIGN BUBBLE GUM RING, LUNCH BAG  BLACK SKULL., WORLD WAR 2 GLIDERS ASSTD DESIGNS"
15728.0,At Risk Customers,"GIRLS ALPHABET IRON ON PATCHES , WHITE HANGING HEART T-LIGHT HOLDER, ASSTD DESIGN BUBBLE GUM RING, LUNCH BAG  BLACK SKULL., WORLD WAR 2 GLIDERS ASSTD DESIGNS"
15729.0,Potential Customers,"WORLD WAR 2 GLIDERS ASSTD DESIGNS, ASSORTED COLOUR BIRD ORNAMENT, ASSORTED COLOURS SILK FAN, GIRLS ALPHABET IRON ON PATCHES , POPART WOODEN PENCILS ASST"
15731.0,At Risk Customers,"GIRLS ALPHABET IRON ON PATCHES , WHITE HANGING HEART T-LIGHT HOLDER, ASSTD DESIGN BUBBLE GUM RING, LUNCH BAG  BLACK SKULL., WORLD WAR 2 GLIDERS ASSTD DESIGNS"
15732.0,Loyal Customers,"SMALL CHINESE STYLE SCISSOR, BLACK AND WHITE PAISLEY FLOWER MUG, WHITE HANGING HEART T-LIGHT HOLDER, WORLD WAR 2 GLIDERS ASSTD DESIGNS, ASSORTED COLOUR BIRD ORNAMENT"
15733.0,Potential Customers,"WORLD WAR 2 GLIDERS ASSTD DESIGNS, ASSORTED COLOUR BIRD ORNAMENT, ASSORTED COLOURS SILK FAN, GIRLS ALPHABET IRON ON PATCHES , POPART WOODEN PENCILS ASST"
15734.0,Loyal Customers,"SMALL CHINESE STYLE SCISSOR, BLACK AND WHITE PAISLEY FLOWER MUG, WHITE HANGING HEART T-LIGHT HOLDER, WORLD WAR 2 GLIDERS ASSTD DESIGNS, ASSORTED COLOUR BIRD ORNAMENT"
15735.0,At Risk Customers,"GIRLS ALPHABET IRON ON PATCHES , WHITE HANGING HEART T-LIGHT HOLDER, ASSTD DESIGN BUBBLE GUM RING, LUNCH BAG  BLACK SKULL., WORLD WAR 2 GLIDERS ASSTD DESIGNS"
15736.0,At Risk Customers,"GIRLS ALPHABET IRON ON PATCHES , WHITE HANGING HEART T-LIGHT HOLDER, ASSTD DESIGN BUBBLE GUM RING, LUNCH BAG  BLACK SKULL., WORLD WAR 2 GLIDERS ASSTD DESIGNS"
15737.0,Loyal Customers,"SMALL CHINESE STYLE SCISSOR, BLACK AND WHITE PAISLEY FLOWER MUG, WHITE HANGING HEART T-LIGHT HOLDER, WORLD WAR 2 GLIDERS ASSTD DESIGNS, ASSORTED COLOUR BIRD ORNAMENT"
15739.0,Potential Customers,"WORLD WAR 2 GLIDERS ASSTD DESIGNS, ASSORTED COLOUR BIRD ORNAMENT, ASSORTED COLOURS SILK FAN, GIRLS ALPHABET IRON ON PATCHES , POPART WOODEN PENCILS ASST"
15740.0,Potential Customers,"WORLD WAR 2 GLIDERS ASSTD DESIGNS, ASSORTED COLOUR BIRD ORNAMENT, ASSORTED COLOURS SILK FAN, GIRLS ALPHABET IRON ON PATCHES , POPART WOODEN PENCILS ASST"
15741.0,At Risk Customers,"GIRLS ALPHABET IRON ON PATCHES , WHITE HANGING HEART T-LIGHT HOLDER, ASSTD DESIGN BUBBLE GUM RING, LUNCH BAG  BLACK SKULL., WORLD WAR 2 GLIDERS ASSTD DESIGNS"
15742.0,At Risk Customers,"GIRLS ALPHABET IRON ON PATCHES , WHITE HANGING HEART T-LIGHT HOLDER, ASSTD DESIGN BUBBLE GUM RING, LUNCH BAG  BLACK SKULL., WORLD WAR 2 GLIDERS ASSTD DESIGNS"
15743.0,Loyal Customers,"SMALL CHINESE STYLE SCISSOR, BLACK AND WHITE PAISLEY FLOWER MUG, WHITE HANGING HEART T-LIGHT HOLDER, WORLD WAR 2 GLIDERS ASSTD DESIGNS, ASSORTED COLOUR BIRD ORNAMENT"
15744.0,Potential Customers,"WORLD WAR 2 GLIDERS ASSTD DESIGNS, ASSORTED COLOUR BIRD ORNAMENT, ASSORTED COLOURS SILK FAN, GIRLS ALPHABET IRON ON PATCHES , POPART WOODEN PENCILS ASST"
15745.0,Loyal Customers,"SMALL CHINESE STYLE SCISSOR, BLACK AND WHITE PAISLEY FLOWER MUG, WHITE HANGING HEART T-LIGHT HOLDER, WORLD WAR 2 GLIDERS ASSTD DESIGNS, ASSORTED COLOUR BIRD ORNAMENT"
15746.0,Potential Customers,"WORLD WAR 2 GLIDERS ASSTD DESIGNS, ASSORTED COLOUR BIRD ORNAMENT, ASSORTED COLOURS SILK FAN, GIRLS ALPHABET IRON ON PATCHES , POPART WOODEN PENCILS ASST"
15749.0,Loyal Customers,"SMALL CHINESE STYLE SCISSOR, BLACK AND WHITE PAISLEY FLOWER MUG, WHITE HANGING HEART T-LIGHT HOLDER, WORLD WAR 2 GLIDERS ASSTD DESIGNS, ASSORTED COLOUR BIRD ORNAMENT"
15751.0,Loyal Customers,"SMALL CHINESE STYLE SCISSOR, BLACK AND WHITE PAISLEY FLOWER MUG, WHITE HANGING HEART T-LIGHT HOLDER, WORLD WAR 2 GLIDERS ASSTD DESIGNS, ASSORTED COLOUR BIRD ORNAMENT"
15753.0,At Risk Customers,"GIRLS ALPHABET IRON ON PATCHES , WHITE HANGING HEART T-LIGHT HOLDER, ASSTD DESIGN BUBBLE GUM RING, LUNCH BAG  BLACK SKULL., WORLD WAR 2 GLIDERS ASSTD DESIGNS"
15758.0,Potential Customers,"WORLD WAR 2 GLIDERS ASSTD DESIGNS, ASSORTED COLOUR BIRD ORNAMENT, ASSORTED COLOURS SILK FAN, GIRLS ALPHABET IRON ON PATCHES , POPART WOODEN PENCILS ASST"
15759.0,Loyal Customers,"SMALL CHINESE STYLE SCISSOR, BLACK AND WHITE PAISLEY FLOWER MUG, WHITE HANGING HEART T-LIGHT HOLDER, WORLD WAR 2 GLIDERS ASSTD DESIGNS, ASSORTED COLOUR BIRD ORNAMENT"
15760.0,At Risk Customers,"GIRLS ALPHABET IRON ON PATCHES , WHITE HANGING HEART T-LIGHT HOLDER, ASSTD DESIGN BUBBLE GUM RING, LUNCH BAG  BLACK SKULL., WORLD WAR 2 GLIDERS ASSTD DESIGNS"
15761.0,At Risk Customers,"GIRLS ALPHABET IRON ON PATCHES , WHITE HANGING HEART T-LIGHT HOLDER, ASSTD DESIGN BUBBLE GUM RING, LUNCH BAG  BLACK SKULL., WORLD WAR 2 GLIDERS ASSTD DESIGNS"
15762.0,Potential Customers,"WORLD WAR 2 GLIDERS ASSTD DESIGNS, ASSORTED COLOUR BIRD ORNAMENT, ASSORTED COLOURS SILK FAN, GIRLS ALPHABET IRON ON PATCHES , POPART WOODEN PENCILS ASST"
15765.0,At Risk Customers,"GIRLS ALPHABET IRON ON PATCHES , WHITE HANGING HEART T-LIGHT HOLDER, ASSTD DESIGN BUBBLE GUM RING, LUNCH BAG  BLACK SKULL., WORLD WAR 2 GLIDERS ASSTD DESIGNS"
15768.0,Champions,"WORLD WAR 2 GLIDERS ASSTD DESIGNS, PAPER CRAFT , LITTLE BIRDIE, MEDIUM CERAMIC TOP STORAGE JAR, WHITE HANGING HEART T-LIGHT HOLDER, JUMBO BAG RED RETROSPOT"
15770.0,At Risk Customers,"GIRLS ALPHABET IRON ON PATCHES , WHITE HANGING HEART T-LIGHT HOLDER, ASSTD DESIGN BUBBLE GUM RING, LUNCH BAG  BLACK SKULL., WORLD WAR 2 GLIDERS ASSTD DESIGNS"
15771.0,At Risk Customers,"GIRLS ALPHABET IRON ON PATCHES , WHITE HANGING HEART T-LIGHT HOLDER, ASSTD DESIGN BUBBLE GUM RING, LUNCH BAG  BLACK SKULL., WORLD WAR 2 GLIDERS ASSTD DESIGNS"
15772.0,At Risk Customers,"GIRLS ALPHABET IRON ON PATCHES , WHITE HANGING HEART T-LIGHT HOLDER, ASSTD DESIGN BUBBLE GUM RING, LUNCH BAG  BLACK SKULL., WORLD WAR 2 GLIDERS ASSTD DESIGNS"
15775.0,Potential Customers,"WORLD WAR 2 GLIDERS ASSTD DESIGNS, ASSORTED COLOUR BIRD ORNAMENT, ASSORTED COLOURS SILK FAN, GIRLS ALPHABET IRON ON PATCHES , POPART WOODEN PENCILS ASST"
15776.0,Potential Customers,"WORLD WAR 2 GLIDERS ASSTD DESIGNS, ASSORTED COLOUR BIRD ORNAMENT, ASSORTED COLOURS SILK FAN, GIRLS ALPHABET IRON ON PATCHES , POPART WOODEN PENCILS ASST"
15777.0,Loyal Customers,"SMALL CHINESE STYLE SCISSOR, BLACK AND WHITE PAISLEY FLOWER MUG, WHITE HANGING HEART T-LIGHT HOLDER, WORLD WAR 2 GLIDERS ASSTD DESIGNS, ASSORTED COLOUR BIRD ORNAMENT"
15778.0,At Risk Customers,"GIRLS ALPHABET IRON ON PATCHES , WHITE HANGING HEART T-LIGHT HOLDER, ASSTD DESIGN BUBBLE GUM RING, LUNCH BAG  BLACK SKULL., WORLD WAR 2 GLIDERS ASSTD DESIGNS"
15779.0,At Risk Customers,"GIRLS ALPHABET IRON ON PATCHES , WHITE HANGING HEART T-LIGHT HOLDER, ASSTD DESIGN BUBBLE GUM RING, LUNCH BAG  BLACK SKULL., WORLD WAR 2 GLIDERS ASSTD DESIGNS"
15780.0,Potential Customers,"WORLD WAR 2 GLIDERS ASSTD DESIGNS, ASSORTED COLOUR BIRD ORNAMENT, ASSORTED COLOURS SILK FAN, GIRLS ALPHABET IRON ON PATCHES , POPART WOODEN PENCILS ASST"
15781.0,Potential Customers,"WORLD WAR 2 GLIDERS ASSTD DESIGNS, ASSORTED COLOUR BIRD ORNAMENT, ASSORTED COLOURS SILK FAN, GIRLS ALPHABET IRON ON PATCHES , POPART WOODEN PENCILS ASST"
15783.0,Potential Customers,"WORLD WAR 2 GLIDERS ASSTD DESIGNS, ASSORTED COLOUR BIRD ORNAMENT, ASSORTED COLOURS SILK FAN, GIRLS ALPHABET IRON ON PATCHES , POPART WOODEN PENCILS ASST"
15784.0,At Risk Customers,"GIRLS ALPHABET IRON ON PATCHES , WHITE HANGING HEART T-LIGHT HOLDER, ASSTD DESIGN BUBBLE GUM RING, LUNCH BAG  BLACK SKULL., WORLD WAR 2 GLIDERS ASSTD DESIGNS"
15788.0,At Risk Customers,"GIRLS ALPHABET IRON ON PATCHES , WHITE HANGING HEART T-LIGHT HOLDER, ASSTD DESIGN BUBBLE GUM RING, LUNCH BAG  BLACK SKULL., WORLD WAR 2 GLIDERS ASSTD DESIGNS"
15789.0,Loyal Customers,"SMALL CHINESE STYLE SCISSOR, BLACK AND WHITE PAISLEY FLOWER MUG, WHITE HANGING HEART T-LIGHT HOLDER, WORLD WAR 2 GLIDERS ASSTD DESIGNS, ASSORTED COLOUR BIRD ORNAMENT"
15790.0,Potential Customers,"WORLD WAR 2 GLIDERS ASSTD DESIGNS, ASSORTED COLOUR BIRD ORNAMENT, ASSORTED COLOURS SILK FAN, GIRLS ALPHABET IRON ON PATCHES , POPART WOODEN PENCILS ASST"
15792.0,At Risk Customers,"GIRLS ALPHABET IRON ON PATCHES , WHITE HANGING HEART T-LIGHT HOLDER, ASSTD DESIGN BUBBLE GUM RING, LUNCH BAG  BLACK SKULL., WORLD WAR 2 GLIDERS ASSTD DESIGNS"
15794.0,At Risk Customers,"GIRLS ALPHABET IRON ON PATCHES , WHITE HANGING HEART T-LIGHT HOLDER, ASSTD DESIGN BUBBLE GUM RING, LUNCH BAG  BLACK SKULL., WORLD WAR 2 GLIDERS ASSTD DESIGNS"
15797.0,Loyal Customers,"SMALL CHINESE STYLE SCISSOR, BLACK AND WHITE PAISLEY FLOWER MUG, WHITE HANGING HEART T-LIGHT HOLDER, WORLD WAR 2 GLIDERS ASSTD DESIGNS, ASSORTED COLOUR BIRD ORNAMENT"
15798.0,At Risk Customers,"GIRLS ALPHABET IRON ON PATCHES , WHITE HANGING HEART T-LIGHT HOLDER, ASSTD DESIGN BUBBLE GUM RING, LUNCH BAG  BLACK SKULL., WORLD WAR 2 GLIDERS ASSTD DESIGNS"
15800.0,Loyal Customers,"SMALL CHINESE STYLE SCISSOR, BLACK AND WHITE PAISLEY FLOWER MUG, WHITE HANGING HEART T-LIGHT HOLDER, WORLD WAR 2 GLIDERS ASSTD DESIGNS, ASSORTED COLOUR BIRD ORNAMENT"
15802.0,Potential Customers,"WORLD WAR 2 GLIDERS ASSTD DESIGNS, ASSORTED COLOUR BIRD ORNAMENT, ASSORTED COLOURS SILK FAN, GIRLS ALPHABET IRON ON PATCHES , POPART WOODEN PENCILS ASST"
15806.0,Potential Customers,"WORLD WAR 2 GLIDERS ASSTD DESIGNS, ASSORTED COLOUR BIRD ORNAMENT, ASSORTED COLOURS SILK FAN, GIRLS ALPHABET IRON ON PATCHES , POPART WOODEN PENCILS ASST"
15813.0,Potential Customers,"WORLD WAR 2 GLIDERS ASSTD DESIGNS, ASSORTED COLOUR BIRD ORNAMENT, ASSORTED COLOURS SILK FAN, GIRLS ALPHABET IRON ON PATCHES , POPART WOODEN PENCILS ASST"
15815.0,Loyal Customers,"SMALL CHINESE STYLE SCISSOR, BLACK AND WHITE PAISLEY FLOWER MUG, WHITE HANGING HEART T-LIGHT HOLDER, WORLD WAR 2 GLIDERS ASSTD DESIGNS, ASSORTED COLOUR BIRD ORNAMENT"
15816.0,At Risk Customers,"GIRLS ALPHABET IRON ON PATCHES , WHITE HANGING HEART T-LIGHT HOLDER, ASSTD DESIGN BUBBLE GUM RING, LUNCH BAG  BLACK SKULL., WORLD WAR 2 GLIDERS ASSTD DESIGNS"
15817.0,At Risk Customers,"GIRLS ALPHABET IRON ON PATCHES , WHITE HANGING HEART T-LIGHT HOLDER, ASSTD DESIGN BUBBLE GUM RING, LUNCH BAG  BLACK SKULL., WORLD WAR 2 GLIDERS ASSTD DESIGNS"
15818.0,At Risk Customers,"GIRLS ALPHABET IRON ON PATCHES , WHITE HANGING HEART T-LIGHT HOLDER, ASSTD DESIGN BUBBLE GUM RING, LUNCH BAG  BLACK SKULL., WORLD WAR 2 GLIDERS ASSTD DESIGNS"
15820.0,At Risk Customers,"GIRLS ALPHABET IRON ON PATCHES , WHITE HANGING HEART T-LIGHT HOLDER, ASSTD DESIGN BUBBLE GUM RING, LUNCH BAG  BLACK SKULL., WORLD WAR 2 GLIDERS ASSTD DESIGNS"
15821.0,Potential Customers,"WORLD WAR 2 GLIDERS ASSTD DESIGNS, ASSORTED COLOUR BIRD ORNAMENT, ASSORTED COLOURS SILK FAN, GIRLS ALPHABET IRON ON PATCHES , POPART WOODEN PENCILS ASST"
15823.0,Loyal Customers,"SMALL CHINESE STYLE SCISSOR, BLACK AND WHITE PAISLEY FLOWER MUG, WHITE HANGING HEART T-LIGHT HOLDER, WORLD WAR 2 GLIDERS ASSTD DESIGNS, ASSORTED COLOUR BIRD ORNAMENT"
15824.0,At Risk Customers,"GIRLS ALPHABET IRON ON PATCHES , WHITE HANGING HEART T-LIGHT HOLDER, ASSTD DESIGN BUBBLE GUM RING, LUNCH BAG  BLACK SKULL., WORLD WAR 2 GLIDERS ASSTD DESIGNS"
15825.0,Potential Customers,"WORLD WAR 2 GLIDERS ASSTD DESIGNS, ASSORTED COLOUR BIRD ORNAMENT, ASSORTED COLOURS SILK FAN, GIRLS ALPHABET IRON ON PATCHES , POPART WOODEN PENCILS ASST"
15828.0,At Risk Customers,"GIRLS ALPHABET IRON ON PATCHES , WHITE HANGING HEART T-LIGHT HOLDER, ASSTD DESIGN BUBBLE GUM RING, LUNCH BAG  BLACK SKULL., WORLD WAR 2 GLIDERS ASSTD DESIGNS"
15829.0,Potential Customers,"WORLD WAR 2 GLIDERS ASSTD DESIGNS, ASSORTED COLOUR BIRD ORNAMENT, ASSORTED COLOURS SILK FAN, GIRLS ALPHABET IRON ON PATCHES , POPART WOODEN PENCILS ASST"
15830.0,Potential Customers,"WORLD WAR 2 GLIDERS ASSTD DESIGNS, ASSORTED COLOUR BIRD ORNAMENT, ASSORTED COLOURS SILK FAN, GIRLS ALPHABET IRON ON PATCHES , POPART WOODEN PENCILS ASST"
15832.0,Potential Customers,"WORLD WAR 2 GLIDERS ASSTD DESIGNS, ASSORTED COLOUR BIRD ORNAMENT, ASSORTED COLOURS SILK FAN, GIRLS ALPHABET IRON ON PATCHES , POPART WOODEN PENCILS ASST"
15833.0,At Risk Customers,"GIRLS ALPHABET IRON ON PATCHES , WHITE HANGING HEART T-LIGHT HOLDER, ASSTD DESIGN BUBBLE GUM RING, LUNCH BAG  BLACK SKULL., WORLD WAR 2 GLIDERS ASSTD DESIGNS"
15835.0,Loyal Customers,"SMALL CHINESE STYLE SCISSOR, BLACK AND WHITE PAISLEY FLOWER MUG, WHITE HANGING HEART T-LIGHT HOLDER, WORLD WAR 2 GLIDERS ASSTD DESIGNS, ASSORTED COLOUR BIRD ORNAMENT"
15836.0,Potential Customers,"WORLD WAR 2 GLIDERS ASSTD DESIGNS, ASSORTED COLOUR BIRD ORNAMENT, ASSORTED COLOURS SILK FAN, GIRLS ALPHABET IRON ON PATCHES , POPART WOODEN PENCILS ASST"
15839.0,Loyal Customers,"SMALL CHINESE STYLE SCISSOR, BLACK AND WHITE PAISLEY FLOWER MUG, WHITE HANGING HEART T-LIGHT HOLDER, WORLD WAR 2 GLIDERS ASSTD DESIGNS, ASSORTED COLOUR BIRD ORNAMENT"
15840.0,Potential Customers,"WORLD WAR 2 GLIDERS ASSTD DESIGNS, ASSORTED COLOUR BIRD ORNAMENT, ASSORTED COLOURS SILK FAN, GIRLS ALPHABET IRON ON PATCHES , POPART WOODEN PENCILS ASST"
15842.0,At Risk Customers,"GIRLS ALPHABET IRON ON PATCHES , WHITE HANGING HEART T-LIGHT HOLDER, ASSTD DESIGN BUBBLE GUM RING, LUNCH BAG  BLACK SKULL., WORLD WAR 2 GLIDERS ASSTD DESIGNS"
15843.0,At Risk Customers,"GIRLS ALPHABET IRON ON PATCHES , WHITE HANGING HEART T-LIGHT HOLDER, ASSTD DESIGN BUBBLE GUM RING, LUNCH BAG  BLACK SKULL., WORLD WAR 2 GLIDERS ASSTD DESIGNS"
15844.0,Potential Customers,"WORLD WAR 2 GLIDERS ASSTD DESIGNS, ASSORTED COLOUR BIRD ORNAMENT, ASSORTED COLOURS SILK FAN, GIRLS ALPHABET IRON ON PATCHES , POPART WOODEN PENCILS ASST"
15846.0,At Risk Customers,"GIRLS ALPHABET IRON ON PATCHES , WHITE HANGING HEART T-LIGHT HOLDER, ASSTD DESIGN BUBBLE GUM RING, LUNCH BAG  BLACK SKULL., WORLD WAR 2 GLIDERS ASSTD DESIGNS"
15848.0,At Risk Customers,"GIRLS ALPHABET IRON ON PATCHES , WHITE HANGING HEART T-LIGHT HOLDER, ASSTD DESIGN BUBBLE GUM RING, LUNCH BAG  BLACK SKULL., WORLD WAR 2 GLIDERS ASSTD DESIGNS"
15851.0,At Risk Customers,"GIRLS ALPHABET IRON ON PATCHES , WHITE HANGING HEART T-LIGHT HOLDER, ASSTD DESIGN BUBBLE GUM RING, LUNCH BAG  BLACK SKULL., WORLD WAR 2 GLIDERS ASSTD DESIGNS"
15852.0,Potential Customers,"WORLD WAR 2 GLIDERS ASSTD DESIGNS, ASSORTED COLOUR BIRD ORNAMENT, ASSORTED COLOURS SILK FAN, GIRLS ALPHABET IRON ON PATCHES , POPART WOODEN PENCILS ASST"
15855.0,Loyal Customers,"SMALL CHINESE STYLE SCISSOR, BLACK AND WHITE PAISLEY FLOWER MUG, WHITE HANGING HEART T-LIGHT HOLDER, WORLD WAR 2 GLIDERS ASSTD DESIGNS, ASSORTED COLOUR BIRD ORNAMENT"
15859.0,At Risk Customers,"GIRLS ALPHABET IRON ON PATCHES , WHITE HANGING HEART T-LIGHT HOLDER, ASSTD DESIGN BUBBLE GUM RING, LUNCH BAG  BLACK SKULL., WORLD WAR 2 GLIDERS ASSTD DESIGNS"
15866.0,Potential Customers,"WORLD WAR 2 GLIDERS ASSTD DESIGNS, ASSORTED COLOUR BIRD ORNAMENT, ASSORTED COLOURS SILK FAN, GIRLS ALPHABET IRON ON PATCHES , POPART WOODEN PENCILS ASST"
15868.0,At Risk Customers,"GIRLS ALPHABET IRON ON PATCHES , WHITE HANGING HEART T-LIGHT HOLDER, ASSTD DESIGN BUBBLE GUM RING, LUNCH BAG  BLACK SKULL., WORLD WAR 2 GLIDERS ASSTD DESIGNS"
15869.0,Potential Customers,"WORLD WAR 2 GLIDERS ASSTD DESIGNS, ASSORTED COLOUR BIRD ORNAMENT, ASSORTED COLOURS SILK FAN, GIRLS ALPHABET IRON ON PATCHES , POPART WOODEN PENCILS ASST"
15871.0,At Risk Customers,"GIRLS ALPHABET IRON ON PATCHES , WHITE HANGING HEART T-LIGHT HOLDER, ASSTD DESIGN BUBBLE GUM RING, LUNCH BAG  BLACK SKULL., WORLD WAR 2 GLIDERS ASSTD DESIGNS"
15873.0,At Risk Customers,"GIRLS ALPHABET IRON ON PATCHES , WHITE HANGING HEART T-LIGHT HOLDER, ASSTD DESIGN BUBBLE GUM RING, LUNCH BAG  BLACK SKULL., WORLD WAR 2 GLIDERS ASSTD DESIGNS"
15875.0,At Risk Customers,"GIRLS ALPHABET IRON ON PATCHES , WHITE HANGING HEART T-LIGHT HOLDER, ASSTD DESIGN BUBBLE GUM RING, LUNCH BAG  BLACK SKULL., WORLD WAR 2 GLIDERS ASSTD DESIGNS"
15876.0,At Risk Customers,"GIRLS ALPHABET IRON ON PATCHES , WHITE HANGING HEART T-LIGHT HOLDER, ASSTD DESIGN BUBBLE GUM RING, LUNCH BAG  BLACK SKULL., WORLD WAR 2 GLIDERS ASSTD DESIGNS"
15878.0,At Risk Customers,"GIRLS ALPHABET IRON ON PATCHES , WHITE HANGING HEART T-LIGHT HOLDER, ASSTD DESIGN BUBBLE GUM RING, LUNCH BAG  BLACK SKULL., WORLD WAR 2 GLIDERS ASSTD DESIGNS"
15879.0,At Risk Customers,"GIRLS ALPHABET IRON ON PATCHES , WHITE HANGING HEART T-LIGHT HOLDER, ASSTD DESIGN BUBBLE GUM RING, LUNCH BAG  BLACK SKULL., WORLD WAR 2 GLIDERS ASSTD DESIGNS"
15880.0,At Risk Customers,"GIRLS ALPHABET IRON ON PATCHES , WHITE HANGING HEART T-LIGHT HOLDER, ASSTD DESIGN BUBBLE GUM RING, LUNCH BAG  BLACK SKULL., WORLD WAR 2 GLIDERS ASSTD DESIGNS"
15881.0,Loyal Customers,"SMALL CHINESE STYLE SCISSOR, BLACK AND WHITE PAISLEY FLOWER MUG, WHITE HANGING HEART T-LIGHT HOLDER, WORLD WAR 2 GLIDERS ASSTD DESIGNS, ASSORTED COLOUR BIRD ORNAMENT"
15882.0,Loyal Customers,"SMALL CHINESE STYLE SCISSOR, BLACK AND WHITE PAISLEY FLOWER MUG, WHITE HANGING HEART T-LIGHT HOLDER, WORLD WAR 2 GLIDERS ASSTD DESIGNS, ASSORTED COLOUR BIRD ORNAMENT"
15883.0,Potential Customers,"WORLD WAR 2 GLIDERS ASSTD DESIGNS, ASSORTED COLOUR BIRD ORNAMENT, ASSORTED COLOURS SILK FAN, GIRLS ALPHABET IRON ON PATCHES , POPART WOODEN PENCILS ASST"
15884.0,At Risk Customers,"GIRLS ALPHABET IRON ON PATCHES , WHITE HANGING HEART T-LIGHT HOLDER, ASSTD DESIGN BUBBLE GUM RING, LUNCH BAG  BLACK SKULL., WORLD WAR 2 GLIDERS ASSTD DESIGNS"
15885.0,Champions,"WORLD WAR 2 GLIDERS ASSTD DESIGNS, PAPER CRAFT , LITTLE BIRDIE, MEDIUM CERAMIC TOP STORAGE JAR, WHITE HANGING HEART T-LIGHT HOLDER, JUMBO BAG RED RETROSPOT"
15887.0,At Risk Customers,"GIRLS ALPHABET IRON ON PATCHES , WHITE HANGING HEART T-LIGHT HOLDER, ASSTD DESIGN BUBBLE GUM RING, LUNCH BAG  BLACK SKULL., WORLD WAR 2 GLIDERS ASSTD DESIGNS"
15889.0,Loyal Customers,"SMALL CHINESE STYLE SCISSOR, BLACK AND WHITE PAISLEY FLOWER MUG, WHITE HANGING HEART T-LIGHT HOLDER, WORLD WAR 2 GLIDERS ASSTD DESIGNS, ASSORTED COLOUR BIRD ORNAMENT"
15890.0,At Risk Customers,"GIRLS ALPHABET IRON ON PATCHES , WHITE HANGING HEART T-LIGHT HOLDER, ASSTD DESIGN BUBBLE GUM RING, LUNCH BAG  BLACK SKULL., WORLD WAR 2 GLIDERS ASSTD DESIGNS"
15891.0,Potential Customers,"WORLD WAR 2 GLIDERS ASSTD DESIGNS, ASSORTED COLOUR BIRD ORNAMENT, ASSORTED COLOURS SILK FAN, GIRLS ALPHABET IRON ON PATCHES , POPART WOODEN PENCILS ASST"
15892.0,At Risk Customers,"GIRLS ALPHABET IRON ON PATCHES , WHITE HANGING HEART T-LIGHT HOLDER, ASSTD DESIGN BUBBLE GUM RING, LUNCH BAG  BLACK SKULL., WORLD WAR 2 GLIDERS ASSTD DESIGNS"
15893.0,At Risk Customers,"GIRLS ALPHABET IRON ON PATCHES , WHITE HANGING HEART T-LIGHT HOLDER, ASSTD DESIGN BUBBLE GUM RING, LUNCH BAG  BLACK SKULL., WORLD WAR 2 GLIDERS ASSTD DESIGNS"
15894.0,Potential Customers,"WORLD WAR 2 GLIDERS ASSTD DESIGNS, ASSORTED COLOUR BIRD ORNAMENT, ASSORTED COLOURS SILK FAN, GIRLS ALPHABET IRON ON PATCHES , POPART WOODEN PENCILS ASST"
15895.0,Potential Customers,"WORLD WAR 2 GLIDERS ASSTD DESIGNS, ASSORTED COLOUR BIRD ORNAMENT, ASSORTED COLOURS SILK FAN, GIRLS ALPHABET IRON ON PATCHES , POPART WOODEN PENCILS ASST"
15897.0,Potential Customers,"WORLD WAR 2 GLIDERS ASSTD DESIGNS, ASSORTED COLOUR BIRD ORNAMENT, ASSORTED COLOURS SILK FAN, GIRLS ALPHABET IRON ON PATCHES , POPART WOODEN PENCILS ASST"
15899.0,At Risk Customers,"GIRLS ALPHABET IRON ON PATCHES , WHITE HANGING HEART T-LIGHT HOLDER, ASSTD DESIGN BUBBLE GUM RING, LUNCH BAG  BLACK SKULL., WORLD WAR 2 GLIDERS ASSTD DESIGNS"
15902.0,At Risk Customers,"GIRLS ALPHABET IRON ON PATCHES , WHITE HANGING HEART T-LIGHT HOLDER, ASSTD DESIGN BUBBLE GUM RING, LUNCH BAG  BLACK SKULL., WORLD WAR 2 GLIDERS ASSTD DESIGNS"
15904.0,Potential Customers,"WORLD WAR 2 GLIDERS ASSTD DESIGNS, ASSORTED COLOUR BIRD ORNAMENT, ASSORTED COLOURS SILK FAN, GIRLS ALPHABET IRON ON PATCHES , POPART WOODEN PENCILS ASST"
15905.0,At Risk Customers,"GIRLS ALPHABET IRON ON PATCHES , WHITE HANGING HEART T-LIGHT HOLDER, ASSTD DESIGN BUBBLE GUM RING, LUNCH BAG  BLACK SKULL., WORLD WAR 2 GLIDERS ASSTD DESIGNS"
15907.0,Loyal Customers,"SMALL CHINESE STYLE SCISSOR, BLACK AND WHITE PAISLEY FLOWER MUG, WHITE HANGING HEART T-LIGHT HOLDER, WORLD WAR 2 GLIDERS ASSTD DESIGNS, ASSORTED COLOUR BIRD ORNAMENT"
15908.0,At Risk Customers,"GIRLS ALPHABET IRON ON PATCHES , WHITE HANGING HEART T-LIGHT HOLDER, ASSTD DESIGN BUBBLE GUM RING, LUNCH BAG  BLACK SKULL., WORLD WAR 2 GLIDERS ASSTD DESIGNS"
15909.0,Potential Customers,"WORLD WAR 2 GLIDERS ASSTD DESIGNS, ASSORTED COLOUR BIRD ORNAMENT, ASSORTED COLOURS SILK FAN, GIRLS ALPHABET IRON ON PATCHES , POPART WOODEN PENCILS ASST"
15912.0,Loyal Customers,"SMALL CHINESE STYLE SCISSOR, BLACK AND WHITE PAISLEY FLOWER MUG, WHITE HANGING HEART T-LIGHT HOLDER, WORLD WAR 2 GLIDERS ASSTD DESIGNS, ASSORTED COLOUR BIRD ORNAMENT"
15913.0,At Risk Customers,"GIRLS ALPHABET IRON ON PATCHES , WHITE HANGING HEART T-LIGHT HOLDER, ASSTD DESIGN BUBBLE GUM RING, LUNCH BAG  BLACK SKULL., WORLD WAR 2 GLIDERS ASSTD DESIGNS"
15914.0,At Risk Customers,"GIRLS ALPHABET IRON ON PATCHES , WHITE HANGING HEART T-LIGHT HOLDER, ASSTD DESIGN BUBBLE GUM RING, LUNCH BAG  BLACK SKULL., WORLD WAR 2 GLIDERS ASSTD DESIGNS"
15915.0,At Risk Customers,"GIRLS ALPHABET IRON ON PATCHES , WHITE HANGING HEART T-LIGHT HOLDER, ASSTD DESIGN BUBBLE GUM RING, LUNCH BAG  BLACK SKULL., WORLD WAR 2 GLIDERS ASSTD DESIGNS"
15917.0,Loyal Customers,"SMALL CHINESE STYLE SCISSOR, BLACK AND WHITE PAISLEY FLOWER MUG, WHITE HANGING HEART T-LIGHT HOLDER, WORLD WAR 2 GLIDERS ASSTD DESIGNS, ASSORTED COLOUR BIRD ORNAMENT"
15918.0,Potential Customers,"WORLD WAR 2 GLIDERS ASSTD DESIGNS, ASSORTED COLOUR BIRD ORNAMENT, ASSORTED COLOURS SILK FAN, GIRLS ALPHABET IRON ON PATCHES , POPART WOODEN PENCILS ASST"
15920.0,Loyal Customers,"SMALL CHINESE STYLE SCISSOR, BLACK AND WHITE PAISLEY FLOWER MUG, WHITE HANGING HEART T-LIGHT HOLDER, WORLD WAR 2 GLIDERS ASSTD DESIGNS, ASSORTED COLOUR BIRD ORNAMENT"
15921.0,Loyal Customers,"SMALL CHINESE STYLE SCISSOR, BLACK AND WHITE PAISLEY FLOWER MUG, WHITE HANGING HEART T-LIGHT HOLDER, WORLD WAR 2 GLIDERS ASSTD DESIGNS, ASSORTED COLOUR BIRD ORNAMENT"
15922.0,At Risk Customers,"GIRLS ALPHABET IRON ON PATCHES , WHITE HANGING HEART T-LIGHT HOLDER, ASSTD DESIGN BUBBLE GUM RING, LUNCH BAG  BLACK SKULL., WORLD WAR 2 GLIDERS ASSTD DESIGNS"
15923.0,At Risk Customers,"GIRLS ALPHABET IRON ON PATCHES , WHITE HANGING HEART T-LIGHT HOLDER, ASSTD DESIGN BUBBLE GUM RING, LUNCH BAG  BLACK SKULL., WORLD WAR 2 GLIDERS ASSTD DESIGNS"
15924.0,At Risk Customers,"GIRLS ALPHABET IRON ON PATCHES , WHITE HANGING HEART T-LIGHT HOLDER, ASSTD DESIGN BUBBLE GUM RING, LUNCH BAG  BLACK SKULL., WORLD WAR 2 GLIDERS ASSTD DESIGNS"
15925.0,Potential Customers,"WORLD WAR 2 GLIDERS ASSTD DESIGNS, ASSORTED COLOUR BIRD ORNAMENT, ASSORTED COLOURS SILK FAN, GIRLS ALPHABET IRON ON PATCHES , POPART WOODEN PENCILS ASST"
15926.0,At Risk Customers,"GIRLS ALPHABET IRON ON PATCHES , WHITE HANGING HEART T-LIGHT HOLDER, ASSTD DESIGN BUBBLE GUM RING, LUNCH BAG  BLACK SKULL., WORLD WAR 2 GLIDERS ASSTD DESIGNS"
15927.0,At Risk Customers,"GIRLS ALPHABET IRON ON PATCHES , WHITE HANGING HEART T-LIGHT HOLDER, ASSTD DESIGN BUBBLE GUM RING, LUNCH BAG  BLACK SKULL., WORLD WAR 2 GLIDERS ASSTD DESIGNS"
15928.0,At Risk Customers,"GIRLS ALPHABET IRON ON PATCHES , WHITE HANGING HEART T-LIGHT HOLDER, ASSTD DESIGN BUBBLE GUM RING, LUNCH BAG  BLACK SKULL., WORLD WAR 2 GLIDERS ASSTD DESIGNS"
15929.0,At Risk Customers,"GIRLS ALPHABET IRON ON PATCHES , WHITE HANGING HEART T-LIGHT HOLDER, ASSTD DESIGN BUBBLE GUM RING, LUNCH BAG  BLACK SKULL., WORLD WAR 2 GLIDERS ASSTD DESIGNS"
15930.0,Potential Customers,"WORLD WAR 2 GLIDERS ASSTD DESIGNS, ASSORTED COLOUR BIRD ORNAMENT, ASSORTED COLOURS SILK FAN, GIRLS ALPHABET IRON ON PATCHES , POPART WOODEN PENCILS ASST"
15931.0,At Risk Customers,"GIRLS ALPHABET IRON ON PATCHES , WHITE HANGING HEART T-LIGHT HOLDER, ASSTD DESIGN BUBBLE GUM RING, LUNCH BAG  BLACK SKULL., WORLD WAR 2 GLIDERS ASSTD DESIGNS"
15934.0,At Risk Customers,"GIRLS ALPHABET IRON ON PATCHES , WHITE HANGING HEART T-LIGHT HOLDER, ASSTD DESIGN BUBBLE GUM RING, LUNCH BAG  BLACK SKULL., WORLD WAR 2 GLIDERS ASSTD DESIGNS"
15935.0,Potential Customers,"WORLD WAR 2 GLIDERS ASSTD DESIGNS, ASSORTED COLOUR BIRD ORNAMENT, ASSORTED COLOURS SILK FAN, GIRLS ALPHABET IRON ON PATCHES , POPART WOODEN PENCILS ASST"
15936.0,At Risk Customers,"GIRLS ALPHABET IRON ON PATCHES , WHITE HANGING HEART T-LIGHT HOLDER, ASSTD DESIGN BUBBLE GUM RING, LUNCH BAG  BLACK SKULL., WORLD WAR 2 GLIDERS ASSTD DESIGNS"
15937.0,Potential Customers,"WORLD WAR 2 GLIDERS ASSTD DESIGNS, ASSORTED COLOUR BIRD ORNAMENT, ASSORTED COLOURS SILK FAN, GIRLS ALPHABET IRON ON PATCHES , POPART WOODEN PENCILS ASST"
15938.0,Loyal Customers,"SMALL CHINESE STYLE SCISSOR, BLACK AND WHITE PAISLEY FLOWER MUG, WHITE HANGING HEART T-LIGHT HOLDER, WORLD WAR 2 GLIDERS ASSTD DESIGNS, ASSORTED COLOUR BIRD ORNAMENT"
15940.0,At Risk Customers,"GIRLS ALPHABET IRON ON PATCHES , WHITE HANGING HEART T-LIGHT HOLDER, ASSTD DESIGN BUBBLE GUM RING, LUNCH BAG  BLACK SKULL., WORLD WAR 2 GLIDERS ASSTD DESIGNS"
15941.0,At Risk Customers,"GIRLS ALPHABET IRON ON PATCHES , WHITE HANGING HEART T-LIGHT HOLDER, ASSTD DESIGN BUBBLE GUM RING, LUNCH BAG  BLACK SKULL., WORLD WAR 2 GLIDERS ASSTD DESIGNS"
15942.0,Potential Customers,"WORLD WAR 2 GLIDERS ASSTD DESIGNS, ASSORTED COLOUR BIRD ORNAMENT, ASSORTED COLOURS SILK FAN, GIRLS ALPHABET IRON ON PATCHES , POPART WOODEN PENCILS ASST"
15943.0,At Risk Customers,"GIRLS ALPHABET IRON ON PATCHES , WHITE HANGING HEART T-LIGHT HOLDER, ASSTD DESIGN BUBBLE GUM RING, LUNCH BAG  BLACK SKULL., WORLD WAR 2 GLIDERS ASSTD DESIGNS"
15944.0,Loyal Customers,"SMALL CHINESE STYLE SCISSOR, BLACK AND WHITE PAISLEY FLOWER MUG, WHITE HANGING HEART T-LIGHT HOLDER, WORLD WAR 2 GLIDERS ASSTD DESIGNS, ASSORTED COLOUR BIRD ORNAMENT"
15945.0,At Risk Customers,"GIRLS ALPHABET IRON ON PATCHES , WHITE HANGING HEART T-LIGHT HOLDER, ASSTD DESIGN BUBBLE GUM RING, LUNCH BAG  BLACK SKULL., WORLD WAR 2 GLIDERS ASSTD DESIGNS"
15946.0,At Risk Customers,"GIRLS ALPHABET IRON ON PATCHES , WHITE HANGING HEART T-LIGHT HOLDER, ASSTD DESIGN BUBBLE GUM RING, LUNCH BAG  BLACK SKULL., WORLD WAR 2 GLIDERS ASSTD DESIGNS"
15947.0,Potential Customers,"WORLD WAR 2 GLIDERS ASSTD DESIGNS, ASSORTED COLOUR BIRD ORNAMENT, ASSORTED COLOURS SILK FAN, GIRLS ALPHABET IRON ON PATCHES , POPART WOODEN PENCILS ASST"
15949.0,Potential Customers,"WORLD WAR 2 GLIDERS ASSTD DESIGNS, ASSORTED COLOUR BIRD ORNAMENT, ASSORTED COLOURS SILK FAN, GIRLS ALPHABET IRON ON PATCHES , POPART WOODEN PENCILS ASST"
15952.0,Loyal Customers,"SMALL CHINESE STYLE SCISSOR, BLACK AND WHITE PAISLEY FLOWER MUG, WHITE HANGING HEART T-LIGHT HOLDER, WORLD WAR 2 GLIDERS ASSTD DESIGNS, ASSORTED COLOUR BIRD ORNAMENT"
15954.0,At Risk Customers,"GIRLS ALPHABET IRON ON PATCHES , WHITE HANGING HEART T-LIGHT HOLDER, ASSTD DESIGN BUBBLE GUM RING, LUNCH BAG  BLACK SKULL., WORLD WAR 2 GLIDERS ASSTD DESIGNS"
15956.0,At Risk Customers,"GIRLS ALPHABET IRON ON PATCHES , WHITE HANGING HEART T-LIGHT HOLDER, ASSTD DESIGN BUBBLE GUM RING, LUNCH BAG  BLACK SKULL., WORLD WAR 2 GLIDERS ASSTD DESIGNS"
15959.0,At Risk Customers,"GIRLS ALPHABET IRON ON PATCHES , WHITE HANGING HEART T-LIGHT HOLDER, ASSTD DESIGN BUBBLE GUM RING, LUNCH BAG  BLACK SKULL., WORLD WAR 2 GLIDERS ASSTD DESIGNS"
15960.0,At Risk Customers,"GIRLS ALPHABET IRON ON PATCHES , WHITE HANGING HEART T-LIGHT HOLDER, ASSTD DESIGN BUBBLE GUM RING, LUNCH BAG  BLACK SKULL., WORLD WAR 2 GLIDERS ASSTD DESIGNS"
15961.0,At Risk Customers,"GIRLS ALPHABET IRON ON PATCHES , WHITE HANGING HEART T-LIGHT HOLDER, ASSTD DESIGN BUBBLE GUM RING, LUNCH BAG  BLACK SKULL., WORLD WAR 2 GLIDERS ASSTD DESIGNS"
15962.0,At Risk Customers,"GIRLS ALPHABET IRON ON PATCHES , WHITE HANGING HEART T-LIGHT HOLDER, ASSTD DESIGN BUBBLE GUM RING, LUNCH BAG  BLACK SKULL., WORLD WAR 2 GLIDERS ASSTD DESIGNS"
15963.0,Potential Customers,"WORLD WAR 2 GLIDERS ASSTD DESIGNS, ASSORTED COLOUR BIRD ORNAMENT, ASSORTED COLOURS SILK FAN, GIRLS ALPHABET IRON ON PATCHES , POPART WOODEN PENCILS ASST"
15964.0,At Risk Customers,"GIRLS ALPHABET IRON ON PATCHES , WHITE HANGING HEART T-LIGHT HOLDER, ASSTD DESIGN BUBBLE GUM RING, LUNCH BAG  BLACK SKULL., WORLD WAR 2 GLIDERS ASSTD DESIGNS"
15966.0,At Risk Customers,"GIRLS ALPHABET IRON ON PATCHES , WHITE HANGING HEART T-LIGHT HOLDER, ASSTD DESIGN BUBBLE GUM RING, LUNCH BAG  BLACK SKULL., WORLD WAR 2 GLIDERS ASSTD DESIGNS"
15968.0,At Risk Customers,"GIRLS ALPHABET IRON ON PATCHES , WHITE HANGING HEART T-LIGHT HOLDER, ASSTD DESIGN BUBBLE GUM RING, LUNCH BAG  BLACK SKULL., WORLD WAR 2 GLIDERS ASSTD DESIGNS"
15970.0,Potential Customers,"WORLD WAR 2 GLIDERS ASSTD DESIGNS, ASSORTED COLOUR BIRD ORNAMENT, ASSORTED COLOURS SILK FAN, GIRLS ALPHABET IRON ON PATCHES , POPART WOODEN PENCILS ASST"
15972.0,At Risk Customers,"GIRLS ALPHABET IRON ON PATCHES , WHITE HANGING HEART T-LIGHT HOLDER, ASSTD DESIGN BUBBLE GUM RING, LUNCH BAG  BLACK SKULL., WORLD WAR 2 GLIDERS ASSTD DESIGNS"
15973.0,At Risk Customers,"GIRLS ALPHABET IRON ON PATCHES , WHITE HANGING HEART T-LIGHT HOLDER, ASSTD DESIGN BUBBLE GUM RING, LUNCH BAG  BLACK SKULL., WORLD WAR 2 GLIDERS ASSTD DESIGNS"
15975.0,Potential Customers,"WORLD WAR 2 GLIDERS ASSTD DESIGNS, ASSORTED COLOUR BIRD ORNAMENT, ASSORTED COLOURS SILK FAN, GIRLS ALPHABET IRON ON PATCHES , POPART WOODEN PENCILS ASST"
15979.0,At Risk Customers,"GIRLS ALPHABET IRON ON PATCHES , WHITE HANGING HEART T-LIGHT HOLDER, ASSTD DESIGN BUBBLE GUM RING, LUNCH BAG  BLACK SKULL., WORLD WAR 2 GLIDERS ASSTD DESIGNS"
15982.0,At Risk Customers,"GIRLS ALPHABET IRON ON PATCHES , WHITE HANGING HEART T-LIGHT HOLDER, ASSTD DESIGN BUBBLE GUM RING, LUNCH BAG  BLACK SKULL., WORLD WAR 2 GLIDERS ASSTD DESIGNS"
15985.0,Loyal Customers,"SMALL CHINESE STYLE SCISSOR, BLACK AND WHITE PAISLEY FLOWER MUG, WHITE HANGING HEART T-LIGHT HOLDER, WORLD WAR 2 GLIDERS ASSTD DESIGNS, ASSORTED COLOUR BIRD ORNAMENT"
15989.0,At Risk Customers,"GIRLS ALPHABET IRON ON PATCHES , WHITE HANGING HEART T-LIGHT HOLDER, ASSTD DESIGN BUBBLE GUM RING, LUNCH BAG  BLACK SKULL., WORLD WAR 2 GLIDERS ASSTD DESIGNS"
15991.0,At Risk Customers,"GIRLS ALPHABET IRON ON PATCHES , WHITE HANGING HEART T-LIGHT HOLDER, ASSTD DESIGN BUBBLE GUM RING, LUNCH BAG  BLACK SKULL., WORLD WAR 2 GLIDERS ASSTD DESIGNS"
15992.0,Loyal Customers,"SMALL CHINESE STYLE SCISSOR, BLACK AND WHITE PAISLEY FLOWER MUG, WHITE HANGING HEART T-LIGHT HOLDER, WORLD WAR 2 GLIDERS ASSTD DESIGNS, ASSORTED COLOUR BIRD ORNAMENT"
15995.0,At Risk Customers,"GIRLS ALPHABET IRON ON PATCHES , WHITE HANGING HEART T-LIGHT HOLDER, ASSTD DESIGN BUBBLE GUM RING, LUNCH BAG  BLACK SKULL., WORLD WAR 2 GLIDERS ASSTD DESIGNS"
16001.0,At Risk Customers,"GIRLS ALPHABET IRON ON PATCHES , WHITE HANGING HEART T-LIGHT HOLDER, ASSTD DESIGN BUBBLE GUM RING, LUNCH BAG  BLACK SKULL., WORLD WAR 2 GLIDERS ASSTD DESIGNS"
16002.0,At Risk Customers,"GIRLS ALPHABET IRON ON PATCHES , WHITE HANGING HEART T-LIGHT HOLDER, ASSTD DESIGN BUBBLE GUM RING, LUNCH BAG  BLACK SKULL., WORLD WAR 2 GLIDERS ASSTD DESIGNS"
16006.0,Potential Customers,"WORLD WAR 2 GLIDERS ASSTD DESIGNS, ASSORTED COLOUR BIRD ORNAMENT, ASSORTED COLOURS SILK FAN, GIRLS ALPHABET IRON ON PATCHES , POPART WOODEN PENCILS ASST"
16009.0,Loyal Customers,"SMALL CHINESE STYLE SCISSOR, BLACK AND WHITE PAISLEY FLOWER MUG, WHITE HANGING HEART T-LIGHT HOLDER, WORLD WAR 2 GLIDERS ASSTD DESIGNS, ASSORTED COLOUR BIRD ORNAMENT"
16010.0,Loyal Customers,"SMALL CHINESE STYLE SCISSOR, BLACK AND WHITE PAISLEY FLOWER MUG, WHITE HANGING HEART T-LIGHT HOLDER, WORLD WAR 2 GLIDERS ASSTD DESIGNS, ASSORTED COLOUR BIRD ORNAMENT"
16021.0,At Risk Customers,"GIRLS ALPHABET IRON ON PATCHES , WHITE HANGING HEART T-LIGHT HOLDER, ASSTD DESIGN BUBBLE GUM RING, LUNCH BAG  BLACK SKULL., WORLD WAR 2 GLIDERS ASSTD DESIGNS"
16022.0,Potential Customers,"WORLD WAR 2 GLIDERS ASSTD DESIGNS, ASSORTED COLOUR BIRD ORNAMENT, ASSORTED COLOURS SILK FAN, GIRLS ALPHABET IRON ON PATCHES , POPART WOODEN PENCILS ASST"
16023.0,Potential Customers,"WORLD WAR 2 GLIDERS ASSTD DESIGNS, ASSORTED COLOUR BIRD ORNAMENT, ASSORTED COLOURS SILK FAN, GIRLS ALPHABET IRON ON PATCHES , POPART WOODEN PENCILS ASST"
16025.0,Potential Customers,"WORLD WAR 2 GLIDERS ASSTD DESIGNS, ASSORTED COLOUR BIRD ORNAMENT, ASSORTED COLOURS SILK FAN, GIRLS ALPHABET IRON ON PATCHES , POPART WOODEN PENCILS ASST"
16026.0,Potential Customers,"WORLD WAR 2 GLIDERS ASSTD DESIGNS, ASSORTED COLOUR BIRD ORNAMENT, ASSORTED COLOURS SILK FAN, GIRLS ALPHABET IRON ON PATCHES , POPART WOODEN PENCILS ASST"
16028.0,At Risk Customers,"GIRLS ALPHABET IRON ON PATCHES , WHITE HANGING HEART T-LIGHT HOLDER, ASSTD DESIGN BUBBLE GUM RING, LUNCH BAG  BLACK SKULL., WORLD WAR 2 GLIDERS ASSTD DESIGNS"
16030.0,At Risk Customers,"GIRLS ALPHABET IRON ON PATCHES , WHITE HANGING HEART T-LIGHT HOLDER, ASSTD DESIGN BUBBLE GUM RING, LUNCH BAG  BLACK SKULL., WORLD WAR 2 GLIDERS ASSTD DESIGNS"
16031.0,Potential Customers,"WORLD WAR 2 GLIDERS ASSTD DESIGNS, ASSORTED COLOUR BIRD ORNAMENT, ASSORTED COLOURS SILK FAN, GIRLS ALPHABET IRON ON PATCHES , POPART WOODEN PENCILS ASST"
16034.0,Loyal Customers,"SMALL CHINESE STYLE SCISSOR, BLACK AND WHITE PAISLEY FLOWER MUG, WHITE HANGING HEART T-LIGHT HOLDER, WORLD WAR 2 GLIDERS ASSTD DESIGNS, ASSORTED COLOUR BIRD ORNAMENT"
16035.0,At Risk Customers,"GIRLS ALPHABET IRON ON PATCHES , WHITE HANGING HEART T-LIGHT HOLDER, ASSTD DESIGN BUBBLE GUM RING, LUNCH BAG  BLACK SKULL., WORLD WAR 2 GLIDERS ASSTD DESIGNS"
16037.0,Loyal Customers,"SMALL CHINESE STYLE SCISSOR, BLACK AND WHITE PAISLEY FLOWER MUG, WHITE HANGING HEART T-LIGHT HOLDER, WORLD WAR 2 GLIDERS ASSTD DESIGNS, ASSORTED COLOUR BIRD ORNAMENT"
16038.0,Potential Customers,"WORLD WAR 2 GLIDERS ASSTD DESIGNS, ASSORTED COLOUR BIRD ORNAMENT, ASSORTED COLOURS SILK FAN, GIRLS ALPHABET IRON ON PATCHES , POPART WOODEN PENCILS ASST"
16039.0,At Risk Customers,"GIRLS ALPHABET IRON ON PATCHES , WHITE HANGING HEART T-LIGHT HOLDER, ASSTD DESIGN BUBBLE GUM RING, LUNCH BAG  BLACK SKULL., WORLD WAR 2 GLIDERS ASSTD DESIGNS"
16041.0,Loyal Customers,"SMALL CHINESE STYLE SCISSOR, BLACK AND WHITE PAISLEY FLOWER MUG, WHITE HANGING HEART T-LIGHT HOLDER, WORLD WAR 2 GLIDERS ASSTD DESIGNS, ASSORTED COLOUR BIRD ORNAMENT"
16043.0,Loyal Customers,"SMALL CHINESE STYLE SCISSOR, BLACK AND WHITE PAISLEY FLOWER MUG, WHITE HANGING HEART T-LIGHT HOLDER, WORLD WAR 2 GLIDERS ASSTD DESIGNS, ASSORTED COLOUR BIRD ORNAMENT"
16044.0,At Risk Customers,"GIRLS ALPHABET IRON ON PATCHES , WHITE HANGING HEART T-LIGHT HOLDER, ASSTD DESIGN BUBBLE GUM RING, LUNCH BAG  BLACK SKULL., WORLD WAR 2 GLIDERS ASSTD DESIGNS"
16046.0,At Risk Customers,"GIRLS ALPHABET IRON ON PATCHES , WHITE HANGING HEART T-LIGHT HOLDER, ASSTD DESIGN BUBBLE GUM RING, LUNCH BAG  BLACK SKULL., WORLD WAR 2 GLIDERS ASSTD DESIGNS"
16047.0,At Risk Customers,"GIRLS ALPHABET IRON ON PATCHES , WHITE HANGING HEART T-LIGHT HOLDER, ASSTD DESIGN BUBBLE GUM RING, LUNCH BAG  BLACK SKULL., WORLD WAR 2 GLIDERS ASSTD DESIGNS"
16048.0,At Risk Customers,"GIRLS ALPHABET IRON ON PATCHES , WHITE HANGING HEART T-LIGHT HOLDER, ASSTD DESIGN BUBBLE GUM RING, LUNCH BAG  BLACK SKULL., WORLD WAR 2 GLIDERS ASSTD DESIGNS"
16050.0,Potential Customers,"WORLD WAR 2 GLIDERS ASSTD DESIGNS, ASSORTED COLOUR BIRD ORNAMENT, ASSORTED COLOURS SILK FAN, GIRLS ALPHABET IRON ON PATCHES , POPART WOODEN PENCILS ASST"
16051.0,At Risk Customers,"GIRLS ALPHABET IRON ON PATCHES , WHITE HANGING HEART T-LIGHT HOLDER, ASSTD DESIGN BUBBLE GUM RING, LUNCH BAG  BLACK SKULL., WORLD WAR 2 GLIDERS ASSTD DESIGNS"
16052.0,Potential Customers,"WORLD WAR 2 GLIDERS ASSTD DESIGNS, ASSORTED COLOUR BIRD ORNAMENT, ASSORTED COLOURS SILK FAN, GIRLS ALPHABET IRON ON PATCHES , POPART WOODEN PENCILS ASST"
16054.0,Loyal Customers,"SMALL CHINESE STYLE SCISSOR, BLACK AND WHITE PAISLEY FLOWER MUG, WHITE HANGING HEART T-LIGHT HOLDER, WORLD WAR 2 GLIDERS ASSTD DESIGNS, ASSORTED COLOUR BIRD ORNAMENT"
16055.0,Potential Customers,"WORLD WAR 2 GLIDERS ASSTD DESIGNS, ASSORTED COLOUR BIRD ORNAMENT, ASSORTED COLOURS SILK FAN, GIRLS ALPHABET IRON ON PATCHES , POPART WOODEN PENCILS ASST"
16056.0,Potential Customers,"WORLD WAR 2 GLIDERS ASSTD DESIGNS, ASSORTED COLOUR BIRD ORNAMENT, ASSORTED COLOURS SILK FAN, GIRLS ALPHABET IRON ON PATCHES , POPART WOODEN PENCILS ASST"
16058.0,At Risk Customers,"GIRLS ALPHABET IRON ON PATCHES , WHITE HANGING HEART T-LIGHT HOLDER, ASSTD DESIGN BUBBLE GUM RING, LUNCH BAG  BLACK SKULL., WORLD WAR 2 GLIDERS ASSTD DESIGNS"
16060.0,At Risk Customers,"GIRLS ALPHABET IRON ON PATCHES , WHITE HANGING HEART T-LIGHT HOLDER, ASSTD DESIGN BUBBLE GUM RING, LUNCH BAG  BLACK SKULL., WORLD WAR 2 GLIDERS ASSTD DESIGNS"
16061.0,At Risk Customers,"GIRLS ALPHABET IRON ON PATCHES , WHITE HANGING HEART T-LIGHT HOLDER, ASSTD DESIGN BUBBLE GUM RING, LUNCH BAG  BLACK SKULL., WORLD WAR 2 GLIDERS ASSTD DESIGNS"
16063.0,Potential Customers,"WORLD WAR 2 GLIDERS ASSTD DESIGNS, ASSORTED COLOUR BIRD ORNAMENT, ASSORTED COLOURS SILK FAN, GIRLS ALPHABET IRON ON PATCHES , POPART WOODEN PENCILS ASST"
16064.0,At Risk Customers,"GIRLS ALPHABET IRON ON PATCHES , WHITE HANGING HEART T-LIGHT HOLDER, ASSTD DESIGN BUBBLE GUM RING, LUNCH BAG  BLACK SKULL., WORLD WAR 2 GLIDERS ASSTD DESIGNS"
16067.0,At Risk Customers,"GIRLS ALPHABET IRON ON PATCHES , WHITE HANGING HEART T-LIGHT HOLDER, ASSTD DESIGN BUBBLE GUM RING, LUNCH BAG  BLACK SKULL., WORLD WAR 2 GLIDERS ASSTD DESIGNS"
16068.0,At Risk Customers,"GIRLS ALPHABET IRON ON PATCHES , WHITE HANGING HEART T-LIGHT HOLDER, ASSTD DESIGN BUBBLE GUM RING, LUNCH BAG  BLACK SKULL., WORLD WAR 2 GLIDERS ASSTD DESIGNS"
16069.0,At Risk Customers,"GIRLS ALPHABET IRON ON PATCHES , WHITE HANGING HEART T-LIGHT HOLDER, ASSTD DESIGN BUBBLE GUM RING, LUNCH BAG  BLACK SKULL., WORLD WAR 2 GLIDERS ASSTD DESIGNS"
16072.0,Loyal Customers,"SMALL CHINESE STYLE SCISSOR, BLACK AND WHITE PAISLEY FLOWER MUG, WHITE HANGING HEART T-LIGHT HOLDER, WORLD WAR 2 GLIDERS ASSTD DESIGNS, ASSORTED COLOUR BIRD ORNAMENT"
16073.0,At Risk Customers,"GIRLS ALPHABET IRON ON PATCHES , WHITE HANGING HEART T-LIGHT HOLDER, ASSTD DESIGN BUBBLE GUM RING, LUNCH BAG  BLACK SKULL., WORLD WAR 2 GLIDERS ASSTD DESIGNS"
16074.0,At Risk Customers,"GIRLS ALPHABET IRON ON PATCHES , WHITE HANGING HEART T-LIGHT HOLDER, ASSTD DESIGN BUBBLE GUM RING, LUNCH BAG  BLACK SKULL., WORLD WAR 2 GLIDERS ASSTD DESIGNS"
16075.0,At Risk Customers,"GIRLS ALPHABET IRON ON PATCHES , WHITE HANGING HEART T-LIGHT HOLDER, ASSTD DESIGN BUBBLE GUM RING, LUNCH BAG  BLACK SKULL., WORLD WAR 2 GLIDERS ASSTD DESIGNS"
16077.0,At Risk Customers,"GIRLS ALPHABET IRON ON PATCHES , WHITE HANGING HEART T-LIGHT HOLDER, ASSTD DESIGN BUBBLE GUM RING, LUNCH BAG  BLACK SKULL., WORLD WAR 2 GLIDERS ASSTD DESIGNS"
16078.0,Potential Customers,"WORLD WAR 2 GLIDERS ASSTD DESIGNS, ASSORTED COLOUR BIRD ORNAMENT, ASSORTED COLOURS SILK FAN, GIRLS ALPHABET IRON ON PATCHES , POPART WOODEN PENCILS ASST"
16082.0,At Risk Customers,"GIRLS ALPHABET IRON ON PATCHES , WHITE HANGING HEART T-LIGHT HOLDER, ASSTD DESIGN BUBBLE GUM RING, LUNCH BAG  BLACK SKULL., WORLD WAR 2 GLIDERS ASSTD DESIGNS"
16083.0,Loyal Customers,"SMALL CHINESE STYLE SCISSOR, BLACK AND WHITE PAISLEY FLOWER MUG, WHITE HANGING HEART T-LIGHT HOLDER, WORLD WAR 2 GLIDERS ASSTD DESIGNS, ASSORTED COLOUR BIRD ORNAMENT"
16084.0,At Risk Customers,"GIRLS ALPHABET IRON ON PATCHES , WHITE HANGING HEART T-LIGHT HOLDER, ASSTD DESIGN BUBBLE GUM RING, LUNCH BAG  BLACK SKULL., WORLD WAR 2 GLIDERS ASSTD DESIGNS"
16087.0,Loyal Customers,"SMALL CHINESE STYLE SCISSOR, BLACK AND WHITE PAISLEY FLOWER MUG, WHITE HANGING HEART T-LIGHT HOLDER, WORLD WAR 2 GLIDERS ASSTD DESIGNS, ASSORTED COLOUR BIRD ORNAMENT"
16088.0,At Risk Customers,"GIRLS ALPHABET IRON ON PATCHES , WHITE HANGING HEART T-LIGHT HOLDER, ASSTD DESIGN BUBBLE GUM RING, LUNCH BAG  BLACK SKULL., WORLD WAR 2 GLIDERS ASSTD DESIGNS"
16089.0,At Risk Customers,"GIRLS ALPHABET IRON ON PATCHES , WHITE HANGING HEART T-LIGHT HOLDER, ASSTD DESIGN BUBBLE GUM RING, LUNCH BAG  BLACK SKULL., WORLD WAR 2 GLIDERS ASSTD DESIGNS"
16090.0,At Risk Customers,"GIRLS ALPHABET IRON ON PATCHES , WHITE HANGING HEART T-LIGHT HOLDER, ASSTD DESIGN BUBBLE GUM RING, LUNCH BAG  BLACK SKULL., WORLD WAR 2 GLIDERS ASSTD DESIGNS"
16091.0,Potential Customers,"WORLD WAR 2 GLIDERS ASSTD DESIGNS, ASSORTED COLOUR BIRD ORNAMENT, ASSORTED COLOURS SILK FAN, GIRLS ALPHABET IRON ON PATCHES , POPART WOODEN PENCILS ASST"
16092.0,Loyal Customers,"SMALL CHINESE STYLE SCISSOR, BLACK AND WHITE PAISLEY FLOWER MUG, WHITE HANGING HEART T-LIGHT HOLDER, WORLD WAR 2 GLIDERS ASSTD DESIGNS, ASSORTED COLOUR BIRD ORNAMENT"
16093.0,Potential Customers,"WORLD WAR 2 GLIDERS ASSTD DESIGNS, ASSORTED COLOUR BIRD ORNAMENT, ASSORTED COLOURS SILK FAN, GIRLS ALPHABET IRON ON PATCHES , POPART WOODEN PENCILS ASST"
16095.0,At Risk Customers,"GIRLS ALPHABET IRON ON PATCHES , WHITE HANGING HEART T-LIGHT HOLDER, ASSTD DESIGN BUBBLE GUM RING, LUNCH BAG  BLACK SKULL., WORLD WAR 2 GLIDERS ASSTD DESIGNS"
16096.0,Loyal Customers,"SMALL CHINESE STYLE SCISSOR, BLACK AND WHITE PAISLEY FLOWER MUG, WHITE HANGING HEART T-LIGHT HOLDER, WORLD WAR 2 GLIDERS ASSTD DESIGNS, ASSORTED COLOUR BIRD ORNAMENT"
16097.0,Potential Customers,"WORLD WAR 2 GLIDERS ASSTD DESIGNS, ASSORTED COLOUR BIRD ORNAMENT, ASSORTED COLOURS SILK FAN, GIRLS ALPHABET IRON ON PATCHES , POPART WOODEN PENCILS ASST"
16100.0,At Risk Customers,"GIRLS ALPHABET IRON ON PATCHES , WHITE HANGING HEART T-LIGHT HOLDER, ASSTD DESIGN BUBBLE GUM RING, LUNCH BAG  BLACK SKULL., WORLD WAR 2 GLIDERS ASSTD DESIGNS"
16102.0,Loyal Customers,"SMALL CHINESE STYLE SCISSOR, BLACK AND WHITE PAISLEY FLOWER MUG, WHITE HANGING HEART T-LIGHT HOLDER, WORLD WAR 2 GLIDERS ASSTD DESIGNS, ASSORTED COLOUR BIRD ORNAMENT"
16105.0,Loyal Customers,"SMALL CHINESE STYLE SCISSOR, BLACK AND WHITE PAISLEY FLOWER MUG, WHITE HANGING HEART T-LIGHT HOLDER, WORLD WAR 2 GLIDERS ASSTD DESIGNS, ASSORTED COLOUR BIRD ORNAMENT"
16106.0,Potential Customers,"WORLD WAR 2 GLIDERS ASSTD DESIGNS, ASSORTED COLOUR BIRD ORNAMENT, ASSORTED COLOURS SILK FAN, GIRLS ALPHABET IRON ON PATCHES , POPART WOODEN PENCILS ASST"
16109.0,Loyal Customers,"SMALL CHINESE STYLE SCISSOR, BLACK AND WHITE PAISLEY FLOWER MUG, WHITE HANGING HEART T-LIGHT HOLDER, WORLD WAR 2 GLIDERS ASSTD DESIGNS, ASSORTED COLOUR BIRD ORNAMENT"
16111.0,At Risk Customers,"GIRLS ALPHABET IRON ON PATCHES , WHITE HANGING HEART T-LIGHT HOLDER, ASSTD DESIGN BUBBLE GUM RING, LUNCH BAG  BLACK SKULL., WORLD WAR 2 GLIDERS ASSTD DESIGNS"
16112.0,Potential Customers,"WORLD WAR 2 GLIDERS ASSTD DESIGNS, ASSORTED COLOUR BIRD ORNAMENT, ASSORTED COLOURS SILK FAN, GIRLS ALPHABET IRON ON PATCHES , POPART WOODEN PENCILS ASST"
16113.0,Potential Customers,"WORLD WAR 2 GLIDERS ASSTD DESIGNS, ASSORTED COLOUR BIRD ORNAMENT, ASSORTED COLOURS SILK FAN, GIRLS ALPHABET IRON ON PATCHES , POPART WOODEN PENCILS ASST"
16114.0,Potential Customers,"WORLD WAR 2 GLIDERS ASSTD DESIGNS, ASSORTED COLOUR BIRD ORNAMENT, ASSORTED COLOURS SILK FAN, GIRLS ALPHABET IRON ON PATCHES , POPART WOODEN PENCILS ASST"
16116.0,Potential Customers,"WORLD WAR 2 GLIDERS ASSTD DESIGNS, ASSORTED COLOUR BIRD ORNAMENT, ASSORTED COLOURS SILK FAN, GIRLS ALPHABET IRON ON PATCHES , POPART WOODEN PENCILS ASST"
16118.0,At Risk Customers,"GIRLS ALPHABET IRON ON PATCHES , WHITE HANGING HEART T-LIGHT HOLDER, ASSTD DESIGN BUBBLE GUM RING, LUNCH BAG  BLACK SKULL., WORLD WAR 2 GLIDERS ASSTD DESIGNS"
16123.0,Potential Customers,"WORLD WAR 2 GLIDERS ASSTD DESIGNS, ASSORTED COLOUR BIRD ORNAMENT, ASSORTED COLOURS SILK FAN, GIRLS ALPHABET IRON ON PATCHES , POPART WOODEN PENCILS ASST"
16124.0,Loyal Customers,"SMALL CHINESE STYLE SCISSOR, BLACK AND WHITE PAISLEY FLOWER MUG, WHITE HANGING HEART T-LIGHT HOLDER, WORLD WAR 2 GLIDERS ASSTD DESIGNS, ASSORTED COLOUR BIRD ORNAMENT"
16125.0,Champions,"WORLD WAR 2 GLIDERS ASSTD DESIGNS, PAPER CRAFT , LITTLE BIRDIE, MEDIUM CERAMIC TOP STORAGE JAR, WHITE HANGING HEART T-LIGHT HOLDER, JUMBO BAG RED RETROSPOT"
16130.0,At Risk Customers,"GIRLS ALPHABET IRON ON PATCHES , WHITE HANGING HEART T-LIGHT HOLDER, ASSTD DESIGN BUBBLE GUM RING, LUNCH BAG  BLACK SKULL., WORLD WAR 2 GLIDERS ASSTD DESIGNS"
16132.0,At Risk Customers,"GIRLS ALPHABET IRON ON PATCHES , WHITE HANGING HEART T-LIGHT HOLDER, ASSTD DESIGN BUBBLE GUM RING, LUNCH BAG  BLACK SKULL., WORLD WAR 2 GLIDERS ASSTD DESIGNS"
16135.0,Potential Customers,"WORLD WAR 2 GLIDERS ASSTD DESIGNS, ASSORTED COLOUR BIRD ORNAMENT, ASSORTED COLOURS SILK FAN, GIRLS ALPHABET IRON ON PATCHES , POPART WOODEN PENCILS ASST"
16137.0,At Risk Customers,"GIRLS ALPHABET IRON ON PATCHES , WHITE HANGING HEART T-LIGHT HOLDER, ASSTD DESIGN BUBBLE GUM RING, LUNCH BAG  BLACK SKULL., WORLD WAR 2 GLIDERS ASSTD DESIGNS"
16138.0,At Risk Customers,"GIRLS ALPHABET IRON ON PATCHES , WHITE HANGING HEART T-LIGHT HOLDER, ASSTD DESIGN BUBBLE GUM RING, LUNCH BAG  BLACK SKULL., WORLD WAR 2 GLIDERS ASSTD DESIGNS"
16141.0,Potential Customers,"WORLD WAR 2 GLIDERS ASSTD DESIGNS, ASSORTED COLOUR BIRD ORNAMENT, ASSORTED COLOURS SILK FAN, GIRLS ALPHABET IRON ON PATCHES , POPART WOODEN PENCILS ASST"
16142.0,Potential Customers,"WORLD WAR 2 GLIDERS ASSTD DESIGNS, ASSORTED COLOUR BIRD ORNAMENT, ASSORTED COLOURS SILK FAN, GIRLS ALPHABET IRON ON PATCHES , POPART WOODEN PENCILS ASST"
16144.0,Potential Customers,"WORLD WAR 2 GLIDERS ASSTD DESIGNS, ASSORTED COLOUR BIRD ORNAMENT, ASSORTED COLOURS SILK FAN, GIRLS ALPHABET IRON ON PATCHES , POPART WOODEN PENCILS ASST"
16146.0,Loyal Customers,"SMALL CHINESE STYLE SCISSOR, BLACK AND WHITE PAISLEY FLOWER MUG, WHITE HANGING HEART T-LIGHT HOLDER, WORLD WAR 2 GLIDERS ASSTD DESIGNS, ASSORTED COLOUR BIRD ORNAMENT"
16148.0,Potential Customers,"WORLD WAR 2 GLIDERS ASSTD DESIGNS, ASSORTED COLOUR BIRD ORNAMENT, ASSORTED COLOURS SILK FAN, GIRLS ALPHABET IRON ON PATCHES , POPART WOODEN PENCILS ASST"
16152.0,Potential Customers,"WORLD WAR 2 GLIDERS ASSTD DESIGNS, ASSORTED COLOUR BIRD ORNAMENT, ASSORTED COLOURS SILK FAN, GIRLS ALPHABET IRON ON PATCHES , POPART WOODEN PENCILS ASST"
16155.0,At Risk Customers,"GIRLS ALPHABET IRON ON PATCHES , WHITE HANGING HEART T-LIGHT HOLDER, ASSTD DESIGN BUBBLE GUM RING, LUNCH BAG  BLACK SKULL., WORLD WAR 2 GLIDERS ASSTD DESIGNS"
16157.0,Potential Customers,"WORLD WAR 2 GLIDERS ASSTD DESIGNS, ASSORTED COLOUR BIRD ORNAMENT, ASSORTED COLOURS SILK FAN, GIRLS ALPHABET IRON ON PATCHES , POPART WOODEN PENCILS ASST"
16158.0,At Risk Customers,"GIRLS ALPHABET IRON ON PATCHES , WHITE HANGING HEART T-LIGHT HOLDER, ASSTD DESIGN BUBBLE GUM RING, LUNCH BAG  BLACK SKULL., WORLD WAR 2 GLIDERS ASSTD DESIGNS"
16159.0,Loyal Customers,"SMALL CHINESE STYLE SCISSOR, BLACK AND WHITE PAISLEY FLOWER MUG, WHITE HANGING HEART T-LIGHT HOLDER, WORLD WAR 2 GLIDERS ASSTD DESIGNS, ASSORTED COLOUR BIRD ORNAMENT"
16162.0,Potential Customers,"WORLD WAR 2 GLIDERS ASSTD DESIGNS, ASSORTED COLOUR BIRD ORNAMENT, ASSORTED COLOURS SILK FAN, GIRLS ALPHABET IRON ON PATCHES , POPART WOODEN PENCILS ASST"
16163.0,Loyal Customers,"SMALL CHINESE STYLE SCISSOR, BLACK AND WHITE PAISLEY FLOWER MUG, WHITE HANGING HEART T-LIGHT HOLDER, WORLD WAR 2 GLIDERS ASSTD DESIGNS, ASSORTED COLOUR BIRD ORNAMENT"
16165.0,At Risk Customers,"GIRLS ALPHABET IRON ON PATCHES , WHITE HANGING HEART T-LIGHT HOLDER, ASSTD DESIGN BUBBLE GUM RING, LUNCH BAG  BLACK SKULL., WORLD WAR 2 GLIDERS ASSTD DESIGNS"
16166.0,At Risk Customers,"GIRLS ALPHABET IRON ON PATCHES , WHITE HANGING HEART T-LIGHT HOLDER, ASSTD DESIGN BUBBLE GUM RING, LUNCH BAG  BLACK SKULL., WORLD WAR 2 GLIDERS ASSTD DESIGNS"
16167.0,Loyal Customers,"SMALL CHINESE STYLE SCISSOR, BLACK AND WHITE PAISLEY FLOWER MUG, WHITE HANGING HEART T-LIGHT HOLDER, WORLD WAR 2 GLIDERS ASSTD DESIGNS, ASSORTED COLOUR BIRD ORNAMENT"
16171.0,Potential Customers,"WORLD WAR 2 GLIDERS ASSTD DESIGNS, ASSORTED COLOUR BIRD ORNAMENT, ASSORTED COLOURS SILK FAN, GIRLS ALPHABET IRON ON PATCHES , POPART WOODEN PENCILS ASST"
16174.0,Loyal Customers,"SMALL CHINESE STYLE SCISSOR, BLACK AND WHITE PAISLEY FLOWER MUG, WHITE HANGING HEART T-LIGHT HOLDER, WORLD WAR 2 GLIDERS ASSTD DESIGNS, ASSORTED COLOUR BIRD ORNAMENT"
16175.0,Loyal Customers,"SMALL CHINESE STYLE SCISSOR, BLACK AND WHITE PAISLEY FLOWER MUG, WHITE HANGING HEART T-LIGHT HOLDER, WORLD WAR 2 GLIDERS ASSTD DESIGNS, ASSORTED COLOUR BIRD ORNAMENT"
16176.0,Loyal Customers,"SMALL CHINESE STYLE SCISSOR, BLACK AND WHITE PAISLEY FLOWER MUG, WHITE HANGING HEART T-LIGHT HOLDER, WORLD WAR 2 GLIDERS ASSTD DESIGNS, ASSORTED COLOUR BIRD ORNAMENT"
16178.0,Potential Customers,"WORLD WAR 2 GLIDERS ASSTD DESIGNS, ASSORTED COLOUR BIRD ORNAMENT, ASSORTED COLOURS SILK FAN, GIRLS ALPHABET IRON ON PATCHES , POPART WOODEN PENCILS ASST"
16179.0,Potential Customers,"WORLD WAR 2 GLIDERS ASSTD DESIGNS, ASSORTED COLOUR BIRD ORNAMENT, ASSORTED COLOURS SILK FAN, GIRLS ALPHABET IRON ON PATCHES , POPART WOODEN PENCILS ASST"
16180.0,Champions,"WORLD WAR 2 GLIDERS ASSTD DESIGNS, PAPER CRAFT , LITTLE BIRDIE, MEDIUM CERAMIC TOP STORAGE JAR, WHITE HANGING HEART T-LIGHT HOLDER, JUMBO BAG RED RETROSPOT"
16181.0,Potential Customers,"WORLD WAR 2 GLIDERS ASSTD DESIGNS, ASSORTED COLOUR BIRD ORNAMENT, ASSORTED COLOURS SILK FAN, GIRLS ALPHABET IRON ON PATCHES , POPART WOODEN PENCILS ASST"
16189.0,Potential Customers,"WORLD WAR 2 GLIDERS ASSTD DESIGNS, ASSORTED COLOUR BIRD ORNAMENT, ASSORTED COLOURS SILK FAN, GIRLS ALPHABET IRON ON PATCHES , POPART WOODEN PENCILS ASST"
16192.0,At Risk Customers,"GIRLS ALPHABET IRON ON PATCHES , WHITE HANGING HEART T-LIGHT HOLDER, ASSTD DESIGN BUBBLE GUM RING, LUNCH BAG  BLACK SKULL., WORLD WAR 2 GLIDERS ASSTD DESIGNS"
16193.0,Potential Customers,"WORLD WAR 2 GLIDERS ASSTD DESIGNS, ASSORTED COLOUR BIRD ORNAMENT, ASSORTED COLOURS SILK FAN, GIRLS ALPHABET IRON ON PATCHES , POPART WOODEN PENCILS ASST"
16194.0,At Risk Customers,"GIRLS ALPHABET IRON ON PATCHES , WHITE HANGING HEART T-LIGHT HOLDER, ASSTD DESIGN BUBBLE GUM RING, LUNCH BAG  BLACK SKULL., WORLD WAR 2 GLIDERS ASSTD DESIGNS"
16195.0,At Risk Customers,"GIRLS ALPHABET IRON ON PATCHES , WHITE HANGING HEART T-LIGHT HOLDER, ASSTD DESIGN BUBBLE GUM RING, LUNCH BAG  BLACK SKULL., WORLD WAR 2 GLIDERS ASSTD DESIGNS"
16196.0,At Risk Customers,"GIRLS ALPHABET IRON ON PATCHES , WHITE HANGING HEART T-LIGHT HOLDER, ASSTD DESIGN BUBBLE GUM RING, LUNCH BAG  BLACK SKULL., WORLD WAR 2 GLIDERS ASSTD DESIGNS"
16199.0,Loyal Customers,"SMALL CHINESE STYLE SCISSOR, BLACK AND WHITE PAISLEY FLOWER MUG, WHITE HANGING HEART T-LIGHT HOLDER, WORLD WAR 2 GLIDERS ASSTD DESIGNS, ASSORTED COLOUR BIRD ORNAMENT"
16203.0,Loyal Customers,"SMALL CHINESE STYLE SCISSOR, BLACK AND WHITE PAISLEY FLOWER MUG, WHITE HANGING HEART T-LIGHT HOLDER, WORLD WAR 2 GLIDERS ASSTD DESIGNS, ASSORTED COLOUR BIRD ORNAMENT"
16207.0,Potential Customers,"WORLD WAR 2 GLIDERS ASSTD DESIGNS, ASSORTED COLOUR BIRD ORNAMENT, ASSORTED COLOURS SILK FAN, GIRLS ALPHABET IRON ON PATCHES , POPART WOODEN PENCILS ASST"
16213.0,Potential Customers,"WORLD WAR 2 GLIDERS ASSTD DESIGNS, ASSORTED COLOUR BIRD ORNAMENT, ASSORTED COLOURS SILK FAN, GIRLS ALPHABET IRON ON PATCHES , POPART WOODEN PENCILS ASST"
16214.0,Loyal Customers,"SMALL CHINESE STYLE SCISSOR, BLACK AND WHITE PAISLEY FLOWER MUG, WHITE HANGING HEART T-LIGHT HOLDER, WORLD WAR 2 GLIDERS ASSTD DESIGNS, ASSORTED COLOUR BIRD ORNAMENT"
16215.0,Potential Customers,"WORLD WAR 2 GLIDERS ASSTD DESIGNS, ASSORTED COLOUR BIRD ORNAMENT, ASSORTED COLOURS SILK FAN, GIRLS ALPHABET IRON ON PATCHES , POPART WOODEN PENCILS ASST"
16216.0,Potential Customers,"WORLD WAR 2 GLIDERS ASSTD DESIGNS, ASSORTED COLOUR BIRD ORNAMENT, ASSORTED COLOURS SILK FAN, GIRLS ALPHABET IRON ON PATCHES , POPART WOODEN PENCILS ASST"
16217.0,Potential Customers,"WORLD WAR 2 GLIDERS ASSTD DESIGNS, ASSORTED COLOUR BIRD ORNAMENT, ASSORTED COLOURS SILK FAN, GIRLS ALPHABET IRON ON PATCHES , POPART WOODEN PENCILS ASST"
16219.0,At Risk Customers,"GIRLS ALPHABET IRON ON PATCHES , WHITE HANGING HEART T-LIGHT HOLDER, ASSTD DESIGN BUBBLE GUM RING, LUNCH BAG  BLACK SKULL., WORLD WAR 2 GLIDERS ASSTD DESIGNS"
16224.0,Loyal Customers,"SMALL CHINESE STYLE SCISSOR, BLACK AND WHITE PAISLEY FLOWER MUG, WHITE HANGING HEART T-LIGHT HOLDER, WORLD WAR 2 GLIDERS ASSTD DESIGNS, ASSORTED COLOUR BIRD ORNAMENT"
16226.0,Loyal Customers,"SMALL CHINESE STYLE SCISSOR, BLACK AND WHITE PAISLEY FLOWER MUG, WHITE HANGING HEART T-LIGHT HOLDER, WORLD WAR 2 GLIDERS ASSTD DESIGNS, ASSORTED COLOUR BIRD ORNAMENT"
16227.0,Loyal Customers,"SMALL CHINESE STYLE SCISSOR, BLACK AND WHITE PAISLEY FLOWER MUG, WHITE HANGING HEART T-LIGHT HOLDER, WORLD WAR 2 GLIDERS ASSTD DESIGNS, ASSORTED COLOUR BIRD ORNAMENT"
16230.0,Potential Customers,"WORLD WAR 2 GLIDERS ASSTD DESIGNS, ASSORTED COLOUR BIRD ORNAMENT, ASSORTED COLOURS SILK FAN, GIRLS ALPHABET IRON ON PATCHES , POPART WOODEN PENCILS ASST"
16231.0,At Risk Customers,"GIRLS ALPHABET IRON ON PATCHES , WHITE HANGING HEART T-LIGHT HOLDER, ASSTD DESIGN BUBBLE GUM RING, LUNCH BAG  BLACK SKULL., WORLD WAR 2 GLIDERS ASSTD DESIGNS"
16234.0,At Risk Customers,"GIRLS ALPHABET IRON ON PATCHES , WHITE HANGING HEART T-LIGHT HOLDER, ASSTD DESIGN BUBBLE GUM RING, LUNCH BAG  BLACK SKULL., WORLD WAR 2 GLIDERS ASSTD DESIGNS"
16236.0,Potential Customers,"WORLD WAR 2 GLIDERS ASSTD DESIGNS, ASSORTED COLOUR BIRD ORNAMENT, ASSORTED COLOURS SILK FAN, GIRLS ALPHABET IRON ON PATCHES , POPART WOODEN PENCILS ASST"
16237.0,At Risk Customers,"GIRLS ALPHABET IRON ON PATCHES , WHITE HANGING HEART T-LIGHT HOLDER, ASSTD DESIGN BUBBLE GUM RING, LUNCH BAG  BLACK SKULL., WORLD WAR 2 GLIDERS ASSTD DESIGNS"
16238.0,At Risk Customers,"GIRLS ALPHABET IRON ON PATCHES , WHITE HANGING HEART T-LIGHT HOLDER, ASSTD DESIGN BUBBLE GUM RING, LUNCH BAG  BLACK SKULL., WORLD WAR 2 GLIDERS ASSTD DESIGNS"
16240.0,Loyal Customers,"SMALL CHINESE STYLE SCISSOR, BLACK AND WHITE PAISLEY FLOWER MUG, WHITE HANGING HEART T-LIGHT HOLDER, WORLD WAR 2 GLIDERS ASSTD DESIGNS, ASSORTED COLOUR BIRD ORNAMENT"
16243.0,Potential Customers,"WORLD WAR 2 GLIDERS ASSTD DESIGNS, ASSORTED COLOUR BIRD ORNAMENT, ASSORTED COLOURS SILK FAN, GIRLS ALPHABET IRON ON PATCHES , POPART WOODEN PENCILS ASST"
16244.0,Loyal Customers,"SMALL CHINESE STYLE SCISSOR, BLACK AND WHITE PAISLEY FLOWER MUG, WHITE HANGING HEART T-LIGHT HOLDER, WORLD WAR 2 GLIDERS ASSTD DESIGNS, ASSORTED COLOUR BIRD ORNAMENT"
16246.0,At Risk Customers,"GIRLS ALPHABET IRON ON PATCHES , WHITE HANGING HEART T-LIGHT HOLDER, ASSTD DESIGN BUBBLE GUM RING, LUNCH BAG  BLACK SKULL., WORLD WAR 2 GLIDERS ASSTD DESIGNS"
16247.0,Potential Customers,"WORLD WAR 2 GLIDERS ASSTD DESIGNS, ASSORTED COLOUR BIRD ORNAMENT, ASSORTED COLOURS SILK FAN, GIRLS ALPHABET IRON ON PATCHES , POPART WOODEN PENCILS ASST"
16248.0,Potential Customers,"WORLD WAR 2 GLIDERS ASSTD DESIGNS, ASSORTED COLOUR BIRD ORNAMENT, ASSORTED COLOURS SILK FAN, GIRLS ALPHABET IRON ON PATCHES , POPART WOODEN PENCILS ASST"
16250.0,Potential Customers,"WORLD WAR 2 GLIDERS ASSTD DESIGNS, ASSORTED COLOUR BIRD ORNAMENT, ASSORTED COLOURS SILK FAN, GIRLS ALPHABET IRON ON PATCHES , POPART WOODEN PENCILS ASST"
16251.0,At Risk Customers,"GIRLS ALPHABET IRON ON PATCHES , WHITE HANGING HEART T-LIGHT HOLDER, ASSTD DESIGN BUBBLE GUM RING, LUNCH BAG  BLACK SKULL., WORLD WAR 2 GLIDERS ASSTD DESIGNS"
16252.0,At Risk Customers,"GIRLS ALPHABET IRON ON PATCHES , WHITE HANGING HEART T-LIGHT HOLDER, ASSTD DESIGN BUBBLE GUM RING, LUNCH BAG  BLACK SKULL., WORLD WAR 2 GLIDERS ASSTD DESIGNS"
16254.0,At Risk Customers,"GIRLS ALPHABET IRON ON PATCHES , WHITE HANGING HEART T-LIGHT HOLDER, ASSTD DESIGN BUBBLE GUM RING, LUNCH BAG  BLACK SKULL., WORLD WAR 2 GLIDERS ASSTD DESIGNS"
16256.0,Loyal Customers,"SMALL CHINESE STYLE SCISSOR, BLACK AND WHITE PAISLEY FLOWER MUG, WHITE HANGING HEART T-LIGHT HOLDER, WORLD WAR 2 GLIDERS ASSTD DESIGNS, ASSORTED COLOUR BIRD ORNAMENT"
16257.0,Potential Customers,"WORLD WAR 2 GLIDERS ASSTD DESIGNS, ASSORTED COLOUR BIRD ORNAMENT, ASSORTED COLOURS SILK FAN, GIRLS ALPHABET IRON ON PATCHES , POPART WOODEN PENCILS ASST"
16259.0,At Risk Customers,"GIRLS ALPHABET IRON ON PATCHES , WHITE HANGING HEART T-LIGHT HOLDER, ASSTD DESIGN BUBBLE GUM RING, LUNCH BAG  BLACK SKULL., WORLD WAR 2 GLIDERS ASSTD DESIGNS"
16260.0,Potential Customers,"WORLD WAR 2 GLIDERS ASSTD DESIGNS, ASSORTED COLOUR BIRD ORNAMENT, ASSORTED COLOURS SILK FAN, GIRLS ALPHABET IRON ON PATCHES , POPART WOODEN PENCILS ASST"
16262.0,At Risk Customers,"GIRLS ALPHABET IRON ON PATCHES , WHITE HANGING HEART T-LIGHT HOLDER, ASSTD DESIGN BUBBLE GUM RING, LUNCH BAG  BLACK SKULL., WORLD WAR 2 GLIDERS ASSTD DESIGNS"
16263.0,At Risk Customers,"GIRLS ALPHABET IRON ON PATCHES , WHITE HANGING HEART T-LIGHT HOLDER, ASSTD DESIGN BUBBLE GUM RING, LUNCH BAG  BLACK SKULL., WORLD WAR 2 GLIDERS ASSTD DESIGNS"
16264.0,At Risk Customers,"GIRLS ALPHABET IRON ON PATCHES , WHITE HANGING HEART T-LIGHT HOLDER, ASSTD DESIGN BUBBLE GUM RING, LUNCH BAG  BLACK SKULL., WORLD WAR 2 GLIDERS ASSTD DESIGNS"
16267.0,At Risk Customers,"GIRLS ALPHABET IRON ON PATCHES , WHITE HANGING HEART T-LIGHT HOLDER, ASSTD DESIGN BUBBLE GUM RING, LUNCH BAG  BLACK SKULL., WORLD WAR 2 GLIDERS ASSTD DESIGNS"
16268.0,Potential Customers,"WORLD WAR 2 GLIDERS ASSTD DESIGNS, ASSORTED COLOUR BIRD ORNAMENT, ASSORTED COLOURS SILK FAN, GIRLS ALPHABET IRON ON PATCHES , POPART WOODEN PENCILS ASST"
16269.0,At Risk Customers,"GIRLS ALPHABET IRON ON PATCHES , WHITE HANGING HEART T-LIGHT HOLDER, ASSTD DESIGN BUBBLE GUM RING, LUNCH BAG  BLACK SKULL., WORLD WAR 2 GLIDERS ASSTD DESIGNS"
16270.0,At Risk Customers,"GIRLS ALPHABET IRON ON PATCHES , WHITE HANGING HEART T-LIGHT HOLDER, ASSTD DESIGN BUBBLE GUM RING, LUNCH BAG  BLACK SKULL., WORLD WAR 2 GLIDERS ASSTD DESIGNS"
16272.0,Potential Customers,"WORLD WAR 2 GLIDERS ASSTD DESIGNS, ASSORTED COLOUR BIRD ORNAMENT, ASSORTED COLOURS SILK FAN, GIRLS ALPHABET IRON ON PATCHES , POPART WOODEN PENCILS ASST"
16273.0,At Risk Customers,"GIRLS ALPHABET IRON ON PATCHES , WHITE HANGING HEART T-LIGHT HOLDER, ASSTD DESIGN BUBBLE GUM RING, LUNCH BAG  BLACK SKULL., WORLD WAR 2 GLIDERS ASSTD DESIGNS"
16274.0,At Risk Customers,"GIRLS ALPHABET IRON ON PATCHES , WHITE HANGING HEART T-LIGHT HOLDER, ASSTD DESIGN BUBBLE GUM RING, LUNCH BAG  BLACK SKULL., WORLD WAR 2 GLIDERS ASSTD DESIGNS"
16275.0,Loyal Customers,"SMALL CHINESE STYLE SCISSOR, BLACK AND WHITE PAISLEY FLOWER MUG, WHITE HANGING HEART T-LIGHT HOLDER, WORLD WAR 2 GLIDERS ASSTD DESIGNS, ASSORTED COLOUR BIRD ORNAMENT"
16276.0,Loyal Customers,"SMALL CHINESE STYLE SCISSOR, BLACK AND WHITE PAISLEY FLOWER MUG, WHITE HANGING HEART T-LIGHT HOLDER, WORLD WAR 2 GLIDERS ASSTD DESIGNS, ASSORTED COLOUR BIRD ORNAMENT"
16277.0,At Risk Customers,"GIRLS ALPHABET IRON ON PATCHES , WHITE HANGING HEART T-LIGHT HOLDER, ASSTD DESIGN BUBBLE GUM RING, LUNCH BAG  BLACK SKULL., WORLD WAR 2 GLIDERS ASSTD DESIGNS"
16278.0,Loyal Customers,"SMALL CHINESE STYLE SCISSOR, BLACK AND WHITE PAISLEY FLOWER MUG, WHITE HANGING HEART T-LIGHT HOLDER, WORLD WAR 2 GLIDERS ASSTD DESIGNS, ASSORTED COLOUR BIRD ORNAMENT"
16280.0,At Risk Customers,"GIRLS ALPHABET IRON ON PATCHES , WHITE HANGING HEART T-LIGHT HOLDER, ASSTD DESIGN BUBBLE GUM RING, LUNCH BAG  BLACK SKULL., WORLD WAR 2 GLIDERS ASSTD DESIGNS"
16282.0,Loyal Customers,"SMALL CHINESE STYLE SCISSOR, BLACK AND WHITE PAISLEY FLOWER MUG, WHITE HANGING HEART T-LIGHT HOLDER, WORLD WAR 2 GLIDERS ASSTD DESIGNS, ASSORTED COLOUR BIRD ORNAMENT"
16285.0,At Risk Customers,"GIRLS ALPHABET IRON ON PATCHES , WHITE HANGING HEART T-LIGHT HOLDER, ASSTD DESIGN BUBBLE GUM RING, LUNCH BAG  BLACK SKULL., WORLD WAR 2 GLIDERS ASSTD DESIGNS"
16286.0,At Risk Customers,"GIRLS ALPHABET IRON ON PATCHES , WHITE HANGING HEART T-LIGHT HOLDER, ASSTD DESIGN BUBBLE GUM RING, LUNCH BAG  BLACK SKULL., WORLD WAR 2 GLIDERS ASSTD DESIGNS"
16287.0,Loyal Customers,"SMALL CHINESE STYLE SCISSOR, BLACK AND WHITE PAISLEY FLOWER MUG, WHITE HANGING HEART T-LIGHT HOLDER, WORLD WAR 2 GLIDERS ASSTD DESIGNS, ASSORTED COLOUR BIRD ORNAMENT"
16288.0,At Risk Customers,"GIRLS ALPHABET IRON ON PATCHES , WHITE HANGING HEART T-LIGHT HOLDER, ASSTD DESIGN BUBBLE GUM RING, LUNCH BAG  BLACK SKULL., WORLD WAR 2 GLIDERS ASSTD DESIGNS"
16289.0,At Risk Customers,"GIRLS ALPHABET IRON ON PATCHES , WHITE HANGING HEART T-LIGHT HOLDER, ASSTD DESIGN BUBBLE GUM RING, LUNCH BAG  BLACK SKULL., WORLD WAR 2 GLIDERS ASSTD DESIGNS"
16291.0,At Risk Customers,"GIRLS ALPHABET IRON ON PATCHES , WHITE HANGING HEART T-LIGHT HOLDER, ASSTD DESIGN BUBBLE GUM RING, LUNCH BAG  BLACK SKULL., WORLD WAR 2 GLIDERS ASSTD DESIGNS"
16292.0,Loyal Customers,"SMALL CHINESE STYLE SCISSOR, BLACK AND WHITE PAISLEY FLOWER MUG, WHITE HANGING HEART T-LIGHT HOLDER, WORLD WAR 2 GLIDERS ASSTD DESIGNS, ASSORTED COLOUR BIRD ORNAMENT"
16294.0,At Risk Customers,"GIRLS ALPHABET IRON ON PATCHES , WHITE HANGING HEART T-LIGHT HOLDER, ASSTD DESIGN BUBBLE GUM RING, LUNCH BAG  BLACK SKULL., WORLD WAR 2 GLIDERS ASSTD DESIGNS"
16297.0,Potential Customers,"WORLD WAR 2 GLIDERS ASSTD DESIGNS, ASSORTED COLOUR BIRD ORNAMENT, ASSORTED COLOURS SILK FAN, GIRLS ALPHABET IRON ON PATCHES , POPART WOODEN PENCILS ASST"
16299.0,At Risk Customers,"GIRLS ALPHABET IRON ON PATCHES , WHITE HANGING HEART T-LIGHT HOLDER, ASSTD DESIGN BUBBLE GUM RING, LUNCH BAG  BLACK SKULL., WORLD WAR 2 GLIDERS ASSTD DESIGNS"
16300.0,At Risk Customers,"GIRLS ALPHABET IRON ON PATCHES , WHITE HANGING HEART T-LIGHT HOLDER, ASSTD DESIGN BUBBLE GUM RING, LUNCH BAG  BLACK SKULL., WORLD WAR 2 GLIDERS ASSTD DESIGNS"
16301.0,At Risk Customers,"GIRLS ALPHABET IRON ON PATCHES , WHITE HANGING HEART T-LIGHT HOLDER, ASSTD DESIGN BUBBLE GUM RING, LUNCH BAG  BLACK SKULL., WORLD WAR 2 GLIDERS ASSTD DESIGNS"
16302.0,Potential Customers,"WORLD WAR 2 GLIDERS ASSTD DESIGNS, ASSORTED COLOUR BIRD ORNAMENT, ASSORTED COLOURS SILK FAN, GIRLS ALPHABET IRON ON PATCHES , POPART WOODEN PENCILS ASST"
16304.0,At Risk Customers,"GIRLS ALPHABET IRON ON PATCHES , WHITE HANGING HEART T-LIGHT HOLDER, ASSTD DESIGN BUBBLE GUM RING, LUNCH BAG  BLACK SKULL., WORLD WAR 2 GLIDERS ASSTD DESIGNS"
16305.0,Potential Customers,"WORLD WAR 2 GLIDERS ASSTD DESIGNS, ASSORTED COLOUR BIRD ORNAMENT, ASSORTED COLOURS SILK FAN, GIRLS ALPHABET IRON ON PATCHES , POPART WOODEN PENCILS ASST"
16306.0,Loyal Customers,"SMALL CHINESE STYLE SCISSOR, BLACK AND WHITE PAISLEY FLOWER MUG, WHITE HANGING HEART T-LIGHT HOLDER, WORLD WAR 2 GLIDERS ASSTD DESIGNS, ASSORTED COLOUR BIRD ORNAMENT"
16307.0,At Risk Customers,"GIRLS ALPHABET IRON ON PATCHES , WHITE HANGING HEART T-LIGHT HOLDER, ASSTD DESIGN BUBBLE GUM RING, LUNCH BAG  BLACK SKULL., WORLD WAR 2 GLIDERS ASSTD DESIGNS"
16309.0,Potential Customers,"WORLD WAR 2 GLIDERS ASSTD DESIGNS, ASSORTED COLOUR BIRD ORNAMENT, ASSORTED COLOURS SILK FAN, GIRLS ALPHABET IRON ON PATCHES , POPART WOODEN PENCILS ASST"
16310.0,At Risk Customers,"GIRLS ALPHABET IRON ON PATCHES , WHITE HANGING HEART T-LIGHT HOLDER, ASSTD DESIGN BUBBLE GUM RING, LUNCH BAG  BLACK SKULL., WORLD WAR 2 GLIDERS ASSTD DESIGNS"
16312.0,At Risk Customers,"GIRLS ALPHABET IRON ON PATCHES , WHITE HANGING HEART T-LIGHT HOLDER, ASSTD DESIGN BUBBLE GUM RING, LUNCH BAG  BLACK SKULL., WORLD WAR 2 GLIDERS ASSTD DESIGNS"
16313.0,Potential Customers,"WORLD WAR 2 GLIDERS ASSTD DESIGNS, ASSORTED COLOUR BIRD ORNAMENT, ASSORTED COLOURS SILK FAN, GIRLS ALPHABET IRON ON PATCHES , POPART WOODEN PENCILS ASST"
16315.0,At Risk Customers,"GIRLS ALPHABET IRON ON PATCHES , WHITE HANGING HEART T-LIGHT HOLDER, ASSTD DESIGN BUBBLE GUM RING, LUNCH BAG  BLACK SKULL., WORLD WAR 2 GLIDERS ASSTD DESIGNS"
16317.0,Loyal Customers,"SMALL CHINESE STYLE SCISSOR, BLACK AND WHITE PAISLEY FLOWER MUG, WHITE HANGING HEART T-LIGHT HOLDER, WORLD WAR 2 GLIDERS ASSTD DESIGNS, ASSORTED COLOUR BIRD ORNAMENT"
16318.0,Potential Customers,"WORLD WAR 2 GLIDERS ASSTD DESIGNS, ASSORTED COLOUR BIRD ORNAMENT, ASSORTED COLOURS SILK FAN, GIRLS ALPHABET IRON ON PATCHES , POPART WOODEN PENCILS ASST"
16319.0,Potential Customers,"WORLD WAR 2 GLIDERS ASSTD DESIGNS, ASSORTED COLOUR BIRD ORNAMENT, ASSORTED COLOURS SILK FAN, GIRLS ALPHABET IRON ON PATCHES , POPART WOODEN PENCILS ASST"
16320.0,Loyal Customers,"SMALL CHINESE STYLE SCISSOR, BLACK AND WHITE PAISLEY FLOWER MUG, WHITE HANGING HEART T-LIGHT HOLDER, WORLD WAR 2 GLIDERS ASSTD DESIGNS, ASSORTED COLOUR BIRD ORNAMENT"
16322.0,Potential Customers,"WORLD WAR 2 GLIDERS ASSTD DESIGNS, ASSORTED COLOUR BIRD ORNAMENT, ASSORTED COLOURS SILK FAN, GIRLS ALPHABET IRON ON PATCHES , POPART WOODEN PENCILS ASST"
16323.0,Potential Customers,"WORLD WAR 2 GLIDERS ASSTD DESIGNS, ASSORTED COLOUR BIRD ORNAMENT, ASSORTED COLOURS SILK FAN, GIRLS ALPHABET IRON ON PATCHES , POPART WOODEN PENCILS ASST"
16324.0,Potential Customers,"WORLD WAR 2 GLIDERS ASSTD DESIGNS, ASSORTED COLOUR BIRD ORNAMENT, ASSORTED COLOURS SILK FAN, GIRLS ALPHABET IRON ON PATCHES , POPART WOODEN PENCILS ASST"
16328.0,At Risk Customers,"GIRLS ALPHABET IRON ON PATCHES , WHITE HANGING HEART T-LIGHT HOLDER, ASSTD DESIGN BUBBLE GUM RING, LUNCH BAG  BLACK SKULL., WORLD WAR 2 GLIDERS ASSTD DESIGNS"
16329.0,At Risk Customers,"GIRLS ALPHABET IRON ON PATCHES , WHITE HANGING HEART T-LIGHT HOLDER, ASSTD DESIGN BUBBLE GUM RING, LUNCH BAG  BLACK SKULL., WORLD WAR 2 GLIDERS ASSTD DESIGNS"
16331.0,Loyal Customers,"SMALL CHINESE STYLE SCISSOR, BLACK AND WHITE PAISLEY FLOWER MUG, WHITE HANGING HEART T-LIGHT HOLDER, WORLD WAR 2 GLIDERS ASSTD DESIGNS, ASSORTED COLOUR BIRD ORNAMENT"
16334.0,At Risk Customers,"GIRLS ALPHABET IRON ON PATCHES , WHITE HANGING HEART T-LIGHT HOLDER, ASSTD DESIGN BUBBLE GUM RING, LUNCH BAG  BLACK SKULL., WORLD WAR 2 GLIDERS ASSTD DESIGNS"
16336.0,Loyal Customers,"SMALL CHINESE STYLE SCISSOR, BLACK AND WHITE PAISLEY FLOWER MUG, WHITE HANGING HEART T-LIGHT HOLDER, WORLD WAR 2 GLIDERS ASSTD DESIGNS, ASSORTED COLOUR BIRD ORNAMENT"
16337.0,Potential Customers,"WORLD WAR 2 GLIDERS ASSTD DESIGNS, ASSORTED COLOUR BIRD ORNAMENT, ASSORTED COLOURS SILK FAN, GIRLS ALPHABET IRON ON PATCHES , POPART WOODEN PENCILS ASST"
16338.0,Potential Customers,"WORLD WAR 2 GLIDERS ASSTD DESIGNS, ASSORTED COLOUR BIRD ORNAMENT, ASSORTED COLOURS SILK FAN, GIRLS ALPHABET IRON ON PATCHES , POPART WOODEN PENCILS ASST"
16339.0,Potential Customers,"WORLD WAR 2 GLIDERS ASSTD DESIGNS, ASSORTED COLOUR BIRD ORNAMENT, ASSORTED COLOURS SILK FAN, GIRLS ALPHABET IRON ON PATCHES , POPART WOODEN PENCILS ASST"
16340.0,Loyal Customers,"SMALL CHINESE STYLE SCISSOR, BLACK AND WHITE PAISLEY FLOWER MUG, WHITE HANGING HEART T-LIGHT HOLDER, WORLD WAR 2 GLIDERS ASSTD DESIGNS, ASSORTED COLOUR BIRD ORNAMENT"
16342.0,Potential Customers,"WORLD WAR 2 GLIDERS ASSTD DESIGNS, ASSORTED COLOUR BIRD ORNAMENT, ASSORTED COLOURS SILK FAN, GIRLS ALPHABET IRON ON PATCHES , POPART WOODEN PENCILS ASST"
16346.0,At Risk Customers,"GIRLS ALPHABET IRON ON PATCHES , WHITE HANGING HEART T-LIGHT HOLDER, ASSTD DESIGN BUBBLE GUM RING, LUNCH BAG  BLACK SKULL., WORLD WAR 2 GLIDERS ASSTD DESIGNS"
16349.0,At Risk Customers,"GIRLS ALPHABET IRON ON PATCHES , WHITE HANGING HEART T-LIGHT HOLDER, ASSTD DESIGN BUBBLE GUM RING, LUNCH BAG  BLACK SKULL., WORLD WAR 2 GLIDERS ASSTD DESIGNS"
16352.0,Potential Customers,"WORLD WAR 2 GLIDERS ASSTD DESIGNS, ASSORTED COLOUR BIRD ORNAMENT, ASSORTED COLOURS SILK FAN, GIRLS ALPHABET IRON ON PATCHES , POPART WOODEN PENCILS ASST"
16355.0,At Risk Customers,"GIRLS ALPHABET IRON ON PATCHES , WHITE HANGING HEART T-LIGHT HOLDER, ASSTD DESIGN BUBBLE GUM RING, LUNCH BAG  BLACK SKULL., WORLD WAR 2 GLIDERS ASSTD DESIGNS"
16356.0,Loyal Customers,"SMALL CHINESE STYLE SCISSOR, BLACK AND WHITE PAISLEY FLOWER MUG, WHITE HANGING HEART T-LIGHT HOLDER, WORLD WAR 2 GLIDERS ASSTD DESIGNS, ASSORTED COLOUR BIRD ORNAMENT"
16363.0,Potential Customers,"WORLD WAR 2 GLIDERS ASSTD DESIGNS, ASSORTED COLOUR BIRD ORNAMENT, ASSORTED COLOURS SILK FAN, GIRLS ALPHABET IRON ON PATCHES , POPART WOODEN PENCILS ASST"
16364.0,Potential Customers,"WORLD WAR 2 GLIDERS ASSTD DESIGNS, ASSORTED COLOUR BIRD ORNAMENT, ASSORTED COLOURS SILK FAN, GIRLS ALPHABET IRON ON PATCHES , POPART WOODEN PENCILS ASST"
16371.0,At Risk Customers,"GIRLS ALPHABET IRON ON PATCHES , WHITE HANGING HEART T-LIGHT HOLDER, ASSTD DESIGN BUBBLE GUM RING, LUNCH BAG  BLACK SKULL., WORLD WAR 2 GLIDERS ASSTD DESIGNS"
16373.0,At Risk Customers,"GIRLS ALPHABET IRON ON PATCHES , WHITE HANGING HEART T-LIGHT HOLDER, ASSTD DESIGN BUBBLE GUM RING, LUNCH BAG  BLACK SKULL., WORLD WAR 2 GLIDERS ASSTD DESIGNS"
16375.0,At Risk Customers,"GIRLS ALPHABET IRON ON PATCHES , WHITE HANGING HEART T-LIGHT HOLDER, ASSTD DESIGN BUBBLE GUM RING, LUNCH BAG  BLACK SKULL., WORLD WAR 2 GLIDERS ASSTD DESIGNS"
16377.0,Potential Customers,"WORLD WAR 2 GLIDERS ASSTD DESIGNS, ASSORTED COLOUR BIRD ORNAMENT, ASSORTED COLOURS SILK FAN, GIRLS ALPHABET IRON ON PATCHES , POPART WOODEN PENCILS ASST"
16378.0,Potential Customers,"WORLD WAR 2 GLIDERS ASSTD DESIGNS, ASSORTED COLOUR BIRD ORNAMENT, ASSORTED COLOURS SILK FAN, GIRLS ALPHABET IRON ON PATCHES , POPART WOODEN PENCILS ASST"
16380.0,Potential Customers,"WORLD WAR 2 GLIDERS ASSTD DESIGNS, ASSORTED COLOUR BIRD ORNAMENT, ASSORTED COLOURS SILK FAN, GIRLS ALPHABET IRON ON PATCHES , POPART WOODEN PENCILS ASST"
16381.0,At Risk Customers,"GIRLS ALPHABET IRON ON PATCHES , WHITE HANGING HEART T-LIGHT HOLDER, ASSTD DESIGN BUBBLE GUM RING, LUNCH BAG  BLACK SKULL., WORLD WAR 2 GLIDERS ASSTD DESIGNS"
16382.0,At Risk Customers,"GIRLS ALPHABET IRON ON PATCHES , WHITE HANGING HEART T-LIGHT HOLDER, ASSTD DESIGN BUBBLE GUM RING, LUNCH BAG  BLACK SKULL., WORLD WAR 2 GLIDERS ASSTD DESIGNS"
16387.0,Loyal Customers,"SMALL CHINESE STYLE SCISSOR, BLACK AND WHITE PAISLEY FLOWER MUG, WHITE HANGING HEART T-LIGHT HOLDER, WORLD WAR 2 GLIDERS ASSTD DESIGNS, ASSORTED COLOUR BIRD ORNAMENT"
16388.0,At Risk Customers,"GIRLS ALPHABET IRON ON PATCHES , WHITE HANGING HEART T-LIGHT HOLDER, ASSTD DESIGN BUBBLE GUM RING, LUNCH BAG  BLACK SKULL., WORLD WAR 2 GLIDERS ASSTD DESIGNS"
16389.0,Loyal Customers,"SMALL CHINESE STYLE SCISSOR, BLACK AND WHITE PAISLEY FLOWER MUG, WHITE HANGING HEART T-LIGHT HOLDER, WORLD WAR 2 GLIDERS ASSTD DESIGNS, ASSORTED COLOUR BIRD ORNAMENT"
16390.0,At Risk Customers,"GIRLS ALPHABET IRON ON PATCHES , WHITE HANGING HEART T-LIGHT HOLDER, ASSTD DESIGN BUBBLE GUM RING, LUNCH BAG  BLACK SKULL., WORLD WAR 2 GLIDERS ASSTD DESIGNS"
16391.0,At Risk Customers,"GIRLS ALPHABET IRON ON PATCHES , WHITE HANGING HEART T-LIGHT HOLDER, ASSTD DESIGN BUBBLE GUM RING, LUNCH BAG  BLACK SKULL., WORLD WAR 2 GLIDERS ASSTD DESIGNS"
16392.0,Potential Customers,"WORLD WAR 2 GLIDERS ASSTD DESIGNS, ASSORTED COLOUR BIRD ORNAMENT, ASSORTED COLOURS SILK FAN, GIRLS ALPHABET IRON ON PATCHES , POPART WOODEN PENCILS ASST"
16396.0,At Risk Customers,"GIRLS ALPHABET IRON ON PATCHES , WHITE HANGING HEART T-LIGHT HOLDER, ASSTD DESIGN BUBBLE GUM RING, LUNCH BAG  BLACK SKULL., WORLD WAR 2 GLIDERS ASSTD DESIGNS"
16397.0,At Risk Customers,"GIRLS ALPHABET IRON ON PATCHES , WHITE HANGING HEART T-LIGHT HOLDER, ASSTD DESIGN BUBBLE GUM RING, LUNCH BAG  BLACK SKULL., WORLD WAR 2 GLIDERS ASSTD DESIGNS"
16398.0,Loyal Customers,"SMALL CHINESE STYLE SCISSOR, BLACK AND WHITE PAISLEY FLOWER MUG, WHITE HANGING HEART T-LIGHT HOLDER, WORLD WAR 2 GLIDERS ASSTD DESIGNS, ASSORTED COLOUR BIRD ORNAMENT"
16402.0,Potential Customers,"WORLD WAR 2 GLIDERS ASSTD DESIGNS, ASSORTED COLOUR BIRD ORNAMENT, ASSORTED COLOURS SILK FAN, GIRLS ALPHABET IRON ON PATCHES , POPART WOODEN PENCILS ASST"
16403.0,At Risk Customers,"GIRLS ALPHABET IRON ON PATCHES , WHITE HANGING HEART T-LIGHT HOLDER, ASSTD DESIGN BUBBLE GUM RING, LUNCH BAG  BLACK SKULL., WORLD WAR 2 GLIDERS ASSTD DESIGNS"
16404.0,Potential Customers,"WORLD WAR 2 GLIDERS ASSTD DESIGNS, ASSORTED COLOUR BIRD ORNAMENT, ASSORTED COLOURS SILK FAN, GIRLS ALPHABET IRON ON PATCHES , POPART WOODEN PENCILS ASST"
16405.0,At Risk Customers,"GIRLS ALPHABET IRON ON PATCHES , WHITE HANGING HEART T-LIGHT HOLDER, ASSTD DESIGN BUBBLE GUM RING, LUNCH BAG  BLACK SKULL., WORLD WAR 2 GLIDERS ASSTD DESIGNS"
16408.0,At Risk Customers,"GIRLS ALPHABET IRON ON PATCHES , WHITE HANGING HEART T-LIGHT HOLDER, ASSTD DESIGN BUBBLE GUM RING, LUNCH BAG  BLACK SKULL., WORLD WAR 2 GLIDERS ASSTD DESIGNS"
16410.0,At Risk Customers,"GIRLS ALPHABET IRON ON PATCHES , WHITE HANGING HEART T-LIGHT HOLDER, ASSTD DESIGN BUBBLE GUM RING, LUNCH BAG  BLACK SKULL., WORLD WAR 2 GLIDERS ASSTD DESIGNS"
16413.0,Potential Customers,"WORLD WAR 2 GLIDERS ASSTD DESIGNS, ASSORTED COLOUR BIRD ORNAMENT, ASSORTED COLOURS SILK FAN, GIRLS ALPHABET IRON ON PATCHES , POPART WOODEN PENCILS ASST"
16417.0,At Risk Customers,"GIRLS ALPHABET IRON ON PATCHES , WHITE HANGING HEART T-LIGHT HOLDER, ASSTD DESIGN BUBBLE GUM RING, LUNCH BAG  BLACK SKULL., WORLD WAR 2 GLIDERS ASSTD DESIGNS"
16419.0,Loyal Customers,"SMALL CHINESE STYLE SCISSOR, BLACK AND WHITE PAISLEY FLOWER MUG, WHITE HANGING HEART T-LIGHT HOLDER, WORLD WAR 2 GLIDERS ASSTD DESIGNS, ASSORTED COLOUR BIRD ORNAMENT"
16420.0,At Risk Customers,"GIRLS ALPHABET IRON ON PATCHES , WHITE HANGING HEART T-LIGHT HOLDER, ASSTD DESIGN BUBBLE GUM RING, LUNCH BAG  BLACK SKULL., WORLD WAR 2 GLIDERS ASSTD DESIGNS"
16421.0,At Risk Customers,"GIRLS ALPHABET IRON ON PATCHES , WHITE HANGING HEART T-LIGHT HOLDER, ASSTD DESIGN BUBBLE GUM RING, LUNCH BAG  BLACK SKULL., WORLD WAR 2 GLIDERS ASSTD DESIGNS"
16423.0,Potential Customers,"WORLD WAR 2 GLIDERS ASSTD DESIGNS, ASSORTED COLOUR BIRD ORNAMENT, ASSORTED COLOURS SILK FAN, GIRLS ALPHABET IRON ON PATCHES , POPART WOODEN PENCILS ASST"
16424.0,Potential Customers,"WORLD WAR 2 GLIDERS ASSTD DESIGNS, ASSORTED COLOUR BIRD ORNAMENT, ASSORTED COLOURS SILK FAN, GIRLS ALPHABET IRON ON PATCHES , POPART WOODEN PENCILS ASST"
16425.0,At Risk Customers,"GIRLS ALPHABET IRON ON PATCHES , WHITE HANGING HEART T-LIGHT HOLDER, ASSTD DESIGN BUBBLE GUM RING, LUNCH BAG  BLACK SKULL., WORLD WAR 2 GLIDERS ASSTD DESIGNS"
16427.0,Potential Customers,"WORLD WAR 2 GLIDERS ASSTD DESIGNS, ASSORTED COLOUR BIRD ORNAMENT, ASSORTED COLOURS SILK FAN, GIRLS ALPHABET IRON ON PATCHES , POPART WOODEN PENCILS ASST"
16428.0,At Risk Customers,"GIRLS ALPHABET IRON ON PATCHES , WHITE HANGING HEART T-LIGHT HOLDER, ASSTD DESIGN BUBBLE GUM RING, LUNCH BAG  BLACK SKULL., WORLD WAR 2 GLIDERS ASSTD DESIGNS"
16429.0,Potential Customers,"WORLD WAR 2 GLIDERS ASSTD DESIGNS, ASSORTED COLOUR BIRD ORNAMENT, ASSORTED COLOURS SILK FAN, GIRLS ALPHABET IRON ON PATCHES , POPART WOODEN PENCILS ASST"
16431.0,Potential Customers,"WORLD WAR 2 GLIDERS ASSTD DESIGNS, ASSORTED COLOUR BIRD ORNAMENT, ASSORTED COLOURS SILK FAN, GIRLS ALPHABET IRON ON PATCHES , POPART WOODEN PENCILS ASST"
16432.0,Potential Customers,"WORLD WAR 2 GLIDERS ASSTD DESIGNS, ASSORTED COLOUR BIRD ORNAMENT, ASSORTED COLOURS SILK FAN, GIRLS ALPHABET IRON ON PATCHES , POPART WOODEN PENCILS ASST"
16435.0,At Risk Customers,"GIRLS ALPHABET IRON ON PATCHES , WHITE HANGING HEART T-LIGHT HOLDER, ASSTD DESIGN BUBBLE GUM RING, LUNCH BAG  BLACK SKULL., WORLD WAR 2 GLIDERS ASSTD DESIGNS"
16436.0,At Risk Customers,"GIRLS ALPHABET IRON ON PATCHES , WHITE HANGING HEART T-LIGHT HOLDER, ASSTD DESIGN BUBBLE GUM RING, LUNCH BAG  BLACK SKULL., WORLD WAR 2 GLIDERS ASSTD DESIGNS"
16437.0,At Risk Customers,"GIRLS ALPHABET IRON ON PATCHES , WHITE HANGING HEART T-LIGHT HOLDER, ASSTD DESIGN BUBBLE GUM RING, LUNCH BAG  BLACK SKULL., WORLD WAR 2 GLIDERS ASSTD DESIGNS"
16439.0,At Risk Customers,"GIRLS ALPHABET IRON ON PATCHES , WHITE HANGING HEART T-LIGHT HOLDER, ASSTD DESIGN BUBBLE GUM RING, LUNCH BAG  BLACK SKULL., WORLD WAR 2 GLIDERS ASSTD DESIGNS"
16443.0,At Risk Customers,"GIRLS ALPHABET IRON ON PATCHES , WHITE HANGING HEART T-LIGHT HOLDER, ASSTD DESIGN BUBBLE GUM RING, LUNCH BAG  BLACK SKULL., WORLD WAR 2 GLIDERS ASSTD DESIGNS"
16448.0,Potential Customers,"WORLD WAR 2 GLIDERS ASSTD DESIGNS, ASSORTED COLOUR BIRD ORNAMENT, ASSORTED COLOURS SILK FAN, GIRLS ALPHABET IRON ON PATCHES , POPART WOODEN PENCILS ASST"
16449.0,Potential Customers,"WORLD WAR 2 GLIDERS ASSTD DESIGNS, ASSORTED COLOUR BIRD ORNAMENT, ASSORTED COLOURS SILK FAN, GIRLS ALPHABET IRON ON PATCHES , POPART WOODEN PENCILS ASST"
16450.0,Loyal Customers,"SMALL CHINESE STYLE SCISSOR, BLACK AND WHITE PAISLEY FLOWER MUG, WHITE HANGING HEART T-LIGHT HOLDER, WORLD WAR 2 GLIDERS ASSTD DESIGNS, ASSORTED COLOUR BIRD ORNAMENT"
16452.0,At Risk Customers,"GIRLS ALPHABET IRON ON PATCHES , WHITE HANGING HEART T-LIGHT HOLDER, ASSTD DESIGN BUBBLE GUM RING, LUNCH BAG  BLACK SKULL., WORLD WAR 2 GLIDERS ASSTD DESIGNS"
16453.0,At Risk Customers,"GIRLS ALPHABET IRON ON PATCHES , WHITE HANGING HEART T-LIGHT HOLDER, ASSTD DESIGN BUBBLE GUM RING, LUNCH BAG  BLACK SKULL., WORLD WAR 2 GLIDERS ASSTD DESIGNS"
16457.0,Potential Customers,"WORLD WAR 2 GLIDERS ASSTD DESIGNS, ASSORTED COLOUR BIRD ORNAMENT, ASSORTED COLOURS SILK FAN, GIRLS ALPHABET IRON ON PATCHES , POPART WOODEN PENCILS ASST"
16459.0,At Risk Customers,"GIRLS ALPHABET IRON ON PATCHES , WHITE HANGING HEART T-LIGHT HOLDER, ASSTD DESIGN BUBBLE GUM RING, LUNCH BAG  BLACK SKULL., WORLD WAR 2 GLIDERS ASSTD DESIGNS"
16461.0,Loyal Customers,"SMALL CHINESE STYLE SCISSOR, BLACK AND WHITE PAISLEY FLOWER MUG, WHITE HANGING HEART T-LIGHT HOLDER, WORLD WAR 2 GLIDERS ASSTD DESIGNS, ASSORTED COLOUR BIRD ORNAMENT"
16465.0,At Risk Customers,"GIRLS ALPHABET IRON ON PATCHES , WHITE HANGING HEART T-LIGHT HOLDER, ASSTD DESIGN BUBBLE GUM RING, LUNCH BAG  BLACK SKULL., WORLD WAR 2 GLIDERS ASSTD DESIGNS"
16467.0,Loyal Customers,"SMALL CHINESE STYLE SCISSOR, BLACK AND WHITE PAISLEY FLOWER MUG, WHITE HANGING HEART T-LIGHT HOLDER, WORLD WAR 2 GLIDERS ASSTD DESIGNS, ASSORTED COLOUR BIRD ORNAMENT"
16471.0,Loyal Customers,"SMALL CHINESE STYLE SCISSOR, BLACK AND WHITE PAISLEY FLOWER MUG, WHITE HANGING HEART T-LIGHT HOLDER, WORLD WAR 2 GLIDERS ASSTD DESIGNS, ASSORTED COLOUR BIRD ORNAMENT"
16472.0,At Risk Customers,"GIRLS ALPHABET IRON ON PATCHES , WHITE HANGING HEART T-LIGHT HOLDER, ASSTD DESIGN BUBBLE GUM RING, LUNCH BAG  BLACK SKULL., WORLD WAR 2 GLIDERS ASSTD DESIGNS"
16473.0,Potential Customers,"WORLD WAR 2 GLIDERS ASSTD DESIGNS, ASSORTED COLOUR BIRD ORNAMENT, ASSORTED COLOURS SILK FAN, GIRLS ALPHABET IRON ON PATCHES , POPART WOODEN PENCILS ASST"
16475.0,Potential Customers,"WORLD WAR 2 GLIDERS ASSTD DESIGNS, ASSORTED COLOUR BIRD ORNAMENT, ASSORTED COLOURS SILK FAN, GIRLS ALPHABET IRON ON PATCHES , POPART WOODEN PENCILS ASST"
16476.0,At Risk Customers,"GIRLS ALPHABET IRON ON PATCHES , WHITE HANGING HEART T-LIGHT HOLDER, ASSTD DESIGN BUBBLE GUM RING, LUNCH BAG  BLACK SKULL., WORLD WAR 2 GLIDERS ASSTD DESIGNS"
16478.0,Potential Customers,"WORLD WAR 2 GLIDERS ASSTD DESIGNS, ASSORTED COLOUR BIRD ORNAMENT, ASSORTED COLOURS SILK FAN, GIRLS ALPHABET IRON ON PATCHES , POPART WOODEN PENCILS ASST"
16479.0,Potential Customers,"WORLD WAR 2 GLIDERS ASSTD DESIGNS, ASSORTED COLOUR BIRD ORNAMENT, ASSORTED COLOURS SILK FAN, GIRLS ALPHABET IRON ON PATCHES , POPART WOODEN PENCILS ASST"
16480.0,Potential Customers,"WORLD WAR 2 GLIDERS ASSTD DESIGNS, ASSORTED COLOUR BIRD ORNAMENT, ASSORTED COLOURS SILK FAN, GIRLS ALPHABET IRON ON PATCHES , POPART WOODEN PENCILS ASST"
16481.0,At Risk Customers,"GIRLS ALPHABET IRON ON PATCHES , WHITE HANGING HEART T-LIGHT HOLDER, ASSTD DESIGN BUBBLE GUM RING, LUNCH BAG  BLACK SKULL., WORLD WAR 2 GLIDERS ASSTD DESIGNS"
16482.0,Potential Customers,"WORLD WAR 2 GLIDERS ASSTD DESIGNS, ASSORTED COLOUR BIRD ORNAMENT, ASSORTED COLOURS SILK FAN, GIRLS ALPHABET IRON ON PATCHES , POPART WOODEN PENCILS ASST"
16483.0,Potential Customers,"WORLD WAR 2 GLIDERS ASSTD DESIGNS, ASSORTED COLOUR BIRD ORNAMENT, ASSORTED COLOURS SILK FAN, GIRLS ALPHABET IRON ON PATCHES , POPART WOODEN PENCILS ASST"
16484.0,Potential Customers,"WORLD WAR 2 GLIDERS ASSTD DESIGNS, ASSORTED COLOUR BIRD ORNAMENT, ASSORTED COLOURS SILK FAN, GIRLS ALPHABET IRON ON PATCHES , POPART WOODEN PENCILS ASST"
16486.0,At Risk Customers,"GIRLS ALPHABET IRON ON PATCHES , WHITE HANGING HEART T-LIGHT HOLDER, ASSTD DESIGN BUBBLE GUM RING, LUNCH BAG  BLACK SKULL., WORLD WAR 2 GLIDERS ASSTD DESIGNS"
16487.0,At Risk Customers,"GIRLS ALPHABET IRON ON PATCHES , WHITE HANGING HEART T-LIGHT HOLDER, ASSTD DESIGN BUBBLE GUM RING, LUNCH BAG  BLACK SKULL., WORLD WAR 2 GLIDERS ASSTD DESIGNS"
16488.0,Potential Customers,"WORLD WAR 2 GLIDERS ASSTD DESIGNS, ASSORTED COLOUR BIRD ORNAMENT, ASSORTED COLOURS SILK FAN, GIRLS ALPHABET IRON ON PATCHES , POPART WOODEN PENCILS ASST"
16489.0,At Risk Customers,"GIRLS ALPHABET IRON ON PATCHES , WHITE HANGING HEART T-LIGHT HOLDER, ASSTD DESIGN BUBBLE GUM RING, LUNCH BAG  BLACK SKULL., WORLD WAR 2 GLIDERS ASSTD DESIGNS"
16490.0,At Risk Customers,"GIRLS ALPHABET IRON ON PATCHES , WHITE HANGING HEART T-LIGHT HOLDER, ASSTD DESIGN BUBBLE GUM RING, LUNCH BAG  BLACK SKULL., WORLD WAR 2 GLIDERS ASSTD DESIGNS"
16492.0,At Risk Customers,"GIRLS ALPHABET IRON ON PATCHES , WHITE HANGING HEART T-LIGHT HOLDER, ASSTD DESIGN BUBBLE GUM RING, LUNCH BAG  BLACK SKULL., WORLD WAR 2 GLIDERS ASSTD DESIGNS"
16494.0,Potential Customers,"WORLD WAR 2 GLIDERS ASSTD DESIGNS, ASSORTED COLOUR BIRD ORNAMENT, ASSORTED COLOURS SILK FAN, GIRLS ALPHABET IRON ON PATCHES , POPART WOODEN PENCILS ASST"
16495.0,Potential Customers,"WORLD WAR 2 GLIDERS ASSTD DESIGNS, ASSORTED COLOUR BIRD ORNAMENT, ASSORTED COLOURS SILK FAN, GIRLS ALPHABET IRON ON PATCHES , POPART WOODEN PENCILS ASST"
16498.0,Potential Customers,"WORLD WAR 2 GLIDERS ASSTD DESIGNS, ASSORTED COLOUR BIRD ORNAMENT, ASSORTED COLOURS SILK FAN, GIRLS ALPHABET IRON ON PATCHES , POPART WOODEN PENCILS ASST"
16501.0,At Risk Customers,"GIRLS ALPHABET IRON ON PATCHES , WHITE HANGING HEART T-LIGHT HOLDER, ASSTD DESIGN BUBBLE GUM RING, LUNCH BAG  BLACK SKULL., WORLD WAR 2 GLIDERS ASSTD DESIGNS"
16502.0,At Risk Customers,"GIRLS ALPHABET IRON ON PATCHES , WHITE HANGING HEART T-LIGHT HOLDER, ASSTD DESIGN BUBBLE GUM RING, LUNCH BAG  BLACK SKULL., WORLD WAR 2 GLIDERS ASSTD DESIGNS"
16505.0,Potential Customers,"WORLD WAR 2 GLIDERS ASSTD DESIGNS, ASSORTED COLOUR BIRD ORNAMENT, ASSORTED COLOURS SILK FAN, GIRLS ALPHABET IRON ON PATCHES , POPART WOODEN PENCILS ASST"
16506.0,Potential Customers,"WORLD WAR 2 GLIDERS ASSTD DESIGNS, ASSORTED COLOUR BIRD ORNAMENT, ASSORTED COLOURS SILK FAN, GIRLS ALPHABET IRON ON PATCHES , POPART WOODEN PENCILS ASST"
16507.0,At Risk Customers,"GIRLS ALPHABET IRON ON PATCHES , WHITE HANGING HEART T-LIGHT HOLDER, ASSTD DESIGN BUBBLE GUM RING, LUNCH BAG  BLACK SKULL., WORLD WAR 2 GLIDERS ASSTD DESIGNS"
16508.0,At Risk Customers,"GIRLS ALPHABET IRON ON PATCHES , WHITE HANGING HEART T-LIGHT HOLDER, ASSTD DESIGN BUBBLE GUM RING, LUNCH BAG  BLACK SKULL., WORLD WAR 2 GLIDERS ASSTD DESIGNS"
16509.0,At Risk Customers,"GIRLS ALPHABET IRON ON PATCHES , WHITE HANGING HEART T-LIGHT HOLDER, ASSTD DESIGN BUBBLE GUM RING, LUNCH BAG  BLACK SKULL., WORLD WAR 2 GLIDERS ASSTD DESIGNS"
16510.0,Loyal Customers,"SMALL CHINESE STYLE SCISSOR, BLACK AND WHITE PAISLEY FLOWER MUG, WHITE HANGING HEART T-LIGHT HOLDER, WORLD WAR 2 GLIDERS ASSTD DESIGNS, ASSORTED COLOUR BIRD ORNAMENT"
16516.0,Potential Customers,"WORLD WAR 2 GLIDERS ASSTD DESIGNS, ASSORTED COLOUR BIRD ORNAMENT, ASSORTED COLOURS SILK FAN, GIRLS ALPHABET IRON ON PATCHES , POPART WOODEN PENCILS ASST"
16517.0,Potential Customers,"WORLD WAR 2 GLIDERS ASSTD DESIGNS, ASSORTED COLOUR BIRD ORNAMENT, ASSORTED COLOURS SILK FAN, GIRLS ALPHABET IRON ON PATCHES , POPART WOODEN PENCILS ASST"
16520.0,Loyal Customers,"SMALL CHINESE STYLE SCISSOR, BLACK AND WHITE PAISLEY FLOWER MUG, WHITE HANGING HEART T-LIGHT HOLDER, WORLD WAR 2 GLIDERS ASSTD DESIGNS, ASSORTED COLOUR BIRD ORNAMENT"
16521.0,At Risk Customers,"GIRLS ALPHABET IRON ON PATCHES , WHITE HANGING HEART T-LIGHT HOLDER, ASSTD DESIGN BUBBLE GUM RING, LUNCH BAG  BLACK SKULL., WORLD WAR 2 GLIDERS ASSTD DESIGNS"
16522.0,At Risk Customers,"GIRLS ALPHABET IRON ON PATCHES , WHITE HANGING HEART T-LIGHT HOLDER, ASSTD DESIGN BUBBLE GUM RING, LUNCH BAG  BLACK SKULL., WORLD WAR 2 GLIDERS ASSTD DESIGNS"
16524.0,At Risk Customers,"GIRLS ALPHABET IRON ON PATCHES , WHITE HANGING HEART T-LIGHT HOLDER, ASSTD DESIGN BUBBLE GUM RING, LUNCH BAG  BLACK SKULL., WORLD WAR 2 GLIDERS ASSTD DESIGNS"
16526.0,Potential Customers,"WORLD WAR 2 GLIDERS ASSTD DESIGNS, ASSORTED COLOUR BIRD ORNAMENT, ASSORTED COLOURS SILK FAN, GIRLS ALPHABET IRON ON PATCHES , POPART WOODEN PENCILS ASST"
16528.0,Potential Customers,"WORLD WAR 2 GLIDERS ASSTD DESIGNS, ASSORTED COLOUR BIRD ORNAMENT, ASSORTED COLOURS SILK FAN, GIRLS ALPHABET IRON ON PATCHES , POPART WOODEN PENCILS ASST"
16529.0,Loyal Customers,"SMALL CHINESE STYLE SCISSOR, BLACK AND WHITE PAISLEY FLOWER MUG, WHITE HANGING HEART T-LIGHT HOLDER, WORLD WAR 2 GLIDERS ASSTD DESIGNS, ASSORTED COLOUR BIRD ORNAMENT"
16530.0,At Risk Customers,"GIRLS ALPHABET IRON ON PATCHES , WHITE HANGING HEART T-LIGHT HOLDER, ASSTD DESIGN BUBBLE GUM RING, LUNCH BAG  BLACK SKULL., WORLD WAR 2 GLIDERS ASSTD DESIGNS"
16534.0,At Risk Customers,"GIRLS ALPHABET IRON ON PATCHES , WHITE HANGING HEART T-LIGHT HOLDER, ASSTD DESIGN BUBBLE GUM RING, LUNCH BAG  BLACK SKULL., WORLD WAR 2 GLIDERS ASSTD DESIGNS"
16536.0,Potential Customers,"WORLD WAR 2 GLIDERS ASSTD DESIGNS, ASSORTED COLOUR BIRD ORNAMENT, ASSORTED COLOURS SILK FAN, GIRLS ALPHABET IRON ON PATCHES , POPART WOODEN PENCILS ASST"
16537.0,At Risk Customers,"GIRLS ALPHABET IRON ON PATCHES , WHITE HANGING HEART T-LIGHT HOLDER, ASSTD DESIGN BUBBLE GUM RING, LUNCH BAG  BLACK SKULL., WORLD WAR 2 GLIDERS ASSTD DESIGNS"
16538.0,At Risk Customers,"GIRLS ALPHABET IRON ON PATCHES , WHITE HANGING HEART T-LIGHT HOLDER, ASSTD DESIGN BUBBLE GUM RING, LUNCH BAG  BLACK SKULL., WORLD WAR 2 GLIDERS ASSTD DESIGNS"
16540.0,At Risk Customers,"GIRLS ALPHABET IRON ON PATCHES , WHITE HANGING HEART T-LIGHT HOLDER, ASSTD DESIGN BUBBLE GUM RING, LUNCH BAG  BLACK SKULL., WORLD WAR 2 GLIDERS ASSTD DESIGNS"
16541.0,At Risk Customers,"GIRLS ALPHABET IRON ON PATCHES , WHITE HANGING HEART T-LIGHT HOLDER, ASSTD DESIGN BUBBLE GUM RING, LUNCH BAG  BLACK SKULL., WORLD WAR 2 GLIDERS ASSTD DESIGNS"
16543.0,At Risk Customers,"GIRLS ALPHABET IRON ON PATCHES , WHITE HANGING HEART T-LIGHT HOLDER, ASSTD DESIGN BUBBLE GUM RING, LUNCH BAG  BLACK SKULL., WORLD WAR 2 GLIDERS ASSTD DESIGNS"
16544.0,At Risk Customers,"GIRLS ALPHABET IRON ON PATCHES , WHITE HANGING HEART T-LIGHT HOLDER, ASSTD DESIGN BUBBLE GUM RING, LUNCH BAG  BLACK SKULL., WORLD WAR 2 GLIDERS ASSTD DESIGNS"
16545.0,Potential Customers,"WORLD WAR 2 GLIDERS ASSTD DESIGNS, ASSORTED COLOUR BIRD ORNAMENT, ASSORTED COLOURS SILK FAN, GIRLS ALPHABET IRON ON PATCHES , POPART WOODEN PENCILS ASST"
16546.0,Loyal Customers,"SMALL CHINESE STYLE SCISSOR, BLACK AND WHITE PAISLEY FLOWER MUG, WHITE HANGING HEART T-LIGHT HOLDER, WORLD WAR 2 GLIDERS ASSTD DESIGNS, ASSORTED COLOUR BIRD ORNAMENT"
16547.0,At Risk Customers,"GIRLS ALPHABET IRON ON PATCHES , WHITE HANGING HEART T-LIGHT HOLDER, ASSTD DESIGN BUBBLE GUM RING, LUNCH BAG  BLACK SKULL., WORLD WAR 2 GLIDERS ASSTD DESIGNS"
16548.0,At Risk Customers,"GIRLS ALPHABET IRON ON PATCHES , WHITE HANGING HEART T-LIGHT HOLDER, ASSTD DESIGN BUBBLE GUM RING, LUNCH BAG  BLACK SKULL., WORLD WAR 2 GLIDERS ASSTD DESIGNS"
16551.0,Loyal Customers,"SMALL CHINESE STYLE SCISSOR, BLACK AND WHITE PAISLEY FLOWER MUG, WHITE HANGING HEART T-LIGHT HOLDER, WORLD WAR 2 GLIDERS ASSTD DESIGNS, ASSORTED COLOUR BIRD ORNAMENT"
16552.0,Potential Customers,"WORLD WAR 2 GLIDERS ASSTD DESIGNS, ASSORTED COLOUR BIRD ORNAMENT, ASSORTED COLOURS SILK FAN, GIRLS ALPHABET IRON ON PATCHES , POPART WOODEN PENCILS ASST"
16553.0,Champions,"WORLD WAR 2 GLIDERS ASSTD DESIGNS, PAPER CRAFT , LITTLE BIRDIE, MEDIUM CERAMIC TOP STORAGE JAR, WHITE HANGING HEART T-LIGHT HOLDER, JUMBO BAG RED RETROSPOT"
16557.0,Potential Customers,"WORLD WAR 2 GLIDERS ASSTD DESIGNS, ASSORTED COLOUR BIRD ORNAMENT, ASSORTED COLOURS SILK FAN, GIRLS ALPHABET IRON ON PATCHES , POPART WOODEN PENCILS ASST"
16559.0,At Risk Customers,"GIRLS ALPHABET IRON ON PATCHES , WHITE HANGING HEART T-LIGHT HOLDER, ASSTD DESIGN BUBBLE GUM RING, LUNCH BAG  BLACK SKULL., WORLD WAR 2 GLIDERS ASSTD DESIGNS"
16561.0,Potential Customers,"WORLD WAR 2 GLIDERS ASSTD DESIGNS, ASSORTED COLOUR BIRD ORNAMENT, ASSORTED COLOURS SILK FAN, GIRLS ALPHABET IRON ON PATCHES , POPART WOODEN PENCILS ASST"
16562.0,At Risk Customers,"GIRLS ALPHABET IRON ON PATCHES , WHITE HANGING HEART T-LIGHT HOLDER, ASSTD DESIGN BUBBLE GUM RING, LUNCH BAG  BLACK SKULL., WORLD WAR 2 GLIDERS ASSTD DESIGNS"
16564.0,At Risk Customers,"GIRLS ALPHABET IRON ON PATCHES , WHITE HANGING HEART T-LIGHT HOLDER, ASSTD DESIGN BUBBLE GUM RING, LUNCH BAG  BLACK SKULL., WORLD WAR 2 GLIDERS ASSTD DESIGNS"
16565.0,At Risk Customers,"GIRLS ALPHABET IRON ON PATCHES , WHITE HANGING HEART T-LIGHT HOLDER, ASSTD DESIGN BUBBLE GUM RING, LUNCH BAG  BLACK SKULL., WORLD WAR 2 GLIDERS ASSTD DESIGNS"
16566.0,Loyal Customers,"SMALL CHINESE STYLE SCISSOR, BLACK AND WHITE PAISLEY FLOWER MUG, WHITE HANGING HEART T-LIGHT HOLDER, WORLD WAR 2 GLIDERS ASSTD DESIGNS, ASSORTED COLOUR BIRD ORNAMENT"
16567.0,Potential Customers,"WORLD WAR 2 GLIDERS ASSTD DESIGNS, ASSORTED COLOUR BIRD ORNAMENT, ASSORTED COLOURS SILK FAN, GIRLS ALPHABET IRON ON PATCHES , POPART WOODEN PENCILS ASST"
16568.0,At Risk Customers,"GIRLS ALPHABET IRON ON PATCHES , WHITE HANGING HEART T-LIGHT HOLDER, ASSTD DESIGN BUBBLE GUM RING, LUNCH BAG  BLACK SKULL., WORLD WAR 2 GLIDERS ASSTD DESIGNS"
16572.0,Loyal Customers,"SMALL CHINESE STYLE SCISSOR, BLACK AND WHITE PAISLEY FLOWER MUG, WHITE HANGING HEART T-LIGHT HOLDER, WORLD WAR 2 GLIDERS ASSTD DESIGNS, ASSORTED COLOUR BIRD ORNAMENT"
16573.0,Potential Customers,"WORLD WAR 2 GLIDERS ASSTD DESIGNS, ASSORTED COLOUR BIRD ORNAMENT, ASSORTED COLOURS SILK FAN, GIRLS ALPHABET IRON ON PATCHES , POPART WOODEN PENCILS ASST"
16576.0,At Risk Customers,"GIRLS ALPHABET IRON ON PATCHES , WHITE HANGING HEART T-LIGHT HOLDER, ASSTD DESIGN BUBBLE GUM RING, LUNCH BAG  BLACK SKULL., WORLD WAR 2 GLIDERS ASSTD DESIGNS"
16577.0,At Risk Customers,"GIRLS ALPHABET IRON ON PATCHES , WHITE HANGING HEART T-LIGHT HOLDER, ASSTD DESIGN BUBBLE GUM RING, LUNCH BAG  BLACK SKULL., WORLD WAR 2 GLIDERS ASSTD DESIGNS"
16578.0,At Risk Customers,"GIRLS ALPHABET IRON ON PATCHES , WHITE HANGING HEART T-LIGHT HOLDER, ASSTD DESIGN BUBBLE GUM RING, LUNCH BAG  BLACK SKULL., WORLD WAR 2 GLIDERS ASSTD DESIGNS"
16579.0,At Risk Customers,"GIRLS ALPHABET IRON ON PATCHES , WHITE HANGING HEART T-LIGHT HOLDER, ASSTD DESIGN BUBBLE GUM RING, LUNCH BAG  BLACK SKULL., WORLD WAR 2 GLIDERS ASSTD DESIGNS"
16581.0,Potential Customers,"WORLD WAR 2 GLIDERS ASSTD DESIGNS, ASSORTED COLOUR BIRD ORNAMENT, ASSORTED COLOURS SILK FAN, GIRLS ALPHABET IRON ON PATCHES , POPART WOODEN PENCILS ASST"
16582.0,Potential Customers,"WORLD WAR 2 GLIDERS ASSTD DESIGNS, ASSORTED COLOUR BIRD ORNAMENT, ASSORTED COLOURS SILK FAN, GIRLS ALPHABET IRON ON PATCHES , POPART WOODEN PENCILS ASST"
16583.0,At Risk Customers,"GIRLS ALPHABET IRON ON PATCHES , WHITE HANGING HEART T-LIGHT HOLDER, ASSTD DESIGN BUBBLE GUM RING, LUNCH BAG  BLACK SKULL., WORLD WAR 2 GLIDERS ASSTD DESIGNS"
16585.0,At Risk Customers,"GIRLS ALPHABET IRON ON PATCHES , WHITE HANGING HEART T-LIGHT HOLDER, ASSTD DESIGN BUBBLE GUM RING, LUNCH BAG  BLACK SKULL., WORLD WAR 2 GLIDERS ASSTD DESIGNS"
16586.0,Loyal Customers,"SMALL CHINESE STYLE SCISSOR, BLACK AND WHITE PAISLEY FLOWER MUG, WHITE HANGING HEART T-LIGHT HOLDER, WORLD WAR 2 GLIDERS ASSTD DESIGNS, ASSORTED COLOUR BIRD ORNAMENT"
16587.0,Potential Customers,"WORLD WAR 2 GLIDERS ASSTD DESIGNS, ASSORTED COLOUR BIRD ORNAMENT, ASSORTED COLOURS SILK FAN, GIRLS ALPHABET IRON ON PATCHES , POPART WOODEN PENCILS ASST"
16588.0,Loyal Customers,"SMALL CHINESE STYLE SCISSOR, BLACK AND WHITE PAISLEY FLOWER MUG, WHITE HANGING HEART T-LIGHT HOLDER, WORLD WAR 2 GLIDERS ASSTD DESIGNS, ASSORTED COLOUR BIRD ORNAMENT"
16590.0,At Risk Customers,"GIRLS ALPHABET IRON ON PATCHES , WHITE HANGING HEART T-LIGHT HOLDER, ASSTD DESIGN BUBBLE GUM RING, LUNCH BAG  BLACK SKULL., WORLD WAR 2 GLIDERS ASSTD DESIGNS"
16591.0,Potential Customers,"WORLD WAR 2 GLIDERS ASSTD DESIGNS, ASSORTED COLOUR BIRD ORNAMENT, ASSORTED COLOURS SILK FAN, GIRLS ALPHABET IRON ON PATCHES , POPART WOODEN PENCILS ASST"
16594.0,Potential Customers,"WORLD WAR 2 GLIDERS ASSTD DESIGNS, ASSORTED COLOUR BIRD ORNAMENT, ASSORTED COLOURS SILK FAN, GIRLS ALPHABET IRON ON PATCHES , POPART WOODEN PENCILS ASST"
16597.0,Potential Customers,"WORLD WAR 2 GLIDERS ASSTD DESIGNS, ASSORTED COLOUR BIRD ORNAMENT, ASSORTED COLOURS SILK FAN, GIRLS ALPHABET IRON ON PATCHES , POPART WOODEN PENCILS ASST"
16598.0,Potential Customers,"WORLD WAR 2 GLIDERS ASSTD DESIGNS, ASSORTED COLOUR BIRD ORNAMENT, ASSORTED COLOURS SILK FAN, GIRLS ALPHABET IRON ON PATCHES , POPART WOODEN PENCILS ASST"
16599.0,At Risk Customers,"GIRLS ALPHABET IRON ON PATCHES , WHITE HANGING HEART T-LIGHT HOLDER, ASSTD DESIGN BUBBLE GUM RING, LUNCH BAG  BLACK SKULL., WORLD WAR 2 GLIDERS ASSTD DESIGNS"
16604.0,At Risk Customers,"GIRLS ALPHABET IRON ON PATCHES , WHITE HANGING HEART T-LIGHT HOLDER, ASSTD DESIGN BUBBLE GUM RING, LUNCH BAG  BLACK SKULL., WORLD WAR 2 GLIDERS ASSTD DESIGNS"
16605.0,At Risk Customers,"GIRLS ALPHABET IRON ON PATCHES , WHITE HANGING HEART T-LIGHT HOLDER, ASSTD DESIGN BUBBLE GUM RING, LUNCH BAG  BLACK SKULL., WORLD WAR 2 GLIDERS ASSTD DESIGNS"
16606.0,At Risk Customers,"GIRLS ALPHABET IRON ON PATCHES , WHITE HANGING HEART T-LIGHT HOLDER, ASSTD DESIGN BUBBLE GUM RING, LUNCH BAG  BLACK SKULL., WORLD WAR 2 GLIDERS ASSTD DESIGNS"
16608.0,At Risk Customers,"GIRLS ALPHABET IRON ON PATCHES , WHITE HANGING HEART T-LIGHT HOLDER, ASSTD DESIGN BUBBLE GUM RING, LUNCH BAG  BLACK SKULL., WORLD WAR 2 GLIDERS ASSTD DESIGNS"
16610.0,Potential Customers,"WORLD WAR 2 GLIDERS ASSTD DESIGNS, ASSORTED COLOUR BIRD ORNAMENT, ASSORTED COLOURS SILK FAN, GIRLS ALPHABET IRON ON PATCHES , POPART WOODEN PENCILS ASST"
16611.0,Loyal Customers,"SMALL CHINESE STYLE SCISSOR, BLACK AND WHITE PAISLEY FLOWER MUG, WHITE HANGING HEART T-LIGHT HOLDER, WORLD WAR 2 GLIDERS ASSTD DESIGNS, ASSORTED COLOUR BIRD ORNAMENT"
16613.0,Potential Customers,"WORLD WAR 2 GLIDERS ASSTD DESIGNS, ASSORTED COLOUR BIRD ORNAMENT, ASSORTED COLOURS SILK FAN, GIRLS ALPHABET IRON ON PATCHES , POPART WOODEN PENCILS ASST"
16614.0,Loyal Customers,"SMALL CHINESE STYLE SCISSOR, BLACK AND WHITE PAISLEY FLOWER MUG, WHITE HANGING HEART T-LIGHT HOLDER, WORLD WAR 2 GLIDERS ASSTD DESIGNS, ASSORTED COLOUR BIRD ORNAMENT"
16615.0,At Risk Customers,"GIRLS ALPHABET IRON ON PATCHES , WHITE HANGING HEART T-LIGHT HOLDER, ASSTD DESIGN BUBBLE GUM RING, LUNCH BAG  BLACK SKULL., WORLD WAR 2 GLIDERS ASSTD DESIGNS"
16616.0,Potential Customers,"WORLD WAR 2 GLIDERS ASSTD DESIGNS, ASSORTED COLOUR BIRD ORNAMENT, ASSORTED COLOURS SILK FAN, GIRLS ALPHABET IRON ON PATCHES , POPART WOODEN PENCILS ASST"
16617.0,Potential Customers,"WORLD WAR 2 GLIDERS ASSTD DESIGNS, ASSORTED COLOUR BIRD ORNAMENT, ASSORTED COLOURS SILK FAN, GIRLS ALPHABET IRON ON PATCHES , POPART WOODEN PENCILS ASST"
16619.0,Loyal Customers,"SMALL CHINESE STYLE SCISSOR, BLACK AND WHITE PAISLEY FLOWER MUG, WHITE HANGING HEART T-LIGHT HOLDER, WORLD WAR 2 GLIDERS ASSTD DESIGNS, ASSORTED COLOUR BIRD ORNAMENT"
16621.0,Loyal Customers,"SMALL CHINESE STYLE SCISSOR, BLACK AND WHITE PAISLEY FLOWER MUG, WHITE HANGING HEART T-LIGHT HOLDER, WORLD WAR 2 GLIDERS ASSTD DESIGNS, ASSORTED COLOUR BIRD ORNAMENT"
16622.0,At Risk Customers,"GIRLS ALPHABET IRON ON PATCHES , WHITE HANGING HEART T-LIGHT HOLDER, ASSTD DESIGN BUBBLE GUM RING, LUNCH BAG  BLACK SKULL., WORLD WAR 2 GLIDERS ASSTD DESIGNS"
16623.0,Loyal Customers,"SMALL CHINESE STYLE SCISSOR, BLACK AND WHITE PAISLEY FLOWER MUG, WHITE HANGING HEART T-LIGHT HOLDER, WORLD WAR 2 GLIDERS ASSTD DESIGNS, ASSORTED COLOUR BIRD ORNAMENT"
16624.0,Potential Customers,"WORLD WAR 2 GLIDERS ASSTD DESIGNS, ASSORTED COLOUR BIRD ORNAMENT, ASSORTED COLOURS SILK FAN, GIRLS ALPHABET IRON ON PATCHES , POPART WOODEN PENCILS ASST"
16625.0,Loyal Customers,"SMALL CHINESE STYLE SCISSOR, BLACK AND WHITE PAISLEY FLOWER MUG, WHITE HANGING HEART T-LIGHT HOLDER, WORLD WAR 2 GLIDERS ASSTD DESIGNS, ASSORTED COLOUR BIRD ORNAMENT"
16627.0,Potential Customers,"WORLD WAR 2 GLIDERS ASSTD DESIGNS, ASSORTED COLOUR BIRD ORNAMENT, ASSORTED COLOURS SILK FAN, GIRLS ALPHABET IRON ON PATCHES , POPART WOODEN PENCILS ASST"
16630.0,At Risk Customers,"GIRLS ALPHABET IRON ON PATCHES , WHITE HANGING HEART T-LIGHT HOLDER, ASSTD DESIGN BUBBLE GUM RING, LUNCH BAG  BLACK SKULL., WORLD WAR 2 GLIDERS ASSTD DESIGNS"
16632.0,At Risk Customers,"GIRLS ALPHABET IRON ON PATCHES , WHITE HANGING HEART T-LIGHT HOLDER, ASSTD DESIGN BUBBLE GUM RING, LUNCH BAG  BLACK SKULL., WORLD WAR 2 GLIDERS ASSTD DESIGNS"
16634.0,Loyal Customers,"SMALL CHINESE STYLE SCISSOR, BLACK AND WHITE PAISLEY FLOWER MUG, WHITE HANGING HEART T-LIGHT HOLDER, WORLD WAR 2 GLIDERS ASSTD DESIGNS, ASSORTED COLOUR BIRD ORNAMENT"
16635.0,At Risk Customers,"GIRLS ALPHABET IRON ON PATCHES , WHITE HANGING HEART T-LIGHT HOLDER, ASSTD DESIGN BUBBLE GUM RING, LUNCH BAG  BLACK SKULL., WORLD WAR 2 GLIDERS ASSTD DESIGNS"
16636.0,Loyal Customers,"SMALL CHINESE STYLE SCISSOR, BLACK AND WHITE PAISLEY FLOWER MUG, WHITE HANGING HEART T-LIGHT HOLDER, WORLD WAR 2 GLIDERS ASSTD DESIGNS, ASSORTED COLOUR BIRD ORNAMENT"
16637.0,Loyal Customers,"SMALL CHINESE STYLE SCISSOR, BLACK AND WHITE PAISLEY FLOWER MUG, WHITE HANGING HEART T-LIGHT HOLDER, WORLD WAR 2 GLIDERS ASSTD DESIGNS, ASSORTED COLOUR BIRD ORNAMENT"
16640.0,At Risk Customers,"GIRLS ALPHABET IRON ON PATCHES , WHITE HANGING HEART T-LIGHT HOLDER, ASSTD DESIGN BUBBLE GUM RING, LUNCH BAG  BLACK SKULL., WORLD WAR 2 GLIDERS ASSTD DESIGNS"
16643.0,Potential Customers,"WORLD WAR 2 GLIDERS ASSTD DESIGNS, ASSORTED COLOUR BIRD ORNAMENT, ASSORTED COLOURS SILK FAN, GIRLS ALPHABET IRON ON PATCHES , POPART WOODEN PENCILS ASST"
16644.0,Potential Customers,"WORLD WAR 2 GLIDERS ASSTD DESIGNS, ASSORTED COLOUR BIRD ORNAMENT, ASSORTED COLOURS SILK FAN, GIRLS ALPHABET IRON ON PATCHES , POPART WOODEN PENCILS ASST"
16645.0,At Risk Customers,"GIRLS ALPHABET IRON ON PATCHES , WHITE HANGING HEART T-LIGHT HOLDER, ASSTD DESIGN BUBBLE GUM RING, LUNCH BAG  BLACK SKULL., WORLD WAR 2 GLIDERS ASSTD DESIGNS"
16646.0,At Risk Customers,"GIRLS ALPHABET IRON ON PATCHES , WHITE HANGING HEART T-LIGHT HOLDER, ASSTD DESIGN BUBBLE GUM RING, LUNCH BAG  BLACK SKULL., WORLD WAR 2 GLIDERS ASSTD DESIGNS"
16647.0,Potential Customers,"WORLD WAR 2 GLIDERS ASSTD DESIGNS, ASSORTED COLOUR BIRD ORNAMENT, ASSORTED COLOURS SILK FAN, GIRLS ALPHABET IRON ON PATCHES , POPART WOODEN PENCILS ASST"
16649.0,At Risk Customers,"GIRLS ALPHABET IRON ON PATCHES , WHITE HANGING HEART T-LIGHT HOLDER, ASSTD DESIGN BUBBLE GUM RING, LUNCH BAG  BLACK SKULL., WORLD WAR 2 GLIDERS ASSTD DESIGNS"
16651.0,At Risk Customers,"GIRLS ALPHABET IRON ON PATCHES , WHITE HANGING HEART T-LIGHT HOLDER, ASSTD DESIGN BUBBLE GUM RING, LUNCH BAG  BLACK SKULL., WORLD WAR 2 GLIDERS ASSTD DESIGNS"
16654.0,Loyal Customers,"SMALL CHINESE STYLE SCISSOR, BLACK AND WHITE PAISLEY FLOWER MUG, WHITE HANGING HEART T-LIGHT HOLDER, WORLD WAR 2 GLIDERS ASSTD DESIGNS, ASSORTED COLOUR BIRD ORNAMENT"
16658.0,Loyal Customers,"SMALL CHINESE STYLE SCISSOR, BLACK AND WHITE PAISLEY FLOWER MUG, WHITE HANGING HEART T-LIGHT HOLDER, WORLD WAR 2 GLIDERS ASSTD DESIGNS, ASSORTED COLOUR BIRD ORNAMENT"
16659.0,Potential Customers,"WORLD WAR 2 GLIDERS ASSTD DESIGNS, ASSORTED COLOUR BIRD ORNAMENT, ASSORTED COLOURS SILK FAN, GIRLS ALPHABET IRON ON PATCHES , POPART WOODEN PENCILS ASST"
16661.0,At Risk Customers,"GIRLS ALPHABET IRON ON PATCHES , WHITE HANGING HEART T-LIGHT HOLDER, ASSTD DESIGN BUBBLE GUM RING, LUNCH BAG  BLACK SKULL., WORLD WAR 2 GLIDERS ASSTD DESIGNS"
16662.0,At Risk Customers,"GIRLS ALPHABET IRON ON PATCHES , WHITE HANGING HEART T-LIGHT HOLDER, ASSTD DESIGN BUBBLE GUM RING, LUNCH BAG  BLACK SKULL., WORLD WAR 2 GLIDERS ASSTD DESIGNS"
16663.0,At Risk Customers,"GIRLS ALPHABET IRON ON PATCHES , WHITE HANGING HEART T-LIGHT HOLDER, ASSTD DESIGN BUBBLE GUM RING, LUNCH BAG  BLACK SKULL., WORLD WAR 2 GLIDERS ASSTD DESIGNS"
16664.0,At Risk Customers,"GIRLS ALPHABET IRON ON PATCHES , WHITE HANGING HEART T-LIGHT HOLDER, ASSTD DESIGN BUBBLE GUM RING, LUNCH BAG  BLACK SKULL., WORLD WAR 2 GLIDERS ASSTD DESIGNS"
16665.0,At Risk Customers,"GIRLS ALPHABET IRON ON PATCHES , WHITE HANGING HEART T-LIGHT HOLDER, ASSTD DESIGN BUBBLE GUM RING, LUNCH BAG  BLACK SKULL., WORLD WAR 2 GLIDERS ASSTD DESIGNS"
16667.0,Potential Customers,"WORLD WAR 2 GLIDERS ASSTD DESIGNS, ASSORTED COLOUR BIRD ORNAMENT, ASSORTED COLOURS SILK FAN, GIRLS ALPHABET IRON ON PATCHES , POPART WOODEN PENCILS ASST"
16671.0,Loyal Customers,"SMALL CHINESE STYLE SCISSOR, BLACK AND WHITE PAISLEY FLOWER MUG, WHITE HANGING HEART T-LIGHT HOLDER, WORLD WAR 2 GLIDERS ASSTD DESIGNS, ASSORTED COLOUR BIRD ORNAMENT"
16673.0,At Risk Customers,"GIRLS ALPHABET IRON ON PATCHES , WHITE HANGING HEART T-LIGHT HOLDER, ASSTD DESIGN BUBBLE GUM RING, LUNCH BAG  BLACK SKULL., WORLD WAR 2 GLIDERS ASSTD DESIGNS"
16674.0,Potential Customers,"WORLD WAR 2 GLIDERS ASSTD DESIGNS, ASSORTED COLOUR BIRD ORNAMENT, ASSORTED COLOURS SILK FAN, GIRLS ALPHABET IRON ON PATCHES , POPART WOODEN PENCILS ASST"
16675.0,At Risk Customers,"GIRLS ALPHABET IRON ON PATCHES , WHITE HANGING HEART T-LIGHT HOLDER, ASSTD DESIGN BUBBLE GUM RING, LUNCH BAG  BLACK SKULL., WORLD WAR 2 GLIDERS ASSTD DESIGNS"
16677.0,At Risk Customers,"GIRLS ALPHABET IRON ON PATCHES , WHITE HANGING HEART T-LIGHT HOLDER, ASSTD DESIGN BUBBLE GUM RING, LUNCH BAG  BLACK SKULL., WORLD WAR 2 GLIDERS ASSTD DESIGNS"
16679.0,At Risk Customers,"GIRLS ALPHABET IRON ON PATCHES , WHITE HANGING HEART T-LIGHT HOLDER, ASSTD DESIGN BUBBLE GUM RING, LUNCH BAG  BLACK SKULL., WORLD WAR 2 GLIDERS ASSTD DESIGNS"
16683.0,At Risk Customers,"GIRLS ALPHABET IRON ON PATCHES , WHITE HANGING HEART T-LIGHT HOLDER, ASSTD DESIGN BUBBLE GUM RING, LUNCH BAG  BLACK SKULL., WORLD WAR 2 GLIDERS ASSTD DESIGNS"
16687.0,At Risk Customers,"GIRLS ALPHABET IRON ON PATCHES , WHITE HANGING HEART T-LIGHT HOLDER, ASSTD DESIGN BUBBLE GUM RING, LUNCH BAG  BLACK SKULL., WORLD WAR 2 GLIDERS ASSTD DESIGNS"
16689.0,Potential Customers,"WORLD WAR 2 GLIDERS ASSTD DESIGNS, ASSORTED COLOUR BIRD ORNAMENT, ASSORTED COLOURS SILK FAN, GIRLS ALPHABET IRON ON PATCHES , POPART WOODEN PENCILS ASST"
16691.0,At Risk Customers,"GIRLS ALPHABET IRON ON PATCHES , WHITE HANGING HEART T-LIGHT HOLDER, ASSTD DESIGN BUBBLE GUM RING, LUNCH BAG  BLACK SKULL., WORLD WAR 2 GLIDERS ASSTD DESIGNS"
16692.0,Loyal Customers,"SMALL CHINESE STYLE SCISSOR, BLACK AND WHITE PAISLEY FLOWER MUG, WHITE HANGING HEART T-LIGHT HOLDER, WORLD WAR 2 GLIDERS ASSTD DESIGNS, ASSORTED COLOUR BIRD ORNAMENT"
16694.0,At Risk Customers,"GIRLS ALPHABET IRON ON PATCHES , WHITE HANGING HEART T-LIGHT HOLDER, ASSTD DESIGN BUBBLE GUM RING, LUNCH BAG  BLACK SKULL., WORLD WAR 2 GLIDERS ASSTD DESIGNS"
16695.0,At Risk Customers,"GIRLS ALPHABET IRON ON PATCHES , WHITE HANGING HEART T-LIGHT HOLDER, ASSTD DESIGN BUBBLE GUM RING, LUNCH BAG  BLACK SKULL., WORLD WAR 2 GLIDERS ASSTD DESIGNS"
16696.0,Loyal Customers,"SMALL CHINESE STYLE SCISSOR, BLACK AND WHITE PAISLEY FLOWER MUG, WHITE HANGING HEART T-LIGHT HOLDER, WORLD WAR 2 GLIDERS ASSTD DESIGNS, ASSORTED COLOUR BIRD ORNAMENT"
16697.0,Potential Customers,"WORLD WAR 2 GLIDERS ASSTD DESIGNS, ASSORTED COLOUR BIRD ORNAMENT, ASSORTED COLOURS SILK FAN, GIRLS ALPHABET IRON ON PATCHES , POPART WOODEN PENCILS ASST"
16698.0,Loyal Customers,"SMALL CHINESE STYLE SCISSOR, BLACK AND WHITE PAISLEY FLOWER MUG, WHITE HANGING HEART T-LIGHT HOLDER, WORLD WAR 2 GLIDERS ASSTD DESIGNS, ASSORTED COLOUR BIRD ORNAMENT"
16699.0,Loyal Customers,"SMALL CHINESE STYLE SCISSOR, BLACK AND WHITE PAISLEY FLOWER MUG, WHITE HANGING HEART T-LIGHT HOLDER, WORLD WAR 2 GLIDERS ASSTD DESIGNS, ASSORTED COLOUR BIRD ORNAMENT"
16702.0,At Risk Customers,"GIRLS ALPHABET IRON ON PATCHES , WHITE HANGING HEART T-LIGHT HOLDER, ASSTD DESIGN BUBBLE GUM RING, LUNCH BAG  BLACK SKULL., WORLD WAR 2 GLIDERS ASSTD DESIGNS"
16704.0,At Risk Customers,"GIRLS ALPHABET IRON ON PATCHES , WHITE HANGING HEART T-LIGHT HOLDER, ASSTD DESIGN BUBBLE GUM RING, LUNCH BAG  BLACK SKULL., WORLD WAR 2 GLIDERS ASSTD DESIGNS"
16707.0,At Risk Customers,"GIRLS ALPHABET IRON ON PATCHES , WHITE HANGING HEART T-LIGHT HOLDER, ASSTD DESIGN BUBBLE GUM RING, LUNCH BAG  BLACK SKULL., WORLD WAR 2 GLIDERS ASSTD DESIGNS"
16708.0,Potential Customers,"WORLD WAR 2 GLIDERS ASSTD DESIGNS, ASSORTED COLOUR BIRD ORNAMENT, ASSORTED COLOURS SILK FAN, GIRLS ALPHABET IRON ON PATCHES , POPART WOODEN PENCILS ASST"
16714.0,Loyal Customers,"SMALL CHINESE STYLE SCISSOR, BLACK AND WHITE PAISLEY FLOWER MUG, WHITE HANGING HEART T-LIGHT HOLDER, WORLD WAR 2 GLIDERS ASSTD DESIGNS, ASSORTED COLOUR BIRD ORNAMENT"
16715.0,Potential Customers,"WORLD WAR 2 GLIDERS ASSTD DESIGNS, ASSORTED COLOUR BIRD ORNAMENT, ASSORTED COLOURS SILK FAN, GIRLS ALPHABET IRON ON PATCHES , POPART WOODEN PENCILS ASST"
16721.0,Potential Customers,"WORLD WAR 2 GLIDERS ASSTD DESIGNS, ASSORTED COLOUR BIRD ORNAMENT, ASSORTED COLOURS SILK FAN, GIRLS ALPHABET IRON ON PATCHES , POPART WOODEN PENCILS ASST"
16723.0,Loyal Customers,"SMALL CHINESE STYLE SCISSOR, BLACK AND WHITE PAISLEY FLOWER MUG, WHITE HANGING HEART T-LIGHT HOLDER, WORLD WAR 2 GLIDERS ASSTD DESIGNS, ASSORTED COLOUR BIRD ORNAMENT"
16724.0,At Risk Customers,"GIRLS ALPHABET IRON ON PATCHES , WHITE HANGING HEART T-LIGHT HOLDER, ASSTD DESIGN BUBBLE GUM RING, LUNCH BAG  BLACK SKULL., WORLD WAR 2 GLIDERS ASSTD DESIGNS"
16725.0,Loyal Customers,"SMALL CHINESE STYLE SCISSOR, BLACK AND WHITE PAISLEY FLOWER MUG, WHITE HANGING HEART T-LIGHT HOLDER, WORLD WAR 2 GLIDERS ASSTD DESIGNS, ASSORTED COLOUR BIRD ORNAMENT"
16727.0,Loyal Customers,"SMALL CHINESE STYLE SCISSOR, BLACK AND WHITE PAISLEY FLOWER MUG, WHITE HANGING HEART T-LIGHT HOLDER, WORLD WAR 2 GLIDERS ASSTD DESIGNS, ASSORTED COLOUR BIRD ORNAMENT"
16728.0,Loyal Customers,"SMALL CHINESE STYLE SCISSOR, BLACK AND WHITE PAISLEY FLOWER MUG, WHITE HANGING HEART T-LIGHT HOLDER, WORLD WAR 2 GLIDERS ASSTD DESIGNS, ASSORTED COLOUR BIRD ORNAMENT"
16730.0,Potential Customers,"WORLD WAR 2 GLIDERS ASSTD DESIGNS, ASSORTED COLOUR BIRD ORNAMENT, ASSORTED COLOURS SILK FAN, GIRLS ALPHABET IRON ON PATCHES , POPART WOODEN PENCILS ASST"
16731.0,At Risk Customers,"GIRLS ALPHABET IRON ON PATCHES , WHITE HANGING HEART T-LIGHT HOLDER, ASSTD DESIGN BUBBLE GUM RING, LUNCH BAG  BLACK SKULL., WORLD WAR 2 GLIDERS ASSTD DESIGNS"
16733.0,At Risk Customers,"GIRLS ALPHABET IRON ON PATCHES , WHITE HANGING HEART T-LIGHT HOLDER, ASSTD DESIGN BUBBLE GUM RING, LUNCH BAG  BLACK SKULL., WORLD WAR 2 GLIDERS ASSTD DESIGNS"
16736.0,At Risk Customers,"GIRLS ALPHABET IRON ON PATCHES , WHITE HANGING HEART T-LIGHT HOLDER, ASSTD DESIGN BUBBLE GUM RING, LUNCH BAG  BLACK SKULL., WORLD WAR 2 GLIDERS ASSTD DESIGNS"
16738.0,At Risk Customers,"GIRLS ALPHABET IRON ON PATCHES , WHITE HANGING HEART T-LIGHT HOLDER, ASSTD DESIGN BUBBLE GUM RING, LUNCH BAG  BLACK SKULL., WORLD WAR 2 GLIDERS ASSTD DESIGNS"
16740.0,At Risk Customers,"GIRLS ALPHABET IRON ON PATCHES , WHITE HANGING HEART T-LIGHT HOLDER, ASSTD DESIGN BUBBLE GUM RING, LUNCH BAG  BLACK SKULL., WORLD WAR 2 GLIDERS ASSTD DESIGNS"
16741.0,At Risk Customers,"GIRLS ALPHABET IRON ON PATCHES , WHITE HANGING HEART T-LIGHT HOLDER, ASSTD DESIGN BUBBLE GUM RING, LUNCH BAG  BLACK SKULL., WORLD WAR 2 GLIDERS ASSTD DESIGNS"
16749.0,At Risk Customers,"GIRLS ALPHABET IRON ON PATCHES , WHITE HANGING HEART T-LIGHT HOLDER, ASSTD DESIGN BUBBLE GUM RING, LUNCH BAG  BLACK SKULL., WORLD WAR 2 GLIDERS ASSTD DESIGNS"
16750.0,Loyal Customers,"SMALL CHINESE STYLE SCISSOR, BLACK AND WHITE PAISLEY FLOWER MUG, WHITE HANGING HEART T-LIGHT HOLDER, WORLD WAR 2 GLIDERS ASSTD DESIGNS, ASSORTED COLOUR BIRD ORNAMENT"
16751.0,Potential Customers,"WORLD WAR 2 GLIDERS ASSTD DESIGNS, ASSORTED COLOUR BIRD ORNAMENT, ASSORTED COLOURS SILK FAN, GIRLS ALPHABET IRON ON PATCHES , POPART WOODEN PENCILS ASST"
16752.0,At Risk Customers,"GIRLS ALPHABET IRON ON PATCHES , WHITE HANGING HEART T-LIGHT HOLDER, ASSTD DESIGN BUBBLE GUM RING, LUNCH BAG  BLACK SKULL., WORLD WAR 2 GLIDERS ASSTD DESIGNS"
16753.0,Potential Customers,"WORLD WAR 2 GLIDERS ASSTD DESIGNS, ASSORTED COLOUR BIRD ORNAMENT, ASSORTED COLOURS SILK FAN, GIRLS ALPHABET IRON ON PATCHES , POPART WOODEN PENCILS ASST"
16754.0,Champions,"WORLD WAR 2 GLIDERS ASSTD DESIGNS, PAPER CRAFT , LITTLE BIRDIE, MEDIUM CERAMIC TOP STORAGE JAR, WHITE HANGING HEART T-LIGHT HOLDER, JUMBO BAG RED RETROSPOT"
16755.0,Loyal Customers,"SMALL CHINESE STYLE SCISSOR, BLACK AND WHITE PAISLEY FLOWER MUG, WHITE HANGING HEART T-LIGHT HOLDER, WORLD WAR 2 GLIDERS ASSTD DESIGNS, ASSORTED COLOUR BIRD ORNAMENT"
16756.0,Loyal Customers,"SMALL CHINESE STYLE SCISSOR, BLACK AND WHITE PAISLEY FLOWER MUG, WHITE HANGING HEART T-LIGHT HOLDER, WORLD WAR 2 GLIDERS ASSTD DESIGNS, ASSORTED COLOUR BIRD ORNAMENT"
16757.0,At Risk Customers,"GIRLS ALPHABET IRON ON PATCHES , WHITE HANGING HEART T-LIGHT HOLDER, ASSTD DESIGN BUBBLE GUM RING, LUNCH BAG  BLACK SKULL., WORLD WAR 2 GLIDERS ASSTD DESIGNS"
16758.0,Potential Customers,"WORLD WAR 2 GLIDERS ASSTD DESIGNS, ASSORTED COLOUR BIRD ORNAMENT, ASSORTED COLOURS SILK FAN, GIRLS ALPHABET IRON ON PATCHES , POPART WOODEN PENCILS ASST"
16760.0,At Risk Customers,"GIRLS ALPHABET IRON ON PATCHES , WHITE HANGING HEART T-LIGHT HOLDER, ASSTD DESIGN BUBBLE GUM RING, LUNCH BAG  BLACK SKULL., WORLD WAR 2 GLIDERS ASSTD DESIGNS"
16761.0,Potential Customers,"WORLD WAR 2 GLIDERS ASSTD DESIGNS, ASSORTED COLOUR BIRD ORNAMENT, ASSORTED COLOURS SILK FAN, GIRLS ALPHABET IRON ON PATCHES , POPART WOODEN PENCILS ASST"
16762.0,Loyal Customers,"SMALL CHINESE STYLE SCISSOR, BLACK AND WHITE PAISLEY FLOWER MUG, WHITE HANGING HEART T-LIGHT HOLDER, WORLD WAR 2 GLIDERS ASSTD DESIGNS, ASSORTED COLOUR BIRD ORNAMENT"
16765.0,Potential Customers,"WORLD WAR 2 GLIDERS ASSTD DESIGNS, ASSORTED COLOUR BIRD ORNAMENT, ASSORTED COLOURS SILK FAN, GIRLS ALPHABET IRON ON PATCHES , POPART WOODEN PENCILS ASST"
16766.0,Potential Customers,"WORLD WAR 2 GLIDERS ASSTD DESIGNS, ASSORTED COLOUR BIRD ORNAMENT, ASSORTED COLOURS SILK FAN, GIRLS ALPHABET IRON ON PATCHES , POPART WOODEN PENCILS ASST"
16769.0,Loyal Customers,"SMALL CHINESE STYLE SCISSOR, BLACK AND WHITE PAISLEY FLOWER MUG, WHITE HANGING HEART T-LIGHT HOLDER, WORLD WAR 2 GLIDERS ASSTD DESIGNS, ASSORTED COLOUR BIRD ORNAMENT"
16772.0,Loyal Customers,"SMALL CHINESE STYLE SCISSOR, BLACK AND WHITE PAISLEY FLOWER MUG, WHITE HANGING HEART T-LIGHT HOLDER, WORLD WAR 2 GLIDERS ASSTD DESIGNS, ASSORTED COLOUR BIRD ORNAMENT"
16778.0,Potential Customers,"WORLD WAR 2 GLIDERS ASSTD DESIGNS, ASSORTED COLOUR BIRD ORNAMENT, ASSORTED COLOURS SILK FAN, GIRLS ALPHABET IRON ON PATCHES , POPART WOODEN PENCILS ASST"
16780.0,Potential Customers,"WORLD WAR 2 GLIDERS ASSTD DESIGNS, ASSORTED COLOUR BIRD ORNAMENT, ASSORTED COLOURS SILK FAN, GIRLS ALPHABET IRON ON PATCHES , POPART WOODEN PENCILS ASST"
16781.0,At Risk Customers,"GIRLS ALPHABET IRON ON PATCHES , WHITE HANGING HEART T-LIGHT HOLDER, ASSTD DESIGN BUBBLE GUM RING, LUNCH BAG  BLACK SKULL., WORLD WAR 2 GLIDERS ASSTD DESIGNS"
16783.0,At Risk Customers,"GIRLS ALPHABET IRON ON PATCHES , WHITE HANGING HEART T-LIGHT HOLDER, ASSTD DESIGN BUBBLE GUM RING, LUNCH BAG  BLACK SKULL., WORLD WAR 2 GLIDERS ASSTD DESIGNS"
16785.0,At Risk Customers,"GIRLS ALPHABET IRON ON PATCHES , WHITE HANGING HEART T-LIGHT HOLDER, ASSTD DESIGN BUBBLE GUM RING, LUNCH BAG  BLACK SKULL., WORLD WAR 2 GLIDERS ASSTD DESIGNS"
16786.0,At Risk Customers,"GIRLS ALPHABET IRON ON PATCHES , WHITE HANGING HEART T-LIGHT HOLDER, ASSTD DESIGN BUBBLE GUM RING, LUNCH BAG  BLACK SKULL., WORLD WAR 2 GLIDERS ASSTD DESIGNS"
16787.0,At Risk Customers,"GIRLS ALPHABET IRON ON PATCHES , WHITE HANGING HEART T-LIGHT HOLDER, ASSTD DESIGN BUBBLE GUM RING, LUNCH BAG  BLACK SKULL., WORLD WAR 2 GLIDERS ASSTD DESIGNS"
16788.0,Loyal Customers,"SMALL CHINESE STYLE SCISSOR, BLACK AND WHITE PAISLEY FLOWER MUG, WHITE HANGING HEART T-LIGHT HOLDER, WORLD WAR 2 GLIDERS ASSTD DESIGNS, ASSORTED COLOUR BIRD ORNAMENT"
16789.0,Potential Customers,"WORLD WAR 2 GLIDERS ASSTD DESIGNS, ASSORTED COLOUR BIRD ORNAMENT, ASSORTED COLOURS SILK FAN, GIRLS ALPHABET IRON ON PATCHES , POPART WOODEN PENCILS ASST"
16792.0,Loyal Customers,"SMALL CHINESE STYLE SCISSOR, BLACK AND WHITE PAISLEY FLOWER MUG, WHITE HANGING HEART T-LIGHT HOLDER, WORLD WAR 2 GLIDERS ASSTD DESIGNS, ASSORTED COLOUR BIRD ORNAMENT"
16793.0,Potential Customers,"WORLD WAR 2 GLIDERS ASSTD DESIGNS, ASSORTED COLOUR BIRD ORNAMENT, ASSORTED COLOURS SILK FAN, GIRLS ALPHABET IRON ON PATCHES , POPART WOODEN PENCILS ASST"
16795.0,Loyal Customers,"SMALL CHINESE STYLE SCISSOR, BLACK AND WHITE PAISLEY FLOWER MUG, WHITE HANGING HEART T-LIGHT HOLDER, WORLD WAR 2 GLIDERS ASSTD DESIGNS, ASSORTED COLOUR BIRD ORNAMENT"
16796.0,Potential Customers,"WORLD WAR 2 GLIDERS ASSTD DESIGNS, ASSORTED COLOUR BIRD ORNAMENT, ASSORTED COLOURS SILK FAN, GIRLS ALPHABET IRON ON PATCHES , POPART WOODEN PENCILS ASST"
16797.0,Loyal Customers,"SMALL CHINESE STYLE SCISSOR, BLACK AND WHITE PAISLEY FLOWER MUG, WHITE HANGING HEART T-LIGHT HOLDER, WORLD WAR 2 GLIDERS ASSTD DESIGNS, ASSORTED COLOUR BIRD ORNAMENT"
16798.0,At Risk Customers,"GIRLS ALPHABET IRON ON PATCHES , WHITE HANGING HEART T-LIGHT HOLDER, ASSTD DESIGN BUBBLE GUM RING, LUNCH BAG  BLACK SKULL., WORLD WAR 2 GLIDERS ASSTD DESIGNS"
16799.0,At Risk Customers,"GIRLS ALPHABET IRON ON PATCHES , WHITE HANGING HEART T-LIGHT HOLDER, ASSTD DESIGN BUBBLE GUM RING, LUNCH BAG  BLACK SKULL., WORLD WAR 2 GLIDERS ASSTD DESIGNS"
16800.0,Potential Customers,"WORLD WAR 2 GLIDERS ASSTD DESIGNS, ASSORTED COLOUR BIRD ORNAMENT, ASSORTED COLOURS SILK FAN, GIRLS ALPHABET IRON ON PATCHES , POPART WOODEN PENCILS ASST"
16801.0,Loyal Customers,"SMALL CHINESE STYLE SCISSOR, BLACK AND WHITE PAISLEY FLOWER MUG, WHITE HANGING HEART T-LIGHT HOLDER, WORLD WAR 2 GLIDERS ASSTD DESIGNS, ASSORTED COLOUR BIRD ORNAMENT"
16802.0,At Risk Customers,"GIRLS ALPHABET IRON ON PATCHES , WHITE HANGING HEART T-LIGHT HOLDER, ASSTD DESIGN BUBBLE GUM RING, LUNCH BAG  BLACK SKULL., WORLD WAR 2 GLIDERS ASSTD DESIGNS"
16803.0,Potential Customers,"WORLD WAR 2 GLIDERS ASSTD DESIGNS, ASSORTED COLOUR BIRD ORNAMENT, ASSORTED COLOURS SILK FAN, GIRLS ALPHABET IRON ON PATCHES , POPART WOODEN PENCILS ASST"
16804.0,Potential Customers,"WORLD WAR 2 GLIDERS ASSTD DESIGNS, ASSORTED COLOUR BIRD ORNAMENT, ASSORTED COLOURS SILK FAN, GIRLS ALPHABET IRON ON PATCHES , POPART WOODEN PENCILS ASST"
16805.0,Loyal Customers,"SMALL CHINESE STYLE SCISSOR, BLACK AND WHITE PAISLEY FLOWER MUG, WHITE HANGING HEART T-LIGHT HOLDER, WORLD WAR 2 GLIDERS ASSTD DESIGNS, ASSORTED COLOUR BIRD ORNAMENT"
16806.0,Loyal Customers,"SMALL CHINESE STYLE SCISSOR, BLACK AND WHITE PAISLEY FLOWER MUG, WHITE HANGING HEART T-LIGHT HOLDER, WORLD WAR 2 GLIDERS ASSTD DESIGNS, ASSORTED COLOUR BIRD ORNAMENT"
16807.0,Loyal Customers,"SMALL CHINESE STYLE SCISSOR, BLACK AND WHITE PAISLEY FLOWER MUG, WHITE HANGING HEART T-LIGHT HOLDER, WORLD WAR 2 GLIDERS ASSTD DESIGNS, ASSORTED COLOUR BIRD ORNAMENT"
16808.0,Potential Customers,"WORLD WAR 2 GLIDERS ASSTD DESIGNS, ASSORTED COLOUR BIRD ORNAMENT, ASSORTED COLOURS SILK FAN, GIRLS ALPHABET IRON ON PATCHES , POPART WOODEN PENCILS ASST"
16810.0,Potential Customers,"WORLD WAR 2 GLIDERS ASSTD DESIGNS, ASSORTED COLOUR BIRD ORNAMENT, ASSORTED COLOURS SILK FAN, GIRLS ALPHABET IRON ON PATCHES , POPART WOODEN PENCILS ASST"
16812.0,Loyal Customers,"SMALL CHINESE STYLE SCISSOR, BLACK AND WHITE PAISLEY FLOWER MUG, WHITE HANGING HEART T-LIGHT HOLDER, WORLD WAR 2 GLIDERS ASSTD DESIGNS, ASSORTED COLOUR BIRD ORNAMENT"
16815.0,At Risk Customers,"GIRLS ALPHABET IRON ON PATCHES , WHITE HANGING HEART T-LIGHT HOLDER, ASSTD DESIGN BUBBLE GUM RING, LUNCH BAG  BLACK SKULL., WORLD WAR 2 GLIDERS ASSTD DESIGNS"
16816.0,Potential Customers,"WORLD WAR 2 GLIDERS ASSTD DESIGNS, ASSORTED COLOUR BIRD ORNAMENT, ASSORTED COLOURS SILK FAN, GIRLS ALPHABET IRON ON PATCHES , POPART WOODEN PENCILS ASST"
16819.0,At Risk Customers,"GIRLS ALPHABET IRON ON PATCHES , WHITE HANGING HEART T-LIGHT HOLDER, ASSTD DESIGN BUBBLE GUM RING, LUNCH BAG  BLACK SKULL., WORLD WAR 2 GLIDERS ASSTD DESIGNS"
16820.0,Potential Customers,"WORLD WAR 2 GLIDERS ASSTD DESIGNS, ASSORTED COLOUR BIRD ORNAMENT, ASSORTED COLOURS SILK FAN, GIRLS ALPHABET IRON ON PATCHES , POPART WOODEN PENCILS ASST"
16821.0,At Risk Customers,"GIRLS ALPHABET IRON ON PATCHES , WHITE HANGING HEART T-LIGHT HOLDER, ASSTD DESIGN BUBBLE GUM RING, LUNCH BAG  BLACK SKULL., WORLD WAR 2 GLIDERS ASSTD DESIGNS"
16822.0,At Risk Customers,"GIRLS ALPHABET IRON ON PATCHES , WHITE HANGING HEART T-LIGHT HOLDER, ASSTD DESIGN BUBBLE GUM RING, LUNCH BAG  BLACK SKULL., WORLD WAR 2 GLIDERS ASSTD DESIGNS"
16826.0,Potential Customers,"WORLD WAR 2 GLIDERS ASSTD DESIGNS, ASSORTED COLOUR BIRD ORNAMENT, ASSORTED COLOURS SILK FAN, GIRLS ALPHABET IRON ON PATCHES , POPART WOODEN PENCILS ASST"
16827.0,At Risk Customers,"GIRLS ALPHABET IRON ON PATCHES , WHITE HANGING HEART T-LIGHT HOLDER, ASSTD DESIGN BUBBLE GUM RING, LUNCH BAG  BLACK SKULL., WORLD WAR 2 GLIDERS ASSTD DESIGNS"
16828.0,Potential Customers,"WORLD WAR 2 GLIDERS ASSTD DESIGNS, ASSORTED COLOUR BIRD ORNAMENT, ASSORTED COLOURS SILK FAN, GIRLS ALPHABET IRON ON PATCHES , POPART WOODEN PENCILS ASST"
16829.0,Potential Customers,"WORLD WAR 2 GLIDERS ASSTD DESIGNS, ASSORTED COLOUR BIRD ORNAMENT, ASSORTED COLOURS SILK FAN, GIRLS ALPHABET IRON ON PATCHES , POPART WOODEN PENCILS ASST"
16831.0,At Risk Customers,"GIRLS ALPHABET IRON ON PATCHES , WHITE HANGING HEART T-LIGHT HOLDER, ASSTD DESIGN BUBBLE GUM RING, LUNCH BAG  BLACK SKULL., WORLD WAR 2 GLIDERS ASSTD DESIGNS"
16832.0,Potential Customers,"WORLD WAR 2 GLIDERS ASSTD DESIGNS, ASSORTED COLOUR BIRD ORNAMENT, ASSORTED COLOURS SILK FAN, GIRLS ALPHABET IRON ON PATCHES , POPART WOODEN PENCILS ASST"
16834.0,Potential Customers,"WORLD WAR 2 GLIDERS ASSTD DESIGNS, ASSORTED COLOUR BIRD ORNAMENT, ASSORTED COLOURS SILK FAN, GIRLS ALPHABET IRON ON PATCHES , POPART WOODEN PENCILS ASST"
16835.0,Loyal Customers,"SMALL CHINESE STYLE SCISSOR, BLACK AND WHITE PAISLEY FLOWER MUG, WHITE HANGING HEART T-LIGHT HOLDER, WORLD WAR 2 GLIDERS ASSTD DESIGNS, ASSORTED COLOUR BIRD ORNAMENT"
16838.0,Loyal Customers,"SMALL CHINESE STYLE SCISSOR, BLACK AND WHITE PAISLEY FLOWER MUG, WHITE HANGING HEART T-LIGHT HOLDER, WORLD WAR 2 GLIDERS ASSTD DESIGNS, ASSORTED COLOUR BIRD ORNAMENT"
16840.0,At Risk Customers,"GIRLS ALPHABET IRON ON PATCHES , WHITE HANGING HEART T-LIGHT HOLDER, ASSTD DESIGN BUBBLE GUM RING, LUNCH BAG  BLACK SKULL., WORLD WAR 2 GLIDERS ASSTD DESIGNS"
16842.0,Loyal Customers,"SMALL CHINESE STYLE SCISSOR, BLACK AND WHITE PAISLEY FLOWER MUG, WHITE HANGING HEART T-LIGHT HOLDER, WORLD WAR 2 GLIDERS ASSTD DESIGNS, ASSORTED COLOUR BIRD ORNAMENT"
16844.0,At Risk Customers,"GIRLS ALPHABET IRON ON PATCHES , WHITE HANGING HEART T-LIGHT HOLDER, ASSTD DESIGN BUBBLE GUM RING, LUNCH BAG  BLACK SKULL., WORLD WAR 2 GLIDERS ASSTD DESIGNS"
16845.0,At Risk Customers,"GIRLS ALPHABET IRON ON PATCHES , WHITE HANGING HEART T-LIGHT HOLDER, ASSTD DESIGN BUBBLE GUM RING, LUNCH BAG  BLACK SKULL., WORLD WAR 2 GLIDERS ASSTD DESIGNS"
16849.0,Potential Customers,"WORLD WAR 2 GLIDERS ASSTD DESIGNS, ASSORTED COLOUR BIRD ORNAMENT, ASSORTED COLOURS SILK FAN, GIRLS ALPHABET IRON ON PATCHES , POPART WOODEN PENCILS ASST"
16850.0,At Risk Customers,"GIRLS ALPHABET IRON ON PATCHES , WHITE HANGING HEART T-LIGHT HOLDER, ASSTD DESIGN BUBBLE GUM RING, LUNCH BAG  BLACK SKULL., WORLD WAR 2 GLIDERS ASSTD DESIGNS"
16851.0,Potential Customers,"WORLD WAR 2 GLIDERS ASSTD DESIGNS, ASSORTED COLOUR BIRD ORNAMENT, ASSORTED COLOURS SILK FAN, GIRLS ALPHABET IRON ON PATCHES , POPART WOODEN PENCILS ASST"
16852.0,Potential Customers,"WORLD WAR 2 GLIDERS ASSTD DESIGNS, ASSORTED COLOUR BIRD ORNAMENT, ASSORTED COLOURS SILK FAN, GIRLS ALPHABET IRON ON PATCHES , POPART WOODEN PENCILS ASST"
16854.0,At Risk Customers,"GIRLS ALPHABET IRON ON PATCHES , WHITE HANGING HEART T-LIGHT HOLDER, ASSTD DESIGN BUBBLE GUM RING, LUNCH BAG  BLACK SKULL., WORLD WAR 2 GLIDERS ASSTD DESIGNS"
16855.0,Potential Customers,"WORLD WAR 2 GLIDERS ASSTD DESIGNS, ASSORTED COLOUR BIRD ORNAMENT, ASSORTED COLOURS SILK FAN, GIRLS ALPHABET IRON ON PATCHES , POPART WOODEN PENCILS ASST"
16857.0,At Risk Customers,"GIRLS ALPHABET IRON ON PATCHES , WHITE HANGING HEART T-LIGHT HOLDER, ASSTD DESIGN BUBBLE GUM RING, LUNCH BAG  BLACK SKULL., WORLD WAR 2 GLIDERS ASSTD DESIGNS"
16860.0,At Risk Customers,"GIRLS ALPHABET IRON ON PATCHES , WHITE HANGING HEART T-LIGHT HOLDER, ASSTD DESIGN BUBBLE GUM RING, LUNCH BAG  BLACK SKULL., WORLD WAR 2 GLIDERS ASSTD DESIGNS"
16861.0,Loyal Customers,"SMALL CHINESE STYLE SCISSOR, BLACK AND WHITE PAISLEY FLOWER MUG, WHITE HANGING HEART T-LIGHT HOLDER, WORLD WAR 2 GLIDERS ASSTD DESIGNS, ASSORTED COLOUR BIRD ORNAMENT"
16862.0,At Risk Customers,"GIRLS ALPHABET IRON ON PATCHES , WHITE HANGING HEART T-LIGHT HOLDER, ASSTD DESIGN BUBBLE GUM RING, LUNCH BAG  BLACK SKULL., WORLD WAR 2 GLIDERS ASSTD DESIGNS"
16864.0,At Risk Customers,"GIRLS ALPHABET IRON ON PATCHES , WHITE HANGING HEART T-LIGHT HOLDER, ASSTD DESIGN BUBBLE GUM RING, LUNCH BAG  BLACK SKULL., WORLD WAR 2 GLIDERS ASSTD DESIGNS"
16865.0,At Risk Customers,"GIRLS ALPHABET IRON ON PATCHES , WHITE HANGING HEART T-LIGHT HOLDER, ASSTD DESIGN BUBBLE GUM RING, LUNCH BAG  BLACK SKULL., WORLD WAR 2 GLIDERS ASSTD DESIGNS"
16866.0,Potential Customers,"WORLD WAR 2 GLIDERS ASSTD DESIGNS, ASSORTED COLOUR BIRD ORNAMENT, ASSORTED COLOURS SILK FAN, GIRLS ALPHABET IRON ON PATCHES , POPART WOODEN PENCILS ASST"
16867.0,At Risk Customers,"GIRLS ALPHABET IRON ON PATCHES , WHITE HANGING HEART T-LIGHT HOLDER, ASSTD DESIGN BUBBLE GUM RING, LUNCH BAG  BLACK SKULL., WORLD WAR 2 GLIDERS ASSTD DESIGNS"
16868.0,At Risk Customers,"GIRLS ALPHABET IRON ON PATCHES , WHITE HANGING HEART T-LIGHT HOLDER, ASSTD DESIGN BUBBLE GUM RING, LUNCH BAG  BLACK SKULL., WORLD WAR 2 GLIDERS ASSTD DESIGNS"
16869.0,Loyal Customers,"SMALL CHINESE STYLE SCISSOR, BLACK AND WHITE PAISLEY FLOWER MUG, WHITE HANGING HEART T-LIGHT HOLDER, WORLD WAR 2 GLIDERS ASSTD DESIGNS, ASSORTED COLOUR BIRD ORNAMENT"
16870.0,At Risk Customers,"GIRLS ALPHABET IRON ON PATCHES , WHITE HANGING HEART T-LIGHT HOLDER, ASSTD DESIGN BUBBLE GUM RING, LUNCH BAG  BLACK SKULL., WORLD WAR 2 GLIDERS ASSTD DESIGNS"
16874.0,At Risk Customers,"GIRLS ALPHABET IRON ON PATCHES , WHITE HANGING HEART T-LIGHT HOLDER, ASSTD DESIGN BUBBLE GUM RING, LUNCH BAG  BLACK SKULL., WORLD WAR 2 GLIDERS ASSTD DESIGNS"
16876.0,At Risk Customers,"GIRLS ALPHABET IRON ON PATCHES , WHITE HANGING HEART T-LIGHT HOLDER, ASSTD DESIGN BUBBLE GUM RING, LUNCH BAG  BLACK SKULL., WORLD WAR 2 GLIDERS ASSTD DESIGNS"
16877.0,Loyal Customers,"SMALL CHINESE STYLE SCISSOR, BLACK AND WHITE PAISLEY FLOWER MUG, WHITE HANGING HEART T-LIGHT HOLDER, WORLD WAR 2 GLIDERS ASSTD DESIGNS, ASSORTED COLOUR BIRD ORNAMENT"
16878.0,Potential Customers,"WORLD WAR 2 GLIDERS ASSTD DESIGNS, ASSORTED COLOUR BIRD ORNAMENT, ASSORTED COLOURS SILK FAN, GIRLS ALPHABET IRON ON PATCHES , POPART WOODEN PENCILS ASST"
16881.0,Potential Customers,"WORLD WAR 2 GLIDERS ASSTD DESIGNS, ASSORTED COLOUR BIRD ORNAMENT, ASSORTED COLOURS SILK FAN, GIRLS ALPHABET IRON ON PATCHES , POPART WOODEN PENCILS ASST"
16882.0,Potential Customers,"WORLD WAR 2 GLIDERS ASSTD DESIGNS, ASSORTED COLOUR BIRD ORNAMENT, ASSORTED COLOURS SILK FAN, GIRLS ALPHABET IRON ON PATCHES , POPART WOODEN PENCILS ASST"
16883.0,Champions,"WORLD WAR 2 GLIDERS ASSTD DESIGNS, PAPER CRAFT , LITTLE BIRDIE, MEDIUM CERAMIC TOP STORAGE JAR, WHITE HANGING HEART T-LIGHT HOLDER, JUMBO BAG RED RETROSPOT"
16886.0,At Risk Customers,"GIRLS ALPHABET IRON ON PATCHES , WHITE HANGING HEART T-LIGHT HOLDER, ASSTD DESIGN BUBBLE GUM RING, LUNCH BAG  BLACK SKULL., WORLD WAR 2 GLIDERS ASSTD DESIGNS"
16888.0,At Risk Customers,"GIRLS ALPHABET IRON ON PATCHES , WHITE HANGING HEART T-LIGHT HOLDER, ASSTD DESIGN BUBBLE GUM RING, LUNCH BAG  BLACK SKULL., WORLD WAR 2 GLIDERS ASSTD DESIGNS"
16890.0,At Risk Customers,"GIRLS ALPHABET IRON ON PATCHES , WHITE HANGING HEART T-LIGHT HOLDER, ASSTD DESIGN BUBBLE GUM RING, LUNCH BAG  BLACK SKULL., WORLD WAR 2 GLIDERS ASSTD DESIGNS"
16893.0,At Risk Customers,"GIRLS ALPHABET IRON ON PATCHES , WHITE HANGING HEART T-LIGHT HOLDER, ASSTD DESIGN BUBBLE GUM RING, LUNCH BAG  BLACK SKULL., WORLD WAR 2 GLIDERS ASSTD DESIGNS"
16894.0,At Risk Customers,"GIRLS ALPHABET IRON ON PATCHES , WHITE HANGING HEART T-LIGHT HOLDER, ASSTD DESIGN BUBBLE GUM RING, LUNCH BAG  BLACK SKULL., WORLD WAR 2 GLIDERS ASSTD DESIGNS"
16896.0,At Risk Customers,"GIRLS ALPHABET IRON ON PATCHES , WHITE HANGING HEART T-LIGHT HOLDER, ASSTD DESIGN BUBBLE GUM RING, LUNCH BAG  BLACK SKULL., WORLD WAR 2 GLIDERS ASSTD DESIGNS"
16897.0,At Risk Customers,"GIRLS ALPHABET IRON ON PATCHES , WHITE HANGING HEART T-LIGHT HOLDER, ASSTD DESIGN BUBBLE GUM RING, LUNCH BAG  BLACK SKULL., WORLD WAR 2 GLIDERS ASSTD DESIGNS"
16901.0,At Risk Customers,"GIRLS ALPHABET IRON ON PATCHES , WHITE HANGING HEART T-LIGHT HOLDER, ASSTD DESIGN BUBBLE GUM RING, LUNCH BAG  BLACK SKULL., WORLD WAR 2 GLIDERS ASSTD DESIGNS"
16902.0,Potential Customers,"WORLD WAR 2 GLIDERS ASSTD DESIGNS, ASSORTED COLOUR BIRD ORNAMENT, ASSORTED COLOURS SILK FAN, GIRLS ALPHABET IRON ON PATCHES , POPART WOODEN PENCILS ASST"
16908.0,At Risk Customers,"GIRLS ALPHABET IRON ON PATCHES , WHITE HANGING HEART T-LIGHT HOLDER, ASSTD DESIGN BUBBLE GUM RING, LUNCH BAG  BLACK SKULL., WORLD WAR 2 GLIDERS ASSTD DESIGNS"
16909.0,Potential Customers,"WORLD WAR 2 GLIDERS ASSTD DESIGNS, ASSORTED COLOUR BIRD ORNAMENT, ASSORTED COLOURS SILK FAN, GIRLS ALPHABET IRON ON PATCHES , POPART WOODEN PENCILS ASST"
16911.0,At Risk Customers,"GIRLS ALPHABET IRON ON PATCHES , WHITE HANGING HEART T-LIGHT HOLDER, ASSTD DESIGN BUBBLE GUM RING, LUNCH BAG  BLACK SKULL., WORLD WAR 2 GLIDERS ASSTD DESIGNS"
16914.0,Potential Customers,"WORLD WAR 2 GLIDERS ASSTD DESIGNS, ASSORTED COLOUR BIRD ORNAMENT, ASSORTED COLOURS SILK FAN, GIRLS ALPHABET IRON ON PATCHES , POPART WOODEN PENCILS ASST"
16917.0,Loyal Customers,"SMALL CHINESE STYLE SCISSOR, BLACK AND WHITE PAISLEY FLOWER MUG, WHITE HANGING HEART T-LIGHT HOLDER, WORLD WAR 2 GLIDERS ASSTD DESIGNS, ASSORTED COLOUR BIRD ORNAMENT"
16919.0,Champions,"WORLD WAR 2 GLIDERS ASSTD DESIGNS, PAPER CRAFT , LITTLE BIRDIE, MEDIUM CERAMIC TOP STORAGE JAR, WHITE HANGING HEART T-LIGHT HOLDER, JUMBO BAG RED RETROSPOT"
16920.0,At Risk Customers,"GIRLS ALPHABET IRON ON PATCHES , WHITE HANGING HEART T-LIGHT HOLDER, ASSTD DESIGN BUBBLE GUM RING, LUNCH BAG  BLACK SKULL., WORLD WAR 2 GLIDERS ASSTD DESIGNS"
16922.0,At Risk Customers,"GIRLS ALPHABET IRON ON PATCHES , WHITE HANGING HEART T-LIGHT HOLDER, ASSTD DESIGN BUBBLE GUM RING, LUNCH BAG  BLACK SKULL., WORLD WAR 2 GLIDERS ASSTD DESIGNS"
16925.0,At Risk Customers,"GIRLS ALPHABET IRON ON PATCHES , WHITE HANGING HEART T-LIGHT HOLDER, ASSTD DESIGN BUBBLE GUM RING, LUNCH BAG  BLACK SKULL., WORLD WAR 2 GLIDERS ASSTD DESIGNS"
16926.0,Loyal Customers,"SMALL CHINESE STYLE SCISSOR, BLACK AND WHITE PAISLEY FLOWER MUG, WHITE HANGING HEART T-LIGHT HOLDER, WORLD WAR 2 GLIDERS ASSTD DESIGNS, ASSORTED COLOUR BIRD ORNAMENT"
16927.0,Potential Customers,"WORLD WAR 2 GLIDERS ASSTD DESIGNS, ASSORTED COLOUR BIRD ORNAMENT, ASSORTED COLOURS SILK FAN, GIRLS ALPHABET IRON ON PATCHES , POPART WOODEN PENCILS ASST"
16935.0,At Risk Customers,"GIRLS ALPHABET IRON ON PATCHES , WHITE HANGING HEART T-LIGHT HOLDER, ASSTD DESIGN BUBBLE GUM RING, LUNCH BAG  BLACK SKULL., WORLD WAR 2 GLIDERS ASSTD DESIGNS"
16937.0,At Risk Customers,"GIRLS ALPHABET IRON ON PATCHES , WHITE HANGING HEART T-LIGHT HOLDER, ASSTD DESIGN BUBBLE GUM RING, LUNCH BAG  BLACK SKULL., WORLD WAR 2 GLIDERS ASSTD DESIGNS"
16939.0,At Risk Customers,"GIRLS ALPHABET IRON ON PATCHES , WHITE HANGING HEART T-LIGHT HOLDER, ASSTD DESIGN BUBBLE GUM RING, LUNCH BAG  BLACK SKULL., WORLD WAR 2 GLIDERS ASSTD DESIGNS"
16941.0,At Risk Customers,"GIRLS ALPHABET IRON ON PATCHES , WHITE HANGING HEART T-LIGHT HOLDER, ASSTD DESIGN BUBBLE GUM RING, LUNCH BAG  BLACK SKULL., WORLD WAR 2 GLIDERS ASSTD DESIGNS"
16943.0,Loyal Customers,"SMALL CHINESE STYLE SCISSOR, BLACK AND WHITE PAISLEY FLOWER MUG, WHITE HANGING HEART T-LIGHT HOLDER, WORLD WAR 2 GLIDERS ASSTD DESIGNS, ASSORTED COLOUR BIRD ORNAMENT"
16944.0,At Risk Customers,"GIRLS ALPHABET IRON ON PATCHES , WHITE HANGING HEART T-LIGHT HOLDER, ASSTD DESIGN BUBBLE GUM RING, LUNCH BAG  BLACK SKULL., WORLD WAR 2 GLIDERS ASSTD DESIGNS"
16946.0,Loyal Customers,"SMALL CHINESE STYLE SCISSOR, BLACK AND WHITE PAISLEY FLOWER MUG, WHITE HANGING HEART T-LIGHT HOLDER, WORLD WAR 2 GLIDERS ASSTD DESIGNS, ASSORTED COLOUR BIRD ORNAMENT"
16947.0,Loyal Customers,"SMALL CHINESE STYLE SCISSOR, BLACK AND WHITE PAISLEY FLOWER MUG, WHITE HANGING HEART T-LIGHT HOLDER, WORLD WAR 2 GLIDERS ASSTD DESIGNS, ASSORTED COLOUR BIRD ORNAMENT"
16948.0,Loyal Customers,"SMALL CHINESE STYLE SCISSOR, BLACK AND WHITE PAISLEY FLOWER MUG, WHITE HANGING HEART T-LIGHT HOLDER, WORLD WAR 2 GLIDERS ASSTD DESIGNS, ASSORTED COLOUR BIRD ORNAMENT"
16949.0,Loyal Customers,"SMALL CHINESE STYLE SCISSOR, BLACK AND WHITE PAISLEY FLOWER MUG, WHITE HANGING HEART T-LIGHT HOLDER, WORLD WAR 2 GLIDERS ASSTD DESIGNS, ASSORTED COLOUR BIRD ORNAMENT"
16951.0,Loyal Customers,"SMALL CHINESE STYLE SCISSOR, BLACK AND WHITE PAISLEY FLOWER MUG, WHITE HANGING HEART T-LIGHT HOLDER, WORLD WAR 2 GLIDERS ASSTD DESIGNS, ASSORTED COLOUR BIRD ORNAMENT"
16955.0,Loyal Customers,"SMALL CHINESE STYLE SCISSOR, BLACK AND WHITE PAISLEY FLOWER MUG, WHITE HANGING HEART T-LIGHT HOLDER, WORLD WAR 2 GLIDERS ASSTD DESIGNS, ASSORTED COLOUR BIRD ORNAMENT"
16956.0,Potential Customers,"WORLD WAR 2 GLIDERS ASSTD DESIGNS, ASSORTED COLOUR BIRD ORNAMENT, ASSORTED COLOURS SILK FAN, GIRLS ALPHABET IRON ON PATCHES , POPART WOODEN PENCILS ASST"
16957.0,Potential Customers,"WORLD WAR 2 GLIDERS ASSTD DESIGNS, ASSORTED COLOUR BIRD ORNAMENT, ASSORTED COLOURS SILK FAN, GIRLS ALPHABET IRON ON PATCHES , POPART WOODEN PENCILS ASST"
16958.0,At Risk Customers,"GIRLS ALPHABET IRON ON PATCHES , WHITE HANGING HEART T-LIGHT HOLDER, ASSTD DESIGN BUBBLE GUM RING, LUNCH BAG  BLACK SKULL., WORLD WAR 2 GLIDERS ASSTD DESIGNS"
16959.0,Potential Customers,"WORLD WAR 2 GLIDERS ASSTD DESIGNS, ASSORTED COLOUR BIRD ORNAMENT, ASSORTED COLOURS SILK FAN, GIRLS ALPHABET IRON ON PATCHES , POPART WOODEN PENCILS ASST"
16962.0,At Risk Customers,"GIRLS ALPHABET IRON ON PATCHES , WHITE HANGING HEART T-LIGHT HOLDER, ASSTD DESIGN BUBBLE GUM RING, LUNCH BAG  BLACK SKULL., WORLD WAR 2 GLIDERS ASSTD DESIGNS"
16963.0,Potential Customers,"WORLD WAR 2 GLIDERS ASSTD DESIGNS, ASSORTED COLOUR BIRD ORNAMENT, ASSORTED COLOURS SILK FAN, GIRLS ALPHABET IRON ON PATCHES , POPART WOODEN PENCILS ASST"
16964.0,At Risk Customers,"GIRLS ALPHABET IRON ON PATCHES , WHITE HANGING HEART T-LIGHT HOLDER, ASSTD DESIGN BUBBLE GUM RING, LUNCH BAG  BLACK SKULL., WORLD WAR 2 GLIDERS ASSTD DESIGNS"
16965.0,Potential Customers,"WORLD WAR 2 GLIDERS ASSTD DESIGNS, ASSORTED COLOUR BIRD ORNAMENT, ASSORTED COLOURS SILK FAN, GIRLS ALPHABET IRON ON PATCHES , POPART WOODEN PENCILS ASST"
16967.0,Potential Customers,"WORLD WAR 2 GLIDERS ASSTD DESIGNS, ASSORTED COLOUR BIRD ORNAMENT, ASSORTED COLOURS SILK FAN, GIRLS ALPHABET IRON ON PATCHES , POPART WOODEN PENCILS ASST"
16968.0,Potential Customers,"WORLD WAR 2 GLIDERS ASSTD DESIGNS, ASSORTED COLOUR BIRD ORNAMENT, ASSORTED COLOURS SILK FAN, GIRLS ALPHABET IRON ON PATCHES , POPART WOODEN PENCILS ASST"
16969.0,Potential Customers,"WORLD WAR 2 GLIDERS ASSTD DESIGNS, ASSORTED COLOUR BIRD ORNAMENT, ASSORTED COLOURS SILK FAN, GIRLS ALPHABET IRON ON PATCHES , POPART WOODEN PENCILS ASST"
16970.0,At Risk Customers,"GIRLS ALPHABET IRON ON PATCHES , WHITE HANGING HEART T-LIGHT HOLDER, ASSTD DESIGN BUBBLE GUM RING, LUNCH BAG  BLACK SKULL., WORLD WAR 2 GLIDERS ASSTD DESIGNS"
16971.0,Potential Customers,"WORLD WAR 2 GLIDERS ASSTD DESIGNS, ASSORTED COLOUR BIRD ORNAMENT, ASSORTED COLOURS SILK FAN, GIRLS ALPHABET IRON ON PATCHES , POPART WOODEN PENCILS ASST"
16972.0,At Risk Customers,"GIRLS ALPHABET IRON ON PATCHES , WHITE HANGING HEART T-LIGHT HOLDER, ASSTD DESIGN BUBBLE GUM RING, LUNCH BAG  BLACK SKULL., WORLD WAR 2 GLIDERS ASSTD DESIGNS"
16973.0,At Risk Customers,"GIRLS ALPHABET IRON ON PATCHES , WHITE HANGING HEART T-LIGHT HOLDER, ASSTD DESIGN BUBBLE GUM RING, LUNCH BAG  BLACK SKULL., WORLD WAR 2 GLIDERS ASSTD DESIGNS"
16974.0,At Risk Customers,"GIRLS ALPHABET IRON ON PATCHES , WHITE HANGING HEART T-LIGHT HOLDER, ASSTD DESIGN BUBBLE GUM RING, LUNCH BAG  BLACK SKULL., WORLD WAR 2 GLIDERS ASSTD DESIGNS"
16975.0,At Risk Customers,"GIRLS ALPHABET IRON ON PATCHES , WHITE HANGING HEART T-LIGHT HOLDER, ASSTD DESIGN BUBBLE GUM RING, LUNCH BAG  BLACK SKULL., WORLD WAR 2 GLIDERS ASSTD DESIGNS"
16976.0,Potential Customers,"WORLD WAR 2 GLIDERS ASSTD DESIGNS, ASSORTED COLOUR BIRD ORNAMENT, ASSORTED COLOURS SILK FAN, GIRLS ALPHABET IRON ON PATCHES , POPART WOODEN PENCILS ASST"
16977.0,At Risk Customers,"GIRLS ALPHABET IRON ON PATCHES , WHITE HANGING HEART T-LIGHT HOLDER, ASSTD DESIGN BUBBLE GUM RING, LUNCH BAG  BLACK SKULL., WORLD WAR 2 GLIDERS ASSTD DESIGNS"
16980.0,Loyal Customers,"SMALL CHINESE STYLE SCISSOR, BLACK AND WHITE PAISLEY FLOWER MUG, WHITE HANGING HEART T-LIGHT HOLDER, WORLD WAR 2 GLIDERS ASSTD DESIGNS, ASSORTED COLOUR BIRD ORNAMENT"
16982.0,Potential Customers,"WORLD WAR 2 GLIDERS ASSTD DESIGNS, ASSORTED COLOUR BIRD ORNAMENT, ASSORTED COLOURS SILK FAN, GIRLS ALPHABET IRON ON PATCHES , POPART WOODEN PENCILS ASST"
16990.0,Potential Customers,"WORLD WAR 2 GLIDERS ASSTD DESIGNS, ASSORTED COLOUR BIRD ORNAMENT, ASSORTED COLOURS SILK FAN, GIRLS ALPHABET IRON ON PATCHES , POPART WOODEN PENCILS ASST"
16991.0,At Risk Customers,"GIRLS ALPHABET IRON ON PATCHES , WHITE HANGING HEART T-LIGHT HOLDER, ASSTD DESIGN BUBBLE GUM RING, LUNCH BAG  BLACK SKULL., WORLD WAR 2 GLIDERS ASSTD DESIGNS"
16993.0,At Risk Customers,"GIRLS ALPHABET IRON ON PATCHES , WHITE HANGING HEART T-LIGHT HOLDER, ASSTD DESIGN BUBBLE GUM RING, LUNCH BAG  BLACK SKULL., WORLD WAR 2 GLIDERS ASSTD DESIGNS"
16997.0,Potential Customers,"WORLD WAR 2 GLIDERS ASSTD DESIGNS, ASSORTED COLOUR BIRD ORNAMENT, ASSORTED COLOURS SILK FAN, GIRLS ALPHABET IRON ON PATCHES , POPART WOODEN PENCILS ASST"
16998.0,Potential Customers,"WORLD WAR 2 GLIDERS ASSTD DESIGNS, ASSORTED COLOUR BIRD ORNAMENT, ASSORTED COLOURS SILK FAN, GIRLS ALPHABET IRON ON PATCHES , POPART WOODEN PENCILS ASST"
16999.0,Potential Customers,"WORLD WAR 2 GLIDERS ASSTD DESIGNS, ASSORTED COLOUR BIRD ORNAMENT, ASSORTED COLOURS SILK FAN, GIRLS ALPHABET IRON ON PATCHES , POPART WOODEN PENCILS ASST"
17000.0,At Risk Customers,"GIRLS ALPHABET IRON ON PATCHES , WHITE HANGING HEART T-LIGHT HOLDER, ASSTD DESIGN BUBBLE GUM RING, LUNCH BAG  BLACK SKULL., WORLD WAR 2 GLIDERS ASSTD DESIGNS"
17003.0,At Risk Customers,"GIRLS ALPHABET IRON ON PATCHES , WHITE HANGING HEART T-LIGHT HOLDER, ASSTD DESIGN BUBBLE GUM RING, LUNCH BAG  BLACK SKULL., WORLD WAR 2 GLIDERS ASSTD DESIGNS"
17005.0,At Risk Customers,"GIRLS ALPHABET IRON ON PATCHES , WHITE HANGING HEART T-LIGHT HOLDER, ASSTD DESIGN BUBBLE GUM RING, LUNCH BAG  BLACK SKULL., WORLD WAR 2 GLIDERS ASSTD DESIGNS"
17008.0,At Risk Customers,"GIRLS ALPHABET IRON ON PATCHES , WHITE HANGING HEART T-LIGHT HOLDER, ASSTD DESIGN BUBBLE GUM RING, LUNCH BAG  BLACK SKULL., WORLD WAR 2 GLIDERS ASSTD DESIGNS"
17009.0,At Risk Customers,"GIRLS ALPHABET IRON ON PATCHES , WHITE HANGING HEART T-LIGHT HOLDER, ASSTD DESIGN BUBBLE GUM RING, LUNCH BAG  BLACK SKULL., WORLD WAR 2 GLIDERS ASSTD DESIGNS"
17010.0,Potential Customers,"WORLD WAR 2 GLIDERS ASSTD DESIGNS, ASSORTED COLOUR BIRD ORNAMENT, ASSORTED COLOURS SILK FAN, GIRLS ALPHABET IRON ON PATCHES , POPART WOODEN PENCILS ASST"
17012.0,At Risk Customers,"GIRLS ALPHABET IRON ON PATCHES , WHITE HANGING HEART T-LIGHT HOLDER, ASSTD DESIGN BUBBLE GUM RING, LUNCH BAG  BLACK SKULL., WORLD WAR 2 GLIDERS ASSTD DESIGNS"
17014.0,Potential Customers,"WORLD WAR 2 GLIDERS ASSTD DESIGNS, ASSORTED COLOUR BIRD ORNAMENT, ASSORTED COLOURS SILK FAN, GIRLS ALPHABET IRON ON PATCHES , POPART WOODEN PENCILS ASST"
17016.0,At Risk Customers,"GIRLS ALPHABET IRON ON PATCHES , WHITE HANGING HEART T-LIGHT HOLDER, ASSTD DESIGN BUBBLE GUM RING, LUNCH BAG  BLACK SKULL., WORLD WAR 2 GLIDERS ASSTD DESIGNS"
17020.0,At Risk Customers,"GIRLS ALPHABET IRON ON PATCHES , WHITE HANGING HEART T-LIGHT HOLDER, ASSTD DESIGN BUBBLE GUM RING, LUNCH BAG  BLACK SKULL., WORLD WAR 2 GLIDERS ASSTD DESIGNS"
17023.0,At Risk Customers,"GIRLS ALPHABET IRON ON PATCHES , WHITE HANGING HEART T-LIGHT HOLDER, ASSTD DESIGN BUBBLE GUM RING, LUNCH BAG  BLACK SKULL., WORLD WAR 2 GLIDERS ASSTD DESIGNS"
17026.0,Potential Customers,"WORLD WAR 2 GLIDERS ASSTD DESIGNS, ASSORTED COLOUR BIRD ORNAMENT, ASSORTED COLOURS SILK FAN, GIRLS ALPHABET IRON ON PATCHES , POPART WOODEN PENCILS ASST"
17028.0,At Risk Customers,"GIRLS ALPHABET IRON ON PATCHES , WHITE HANGING HEART T-LIGHT HOLDER, ASSTD DESIGN BUBBLE GUM RING, LUNCH BAG  BLACK SKULL., WORLD WAR 2 GLIDERS ASSTD DESIGNS"
17029.0,Loyal Customers,"SMALL CHINESE STYLE SCISSOR, BLACK AND WHITE PAISLEY FLOWER MUG, WHITE HANGING HEART T-LIGHT HOLDER, WORLD WAR 2 GLIDERS ASSTD DESIGNS, ASSORTED COLOUR BIRD ORNAMENT"
17030.0,Potential Customers,"WORLD WAR 2 GLIDERS ASSTD DESIGNS, ASSORTED COLOUR BIRD ORNAMENT, ASSORTED COLOURS SILK FAN, GIRLS ALPHABET IRON ON PATCHES , POPART WOODEN PENCILS ASST"
17033.0,Loyal Customers,"SMALL CHINESE STYLE SCISSOR, BLACK AND WHITE PAISLEY FLOWER MUG, WHITE HANGING HEART T-LIGHT HOLDER, WORLD WAR 2 GLIDERS ASSTD DESIGNS, ASSORTED COLOUR BIRD ORNAMENT"
17035.0,Loyal Customers,"SMALL CHINESE STYLE SCISSOR, BLACK AND WHITE PAISLEY FLOWER MUG, WHITE HANGING HEART T-LIGHT HOLDER, WORLD WAR 2 GLIDERS ASSTD DESIGNS, ASSORTED COLOUR BIRD ORNAMENT"
17036.0,At Risk Customers,"GIRLS ALPHABET IRON ON PATCHES , WHITE HANGING HEART T-LIGHT HOLDER, ASSTD DESIGN BUBBLE GUM RING, LUNCH BAG  BLACK SKULL., WORLD WAR 2 GLIDERS ASSTD DESIGNS"
17037.0,Potential Customers,"WORLD WAR 2 GLIDERS ASSTD DESIGNS, ASSORTED COLOUR BIRD ORNAMENT, ASSORTED COLOURS SILK FAN, GIRLS ALPHABET IRON ON PATCHES , POPART WOODEN PENCILS ASST"
17039.0,At Risk Customers,"GIRLS ALPHABET IRON ON PATCHES , WHITE HANGING HEART T-LIGHT HOLDER, ASSTD DESIGN BUBBLE GUM RING, LUNCH BAG  BLACK SKULL., WORLD WAR 2 GLIDERS ASSTD DESIGNS"
17042.0,Loyal Customers,"SMALL CHINESE STYLE SCISSOR, BLACK AND WHITE PAISLEY FLOWER MUG, WHITE HANGING HEART T-LIGHT HOLDER, WORLD WAR 2 GLIDERS ASSTD DESIGNS, ASSORTED COLOUR BIRD ORNAMENT"
17045.0,Loyal Customers,"SMALL CHINESE STYLE SCISSOR, BLACK AND WHITE PAISLEY FLOWER MUG, WHITE HANGING HEART T-LIGHT HOLDER, WORLD WAR 2 GLIDERS ASSTD DESIGNS, ASSORTED COLOUR BIRD ORNAMENT"
17046.0,Loyal Customers,"SMALL CHINESE STYLE SCISSOR, BLACK AND WHITE PAISLEY FLOWER MUG, WHITE HANGING HEART T-LIGHT HOLDER, WORLD WAR 2 GLIDERS ASSTD DESIGNS, ASSORTED COLOUR BIRD ORNAMENT"
17050.0,Champions,"WORLD WAR 2 GLIDERS ASSTD DESIGNS, PAPER CRAFT , LITTLE BIRDIE, MEDIUM CERAMIC TOP STORAGE JAR, WHITE HANGING HEART T-LIGHT HOLDER, JUMBO BAG RED RETROSPOT"
17051.0,Loyal Customers,"SMALL CHINESE STYLE SCISSOR, BLACK AND WHITE PAISLEY FLOWER MUG, WHITE HANGING HEART T-LIGHT HOLDER, WORLD WAR 2 GLIDERS ASSTD DESIGNS, ASSORTED COLOUR BIRD ORNAMENT"
17052.0,Potential Customers,"WORLD WAR 2 GLIDERS ASSTD DESIGNS, ASSORTED COLOUR BIRD ORNAMENT, ASSORTED COLOURS SILK FAN, GIRLS ALPHABET IRON ON PATCHES , POPART WOODEN PENCILS ASST"
17053.0,Potential Customers,"WORLD WAR 2 GLIDERS ASSTD DESIGNS, ASSORTED COLOUR BIRD ORNAMENT, ASSORTED COLOURS SILK FAN, GIRLS ALPHABET IRON ON PATCHES , POPART WOODEN PENCILS ASST"
17054.0,Loyal Customers,"SMALL CHINESE STYLE SCISSOR, BLACK AND WHITE PAISLEY FLOWER MUG, WHITE HANGING HEART T-LIGHT HOLDER, WORLD WAR 2 GLIDERS ASSTD DESIGNS, ASSORTED COLOUR BIRD ORNAMENT"
17055.0,At Risk Customers,"GIRLS ALPHABET IRON ON PATCHES , WHITE HANGING HEART T-LIGHT HOLDER, ASSTD DESIGN BUBBLE GUM RING, LUNCH BAG  BLACK SKULL., WORLD WAR 2 GLIDERS ASSTD DESIGNS"
17056.0,At Risk Customers,"GIRLS ALPHABET IRON ON PATCHES , WHITE HANGING HEART T-LIGHT HOLDER, ASSTD DESIGN BUBBLE GUM RING, LUNCH BAG  BLACK SKULL., WORLD WAR 2 GLIDERS ASSTD DESIGNS"
17057.0,At Risk Customers,"GIRLS ALPHABET IRON ON PATCHES , WHITE HANGING HEART T-LIGHT HOLDER, ASSTD DESIGN BUBBLE GUM RING, LUNCH BAG  BLACK SKULL., WORLD WAR 2 GLIDERS ASSTD DESIGNS"
17058.0,Loyal Customers,"SMALL CHINESE STYLE SCISSOR, BLACK AND WHITE PAISLEY FLOWER MUG, WHITE HANGING HEART T-LIGHT HOLDER, WORLD WAR 2 GLIDERS ASSTD DESIGNS, ASSORTED COLOUR BIRD ORNAMENT"
17060.0,Potential Customers,"WORLD WAR 2 GLIDERS ASSTD DESIGNS, ASSORTED COLOUR BIRD ORNAMENT, ASSORTED COLOURS SILK FAN, GIRLS ALPHABET IRON ON PATCHES , POPART WOODEN PENCILS ASST"
17062.0,Loyal Customers,"SMALL CHINESE STYLE SCISSOR, BLACK AND WHITE PAISLEY FLOWER MUG, WHITE HANGING HEART T-LIGHT HOLDER, WORLD WAR 2 GLIDERS ASSTD DESIGNS, ASSORTED COLOUR BIRD ORNAMENT"
17064.0,Potential Customers,"WORLD WAR 2 GLIDERS ASSTD DESIGNS, ASSORTED COLOUR BIRD ORNAMENT, ASSORTED COLOURS SILK FAN, GIRLS ALPHABET IRON ON PATCHES , POPART WOODEN PENCILS ASST"
17065.0,At Risk Customers,"GIRLS ALPHABET IRON ON PATCHES , WHITE HANGING HEART T-LIGHT HOLDER, ASSTD DESIGN BUBBLE GUM RING, LUNCH BAG  BLACK SKULL., WORLD WAR 2 GLIDERS ASSTD DESIGNS"
17066.0,At Risk Customers,"GIRLS ALPHABET IRON ON PATCHES , WHITE HANGING HEART T-LIGHT HOLDER, ASSTD DESIGN BUBBLE GUM RING, LUNCH BAG  BLACK SKULL., WORLD WAR 2 GLIDERS ASSTD DESIGNS"
17067.0,At Risk Customers,"GIRLS ALPHABET IRON ON PATCHES , WHITE HANGING HEART T-LIGHT HOLDER, ASSTD DESIGN BUBBLE GUM RING, LUNCH BAG  BLACK SKULL., WORLD WAR 2 GLIDERS ASSTD DESIGNS"
17070.0,Potential Customers,"WORLD WAR 2 GLIDERS ASSTD DESIGNS, ASSORTED COLOUR BIRD ORNAMENT, ASSORTED COLOURS SILK FAN, GIRLS ALPHABET IRON ON PATCHES , POPART WOODEN PENCILS ASST"
17072.0,At Risk Customers,"GIRLS ALPHABET IRON ON PATCHES , WHITE HANGING HEART T-LIGHT HOLDER, ASSTD DESIGN BUBBLE GUM RING, LUNCH BAG  BLACK SKULL., WORLD WAR 2 GLIDERS ASSTD DESIGNS"
17074.0,At Risk Customers,"GIRLS ALPHABET IRON ON PATCHES , WHITE HANGING HEART T-LIGHT HOLDER, ASSTD DESIGN BUBBLE GUM RING, LUNCH BAG  BLACK SKULL., WORLD WAR 2 GLIDERS ASSTD DESIGNS"
17077.0,At Risk Customers,"GIRLS ALPHABET IRON ON PATCHES , WHITE HANGING HEART T-LIGHT HOLDER, ASSTD DESIGN BUBBLE GUM RING, LUNCH BAG  BLACK SKULL., WORLD WAR 2 GLIDERS ASSTD DESIGNS"
17079.0,Potential Customers,"WORLD WAR 2 GLIDERS ASSTD DESIGNS, ASSORTED COLOUR BIRD ORNAMENT, ASSORTED COLOURS SILK FAN, GIRLS ALPHABET IRON ON PATCHES , POPART WOODEN PENCILS ASST"
17083.0,Loyal Customers,"SMALL CHINESE STYLE SCISSOR, BLACK AND WHITE PAISLEY FLOWER MUG, WHITE HANGING HEART T-LIGHT HOLDER, WORLD WAR 2 GLIDERS ASSTD DESIGNS, ASSORTED COLOUR BIRD ORNAMENT"
17085.0,Champions,"WORLD WAR 2 GLIDERS ASSTD DESIGNS, PAPER CRAFT , LITTLE BIRDIE, MEDIUM CERAMIC TOP STORAGE JAR, WHITE HANGING HEART T-LIGHT HOLDER, JUMBO BAG RED RETROSPOT"
17087.0,At Risk Customers,"GIRLS ALPHABET IRON ON PATCHES , WHITE HANGING HEART T-LIGHT HOLDER, ASSTD DESIGN BUBBLE GUM RING, LUNCH BAG  BLACK SKULL., WORLD WAR 2 GLIDERS ASSTD DESIGNS"
17088.0,Loyal Customers,"SMALL CHINESE STYLE SCISSOR, BLACK AND WHITE PAISLEY FLOWER MUG, WHITE HANGING HEART T-LIGHT HOLDER, WORLD WAR 2 GLIDERS ASSTD DESIGNS, ASSORTED COLOUR BIRD ORNAMENT"
17089.0,At Risk Customers,"GIRLS ALPHABET IRON ON PATCHES , WHITE HANGING HEART T-LIGHT HOLDER, ASSTD DESIGN BUBBLE GUM RING, LUNCH BAG  BLACK SKULL., WORLD WAR 2 GLIDERS ASSTD DESIGNS"
17093.0,At Risk Customers,"GIRLS ALPHABET IRON ON PATCHES , WHITE HANGING HEART T-LIGHT HOLDER, ASSTD DESIGN BUBBLE GUM RING, LUNCH BAG  BLACK SKULL., WORLD WAR 2 GLIDERS ASSTD DESIGNS"
17094.0,At Risk Customers,"GIRLS ALPHABET IRON ON PATCHES , WHITE HANGING HEART T-LIGHT HOLDER, ASSTD DESIGN BUBBLE GUM RING, LUNCH BAG  BLACK SKULL., WORLD WAR 2 GLIDERS ASSTD DESIGNS"
17098.0,At Risk Customers,"GIRLS ALPHABET IRON ON PATCHES , WHITE HANGING HEART T-LIGHT HOLDER, ASSTD DESIGN BUBBLE GUM RING, LUNCH BAG  BLACK SKULL., WORLD WAR 2 GLIDERS ASSTD DESIGNS"
17099.0,At Risk Customers,"GIRLS ALPHABET IRON ON PATCHES , WHITE HANGING HEART T-LIGHT HOLDER, ASSTD DESIGN BUBBLE GUM RING, LUNCH BAG  BLACK SKULL., WORLD WAR 2 GLIDERS ASSTD DESIGNS"
17102.0,Potential Customers,"WORLD WAR 2 GLIDERS ASSTD DESIGNS, ASSORTED COLOUR BIRD ORNAMENT, ASSORTED COLOURS SILK FAN, GIRLS ALPHABET IRON ON PATCHES , POPART WOODEN PENCILS ASST"
17103.0,At Risk Customers,"GIRLS ALPHABET IRON ON PATCHES , WHITE HANGING HEART T-LIGHT HOLDER, ASSTD DESIGN BUBBLE GUM RING, LUNCH BAG  BLACK SKULL., WORLD WAR 2 GLIDERS ASSTD DESIGNS"
17104.0,At Risk Customers,"GIRLS ALPHABET IRON ON PATCHES , WHITE HANGING HEART T-LIGHT HOLDER, ASSTD DESIGN BUBBLE GUM RING, LUNCH BAG  BLACK SKULL., WORLD WAR 2 GLIDERS ASSTD DESIGNS"
17105.0,Potential Customers,"WORLD WAR 2 GLIDERS ASSTD DESIGNS, ASSORTED COLOUR BIRD ORNAMENT, ASSORTED COLOURS SILK FAN, GIRLS ALPHABET IRON ON PATCHES , POPART WOODEN PENCILS ASST"
17106.0,At Risk Customers,"GIRLS ALPHABET IRON ON PATCHES , WHITE HANGING HEART T-LIGHT HOLDER, ASSTD DESIGN BUBBLE GUM RING, LUNCH BAG  BLACK SKULL., WORLD WAR 2 GLIDERS ASSTD DESIGNS"
17108.0,At Risk Customers,"GIRLS ALPHABET IRON ON PATCHES , WHITE HANGING HEART T-LIGHT HOLDER, ASSTD DESIGN BUBBLE GUM RING, LUNCH BAG  BLACK SKULL., WORLD WAR 2 GLIDERS ASSTD DESIGNS"
17110.0,Potential Customers,"WORLD WAR 2 GLIDERS ASSTD DESIGNS, ASSORTED COLOUR BIRD ORNAMENT, ASSORTED COLOURS SILK FAN, GIRLS ALPHABET IRON ON PATCHES , POPART WOODEN PENCILS ASST"
17112.0,At Risk Customers,"GIRLS ALPHABET IRON ON PATCHES , WHITE HANGING HEART T-LIGHT HOLDER, ASSTD DESIGN BUBBLE GUM RING, LUNCH BAG  BLACK SKULL., WORLD WAR 2 GLIDERS ASSTD DESIGNS"
17113.0,At Risk Customers,"GIRLS ALPHABET IRON ON PATCHES , WHITE HANGING HEART T-LIGHT HOLDER, ASSTD DESIGN BUBBLE GUM RING, LUNCH BAG  BLACK SKULL., WORLD WAR 2 GLIDERS ASSTD DESIGNS"
17116.0,At Risk Customers,"GIRLS ALPHABET IRON ON PATCHES , WHITE HANGING HEART T-LIGHT HOLDER, ASSTD DESIGN BUBBLE GUM RING, LUNCH BAG  BLACK SKULL., WORLD WAR 2 GLIDERS ASSTD DESIGNS"
17117.0,At Risk Customers,"GIRLS ALPHABET IRON ON PATCHES , WHITE HANGING HEART T-LIGHT HOLDER, ASSTD DESIGN BUBBLE GUM RING, LUNCH BAG  BLACK SKULL., WORLD WAR 2 GLIDERS ASSTD DESIGNS"
17118.0,At Risk Customers,"GIRLS ALPHABET IRON ON PATCHES , WHITE HANGING HEART T-LIGHT HOLDER, ASSTD DESIGN BUBBLE GUM RING, LUNCH BAG  BLACK SKULL., WORLD WAR 2 GLIDERS ASSTD DESIGNS"
17119.0,Potential Customers,"WORLD WAR 2 GLIDERS ASSTD DESIGNS, ASSORTED COLOUR BIRD ORNAMENT, ASSORTED COLOURS SILK FAN, GIRLS ALPHABET IRON ON PATCHES , POPART WOODEN PENCILS ASST"
17120.0,Potential Customers,"WORLD WAR 2 GLIDERS ASSTD DESIGNS, ASSORTED COLOUR BIRD ORNAMENT, ASSORTED COLOURS SILK FAN, GIRLS ALPHABET IRON ON PATCHES , POPART WOODEN PENCILS ASST"
17121.0,At Risk Customers,"GIRLS ALPHABET IRON ON PATCHES , WHITE HANGING HEART T-LIGHT HOLDER, ASSTD DESIGN BUBBLE GUM RING, LUNCH BAG  BLACK SKULL., WORLD WAR 2 GLIDERS ASSTD DESIGNS"
17123.0,Loyal Customers,"SMALL CHINESE STYLE SCISSOR, BLACK AND WHITE PAISLEY FLOWER MUG, WHITE HANGING HEART T-LIGHT HOLDER, WORLD WAR 2 GLIDERS ASSTD DESIGNS, ASSORTED COLOUR BIRD ORNAMENT"
17124.0,Potential Customers,"WORLD WAR 2 GLIDERS ASSTD DESIGNS, ASSORTED COLOUR BIRD ORNAMENT, ASSORTED COLOURS SILK FAN, GIRLS ALPHABET IRON ON PATCHES , POPART WOODEN PENCILS ASST"
17125.0,Potential Customers,"WORLD WAR 2 GLIDERS ASSTD DESIGNS, ASSORTED COLOUR BIRD ORNAMENT, ASSORTED COLOURS SILK FAN, GIRLS ALPHABET IRON ON PATCHES , POPART WOODEN PENCILS ASST"
17126.0,Loyal Customers,"SMALL CHINESE STYLE SCISSOR, BLACK AND WHITE PAISLEY FLOWER MUG, WHITE HANGING HEART T-LIGHT HOLDER, WORLD WAR 2 GLIDERS ASSTD DESIGNS, ASSORTED COLOUR BIRD ORNAMENT"
17127.0,At Risk Customers,"GIRLS ALPHABET IRON ON PATCHES , WHITE HANGING HEART T-LIGHT HOLDER, ASSTD DESIGN BUBBLE GUM RING, LUNCH BAG  BLACK SKULL., WORLD WAR 2 GLIDERS ASSTD DESIGNS"
17128.0,At Risk Customers,"GIRLS ALPHABET IRON ON PATCHES , WHITE HANGING HEART T-LIGHT HOLDER, ASSTD DESIGN BUBBLE GUM RING, LUNCH BAG  BLACK SKULL., WORLD WAR 2 GLIDERS ASSTD DESIGNS"
17129.0,At Risk Customers,"GIRLS ALPHABET IRON ON PATCHES , WHITE HANGING HEART T-LIGHT HOLDER, ASSTD DESIGN BUBBLE GUM RING, LUNCH BAG  BLACK SKULL., WORLD WAR 2 GLIDERS ASSTD DESIGNS"
17132.0,At Risk Customers,"GIRLS ALPHABET IRON ON PATCHES , WHITE HANGING HEART T-LIGHT HOLDER, ASSTD DESIGN BUBBLE GUM RING, LUNCH BAG  BLACK SKULL., WORLD WAR 2 GLIDERS ASSTD DESIGNS"
17134.0,Potential Customers,"WORLD WAR 2 GLIDERS ASSTD DESIGNS, ASSORTED COLOUR BIRD ORNAMENT, ASSORTED COLOURS SILK FAN, GIRLS ALPHABET IRON ON PATCHES , POPART WOODEN PENCILS ASST"
17136.0,At Risk Customers,"GIRLS ALPHABET IRON ON PATCHES , WHITE HANGING HEART T-LIGHT HOLDER, ASSTD DESIGN BUBBLE GUM RING, LUNCH BAG  BLACK SKULL., WORLD WAR 2 GLIDERS ASSTD DESIGNS"
17137.0,Loyal Customers,"SMALL CHINESE STYLE SCISSOR, BLACK AND WHITE PAISLEY FLOWER MUG, WHITE HANGING HEART T-LIGHT HOLDER, WORLD WAR 2 GLIDERS ASSTD DESIGNS, ASSORTED COLOUR BIRD ORNAMENT"
17140.0,Potential Customers,"WORLD WAR 2 GLIDERS ASSTD DESIGNS, ASSORTED COLOUR BIRD ORNAMENT, ASSORTED COLOURS SILK FAN, GIRLS ALPHABET IRON ON PATCHES , POPART WOODEN PENCILS ASST"
17141.0,At Risk Customers,"GIRLS ALPHABET IRON ON PATCHES , WHITE HANGING HEART T-LIGHT HOLDER, ASSTD DESIGN BUBBLE GUM RING, LUNCH BAG  BLACK SKULL., WORLD WAR 2 GLIDERS ASSTD DESIGNS"
17142.0,Loyal Customers,"SMALL CHINESE STYLE SCISSOR, BLACK AND WHITE PAISLEY FLOWER MUG, WHITE HANGING HEART T-LIGHT HOLDER, WORLD WAR 2 GLIDERS ASSTD DESIGNS, ASSORTED COLOUR BIRD ORNAMENT"
17143.0,At Risk Customers,"GIRLS ALPHABET IRON ON PATCHES , WHITE HANGING HEART T-LIGHT HOLDER, ASSTD DESIGN BUBBLE GUM RING, LUNCH BAG  BLACK SKULL., WORLD WAR 2 GLIDERS ASSTD DESIGNS"
17144.0,Potential Customers,"WORLD WAR 2 GLIDERS ASSTD DESIGNS, ASSORTED COLOUR BIRD ORNAMENT, ASSORTED COLOURS SILK FAN, GIRLS ALPHABET IRON ON PATCHES , POPART WOODEN PENCILS ASST"
17146.0,Champions,"WORLD WAR 2 GLIDERS ASSTD DESIGNS, PAPER CRAFT , LITTLE BIRDIE, MEDIUM CERAMIC TOP STORAGE JAR, WHITE HANGING HEART T-LIGHT HOLDER, JUMBO BAG RED RETROSPOT"
17148.0,Potential Customers,"WORLD WAR 2 GLIDERS ASSTD DESIGNS, ASSORTED COLOUR BIRD ORNAMENT, ASSORTED COLOURS SILK FAN, GIRLS ALPHABET IRON ON PATCHES , POPART WOODEN PENCILS ASST"
17149.0,At Risk Customers,"GIRLS ALPHABET IRON ON PATCHES , WHITE HANGING HEART T-LIGHT HOLDER, ASSTD DESIGN BUBBLE GUM RING, LUNCH BAG  BLACK SKULL., WORLD WAR 2 GLIDERS ASSTD DESIGNS"
17150.0,Loyal Customers,"SMALL CHINESE STYLE SCISSOR, BLACK AND WHITE PAISLEY FLOWER MUG, WHITE HANGING HEART T-LIGHT HOLDER, WORLD WAR 2 GLIDERS ASSTD DESIGNS, ASSORTED COLOUR BIRD ORNAMENT"
17151.0,At Risk Customers,"GIRLS ALPHABET IRON ON PATCHES , WHITE HANGING HEART T-LIGHT HOLDER, ASSTD DESIGN BUBBLE GUM RING, LUNCH BAG  BLACK SKULL., WORLD WAR 2 GLIDERS ASSTD DESIGNS"
17152.0,Loyal Customers,"SMALL CHINESE STYLE SCISSOR, BLACK AND WHITE PAISLEY FLOWER MUG, WHITE HANGING HEART T-LIGHT HOLDER, WORLD WAR 2 GLIDERS ASSTD DESIGNS, ASSORTED COLOUR BIRD ORNAMENT"
17153.0,Potential Customers,"WORLD WAR 2 GLIDERS ASSTD DESIGNS, ASSORTED COLOUR BIRD ORNAMENT, ASSORTED COLOURS SILK FAN, GIRLS ALPHABET IRON ON PATCHES , POPART WOODEN PENCILS ASST"
17154.0,Potential Customers,"WORLD WAR 2 GLIDERS ASSTD DESIGNS, ASSORTED COLOUR BIRD ORNAMENT, ASSORTED COLOURS SILK FAN, GIRLS ALPHABET IRON ON PATCHES , POPART WOODEN PENCILS ASST"
17156.0,At Risk Customers,"GIRLS ALPHABET IRON ON PATCHES , WHITE HANGING HEART T-LIGHT HOLDER, ASSTD DESIGN BUBBLE GUM RING, LUNCH BAG  BLACK SKULL., WORLD WAR 2 GLIDERS ASSTD DESIGNS"
17161.0,At Risk Customers,"GIRLS ALPHABET IRON ON PATCHES , WHITE HANGING HEART T-LIGHT HOLDER, ASSTD DESIGN BUBBLE GUM RING, LUNCH BAG  BLACK SKULL., WORLD WAR 2 GLIDERS ASSTD DESIGNS"
17165.0,Loyal Customers,"SMALL CHINESE STYLE SCISSOR, BLACK AND WHITE PAISLEY FLOWER MUG, WHITE HANGING HEART T-LIGHT HOLDER, WORLD WAR 2 GLIDERS ASSTD DESIGNS, ASSORTED COLOUR BIRD ORNAMENT"
17166.0,Potential Customers,"WORLD WAR 2 GLIDERS ASSTD DESIGNS, ASSORTED COLOUR BIRD ORNAMENT, ASSORTED COLOURS SILK FAN, GIRLS ALPHABET IRON ON PATCHES , POPART WOODEN PENCILS ASST"
17168.0,At Risk Customers,"GIRLS ALPHABET IRON ON PATCHES , WHITE HANGING HEART T-LIGHT HOLDER, ASSTD DESIGN BUBBLE GUM RING, LUNCH BAG  BLACK SKULL., WORLD WAR 2 GLIDERS ASSTD DESIGNS"
17170.0,At Risk Customers,"GIRLS ALPHABET IRON ON PATCHES , WHITE HANGING HEART T-LIGHT HOLDER, ASSTD DESIGN BUBBLE GUM RING, LUNCH BAG  BLACK SKULL., WORLD WAR 2 GLIDERS ASSTD DESIGNS"
17171.0,Potential Customers,"WORLD WAR 2 GLIDERS ASSTD DESIGNS, ASSORTED COLOUR BIRD ORNAMENT, ASSORTED COLOURS SILK FAN, GIRLS ALPHABET IRON ON PATCHES , POPART WOODEN PENCILS ASST"
17173.0,Loyal Customers,"SMALL CHINESE STYLE SCISSOR, BLACK AND WHITE PAISLEY FLOWER MUG, WHITE HANGING HEART T-LIGHT HOLDER, WORLD WAR 2 GLIDERS ASSTD DESIGNS, ASSORTED COLOUR BIRD ORNAMENT"
17174.0,Potential Customers,"WORLD WAR 2 GLIDERS ASSTD DESIGNS, ASSORTED COLOUR BIRD ORNAMENT, ASSORTED COLOURS SILK FAN, GIRLS ALPHABET IRON ON PATCHES , POPART WOODEN PENCILS ASST"
17175.0,Loyal Customers,"SMALL CHINESE STYLE SCISSOR, BLACK AND WHITE PAISLEY FLOWER MUG, WHITE HANGING HEART T-LIGHT HOLDER, WORLD WAR 2 GLIDERS ASSTD DESIGNS, ASSORTED COLOUR BIRD ORNAMENT"
17176.0,Loyal Customers,"SMALL CHINESE STYLE SCISSOR, BLACK AND WHITE PAISLEY FLOWER MUG, WHITE HANGING HEART T-LIGHT HOLDER, WORLD WAR 2 GLIDERS ASSTD DESIGNS, ASSORTED COLOUR BIRD ORNAMENT"
17177.0,At Risk Customers,"GIRLS ALPHABET IRON ON PATCHES , WHITE HANGING HEART T-LIGHT HOLDER, ASSTD DESIGN BUBBLE GUM RING, LUNCH BAG  BLACK SKULL., WORLD WAR 2 GLIDERS ASSTD DESIGNS"
17178.0,At Risk Customers,"GIRLS ALPHABET IRON ON PATCHES , WHITE HANGING HEART T-LIGHT HOLDER, ASSTD DESIGN BUBBLE GUM RING, LUNCH BAG  BLACK SKULL., WORLD WAR 2 GLIDERS ASSTD DESIGNS"
17179.0,Loyal Customers,"SMALL CHINESE STYLE SCISSOR, BLACK AND WHITE PAISLEY FLOWER MUG, WHITE HANGING HEART T-LIGHT HOLDER, WORLD WAR 2 GLIDERS ASSTD DESIGNS, ASSORTED COLOUR BIRD ORNAMENT"
17182.0,At Risk Customers,"GIRLS ALPHABET IRON ON PATCHES , WHITE HANGING HEART T-LIGHT HOLDER, ASSTD DESIGN BUBBLE GUM RING, LUNCH BAG  BLACK SKULL., WORLD WAR 2 GLIDERS ASSTD DESIGNS"
17184.0,At Risk Customers,"GIRLS ALPHABET IRON ON PATCHES , WHITE HANGING HEART T-LIGHT HOLDER, ASSTD DESIGN BUBBLE GUM RING, LUNCH BAG  BLACK SKULL., WORLD WAR 2 GLIDERS ASSTD DESIGNS"
17185.0,At Risk Customers,"GIRLS ALPHABET IRON ON PATCHES , WHITE HANGING HEART T-LIGHT HOLDER, ASSTD DESIGN BUBBLE GUM RING, LUNCH BAG  BLACK SKULL., WORLD WAR 2 GLIDERS ASSTD DESIGNS"
17186.0,Potential Customers,"WORLD WAR 2 GLIDERS ASSTD DESIGNS, ASSORTED COLOUR BIRD ORNAMENT, ASSORTED COLOURS SILK FAN, GIRLS ALPHABET IRON ON PATCHES , POPART WOODEN PENCILS ASST"
17187.0,Potential Customers,"WORLD WAR 2 GLIDERS ASSTD DESIGNS, ASSORTED COLOUR BIRD ORNAMENT, ASSORTED COLOURS SILK FAN, GIRLS ALPHABET IRON ON PATCHES , POPART WOODEN PENCILS ASST"
17192.0,At Risk Customers,"GIRLS ALPHABET IRON ON PATCHES , WHITE HANGING HEART T-LIGHT HOLDER, ASSTD DESIGN BUBBLE GUM RING, LUNCH BAG  BLACK SKULL., WORLD WAR 2 GLIDERS ASSTD DESIGNS"
17194.0,Potential Customers,"WORLD WAR 2 GLIDERS ASSTD DESIGNS, ASSORTED COLOUR BIRD ORNAMENT, ASSORTED COLOURS SILK FAN, GIRLS ALPHABET IRON ON PATCHES , POPART WOODEN PENCILS ASST"
17195.0,At Risk Customers,"GIRLS ALPHABET IRON ON PATCHES , WHITE HANGING HEART T-LIGHT HOLDER, ASSTD DESIGN BUBBLE GUM RING, LUNCH BAG  BLACK SKULL., WORLD WAR 2 GLIDERS ASSTD DESIGNS"
17196.0,At Risk Customers,"GIRLS ALPHABET IRON ON PATCHES , WHITE HANGING HEART T-LIGHT HOLDER, ASSTD DESIGN BUBBLE GUM RING, LUNCH BAG  BLACK SKULL., WORLD WAR 2 GLIDERS ASSTD DESIGNS"
17197.0,Potential Customers,"WORLD WAR 2 GLIDERS ASSTD DESIGNS, ASSORTED COLOUR BIRD ORNAMENT, ASSORTED COLOURS SILK FAN, GIRLS ALPHABET IRON ON PATCHES , POPART WOODEN PENCILS ASST"
17199.0,At Risk Customers,"GIRLS ALPHABET IRON ON PATCHES , WHITE HANGING HEART T-LIGHT HOLDER, ASSTD DESIGN BUBBLE GUM RING, LUNCH BAG  BLACK SKULL., WORLD WAR 2 GLIDERS ASSTD DESIGNS"
17200.0,At Risk Customers,"GIRLS ALPHABET IRON ON PATCHES , WHITE HANGING HEART T-LIGHT HOLDER, ASSTD DESIGN BUBBLE GUM RING, LUNCH BAG  BLACK SKULL., WORLD WAR 2 GLIDERS ASSTD DESIGNS"
17202.0,At Risk Customers,"GIRLS ALPHABET IRON ON PATCHES , WHITE HANGING HEART T-LIGHT HOLDER, ASSTD DESIGN BUBBLE GUM RING, LUNCH BAG  BLACK SKULL., WORLD WAR 2 GLIDERS ASSTD DESIGNS"
17206.0,Potential Customers,"WORLD WAR 2 GLIDERS ASSTD DESIGNS, ASSORTED COLOUR BIRD ORNAMENT, ASSORTED COLOURS SILK FAN, GIRLS ALPHABET IRON ON PATCHES , POPART WOODEN PENCILS ASST"
17207.0,At Risk Customers,"GIRLS ALPHABET IRON ON PATCHES , WHITE HANGING HEART T-LIGHT HOLDER, ASSTD DESIGN BUBBLE GUM RING, LUNCH BAG  BLACK SKULL., WORLD WAR 2 GLIDERS ASSTD DESIGNS"
17208.0,At Risk Customers,"GIRLS ALPHABET IRON ON PATCHES , WHITE HANGING HEART T-LIGHT HOLDER, ASSTD DESIGN BUBBLE GUM RING, LUNCH BAG  BLACK SKULL., WORLD WAR 2 GLIDERS ASSTD DESIGNS"
17209.0,At Risk Customers,"GIRLS ALPHABET IRON ON PATCHES , WHITE HANGING HEART T-LIGHT HOLDER, ASSTD DESIGN BUBBLE GUM RING, LUNCH BAG  BLACK SKULL., WORLD WAR 2 GLIDERS ASSTD DESIGNS"
17210.0,At Risk Customers,"GIRLS ALPHABET IRON ON PATCHES , WHITE HANGING HEART T-LIGHT HOLDER, ASSTD DESIGN BUBBLE GUM RING, LUNCH BAG  BLACK SKULL., WORLD WAR 2 GLIDERS ASSTD DESIGNS"
17212.0,Potential Customers,"WORLD WAR 2 GLIDERS ASSTD DESIGNS, ASSORTED COLOUR BIRD ORNAMENT, ASSORTED COLOURS SILK FAN, GIRLS ALPHABET IRON ON PATCHES , POPART WOODEN PENCILS ASST"
17215.0,At Risk Customers,"GIRLS ALPHABET IRON ON PATCHES , WHITE HANGING HEART T-LIGHT HOLDER, ASSTD DESIGN BUBBLE GUM RING, LUNCH BAG  BLACK SKULL., WORLD WAR 2 GLIDERS ASSTD DESIGNS"
17216.0,At Risk Customers,"GIRLS ALPHABET IRON ON PATCHES , WHITE HANGING HEART T-LIGHT HOLDER, ASSTD DESIGN BUBBLE GUM RING, LUNCH BAG  BLACK SKULL., WORLD WAR 2 GLIDERS ASSTD DESIGNS"
17217.0,Potential Customers,"WORLD WAR 2 GLIDERS ASSTD DESIGNS, ASSORTED COLOUR BIRD ORNAMENT, ASSORTED COLOURS SILK FAN, GIRLS ALPHABET IRON ON PATCHES , POPART WOODEN PENCILS ASST"
17223.0,At Risk Customers,"GIRLS ALPHABET IRON ON PATCHES , WHITE HANGING HEART T-LIGHT HOLDER, ASSTD DESIGN BUBBLE GUM RING, LUNCH BAG  BLACK SKULL., WORLD WAR 2 GLIDERS ASSTD DESIGNS"
17224.0,At Risk Customers,"GIRLS ALPHABET IRON ON PATCHES , WHITE HANGING HEART T-LIGHT HOLDER, ASSTD DESIGN BUBBLE GUM RING, LUNCH BAG  BLACK SKULL., WORLD WAR 2 GLIDERS ASSTD DESIGNS"
17225.0,At Risk Customers,"GIRLS ALPHABET IRON ON PATCHES , WHITE HANGING HEART T-LIGHT HOLDER, ASSTD DESIGN BUBBLE GUM RING, LUNCH BAG  BLACK SKULL., WORLD WAR 2 GLIDERS ASSTD DESIGNS"
17229.0,Potential Customers,"WORLD WAR 2 GLIDERS ASSTD DESIGNS, ASSORTED COLOUR BIRD ORNAMENT, ASSORTED COLOURS SILK FAN, GIRLS ALPHABET IRON ON PATCHES , POPART WOODEN PENCILS ASST"
17232.0,Potential Customers,"WORLD WAR 2 GLIDERS ASSTD DESIGNS, ASSORTED COLOUR BIRD ORNAMENT, ASSORTED COLOURS SILK FAN, GIRLS ALPHABET IRON ON PATCHES , POPART WOODEN PENCILS ASST"
17234.0,Potential Customers,"WORLD WAR 2 GLIDERS ASSTD DESIGNS, ASSORTED COLOUR BIRD ORNAMENT, ASSORTED COLOURS SILK FAN, GIRLS ALPHABET IRON ON PATCHES , POPART WOODEN PENCILS ASST"
17239.0,Loyal Customers,"SMALL CHINESE STYLE SCISSOR, BLACK AND WHITE PAISLEY FLOWER MUG, WHITE HANGING HEART T-LIGHT HOLDER, WORLD WAR 2 GLIDERS ASSTD DESIGNS, ASSORTED COLOUR BIRD ORNAMENT"
17240.0,At Risk Customers,"GIRLS ALPHABET IRON ON PATCHES , WHITE HANGING HEART T-LIGHT HOLDER, ASSTD DESIGN BUBBLE GUM RING, LUNCH BAG  BLACK SKULL., WORLD WAR 2 GLIDERS ASSTD DESIGNS"
17241.0,Loyal Customers,"SMALL CHINESE STYLE SCISSOR, BLACK AND WHITE PAISLEY FLOWER MUG, WHITE HANGING HEART T-LIGHT HOLDER, WORLD WAR 2 GLIDERS ASSTD DESIGNS, ASSORTED COLOUR BIRD ORNAMENT"
17245.0,Potential Customers,"WORLD WAR 2 GLIDERS ASSTD DESIGNS, ASSORTED COLOUR BIRD ORNAMENT, ASSORTED COLOURS SILK FAN, GIRLS ALPHABET IRON ON PATCHES , POPART WOODEN PENCILS ASST"
17246.0,At Risk Customers,"GIRLS ALPHABET IRON ON PATCHES , WHITE HANGING HEART T-LIGHT HOLDER, ASSTD DESIGN BUBBLE GUM RING, LUNCH BAG  BLACK SKULL., WORLD WAR 2 GLIDERS ASSTD DESIGNS"
17247.0,Potential Customers,"WORLD WAR 2 GLIDERS ASSTD DESIGNS, ASSORTED COLOUR BIRD ORNAMENT, ASSORTED COLOURS SILK FAN, GIRLS ALPHABET IRON ON PATCHES , POPART WOODEN PENCILS ASST"
17249.0,At Risk Customers,"GIRLS ALPHABET IRON ON PATCHES , WHITE HANGING HEART T-LIGHT HOLDER, ASSTD DESIGN BUBBLE GUM RING, LUNCH BAG  BLACK SKULL., WORLD WAR 2 GLIDERS ASSTD DESIGNS"
17250.0,Potential Customers,"WORLD WAR 2 GLIDERS ASSTD DESIGNS, ASSORTED COLOUR BIRD ORNAMENT, ASSORTED COLOURS SILK FAN, GIRLS ALPHABET IRON ON PATCHES , POPART WOODEN PENCILS ASST"
17252.0,Potential Customers,"WORLD WAR 2 GLIDERS ASSTD DESIGNS, ASSORTED COLOUR BIRD ORNAMENT, ASSORTED COLOURS SILK FAN, GIRLS ALPHABET IRON ON PATCHES , POPART WOODEN PENCILS ASST"
17253.0,Potential Customers,"WORLD WAR 2 GLIDERS ASSTD DESIGNS, ASSORTED COLOUR BIRD ORNAMENT, ASSORTED COLOURS SILK FAN, GIRLS ALPHABET IRON ON PATCHES , POPART WOODEN PENCILS ASST"
17256.0,Loyal Customers,"SMALL CHINESE STYLE SCISSOR, BLACK AND WHITE PAISLEY FLOWER MUG, WHITE HANGING HEART T-LIGHT HOLDER, WORLD WAR 2 GLIDERS ASSTD DESIGNS, ASSORTED COLOUR BIRD ORNAMENT"
17257.0,At Risk Customers,"GIRLS ALPHABET IRON ON PATCHES , WHITE HANGING HEART T-LIGHT HOLDER, ASSTD DESIGN BUBBLE GUM RING, LUNCH BAG  BLACK SKULL., WORLD WAR 2 GLIDERS ASSTD DESIGNS"
17258.0,At Risk Customers,"GIRLS ALPHABET IRON ON PATCHES , WHITE HANGING HEART T-LIGHT HOLDER, ASSTD DESIGN BUBBLE GUM RING, LUNCH BAG  BLACK SKULL., WORLD WAR 2 GLIDERS ASSTD DESIGNS"
17260.0,At Risk Customers,"GIRLS ALPHABET IRON ON PATCHES , WHITE HANGING HEART T-LIGHT HOLDER, ASSTD DESIGN BUBBLE GUM RING, LUNCH BAG  BLACK SKULL., WORLD WAR 2 GLIDERS ASSTD DESIGNS"
17261.0,At Risk Customers,"GIRLS ALPHABET IRON ON PATCHES , WHITE HANGING HEART T-LIGHT HOLDER, ASSTD DESIGN BUBBLE GUM RING, LUNCH BAG  BLACK SKULL., WORLD WAR 2 GLIDERS ASSTD DESIGNS"
17263.0,Potential Customers,"WORLD WAR 2 GLIDERS ASSTD DESIGNS, ASSORTED COLOUR BIRD ORNAMENT, ASSORTED COLOURS SILK FAN, GIRLS ALPHABET IRON ON PATCHES , POPART WOODEN PENCILS ASST"
17264.0,At Risk Customers,"GIRLS ALPHABET IRON ON PATCHES , WHITE HANGING HEART T-LIGHT HOLDER, ASSTD DESIGN BUBBLE GUM RING, LUNCH BAG  BLACK SKULL., WORLD WAR 2 GLIDERS ASSTD DESIGNS"
17265.0,Potential Customers,"WORLD WAR 2 GLIDERS ASSTD DESIGNS, ASSORTED COLOUR BIRD ORNAMENT, ASSORTED COLOURS SILK FAN, GIRLS ALPHABET IRON ON PATCHES , POPART WOODEN PENCILS ASST"
17267.0,Potential Customers,"WORLD WAR 2 GLIDERS ASSTD DESIGNS, ASSORTED COLOUR BIRD ORNAMENT, ASSORTED COLOURS SILK FAN, GIRLS ALPHABET IRON ON PATCHES , POPART WOODEN PENCILS ASST"
17269.0,At Risk Customers,"GIRLS ALPHABET IRON ON PATCHES , WHITE HANGING HEART T-LIGHT HOLDER, ASSTD DESIGN BUBBLE GUM RING, LUNCH BAG  BLACK SKULL., WORLD WAR 2 GLIDERS ASSTD DESIGNS"
17270.0,At Risk Customers,"GIRLS ALPHABET IRON ON PATCHES , WHITE HANGING HEART T-LIGHT HOLDER, ASSTD DESIGN BUBBLE GUM RING, LUNCH BAG  BLACK SKULL., WORLD WAR 2 GLIDERS ASSTD DESIGNS"
17271.0,At Risk Customers,"GIRLS ALPHABET IRON ON PATCHES , WHITE HANGING HEART T-LIGHT HOLDER, ASSTD DESIGN BUBBLE GUM RING, LUNCH BAG  BLACK SKULL., WORLD WAR 2 GLIDERS ASSTD DESIGNS"
17272.0,Loyal Customers,"SMALL CHINESE STYLE SCISSOR, BLACK AND WHITE PAISLEY FLOWER MUG, WHITE HANGING HEART T-LIGHT HOLDER, WORLD WAR 2 GLIDERS ASSTD DESIGNS, ASSORTED COLOUR BIRD ORNAMENT"
17273.0,At Risk Customers,"GIRLS ALPHABET IRON ON PATCHES , WHITE HANGING HEART T-LIGHT HOLDER, ASSTD DESIGN BUBBLE GUM RING, LUNCH BAG  BLACK SKULL., WORLD WAR 2 GLIDERS ASSTD DESIGNS"
17275.0,At Risk Customers,"GIRLS ALPHABET IRON ON PATCHES , WHITE HANGING HEART T-LIGHT HOLDER, ASSTD DESIGN BUBBLE GUM RING, LUNCH BAG  BLACK SKULL., WORLD WAR 2 GLIDERS ASSTD DESIGNS"
17276.0,At Risk Customers,"GIRLS ALPHABET IRON ON PATCHES , WHITE HANGING HEART T-LIGHT HOLDER, ASSTD DESIGN BUBBLE GUM RING, LUNCH BAG  BLACK SKULL., WORLD WAR 2 GLIDERS ASSTD DESIGNS"
17277.0,Potential Customers,"WORLD WAR 2 GLIDERS ASSTD DESIGNS, ASSORTED COLOUR BIRD ORNAMENT, ASSORTED COLOURS SILK FAN, GIRLS ALPHABET IRON ON PATCHES , POPART WOODEN PENCILS ASST"
17278.0,Potential Customers,"WORLD WAR 2 GLIDERS ASSTD DESIGNS, ASSORTED COLOUR BIRD ORNAMENT, ASSORTED COLOURS SILK FAN, GIRLS ALPHABET IRON ON PATCHES , POPART WOODEN PENCILS ASST"
17279.0,Potential Customers,"WORLD WAR 2 GLIDERS ASSTD DESIGNS, ASSORTED COLOUR BIRD ORNAMENT, ASSORTED COLOURS SILK FAN, GIRLS ALPHABET IRON ON PATCHES , POPART WOODEN PENCILS ASST"
17280.0,At Risk Customers,"GIRLS ALPHABET IRON ON PATCHES , WHITE HANGING HEART T-LIGHT HOLDER, ASSTD DESIGN BUBBLE GUM RING, LUNCH BAG  BLACK SKULL., WORLD WAR 2 GLIDERS ASSTD DESIGNS"
17281.0,Loyal Customers,"SMALL CHINESE STYLE SCISSOR, BLACK AND WHITE PAISLEY FLOWER MUG, WHITE HANGING HEART T-LIGHT HOLDER, WORLD WAR 2 GLIDERS ASSTD DESIGNS, ASSORTED COLOUR BIRD ORNAMENT"
17282.0,Loyal Customers,"SMALL CHINESE STYLE SCISSOR, BLACK AND WHITE PAISLEY FLOWER MUG, WHITE HANGING HEART T-LIGHT HOLDER, WORLD WAR 2 GLIDERS ASSTD DESIGNS, ASSORTED COLOUR BIRD ORNAMENT"
17283.0,At Risk Customers,"GIRLS ALPHABET IRON ON PATCHES , WHITE HANGING HEART T-LIGHT HOLDER, ASSTD DESIGN BUBBLE GUM RING, LUNCH BAG  BLACK SKULL., WORLD WAR 2 GLIDERS ASSTD DESIGNS"
17285.0,At Risk Customers,"GIRLS ALPHABET IRON ON PATCHES , WHITE HANGING HEART T-LIGHT HOLDER, ASSTD DESIGN BUBBLE GUM RING, LUNCH BAG  BLACK SKULL., WORLD WAR 2 GLIDERS ASSTD DESIGNS"
17291.0,At Risk Customers,"GIRLS ALPHABET IRON ON PATCHES , WHITE HANGING HEART T-LIGHT HOLDER, ASSTD DESIGN BUBBLE GUM RING, LUNCH BAG  BLACK SKULL., WORLD WAR 2 GLIDERS ASSTD DESIGNS"
17292.0,At Risk Customers,"GIRLS ALPHABET IRON ON PATCHES , WHITE HANGING HEART T-LIGHT HOLDER, ASSTD DESIGN BUBBLE GUM RING, LUNCH BAG  BLACK SKULL., WORLD WAR 2 GLIDERS ASSTD DESIGNS"
17294.0,At Risk Customers,"GIRLS ALPHABET IRON ON PATCHES , WHITE HANGING HEART T-LIGHT HOLDER, ASSTD DESIGN BUBBLE GUM RING, LUNCH BAG  BLACK SKULL., WORLD WAR 2 GLIDERS ASSTD DESIGNS"
17296.0,At Risk Customers,"GIRLS ALPHABET IRON ON PATCHES , WHITE HANGING HEART T-LIGHT HOLDER, ASSTD DESIGN BUBBLE GUM RING, LUNCH BAG  BLACK SKULL., WORLD WAR 2 GLIDERS ASSTD DESIGNS"
17299.0,Loyal Customers,"SMALL CHINESE STYLE SCISSOR, BLACK AND WHITE PAISLEY FLOWER MUG, WHITE HANGING HEART T-LIGHT HOLDER, WORLD WAR 2 GLIDERS ASSTD DESIGNS, ASSORTED COLOUR BIRD ORNAMENT"
17300.0,At Risk Customers,"GIRLS ALPHABET IRON ON PATCHES , WHITE HANGING HEART T-LIGHT HOLDER, ASSTD DESIGN BUBBLE GUM RING, LUNCH BAG  BLACK SKULL., WORLD WAR 2 GLIDERS ASSTD DESIGNS"
17302.0,Loyal Customers,"SMALL CHINESE STYLE SCISSOR, BLACK AND WHITE PAISLEY FLOWER MUG, WHITE HANGING HEART T-LIGHT HOLDER, WORLD WAR 2 GLIDERS ASSTD DESIGNS, ASSORTED COLOUR BIRD ORNAMENT"
17303.0,At Risk Customers,"GIRLS ALPHABET IRON ON PATCHES , WHITE HANGING HEART T-LIGHT HOLDER, ASSTD DESIGN BUBBLE GUM RING, LUNCH BAG  BLACK SKULL., WORLD WAR 2 GLIDERS ASSTD DESIGNS"
17304.0,At Risk Customers,"GIRLS ALPHABET IRON ON PATCHES , WHITE HANGING HEART T-LIGHT HOLDER, ASSTD DESIGN BUBBLE GUM RING, LUNCH BAG  BLACK SKULL., WORLD WAR 2 GLIDERS ASSTD DESIGNS"
17305.0,At Risk Customers,"GIRLS ALPHABET IRON ON PATCHES , WHITE HANGING HEART T-LIGHT HOLDER, ASSTD DESIGN BUBBLE GUM RING, LUNCH BAG  BLACK SKULL., WORLD WAR 2 GLIDERS ASSTD DESIGNS"
17307.0,Loyal Customers,"SMALL CHINESE STYLE SCISSOR, BLACK AND WHITE PAISLEY FLOWER MUG, WHITE HANGING HEART T-LIGHT HOLDER, WORLD WAR 2 GLIDERS ASSTD DESIGNS, ASSORTED COLOUR BIRD ORNAMENT"
17308.0,Loyal Customers,"SMALL CHINESE STYLE SCISSOR, BLACK AND WHITE PAISLEY FLOWER MUG, WHITE HANGING HEART T-LIGHT HOLDER, WORLD WAR 2 GLIDERS ASSTD DESIGNS, ASSORTED COLOUR BIRD ORNAMENT"
17309.0,Potential Customers,"WORLD WAR 2 GLIDERS ASSTD DESIGNS, ASSORTED COLOUR BIRD ORNAMENT, ASSORTED COLOURS SILK FAN, GIRLS ALPHABET IRON ON PATCHES , POPART WOODEN PENCILS ASST"
17310.0,At Risk Customers,"GIRLS ALPHABET IRON ON PATCHES , WHITE HANGING HEART T-LIGHT HOLDER, ASSTD DESIGN BUBBLE GUM RING, LUNCH BAG  BLACK SKULL., WORLD WAR 2 GLIDERS ASSTD DESIGNS"
17312.0,Potential Customers,"WORLD WAR 2 GLIDERS ASSTD DESIGNS, ASSORTED COLOUR BIRD ORNAMENT, ASSORTED COLOURS SILK FAN, GIRLS ALPHABET IRON ON PATCHES , POPART WOODEN PENCILS ASST"
17313.0,Potential Customers,"WORLD WAR 2 GLIDERS ASSTD DESIGNS, ASSORTED COLOUR BIRD ORNAMENT, ASSORTED COLOURS SILK FAN, GIRLS ALPHABET IRON ON PATCHES , POPART WOODEN PENCILS ASST"
17316.0,At Risk Customers,"GIRLS ALPHABET IRON ON PATCHES , WHITE HANGING HEART T-LIGHT HOLDER, ASSTD DESIGN BUBBLE GUM RING, LUNCH BAG  BLACK SKULL., WORLD WAR 2 GLIDERS ASSTD DESIGNS"
17318.0,At Risk Customers,"GIRLS ALPHABET IRON ON PATCHES , WHITE HANGING HEART T-LIGHT HOLDER, ASSTD DESIGN BUBBLE GUM RING, LUNCH BAG  BLACK SKULL., WORLD WAR 2 GLIDERS ASSTD DESIGNS"
17319.0,At Risk Customers,"GIRLS ALPHABET IRON ON PATCHES , WHITE HANGING HEART T-LIGHT HOLDER, ASSTD DESIGN BUBBLE GUM RING, LUNCH BAG  BLACK SKULL., WORLD WAR 2 GLIDERS ASSTD DESIGNS"
17322.0,Loyal Customers,"SMALL CHINESE STYLE SCISSOR, BLACK AND WHITE PAISLEY FLOWER MUG, WHITE HANGING HEART T-LIGHT HOLDER, WORLD WAR 2 GLIDERS ASSTD DESIGNS, ASSORTED COLOUR BIRD ORNAMENT"
17326.0,At Risk Customers,"GIRLS ALPHABET IRON ON PATCHES , WHITE HANGING HEART T-LIGHT HOLDER, ASSTD DESIGN BUBBLE GUM RING, LUNCH BAG  BLACK SKULL., WORLD WAR 2 GLIDERS ASSTD DESIGNS"
17327.0,At Risk Customers,"GIRLS ALPHABET IRON ON PATCHES , WHITE HANGING HEART T-LIGHT HOLDER, ASSTD DESIGN BUBBLE GUM RING, LUNCH BAG  BLACK SKULL., WORLD WAR 2 GLIDERS ASSTD DESIGNS"
17328.0,At Risk Customers,"GIRLS ALPHABET IRON ON PATCHES , WHITE HANGING HEART T-LIGHT HOLDER, ASSTD DESIGN BUBBLE GUM RING, LUNCH BAG  BLACK SKULL., WORLD WAR 2 GLIDERS ASSTD DESIGNS"
17331.0,Potential Customers,"WORLD WAR 2 GLIDERS ASSTD DESIGNS, ASSORTED COLOUR BIRD ORNAMENT, ASSORTED COLOURS SILK FAN, GIRLS ALPHABET IRON ON PATCHES , POPART WOODEN PENCILS ASST"
17332.0,At Risk Customers,"GIRLS ALPHABET IRON ON PATCHES , WHITE HANGING HEART T-LIGHT HOLDER, ASSTD DESIGN BUBBLE GUM RING, LUNCH BAG  BLACK SKULL., WORLD WAR 2 GLIDERS ASSTD DESIGNS"
17333.0,Potential Customers,"WORLD WAR 2 GLIDERS ASSTD DESIGNS, ASSORTED COLOUR BIRD ORNAMENT, ASSORTED COLOURS SILK FAN, GIRLS ALPHABET IRON ON PATCHES , POPART WOODEN PENCILS ASST"
17334.0,Potential Customers,"WORLD WAR 2 GLIDERS ASSTD DESIGNS, ASSORTED COLOUR BIRD ORNAMENT, ASSORTED COLOURS SILK FAN, GIRLS ALPHABET IRON ON PATCHES , POPART WOODEN PENCILS ASST"
17335.0,At Risk Customers,"GIRLS ALPHABET IRON ON PATCHES , WHITE HANGING HEART T-LIGHT HOLDER, ASSTD DESIGN BUBBLE GUM RING, LUNCH BAG  BLACK SKULL., WORLD WAR 2 GLIDERS ASSTD DESIGNS"
17336.0,At Risk Customers,"GIRLS ALPHABET IRON ON PATCHES , WHITE HANGING HEART T-LIGHT HOLDER, ASSTD DESIGN BUBBLE GUM RING, LUNCH BAG  BLACK SKULL., WORLD WAR 2 GLIDERS ASSTD DESIGNS"
17339.0,Potential Customers,"WORLD WAR 2 GLIDERS ASSTD DESIGNS, ASSORTED COLOUR BIRD ORNAMENT, ASSORTED COLOURS SILK FAN, GIRLS ALPHABET IRON ON PATCHES , POPART WOODEN PENCILS ASST"
17342.0,At Risk Customers,"GIRLS ALPHABET IRON ON PATCHES , WHITE HANGING HEART T-LIGHT HOLDER, ASSTD DESIGN BUBBLE GUM RING, LUNCH BAG  BLACK SKULL., WORLD WAR 2 GLIDERS ASSTD DESIGNS"
17343.0,Loyal Customers,"SMALL CHINESE STYLE SCISSOR, BLACK AND WHITE PAISLEY FLOWER MUG, WHITE HANGING HEART T-LIGHT HOLDER, WORLD WAR 2 GLIDERS ASSTD DESIGNS, ASSORTED COLOUR BIRD ORNAMENT"
17347.0,Potential Customers,"WORLD WAR 2 GLIDERS ASSTD DESIGNS, ASSORTED COLOUR BIRD ORNAMENT, ASSORTED COLOURS SILK FAN, GIRLS ALPHABET IRON ON PATCHES , POPART WOODEN PENCILS ASST"
17349.0,Loyal Customers,"SMALL CHINESE STYLE SCISSOR, BLACK AND WHITE PAISLEY FLOWER MUG, WHITE HANGING HEART T-LIGHT HOLDER, WORLD WAR 2 GLIDERS ASSTD DESIGNS, ASSORTED COLOUR BIRD ORNAMENT"
17352.0,At Risk Customers,"GIRLS ALPHABET IRON ON PATCHES , WHITE HANGING HEART T-LIGHT HOLDER, ASSTD DESIGN BUBBLE GUM RING, LUNCH BAG  BLACK SKULL., WORLD WAR 2 GLIDERS ASSTD DESIGNS"
17353.0,Loyal Customers,"SMALL CHINESE STYLE SCISSOR, BLACK AND WHITE PAISLEY FLOWER MUG, WHITE HANGING HEART T-LIGHT HOLDER, WORLD WAR 2 GLIDERS ASSTD DESIGNS, ASSORTED COLOUR BIRD ORNAMENT"
17355.0,At Risk Customers,"GIRLS ALPHABET IRON ON PATCHES , WHITE HANGING HEART T-LIGHT HOLDER, ASSTD DESIGN BUBBLE GUM RING, LUNCH BAG  BLACK SKULL., WORLD WAR 2 GLIDERS ASSTD DESIGNS"
17356.0,Loyal Customers,"SMALL CHINESE STYLE SCISSOR, BLACK AND WHITE PAISLEY FLOWER MUG, WHITE HANGING HEART T-LIGHT HOLDER, WORLD WAR 2 GLIDERS ASSTD DESIGNS, ASSORTED COLOUR BIRD ORNAMENT"
17357.0,Potential Customers,"WORLD WAR 2 GLIDERS ASSTD DESIGNS, ASSORTED COLOUR BIRD ORNAMENT, ASSORTED COLOURS SILK FAN, GIRLS ALPHABET IRON ON PATCHES , POPART WOODEN PENCILS ASST"
17358.0,Loyal Customers,"SMALL CHINESE STYLE SCISSOR, BLACK AND WHITE PAISLEY FLOWER MUG, WHITE HANGING HEART T-LIGHT HOLDER, WORLD WAR 2 GLIDERS ASSTD DESIGNS, ASSORTED COLOUR BIRD ORNAMENT"
17362.0,Loyal Customers,"SMALL CHINESE STYLE SCISSOR, BLACK AND WHITE PAISLEY FLOWER MUG, WHITE HANGING HEART T-LIGHT HOLDER, WORLD WAR 2 GLIDERS ASSTD DESIGNS, ASSORTED COLOUR BIRD ORNAMENT"
17363.0,At Risk Customers,"GIRLS ALPHABET IRON ON PATCHES , WHITE HANGING HEART T-LIGHT HOLDER, ASSTD DESIGN BUBBLE GUM RING, LUNCH BAG  BLACK SKULL., WORLD WAR 2 GLIDERS ASSTD DESIGNS"
17366.0,At Risk Customers,"GIRLS ALPHABET IRON ON PATCHES , WHITE HANGING HEART T-LIGHT HOLDER, ASSTD DESIGN BUBBLE GUM RING, LUNCH BAG  BLACK SKULL., WORLD WAR 2 GLIDERS ASSTD DESIGNS"
17367.0,Potential Customers,"WORLD WAR 2 GLIDERS ASSTD DESIGNS, ASSORTED COLOUR BIRD ORNAMENT, ASSORTED COLOURS SILK FAN, GIRLS ALPHABET IRON ON PATCHES , POPART WOODEN PENCILS ASST"
17369.0,At Risk Customers,"GIRLS ALPHABET IRON ON PATCHES , WHITE HANGING HEART T-LIGHT HOLDER, ASSTD DESIGN BUBBLE GUM RING, LUNCH BAG  BLACK SKULL., WORLD WAR 2 GLIDERS ASSTD DESIGNS"
17370.0,Potential Customers,"WORLD WAR 2 GLIDERS ASSTD DESIGNS, ASSORTED COLOUR BIRD ORNAMENT, ASSORTED COLOURS SILK FAN, GIRLS ALPHABET IRON ON PATCHES , POPART WOODEN PENCILS ASST"
17374.0,Potential Customers,"WORLD WAR 2 GLIDERS ASSTD DESIGNS, ASSORTED COLOUR BIRD ORNAMENT, ASSORTED COLOURS SILK FAN, GIRLS ALPHABET IRON ON PATCHES , POPART WOODEN PENCILS ASST"
17375.0,Loyal Customers,"SMALL CHINESE STYLE SCISSOR, BLACK AND WHITE PAISLEY FLOWER MUG, WHITE HANGING HEART T-LIGHT HOLDER, WORLD WAR 2 GLIDERS ASSTD DESIGNS, ASSORTED COLOUR BIRD ORNAMENT"
17378.0,At Risk Customers,"GIRLS ALPHABET IRON ON PATCHES , WHITE HANGING HEART T-LIGHT HOLDER, ASSTD DESIGN BUBBLE GUM RING, LUNCH BAG  BLACK SKULL., WORLD WAR 2 GLIDERS ASSTD DESIGNS"
17380.0,At Risk Customers,"GIRLS ALPHABET IRON ON PATCHES , WHITE HANGING HEART T-LIGHT HOLDER, ASSTD DESIGN BUBBLE GUM RING, LUNCH BAG  BLACK SKULL., WORLD WAR 2 GLIDERS ASSTD DESIGNS"
17382.0,Loyal Customers,"SMALL CHINESE STYLE SCISSOR, BLACK AND WHITE PAISLEY FLOWER MUG, WHITE HANGING HEART T-LIGHT HOLDER, WORLD WAR 2 GLIDERS ASSTD DESIGNS, ASSORTED COLOUR BIRD ORNAMENT"
17384.0,Potential Customers,"WORLD WAR 2 GLIDERS ASSTD DESIGNS, ASSORTED COLOUR BIRD ORNAMENT, ASSORTED COLOURS SILK FAN, GIRLS ALPHABET IRON ON PATCHES , POPART WOODEN PENCILS ASST"
17385.0,Potential Customers,"WORLD WAR 2 GLIDERS ASSTD DESIGNS, ASSORTED COLOUR BIRD ORNAMENT, ASSORTED COLOURS SILK FAN, GIRLS ALPHABET IRON ON PATCHES , POPART WOODEN PENCILS ASST"
17390.0,At Risk Customers,"GIRLS ALPHABET IRON ON PATCHES , WHITE HANGING HEART T-LIGHT HOLDER, ASSTD DESIGN BUBBLE GUM RING, LUNCH BAG  BLACK SKULL., WORLD WAR 2 GLIDERS ASSTD DESIGNS"
17391.0,Potential Customers,"WORLD WAR 2 GLIDERS ASSTD DESIGNS, ASSORTED COLOUR BIRD ORNAMENT, ASSORTED COLOURS SILK FAN, GIRLS ALPHABET IRON ON PATCHES , POPART WOODEN PENCILS ASST"
17392.0,At Risk Customers,"GIRLS ALPHABET IRON ON PATCHES , WHITE HANGING HEART T-LIGHT HOLDER, ASSTD DESIGN BUBBLE GUM RING, LUNCH BAG  BLACK SKULL., WORLD WAR 2 GLIDERS ASSTD DESIGNS"
17393.0,At Risk Customers,"GIRLS ALPHABET IRON ON PATCHES , WHITE HANGING HEART T-LIGHT HOLDER, ASSTD DESIGN BUBBLE GUM RING, LUNCH BAG  BLACK SKULL., WORLD WAR 2 GLIDERS ASSTD DESIGNS"
17394.0,Potential Customers,"WORLD WAR 2 GLIDERS ASSTD DESIGNS, ASSORTED COLOUR BIRD ORNAMENT, ASSORTED COLOURS SILK FAN, GIRLS ALPHABET IRON ON PATCHES , POPART WOODEN PENCILS ASST"
17395.0,At Risk Customers,"GIRLS ALPHABET IRON ON PATCHES , WHITE HANGING HEART T-LIGHT HOLDER, ASSTD DESIGN BUBBLE GUM RING, LUNCH BAG  BLACK SKULL., WORLD WAR 2 GLIDERS ASSTD DESIGNS"
17398.0,Potential Customers,"WORLD WAR 2 GLIDERS ASSTD DESIGNS, ASSORTED COLOUR BIRD ORNAMENT, ASSORTED COLOURS SILK FAN, GIRLS ALPHABET IRON ON PATCHES , POPART WOODEN PENCILS ASST"
17400.0,Loyal Customers,"SMALL CHINESE STYLE SCISSOR, BLACK AND WHITE PAISLEY FLOWER MUG, WHITE HANGING HEART T-LIGHT HOLDER, WORLD WAR 2 GLIDERS ASSTD DESIGNS, ASSORTED COLOUR BIRD ORNAMENT"
17401.0,At Risk Customers,"GIRLS ALPHABET IRON ON PATCHES , WHITE HANGING HEART T-LIGHT HOLDER, ASSTD DESIGN BUBBLE GUM RING, LUNCH BAG  BLACK SKULL., WORLD WAR 2 GLIDERS ASSTD DESIGNS"
17405.0,Loyal Customers,"SMALL CHINESE STYLE SCISSOR, BLACK AND WHITE PAISLEY FLOWER MUG, WHITE HANGING HEART T-LIGHT HOLDER, WORLD WAR 2 GLIDERS ASSTD DESIGNS, ASSORTED COLOUR BIRD ORNAMENT"
17407.0,At Risk Customers,"GIRLS ALPHABET IRON ON PATCHES , WHITE HANGING HEART T-LIGHT HOLDER, ASSTD DESIGN BUBBLE GUM RING, LUNCH BAG  BLACK SKULL., WORLD WAR 2 GLIDERS ASSTD DESIGNS"
17408.0,Potential Customers,"WORLD WAR 2 GLIDERS ASSTD DESIGNS, ASSORTED COLOUR BIRD ORNAMENT, ASSORTED COLOURS SILK FAN, GIRLS ALPHABET IRON ON PATCHES , POPART WOODEN PENCILS ASST"
17409.0,Champions,"WORLD WAR 2 GLIDERS ASSTD DESIGNS, PAPER CRAFT , LITTLE BIRDIE, MEDIUM CERAMIC TOP STORAGE JAR, WHITE HANGING HEART T-LIGHT HOLDER, JUMBO BAG RED RETROSPOT"
17410.0,Loyal Customers,"SMALL CHINESE STYLE SCISSOR, BLACK AND WHITE PAISLEY FLOWER MUG, WHITE HANGING HEART T-LIGHT HOLDER, WORLD WAR 2 GLIDERS ASSTD DESIGNS, ASSORTED COLOUR BIRD ORNAMENT"
17413.0,At Risk Customers,"GIRLS ALPHABET IRON ON PATCHES , WHITE HANGING HEART T-LIGHT HOLDER, ASSTD DESIGN BUBBLE GUM RING, LUNCH BAG  BLACK SKULL., WORLD WAR 2 GLIDERS ASSTD DESIGNS"
17415.0,Potential Customers,"WORLD WAR 2 GLIDERS ASSTD DESIGNS, ASSORTED COLOUR BIRD ORNAMENT, ASSORTED COLOURS SILK FAN, GIRLS ALPHABET IRON ON PATCHES , POPART WOODEN PENCILS ASST"
17417.0,At Risk Customers,"GIRLS ALPHABET IRON ON PATCHES , WHITE HANGING HEART T-LIGHT HOLDER, ASSTD DESIGN BUBBLE GUM RING, LUNCH BAG  BLACK SKULL., WORLD WAR 2 GLIDERS ASSTD DESIGNS"
17421.0,At Risk Customers,"GIRLS ALPHABET IRON ON PATCHES , WHITE HANGING HEART T-LIGHT HOLDER, ASSTD DESIGN BUBBLE GUM RING, LUNCH BAG  BLACK SKULL., WORLD WAR 2 GLIDERS ASSTD DESIGNS"
17427.0,Potential Customers,"WORLD WAR 2 GLIDERS ASSTD DESIGNS, ASSORTED COLOUR BIRD ORNAMENT, ASSORTED COLOURS SILK FAN, GIRLS ALPHABET IRON ON PATCHES , POPART WOODEN PENCILS ASST"
17429.0,Loyal Customers,"SMALL CHINESE STYLE SCISSOR, BLACK AND WHITE PAISLEY FLOWER MUG, WHITE HANGING HEART T-LIGHT HOLDER, WORLD WAR 2 GLIDERS ASSTD DESIGNS, ASSORTED COLOUR BIRD ORNAMENT"
17430.0,Loyal Customers,"SMALL CHINESE STYLE SCISSOR, BLACK AND WHITE PAISLEY FLOWER MUG, WHITE HANGING HEART T-LIGHT HOLDER, WORLD WAR 2 GLIDERS ASSTD DESIGNS, ASSORTED COLOUR BIRD ORNAMENT"
17431.0,At Risk Customers,"GIRLS ALPHABET IRON ON PATCHES , WHITE HANGING HEART T-LIGHT HOLDER, ASSTD DESIGN BUBBLE GUM RING, LUNCH BAG  BLACK SKULL., WORLD WAR 2 GLIDERS ASSTD DESIGNS"
17433.0,Potential Customers,"WORLD WAR 2 GLIDERS ASSTD DESIGNS, ASSORTED COLOUR BIRD ORNAMENT, ASSORTED COLOURS SILK FAN, GIRLS ALPHABET IRON ON PATCHES , POPART WOODEN PENCILS ASST"
17435.0,At Risk Customers,"GIRLS ALPHABET IRON ON PATCHES , WHITE HANGING HEART T-LIGHT HOLDER, ASSTD DESIGN BUBBLE GUM RING, LUNCH BAG  BLACK SKULL., WORLD WAR 2 GLIDERS ASSTD DESIGNS"
17437.0,At Risk Customers,"GIRLS ALPHABET IRON ON PATCHES , WHITE HANGING HEART T-LIGHT HOLDER, ASSTD DESIGN BUBBLE GUM RING, LUNCH BAG  BLACK SKULL., WORLD WAR 2 GLIDERS ASSTD DESIGNS"
17438.0,Loyal Customers,"SMALL CHINESE STYLE SCISSOR, BLACK AND WHITE PAISLEY FLOWER MUG, WHITE HANGING HEART T-LIGHT HOLDER, WORLD WAR 2 GLIDERS ASSTD DESIGNS, ASSORTED COLOUR BIRD ORNAMENT"
17439.0,At Risk Customers,"GIRLS ALPHABET IRON ON PATCHES , WHITE HANGING HEART T-LIGHT HOLDER, ASSTD DESIGN BUBBLE GUM RING, LUNCH BAG  BLACK SKULL., WORLD WAR 2 GLIDERS ASSTD DESIGNS"
17440.0,Potential Customers,"WORLD WAR 2 GLIDERS ASSTD DESIGNS, ASSORTED COLOUR BIRD ORNAMENT, ASSORTED COLOURS SILK FAN, GIRLS ALPHABET IRON ON PATCHES , POPART WOODEN PENCILS ASST"
17441.0,At Risk Customers,"GIRLS ALPHABET IRON ON PATCHES , WHITE HANGING HEART T-LIGHT HOLDER, ASSTD DESIGN BUBBLE GUM RING, LUNCH BAG  BLACK SKULL., WORLD WAR 2 GLIDERS ASSTD DESIGNS"
17443.0,Potential Customers,"WORLD WAR 2 GLIDERS ASSTD DESIGNS, ASSORTED COLOUR BIRD ORNAMENT, ASSORTED COLOURS SILK FAN, GIRLS ALPHABET IRON ON PATCHES , POPART WOODEN PENCILS ASST"
17444.0,Loyal Customers,"SMALL CHINESE STYLE SCISSOR, BLACK AND WHITE PAISLEY FLOWER MUG, WHITE HANGING HEART T-LIGHT HOLDER, WORLD WAR 2 GLIDERS ASSTD DESIGNS, ASSORTED COLOUR BIRD ORNAMENT"
17446.0,Potential Customers,"WORLD WAR 2 GLIDERS ASSTD DESIGNS, ASSORTED COLOUR BIRD ORNAMENT, ASSORTED COLOURS SILK FAN, GIRLS ALPHABET IRON ON PATCHES , POPART WOODEN PENCILS ASST"
17453.0,Potential Customers,"WORLD WAR 2 GLIDERS ASSTD DESIGNS, ASSORTED COLOUR BIRD ORNAMENT, ASSORTED COLOURS SILK FAN, GIRLS ALPHABET IRON ON PATCHES , POPART WOODEN PENCILS ASST"
17454.0,Loyal Customers,"SMALL CHINESE STYLE SCISSOR, BLACK AND WHITE PAISLEY FLOWER MUG, WHITE HANGING HEART T-LIGHT HOLDER, WORLD WAR 2 GLIDERS ASSTD DESIGNS, ASSORTED COLOUR BIRD ORNAMENT"
17455.0,Potential Customers,"WORLD WAR 2 GLIDERS ASSTD DESIGNS, ASSORTED COLOUR BIRD ORNAMENT, ASSORTED COLOURS SILK FAN, GIRLS ALPHABET IRON ON PATCHES , POPART WOODEN PENCILS ASST"
17456.0,At Risk Customers,"GIRLS ALPHABET IRON ON PATCHES , WHITE HANGING HEART T-LIGHT HOLDER, ASSTD DESIGN BUBBLE GUM RING, LUNCH BAG  BLACK SKULL., WORLD WAR 2 GLIDERS ASSTD DESIGNS"
17460.0,Champions,"WORLD WAR 2 GLIDERS ASSTD DESIGNS, PAPER CRAFT , LITTLE BIRDIE, MEDIUM CERAMIC TOP STORAGE JAR, WHITE HANGING HEART T-LIGHT HOLDER, JUMBO BAG RED RETROSPOT"
17462.0,Potential Customers,"WORLD WAR 2 GLIDERS ASSTD DESIGNS, ASSORTED COLOUR BIRD ORNAMENT, ASSORTED COLOURS SILK FAN, GIRLS ALPHABET IRON ON PATCHES , POPART WOODEN PENCILS ASST"
17464.0,Loyal Customers,"SMALL CHINESE STYLE SCISSOR, BLACK AND WHITE PAISLEY FLOWER MUG, WHITE HANGING HEART T-LIGHT HOLDER, WORLD WAR 2 GLIDERS ASSTD DESIGNS, ASSORTED COLOUR BIRD ORNAMENT"
17465.0,Loyal Customers,"SMALL CHINESE STYLE SCISSOR, BLACK AND WHITE PAISLEY FLOWER MUG, WHITE HANGING HEART T-LIGHT HOLDER, WORLD WAR 2 GLIDERS ASSTD DESIGNS, ASSORTED COLOUR BIRD ORNAMENT"
17467.0,At Risk Customers,"GIRLS ALPHABET IRON ON PATCHES , WHITE HANGING HEART T-LIGHT HOLDER, ASSTD DESIGN BUBBLE GUM RING, LUNCH BAG  BLACK SKULL., WORLD WAR 2 GLIDERS ASSTD DESIGNS"
17471.0,At Risk Customers,"GIRLS ALPHABET IRON ON PATCHES , WHITE HANGING HEART T-LIGHT HOLDER, ASSTD DESIGN BUBBLE GUM RING, LUNCH BAG  BLACK SKULL., WORLD WAR 2 GLIDERS ASSTD DESIGNS"
17472.0,Loyal Customers,"SMALL CHINESE STYLE SCISSOR, BLACK AND WHITE PAISLEY FLOWER MUG, WHITE HANGING HEART T-LIGHT HOLDER, WORLD WAR 2 GLIDERS ASSTD DESIGNS, ASSORTED COLOUR BIRD ORNAMENT"
17473.0,At Risk Customers,"GIRLS ALPHABET IRON ON PATCHES , WHITE HANGING HEART T-LIGHT HOLDER, ASSTD DESIGN BUBBLE GUM RING, LUNCH BAG  BLACK SKULL., WORLD WAR 2 GLIDERS ASSTD DESIGNS"
17474.0,At Risk Customers,"GIRLS ALPHABET IRON ON PATCHES , WHITE HANGING HEART T-LIGHT HOLDER, ASSTD DESIGN BUBBLE GUM RING, LUNCH BAG  BLACK SKULL., WORLD WAR 2 GLIDERS ASSTD DESIGNS"
17475.0,Potential Customers,"WORLD WAR 2 GLIDERS ASSTD DESIGNS, ASSORTED COLOUR BIRD ORNAMENT, ASSORTED COLOURS SILK FAN, GIRLS ALPHABET IRON ON PATCHES , POPART WOODEN PENCILS ASST"
17476.0,At Risk Customers,"GIRLS ALPHABET IRON ON PATCHES , WHITE HANGING HEART T-LIGHT HOLDER, ASSTD DESIGN BUBBLE GUM RING, LUNCH BAG  BLACK SKULL., WORLD WAR 2 GLIDERS ASSTD DESIGNS"
17477.0,At Risk Customers,"GIRLS ALPHABET IRON ON PATCHES , WHITE HANGING HEART T-LIGHT HOLDER, ASSTD DESIGN BUBBLE GUM RING, LUNCH BAG  BLACK SKULL., WORLD WAR 2 GLIDERS ASSTD DESIGNS"
17478.0,At Risk Customers,"GIRLS ALPHABET IRON ON PATCHES , WHITE HANGING HEART T-LIGHT HOLDER, ASSTD DESIGN BUBBLE GUM RING, LUNCH BAG  BLACK SKULL., WORLD WAR 2 GLIDERS ASSTD DESIGNS"
17479.0,At Risk Customers,"GIRLS ALPHABET IRON ON PATCHES , WHITE HANGING HEART T-LIGHT HOLDER, ASSTD DESIGN BUBBLE GUM RING, LUNCH BAG  BLACK SKULL., WORLD WAR 2 GLIDERS ASSTD DESIGNS"
17482.0,At Risk Customers,"GIRLS ALPHABET IRON ON PATCHES , WHITE HANGING HEART T-LIGHT HOLDER, ASSTD DESIGN BUBBLE GUM RING, LUNCH BAG  BLACK SKULL., WORLD WAR 2 GLIDERS ASSTD DESIGNS"
17484.0,At Risk Customers,"GIRLS ALPHABET IRON ON PATCHES , WHITE HANGING HEART T-LIGHT HOLDER, ASSTD DESIGN BUBBLE GUM RING, LUNCH BAG  BLACK SKULL., WORLD WAR 2 GLIDERS ASSTD DESIGNS"
17486.0,Potential Customers,"WORLD WAR 2 GLIDERS ASSTD DESIGNS, ASSORTED COLOUR BIRD ORNAMENT, ASSORTED COLOURS SILK FAN, GIRLS ALPHABET IRON ON PATCHES , POPART WOODEN PENCILS ASST"
17487.0,At Risk Customers,"GIRLS ALPHABET IRON ON PATCHES , WHITE HANGING HEART T-LIGHT HOLDER, ASSTD DESIGN BUBBLE GUM RING, LUNCH BAG  BLACK SKULL., WORLD WAR 2 GLIDERS ASSTD DESIGNS"
17488.0,At Risk Customers,"GIRLS ALPHABET IRON ON PATCHES , WHITE HANGING HEART T-LIGHT HOLDER, ASSTD DESIGN BUBBLE GUM RING, LUNCH BAG  BLACK SKULL., WORLD WAR 2 GLIDERS ASSTD DESIGNS"
17489.0,Potential Customers,"WORLD WAR 2 GLIDERS ASSTD DESIGNS, ASSORTED COLOUR BIRD ORNAMENT, ASSORTED COLOURS SILK FAN, GIRLS ALPHABET IRON ON PATCHES , POPART WOODEN PENCILS ASST"
17492.0,Loyal Customers,"SMALL CHINESE STYLE SCISSOR, BLACK AND WHITE PAISLEY FLOWER MUG, WHITE HANGING HEART T-LIGHT HOLDER, WORLD WAR 2 GLIDERS ASSTD DESIGNS, ASSORTED COLOUR BIRD ORNAMENT"
17493.0,At Risk Customers,"GIRLS ALPHABET IRON ON PATCHES , WHITE HANGING HEART T-LIGHT HOLDER, ASSTD DESIGN BUBBLE GUM RING, LUNCH BAG  BLACK SKULL., WORLD WAR 2 GLIDERS ASSTD DESIGNS"
17494.0,At Risk Customers,"GIRLS ALPHABET IRON ON PATCHES , WHITE HANGING HEART T-LIGHT HOLDER, ASSTD DESIGN BUBBLE GUM RING, LUNCH BAG  BLACK SKULL., WORLD WAR 2 GLIDERS ASSTD DESIGNS"
17496.0,Loyal Customers,"SMALL CHINESE STYLE SCISSOR, BLACK AND WHITE PAISLEY FLOWER MUG, WHITE HANGING HEART T-LIGHT HOLDER, WORLD WAR 2 GLIDERS ASSTD DESIGNS, ASSORTED COLOUR BIRD ORNAMENT"
17497.0,At Risk Customers,"GIRLS ALPHABET IRON ON PATCHES , WHITE HANGING HEART T-LIGHT HOLDER, ASSTD DESIGN BUBBLE GUM RING, LUNCH BAG  BLACK SKULL., WORLD WAR 2 GLIDERS ASSTD DESIGNS"
17498.0,Potential Customers,"WORLD WAR 2 GLIDERS ASSTD DESIGNS, ASSORTED COLOUR BIRD ORNAMENT, ASSORTED COLOURS SILK FAN, GIRLS ALPHABET IRON ON PATCHES , POPART WOODEN PENCILS ASST"
17499.0,Potential Customers,"WORLD WAR 2 GLIDERS ASSTD DESIGNS, ASSORTED COLOUR BIRD ORNAMENT, ASSORTED COLOURS SILK FAN, GIRLS ALPHABET IRON ON PATCHES , POPART WOODEN PENCILS ASST"
17501.0,Potential Customers,"WORLD WAR 2 GLIDERS ASSTD DESIGNS, ASSORTED COLOUR BIRD ORNAMENT, ASSORTED COLOURS SILK FAN, GIRLS ALPHABET IRON ON PATCHES , POPART WOODEN PENCILS ASST"
17505.0,Loyal Customers,"SMALL CHINESE STYLE SCISSOR, BLACK AND WHITE PAISLEY FLOWER MUG, WHITE HANGING HEART T-LIGHT HOLDER, WORLD WAR 2 GLIDERS ASSTD DESIGNS, ASSORTED COLOUR BIRD ORNAMENT"
17506.0,Potential Customers,"WORLD WAR 2 GLIDERS ASSTD DESIGNS, ASSORTED COLOUR BIRD ORNAMENT, ASSORTED COLOURS SILK FAN, GIRLS ALPHABET IRON ON PATCHES , POPART WOODEN PENCILS ASST"
17507.0,Potential Customers,"WORLD WAR 2 GLIDERS ASSTD DESIGNS, ASSORTED COLOUR BIRD ORNAMENT, ASSORTED COLOURS SILK FAN, GIRLS ALPHABET IRON ON PATCHES , POPART WOODEN PENCILS ASST"
17515.0,Loyal Customers,"SMALL CHINESE STYLE SCISSOR, BLACK AND WHITE PAISLEY FLOWER MUG, WHITE HANGING HEART T-LIGHT HOLDER, WORLD WAR 2 GLIDERS ASSTD DESIGNS, ASSORTED COLOUR BIRD ORNAMENT"
17517.0,At Risk Customers,"GIRLS ALPHABET IRON ON PATCHES , WHITE HANGING HEART T-LIGHT HOLDER, ASSTD DESIGN BUBBLE GUM RING, LUNCH BAG  BLACK SKULL., WORLD WAR 2 GLIDERS ASSTD DESIGNS"
17518.0,At Risk Customers,"GIRLS ALPHABET IRON ON PATCHES , WHITE HANGING HEART T-LIGHT HOLDER, ASSTD DESIGN BUBBLE GUM RING, LUNCH BAG  BLACK SKULL., WORLD WAR 2 GLIDERS ASSTD DESIGNS"
17520.0,Potential Customers,"WORLD WAR 2 GLIDERS ASSTD DESIGNS, ASSORTED COLOUR BIRD ORNAMENT, ASSORTED COLOURS SILK FAN, GIRLS ALPHABET IRON ON PATCHES , POPART WOODEN PENCILS ASST"
17524.0,At Risk Customers,"GIRLS ALPHABET IRON ON PATCHES , WHITE HANGING HEART T-LIGHT HOLDER, ASSTD DESIGN BUBBLE GUM RING, LUNCH BAG  BLACK SKULL., WORLD WAR 2 GLIDERS ASSTD DESIGNS"
17525.0,At Risk Customers,"GIRLS ALPHABET IRON ON PATCHES , WHITE HANGING HEART T-LIGHT HOLDER, ASSTD DESIGN BUBBLE GUM RING, LUNCH BAG  BLACK SKULL., WORLD WAR 2 GLIDERS ASSTD DESIGNS"
17527.0,Loyal Customers,"SMALL CHINESE STYLE SCISSOR, BLACK AND WHITE PAISLEY FLOWER MUG, WHITE HANGING HEART T-LIGHT HOLDER, WORLD WAR 2 GLIDERS ASSTD DESIGNS, ASSORTED COLOUR BIRD ORNAMENT"
17531.0,Loyal Customers,"SMALL CHINESE STYLE SCISSOR, BLACK AND WHITE PAISLEY FLOWER MUG, WHITE HANGING HEART T-LIGHT HOLDER, WORLD WAR 2 GLIDERS ASSTD DESIGNS, ASSORTED COLOUR BIRD ORNAMENT"
17532.0,At Risk Customers,"GIRLS ALPHABET IRON ON PATCHES , WHITE HANGING HEART T-LIGHT HOLDER, ASSTD DESIGN BUBBLE GUM RING, LUNCH BAG  BLACK SKULL., WORLD WAR 2 GLIDERS ASSTD DESIGNS"
17533.0,At Risk Customers,"GIRLS ALPHABET IRON ON PATCHES , WHITE HANGING HEART T-LIGHT HOLDER, ASSTD DESIGN BUBBLE GUM RING, LUNCH BAG  BLACK SKULL., WORLD WAR 2 GLIDERS ASSTD DESIGNS"
17535.0,Potential Customers,"WORLD WAR 2 GLIDERS ASSTD DESIGNS, ASSORTED COLOUR BIRD ORNAMENT, ASSORTED COLOURS SILK FAN, GIRLS ALPHABET IRON ON PATCHES , POPART WOODEN PENCILS ASST"
17536.0,Potential Customers,"WORLD WAR 2 GLIDERS ASSTD DESIGNS, ASSORTED COLOUR BIRD ORNAMENT, ASSORTED COLOURS SILK FAN, GIRLS ALPHABET IRON ON PATCHES , POPART WOODEN PENCILS ASST"
17537.0,Potential Customers,"WORLD WAR 2 GLIDERS ASSTD DESIGNS, ASSORTED COLOUR BIRD ORNAMENT, ASSORTED COLOURS SILK FAN, GIRLS ALPHABET IRON ON PATCHES , POPART WOODEN PENCILS ASST"
17538.0,Potential Customers,"WORLD WAR 2 GLIDERS ASSTD DESIGNS, ASSORTED COLOUR BIRD ORNAMENT, ASSORTED COLOURS SILK FAN, GIRLS ALPHABET IRON ON PATCHES , POPART WOODEN PENCILS ASST"
17539.0,At Risk Customers,"GIRLS ALPHABET IRON ON PATCHES , WHITE HANGING HEART T-LIGHT HOLDER, ASSTD DESIGN BUBBLE GUM RING, LUNCH BAG  BLACK SKULL., WORLD WAR 2 GLIDERS ASSTD DESIGNS"
17541.0,At Risk Customers,"GIRLS ALPHABET IRON ON PATCHES , WHITE HANGING HEART T-LIGHT HOLDER, ASSTD DESIGN BUBBLE GUM RING, LUNCH BAG  BLACK SKULL., WORLD WAR 2 GLIDERS ASSTD DESIGNS"
17543.0,At Risk Customers,"GIRLS ALPHABET IRON ON PATCHES , WHITE HANGING HEART T-LIGHT HOLDER, ASSTD DESIGN BUBBLE GUM RING, LUNCH BAG  BLACK SKULL., WORLD WAR 2 GLIDERS ASSTD DESIGNS"
17544.0,At Risk Customers,"GIRLS ALPHABET IRON ON PATCHES , WHITE HANGING HEART T-LIGHT HOLDER, ASSTD DESIGN BUBBLE GUM RING, LUNCH BAG  BLACK SKULL., WORLD WAR 2 GLIDERS ASSTD DESIGNS"
17547.0,At Risk Customers,"GIRLS ALPHABET IRON ON PATCHES , WHITE HANGING HEART T-LIGHT HOLDER, ASSTD DESIGN BUBBLE GUM RING, LUNCH BAG  BLACK SKULL., WORLD WAR 2 GLIDERS ASSTD DESIGNS"
17548.0,Loyal Customers,"SMALL CHINESE STYLE SCISSOR, BLACK AND WHITE PAISLEY FLOWER MUG, WHITE HANGING HEART T-LIGHT HOLDER, WORLD WAR 2 GLIDERS ASSTD DESIGNS, ASSORTED COLOUR BIRD ORNAMENT"
17551.0,At Risk Customers,"GIRLS ALPHABET IRON ON PATCHES , WHITE HANGING HEART T-LIGHT HOLDER, ASSTD DESIGN BUBBLE GUM RING, LUNCH BAG  BLACK SKULL., WORLD WAR 2 GLIDERS ASSTD DESIGNS"
17553.0,Loyal Customers,"SMALL CHINESE STYLE SCISSOR, BLACK AND WHITE PAISLEY FLOWER MUG, WHITE HANGING HEART T-LIGHT HOLDER, WORLD WAR 2 GLIDERS ASSTD DESIGNS, ASSORTED COLOUR BIRD ORNAMENT"
17556.0,Potential Customers,"WORLD WAR 2 GLIDERS ASSTD DESIGNS, ASSORTED COLOUR BIRD ORNAMENT, ASSORTED COLOURS SILK FAN, GIRLS ALPHABET IRON ON PATCHES , POPART WOODEN PENCILS ASST"
17558.0,At Risk Customers,"GIRLS ALPHABET IRON ON PATCHES , WHITE HANGING HEART T-LIGHT HOLDER, ASSTD DESIGN BUBBLE GUM RING, LUNCH BAG  BLACK SKULL., WORLD WAR 2 GLIDERS ASSTD DESIGNS"
17559.0,At Risk Customers,"GIRLS ALPHABET IRON ON PATCHES , WHITE HANGING HEART T-LIGHT HOLDER, ASSTD DESIGN BUBBLE GUM RING, LUNCH BAG  BLACK SKULL., WORLD WAR 2 GLIDERS ASSTD DESIGNS"
17560.0,Loyal Customers,"SMALL CHINESE STYLE SCISSOR, BLACK AND WHITE PAISLEY FLOWER MUG, WHITE HANGING HEART T-LIGHT HOLDER, WORLD WAR 2 GLIDERS ASSTD DESIGNS, ASSORTED COLOUR BIRD ORNAMENT"
17563.0,At Risk Customers,"GIRLS ALPHABET IRON ON PATCHES , WHITE HANGING HEART T-LIGHT HOLDER, ASSTD DESIGN BUBBLE GUM RING, LUNCH BAG  BLACK SKULL., WORLD WAR 2 GLIDERS ASSTD DESIGNS"
17564.0,Potential Customers,"WORLD WAR 2 GLIDERS ASSTD DESIGNS, ASSORTED COLOUR BIRD ORNAMENT, ASSORTED COLOURS SILK FAN, GIRLS ALPHABET IRON ON PATCHES , POPART WOODEN PENCILS ASST"
17565.0,At Risk Customers,"GIRLS ALPHABET IRON ON PATCHES , WHITE HANGING HEART T-LIGHT HOLDER, ASSTD DESIGN BUBBLE GUM RING, LUNCH BAG  BLACK SKULL., WORLD WAR 2 GLIDERS ASSTD DESIGNS"
17568.0,At Risk Customers,"GIRLS ALPHABET IRON ON PATCHES , WHITE HANGING HEART T-LIGHT HOLDER, ASSTD DESIGN BUBBLE GUM RING, LUNCH BAG  BLACK SKULL., WORLD WAR 2 GLIDERS ASSTD DESIGNS"
17569.0,At Risk Customers,"GIRLS ALPHABET IRON ON PATCHES , WHITE HANGING HEART T-LIGHT HOLDER, ASSTD DESIGN BUBBLE GUM RING, LUNCH BAG  BLACK SKULL., WORLD WAR 2 GLIDERS ASSTD DESIGNS"
17570.0,At Risk Customers,"GIRLS ALPHABET IRON ON PATCHES , WHITE HANGING HEART T-LIGHT HOLDER, ASSTD DESIGN BUBBLE GUM RING, LUNCH BAG  BLACK SKULL., WORLD WAR 2 GLIDERS ASSTD DESIGNS"
17573.0,Potential Customers,"WORLD WAR 2 GLIDERS ASSTD DESIGNS, ASSORTED COLOUR BIRD ORNAMENT, ASSORTED COLOURS SILK FAN, GIRLS ALPHABET IRON ON PATCHES , POPART WOODEN PENCILS ASST"
17574.0,Potential Customers,"WORLD WAR 2 GLIDERS ASSTD DESIGNS, ASSORTED COLOUR BIRD ORNAMENT, ASSORTED COLOURS SILK FAN, GIRLS ALPHABET IRON ON PATCHES , POPART WOODEN PENCILS ASST"
17575.0,At Risk Customers,"GIRLS ALPHABET IRON ON PATCHES , WHITE HANGING HEART T-LIGHT HOLDER, ASSTD DESIGN BUBBLE GUM RING, LUNCH BAG  BLACK SKULL., WORLD WAR 2 GLIDERS ASSTD DESIGNS"
17577.0,At Risk Customers,"GIRLS ALPHABET IRON ON PATCHES , WHITE HANGING HEART T-LIGHT HOLDER, ASSTD DESIGN BUBBLE GUM RING, LUNCH BAG  BLACK SKULL., WORLD WAR 2 GLIDERS ASSTD DESIGNS"
17578.0,Loyal Customers,"SMALL CHINESE STYLE SCISSOR, BLACK AND WHITE PAISLEY FLOWER MUG, WHITE HANGING HEART T-LIGHT HOLDER, WORLD WAR 2 GLIDERS ASSTD DESIGNS, ASSORTED COLOUR BIRD ORNAMENT"
17580.0,Loyal Customers,"SMALL CHINESE STYLE SCISSOR, BLACK AND WHITE PAISLEY FLOWER MUG, WHITE HANGING HEART T-LIGHT HOLDER, WORLD WAR 2 GLIDERS ASSTD DESIGNS, ASSORTED COLOUR BIRD ORNAMENT"
17582.0,Loyal Customers,"SMALL CHINESE STYLE SCISSOR, BLACK AND WHITE PAISLEY FLOWER MUG, WHITE HANGING HEART T-LIGHT HOLDER, WORLD WAR 2 GLIDERS ASSTD DESIGNS, ASSORTED COLOUR BIRD ORNAMENT"
17583.0,At Risk Customers,"GIRLS ALPHABET IRON ON PATCHES , WHITE HANGING HEART T-LIGHT HOLDER, ASSTD DESIGN BUBBLE GUM RING, LUNCH BAG  BLACK SKULL., WORLD WAR 2 GLIDERS ASSTD DESIGNS"
17585.0,Loyal Customers,"SMALL CHINESE STYLE SCISSOR, BLACK AND WHITE PAISLEY FLOWER MUG, WHITE HANGING HEART T-LIGHT HOLDER, WORLD WAR 2 GLIDERS ASSTD DESIGNS, ASSORTED COLOUR BIRD ORNAMENT"
17586.0,At Risk Customers,"GIRLS ALPHABET IRON ON PATCHES , WHITE HANGING HEART T-LIGHT HOLDER, ASSTD DESIGN BUBBLE GUM RING, LUNCH BAG  BLACK SKULL., WORLD WAR 2 GLIDERS ASSTD DESIGNS"
17587.0,At Risk Customers,"GIRLS ALPHABET IRON ON PATCHES , WHITE HANGING HEART T-LIGHT HOLDER, ASSTD DESIGN BUBBLE GUM RING, LUNCH BAG  BLACK SKULL., WORLD WAR 2 GLIDERS ASSTD DESIGNS"
17592.0,At Risk Customers,"GIRLS ALPHABET IRON ON PATCHES , WHITE HANGING HEART T-LIGHT HOLDER, ASSTD DESIGN BUBBLE GUM RING, LUNCH BAG  BLACK SKULL., WORLD WAR 2 GLIDERS ASSTD DESIGNS"
17595.0,Potential Customers,"WORLD WAR 2 GLIDERS ASSTD DESIGNS, ASSORTED COLOUR BIRD ORNAMENT, ASSORTED COLOURS SILK FAN, GIRLS ALPHABET IRON ON PATCHES , POPART WOODEN PENCILS ASST"
17597.0,Loyal Customers,"SMALL CHINESE STYLE SCISSOR, BLACK AND WHITE PAISLEY FLOWER MUG, WHITE HANGING HEART T-LIGHT HOLDER, WORLD WAR 2 GLIDERS ASSTD DESIGNS, ASSORTED COLOUR BIRD ORNAMENT"
17598.0,At Risk Customers,"GIRLS ALPHABET IRON ON PATCHES , WHITE HANGING HEART T-LIGHT HOLDER, ASSTD DESIGN BUBBLE GUM RING, LUNCH BAG  BLACK SKULL., WORLD WAR 2 GLIDERS ASSTD DESIGNS"
17599.0,At Risk Customers,"GIRLS ALPHABET IRON ON PATCHES , WHITE HANGING HEART T-LIGHT HOLDER, ASSTD DESIGN BUBBLE GUM RING, LUNCH BAG  BLACK SKULL., WORLD WAR 2 GLIDERS ASSTD DESIGNS"
17600.0,Potential Customers,"WORLD WAR 2 GLIDERS ASSTD DESIGNS, ASSORTED COLOUR BIRD ORNAMENT, ASSORTED COLOURS SILK FAN, GIRLS ALPHABET IRON ON PATCHES , POPART WOODEN PENCILS ASST"
17601.0,Potential Customers,"WORLD WAR 2 GLIDERS ASSTD DESIGNS, ASSORTED COLOUR BIRD ORNAMENT, ASSORTED COLOURS SILK FAN, GIRLS ALPHABET IRON ON PATCHES , POPART WOODEN PENCILS ASST"
17604.0,Loyal Customers,"SMALL CHINESE STYLE SCISSOR, BLACK AND WHITE PAISLEY FLOWER MUG, WHITE HANGING HEART T-LIGHT HOLDER, WORLD WAR 2 GLIDERS ASSTD DESIGNS, ASSORTED COLOUR BIRD ORNAMENT"
17605.0,At Risk Customers,"GIRLS ALPHABET IRON ON PATCHES , WHITE HANGING HEART T-LIGHT HOLDER, ASSTD DESIGN BUBBLE GUM RING, LUNCH BAG  BLACK SKULL., WORLD WAR 2 GLIDERS ASSTD DESIGNS"
17606.0,At Risk Customers,"GIRLS ALPHABET IRON ON PATCHES , WHITE HANGING HEART T-LIGHT HOLDER, ASSTD DESIGN BUBBLE GUM RING, LUNCH BAG  BLACK SKULL., WORLD WAR 2 GLIDERS ASSTD DESIGNS"
17607.0,At Risk Customers,"GIRLS ALPHABET IRON ON PATCHES , WHITE HANGING HEART T-LIGHT HOLDER, ASSTD DESIGN BUBBLE GUM RING, LUNCH BAG  BLACK SKULL., WORLD WAR 2 GLIDERS ASSTD DESIGNS"
17610.0,At Risk Customers,"GIRLS ALPHABET IRON ON PATCHES , WHITE HANGING HEART T-LIGHT HOLDER, ASSTD DESIGN BUBBLE GUM RING, LUNCH BAG  BLACK SKULL., WORLD WAR 2 GLIDERS ASSTD DESIGNS"
17614.0,Potential Customers,"WORLD WAR 2 GLIDERS ASSTD DESIGNS, ASSORTED COLOUR BIRD ORNAMENT, ASSORTED COLOURS SILK FAN, GIRLS ALPHABET IRON ON PATCHES , POPART WOODEN PENCILS ASST"
17615.0,Loyal Customers,"SMALL CHINESE STYLE SCISSOR, BLACK AND WHITE PAISLEY FLOWER MUG, WHITE HANGING HEART T-LIGHT HOLDER, WORLD WAR 2 GLIDERS ASSTD DESIGNS, ASSORTED COLOUR BIRD ORNAMENT"
17616.0,Loyal Customers,"SMALL CHINESE STYLE SCISSOR, BLACK AND WHITE PAISLEY FLOWER MUG, WHITE HANGING HEART T-LIGHT HOLDER, WORLD WAR 2 GLIDERS ASSTD DESIGNS, ASSORTED COLOUR BIRD ORNAMENT"
17617.0,At Risk Customers,"GIRLS ALPHABET IRON ON PATCHES , WHITE HANGING HEART T-LIGHT HOLDER, ASSTD DESIGN BUBBLE GUM RING, LUNCH BAG  BLACK SKULL., WORLD WAR 2 GLIDERS ASSTD DESIGNS"
17619.0,At Risk Customers,"GIRLS ALPHABET IRON ON PATCHES , WHITE HANGING HEART T-LIGHT HOLDER, ASSTD DESIGN BUBBLE GUM RING, LUNCH BAG  BLACK SKULL., WORLD WAR 2 GLIDERS ASSTD DESIGNS"
17620.0,Potential Customers,"WORLD WAR 2 GLIDERS ASSTD DESIGNS, ASSORTED COLOUR BIRD ORNAMENT, ASSORTED COLOURS SILK FAN, GIRLS ALPHABET IRON ON PATCHES , POPART WOODEN PENCILS ASST"
17622.0,At Risk Customers,"GIRLS ALPHABET IRON ON PATCHES , WHITE HANGING HEART T-LIGHT HOLDER, ASSTD DESIGN BUBBLE GUM RING, LUNCH BAG  BLACK SKULL., WORLD WAR 2 GLIDERS ASSTD DESIGNS"
17626.0,At Risk Customers,"GIRLS ALPHABET IRON ON PATCHES , WHITE HANGING HEART T-LIGHT HOLDER, ASSTD DESIGN BUBBLE GUM RING, LUNCH BAG  BLACK SKULL., WORLD WAR 2 GLIDERS ASSTD DESIGNS"
17627.0,At Risk Customers,"GIRLS ALPHABET IRON ON PATCHES , WHITE HANGING HEART T-LIGHT HOLDER, ASSTD DESIGN BUBBLE GUM RING, LUNCH BAG  BLACK SKULL., WORLD WAR 2 GLIDERS ASSTD DESIGNS"
17628.0,Potential Customers,"WORLD WAR 2 GLIDERS ASSTD DESIGNS, ASSORTED COLOUR BIRD ORNAMENT, ASSORTED COLOURS SILK FAN, GIRLS ALPHABET IRON ON PATCHES , POPART WOODEN PENCILS ASST"
17630.0,Potential Customers,"WORLD WAR 2 GLIDERS ASSTD DESIGNS, ASSORTED COLOUR BIRD ORNAMENT, ASSORTED COLOURS SILK FAN, GIRLS ALPHABET IRON ON PATCHES , POPART WOODEN PENCILS ASST"
17635.0,At Risk Customers,"GIRLS ALPHABET IRON ON PATCHES , WHITE HANGING HEART T-LIGHT HOLDER, ASSTD DESIGN BUBBLE GUM RING, LUNCH BAG  BLACK SKULL., WORLD WAR 2 GLIDERS ASSTD DESIGNS"
17636.0,Potential Customers,"WORLD WAR 2 GLIDERS ASSTD DESIGNS, ASSORTED COLOUR BIRD ORNAMENT, ASSORTED COLOURS SILK FAN, GIRLS ALPHABET IRON ON PATCHES , POPART WOODEN PENCILS ASST"
17637.0,Potential Customers,"WORLD WAR 2 GLIDERS ASSTD DESIGNS, ASSORTED COLOUR BIRD ORNAMENT, ASSORTED COLOURS SILK FAN, GIRLS ALPHABET IRON ON PATCHES , POPART WOODEN PENCILS ASST"
17638.0,At Risk Customers,"GIRLS ALPHABET IRON ON PATCHES , WHITE HANGING HEART T-LIGHT HOLDER, ASSTD DESIGN BUBBLE GUM RING, LUNCH BAG  BLACK SKULL., WORLD WAR 2 GLIDERS ASSTD DESIGNS"
17639.0,Loyal Customers,"SMALL CHINESE STYLE SCISSOR, BLACK AND WHITE PAISLEY FLOWER MUG, WHITE HANGING HEART T-LIGHT HOLDER, WORLD WAR 2 GLIDERS ASSTD DESIGNS, ASSORTED COLOUR BIRD ORNAMENT"
17643.0,At Risk Customers,"GIRLS ALPHABET IRON ON PATCHES , WHITE HANGING HEART T-LIGHT HOLDER, ASSTD DESIGN BUBBLE GUM RING, LUNCH BAG  BLACK SKULL., WORLD WAR 2 GLIDERS ASSTD DESIGNS"
17648.0,Loyal Customers,"SMALL CHINESE STYLE SCISSOR, BLACK AND WHITE PAISLEY FLOWER MUG, WHITE HANGING HEART T-LIGHT HOLDER, WORLD WAR 2 GLIDERS ASSTD DESIGNS, ASSORTED COLOUR BIRD ORNAMENT"
17649.0,Loyal Customers,"SMALL CHINESE STYLE SCISSOR, BLACK AND WHITE PAISLEY FLOWER MUG, WHITE HANGING HEART T-LIGHT HOLDER, WORLD WAR 2 GLIDERS ASSTD DESIGNS, ASSORTED COLOUR BIRD ORNAMENT"
17650.0,Potential Customers,"WORLD WAR 2 GLIDERS ASSTD DESIGNS, ASSORTED COLOUR BIRD ORNAMENT, ASSORTED COLOURS SILK FAN, GIRLS ALPHABET IRON ON PATCHES , POPART WOODEN PENCILS ASST"
17654.0,Potential Customers,"WORLD WAR 2 GLIDERS ASSTD DESIGNS, ASSORTED COLOUR BIRD ORNAMENT, ASSORTED COLOURS SILK FAN, GIRLS ALPHABET IRON ON PATCHES , POPART WOODEN PENCILS ASST"
17657.0,At Risk Customers,"GIRLS ALPHABET IRON ON PATCHES , WHITE HANGING HEART T-LIGHT HOLDER, ASSTD DESIGN BUBBLE GUM RING, LUNCH BAG  BLACK SKULL., WORLD WAR 2 GLIDERS ASSTD DESIGNS"
17658.0,Potential Customers,"WORLD WAR 2 GLIDERS ASSTD DESIGNS, ASSORTED COLOUR BIRD ORNAMENT, ASSORTED COLOURS SILK FAN, GIRLS ALPHABET IRON ON PATCHES , POPART WOODEN PENCILS ASST"
17660.0,Potential Customers,"WORLD WAR 2 GLIDERS ASSTD DESIGNS, ASSORTED COLOUR BIRD ORNAMENT, ASSORTED COLOURS SILK FAN, GIRLS ALPHABET IRON ON PATCHES , POPART WOODEN PENCILS ASST"
17662.0,At Risk Customers,"GIRLS ALPHABET IRON ON PATCHES , WHITE HANGING HEART T-LIGHT HOLDER, ASSTD DESIGN BUBBLE GUM RING, LUNCH BAG  BLACK SKULL., WORLD WAR 2 GLIDERS ASSTD DESIGNS"
17665.0,At Risk Customers,"GIRLS ALPHABET IRON ON PATCHES , WHITE HANGING HEART T-LIGHT HOLDER, ASSTD DESIGN BUBBLE GUM RING, LUNCH BAG  BLACK SKULL., WORLD WAR 2 GLIDERS ASSTD DESIGNS"
17668.0,Potential Customers,"WORLD WAR 2 GLIDERS ASSTD DESIGNS, ASSORTED COLOUR BIRD ORNAMENT, ASSORTED COLOURS SILK FAN, GIRLS ALPHABET IRON ON PATCHES , POPART WOODEN PENCILS ASST"
17670.0,Potential Customers,"WORLD WAR 2 GLIDERS ASSTD DESIGNS, ASSORTED COLOUR BIRD ORNAMENT, ASSORTED COLOURS SILK FAN, GIRLS ALPHABET IRON ON PATCHES , POPART WOODEN PENCILS ASST"
17674.0,Potential Customers,"WORLD WAR 2 GLIDERS ASSTD DESIGNS, ASSORTED COLOUR BIRD ORNAMENT, ASSORTED COLOURS SILK FAN, GIRLS ALPHABET IRON ON PATCHES , POPART WOODEN PENCILS ASST"
17678.0,Potential Customers,"WORLD WAR 2 GLIDERS ASSTD DESIGNS, ASSORTED COLOUR BIRD ORNAMENT, ASSORTED COLOURS SILK FAN, GIRLS ALPHABET IRON ON PATCHES , POPART WOODEN PENCILS ASST"
17680.0,Potential Customers,"WORLD WAR 2 GLIDERS ASSTD DESIGNS, ASSORTED COLOUR BIRD ORNAMENT, ASSORTED COLOURS SILK FAN, GIRLS ALPHABET IRON ON PATCHES , POPART WOODEN PENCILS ASST"
17681.0,At Risk Customers,"GIRLS ALPHABET IRON ON PATCHES , WHITE HANGING HEART T-LIGHT HOLDER, ASSTD DESIGN BUBBLE GUM RING, LUNCH BAG  BLACK SKULL., WORLD WAR 2 GLIDERS ASSTD DESIGNS"
17683.0,At Risk Customers,"GIRLS ALPHABET IRON ON PATCHES , WHITE HANGING HEART T-LIGHT HOLDER, ASSTD DESIGN BUBBLE GUM RING, LUNCH BAG  BLACK SKULL., WORLD WAR 2 GLIDERS ASSTD DESIGNS"
17684.0,Potential Customers,"WORLD WAR 2 GLIDERS ASSTD DESIGNS, ASSORTED COLOUR BIRD ORNAMENT, ASSORTED COLOURS SILK FAN, GIRLS ALPHABET IRON ON PATCHES , POPART WOODEN PENCILS ASST"
17687.0,At Risk Customers,"GIRLS ALPHABET IRON ON PATCHES , WHITE HANGING HEART T-LIGHT HOLDER, ASSTD DESIGN BUBBLE GUM RING, LUNCH BAG  BLACK SKULL., WORLD WAR 2 GLIDERS ASSTD DESIGNS"
17688.0,At Risk Customers,"GIRLS ALPHABET IRON ON PATCHES , WHITE HANGING HEART T-LIGHT HOLDER, ASSTD DESIGN BUBBLE GUM RING, LUNCH BAG  BLACK SKULL., WORLD WAR 2 GLIDERS ASSTD DESIGNS"
17689.0,At Risk Customers,"GIRLS ALPHABET IRON ON PATCHES , WHITE HANGING HEART T-LIGHT HOLDER, ASSTD DESIGN BUBBLE GUM RING, LUNCH BAG  BLACK SKULL., WORLD WAR 2 GLIDERS ASSTD DESIGNS"
17691.0,At Risk Customers,"GIRLS ALPHABET IRON ON PATCHES , WHITE HANGING HEART T-LIGHT HOLDER, ASSTD DESIGN BUBBLE GUM RING, LUNCH BAG  BLACK SKULL., WORLD WAR 2 GLIDERS ASSTD DESIGNS"
17693.0,Potential Customers,"WORLD WAR 2 GLIDERS ASSTD DESIGNS, ASSORTED COLOUR BIRD ORNAMENT, ASSORTED COLOURS SILK FAN, GIRLS ALPHABET IRON ON PATCHES , POPART WOODEN PENCILS ASST"
17694.0,Loyal Customers,"SMALL CHINESE STYLE SCISSOR, BLACK AND WHITE PAISLEY FLOWER MUG, WHITE HANGING HEART T-LIGHT HOLDER, WORLD WAR 2 GLIDERS ASSTD DESIGNS, ASSORTED COLOUR BIRD ORNAMENT"
17695.0,Loyal Customers,"SMALL CHINESE STYLE SCISSOR, BLACK AND WHITE PAISLEY FLOWER MUG, WHITE HANGING HEART T-LIGHT HOLDER, WORLD WAR 2 GLIDERS ASSTD DESIGNS, ASSORTED COLOUR BIRD ORNAMENT"
17697.0,Potential Customers,"WORLD WAR 2 GLIDERS ASSTD DESIGNS, ASSORTED COLOUR BIRD ORNAMENT, ASSORTED COLOURS SILK FAN, GIRLS ALPHABET IRON ON PATCHES , POPART WOODEN PENCILS ASST"
17698.0,Potential Customers,"WORLD WAR 2 GLIDERS ASSTD DESIGNS, ASSORTED COLOUR BIRD ORNAMENT, ASSORTED COLOURS SILK FAN, GIRLS ALPHABET IRON ON PATCHES , POPART WOODEN PENCILS ASST"
17699.0,At Risk Customers,"GIRLS ALPHABET IRON ON PATCHES , WHITE HANGING HEART T-LIGHT HOLDER, ASSTD DESIGN BUBBLE GUM RING, LUNCH BAG  BLACK SKULL., WORLD WAR 2 GLIDERS ASSTD DESIGNS"
17701.0,Potential Customers,"WORLD WAR 2 GLIDERS ASSTD DESIGNS, ASSORTED COLOUR BIRD ORNAMENT, ASSORTED COLOURS SILK FAN, GIRLS ALPHABET IRON ON PATCHES , POPART WOODEN PENCILS ASST"
17704.0,Potential Customers,"WORLD WAR 2 GLIDERS ASSTD DESIGNS, ASSORTED COLOUR BIRD ORNAMENT, ASSORTED COLOURS SILK FAN, GIRLS ALPHABET IRON ON PATCHES , POPART WOODEN PENCILS ASST"
17707.0,Loyal Customers,"SMALL CHINESE STYLE SCISSOR, BLACK AND WHITE PAISLEY FLOWER MUG, WHITE HANGING HEART T-LIGHT HOLDER, WORLD WAR 2 GLIDERS ASSTD DESIGNS, ASSORTED COLOUR BIRD ORNAMENT"
17708.0,Loyal Customers,"SMALL CHINESE STYLE SCISSOR, BLACK AND WHITE PAISLEY FLOWER MUG, WHITE HANGING HEART T-LIGHT HOLDER, WORLD WAR 2 GLIDERS ASSTD DESIGNS, ASSORTED COLOUR BIRD ORNAMENT"
17709.0,Loyal Customers,"SMALL CHINESE STYLE SCISSOR, BLACK AND WHITE PAISLEY FLOWER MUG, WHITE HANGING HEART T-LIGHT HOLDER, WORLD WAR 2 GLIDERS ASSTD DESIGNS, ASSORTED COLOUR BIRD ORNAMENT"
17710.0,At Risk Customers,"GIRLS ALPHABET IRON ON PATCHES , WHITE HANGING HEART T-LIGHT HOLDER, ASSTD DESIGN BUBBLE GUM RING, LUNCH BAG  BLACK SKULL., WORLD WAR 2 GLIDERS ASSTD DESIGNS"
17711.0,Potential Customers,"WORLD WAR 2 GLIDERS ASSTD DESIGNS, ASSORTED COLOUR BIRD ORNAMENT, ASSORTED COLOURS SILK FAN, GIRLS ALPHABET IRON ON PATCHES , POPART WOODEN PENCILS ASST"
17712.0,Potential Customers,"WORLD WAR 2 GLIDERS ASSTD DESIGNS, ASSORTED COLOUR BIRD ORNAMENT, ASSORTED COLOURS SILK FAN, GIRLS ALPHABET IRON ON PATCHES , POPART WOODEN PENCILS ASST"
17713.0,At Risk Customers,"GIRLS ALPHABET IRON ON PATCHES , WHITE HANGING HEART T-LIGHT HOLDER, ASSTD DESIGN BUBBLE GUM RING, LUNCH BAG  BLACK SKULL., WORLD WAR 2 GLIDERS ASSTD DESIGNS"
17714.0,Loyal Customers,"SMALL CHINESE STYLE SCISSOR, BLACK AND WHITE PAISLEY FLOWER MUG, WHITE HANGING HEART T-LIGHT HOLDER, WORLD WAR 2 GLIDERS ASSTD DESIGNS, ASSORTED COLOUR BIRD ORNAMENT"
17715.0,Potential Customers,"WORLD WAR 2 GLIDERS ASSTD DESIGNS, ASSORTED COLOUR BIRD ORNAMENT, ASSORTED COLOURS SILK FAN, GIRLS ALPHABET IRON ON PATCHES , POPART WOODEN PENCILS ASST"
17717.0,At Risk Customers,"GIRLS ALPHABET IRON ON PATCHES , WHITE HANGING HEART T-LIGHT HOLDER, ASSTD DESIGN BUBBLE GUM RING, LUNCH BAG  BLACK SKULL., WORLD WAR 2 GLIDERS ASSTD DESIGNS"
17718.0,Potential Customers,"WORLD WAR 2 GLIDERS ASSTD DESIGNS, ASSORTED COLOUR BIRD ORNAMENT, ASSORTED COLOURS SILK FAN, GIRLS ALPHABET IRON ON PATCHES , POPART WOODEN PENCILS ASST"
17721.0,At Risk Customers,"GIRLS ALPHABET IRON ON PATCHES , WHITE HANGING HEART T-LIGHT HOLDER, ASSTD DESIGN BUBBLE GUM RING, LUNCH BAG  BLACK SKULL., WORLD WAR 2 GLIDERS ASSTD DESIGNS"
17722.0,Loyal Customers,"SMALL CHINESE STYLE SCISSOR, BLACK AND WHITE PAISLEY FLOWER MUG, WHITE HANGING HEART T-LIGHT HOLDER, WORLD WAR 2 GLIDERS ASSTD DESIGNS, ASSORTED COLOUR BIRD ORNAMENT"
17723.0,Loyal Customers,"SMALL CHINESE STYLE SCISSOR, BLACK AND WHITE PAISLEY FLOWER MUG, WHITE HANGING HEART T-LIGHT HOLDER, WORLD WAR 2 GLIDERS ASSTD DESIGNS, ASSORTED COLOUR BIRD ORNAMENT"
17726.0,Loyal Customers,"SMALL CHINESE STYLE SCISSOR, BLACK AND WHITE PAISLEY FLOWER MUG, WHITE HANGING HEART T-LIGHT HOLDER, WORLD WAR 2 GLIDERS ASSTD DESIGNS, ASSORTED COLOUR BIRD ORNAMENT"
17727.0,Potential Customers,"WORLD WAR 2 GLIDERS ASSTD DESIGNS, ASSORTED COLOUR BIRD ORNAMENT, ASSORTED COLOURS SILK FAN, GIRLS ALPHABET IRON ON PATCHES , POPART WOODEN PENCILS ASST"
17729.0,At Risk Customers,"GIRLS ALPHABET IRON ON PATCHES , WHITE HANGING HEART T-LIGHT HOLDER, ASSTD DESIGN BUBBLE GUM RING, LUNCH BAG  BLACK SKULL., WORLD WAR 2 GLIDERS ASSTD DESIGNS"
17732.0,Loyal Customers,"SMALL CHINESE STYLE SCISSOR, BLACK AND WHITE PAISLEY FLOWER MUG, WHITE HANGING HEART T-LIGHT HOLDER, WORLD WAR 2 GLIDERS ASSTD DESIGNS, ASSORTED COLOUR BIRD ORNAMENT"
17733.0,Potential Customers,"WORLD WAR 2 GLIDERS ASSTD DESIGNS, ASSORTED COLOUR BIRD ORNAMENT, ASSORTED COLOURS SILK FAN, GIRLS ALPHABET IRON ON PATCHES , POPART WOODEN PENCILS ASST"
17736.0,Potential Customers,"WORLD WAR 2 GLIDERS ASSTD DESIGNS, ASSORTED COLOUR BIRD ORNAMENT, ASSORTED COLOURS SILK FAN, GIRLS ALPHABET IRON ON PATCHES , POPART WOODEN PENCILS ASST"
17737.0,Potential Customers,"WORLD WAR 2 GLIDERS ASSTD DESIGNS, ASSORTED COLOUR BIRD ORNAMENT, ASSORTED COLOURS SILK FAN, GIRLS ALPHABET IRON ON PATCHES , POPART WOODEN PENCILS ASST"
17740.0,At Risk Customers,"GIRLS ALPHABET IRON ON PATCHES , WHITE HANGING HEART T-LIGHT HOLDER, ASSTD DESIGN BUBBLE GUM RING, LUNCH BAG  BLACK SKULL., WORLD WAR 2 GLIDERS ASSTD DESIGNS"
17741.0,At Risk Customers,"GIRLS ALPHABET IRON ON PATCHES , WHITE HANGING HEART T-LIGHT HOLDER, ASSTD DESIGN BUBBLE GUM RING, LUNCH BAG  BLACK SKULL., WORLD WAR 2 GLIDERS ASSTD DESIGNS"
17743.0,At Risk Customers,"GIRLS ALPHABET IRON ON PATCHES , WHITE HANGING HEART T-LIGHT HOLDER, ASSTD DESIGN BUBBLE GUM RING, LUNCH BAG  BLACK SKULL., WORLD WAR 2 GLIDERS ASSTD DESIGNS"
17745.0,At Risk Customers,"GIRLS ALPHABET IRON ON PATCHES , WHITE HANGING HEART T-LIGHT HOLDER, ASSTD DESIGN BUBBLE GUM RING, LUNCH BAG  BLACK SKULL., WORLD WAR 2 GLIDERS ASSTD DESIGNS"
17747.0,Potential Customers,"WORLD WAR 2 GLIDERS ASSTD DESIGNS, ASSORTED COLOUR BIRD ORNAMENT, ASSORTED COLOURS SILK FAN, GIRLS ALPHABET IRON ON PATCHES , POPART WOODEN PENCILS ASST"
17748.0,At Risk Customers,"GIRLS ALPHABET IRON ON PATCHES , WHITE HANGING HEART T-LIGHT HOLDER, ASSTD DESIGN BUBBLE GUM RING, LUNCH BAG  BLACK SKULL., WORLD WAR 2 GLIDERS ASSTD DESIGNS"
17749.0,Loyal Customers,"SMALL CHINESE STYLE SCISSOR, BLACK AND WHITE PAISLEY FLOWER MUG, WHITE HANGING HEART T-LIGHT HOLDER, WORLD WAR 2 GLIDERS ASSTD DESIGNS, ASSORTED COLOUR BIRD ORNAMENT"
17751.0,At Risk Customers,"GIRLS ALPHABET IRON ON PATCHES , WHITE HANGING HEART T-LIGHT HOLDER, ASSTD DESIGN BUBBLE GUM RING, LUNCH BAG  BLACK SKULL., WORLD WAR 2 GLIDERS ASSTD DESIGNS"
17752.0,At Risk Customers,"GIRLS ALPHABET IRON ON PATCHES , WHITE HANGING HEART T-LIGHT HOLDER, ASSTD DESIGN BUBBLE GUM RING, LUNCH BAG  BLACK SKULL., WORLD WAR 2 GLIDERS ASSTD DESIGNS"
17753.0,At Risk Customers,"GIRLS ALPHABET IRON ON PATCHES , WHITE HANGING HEART T-LIGHT HOLDER, ASSTD DESIGN BUBBLE GUM RING, LUNCH BAG  BLACK SKULL., WORLD WAR 2 GLIDERS ASSTD DESIGNS"
17756.0,At Risk Customers,"GIRLS ALPHABET IRON ON PATCHES , WHITE HANGING HEART T-LIGHT HOLDER, ASSTD DESIGN BUBBLE GUM RING, LUNCH BAG  BLACK SKULL., WORLD WAR 2 GLIDERS ASSTD DESIGNS"
17761.0,Potential Customers,"WORLD WAR 2 GLIDERS ASSTD DESIGNS, ASSORTED COLOUR BIRD ORNAMENT, ASSORTED COLOURS SILK FAN, GIRLS ALPHABET IRON ON PATCHES , POPART WOODEN PENCILS ASST"
17762.0,At Risk Customers,"GIRLS ALPHABET IRON ON PATCHES , WHITE HANGING HEART T-LIGHT HOLDER, ASSTD DESIGN BUBBLE GUM RING, LUNCH BAG  BLACK SKULL., WORLD WAR 2 GLIDERS ASSTD DESIGNS"
17763.0,Potential Customers,"WORLD WAR 2 GLIDERS ASSTD DESIGNS, ASSORTED COLOUR BIRD ORNAMENT, ASSORTED COLOURS SILK FAN, GIRLS ALPHABET IRON ON PATCHES , POPART WOODEN PENCILS ASST"
17765.0,Potential Customers,"WORLD WAR 2 GLIDERS ASSTD DESIGNS, ASSORTED COLOUR BIRD ORNAMENT, ASSORTED COLOURS SILK FAN, GIRLS ALPHABET IRON ON PATCHES , POPART WOODEN PENCILS ASST"
17766.0,At Risk Customers,"GIRLS ALPHABET IRON ON PATCHES , WHITE HANGING HEART T-LIGHT HOLDER, ASSTD DESIGN BUBBLE GUM RING, LUNCH BAG  BLACK SKULL., WORLD WAR 2 GLIDERS ASSTD DESIGNS"
17770.0,Loyal Customers,"SMALL CHINESE STYLE SCISSOR, BLACK AND WHITE PAISLEY FLOWER MUG, WHITE HANGING HEART T-LIGHT HOLDER, WORLD WAR 2 GLIDERS ASSTD DESIGNS, ASSORTED COLOUR BIRD ORNAMENT"
17773.0,At Risk Customers,"GIRLS ALPHABET IRON ON PATCHES , WHITE HANGING HEART T-LIGHT HOLDER, ASSTD DESIGN BUBBLE GUM RING, LUNCH BAG  BLACK SKULL., WORLD WAR 2 GLIDERS ASSTD DESIGNS"
17775.0,Potential Customers,"WORLD WAR 2 GLIDERS ASSTD DESIGNS, ASSORTED COLOUR BIRD ORNAMENT, ASSORTED COLOURS SILK FAN, GIRLS ALPHABET IRON ON PATCHES , POPART WOODEN PENCILS ASST"
17776.0,At Risk Customers,"GIRLS ALPHABET IRON ON PATCHES , WHITE HANGING HEART T-LIGHT HOLDER, ASSTD DESIGN BUBBLE GUM RING, LUNCH BAG  BLACK SKULL., WORLD WAR 2 GLIDERS ASSTD DESIGNS"
17778.0,At Risk Customers,"GIRLS ALPHABET IRON ON PATCHES , WHITE HANGING HEART T-LIGHT HOLDER, ASSTD DESIGN BUBBLE GUM RING, LUNCH BAG  BLACK SKULL., WORLD WAR 2 GLIDERS ASSTD DESIGNS"
17779.0,Potential Customers,"WORLD WAR 2 GLIDERS ASSTD DESIGNS, ASSORTED COLOUR BIRD ORNAMENT, ASSORTED COLOURS SILK FAN, GIRLS ALPHABET IRON ON PATCHES , POPART WOODEN PENCILS ASST"
17780.0,At Risk Customers,"GIRLS ALPHABET IRON ON PATCHES , WHITE HANGING HEART T-LIGHT HOLDER, ASSTD DESIGN BUBBLE GUM RING, LUNCH BAG  BLACK SKULL., WORLD WAR 2 GLIDERS ASSTD DESIGNS"
17781.0,Potential Customers,"WORLD WAR 2 GLIDERS ASSTD DESIGNS, ASSORTED COLOUR BIRD ORNAMENT, ASSORTED COLOURS SILK FAN, GIRLS ALPHABET IRON ON PATCHES , POPART WOODEN PENCILS ASST"
17782.0,At Risk Customers,"GIRLS ALPHABET IRON ON PATCHES , WHITE HANGING HEART T-LIGHT HOLDER, ASSTD DESIGN BUBBLE GUM RING, LUNCH BAG  BLACK SKULL., WORLD WAR 2 GLIDERS ASSTD DESIGNS"
17784.0,At Risk Customers,"GIRLS ALPHABET IRON ON PATCHES , WHITE HANGING HEART T-LIGHT HOLDER, ASSTD DESIGN BUBBLE GUM RING, LUNCH BAG  BLACK SKULL., WORLD WAR 2 GLIDERS ASSTD DESIGNS"
17786.0,Potential Customers,"WORLD WAR 2 GLIDERS ASSTD DESIGNS, ASSORTED COLOUR BIRD ORNAMENT, ASSORTED COLOURS SILK FAN, GIRLS ALPHABET IRON ON PATCHES , POPART WOODEN PENCILS ASST"
17787.0,Loyal Customers,"SMALL CHINESE STYLE SCISSOR, BLACK AND WHITE PAISLEY FLOWER MUG, WHITE HANGING HEART T-LIGHT HOLDER, WORLD WAR 2 GLIDERS ASSTD DESIGNS, ASSORTED COLOUR BIRD ORNAMENT"
17789.0,Potential Customers,"WORLD WAR 2 GLIDERS ASSTD DESIGNS, ASSORTED COLOUR BIRD ORNAMENT, ASSORTED COLOURS SILK FAN, GIRLS ALPHABET IRON ON PATCHES , POPART WOODEN PENCILS ASST"
17791.0,Potential Customers,"WORLD WAR 2 GLIDERS ASSTD DESIGNS, ASSORTED COLOUR BIRD ORNAMENT, ASSORTED COLOURS SILK FAN, GIRLS ALPHABET IRON ON PATCHES , POPART WOODEN PENCILS ASST"
17792.0,At Risk Customers,"GIRLS ALPHABET IRON ON PATCHES , WHITE HANGING HEART T-LIGHT HOLDER, ASSTD DESIGN BUBBLE GUM RING, LUNCH BAG  BLACK SKULL., WORLD WAR 2 GLIDERS ASSTD DESIGNS"
17793.0,Potential Customers,"WORLD WAR 2 GLIDERS ASSTD DESIGNS, ASSORTED COLOUR BIRD ORNAMENT, ASSORTED COLOURS SILK FAN, GIRLS ALPHABET IRON ON PATCHES , POPART WOODEN PENCILS ASST"
17794.0,At Risk Customers,"GIRLS ALPHABET IRON ON PATCHES , WHITE HANGING HEART T-LIGHT HOLDER, ASSTD DESIGN BUBBLE GUM RING, LUNCH BAG  BLACK SKULL., WORLD WAR 2 GLIDERS ASSTD DESIGNS"
17795.0,Potential Customers,"WORLD WAR 2 GLIDERS ASSTD DESIGNS, ASSORTED COLOUR BIRD ORNAMENT, ASSORTED COLOURS SILK FAN, GIRLS ALPHABET IRON ON PATCHES , POPART WOODEN PENCILS ASST"
17798.0,At Risk Customers,"GIRLS ALPHABET IRON ON PATCHES , WHITE HANGING HEART T-LIGHT HOLDER, ASSTD DESIGN BUBBLE GUM RING, LUNCH BAG  BLACK SKULL., WORLD WAR 2 GLIDERS ASSTD DESIGNS"
17801.0,At Risk Customers,"GIRLS ALPHABET IRON ON PATCHES , WHITE HANGING HEART T-LIGHT HOLDER, ASSTD DESIGN BUBBLE GUM RING, LUNCH BAG  BLACK SKULL., WORLD WAR 2 GLIDERS ASSTD DESIGNS"
17803.0,At Risk Customers,"GIRLS ALPHABET IRON ON PATCHES , WHITE HANGING HEART T-LIGHT HOLDER, ASSTD DESIGN BUBBLE GUM RING, LUNCH BAG  BLACK SKULL., WORLD WAR 2 GLIDERS ASSTD DESIGNS"
17804.0,At Risk Customers,"GIRLS ALPHABET IRON ON PATCHES , WHITE HANGING HEART T-LIGHT HOLDER, ASSTD DESIGN BUBBLE GUM RING, LUNCH BAG  BLACK SKULL., WORLD WAR 2 GLIDERS ASSTD DESIGNS"
17806.0,Potential Customers,"WORLD WAR 2 GLIDERS ASSTD DESIGNS, ASSORTED COLOUR BIRD ORNAMENT, ASSORTED COLOURS SILK FAN, GIRLS ALPHABET IRON ON PATCHES , POPART WOODEN PENCILS ASST"
17807.0,At Risk Customers,"GIRLS ALPHABET IRON ON PATCHES , WHITE HANGING HEART T-LIGHT HOLDER, ASSTD DESIGN BUBBLE GUM RING, LUNCH BAG  BLACK SKULL., WORLD WAR 2 GLIDERS ASSTD DESIGNS"
17808.0,At Risk Customers,"GIRLS ALPHABET IRON ON PATCHES , WHITE HANGING HEART T-LIGHT HOLDER, ASSTD DESIGN BUBBLE GUM RING, LUNCH BAG  BLACK SKULL., WORLD WAR 2 GLIDERS ASSTD DESIGNS"
17810.0,At Risk Customers,"GIRLS ALPHABET IRON ON PATCHES , WHITE HANGING HEART T-LIGHT HOLDER, ASSTD DESIGN BUBBLE GUM RING, LUNCH BAG  BLACK SKULL., WORLD WAR 2 GLIDERS ASSTD DESIGNS"
17814.0,At Risk Customers,"GIRLS ALPHABET IRON ON PATCHES , WHITE HANGING HEART T-LIGHT HOLDER, ASSTD DESIGN BUBBLE GUM RING, LUNCH BAG  BLACK SKULL., WORLD WAR 2 GLIDERS ASSTD DESIGNS"
17815.0,At Risk Customers,"GIRLS ALPHABET IRON ON PATCHES , WHITE HANGING HEART T-LIGHT HOLDER, ASSTD DESIGN BUBBLE GUM RING, LUNCH BAG  BLACK SKULL., WORLD WAR 2 GLIDERS ASSTD DESIGNS"
17818.0,At Risk Customers,"GIRLS ALPHABET IRON ON PATCHES , WHITE HANGING HEART T-LIGHT HOLDER, ASSTD DESIGN BUBBLE GUM RING, LUNCH BAG  BLACK SKULL., WORLD WAR 2 GLIDERS ASSTD DESIGNS"
17820.0,At Risk Customers,"GIRLS ALPHABET IRON ON PATCHES , WHITE HANGING HEART T-LIGHT HOLDER, ASSTD DESIGN BUBBLE GUM RING, LUNCH BAG  BLACK SKULL., WORLD WAR 2 GLIDERS ASSTD DESIGNS"
17821.0,At Risk Customers,"GIRLS ALPHABET IRON ON PATCHES , WHITE HANGING HEART T-LIGHT HOLDER, ASSTD DESIGN BUBBLE GUM RING, LUNCH BAG  BLACK SKULL., WORLD WAR 2 GLIDERS ASSTD DESIGNS"
17823.0,At Risk Customers,"GIRLS ALPHABET IRON ON PATCHES , WHITE HANGING HEART T-LIGHT HOLDER, ASSTD DESIGN BUBBLE GUM RING, LUNCH BAG  BLACK SKULL., WORLD WAR 2 GLIDERS ASSTD DESIGNS"
17824.0,Potential Customers,"WORLD WAR 2 GLIDERS ASSTD DESIGNS, ASSORTED COLOUR BIRD ORNAMENT, ASSORTED COLOURS SILK FAN, GIRLS ALPHABET IRON ON PATCHES , POPART WOODEN PENCILS ASST"
17825.0,At Risk Customers,"GIRLS ALPHABET IRON ON PATCHES , WHITE HANGING HEART T-LIGHT HOLDER, ASSTD DESIGN BUBBLE GUM RING, LUNCH BAG  BLACK SKULL., WORLD WAR 2 GLIDERS ASSTD DESIGNS"
17826.0,At Risk Customers,"GIRLS ALPHABET IRON ON PATCHES , WHITE HANGING HEART T-LIGHT HOLDER, ASSTD DESIGN BUBBLE GUM RING, LUNCH BAG  BLACK SKULL., WORLD WAR 2 GLIDERS ASSTD DESIGNS"
17828.0,Loyal Customers,"SMALL CHINESE STYLE SCISSOR, BLACK AND WHITE PAISLEY FLOWER MUG, WHITE HANGING HEART T-LIGHT HOLDER, WORLD WAR 2 GLIDERS ASSTD DESIGNS, ASSORTED COLOUR BIRD ORNAMENT"
17829.0,Loyal Customers,"SMALL CHINESE STYLE SCISSOR, BLACK AND WHITE PAISLEY FLOWER MUG, WHITE HANGING HEART T-LIGHT HOLDER, WORLD WAR 2 GLIDERS ASSTD DESIGNS, ASSORTED COLOUR BIRD ORNAMENT"
17830.0,Potential Customers,"WORLD WAR 2 GLIDERS ASSTD DESIGNS, ASSORTED COLOUR BIRD ORNAMENT, ASSORTED COLOURS SILK FAN, GIRLS ALPHABET IRON ON PATCHES , POPART WOODEN PENCILS ASST"
17831.0,Potential Customers,"WORLD WAR 2 GLIDERS ASSTD DESIGNS, ASSORTED COLOUR BIRD ORNAMENT, ASSORTED COLOURS SILK FAN, GIRLS ALPHABET IRON ON PATCHES , POPART WOODEN PENCILS ASST"
17833.0,At Risk Customers,"GIRLS ALPHABET IRON ON PATCHES , WHITE HANGING HEART T-LIGHT HOLDER, ASSTD DESIGN BUBBLE GUM RING, LUNCH BAG  BLACK SKULL., WORLD WAR 2 GLIDERS ASSTD DESIGNS"
17834.0,At Risk Customers,"GIRLS ALPHABET IRON ON PATCHES , WHITE HANGING HEART T-LIGHT HOLDER, ASSTD DESIGN BUBBLE GUM RING, LUNCH BAG  BLACK SKULL., WORLD WAR 2 GLIDERS ASSTD DESIGNS"
17836.0,Potential Customers,"WORLD WAR 2 GLIDERS ASSTD DESIGNS, ASSORTED COLOUR BIRD ORNAMENT, ASSORTED COLOURS SILK FAN, GIRLS ALPHABET IRON ON PATCHES , POPART WOODEN PENCILS ASST"
17839.0,Potential Customers,"WORLD WAR 2 GLIDERS ASSTD DESIGNS, ASSORTED COLOUR BIRD ORNAMENT, ASSORTED COLOURS SILK FAN, GIRLS ALPHABET IRON ON PATCHES , POPART WOODEN PENCILS ASST"
17840.0,At Risk Customers,"GIRLS ALPHABET IRON ON PATCHES , WHITE HANGING HEART T-LIGHT HOLDER, ASSTD DESIGN BUBBLE GUM RING, LUNCH BAG  BLACK SKULL., WORLD WAR 2 GLIDERS ASSTD DESIGNS"
17842.0,At Risk Customers,"GIRLS ALPHABET IRON ON PATCHES , WHITE HANGING HEART T-LIGHT HOLDER, ASSTD DESIGN BUBBLE GUM RING, LUNCH BAG  BLACK SKULL., WORLD WAR 2 GLIDERS ASSTD DESIGNS"
17843.0,At Risk Customers,"GIRLS ALPHABET IRON ON PATCHES , WHITE HANGING HEART T-LIGHT HOLDER, ASSTD DESIGN BUBBLE GUM RING, LUNCH BAG  BLACK SKULL., WORLD WAR 2 GLIDERS ASSTD DESIGNS"
17844.0,Potential Customers,"WORLD WAR 2 GLIDERS ASSTD DESIGNS, ASSORTED COLOUR BIRD ORNAMENT, ASSORTED COLOURS SILK FAN, GIRLS ALPHABET IRON ON PATCHES , POPART WOODEN PENCILS ASST"
17845.0,At Risk Customers,"GIRLS ALPHABET IRON ON PATCHES , WHITE HANGING HEART T-LIGHT HOLDER, ASSTD DESIGN BUBBLE GUM RING, LUNCH BAG  BLACK SKULL., WORLD WAR 2 GLIDERS ASSTD DESIGNS"
17846.0,Potential Customers,"WORLD WAR 2 GLIDERS ASSTD DESIGNS, ASSORTED COLOUR BIRD ORNAMENT, ASSORTED COLOURS SILK FAN, GIRLS ALPHABET IRON ON PATCHES , POPART WOODEN PENCILS ASST"
17847.0,At Risk Customers,"GIRLS ALPHABET IRON ON PATCHES , WHITE HANGING HEART T-LIGHT HOLDER, ASSTD DESIGN BUBBLE GUM RING, LUNCH BAG  BLACK SKULL., WORLD WAR 2 GLIDERS ASSTD DESIGNS"
17851.0,Loyal Customers,"SMALL CHINESE STYLE SCISSOR, BLACK AND WHITE PAISLEY FLOWER MUG, WHITE HANGING HEART T-LIGHT HOLDER, WORLD WAR 2 GLIDERS ASSTD DESIGNS, ASSORTED COLOUR BIRD ORNAMENT"
17853.0,At Risk Customers,"GIRLS ALPHABET IRON ON PATCHES , WHITE HANGING HEART T-LIGHT HOLDER, ASSTD DESIGN BUBBLE GUM RING, LUNCH BAG  BLACK SKULL., WORLD WAR 2 GLIDERS ASSTD DESIGNS"
17855.0,At Risk Customers,"GIRLS ALPHABET IRON ON PATCHES , WHITE HANGING HEART T-LIGHT HOLDER, ASSTD DESIGN BUBBLE GUM RING, LUNCH BAG  BLACK SKULL., WORLD WAR 2 GLIDERS ASSTD DESIGNS"
17856.0,Loyal Customers,"SMALL CHINESE STYLE SCISSOR, BLACK AND WHITE PAISLEY FLOWER MUG, WHITE HANGING HEART T-LIGHT HOLDER, WORLD WAR 2 GLIDERS ASSTD DESIGNS, ASSORTED COLOUR BIRD ORNAMENT"
17859.0,At Risk Customers,"GIRLS ALPHABET IRON ON PATCHES , WHITE HANGING HEART T-LIGHT HOLDER, ASSTD DESIGN BUBBLE GUM RING, LUNCH BAG  BLACK SKULL., WORLD WAR 2 GLIDERS ASSTD DESIGNS"
17862.0,Loyal Customers,"SMALL CHINESE STYLE SCISSOR, BLACK AND WHITE PAISLEY FLOWER MUG, WHITE HANGING HEART T-LIGHT HOLDER, WORLD WAR 2 GLIDERS ASSTD DESIGNS, ASSORTED COLOUR BIRD ORNAMENT"
17866.0,Loyal Customers,"SMALL CHINESE STYLE SCISSOR, BLACK AND WHITE PAISLEY FLOWER MUG, WHITE HANGING HEART T-LIGHT HOLDER, WORLD WAR 2 GLIDERS ASSTD DESIGNS, ASSORTED COLOUR BIRD ORNAMENT"
17868.0,At Risk Customers,"GIRLS ALPHABET IRON ON PATCHES , WHITE HANGING HEART T-LIGHT HOLDER, ASSTD DESIGN BUBBLE GUM RING, LUNCH BAG  BLACK SKULL., WORLD WAR 2 GLIDERS ASSTD DESIGNS"
17869.0,Loyal Customers,"SMALL CHINESE STYLE SCISSOR, BLACK AND WHITE PAISLEY FLOWER MUG, WHITE HANGING HEART T-LIGHT HOLDER, WORLD WAR 2 GLIDERS ASSTD DESIGNS, ASSORTED COLOUR BIRD ORNAMENT"
17872.0,At Risk Customers,"GIRLS ALPHABET IRON ON PATCHES , WHITE HANGING HEART T-LIGHT HOLDER, ASSTD DESIGN BUBBLE GUM RING, LUNCH BAG  BLACK SKULL., WORLD WAR 2 GLIDERS ASSTD DESIGNS"
17874.0,Loyal Customers,"SMALL CHINESE STYLE SCISSOR, BLACK AND WHITE PAISLEY FLOWER MUG, WHITE HANGING HEART T-LIGHT HOLDER, WORLD WAR 2 GLIDERS ASSTD DESIGNS, ASSORTED COLOUR BIRD ORNAMENT"
17875.0,At Risk Customers,"GIRLS ALPHABET IRON ON PATCHES , WHITE HANGING HEART T-LIGHT HOLDER, ASSTD DESIGN BUBBLE GUM RING, LUNCH BAG  BLACK SKULL., WORLD WAR 2 GLIDERS ASSTD DESIGNS"
17876.0,Loyal Customers,"SMALL CHINESE STYLE SCISSOR, BLACK AND WHITE PAISLEY FLOWER MUG, WHITE HANGING HEART T-LIGHT HOLDER, WORLD WAR 2 GLIDERS ASSTD DESIGNS, ASSORTED COLOUR BIRD ORNAMENT"
17877.0,Potential Customers,"WORLD WAR 2 GLIDERS ASSTD DESIGNS, ASSORTED COLOUR BIRD ORNAMENT, ASSORTED COLOURS SILK FAN, GIRLS ALPHABET IRON ON PATCHES , POPART WOODEN PENCILS ASST"
17879.0,Potential Customers,"WORLD WAR 2 GLIDERS ASSTD DESIGNS, ASSORTED COLOUR BIRD ORNAMENT, ASSORTED COLOURS SILK FAN, GIRLS ALPHABET IRON ON PATCHES , POPART WOODEN PENCILS ASST"
17881.0,At Risk Customers,"GIRLS ALPHABET IRON ON PATCHES , WHITE HANGING HEART T-LIGHT HOLDER, ASSTD DESIGN BUBBLE GUM RING, LUNCH BAG  BLACK SKULL., WORLD WAR 2 GLIDERS ASSTD DESIGNS"
17882.0,At Risk Customers,"GIRLS ALPHABET IRON ON PATCHES , WHITE HANGING HEART T-LIGHT HOLDER, ASSTD DESIGN BUBBLE GUM RING, LUNCH BAG  BLACK SKULL., WORLD WAR 2 GLIDERS ASSTD DESIGNS"
17885.0,Potential Customers,"WORLD WAR 2 GLIDERS ASSTD DESIGNS, ASSORTED COLOUR BIRD ORNAMENT, ASSORTED COLOURS SILK FAN, GIRLS ALPHABET IRON ON PATCHES , POPART WOODEN PENCILS ASST"
17887.0,Potential Customers,"WORLD WAR 2 GLIDERS ASSTD DESIGNS, ASSORTED COLOUR BIRD ORNAMENT, ASSORTED COLOURS SILK FAN, GIRLS ALPHABET IRON ON PATCHES , POPART WOODEN PENCILS ASST"
17889.0,Loyal Customers,"SMALL CHINESE STYLE SCISSOR, BLACK AND WHITE PAISLEY FLOWER MUG, WHITE HANGING HEART T-LIGHT HOLDER, WORLD WAR 2 GLIDERS ASSTD DESIGNS, ASSORTED COLOUR BIRD ORNAMENT"
17891.0,Potential Customers,"WORLD WAR 2 GLIDERS ASSTD DESIGNS, ASSORTED COLOUR BIRD ORNAMENT, ASSORTED COLOURS SILK FAN, GIRLS ALPHABET IRON ON PATCHES , POPART WOODEN PENCILS ASST"
17892.0,Potential Customers,"WORLD WAR 2 GLIDERS ASSTD DESIGNS, ASSORTED COLOUR BIRD ORNAMENT, ASSORTED COLOURS SILK FAN, GIRLS ALPHABET IRON ON PATCHES , POPART WOODEN PENCILS ASST"
17893.0,Potential Customers,"WORLD WAR 2 GLIDERS ASSTD DESIGNS, ASSORTED COLOUR BIRD ORNAMENT, ASSORTED COLOURS SILK FAN, GIRLS ALPHABET IRON ON PATCHES , POPART WOODEN PENCILS ASST"
17895.0,Potential Customers,"WORLD WAR 2 GLIDERS ASSTD DESIGNS, ASSORTED COLOUR BIRD ORNAMENT, ASSORTED COLOURS SILK FAN, GIRLS ALPHABET IRON ON PATCHES , POPART WOODEN PENCILS ASST"
17896.0,Potential Customers,"WORLD WAR 2 GLIDERS ASSTD DESIGNS, ASSORTED COLOUR BIRD ORNAMENT, ASSORTED COLOURS SILK FAN, GIRLS ALPHABET IRON ON PATCHES , POPART WOODEN PENCILS ASST"
17899.0,Potential Customers,"WORLD WAR 2 GLIDERS ASSTD DESIGNS, ASSORTED COLOUR BIRD ORNAMENT, ASSORTED COLOURS SILK FAN, GIRLS ALPHABET IRON ON PATCHES , POPART WOODEN PENCILS ASST"
17900.0,Potential Customers,"WORLD WAR 2 GLIDERS ASSTD DESIGNS, ASSORTED COLOUR BIRD ORNAMENT, ASSORTED COLOURS SILK FAN, GIRLS ALPHABET IRON ON PATCHES , POPART WOODEN PENCILS ASST"
17902.0,At Risk Customers,"GIRLS ALPHABET IRON ON PATCHES , WHITE HANGING HEART T-LIGHT HOLDER, ASSTD DESIGN BUBBLE GUM RING, LUNCH BAG  BLACK SKULL., WORLD WAR 2 GLIDERS ASSTD DESIGNS"
17903.0,At Risk Customers,"GIRLS ALPHABET IRON ON PATCHES , WHITE HANGING HEART T-LIGHT HOLDER, ASSTD DESIGN BUBBLE GUM RING, LUNCH BAG  BLACK SKULL., WORLD WAR 2 GLIDERS ASSTD DESIGNS"
17904.0,Potential Customers,"WORLD WAR 2 GLIDERS ASSTD DESIGNS, ASSORTED COLOUR BIRD ORNAMENT, ASSORTED COLOURS SILK FAN, GIRLS ALPHABET IRON ON PATCHES , POPART WOODEN PENCILS ASST"
17906.0,Potential Customers,"WORLD WAR 2 GLIDERS ASSTD DESIGNS, ASSORTED COLOUR BIRD ORNAMENT, ASSORTED COLOURS SILK FAN, GIRLS ALPHABET IRON ON PATCHES , POPART WOODEN PENCILS ASST"
17907.0,At Risk Customers,"GIRLS ALPHABET IRON ON PATCHES , WHITE HANGING HEART T-LIGHT HOLDER, ASSTD DESIGN BUBBLE GUM RING, LUNCH BAG  BLACK SKULL., WORLD WAR 2 GLIDERS ASSTD DESIGNS"
17908.0,Loyal Customers,"SMALL CHINESE STYLE SCISSOR, BLACK AND WHITE PAISLEY FLOWER MUG, WHITE HANGING HEART T-LIGHT HOLDER, WORLD WAR 2 GLIDERS ASSTD DESIGNS, ASSORTED COLOUR BIRD ORNAMENT"
17909.0,At Risk Customers,"GIRLS ALPHABET IRON ON PATCHES , WHITE HANGING HEART T-LIGHT HOLDER, ASSTD DESIGN BUBBLE GUM RING, LUNCH BAG  BLACK SKULL., WORLD WAR 2 GLIDERS ASSTD DESIGNS"
17910.0,At Risk Customers,"GIRLS ALPHABET IRON ON PATCHES , WHITE HANGING HEART T-LIGHT HOLDER, ASSTD DESIGN BUBBLE GUM RING, LUNCH BAG  BLACK SKULL., WORLD WAR 2 GLIDERS ASSTD DESIGNS"
17911.0,Potential Customers,"WORLD WAR 2 GLIDERS ASSTD DESIGNS, ASSORTED COLOUR BIRD ORNAMENT, ASSORTED COLOURS SILK FAN, GIRLS ALPHABET IRON ON PATCHES , POPART WOODEN PENCILS ASST"
17912.0,Loyal Customers,"SMALL CHINESE STYLE SCISSOR, BLACK AND WHITE PAISLEY FLOWER MUG, WHITE HANGING HEART T-LIGHT HOLDER, WORLD WAR 2 GLIDERS ASSTD DESIGNS, ASSORTED COLOUR BIRD ORNAMENT"
17915.0,At Risk Customers,"GIRLS ALPHABET IRON ON PATCHES , WHITE HANGING HEART T-LIGHT HOLDER, ASSTD DESIGN BUBBLE GUM RING, LUNCH BAG  BLACK SKULL., WORLD WAR 2 GLIDERS ASSTD DESIGNS"
17916.0,At Risk Customers,"GIRLS ALPHABET IRON ON PATCHES , WHITE HANGING HEART T-LIGHT HOLDER, ASSTD DESIGN BUBBLE GUM RING, LUNCH BAG  BLACK SKULL., WORLD WAR 2 GLIDERS ASSTD DESIGNS"
17918.0,At Risk Customers,"GIRLS ALPHABET IRON ON PATCHES , WHITE HANGING HEART T-LIGHT HOLDER, ASSTD DESIGN BUBBLE GUM RING, LUNCH BAG  BLACK SKULL., WORLD WAR 2 GLIDERS ASSTD DESIGNS"
17922.0,At Risk Customers,"GIRLS ALPHABET IRON ON PATCHES , WHITE HANGING HEART T-LIGHT HOLDER, ASSTD DESIGN BUBBLE GUM RING, LUNCH BAG  BLACK SKULL., WORLD WAR 2 GLIDERS ASSTD DESIGNS"
17923.0,Potential Customers,"WORLD WAR 2 GLIDERS ASSTD DESIGNS, ASSORTED COLOUR BIRD ORNAMENT, ASSORTED COLOURS SILK FAN, GIRLS ALPHABET IRON ON PATCHES , POPART WOODEN PENCILS ASST"
17925.0,At Risk Customers,"GIRLS ALPHABET IRON ON PATCHES , WHITE HANGING HEART T-LIGHT HOLDER, ASSTD DESIGN BUBBLE GUM RING, LUNCH BAG  BLACK SKULL., WORLD WAR 2 GLIDERS ASSTD DESIGNS"
17926.0,Loyal Customers,"SMALL CHINESE STYLE SCISSOR, BLACK AND WHITE PAISLEY FLOWER MUG, WHITE HANGING HEART T-LIGHT HOLDER, WORLD WAR 2 GLIDERS ASSTD DESIGNS, ASSORTED COLOUR BIRD ORNAMENT"
17927.0,At Risk Customers,"GIRLS ALPHABET IRON ON PATCHES , WHITE HANGING HEART T-LIGHT HOLDER, ASSTD DESIGN BUBBLE GUM RING, LUNCH BAG  BLACK SKULL., WORLD WAR 2 GLIDERS ASSTD DESIGNS"
17932.0,Loyal Customers,"SMALL CHINESE STYLE SCISSOR, BLACK AND WHITE PAISLEY FLOWER MUG, WHITE HANGING HEART T-LIGHT HOLDER, WORLD WAR 2 GLIDERS ASSTD DESIGNS, ASSORTED COLOUR BIRD ORNAMENT"
17933.0,At Risk Customers,"GIRLS ALPHABET IRON ON PATCHES , WHITE HANGING HEART T-LIGHT HOLDER, ASSTD DESIGN BUBBLE GUM RING, LUNCH BAG  BLACK SKULL., WORLD WAR 2 GLIDERS ASSTD DESIGNS"
17935.0,Loyal Customers,"SMALL CHINESE STYLE SCISSOR, BLACK AND WHITE PAISLEY FLOWER MUG, WHITE HANGING HEART T-LIGHT HOLDER, WORLD WAR 2 GLIDERS ASSTD DESIGNS, ASSORTED COLOUR BIRD ORNAMENT"
17936.0,Potential Customers,"WORLD WAR 2 GLIDERS ASSTD DESIGNS, ASSORTED COLOUR BIRD ORNAMENT, ASSORTED COLOURS SILK FAN, GIRLS ALPHABET IRON ON PATCHES , POPART WOODEN PENCILS ASST"
17938.0,At Risk Customers,"GIRLS ALPHABET IRON ON PATCHES , WHITE HANGING HEART T-LIGHT HOLDER, ASSTD DESIGN BUBBLE GUM RING, LUNCH BAG  BLACK SKULL., WORLD WAR 2 GLIDERS ASSTD DESIGNS"
17939.0,Potential Customers,"WORLD WAR 2 GLIDERS ASSTD DESIGNS, ASSORTED COLOUR BIRD ORNAMENT, ASSORTED COLOURS SILK FAN, GIRLS ALPHABET IRON ON PATCHES , POPART WOODEN PENCILS ASST"
17941.0,Loyal Customers,"SMALL CHINESE STYLE SCISSOR, BLACK AND WHITE PAISLEY FLOWER MUG, WHITE HANGING HEART T-LIGHT HOLDER, WORLD WAR 2 GLIDERS ASSTD DESIGNS, ASSORTED COLOUR BIRD ORNAMENT"
17942.0,Potential Customers,"WORLD WAR 2 GLIDERS ASSTD DESIGNS, ASSORTED COLOUR BIRD ORNAMENT, ASSORTED COLOURS SILK FAN, GIRLS ALPHABET IRON ON PATCHES , POPART WOODEN PENCILS ASST"
17944.0,At Risk Customers,"GIRLS ALPHABET IRON ON PATCHES , WHITE HANGING HEART T-LIGHT HOLDER, ASSTD DESIGN BUBBLE GUM RING, LUNCH BAG  BLACK SKULL., WORLD WAR 2 GLIDERS ASSTD DESIGNS"
17945.0,At Risk Customers,"GIRLS ALPHABET IRON ON PATCHES , WHITE HANGING HEART T-LIGHT HOLDER, ASSTD DESIGN BUBBLE GUM RING, LUNCH BAG  BLACK SKULL., WORLD WAR 2 GLIDERS ASSTD DESIGNS"
17946.0,Potential Customers,"WORLD WAR 2 GLIDERS ASSTD DESIGNS, ASSORTED COLOUR BIRD ORNAMENT, ASSORTED COLOURS SILK FAN, GIRLS ALPHABET IRON ON PATCHES , POPART WOODEN PENCILS ASST"
17947.0,Potential Customers,"WORLD WAR 2 GLIDERS ASSTD DESIGNS, ASSORTED COLOUR BIRD ORNAMENT, ASSORTED COLOURS SILK FAN, GIRLS ALPHABET IRON ON PATCHES , POPART WOODEN PENCILS ASST"
17948.0,Potential Customers,"WORLD WAR 2 GLIDERS ASSTD DESIGNS, ASSORTED COLOUR BIRD ORNAMENT, ASSORTED COLOURS SILK FAN, GIRLS ALPHABET IRON ON PATCHES , POPART WOODEN PENCILS ASST"
17952.0,At Risk Customers,"GIRLS ALPHABET IRON ON PATCHES , WHITE HANGING HEART T-LIGHT HOLDER, ASSTD DESIGN BUBBLE GUM RING, LUNCH BAG  BLACK SKULL., WORLD WAR 2 GLIDERS ASSTD DESIGNS"
17953.0,At Risk Customers,"GIRLS ALPHABET IRON ON PATCHES , WHITE HANGING HEART T-LIGHT HOLDER, ASSTD DESIGN BUBBLE GUM RING, LUNCH BAG  BLACK SKULL., WORLD WAR 2 GLIDERS ASSTD DESIGNS"
17955.0,Loyal Customers,"SMALL CHINESE STYLE SCISSOR, BLACK AND WHITE PAISLEY FLOWER MUG, WHITE HANGING HEART T-LIGHT HOLDER, WORLD WAR 2 GLIDERS ASSTD DESIGNS, ASSORTED COLOUR BIRD ORNAMENT"
17956.0,Potential Customers,"WORLD WAR 2 GLIDERS ASSTD DESIGNS, ASSORTED COLOUR BIRD ORNAMENT, ASSORTED COLOURS SILK FAN, GIRLS ALPHABET IRON ON PATCHES , POPART WOODEN PENCILS ASST"
17958.0,Potential Customers,"WORLD WAR 2 GLIDERS ASSTD DESIGNS, ASSORTED COLOUR BIRD ORNAMENT, ASSORTED COLOURS SILK FAN, GIRLS ALPHABET IRON ON PATCHES , POPART WOODEN PENCILS ASST"
17959.0,At Risk Customers,"GIRLS ALPHABET IRON ON PATCHES , WHITE HANGING HEART T-LIGHT HOLDER, ASSTD DESIGN BUBBLE GUM RING, LUNCH BAG  BLACK SKULL., WORLD WAR 2 GLIDERS ASSTD DESIGNS"
17960.0,Potential Customers,"WORLD WAR 2 GLIDERS ASSTD DESIGNS, ASSORTED COLOUR BIRD ORNAMENT, ASSORTED COLOURS SILK FAN, GIRLS ALPHABET IRON ON PATCHES , POPART WOODEN PENCILS ASST"
17963.0,At Risk Customers,"GIRLS ALPHABET IRON ON PATCHES , WHITE HANGING HEART T-LIGHT HOLDER, ASSTD DESIGN BUBBLE GUM RING, LUNCH BAG  BLACK SKULL., WORLD WAR 2 GLIDERS ASSTD DESIGNS"
17964.0,Potential Customers,"WORLD WAR 2 GLIDERS ASSTD DESIGNS, ASSORTED COLOUR BIRD ORNAMENT, ASSORTED COLOURS SILK FAN, GIRLS ALPHABET IRON ON PATCHES , POPART WOODEN PENCILS ASST"
17967.0,At Risk Customers,"GIRLS ALPHABET IRON ON PATCHES , WHITE HANGING HEART T-LIGHT HOLDER, ASSTD DESIGN BUBBLE GUM RING, LUNCH BAG  BLACK SKULL., WORLD WAR 2 GLIDERS ASSTD DESIGNS"
17968.0,At Risk Customers,"GIRLS ALPHABET IRON ON PATCHES , WHITE HANGING HEART T-LIGHT HOLDER, ASSTD DESIGN BUBBLE GUM RING, LUNCH BAG  BLACK SKULL., WORLD WAR 2 GLIDERS ASSTD DESIGNS"
17969.0,Champions,"WORLD WAR 2 GLIDERS ASSTD DESIGNS, PAPER CRAFT , LITTLE BIRDIE, MEDIUM CERAMIC TOP STORAGE JAR, WHITE HANGING HEART T-LIGHT HOLDER, JUMBO BAG RED RETROSPOT"
17970.0,Potential Customers,"WORLD WAR 2 GLIDERS ASSTD DESIGNS, ASSORTED COLOUR BIRD ORNAMENT, ASSORTED COLOURS SILK FAN, GIRLS ALPHABET IRON ON PATCHES , POPART WOODEN PENCILS ASST"
17971.0,At Risk Customers,"GIRLS ALPHABET IRON ON PATCHES , WHITE HANGING HEART T-LIGHT HOLDER, ASSTD DESIGN BUBBLE GUM RING, LUNCH BAG  BLACK SKULL., WORLD WAR 2 GLIDERS ASSTD DESIGNS"
17972.0,Potential Customers,"WORLD WAR 2 GLIDERS ASSTD DESIGNS, ASSORTED COLOUR BIRD ORNAMENT, ASSORTED COLOURS SILK FAN, GIRLS ALPHABET IRON ON PATCHES , POPART WOODEN PENCILS ASST"
17973.0,Potential Customers,"WORLD WAR 2 GLIDERS ASSTD DESIGNS, ASSORTED COLOUR BIRD ORNAMENT, ASSORTED COLOURS SILK FAN, GIRLS ALPHABET IRON ON PATCHES , POPART WOODEN PENCILS ASST"
17976.0,At Risk Customers,"GIRLS ALPHABET IRON ON PATCHES , WHITE HANGING HEART T-LIGHT HOLDER, ASSTD DESIGN BUBBLE GUM RING, LUNCH BAG  BLACK SKULL., WORLD WAR 2 GLIDERS ASSTD DESIGNS"
17979.0,Loyal Customers,"SMALL CHINESE STYLE SCISSOR, BLACK AND WHITE PAISLEY FLOWER MUG, WHITE HANGING HEART T-LIGHT HOLDER, WORLD WAR 2 GLIDERS ASSTD DESIGNS, ASSORTED COLOUR BIRD ORNAMENT"
17980.0,Loyal Customers,"SMALL CHINESE STYLE SCISSOR, BLACK AND WHITE PAISLEY FLOWER MUG, WHITE HANGING HEART T-LIGHT HOLDER, WORLD WAR 2 GLIDERS ASSTD DESIGNS, ASSORTED COLOUR BIRD ORNAMENT"
17981.0,At Risk Customers,"GIRLS ALPHABET IRON ON PATCHES , WHITE HANGING HEART T-LIGHT HOLDER, ASSTD DESIGN BUBBLE GUM RING, LUNCH BAG  BLACK SKULL., WORLD WAR 2 GLIDERS ASSTD DESIGNS"
17982.0,At Risk Customers,"GIRLS ALPHABET IRON ON PATCHES , WHITE HANGING HEART T-LIGHT HOLDER, ASSTD DESIGN BUBBLE GUM RING, LUNCH BAG  BLACK SKULL., WORLD WAR 2 GLIDERS ASSTD DESIGNS"
17983.0,At Risk Customers,"GIRLS ALPHABET IRON ON PATCHES , WHITE HANGING HEART T-LIGHT HOLDER, ASSTD DESIGN BUBBLE GUM RING, LUNCH BAG  BLACK SKULL., WORLD WAR 2 GLIDERS ASSTD DESIGNS"
17984.0,Loyal Customers,"SMALL CHINESE STYLE SCISSOR, BLACK AND WHITE PAISLEY FLOWER MUG, WHITE HANGING HEART T-LIGHT HOLDER, WORLD WAR 2 GLIDERS ASSTD DESIGNS, ASSORTED COLOUR BIRD ORNAMENT"
17985.0,Potential Customers,"WORLD WAR 2 GLIDERS ASSTD DESIGNS, ASSORTED COLOUR BIRD ORNAMENT, ASSORTED COLOURS SILK FAN, GIRLS ALPHABET IRON ON PATCHES , POPART WOODEN PENCILS ASST"
17989.0,At Risk Customers,"GIRLS ALPHABET IRON ON PATCHES , WHITE HANGING HEART T-LIGHT HOLDER, ASSTD DESIGN BUBBLE GUM RING, LUNCH BAG  BLACK SKULL., WORLD WAR 2 GLIDERS ASSTD DESIGNS"
17990.0,Loyal Customers,"SMALL CHINESE STYLE SCISSOR, BLACK AND WHITE PAISLEY FLOWER MUG, WHITE HANGING HEART T-LIGHT HOLDER, WORLD WAR 2 GLIDERS ASSTD DESIGNS, ASSORTED COLOUR BIRD ORNAMENT"
17991.0,Potential Customers,"WORLD WAR 2 GLIDERS ASSTD DESIGNS, ASSORTED COLOUR BIRD ORNAMENT, ASSORTED COLOURS SILK FAN, GIRLS ALPHABET IRON ON PATCHES , POPART WOODEN PENCILS ASST"
17992.0,At Risk Customers,"GIRLS ALPHABET IRON ON PATCHES , WHITE HANGING HEART T-LIGHT HOLDER, ASSTD DESIGN BUBBLE GUM RING, LUNCH BAG  BLACK SKULL., WORLD WAR 2 GLIDERS ASSTD DESIGNS"
17993.0,At Risk Customers,"GIRLS ALPHABET IRON ON PATCHES , WHITE HANGING HEART T-LIGHT HOLDER, ASSTD DESIGN BUBBLE GUM RING, LUNCH BAG  BLACK SKULL., WORLD WAR 2 GLIDERS ASSTD DESIGNS"
17995.0,Potential Customers,"WORLD WAR 2 GLIDERS ASSTD DESIGNS, ASSORTED COLOUR BIRD ORNAMENT, ASSORTED COLOURS SILK FAN, GIRLS ALPHABET IRON ON PATCHES , POPART WOODEN PENCILS ASST"
17996.0,At Risk Customers,"GIRLS ALPHABET IRON ON PATCHES , WHITE HANGING HEART T-LIGHT HOLDER, ASSTD DESIGN BUBBLE GUM RING, LUNCH BAG  BLACK SKULL., WORLD WAR 2 GLIDERS ASSTD DESIGNS"
17998.0,At Risk Customers,"GIRLS ALPHABET IRON ON PATCHES , WHITE HANGING HEART T-LIGHT HOLDER, ASSTD DESIGN BUBBLE GUM RING, LUNCH BAG  BLACK SKULL., WORLD WAR 2 GLIDERS ASSTD DESIGNS"
18000.0,At Risk Customers,"GIRLS ALPHABET IRON ON PATCHES , WHITE HANGING HEART T-LIGHT HOLDER, ASSTD DESIGN BUBBLE GUM RING, LUNCH BAG  BLACK SKULL., WORLD WAR 2 GLIDERS ASSTD DESIGNS"
18002.0,At Risk Customers,"GIRLS ALPHABET IRON ON PATCHES , WHITE HANGING HEART T-LIGHT HOLDER, ASSTD DESIGN BUBBLE GUM RING, LUNCH BAG  BLACK SKULL., WORLD WAR 2 GLIDERS ASSTD DESIGNS"
18003.0,At Risk Customers,"GIRLS ALPHABET IRON ON PATCHES , WHITE HANGING HEART T-LIGHT HOLDER, ASSTD DESIGN BUBBLE GUM RING, LUNCH BAG  BLACK SKULL., WORLD WAR 2 GLIDERS ASSTD DESIGNS"
18004.0,At Risk Customers,"GIRLS ALPHABET IRON ON PATCHES , WHITE HANGING HEART T-LIGHT HOLDER, ASSTD DESIGN BUBBLE GUM RING, LUNCH BAG  BLACK SKULL., WORLD WAR 2 GLIDERS ASSTD DESIGNS"
18005.0,Potential Customers,"WORLD WAR 2 GLIDERS ASSTD DESIGNS, ASSORTED COLOUR BIRD ORNAMENT, ASSORTED COLOURS SILK FAN, GIRLS ALPHABET IRON ON PATCHES , POPART WOODEN PENCILS ASST"
18007.0,At Risk Customers,"GIRLS ALPHABET IRON ON PATCHES , WHITE HANGING HEART T-LIGHT HOLDER, ASSTD DESIGN BUBBLE GUM RING, LUNCH BAG  BLACK SKULL., WORLD WAR 2 GLIDERS ASSTD DESIGNS"
18009.0,Loyal Customers,"SMALL CHINESE STYLE SCISSOR, BLACK AND WHITE PAISLEY FLOWER MUG, WHITE HANGING HEART T-LIGHT HOLDER, WORLD WAR 2 GLIDERS ASSTD DESIGNS, ASSORTED COLOUR BIRD ORNAMENT"
18010.0,Potential Customers,"WORLD WAR 2 GLIDERS ASSTD DESIGNS, ASSORTED COLOUR BIRD ORNAMENT, ASSORTED COLOURS SILK FAN, GIRLS ALPHABET IRON ON PATCHES , POPART WOODEN PENCILS ASST"
18011.0,At Risk Customers,"GIRLS ALPHABET IRON ON PATCHES , WHITE HANGING HEART T-LIGHT HOLDER, ASSTD DESIGN BUBBLE GUM RING, LUNCH BAG  BLACK SKULL., WORLD WAR 2 GLIDERS ASSTD DESIGNS"
18012.0,At Risk Customers,"GIRLS ALPHABET IRON ON PATCHES , WHITE HANGING HEART T-LIGHT HOLDER, ASSTD DESIGN BUBBLE GUM RING, LUNCH BAG  BLACK SKULL., WORLD WAR 2 GLIDERS ASSTD DESIGNS"
18013.0,Potential Customers,"WORLD WAR 2 GLIDERS ASSTD DESIGNS, ASSORTED COLOUR BIRD ORNAMENT, ASSORTED COLOURS SILK FAN, GIRLS ALPHABET IRON ON PATCHES , POPART WOODEN PENCILS ASST"
18014.0,Potential Customers,"WORLD WAR 2 GLIDERS ASSTD DESIGNS, ASSORTED COLOUR BIRD ORNAMENT, ASSORTED COLOURS SILK FAN, GIRLS ALPHABET IRON ON PATCHES , POPART WOODEN PENCILS ASST"
18018.0,Potential Customers,"WORLD WAR 2 GLIDERS ASSTD DESIGNS, ASSORTED COLOUR BIRD ORNAMENT, ASSORTED COLOURS SILK FAN, GIRLS ALPHABET IRON ON PATCHES , POPART WOODEN PENCILS ASST"
18019.0,Potential Customers,"WORLD WAR 2 GLIDERS ASSTD DESIGNS, ASSORTED COLOUR BIRD ORNAMENT, ASSORTED COLOURS SILK FAN, GIRLS ALPHABET IRON ON PATCHES , POPART WOODEN PENCILS ASST"
18020.0,At Risk Customers,"GIRLS ALPHABET IRON ON PATCHES , WHITE HANGING HEART T-LIGHT HOLDER, ASSTD DESIGN BUBBLE GUM RING, LUNCH BAG  BLACK SKULL., WORLD WAR 2 GLIDERS ASSTD DESIGNS"
18021.0,At Risk Customers,"GIRLS ALPHABET IRON ON PATCHES , WHITE HANGING HEART T-LIGHT HOLDER, ASSTD DESIGN BUBBLE GUM RING, LUNCH BAG  BLACK SKULL., WORLD WAR 2 GLIDERS ASSTD DESIGNS"
18024.0,Potential Customers,"WORLD WAR 2 GLIDERS ASSTD DESIGNS, ASSORTED COLOUR BIRD ORNAMENT, ASSORTED COLOURS SILK FAN, GIRLS ALPHABET IRON ON PATCHES , POPART WOODEN PENCILS ASST"
18025.0,Loyal Customers,"SMALL CHINESE STYLE SCISSOR, BLACK AND WHITE PAISLEY FLOWER MUG, WHITE HANGING HEART T-LIGHT HOLDER, WORLD WAR 2 GLIDERS ASSTD DESIGNS, ASSORTED COLOUR BIRD ORNAMENT"
18026.0,At Risk Customers,"GIRLS ALPHABET IRON ON PATCHES , WHITE HANGING HEART T-LIGHT HOLDER, ASSTD DESIGN BUBBLE GUM RING, LUNCH BAG  BLACK SKULL., WORLD WAR 2 GLIDERS ASSTD DESIGNS"
18027.0,Potential Customers,"WORLD WAR 2 GLIDERS ASSTD DESIGNS, ASSORTED COLOUR BIRD ORNAMENT, ASSORTED COLOURS SILK FAN, GIRLS ALPHABET IRON ON PATCHES , POPART WOODEN PENCILS ASST"
18028.0,At Risk Customers,"GIRLS ALPHABET IRON ON PATCHES , WHITE HANGING HEART T-LIGHT HOLDER, ASSTD DESIGN BUBBLE GUM RING, LUNCH BAG  BLACK SKULL., WORLD WAR 2 GLIDERS ASSTD DESIGNS"
18029.0,At Risk Customers,"GIRLS ALPHABET IRON ON PATCHES , WHITE HANGING HEART T-LIGHT HOLDER, ASSTD DESIGN BUBBLE GUM RING, LUNCH BAG  BLACK SKULL., WORLD WAR 2 GLIDERS ASSTD DESIGNS"
18030.0,Potential Customers,"WORLD WAR 2 GLIDERS ASSTD DESIGNS, ASSORTED COLOUR BIRD ORNAMENT, ASSORTED COLOURS SILK FAN, GIRLS ALPHABET IRON ON PATCHES , POPART WOODEN PENCILS ASST"
18031.0,At Risk Customers,"GIRLS ALPHABET IRON ON PATCHES , WHITE HANGING HEART T-LIGHT HOLDER, ASSTD DESIGN BUBBLE GUM RING, LUNCH BAG  BLACK SKULL., WORLD WAR 2 GLIDERS ASSTD DESIGNS"
18032.0,At Risk Customers,"GIRLS ALPHABET IRON ON PATCHES , WHITE HANGING HEART T-LIGHT HOLDER, ASSTD DESIGN BUBBLE GUM RING, LUNCH BAG  BLACK SKULL., WORLD WAR 2 GLIDERS ASSTD DESIGNS"
18037.0,Loyal Customers,"SMALL CHINESE STYLE SCISSOR, BLACK AND WHITE PAISLEY FLOWER MUG, WHITE HANGING HEART T-LIGHT HOLDER, WORLD WAR 2 GLIDERS ASSTD DESIGNS, ASSORTED COLOUR BIRD ORNAMENT"
18038.0,At Risk Customers,"GIRLS ALPHABET IRON ON PATCHES , WHITE HANGING HEART T-LIGHT HOLDER, ASSTD DESIGN BUBBLE GUM RING, LUNCH BAG  BLACK SKULL., WORLD WAR 2 GLIDERS ASSTD DESIGNS"
18039.0,At Risk Customers,"GIRLS ALPHABET IRON ON PATCHES , WHITE HANGING HEART T-LIGHT HOLDER, ASSTD DESIGN BUBBLE GUM RING, LUNCH BAG  BLACK SKULL., WORLD WAR 2 GLIDERS ASSTD DESIGNS"
18040.0,Potential Customers,"WORLD WAR 2 GLIDERS ASSTD DESIGNS, ASSORTED COLOUR BIRD ORNAMENT, ASSORTED COLOURS SILK FAN, GIRLS ALPHABET IRON ON PATCHES , POPART WOODEN PENCILS ASST"
18045.0,Potential Customers,"WORLD WAR 2 GLIDERS ASSTD DESIGNS, ASSORTED COLOUR BIRD ORNAMENT, ASSORTED COLOURS SILK FAN, GIRLS ALPHABET IRON ON PATCHES , POPART WOODEN PENCILS ASST"
18046.0,At Risk Customers,"GIRLS ALPHABET IRON ON PATCHES , WHITE HANGING HEART T-LIGHT HOLDER, ASSTD DESIGN BUBBLE GUM RING, LUNCH BAG  BLACK SKULL., WORLD WAR 2 GLIDERS ASSTD DESIGNS"
18047.0,At Risk Customers,"GIRLS ALPHABET IRON ON PATCHES , WHITE HANGING HEART T-LIGHT HOLDER, ASSTD DESIGN BUBBLE GUM RING, LUNCH BAG  BLACK SKULL., WORLD WAR 2 GLIDERS ASSTD DESIGNS"
18048.0,Potential Customers,"WORLD WAR 2 GLIDERS ASSTD DESIGNS, ASSORTED COLOUR BIRD ORNAMENT, ASSORTED COLOURS SILK FAN, GIRLS ALPHABET IRON ON PATCHES , POPART WOODEN PENCILS ASST"
18049.0,At Risk Customers,"GIRLS ALPHABET IRON ON PATCHES , WHITE HANGING HEART T-LIGHT HOLDER, ASSTD DESIGN BUBBLE GUM RING, LUNCH BAG  BLACK SKULL., WORLD WAR 2 GLIDERS ASSTD DESIGNS"
18050.0,At Risk Customers,"GIRLS ALPHABET IRON ON PATCHES , WHITE HANGING HEART T-LIGHT HOLDER, ASSTD DESIGN BUBBLE GUM RING, LUNCH BAG  BLACK SKULL., WORLD WAR 2 GLIDERS ASSTD DESIGNS"
18051.0,At Risk Customers,"GIRLS ALPHABET IRON ON PATCHES , WHITE HANGING HEART T-LIGHT HOLDER, ASSTD DESIGN BUBBLE GUM RING, LUNCH BAG  BLACK SKULL., WORLD WAR 2 GLIDERS ASSTD DESIGNS"
18052.0,At Risk Customers,"GIRLS ALPHABET IRON ON PATCHES , WHITE HANGING HEART T-LIGHT HOLDER, ASSTD DESIGN BUBBLE GUM RING, LUNCH BAG  BLACK SKULL., WORLD WAR 2 GLIDERS ASSTD DESIGNS"
18054.0,At Risk Customers,"GIRLS ALPHABET IRON ON PATCHES , WHITE HANGING HEART T-LIGHT HOLDER, ASSTD DESIGN BUBBLE GUM RING, LUNCH BAG  BLACK SKULL., WORLD WAR 2 GLIDERS ASSTD DESIGNS"
18056.0,Potential Customers,"WORLD WAR 2 GLIDERS ASSTD DESIGNS, ASSORTED COLOUR BIRD ORNAMENT, ASSORTED COLOURS SILK FAN, GIRLS ALPHABET IRON ON PATCHES , POPART WOODEN PENCILS ASST"
18057.0,At Risk Customers,"GIRLS ALPHABET IRON ON PATCHES , WHITE HANGING HEART T-LIGHT HOLDER, ASSTD DESIGN BUBBLE GUM RING, LUNCH BAG  BLACK SKULL., WORLD WAR 2 GLIDERS ASSTD DESIGNS"
18059.0,Potential Customers,"WORLD WAR 2 GLIDERS ASSTD DESIGNS, ASSORTED COLOUR BIRD ORNAMENT, ASSORTED COLOURS SILK FAN, GIRLS ALPHABET IRON ON PATCHES , POPART WOODEN PENCILS ASST"
18060.0,At Risk Customers,"GIRLS ALPHABET IRON ON PATCHES , WHITE HANGING HEART T-LIGHT HOLDER, ASSTD DESIGN BUBBLE GUM RING, LUNCH BAG  BLACK SKULL., WORLD WAR 2 GLIDERS ASSTD DESIGNS"
18062.0,Loyal Customers,"SMALL CHINESE STYLE SCISSOR, BLACK AND WHITE PAISLEY FLOWER MUG, WHITE HANGING HEART T-LIGHT HOLDER, WORLD WAR 2 GLIDERS ASSTD DESIGNS, ASSORTED COLOUR BIRD ORNAMENT"
18063.0,At Risk Customers,"GIRLS ALPHABET IRON ON PATCHES , WHITE HANGING HEART T-LIGHT HOLDER, ASSTD DESIGN BUBBLE GUM RING, LUNCH BAG  BLACK SKULL., WORLD WAR 2 GLIDERS ASSTD DESIGNS"
18064.0,Champions,"WORLD WAR 2 GLIDERS ASSTD DESIGNS, PAPER CRAFT , LITTLE BIRDIE, MEDIUM CERAMIC TOP STORAGE JAR, WHITE HANGING HEART T-LIGHT HOLDER, JUMBO BAG RED RETROSPOT"
18067.0,Potential Customers,"WORLD WAR 2 GLIDERS ASSTD DESIGNS, ASSORTED COLOUR BIRD ORNAMENT, ASSORTED COLOURS SILK FAN, GIRLS ALPHABET IRON ON PATCHES , POPART WOODEN PENCILS ASST"
18068.0,At Risk Customers,"GIRLS ALPHABET IRON ON PATCHES , WHITE HANGING HEART T-LIGHT HOLDER, ASSTD DESIGN BUBBLE GUM RING, LUNCH BAG  BLACK SKULL., WORLD WAR 2 GLIDERS ASSTD DESIGNS"
18070.0,At Risk Customers,"GIRLS ALPHABET IRON ON PATCHES , WHITE HANGING HEART T-LIGHT HOLDER, ASSTD DESIGN BUBBLE GUM RING, LUNCH BAG  BLACK SKULL., WORLD WAR 2 GLIDERS ASSTD DESIGNS"
18071.0,Loyal Customers,"SMALL CHINESE STYLE SCISSOR, BLACK AND WHITE PAISLEY FLOWER MUG, WHITE HANGING HEART T-LIGHT HOLDER, WORLD WAR 2 GLIDERS ASSTD DESIGNS, ASSORTED COLOUR BIRD ORNAMENT"
18072.0,Potential Customers,"WORLD WAR 2 GLIDERS ASSTD DESIGNS, ASSORTED COLOUR BIRD ORNAMENT, ASSORTED COLOURS SILK FAN, GIRLS ALPHABET IRON ON PATCHES , POPART WOODEN PENCILS ASST"
18073.0,Champions,"WORLD WAR 2 GLIDERS ASSTD DESIGNS, PAPER CRAFT , LITTLE BIRDIE, MEDIUM CERAMIC TOP STORAGE JAR, WHITE HANGING HEART T-LIGHT HOLDER, JUMBO BAG RED RETROSPOT"
18074.0,At Risk Customers,"GIRLS ALPHABET IRON ON PATCHES , WHITE HANGING HEART T-LIGHT HOLDER, ASSTD DESIGN BUBBLE GUM RING, LUNCH BAG  BLACK SKULL., WORLD WAR 2 GLIDERS ASSTD DESIGNS"
18076.0,At Risk Customers,"GIRLS ALPHABET IRON ON PATCHES , WHITE HANGING HEART T-LIGHT HOLDER, ASSTD DESIGN BUBBLE GUM RING, LUNCH BAG  BLACK SKULL., WORLD WAR 2 GLIDERS ASSTD DESIGNS"
18080.0,Potential Customers,"WORLD WAR 2 GLIDERS ASSTD DESIGNS, ASSORTED COLOUR BIRD ORNAMENT, ASSORTED COLOURS SILK FAN, GIRLS ALPHABET IRON ON PATCHES , POPART WOODEN PENCILS ASST"
18081.0,Potential Customers,"WORLD WAR 2 GLIDERS ASSTD DESIGNS, ASSORTED COLOUR BIRD ORNAMENT, ASSORTED COLOURS SILK FAN, GIRLS ALPHABET IRON ON PATCHES , POPART WOODEN PENCILS ASST"
18082.0,Potential Customers,"WORLD WAR 2 GLIDERS ASSTD DESIGNS, ASSORTED COLOUR BIRD ORNAMENT, ASSORTED COLOURS SILK FAN, GIRLS ALPHABET IRON ON PATCHES , POPART WOODEN PENCILS ASST"
18083.0,At Risk Customers,"GIRLS ALPHABET IRON ON PATCHES , WHITE HANGING HEART T-LIGHT HOLDER, ASSTD DESIGN BUBBLE GUM RING, LUNCH BAG  BLACK SKULL., WORLD WAR 2 GLIDERS ASSTD DESIGNS"
18084.0,Potential Customers,"WORLD WAR 2 GLIDERS ASSTD DESIGNS, ASSORTED COLOUR BIRD ORNAMENT, ASSORTED COLOURS SILK FAN, GIRLS ALPHABET IRON ON PATCHES , POPART WOODEN PENCILS ASST"
18085.0,Loyal Customers,"SMALL CHINESE STYLE SCISSOR, BLACK AND WHITE PAISLEY FLOWER MUG, WHITE HANGING HEART T-LIGHT HOLDER, WORLD WAR 2 GLIDERS ASSTD DESIGNS, ASSORTED COLOUR BIRD ORNAMENT"
18086.0,Potential Customers,"WORLD WAR 2 GLIDERS ASSTD DESIGNS, ASSORTED COLOUR BIRD ORNAMENT, ASSORTED COLOURS SILK FAN, GIRLS ALPHABET IRON ON PATCHES , POPART WOODEN PENCILS ASST"
18087.0,Champions,"WORLD WAR 2 GLIDERS ASSTD DESIGNS, PAPER CRAFT , LITTLE BIRDIE, MEDIUM CERAMIC TOP STORAGE JAR, WHITE HANGING HEART T-LIGHT HOLDER, JUMBO BAG RED RETROSPOT"
18088.0,Potential Customers,"WORLD WAR 2 GLIDERS ASSTD DESIGNS, ASSORTED COLOUR BIRD ORNAMENT, ASSORTED COLOURS SILK FAN, GIRLS ALPHABET IRON ON PATCHES , POPART WOODEN PENCILS ASST"
18089.0,At Risk Customers,"GIRLS ALPHABET IRON ON PATCHES , WHITE HANGING HEART T-LIGHT HOLDER, ASSTD DESIGN BUBBLE GUM RING, LUNCH BAG  BLACK SKULL., WORLD WAR 2 GLIDERS ASSTD DESIGNS"
18090.0,At Risk Customers,"GIRLS ALPHABET IRON ON PATCHES , WHITE HANGING HEART T-LIGHT HOLDER, ASSTD DESIGN BUBBLE GUM RING, LUNCH BAG  BLACK SKULL., WORLD WAR 2 GLIDERS ASSTD DESIGNS"
18091.0,At Risk Customers,"GIRLS ALPHABET IRON ON PATCHES , WHITE HANGING HEART T-LIGHT HOLDER, ASSTD DESIGN BUBBLE GUM RING, LUNCH BAG  BLACK SKULL., WORLD WAR 2 GLIDERS ASSTD DESIGNS"
18093.0,Loyal Customers,"SMALL CHINESE STYLE SCISSOR, BLACK AND WHITE PAISLEY FLOWER MUG, WHITE HANGING HEART T-LIGHT HOLDER, WORLD WAR 2 GLIDERS ASSTD DESIGNS, ASSORTED COLOUR BIRD ORNAMENT"
18095.0,Loyal Customers,"SMALL CHINESE STYLE SCISSOR, BLACK AND WHITE PAISLEY FLOWER MUG, WHITE HANGING HEART T-LIGHT HOLDER, WORLD WAR 2 GLIDERS ASSTD DESIGNS, ASSORTED COLOUR BIRD ORNAMENT"
18098.0,At Risk Customers,"GIRLS ALPHABET IRON ON PATCHES , WHITE HANGING HEART T-LIGHT HOLDER, ASSTD DESIGN BUBBLE GUM RING, LUNCH BAG  BLACK SKULL., WORLD WAR 2 GLIDERS ASSTD DESIGNS"
18099.0,Potential Customers,"WORLD WAR 2 GLIDERS ASSTD DESIGNS, ASSORTED COLOUR BIRD ORNAMENT, ASSORTED COLOURS SILK FAN, GIRLS ALPHABET IRON ON PATCHES , POPART WOODEN PENCILS ASST"
18100.0,At Risk Customers,"GIRLS ALPHABET IRON ON PATCHES , WHITE HANGING HEART T-LIGHT HOLDER, ASSTD DESIGN BUBBLE GUM RING, LUNCH BAG  BLACK SKULL., WORLD WAR 2 GLIDERS ASSTD DESIGNS"
18103.0,At Risk Customers,"GIRLS ALPHABET IRON ON PATCHES , WHITE HANGING HEART T-LIGHT HOLDER, ASSTD DESIGN BUBBLE GUM RING, LUNCH BAG  BLACK SKULL., WORLD WAR 2 GLIDERS ASSTD DESIGNS"
18104.0,Potential Customers,"WORLD WAR 2 GLIDERS ASSTD DESIGNS, ASSORTED COLOUR BIRD ORNAMENT, ASSORTED COLOURS SILK FAN, GIRLS ALPHABET IRON ON PATCHES , POPART WOODEN PENCILS ASST"
18105.0,Potential Customers,"WORLD WAR 2 GLIDERS ASSTD DESIGNS, ASSORTED COLOUR BIRD ORNAMENT, ASSORTED COLOURS SILK FAN, GIRLS ALPHABET IRON ON PATCHES , POPART WOODEN PENCILS ASST"
18106.0,Loyal Customers,"SMALL CHINESE STYLE SCISSOR, BLACK AND WHITE PAISLEY FLOWER MUG, WHITE HANGING HEART T-LIGHT HOLDER, WORLD WAR 2 GLIDERS ASSTD DESIGNS, ASSORTED COLOUR BIRD ORNAMENT"
18107.0,At Risk Customers,"GIRLS ALPHABET IRON ON PATCHES , WHITE HANGING HEART T-LIGHT HOLDER, ASSTD DESIGN BUBBLE GUM RING, LUNCH BAG  BLACK SKULL., WORLD WAR 2 GLIDERS ASSTD DESIGNS"
18108.0,Potential Customers,"WORLD WAR 2 GLIDERS ASSTD DESIGNS, ASSORTED COLOUR BIRD ORNAMENT, ASSORTED COLOURS SILK FAN, GIRLS ALPHABET IRON ON PATCHES , POPART WOODEN PENCILS ASST"
18111.0,At Risk Customers,"GIRLS ALPHABET IRON ON PATCHES , WHITE HANGING HEART T-LIGHT HOLDER, ASSTD DESIGN BUBBLE GUM RING, LUNCH BAG  BLACK SKULL., WORLD WAR 2 GLIDERS ASSTD DESIGNS"
18113.0,At Risk Customers,"GIRLS ALPHABET IRON ON PATCHES , WHITE HANGING HEART T-LIGHT HOLDER, ASSTD DESIGN BUBBLE GUM RING, LUNCH BAG  BLACK SKULL., WORLD WAR 2 GLIDERS ASSTD DESIGNS"
18114.0,Potential Customers,"WORLD WAR 2 GLIDERS ASSTD DESIGNS, ASSORTED COLOUR BIRD ORNAMENT, ASSORTED COLOURS SILK FAN, GIRLS ALPHABET IRON ON PATCHES , POPART WOODEN PENCILS ASST"
18115.0,At Risk Customers,"GIRLS ALPHABET IRON ON PATCHES , WHITE HANGING HEART T-LIGHT HOLDER, ASSTD DESIGN BUBBLE GUM RING, LUNCH BAG  BLACK SKULL., WORLD WAR 2 GLIDERS ASSTD DESIGNS"
18119.0,At Risk Customers,"GIRLS ALPHABET IRON ON PATCHES , WHITE HANGING HEART T-LIGHT HOLDER, ASSTD DESIGN BUBBLE GUM RING, LUNCH BAG  BLACK SKULL., WORLD WAR 2 GLIDERS ASSTD DESIGNS"
18120.0,Potential Customers,"WORLD WAR 2 GLIDERS ASSTD DESIGNS, ASSORTED COLOUR BIRD ORNAMENT, ASSORTED COLOURS SILK FAN, GIRLS ALPHABET IRON ON PATCHES , POPART WOODEN PENCILS ASST"
18121.0,Potential Customers,"WORLD WAR 2 GLIDERS ASSTD DESIGNS, ASSORTED COLOUR BIRD ORNAMENT, ASSORTED COLOURS SILK FAN, GIRLS ALPHABET IRON ON PATCHES , POPART WOODEN PENCILS ASST"
18124.0,At Risk Customers,"GIRLS ALPHABET IRON ON PATCHES , WHITE HANGING HEART T-LIGHT HOLDER, ASSTD DESIGN BUBBLE GUM RING, LUNCH BAG  BLACK SKULL., WORLD WAR 2 GLIDERS ASSTD DESIGNS"
18125.0,Loyal Customers,"SMALL CHINESE STYLE SCISSOR, BLACK AND WHITE PAISLEY FLOWER MUG, WHITE HANGING HEART T-LIGHT HOLDER, WORLD WAR 2 GLIDERS ASSTD DESIGNS, ASSORTED COLOUR BIRD ORNAMENT"
18126.0,Potential Customers,"WORLD WAR 2 GLIDERS ASSTD DESIGNS, ASSORTED COLOUR BIRD ORNAMENT, ASSORTED COLOURS SILK FAN, GIRLS ALPHABET IRON ON PATCHES , POPART WOODEN PENCILS ASST"
18128.0,At Risk Customers,"GIRLS ALPHABET IRON ON PATCHES , WHITE HANGING HEART T-LIGHT HOLDER, ASSTD DESIGN BUBBLE GUM RING, LUNCH BAG  BLACK SKULL., WORLD WAR 2 GLIDERS ASSTD DESIGNS"
18129.0,Potential Customers,"WORLD WAR 2 GLIDERS ASSTD DESIGNS, ASSORTED COLOUR BIRD ORNAMENT, ASSORTED COLOURS SILK FAN, GIRLS ALPHABET IRON ON PATCHES , POPART WOODEN PENCILS ASST"
18131.0,At Risk Customers,"GIRLS ALPHABET IRON ON PATCHES , WHITE HANGING HEART T-LIGHT HOLDER, ASSTD DESIGN BUBBLE GUM RING, LUNCH BAG  BLACK SKULL., WORLD WAR 2 GLIDERS ASSTD DESIGNS"
18132.0,At Risk Customers,"GIRLS ALPHABET IRON ON PATCHES , WHITE HANGING HEART T-LIGHT HOLDER, ASSTD DESIGN BUBBLE GUM RING, LUNCH BAG  BLACK SKULL., WORLD WAR 2 GLIDERS ASSTD DESIGNS"
18133.0,Potential Customers,"WORLD WAR 2 GLIDERS ASSTD DESIGNS, ASSORTED COLOUR BIRD ORNAMENT, ASSORTED COLOURS SILK FAN, GIRLS ALPHABET IRON ON PATCHES , POPART WOODEN PENCILS ASST"
18134.0,At Risk Customers,"GIRLS ALPHABET IRON ON PATCHES , WHITE HANGING HEART T-LIGHT HOLDER, ASSTD DESIGN BUBBLE GUM RING, LUNCH BAG  BLACK SKULL., WORLD WAR 2 GLIDERS ASSTD DESIGNS"
18137.0,At Risk Customers,"GIRLS ALPHABET IRON ON PATCHES , WHITE HANGING HEART T-LIGHT HOLDER, ASSTD DESIGN BUBBLE GUM RING, LUNCH BAG  BLACK SKULL., WORLD WAR 2 GLIDERS ASSTD DESIGNS"
18138.0,At Risk Customers,"GIRLS ALPHABET IRON ON PATCHES , WHITE HANGING HEART T-LIGHT HOLDER, ASSTD DESIGN BUBBLE GUM RING, LUNCH BAG  BLACK SKULL., WORLD WAR 2 GLIDERS ASSTD DESIGNS"
18140.0,At Risk Customers,"GIRLS ALPHABET IRON ON PATCHES , WHITE HANGING HEART T-LIGHT HOLDER, ASSTD DESIGN BUBBLE GUM RING, LUNCH BAG  BLACK SKULL., WORLD WAR 2 GLIDERS ASSTD DESIGNS"
18141.0,At Risk Customers,"GIRLS ALPHABET IRON ON PATCHES , WHITE HANGING HEART T-LIGHT HOLDER, ASSTD DESIGN BUBBLE GUM RING, LUNCH BAG  BLACK SKULL., WORLD WAR 2 GLIDERS ASSTD DESIGNS"
18142.0,Potential Customers,"WORLD WAR 2 GLIDERS ASSTD DESIGNS, ASSORTED COLOUR BIRD ORNAMENT, ASSORTED COLOURS SILK FAN, GIRLS ALPHABET IRON ON PATCHES , POPART WOODEN PENCILS ASST"
18143.0,Potential Customers,"WORLD WAR 2 GLIDERS ASSTD DESIGNS, ASSORTED COLOUR BIRD ORNAMENT, ASSORTED COLOURS SILK FAN, GIRLS ALPHABET IRON ON PATCHES , POPART WOODEN PENCILS ASST"
18146.0,Potential Customers,"WORLD WAR 2 GLIDERS ASSTD DESIGNS, ASSORTED COLOUR BIRD ORNAMENT, ASSORTED COLOURS SILK FAN, GIRLS ALPHABET IRON ON PATCHES , POPART WOODEN PENCILS ASST"
18147.0,Potential Customers,"WORLD WAR 2 GLIDERS ASSTD DESIGNS, ASSORTED COLOUR BIRD ORNAMENT, ASSORTED COLOURS SILK FAN, GIRLS ALPHABET IRON ON PATCHES , POPART WOODEN PENCILS ASST"
18148.0,At Risk Customers,"GIRLS ALPHABET IRON ON PATCHES , WHITE HANGING HEART T-LIGHT HOLDER, ASSTD DESIGN BUBBLE GUM RING, LUNCH BAG  BLACK SKULL., WORLD WAR 2 GLIDERS ASSTD DESIGNS"
18150.0,Potential Customers,"WORLD WAR 2 GLIDERS ASSTD DESIGNS, ASSORTED COLOUR BIRD ORNAMENT, ASSORTED COLOURS SILK FAN, GIRLS ALPHABET IRON ON PATCHES , POPART WOODEN PENCILS ASST"
18152.0,At Risk Customers,"GIRLS ALPHABET IRON ON PATCHES , WHITE HANGING HEART T-LIGHT HOLDER, ASSTD DESIGN BUBBLE GUM RING, LUNCH BAG  BLACK SKULL., WORLD WAR 2 GLIDERS ASSTD DESIGNS"
18153.0,At Risk Customers,"GIRLS ALPHABET IRON ON PATCHES , WHITE HANGING HEART T-LIGHT HOLDER, ASSTD DESIGN BUBBLE GUM RING, LUNCH BAG  BLACK SKULL., WORLD WAR 2 GLIDERS ASSTD DESIGNS"
18155.0,Potential Customers,"WORLD WAR 2 GLIDERS ASSTD DESIGNS, ASSORTED COLOUR BIRD ORNAMENT, ASSORTED COLOURS SILK FAN, GIRLS ALPHABET IRON ON PATCHES , POPART WOODEN PENCILS ASST"
18157.0,At Risk Customers,"GIRLS ALPHABET IRON ON PATCHES , WHITE HANGING HEART T-LIGHT HOLDER, ASSTD DESIGN BUBBLE GUM RING, LUNCH BAG  BLACK SKULL., WORLD WAR 2 GLIDERS ASSTD DESIGNS"
18158.0,Potential Customers,"WORLD WAR 2 GLIDERS ASSTD DESIGNS, ASSORTED COLOUR BIRD ORNAMENT, ASSORTED COLOURS SILK FAN, GIRLS ALPHABET IRON ON PATCHES , POPART WOODEN PENCILS ASST"
18159.0,At Risk Customers,"GIRLS ALPHABET IRON ON PATCHES , WHITE HANGING HEART T-LIGHT HOLDER, ASSTD DESIGN BUBBLE GUM RING, LUNCH BAG  BLACK SKULL., WORLD WAR 2 GLIDERS ASSTD DESIGNS"
18160.0,Loyal Customers,"SMALL CHINESE STYLE SCISSOR, BLACK AND WHITE PAISLEY FLOWER MUG, WHITE HANGING HEART T-LIGHT HOLDER, WORLD WAR 2 GLIDERS ASSTD DESIGNS, ASSORTED COLOUR BIRD ORNAMENT"
18162.0,At Risk Customers,"GIRLS ALPHABET IRON ON PATCHES , WHITE HANGING HEART T-LIGHT HOLDER, ASSTD DESIGN BUBBLE GUM RING, LUNCH BAG  BLACK SKULL., WORLD WAR 2 GLIDERS ASSTD DESIGNS"
18163.0,At Risk Customers,"GIRLS ALPHABET IRON ON PATCHES , WHITE HANGING HEART T-LIGHT HOLDER, ASSTD DESIGN BUBBLE GUM RING, LUNCH BAG  BLACK SKULL., WORLD WAR 2 GLIDERS ASSTD DESIGNS"
18164.0,Potential Customers,"WORLD WAR 2 GLIDERS ASSTD DESIGNS, ASSORTED COLOUR BIRD ORNAMENT, ASSORTED COLOURS SILK FAN, GIRLS ALPHABET IRON ON PATCHES , POPART WOODEN PENCILS ASST"
18165.0,Potential Customers,"WORLD WAR 2 GLIDERS ASSTD DESIGNS, ASSORTED COLOUR BIRD ORNAMENT, ASSORTED COLOURS SILK FAN, GIRLS ALPHABET IRON ON PATCHES , POPART WOODEN PENCILS ASST"
18166.0,At Risk Customers,"GIRLS ALPHABET IRON ON PATCHES , WHITE HANGING HEART T-LIGHT HOLDER, ASSTD DESIGN BUBBLE GUM RING, LUNCH BAG  BLACK SKULL., WORLD WAR 2 GLIDERS ASSTD DESIGNS"
18167.0,Loyal Customers,"SMALL CHINESE STYLE SCISSOR, BLACK AND WHITE PAISLEY FLOWER MUG, WHITE HANGING HEART T-LIGHT HOLDER, WORLD WAR 2 GLIDERS ASSTD DESIGNS, ASSORTED COLOUR BIRD ORNAMENT"
18169.0,Potential Customers,"WORLD WAR 2 GLIDERS ASSTD DESIGNS, ASSORTED COLOUR BIRD ORNAMENT, ASSORTED COLOURS SILK FAN, GIRLS ALPHABET IRON ON PATCHES , POPART WOODEN PENCILS ASST"
18175.0,At Risk Customers,"GIRLS ALPHABET IRON ON PATCHES , WHITE HANGING HEART T-LIGHT HOLDER, ASSTD DESIGN BUBBLE GUM RING, LUNCH BAG  BLACK SKULL., WORLD WAR 2 GLIDERS ASSTD DESIGNS"
18176.0,At Risk Customers,"GIRLS ALPHABET IRON ON PATCHES , WHITE HANGING HEART T-LIGHT HOLDER, ASSTD DESIGN BUBBLE GUM RING, LUNCH BAG  BLACK SKULL., WORLD WAR 2 GLIDERS ASSTD DESIGNS"
18182.0,At Risk Customers,"GIRLS ALPHABET IRON ON PATCHES , WHITE HANGING HEART T-LIGHT HOLDER, ASSTD DESIGN BUBBLE GUM RING, LUNCH BAG  BLACK SKULL., WORLD WAR 2 GLIDERS ASSTD DESIGNS"
18183.0,Potential Customers,"WORLD WAR 2 GLIDERS ASSTD DESIGNS, ASSORTED COLOUR BIRD ORNAMENT, ASSORTED COLOURS SILK FAN, GIRLS ALPHABET IRON ON PATCHES , POPART WOODEN PENCILS ASST"
18184.0,Potential Customers,"WORLD WAR 2 GLIDERS ASSTD DESIGNS, ASSORTED COLOUR BIRD ORNAMENT, ASSORTED COLOURS SILK FAN, GIRLS ALPHABET IRON ON PATCHES , POPART WOODEN PENCILS ASST"
18185.0,Potential Customers,"WORLD WAR 2 GLIDERS ASSTD DESIGNS, ASSORTED COLOUR BIRD ORNAMENT, ASSORTED COLOURS SILK FAN, GIRLS ALPHABET IRON ON PATCHES , POPART WOODEN PENCILS ASST"
18186.0,At Risk Customers,"GIRLS ALPHABET IRON ON PATCHES , WHITE HANGING HEART T-LIGHT HOLDER, ASSTD DESIGN BUBBLE GUM RING, LUNCH BAG  BLACK SKULL., WORLD WAR 2 GLIDERS ASSTD DESIGNS"
18187.0,At Risk Customers,"GIRLS ALPHABET IRON ON PATCHES , WHITE HANGING HEART T-LIGHT HOLDER, ASSTD DESIGN BUBBLE GUM RING, LUNCH BAG  BLACK SKULL., WORLD WAR 2 GLIDERS ASSTD DESIGNS"
18191.0,Potential Customers,"WORLD WAR 2 GLIDERS ASSTD DESIGNS, ASSORTED COLOUR BIRD ORNAMENT, ASSORTED COLOURS SILK FAN, GIRLS ALPHABET IRON ON PATCHES , POPART WOODEN PENCILS ASST"
18192.0,Potential Customers,"WORLD WAR 2 GLIDERS ASSTD DESIGNS, ASSORTED COLOUR BIRD ORNAMENT, ASSORTED COLOURS SILK FAN, GIRLS ALPHABET IRON ON PATCHES , POPART WOODEN PENCILS ASST"
18193.0,Loyal Customers,"SMALL CHINESE STYLE SCISSOR, BLACK AND WHITE PAISLEY FLOWER MUG, WHITE HANGING HEART T-LIGHT HOLDER, WORLD WAR 2 GLIDERS ASSTD DESIGNS, ASSORTED COLOUR BIRD ORNAMENT"
18195.0,At Risk Customers,"GIRLS ALPHABET IRON ON PATCHES , WHITE HANGING HEART T-LIGHT HOLDER, ASSTD DESIGN BUBBLE GUM RING, LUNCH BAG  BLACK SKULL., WORLD WAR 2 GLIDERS ASSTD DESIGNS"
18196.0,Loyal Customers,"SMALL CHINESE STYLE SCISSOR, BLACK AND WHITE PAISLEY FLOWER MUG, WHITE HANGING HEART T-LIGHT HOLDER, WORLD WAR 2 GLIDERS ASSTD DESIGNS, ASSORTED COLOUR BIRD ORNAMENT"
18197.0,At Risk Customers,"GIRLS ALPHABET IRON ON PATCHES , WHITE HANGING HEART T-LIGHT HOLDER, ASSTD DESIGN BUBBLE GUM RING, LUNCH BAG  BLACK SKULL., WORLD WAR 2 GLIDERS ASSTD DESIGNS"
18199.0,At Risk Customers,"GIRLS ALPHABET IRON ON PATCHES , WHITE HANGING HEART T-LIGHT HOLDER, ASSTD DESIGN BUBBLE GUM RING, LUNCH BAG  BLACK SKULL., WORLD WAR 2 GLIDERS ASSTD DESIGNS"
18200.0,Potential Customers,"WORLD WAR 2 GLIDERS ASSTD DESIGNS, ASSORTED COLOUR BIRD ORNAMENT, ASSORTED COLOURS SILK FAN, GIRLS ALPHABET IRON ON PATCHES , POPART WOODEN PENCILS ASST"
18201.0,At Risk Customers,"GIRLS ALPHABET IRON ON PATCHES , WHITE HANGING HEART T-LIGHT HOLDER, ASSTD DESIGN BUBBLE GUM RING, LUNCH BAG  BLACK SKULL., WORLD WAR 2 GLIDERS ASSTD DESIGNS"
18202.0,Loyal Customers,"SMALL CHINESE STYLE SCISSOR, BLACK AND WHITE PAISLEY FLOWER MUG, WHITE HANGING HEART T-LIGHT HOLDER, WORLD WAR 2 GLIDERS ASSTD DESIGNS, ASSORTED COLOUR BIRD ORNAMENT"
18203.0,Potential Customers,"WORLD WAR 2 GLIDERS ASSTD DESIGNS, ASSORTED COLOUR BIRD ORNAMENT, ASSORTED COLOURS SILK FAN, GIRLS ALPHABET IRON ON PATCHES , POPART WOODEN PENCILS ASST"
18205.0,Potential Customers,"WORLD WAR 2 GLIDERS ASSTD DESIGNS, ASSORTED COLOUR BIRD ORNAMENT, ASSORTED COLOURS SILK FAN, GIRLS ALPHABET IRON ON PATCHES , POPART WOODEN PENCILS ASST"
18206.0,At Risk Customers,"GIRLS ALPHABET IRON ON PATCHES , WHITE HANGING HEART T-LIGHT HOLDER, ASSTD DESIGN BUBBLE GUM RING, LUNCH BAG  BLACK SKULL., WORLD WAR 2 GLIDERS ASSTD DESIGNS"
18207.0,At Risk Customers,"GIRLS ALPHABET IRON ON PATCHES , WHITE HANGING HEART T-LIGHT HOLDER, ASSTD DESIGN BUBBLE GUM RING, LUNCH BAG  BLACK SKULL., WORLD WAR 2 GLIDERS ASSTD DESIGNS"
18208.0,At Risk Customers,"GIRLS ALPHABET IRON ON PATCHES , WHITE HANGING HEART T-LIGHT HOLDER, ASSTD DESIGN BUBBLE GUM RING, LUNCH BAG  BLACK SKULL., WORLD WAR 2 GLIDERS ASSTD DESIGNS"
18209.0,Potential Customers,"WORLD WAR 2 GLIDERS ASSTD DESIGNS, ASSORTED COLOUR BIRD ORNAMENT, ASSORTED COLOURS SILK FAN, GIRLS ALPHABET IRON ON PATCHES , POPART WOODEN PENCILS ASST"
18211.0,Loyal Customers,"SMALL CHINESE STYLE SCISSOR, BLACK AND WHITE PAISLEY FLOWER MUG, WHITE HANGING HEART T-LIGHT HOLDER, WORLD WAR 2 GLIDERS ASSTD DESIGNS, ASSORTED COLOUR BIRD ORNAMENT"
18212.0,At Risk Customers,"GIRLS ALPHABET IRON ON PATCHES , WHITE HANGING HEART T-LIGHT HOLDER, ASSTD DESIGN BUBBLE GUM RING, LUNCH BAG  BLACK SKULL., WORLD WAR 2 GLIDERS ASSTD DESIGNS"
18213.0,Potential Customers,"WORLD WAR 2 GLIDERS ASSTD DESIGNS, ASSORTED COLOUR BIRD ORNAMENT, ASSORTED COLOURS SILK FAN, GIRLS ALPHABET IRON ON PATCHES , POPART WOODEN PENCILS ASST"
18214.0,At Risk Customers,"GIRLS ALPHABET IRON ON PATCHES , WHITE HANGING HEART T-LIGHT HOLDER, ASSTD DESIGN BUBBLE GUM RING, LUNCH BAG  BLACK SKULL., WORLD WAR 2 GLIDERS ASSTD DESIGNS"
18216.0,Potential Customers,"WORLD WAR 2 GLIDERS ASSTD DESIGNS, ASSORTED COLOUR BIRD ORNAMENT, ASSORTED COLOURS SILK FAN, GIRLS ALPHABET IRON ON PATCHES , POPART WOODEN PENCILS ASST"
18218.0,Loyal Customers,"SMALL CHINESE STYLE SCISSOR, BLACK AND WHITE PAISLEY FLOWER MUG, WHITE HANGING HEART T-LIGHT HOLDER, WORLD WAR 2 GLIDERS ASSTD DESIGNS, ASSORTED COLOUR BIRD ORNAMENT"
18220.0,Loyal Customers,"SMALL CHINESE STYLE SCISSOR, BLACK AND WHITE PAISLEY FLOWER MUG, WHITE HANGING HEART T-LIGHT HOLDER, WORLD WAR 2 GLIDERS ASSTD DESIGNS, ASSORTED COLOUR BIRD ORNAMENT"
18222.0,Potential Customers,"WORLD WAR 2 GLIDERS ASSTD DESIGNS, ASSORTED COLOUR BIRD ORNAMENT, ASSORTED COLOURS SILK FAN, GIRLS ALPHABET IRON ON PATCHES , POPART WOODEN PENCILS ASST"
18224.0,Potential Customers,"WORLD WAR 2 GLIDERS ASSTD DESIGNS, ASSORTED COLOUR BIRD ORNAMENT, ASSORTED COLOURS SILK FAN, GIRLS ALPHABET IRON ON PATCHES , POPART WOODEN PENCILS ASST"
18227.0,Potential Customers,"WORLD WAR 2 GLIDERS ASSTD DESIGNS, ASSORTED COLOUR BIRD ORNAMENT, ASSORTED COLOURS SILK FAN, GIRLS ALPHABET IRON ON PATCHES , POPART WOODEN PENCILS ASST"
18228.0,Potential Customers,"WORLD WAR 2 GLIDERS ASSTD DESIGNS, ASSORTED COLOUR BIRD ORNAMENT, ASSORTED COLOURS SILK FAN, GIRLS ALPHABET IRON ON PATCHES , POPART WOODEN PENCILS ASST"
18232.0,Potential Customers,"WORLD WAR 2 GLIDERS ASSTD DESIGNS, ASSORTED COLOUR BIRD ORNAMENT, ASSORTED COLOURS SILK FAN, GIRLS ALPHABET IRON ON PATCHES , POPART WOODEN PENCILS ASST"
18233.0,At Risk Customers,"GIRLS ALPHABET IRON ON PATCHES , WHITE HANGING HEART T-LIGHT HOLDER, ASSTD DESIGN BUBBLE GUM RING, LUNCH BAG  BLACK SKULL., WORLD WAR 2 GLIDERS ASSTD DESIGNS"
18234.0,At Risk Customers,"GIRLS ALPHABET IRON ON PATCHES , WHITE HANGING HEART T-LIGHT HOLDER, ASSTD DESIGN BUBBLE GUM RING, LUNCH BAG  BLACK SKULL., WORLD WAR 2 GLIDERS ASSTD DESIGNS"
18237.0,Loyal Customers,"SMALL CHINESE STYLE SCISSOR, BLACK AND WHITE PAISLEY FLOWER MUG, WHITE HANGING HEART T-LIGHT HOLDER, WORLD WAR 2 GLIDERS ASSTD DESIGNS, ASSORTED COLOUR BIRD ORNAMENT"
18238.0,At Risk Customers,"GIRLS ALPHABET IRON ON PATCHES , WHITE HANGING HEART T-LIGHT HOLDER, ASSTD DESIGN BUBBLE GUM RING, LUNCH BAG  BLACK SKULL., WORLD WAR 2 GLIDERS ASSTD DESIGNS"
18239.0,Loyal Customers,"SMALL CHINESE STYLE SCISSOR, BLACK AND WHITE PAISLEY FLOWER MUG, WHITE HANGING HEART T-LIGHT HOLDER, WORLD WAR 2 GLIDERS ASSTD DESIGNS, ASSORTED COLOUR BIRD ORNAMENT"
18240.0,Potential Customers,"WORLD WAR 2 GLIDERS ASSTD DESIGNS, ASSORTED COLOUR BIRD ORNAMENT, ASSORTED COLOURS SILK FAN, GIRLS ALPHABET IRON ON PATCHES , POPART WOODEN PENCILS ASST"
18243.0,At Risk Customers,"GIRLS ALPHABET IRON ON PATCHES , WHITE HANGING HEART T-LIGHT HOLDER, ASSTD DESIGN BUBBLE GUM RING, LUNCH BAG  BLACK SKULL., WORLD WAR 2 GLIDERS ASSTD DESIGNS"
18244.0,At Risk Customers,"GIRLS ALPHABET IRON ON PATCHES , WHITE HANGING HEART T-LIGHT HOLDER, ASSTD DESIGN BUBBLE GUM RING, LUNCH BAG  BLACK SKULL., WORLD WAR 2 GLIDERS ASSTD DESIGNS"
18247.0,At Risk Customers,"GIRLS ALPHABET IRON ON PATCHES , WHITE HANGING HEART T-LIGHT HOLDER, ASSTD DESIGN BUBBLE GUM RING, LUNCH BAG  BLACK SKULL., WORLD WAR 2 GLIDERS ASSTD DESIGNS"
18248.0,Potential Customers,"WORLD WAR 2 GLIDERS ASSTD DESIGNS, ASSORTED COLOUR BIRD ORNAMENT, ASSORTED COLOURS SILK FAN, GIRLS ALPHABET IRON ON PATCHES , POPART WOODEN PENCILS ASST"
18249.0,Potential Customers,"WORLD WAR 2 GLIDERS ASSTD DESIGNS, ASSORTED COLOUR BIRD ORNAMENT, ASSORTED COLOURS SILK FAN, GIRLS ALPHABET IRON ON PATCHES , POPART WOODEN PENCILS ASST"
18250.0,At Risk Customers,"GIRLS ALPHABET IRON ON PATCHES , WHITE HANGING HEART T-LIGHT HOLDER, ASSTD DESIGN BUBBLE GUM RING, LUNCH BAG  BLACK SKULL., WORLD WAR 2 GLIDERS ASSTD DESIGNS"
18253.0,At Risk Customers,"GIRLS ALPHABET IRON ON PATCHES , WHITE HANGING HEART T-LIGHT HOLDER, ASSTD DESIGN BUBBLE GUM RING, LUNCH BAG  BLACK SKULL., WORLD WAR 2 GLIDERS ASSTD DESIGNS"
18254.0,At Risk Customers,"GIRLS ALPHABET IRON ON PATCHES , WHITE HANGING HEART T-LIGHT HOLDER, ASSTD DESIGN BUBBLE GUM RING, LUNCH BAG  BLACK SKULL., WORLD WAR 2 GLIDERS ASSTD DESIGNS"
18256.0,At Risk Customers,"GIRLS ALPHABET IRON ON PATCHES , WHITE HANGING HEART T-LIGHT HOLDER, ASSTD DESIGN BUBBLE GUM RING, LUNCH BAG  BLACK SKULL., WORLD WAR 2 GLIDERS ASSTD DESIGNS"
18258.0,Loyal Customers,"SMALL CHINESE STYLE SCISSOR, BLACK AND WHITE PAISLEY FLOWER MUG, WHITE HANGING HEART T-LIGHT HOLDER, WORLD WAR 2 GLIDERS ASSTD DESIGNS, ASSORTED COLOUR BIRD ORNAMENT"
18261.0,Potential Customers,"WORLD WAR 2 GLIDERS ASSTD DESIGNS, ASSORTED COLOUR BIRD ORNAMENT, ASSORTED COLOURS SILK FAN, GIRLS ALPHABET IRON ON PATCHES , POPART WOODEN PENCILS ASST"
18262.0,Potential Customers,"WORLD WAR 2 GLIDERS ASSTD DESIGNS, ASSORTED COLOUR BIRD ORNAMENT, ASSORTED COLOURS SILK FAN, GIRLS ALPHABET IRON ON PATCHES , POPART WOODEN PENCILS ASST"
18263.0,Loyal Customers,"SMALL CHINESE STYLE SCISSOR, BLACK AND WHITE PAISLEY FLOWER MUG, WHITE HANGING HEART T-LIGHT HOLDER, WORLD WAR 2 GLIDERS ASSTD DESIGNS, ASSORTED COLOUR BIRD ORNAMENT"
18264.0,At Risk Customers,"GIRLS ALPHABET IRON ON PATCHES , WHITE HANGING HEART T-LIGHT HOLDER, ASSTD DESIGN BUBBLE GUM RING, LUNCH BAG  BLACK SKULL., WORLD WAR 2 GLIDERS ASSTD DESIGNS"
18265.0,Potential Customers,"WORLD WAR 2 GLIDERS ASSTD DESIGNS, ASSORTED COLOUR BIRD ORNAMENT, ASSORTED COLOURS SILK FAN, GIRLS ALPHABET IRON ON PATCHES , POPART WOODEN PENCILS ASST"
18266.0,At Risk Customers,"GIRLS ALPHABET IRON ON PATCHES , WHITE HANGING HEART T-LIGHT HOLDER, ASSTD DESIGN BUBBLE GUM RING, LUNCH BAG  BLACK SKULL., WORLD WAR 2 GLIDERS ASSTD DESIGNS"
18267.0,At Risk Customers,"GIRLS ALPHABET IRON ON PATCHES , WHITE HANGING HEART T-LIGHT HOLDER, ASSTD DESIGN BUBBLE GUM RING, LUNCH BAG  BLACK SKULL., WORLD WAR 2 GLIDERS ASSTD DESIGNS"
18268.0,Loyal Customers,"SMALL CHINESE STYLE SCISSOR, BLACK AND WHITE PAISLEY FLOWER MUG, WHITE HANGING HEART T-LIGHT HOLDER, WORLD WAR 2 GLIDERS ASSTD DESIGNS, ASSORTED COLOUR BIRD ORNAMENT"
18269.0,At Risk Customers,"GIRLS ALPHABET IRON ON PATCHES , WHITE HANGING HEART T-LIGHT HOLDER, ASSTD DESIGN BUBBLE GUM RING, LUNCH BAG  BLACK SKULL., WORLD WAR 2 GLIDERS ASSTD DESIGNS"
18271.0,At Risk Customers,"GIRLS ALPHABET IRON ON PATCHES , WHITE HANGING HEART T-LIGHT HOLDER, ASSTD DESIGN BUBBLE GUM RING, LUNCH BAG  BLACK SKULL., WORLD WAR 2 GLIDERS ASSTD DESIGNS"
18274.0,Potential Customers,"WORLD WAR 2 GLIDERS ASSTD DESIGNS, ASSORTED COLOUR BIRD ORNAMENT, ASSORTED COLOURS SILK FAN, GIRLS ALPHABET IRON ON PATCHES , POPART WOODEN PENCILS ASST"
18275.0,At Risk Customers,"GIRLS ALPHABET IRON ON PATCHES , WHITE HANGING HEART T-LIGHT HOLDER, ASSTD DESIGN BUBBLE GUM RING, LUNCH BAG  BLACK SKULL., WORLD WAR 2 GLIDERS ASSTD DESIGNS"
18277.0,Loyal Customers,"SMALL CHINESE STYLE SCISSOR, BLACK AND WHITE PAISLEY FLOWER MUG, WHITE HANGING HEART T-LIGHT HOLDER, WORLD WAR 2 GLIDERS ASSTD DESIGNS, ASSORTED COLOUR BIRD ORNAMENT"
18279.0,At Risk Customers,"GIRLS ALPHABET IRON ON PATCHES , WHITE HANGING HEART T-LIGHT HOLDER, ASSTD DESIGN BUBBLE GUM RING, LUNCH BAG  BLACK SKULL., WORLD WAR 2 GLIDERS ASSTD DESIGNS"
18280.0,Potential Customers,"WORLD WAR 2 GLIDERS ASSTD DESIGNS, ASSORTED COLOUR BIRD ORNAMENT, ASSORTED COLOURS SILK FAN, GIRLS ALPHABET IRON ON PATCHES , POPART WOODEN PENCILS ASST"
18281.0,Potential Customers,"WORLD WAR 2 GLIDERS ASSTD DESIGNS, ASSORTED COLOUR BIRD ORNAMENT, ASSORTED COLOURS SILK FAN, GIRLS ALPHABET IRON ON PATCHES , POPART WOODEN PENCILS ASST"
18282.0,Potential Customers,"WORLD WAR 2 GLIDERS ASSTD DESIGNS, ASSORTED COLOUR BIRD ORNAMENT, ASSORTED COLOURS SILK FAN, GIRLS ALPHABET IRON ON PATCHES , POPART WOODEN PENCILS ASST"
18284.0,At Risk Customers,"GIRLS ALPHABET IRON ON PATCHES , WHITE HANGING HEART T-LIGHT HOLDER, ASSTD DESIGN BUBBLE GUM RING, LUNCH BAG  BLACK SKULL., WORLD WAR 2 GLIDERS ASSTD DESIGNS"
18285.0,At Risk Customers,"GIRLS ALPHABET IRON ON PATCHES , WHITE HANGING HEART T-LIGHT HOLDER, ASSTD DESIGN BUBBLE GUM RING, LUNCH BAG  BLACK SKULL., WORLD WAR 2 GLIDERS ASSTD DESIGNS"
18286.0,At Risk Customers,"GIRLS ALPHABET IRON ON PATCHES , WHITE HANGING HEART T-LIGHT HOLDER, ASSTD DESIGN BUBBLE GUM RING, LUNCH BAG  BLACK SKULL., WORLD WAR 2 GLIDERS ASSTD DESIGNS"
