CustomerID,Recency,Frequency,Monetary,TotalQuantity,AverageOrderValue,UniqueProducts,UniqueCountries,FirstPurchase,LastPurchase,CustomerLifetimeDays,ActiveMonths,RevenuePerMonth,AvgQuantityPerOrder,Churn,PredictedChurn
12350.0,310,1,334.40000000000003,197,19.67058823529412,17,1,2011-02-02 16:01:00,2011-02-02 16:01:00,0,1.0,334.4,197.0,1,1
12351.0,375,1,300.93,261,14.33,21,1,2010-11-29 15:23:00,2010-11-29 15:23:00,0,1.0,300.93,261.0,1,1
12353.0,204,2,406.76,212,16.948333333333334,23,1,2010-10-27 12:44:00,2011-05-19 17:47:00,204,6.8,59.82,106.0,1,1
12354.0,232,1,1079.4,530,18.610344827586207,58,1,2011-04-21 13:11:00,2011-04-21 13:11:00,0,1.0,1079.4,530.0,1,1
12355.0,214,2,947.61,543,27.074571428571428,35,1,2010-05-21 11:59:00,2011-05-09 13:49:00,353,11.8,80.31,271.5,1,1
12363.0,110,2,552.0,408,24.0,23,1,2011-04-11 13:29:00,2011-08-22 10:18:00,132,4.4,125.45,204.0,1,1
12365.0,291,2,641.38,174,29.15363636363636,22,1,2011-02-21 13:51:00,2011-02-21 14:04:00,0,1.0,641.38,87.0,1,1
12366.0,634,1,500.24,296,166.74666666666667,3,1,2010-03-16 10:28:00,2010-03-16 10:28:00,0,1.0,500.24,296.0,1,1
12367.0,4,1,168.9,173,15.354545454545455,11,1,2011-12-05 16:48:00,2011-12-05 16:48:00,0,1.0,168.9,173.0,0,1
12368.0,628,1,917.7,330,50.98333333333333,18,1,2010-03-21 15:56:00,2010-03-21 15:56:00,0,1.0,917.7,330.0,1,1
12369.0,413,3,1791.15,1241,19.25967741935484,90,1,2010-03-08 08:09:00,2010-10-22 13:13:00,228,7.6,235.68,413.67,1,1
12372.0,72,3,1298.04,794,24.962307692307693,34,1,2011-02-16 12:46:00,2011-09-29 12:12:00,224,7.5,173.07,264.67,0,1
12373.0,311,3,1127.65,516,22.11078431372549,36,1,2010-02-04 12:08:00,2011-02-01 13:10:00,362,12.1,93.19,172.0,1,1
12375.0,11,2,457.5,178,26.91176470588235,14,1,2011-09-02 14:23:00,2011-11-29 10:36:00,87,2.9,157.76,89.0,0,1
12376.0,390,2,503.15,240,38.70384615384615,11,1,2010-10-18 08:42:00,2010-11-15 12:15:00,28,0.9,559.06,120.0,1,1
12377.0,315,4,3426.32,2105,22.54157894736842,129,1,2010-04-29 15:34:00,2011-01-28 15:45:00,274,9.1,376.52,526.25,1,1
12378.0,130,2,5416.32,3316,17.994418604651162,281,1,2010-05-26 14:07:00,2011-08-02 10:34:00,432,14.4,376.13,1658.0,1,1
12379.0,82,4,1620.22,815,20.00271604938272,58,1,2010-06-23 12:49:00,2011-09-19 10:09:00,452,15.1,107.3,203.75,0,1
12384.0,29,2,585.27,126,21.676666666666662,26,1,2011-08-10 11:23:00,2011-11-11 08:39:00,92,3.1,188.8,63.0,0,1
12385.0,379,1,1938.4,612,29.821538461538463,65,1,2010-11-25 15:14:00,2010-11-25 15:14:00,0,1.0,1938.4,612.0,1,1
12386.0,338,2,401.9,354,40.19,10,1,2010-12-08 09:53:00,2011-01-06 12:37:00,29,1.0,401.9,177.0,1,1
12387.0,415,1,143.94,134,15.993333333333332,9,1,2010-10-20 16:27:00,2010-10-20 16:27:00,0,1.0,143.94,134.0,1,1
12389.0,403,3,1433.33,614,29.251632653061225,41,1,2010-02-22 10:15:00,2010-11-02 11:52:00,253,8.4,170.63,204.67,1,1
12390.0,80,1,549.84,353,17.1825,32,1,2011-09-21 09:33:00,2011-09-21 09:33:00,0,1.0,549.84,353.0,0,1
12392.0,591,1,234.75000000000003,73,33.53571428571429,7,1,2010-04-27 14:04:00,2010-04-27 14:04:00,0,1.0,234.75,73.0,1,1
12394.0,64,2,1272.48,819,47.12888888888889,26,2,2011-05-06 14:01:00,2011-10-07 08:08:00,153,5.1,249.51,409.5,0,1
12396.0,674,1,931.43,591,14.329692307692309,65,1,2010-02-03 13:22:00,2010-02-03 13:22:00,0,1.0,931.43,591.0,1,1
12398.0,46,1,1635.66,1394,19.24305882352941,85,1,2011-10-25 10:27:00,2011-10-25 10:27:00,0,1.0,1635.66,1394.0,0,1
12400.0,414,1,205.25,91,18.65909090909091,11,1,2010-10-21 13:45:00,2010-10-21 13:45:00,0,1.0,205.25,91.0,1,1
12401.0,303,1,84.3,11,16.86,5,1,2011-02-09 13:50:00,2011-02-09 13:50:00,0,1.0,84.3,11.0,1,1
12402.0,323,6,1256.9,584,17.955714285714286,43,1,2010-02-07 12:41:00,2011-01-20 13:49:00,347,11.6,108.35,97.33,1,1
12404.0,682,1,63.24,1,63.24,1,1,2010-01-26 16:25:00,2010-01-26 16:25:00,0,1.0,63.24,1.0,1,1
12405.0,149,1,1710.39,857,31.67388888888889,54,1,2011-07-14 08:52:00,2011-07-14 08:52:00,0,1.0,1710.39,857.0,1,1
12410.0,309,3,1013.71,341,25.34275,36,1,2010-07-25 13:26:00,2011-02-04 10:39:00,193,6.4,158.39,113.67,1,1
12411.0,410,1,346.9,138,15.768181818181818,22,1,2010-10-26 09:25:00,2010-10-26 09:25:00,0,1.0,346.9,138.0,1,1
12412.0,75,6,2596.93,1997,20.448267716535437,82,1,2010-06-18 13:22:00,2011-09-26 10:16:00,464,15.5,167.54,332.83,0,1
12413.0,67,4,999.45,319,19.59705882352941,41,2,2010-11-02 13:26:00,2011-10-04 09:00:00,335,11.2,89.24,79.75,0,1
12414.0,217,6,952.41,495,34.01464285714286,21,1,2010-09-02 12:22:00,2011-05-06 14:51:00,246,8.2,116.15,82.5,1,1
12416.0,657,1,202.56,132,18.41454545454545,11,1,2010-02-21 10:19:00,2010-02-21 10:19:00,0,1.0,202.56,132.0,1,1
12418.0,113,4,2021.2,1088,19.815686274509805,90,1,2010-03-19 14:47:00,2011-08-19 11:08:00,517,17.2,117.51,272.0,1,1
12419.0,386,2,503.01,231,20.1204,23,1,2010-10-22 10:40:00,2010-11-19 10:04:00,27,0.9,558.9,115.5,1,1
12420.0,64,1,600.39,345,20.70310344827586,29,1,2011-10-07 08:55:00,2011-10-07 08:55:00,0,1.0,600.39,345.0,0,1
12422.0,96,17,5231.8,2596,30.41744186046512,137,2,2009-12-18 12:44:00,2011-09-05 09:48:00,625,20.8,251.53,152.71,1,1
12424.0,163,4,3340.03,2025,36.30467391304347,78,1,2010-06-09 15:15:00,2011-06-30 12:06:00,385,12.8,260.94,506.25,1,1
12426.0,195,2,1345.21,584,17.470259740259742,73,1,2010-02-15 08:41:00,2011-05-29 12:26:00,468,15.6,86.23,292.0,1,1
12430.0,43,1,256.4,117,23.30909090909091,11,1,2011-10-27 15:09:00,2011-10-27 15:09:00,0,1.0,256.4,117.0,0,1
12434.0,85,3,1103.43,532,15.763285714285717,62,1,2010-11-23 13:38:00,2011-09-16 12:38:00,296,9.9,111.46,177.33,0,1
12436.0,100,1,509.01,211,31.813125,16,1,2011-09-01 12:09:00,2011-09-01 12:09:00,0,1.0,509.01,211.0,1,1
12438.0,14,2,2906.85,1180,29.66173469387755,84,1,2011-07-22 13:29:00,2011-11-25 13:28:00,125,4.2,692.11,590.0,0,1
12440.0,462,2,859.2,331,26.85,21,1,2009-12-22 12:03:00,2010-09-03 13:11:00,255,8.5,101.08,165.5,1,1
12441.0,367,1,173.55,121,15.77727272727273,11,1,2010-12-08 10:45:00,2010-12-08 10:45:00,0,1.0,173.55,121.0,1,1
12442.0,3,1,172.06,182,14.338333333333331,12,1,2011-12-06 14:22:00,2011-12-06 14:22:00,0,1.0,172.06,182.0,0,1
12443.0,732,1,485.31,182,23.11,21,1,2009-12-07 15:42:00,2009-12-07 15:42:00,0,1.0,485.31,182.0,1,1
12446.0,58,1,1002.31,351,17.584385964912283,57,1,2011-10-13 12:50:00,2011-10-13 12:50:00,0,1.0,1002.31,351.0,0,1
12447.0,243,1,476.49,190,18.326538461538465,26,1,2011-04-10 13:25:00,2011-04-10 13:25:00,0,1.0,476.49,190.0,1,1
12448.0,44,1,449.45,243,20.42954545454545,22,1,2011-10-26 13:46:00,2011-10-26 13:46:00,0,1.0,449.45,243.0,0,1
12450.0,156,5,688.2,442,18.6,31,1,2010-08-22 13:11:00,2011-07-06 14:41:00,318,10.6,64.92,88.4,1,1
12452.0,17,2,430.5700000000001,185,19.57136363636364,21,1,2011-11-23 08:05:00,2011-11-23 10:28:00,0,1.0,430.57,92.5,0,1
12453.0,134,1,707.09,473,16.443953488372095,43,1,2011-07-28 14:08:00,2011-07-28 14:08:00,0,1.0,707.09,473.0,1,1
12456.0,44,3,3181.04,1633,25.44832,105,1,2011-03-30 09:12:00,2011-10-26 14:41:00,210,7.0,454.43,544.33,0,1
12459.0,605,1,454.36,258,19.754782608695653,23,1,2010-04-13 14:53:00,2010-04-13 14:53:00,0,1.0,454.36,258.0,1,1
12460.0,456,1,326.65,170,18.147222222222226,18,1,2010-09-09 13:51:00,2010-09-09 13:51:00,0,1.0,326.65,170.0,1,1
12462.0,19,2,1189.59,536,19.186935483870965,51,1,2011-02-09 14:44:00,2011-11-21 09:11:00,284,9.5,125.22,268.0,0,1
12463.0,53,4,1344.78,776,16.202168674698793,65,1,2011-04-12 12:47:00,2011-10-17 13:44:00,188,6.3,213.46,194.0,0,1
12465.0,17,2,742.19,479,15.791276595744682,46,1,2011-06-23 13:37:00,2011-11-22 16:34:00,152,5.1,145.53,239.5,0,1
12466.0,682,1,56.73,1,56.73,1,1,2010-01-26 16:26:00,2010-01-26 16:26:00,0,1.0,56.73,1.0,1,1
12467.0,423,1,132.8,129,14.755555555555556,9,1,2010-10-12 15:41:00,2010-10-12 15:41:00,0,1.0,132.8,129.0,1,1
12468.0,188,5,3670.74,2201,24.4716,127,1,2010-01-26 10:09:00,2011-06-05 11:36:00,495,16.5,222.47,440.2,1,1
12469.0,523,2,3070.54,2552,40.40184210526316,76,1,2010-06-21 10:30:00,2010-07-05 12:40:00,14,0.5,6141.08,1276.0,1,1
12470.0,690,1,211.95,95,9.215217391304348,23,1,2010-01-19 11:01:00,2010-01-19 11:01:00,0,1.0,211.95,95.0,1,1
12478.0,4,1,680.99,236,18.91638888888889,36,1,2011-12-06 09:56:00,2011-12-06 09:56:00,0,1.0,680.99,236.0,0,1
12479.0,11,1,527.2,385,17.006451612903227,31,1,2011-11-28 13:26:00,2011-11-28 13:26:00,0,1.0,527.2,385.0,0,1
12482.0,576,29,23691.4,27042,116.1343137254902,42,1,2010-02-24 10:24:00,2010-05-12 16:51:00,77,2.6,9112.08,932.48,1,1
12485.0,529,1,708.1,414,20.826470588235296,34,1,2010-06-28 15:22:00,2010-06-28 15:22:00,0,1.0,708.1,414.0,1,1
12486.0,432,1,1037.28,523,21.16897959183673,49,1,2010-10-04 12:14:00,2010-10-04 12:14:00,0,1.0,1037.28,523.0,1,1
12487.0,731,1,285.3,174,142.65,2,1,2009-12-09 11:36:00,2009-12-09 11:36:00,0,1.0,285.3,174.0,1,1
12489.0,336,1,334.93,105,22.328666666666667,15,1,2011-01-07 13:13:00,2011-01-07 13:13:00,0,1.0,334.93,105.0,1,1
12491.0,39,1,460.4,260,17.70769230769231,25,1,2011-11-01 12:18:00,2011-11-01 12:18:00,0,1.0,460.4,260.0,0,1
12493.0,166,2,433.74,207,19.715454545454545,20,1,2011-05-26 14:53:00,2011-06-27 10:17:00,31,1.0,433.74,103.5,1,1
12495.0,641,1,357.4,130,21.023529411764702,17,1,2010-03-09 10:53:00,2010-03-09 10:53:00,0,1.0,357.4,130.0,1,1
12496.0,620,2,45.34,30,4.534000000000001,10,1,2010-03-29 13:57:00,2010-03-29 14:06:00,0,1.0,45.34,15.0,1,1
12498.0,21,3,403.7000000000001,159,17.55217391304348,21,1,2011-10-13 09:30:00,2011-11-18 12:53:00,36,1.2,336.42,53.0,0,1
12499.0,560,1,393.72,302,14.582222222222224,27,1,2010-05-28 15:12:00,2010-05-28 15:12:00,0,1.0,393.72,302.0,1,1
12501.0,337,1,2169.39,1783,14.5596644295302,149,1,2011-01-07 12:28:00,2011-01-07 12:28:00,0,1.0,2169.39,1783.0,1,1
12502.0,96,5,3723.87,820,25.332448979591835,102,1,2011-02-03 10:41:00,2011-09-05 11:52:00,214,7.1,524.49,164.0,1,1
12503.0,584,1,1126.0,561,563.0,2,1,2010-05-04 13:59:00,2010-05-04 13:59:00,0,1.0,1126.0,561.0,1,1
12505.0,409,1,955.2,324,22.742857142857144,42,1,2010-10-27 09:18:00,2010-10-27 09:18:00,0,1.0,955.2,324.0,1,1
12506.0,233,1,73.5,23,3.1956521739130435,23,1,2011-04-21 08:54:00,2011-04-21 08:54:00,0,1.0,73.5,23.0,1,1
12507.0,134,4,1844.06,1256,37.6338775510204,46,1,2010-05-04 09:23:00,2011-07-28 17:09:00,450,15.0,122.94,314.0,1,1
12508.0,26,2,397.88,271,5.851176470588236,57,1,2011-11-10 16:27:00,2011-11-13 15:37:00,2,0.1,3978.8,135.5,0,1
12509.0,284,1,176.5,55,25.214285714285715,7,1,2011-02-28 14:45:00,2011-02-28 14:45:00,0,1.0,176.5,55.0,1,1
12510.0,143,9,5178.02,2049,35.71048275862069,94,1,2009-12-04 13:47:00,2011-07-20 10:15:00,592,19.7,262.84,227.67,1,1
12511.0,429,1,3084.02,1753,16.231684210526314,190,1,2010-10-07 10:39:00,2010-10-07 10:39:00,0,1.0,3084.02,1753.0,1,1
12512.0,66,2,132.18,96,4.263870967741935,31,1,2011-10-04 14:53:00,2011-10-04 14:55:00,0,1.0,132.18,48.0,0,1
12513.0,113,1,612.29,462,17.494,35,1,2011-08-19 10:51:00,2011-08-19 10:51:00,0,1.0,612.29,462.0,1,1
12514.0,267,2,1597.76,840,19.02095238095238,76,1,2010-03-08 12:18:00,2011-03-17 16:38:00,374,12.5,127.82,420.0,1,1
12515.0,353,1,383.7,131,23.98125,16,1,2010-12-21 15:43:00,2010-12-21 15:43:00,0,1.0,383.7,131.0,1,1
12521.0,143,1,599.68,309,15.781052631578946,38,1,2011-07-20 10:51:00,2011-07-20 10:51:00,0,1.0,599.68,309.0,1,1
12525.0,498,3,973.73,509,16.228833333333334,56,1,2010-03-02 14:01:00,2010-07-29 16:08:00,149,5.0,194.75,169.67,1,1
12527.0,82,5,735.51,526,22.9846875,26,1,2010-06-28 15:37:00,2011-09-19 11:55:00,447,14.9,49.36,105.2,0,1
12528.0,9,6,1933.48,756,21.01608695652174,50,1,2011-01-31 09:05:00,2011-11-30 14:40:00,303,10.1,191.43,126.0,0,1
12529.0,528,1,316.48,192,15.07047619047619,21,1,2010-06-29 13:10:00,2010-06-29 13:10:00,0,1.0,316.48,192.0,1,1
12532.0,30,1,349.83000000000004,153,21.864375000000003,16,1,2011-11-09 13:47:00,2011-11-09 13:47:00,0,1.0,349.83,153.0,0,1
12533.0,628,2,1367.89,704,18.998472222222222,63,1,2009-12-01 11:50:00,2010-03-22 10:56:00,110,3.7,369.7,352.0,1,1
12534.0,131,1,1089.18,651,17.28857142857143,63,1,2011-08-01 10:26:00,2011-08-01 10:26:00,0,1.0,1089.18,651.0,1,1
12535.0,92,2,716.35,219,21.069117647058825,28,1,2011-06-06 12:47:00,2011-09-09 08:48:00,94,3.1,231.08,109.5,1,1
12537.0,409,1,732.94,449,17.04511627906977,43,1,2010-10-27 08:36:00,2010-10-27 08:36:00,0,1.0,732.94,449.0,1,1
12541.0,30,3,981.18,680,18.868846153846157,46,1,2011-03-04 09:32:00,2011-11-10 10:40:00,251,8.4,116.81,226.67,0,1
12542.0,484,2,481.88,522,12.355897435897436,39,1,2010-03-09 16:26:00,2010-08-12 19:12:00,156,5.2,92.67,261.0,1,1
12543.0,448,1,980.25,688,22.796511627906977,43,1,2010-09-17 15:51:00,2010-09-17 15:51:00,0,1.0,980.25,688.0,1,1
12544.0,36,1,372.7,136,19.61578947368421,19,1,2011-11-03 16:15:00,2011-11-03 16:15:00,0,1.0,372.7,136.0,0,1
12545.0,75,2,1000.39,523,20.0078,42,1,2011-03-25 12:04:00,2011-09-25 13:39:00,184,6.1,164.0,261.5,0,1
12547.0,198,3,383.58,309,18.265714285714285,13,1,2010-07-27 13:55:00,2011-05-26 12:38:00,302,10.1,37.98,103.0,1,1
12548.0,166,1,95.2,49,19.04,5,1,2011-06-26 15:35:00,2011-06-26 15:35:00,0,1.0,95.2,49.0,1,1
12549.0,576,6,1575.68,1366,32.15673469387755,38,1,2010-01-11 12:29:00,2010-05-13 12:05:00,121,4.0,393.92,227.67,1,1
12550.0,79,1,964.83,569,16.92684210526316,57,1,2011-09-21 14:35:00,2011-09-21 14:35:00,0,1.0,964.83,569.0,0,1
12551.0,358,1,168.0,100,16.8,10,1,2010-12-17 11:23:00,2010-12-17 11:23:00,0,1.0,168.0,100.0,1,1
12552.0,39,2,437.82,88,21.891,20,1,2011-10-31 12:11:00,2011-11-01 10:02:00,0,1.0,437.82,44.0,0,1
12554.0,449,1,468.5,240,18.01923076923077,26,1,2010-09-17 12:29:00,2010-09-17 12:29:00,0,1.0,468.5,240.0,1,1
12555.0,682,1,129.23,1,129.23,1,1,2010-01-26 16:26:00,2010-01-26 16:26:00,0,1.0,129.23,1.0,1,1
12556.0,50,2,599.56,355,5.038319327731092,100,1,2011-07-11 13:35:00,2011-10-20 13:06:00,100,3.3,181.68,177.5,0,1
12558.0,8,1,269.96,196,24.54181818181818,11,1,2011-12-02 10:41:00,2011-12-02 10:41:00,0,1.0,269.96,196.0,0,1
12559.0,311,2,561.71,283,26.74809523809524,21,1,2011-01-24 10:12:00,2011-02-02 09:49:00,8,0.3,1872.37,141.5,1,1
12560.0,5,3,2134.01,1110,20.323904761904764,91,1,2011-07-19 15:55:00,2011-12-04 13:54:00,137,4.6,463.92,370.0,0,1
12561.0,303,1,238.85,177,14.928125,16,1,2011-02-10 11:39:00,2011-02-10 11:39:00,0,1.0,238.85,177.0,1,1
12563.0,409,1,249.24,113,19.17230769230769,13,1,2010-10-27 09:52:00,2010-10-27 09:52:00,0,1.0,249.24,113.0,1,1
12564.0,261,1,456.9,133,21.75714285714286,21,1,2011-03-23 14:55:00,2011-03-23 14:55:00,0,1.0,456.9,133.0,1,1
12565.0,289,1,145.92000000000002,80,16.213333333333335,9,1,2011-02-24 10:34:00,2011-02-24 10:34:00,0,1.0,145.92,80.0,1,1
12566.0,86,1,351.65,265,18.507894736842104,19,1,2011-09-14 14:30:00,2011-09-14 14:30:00,0,1.0,351.65,265.0,0,1
12568.0,645,1,70.0,48,14.0,5,1,2010-03-05 09:15:00,2010-03-05 09:15:00,0,1.0,70.0,48.0,1,1
12570.0,682,1,77.52,1,77.52,1,1,2010-01-26 17:28:00,2010-01-26 17:28:00,0,1.0,77.52,1.0,1,1
12571.0,40,2,519.61,523,15.28264705882353,31,1,2011-08-10 12:35:00,2011-10-31 10:19:00,81,2.7,192.45,261.5,0,1
12573.0,227,5,717.41,479,6.028655462184874,107,1,2010-08-31 17:25:00,2011-04-26 15:52:00,237,7.9,90.81,95.8,1,1
12574.0,316,1,218.45,61,19.85909090909091,11,1,2011-01-28 09:20:00,2011-01-28 09:20:00,0,1.0,218.45,61.0,1,1
12575.0,457,2,622.82,315,16.39,34,1,2010-07-01 09:15:00,2010-09-08 13:09:00,69,2.3,270.79,157.5,1,1
12579.0,78,1,440.42,285,15.18689655172414,29,1,2011-09-22 17:15:00,2011-09-22 17:15:00,0,1.0,440.42,285.0,0,1
12580.0,247,2,1052.9,569,18.153448275862072,52,1,2010-05-12 11:45:00,2011-04-07 10:24:00,329,11.0,95.72,284.5,1,1
12581.0,40,1,197.71,161,13.180666666666667,15,1,2011-10-31 08:56:00,2011-10-31 08:56:00,0,1.0,197.71,161.0,0,1
12582.0,239,4,1980.4,985,19.22718446601942,88,1,2010-05-11 09:55:00,2011-04-15 08:45:00,338,11.3,175.26,246.25,1,1
12585.0,234,2,2040.1,1279,23.44942528735632,77,1,2010-12-23 12:58:00,2011-04-19 13:39:00,117,3.9,523.1,639.5,1,1
12587.0,8,1,144.0,51,36.0,4,1,2011-12-02 12:47:00,2011-12-02 12:47:00,0,1.0,144.0,51.0,0,1
12590.0,211,2,9864.26,4283,145.06264705882353,68,1,2011-05-12 14:46:00,2011-05-12 14:52:00,0,1.0,9864.26,2141.5,1,1
12592.0,92,5,2582.66,1875,31.88469135802469,42,1,2010-07-08 14:06:00,2011-09-08 15:04:00,427,14.2,181.88,375.0,1,1
12593.0,109,3,418.1,206,19.90952380952381,14,1,2011-05-05 09:29:00,2011-08-23 12:43:00,110,3.7,113.0,68.67,1,1
12595.0,505,1,299.02,271,15.737894736842104,19,1,2010-07-23 09:10:00,2010-07-23 09:10:00,0,1.0,299.02,271.0,1,1
12596.0,51,2,618.27,474,22.898888888888887,25,1,2011-04-11 13:22:00,2011-10-19 13:02:00,190,6.3,98.14,237.0,0,1
12601.0,190,6,681.26,290,20.03705882352941,24,1,2010-10-31 10:57:00,2011-06-03 10:17:00,214,7.1,95.95,48.33,1,1
12602.0,59,1,153.12,162,12.76,12,1,2011-10-12 11:22:00,2011-10-12 11:22:00,0,1.0,153.12,162.0,0,1
12603.0,22,1,739.1999999999999,63,369.6,2,1,2011-11-18 10:42:00,2011-11-18 10:42:00,0,1.0,739.2,63.0,0,1
12604.0,79,2,254.18,201,15.88625,15,1,2011-03-23 12:06:00,2011-09-21 14:08:00,182,6.1,41.67,100.5,0,1
12606.0,682,1,21.0,1,21.0,1,1,2010-01-26 16:23:00,2010-01-26 16:23:00,0,1.0,21.0,1.0,1,1
12607.0,60,1,1579.51,1228,15.63871287128713,101,1,2011-10-10 16:06:00,2011-10-10 16:06:00,0,1.0,1579.51,1228.0,0,1
12608.0,405,1,415.79,323,25.986875,16,1,2010-10-31 10:49:00,2010-10-31 10:49:00,0,1.0,415.79,323.0,1,1
12611.0,52,1,1193.32,846,18.35876923076923,65,1,2011-10-18 13:12:00,2011-10-18 13:12:00,0,1.0,1193.32,846.0,0,1
12612.0,74,1,704.04,262,37.054736842105264,19,1,2011-09-26 15:35:00,2011-09-26 15:35:00,0,1.0,704.04,262.0,0,1
12614.0,278,1,315.6,76,15.78,20,1,2011-03-07 10:22:00,2011-03-07 10:22:00,0,1.0,315.6,76.0,1,1
12616.0,95,3,1131.1,498,20.946296296296296,32,1,2010-11-16 11:38:00,2011-09-05 15:17:00,293,9.8,115.42,166.0,1,1
12617.0,29,1,352.98,210,8.609268292682927,39,1,2011-11-10 14:39:00,2011-11-10 14:39:00,0,1.0,352.98,210.0,0,1
12618.0,22,1,177.31,96,16.11909090909091,11,1,2011-11-18 11:10:00,2011-11-18 11:10:00,0,1.0,177.31,96.0,0,1
12622.0,232,1,180.1,69,16.37272727272727,11,1,2011-04-21 16:39:00,2011-04-21 16:39:00,0,1.0,180.1,69.0,1,1
12624.0,106,2,641.13,355,16.87184210526316,36,1,2011-06-15 12:34:00,2011-08-25 15:04:00,71,2.4,267.14,177.5,1,1
12625.0,212,4,5164.88,3309,28.22338797814208,144,1,2010-04-22 11:33:00,2011-05-12 09:54:00,384,12.8,403.51,827.25,1,1
12629.0,386,2,1558.22,722,34.62711111111111,40,1,2010-10-12 16:40:00,2010-11-19 09:18:00,37,1.2,1298.52,361.0,1,1
12632.0,521,2,804.88,694,22.99657142857143,32,1,2010-05-24 09:07:00,2010-07-07 09:39:00,44,1.5,536.59,347.0,1,1
12634.0,536,2,490.0,337,24.5,20,1,2010-06-09 15:41:00,2010-06-22 10:05:00,12,0.4,1225.0,168.5,1,1
12636.0,739,1,141.0,1,141.0,1,1,2009-12-01 09:55:00,2009-12-01 09:55:00,0,1.0,141.0,1.0,1,1
12639.0,239,3,1312.37,631,20.50578125,58,1,2010-03-22 09:05:00,2011-04-15 12:48:00,389,13.0,100.95,210.33,1,1
12641.0,115,1,185.9,72,18.59,10,1,2011-08-16 13:26:00,2011-08-16 13:26:00,0,1.0,185.9,72.0,1,1
12642.0,25,3,1013.26,552,21.55872340425532,39,1,2011-08-24 09:23:00,2011-11-14 15:03:00,82,2.7,375.28,184.0,0,1
12643.0,128,12,8304.82,4665,162.83960784313726,14,1,2010-04-07 14:16:00,2011-08-03 12:56:00,482,16.1,515.83,388.75,1,1
12646.0,5,2,1346.97,897,29.932666666666663,43,1,2011-10-21 12:52:00,2011-12-05 10:14:00,44,1.5,897.98,448.5,0,1
12650.0,3,1,314.44,254,15.722,20,1,2011-12-06 16:34:00,2011-12-06 16:34:00,0,1.0,314.44,254.0,0,1
12651.0,335,4,377.75,265,12.591666666666669,30,1,2010-08-31 15:21:00,2011-01-09 12:46:00,130,4.3,87.85,66.25,1,1
12652.0,331,2,1017.03,536,19.94176470588236,51,2,2010-10-01 15:16:00,2011-01-12 15:00:00,102,3.4,299.13,268.0,1,1
12653.0,149,3,4160.83,1681,48.38174418604651,76,1,2010-07-01 09:56:00,2011-07-14 10:41:00,378,12.6,330.22,560.33,1,1
12654.0,11,5,601.98,264,15.841578947368422,31,1,2011-02-17 13:16:00,2011-11-29 10:10:00,284,9.5,63.37,52.8,0,1
12655.0,424,1,261.35,80,16.334375,16,1,2010-10-12 09:17:00,2010-10-12 09:17:00,0,1.0,261.35,80.0,1,1
12658.0,19,1,686.05,320,19.056944444444444,36,1,2011-11-21 10:22:00,2011-11-21 10:22:00,0,1.0,686.05,320.0,0,1
12659.0,30,1,91.68,105,18.336,5,1,2011-11-10 11:53:00,2011-11-10 11:53:00,0,1.0,91.68,105.0,0,1
12660.0,11,1,245.1,127,18.85384615384616,13,1,2011-11-28 13:26:00,2011-11-28 13:26:00,0,1.0,245.1,127.0,0,1
12661.0,436,1,162.0,216,14.727272727272728,11,1,2010-09-29 16:46:00,2010-09-29 16:46:00,0,1.0,162.0,216.0,1,1
12663.0,625,2,239.4,181,23.94,9,1,2010-02-09 14:28:00,2010-03-25 09:40:00,43,1.4,171.0,90.5,1,1
12665.0,325,3,313.6,165,18.447058823529414,13,1,2010-02-08 15:11:00,2011-01-19 08:34:00,344,11.5,27.27,55.0,1,1
12666.0,394,1,1248.42,370,40.27161290322581,31,1,2010-11-10 16:40:00,2010-11-10 16:40:00,0,1.0,1248.42,370.0,1,1
12667.0,58,1,620.13,395,18.791818181818183,33,1,2011-10-12 17:00:00,2011-10-12 17:00:00,0,1.0,620.13,395.0,0,1
12669.0,151,3,2744.03,1115,27.16861386138613,98,1,2011-03-28 10:15:00,2011-07-12 09:54:00,105,3.5,784.01,371.67,1,1
12671.0,606,1,2622.481,1460,58.27735555555556,45,1,2010-04-12 16:30:00,2010-04-12 16:30:00,0,1.0,2622.48,1460.0,1,1
12672.0,330,2,437.05,138,19.86590909090909,22,1,2010-04-23 09:57:00,2011-01-14 09:20:00,265,8.8,49.66,69.0,1,1
12675.0,554,2,957.25,336,8.546875,111,1,2010-05-10 16:44:00,2010-06-04 09:49:00,24,0.8,1196.56,168.0,1,1
12677.0,555,2,395.1,176,18.81428571428572,13,1,2010-02-11 13:55:00,2010-06-02 14:30:00,111,3.7,106.78,88.0,1,1
12679.0,59,4,1113.02,554,23.187916666666663,43,1,2011-03-01 12:26:00,2011-10-12 12:30:00,225,7.5,148.4,138.5,0,1
12680.0,1,4,880.81,444,16.619056603773583,33,1,2011-08-18 15:44:00,2011-12-09 12:50:00,112,3.7,238.06,111.0,0,1
12686.0,372,1,89.14,107,12.734285714285717,7,1,2010-12-03 09:51:00,2010-12-03 09:51:00,0,1.0,89.14,107.0,1,1
12687.0,481,2,2138.91,1403,16.97547619047619,126,1,2010-08-16 12:10:00,2010-08-16 12:12:00,0,1.0,2138.91,701.5,1,1
12688.0,114,1,4873.81,3028,28.50181286549708,171,1,2011-08-18 08:49:00,2011-08-18 08:49:00,0,1.0,4873.81,3028.0,1,1
12689.0,26,2,1247.61,628,17.327916666666667,57,1,2011-08-04 10:04:00,2011-11-14 08:31:00,101,3.4,366.94,314.0,0,1
12690.0,206,1,389.01,106,24.313125,16,1,2011-05-18 09:09:00,2011-05-18 09:09:00,0,1.0,389.01,106.0,1,1
12692.0,637,1,110.95,36,8.534615384615385,13,1,2010-03-12 14:02:00,2010-03-12 14:02:00,0,1.0,110.95,36.0,1,1
12693.0,127,7,1703.02,536,21.557215189873418,63,1,2010-07-05 13:56:00,2011-08-04 17:51:00,395,13.2,129.02,76.57,1,1
12696.0,435,2,851.91,564,17.38591836734694,43,1,2010-07-19 10:02:00,2010-10-01 10:43:00,74,2.5,340.76,282.0,1,1
12697.0,29,3,957.59,508,23.355853658536585,37,1,2011-06-23 15:44:00,2011-11-11 08:47:00,140,4.7,203.74,169.33,0,1
12698.0,590,1,339.75,111,21.234375,16,1,2010-04-28 15:51:00,2010-04-28 15:51:00,0,1.0,339.75,111.0,1,1
12699.0,418,1,638.11,373,15.563658536585368,41,1,2010-10-18 12:07:00,2010-10-18 12:07:00,0,1.0,638.11,373.0,1,1
12702.0,20,1,219.0,53,18.25,12,1,2011-11-20 10:36:00,2011-11-20 10:36:00,0,1.0,219.0,53.0,0,1
12707.0,292,1,603.42,256,18.285454545454545,33,1,2011-02-21 08:38:00,2011-02-21 08:38:00,0,1.0,603.42,256.0,1,1
12710.0,97,3,1149.02,851,14.922337662337664,75,1,2011-05-22 14:05:00,2011-09-04 12:00:00,104,3.5,328.29,283.67,1,1
12711.0,612,2,1339.05,770,22.3175,56,1,2010-02-01 11:30:00,2010-04-07 11:59:00,65,2.2,608.66,385.0,1,1
12713.0,1,1,848.55,508,22.33026315789473,38,1,2011-12-09 12:16:00,2011-12-09 12:16:00,0,1.0,848.55,508.0,0,1
12715.0,106,1,343.36,192,17.168,20,1,2011-08-25 15:22:00,2011-08-25 15:22:00,0,1.0,343.36,192.0,1,1
12716.0,4,2,1053.49,708,15.267971014492751,60,1,2011-07-29 13:28:00,2011-12-06 08:55:00,129,4.3,245.0,354.0,0,1
12717.0,151,3,1308.91,600,18.435352112676057,60,1,2010-04-28 14:34:00,2011-07-11 14:47:00,439,14.6,89.65,200.0,1,1
12718.0,71,1,238.25,203,12.539473684210526,19,1,2011-09-29 16:38:00,2011-09-29 16:38:00,0,1.0,238.25,203.0,0,1
12719.0,5,2,644.95,374,16.53717948717949,34,1,2011-10-05 14:50:00,2011-12-04 13:45:00,59,2.0,322.48,187.0,0,1
12725.0,371,4,2266.76,1142,21.3845283018868,92,1,2010-05-04 13:59:00,2010-12-03 15:45:00,213,7.1,319.26,285.5,1,1
12728.0,71,5,1070.17,543,17.54377049180328,48,1,2010-11-21 11:34:00,2011-09-29 15:31:00,312,10.4,102.9,108.6,0,1
12729.0,114,1,453.01,233,17.423461538461538,26,1,2011-08-18 11:40:00,2011-08-18 11:40:00,0,1.0,453.01,233.0,1,1
12730.0,522,1,829.25,234,17.643617021276597,47,1,2010-07-06 12:19:00,2010-07-06 12:19:00,0,1.0,829.25,234.0,1,1
12732.0,180,1,236.26,111,19.688333333333336,12,1,2011-06-13 11:33:00,2011-06-13 11:33:00,0,1.0,236.26,111.0,1,1
12733.0,234,4,2424.87,896,15.445031847133755,117,1,2010-01-19 13:23:00,2011-04-19 16:19:00,455,15.2,159.53,224.0,1,1
12734.0,353,3,639.65,265,33.66578947368421,17,1,2010-11-12 13:26:00,2010-12-22 12:47:00,39,1.3,492.04,88.33,1,1
12735.0,315,2,779.5699999999999,368,18.12953488372093,38,1,2011-01-06 14:26:00,2011-01-28 13:37:00,21,0.7,1113.67,184.0,1,1
12736.0,333,1,234.0,173,58.5,4,1,2011-01-11 07:57:00,2011-01-11 07:57:00,0,1.0,234.0,173.0,1,1
12737.0,499,2,3710.5,2,1855.25,2,1,2010-07-29 12:27:00,2010-07-29 12:29:00,0,1.0,3710.5,1.0,1,1
12738.0,372,1,155.35,148,14.122727272727271,11,1,2010-12-02 18:27:00,2010-12-02 18:27:00,0,1.0,155.35,148.0,1,1
12739.0,78,4,2726.73,951,30.63741573033708,85,1,2010-11-10 14:27:00,2011-09-22 13:00:00,315,10.5,259.69,237.75,0,1
12740.0,64,1,427.6,342,15.837037037037035,27,1,2011-10-07 10:44:00,2011-10-07 10:44:00,0,1.0,427.6,342.0,0,1
12741.0,529,2,406.07,214,25.379375,16,1,2010-06-24 16:24:00,2010-06-28 14:36:00,3,0.1,4060.7,107.0,1,1
12742.0,626,1,1201.52,1359,17.933134328358207,67,1,2010-03-24 12:43:00,2010-03-24 12:43:00,0,1.0,1201.52,1359.0,1,1
12743.0,134,2,540.13,315,4.123129770992366,114,1,2011-07-28 16:06:00,2011-07-28 16:21:00,0,1.0,540.13,157.5,1,1
12745.0,487,3,925.41,468,40.235217391304346,21,2,2010-01-26 16:22:00,2010-08-10 10:14:00,195,6.5,142.37,156.0,1,1
12746.0,541,1,254.55,97,14.973529411764709,17,1,2010-06-17 10:41:00,2010-06-17 10:41:00,0,1.0,254.55,97.0,1,1
12750.0,129,1,275.88,137,18.392,15,1,2011-08-03 09:13:00,2011-08-03 09:13:00,0,1.0,275.88,137.0,1,1
12751.0,445,1,268.27,189,4.326935483870967,61,1,2010-09-21 12:49:00,2010-09-21 12:49:00,0,1.0,268.27,189.0,1,1
12752.0,81,1,4366.78,2262,82.3920754716981,53,1,2011-09-19 13:32:00,2011-09-19 13:32:00,0,1.0,4366.78,2262.0,0,1
12754.0,236,3,3010.74,6481,47.78952380952381,49,1,2011-02-04 10:31:00,2011-04-18 09:00:00,72,2.4,1254.47,2160.33,1,1
12756.0,87,1,112.08,144,28.02,4,1,2011-09-14 09:31:00,2011-09-14 09:31:00,0,1.0,112.08,144.0,0,1
12758.0,117,7,9903.24,6155,31.639744408945685,187,1,2009-12-01 14:40:00,2011-08-15 10:22:00,621,20.7,478.42,879.29,1,1
12760.0,456,1,347.8,198,16.561904761904763,21,1,2010-09-10 08:50:00,2010-09-10 08:50:00,0,1.0,347.8,198.0,1,1
12761.0,458,2,782.95,281,28.99814814814815,27,1,2010-09-01 10:47:00,2010-09-08 12:17:00,7,0.2,3914.75,140.5,1,1
12763.0,138,2,494.08,316,27.448888888888888,16,1,2010-12-05 15:46:00,2011-07-24 14:12:00,230,7.7,64.17,158.0,1,1
12764.0,317,1,1693.88,386,37.64177777777778,45,1,2011-01-27 10:19:00,2011-01-27 10:19:00,0,1.0,1693.88,386.0,1,1
12767.0,376,1,949.82,598,22.088837209302326,43,1,2010-11-29 09:38:00,2010-11-29 09:38:00,0,1.0,949.82,598.0,1,1
12768.0,451,1,168.69,102,16.869,10,1,2010-09-15 12:08:00,2010-09-15 12:08:00,0,1.0,168.69,102.0,1,1
12769.0,239,1,1143.6,356,35.7375,32,1,2011-04-15 10:25:00,2011-04-15 10:25:00,0,1.0,1143.6,356.0,1,1
12770.0,211,2,3246.45,1843,115.94464285714284,19,1,2010-09-09 11:43:00,2011-05-13 09:33:00,245,8.2,395.91,921.5,1,1
12771.0,486,1,282.3,104,18.82,15,1,2010-08-11 11:51:00,2010-08-11 11:51:00,0,1.0,282.3,104.0,1,1
12772.0,60,1,892.47,556,16.226727272727274,55,1,2011-10-11 09:19:00,2011-10-11 09:19:00,0,1.0,892.47,556.0,0,1
12773.0,564,1,124.25,109,20.70833333333333,6,1,2010-05-24 17:30:00,2010-05-24 17:30:00,0,1.0,124.25,109.0,1,1
12774.0,536,1,98.7,53,16.45,6,1,2010-06-22 10:38:00,2010-06-22 10:38:00,0,1.0,98.7,53.0,1,1
12776.0,668,1,55.5,46,13.875,4,1,2010-02-10 12:11:00,2010-02-10 12:11:00,0,1.0,55.5,46.0,1,1
12777.0,458,1,519.45,458,19.97884615384616,26,1,2010-09-08 11:35:00,2010-09-08 11:35:00,0,1.0,519.45,458.0,1,1
12780.0,599,1,337.4,285,16.869999999999997,20,1,2010-04-20 09:40:00,2010-04-20 09:40:00,0,1.0,337.4,285.0,1,1
12781.0,64,2,826.74,671,33.0696,25,1,2011-02-28 08:43:00,2011-10-07 10:37:00,221,7.4,111.72,335.5,0,1
12785.0,364,3,1100.4,453,19.65,42,1,2009-12-08 13:56:00,2010-12-10 13:48:00,366,12.2,90.2,151.0,1,1
12786.0,610,1,728.5000000000001,324,40.47222222222223,18,1,2010-04-09 12:12:00,2010-04-09 12:12:00,0,1.0,728.5,324.0,1,1
12788.0,463,4,444.9,194,17.111538461538462,20,1,2010-06-29 13:05:00,2010-09-02 14:21:00,65,2.2,202.23,48.5,1,1
12790.0,192,2,591.85,306,15.995945945945946,36,1,2010-10-25 13:04:00,2011-05-31 14:14:00,218,7.3,81.08,153.0,1,1
12791.0,374,6,863.51,353,30.839642857142856,17,1,2010-03-25 17:29:00,2010-12-01 11:27:00,250,8.3,104.04,58.83,1,1
12792.0,257,2,827.01,394,17.59595744680851,39,1,2010-06-23 10:49:00,2011-03-28 11:36:00,278,9.3,88.93,197.0,1,1
12795.0,19,1,430.48,68,30.74857142857143,14,1,2011-11-21 10:27:00,2011-11-21 10:27:00,0,1.0,430.48,68.0,0,1
12796.0,628,1,381.0,182,54.42857142857143,7,1,2010-03-21 15:49:00,2010-03-21 15:49:00,0,1.0,381.0,182.0,1,1
12797.0,366,2,552.08,215,18.40266666666667,27,1,2010-10-11 12:53:00,2010-12-09 10:55:00,58,1.9,290.57,107.5,1,1
12799.0,529,1,219.35,137,14.623333333333331,15,1,2010-06-28 15:57:00,2010-06-28 15:57:00,0,1.0,219.35,137.0,1,1
12800.0,470,3,584.25,284,17.183823529411764,31,1,2010-02-01 11:02:00,2010-08-26 14:11:00,206,6.9,84.67,94.67,1,1
12801.0,501,1,1071.82,505,21.4364,50,1,2010-07-27 09:38:00,2010-07-27 09:38:00,0,1.0,1071.82,505.0,1,1
12803.0,393,1,1092.81,872,19.86927272727273,55,1,2010-11-11 14:57:00,2010-11-11 14:57:00,0,1.0,1092.81,872.0,1,1
12804.0,466,2,325.37,270,4.929848484848485,60,1,2010-07-27 13:52:00,2010-08-31 11:58:00,34,1.1,295.79,135.0,1,1
12805.0,382,4,1434.95,593,24.74051724137931,44,1,2010-02-03 09:06:00,2010-11-23 12:27:00,293,9.8,146.42,148.25,1,1
12806.0,435,4,2878.96,2087,42.96955223880597,58,1,2010-04-30 10:44:00,2010-09-30 13:34:00,153,5.1,564.5,521.75,1,1
12807.0,383,1,330.35,145,20.646875,16,1,2010-11-21 14:21:00,2010-11-21 14:21:00,0,1.0,330.35,145.0,1,1
12809.0,178,3,1755.94,518,21.67827160493827,75,1,2010-03-02 14:19:00,2011-06-15 10:51:00,469,15.6,112.56,172.67,1,1
12810.0,535,2,534.99,389,16.7184375,32,1,2010-02-01 09:52:00,2010-06-23 10:53:00,142,4.7,113.83,194.5,1,1
12811.0,261,5,1033.9,435,18.4625,47,1,2010-10-08 12:20:00,2011-03-24 09:42:00,166,5.5,187.98,87.0,1,1
12812.0,45,1,229.64,164,15.309333333333337,15,1,2011-10-26 09:54:00,2011-10-26 09:54:00,0,1.0,229.64,164.0,0,1
12813.0,502,3,1687.8,1141,37.50666666666667,37,1,2010-01-15 16:52:00,2010-07-26 09:50:00,191,6.4,263.72,380.33,1,1
12814.0,102,1,125.92,49,62.96,2,1,2011-08-30 12:11:00,2011-08-30 12:11:00,0,1.0,125.92,49.0,1,1
12816.0,96,2,572.2,128,19.731034482758623,27,1,2011-06-16 13:24:00,2011-09-05 12:41:00,80,2.7,211.93,64.0,1,1
12817.0,281,3,690.98,219,27.6392,16,1,2010-10-01 08:57:00,2011-03-03 16:28:00,153,5.1,135.49,73.0,1,1
12818.0,262,1,1542.08,929,110.14857142857144,14,1,2011-03-23 12:06:00,2011-03-23 12:06:00,0,1.0,1542.08,929.0,1,1
12819.0,458,1,540.52,344,28.448421052631577,19,1,2010-09-07 15:20:00,2010-09-07 15:20:00,0,1.0,540.52,344.0,1,1
12821.0,214,2,220.8,162,16.984615384615385,13,1,2010-04-07 15:14:00,2011-05-09 15:51:00,397,13.2,16.73,81.0,1,1
12824.0,60,1,397.12,232,15.8848,25,1,2011-10-11 12:49:00,2011-10-11 12:49:00,0,1.0,397.12,232.0,0,1
12825.0,521,2,518.63,139,21.609583333333333,20,1,2010-03-08 10:17:00,2010-07-06 13:56:00,120,4.0,129.66,69.5,1,1
12827.0,6,3,430.15,197,17.206,19,1,2011-10-26 15:44:00,2011-12-04 12:17:00,38,1.3,330.88,65.67,0,1
12829.0,337,3,385.3,550,20.27894736842105,17,1,2010-06-07 15:04:00,2011-01-07 11:13:00,213,7.1,54.27,183.33,1,1
12831.0,262,3,451.11,303,20.505,16,1,2010-09-02 15:58:00,2011-03-22 13:02:00,200,6.7,67.33,101.0,1,1
12832.0,32,2,383.03,195,14.186296296296298,27,1,2011-09-02 13:48:00,2011-11-07 13:30:00,65,2.2,174.1,97.5,0,1
12833.0,145,1,417.38,156,17.390833333333333,24,1,2011-07-17 13:46:00,2011-07-17 13:46:00,0,1.0,417.38,156.0,1,1
12834.0,283,1,312.38,110,17.354444444444443,18,1,2011-03-02 09:49:00,2011-03-02 09:49:00,0,1.0,312.38,110.0,1,1
12835.0,428,41,5996.83,2349,9.750943089430894,138,1,2009-12-03 12:13:00,2010-10-08 10:59:00,308,10.3,582.22,57.29,1,1
12837.0,173,2,662.66,194,7.530227272727273,83,1,2010-05-19 15:10:00,2011-06-19 16:07:00,396,13.2,50.2,97.0,1,1
12845.0,267,4,354.09000000000003,204,13.114444444444446,26,1,2011-02-22 14:10:00,2011-03-17 13:34:00,22,0.7,505.84,51.0,1,1
12846.0,682,1,15.58,1,15.58,1,1,2010-01-26 16:29:00,2010-01-26 16:29:00,0,1.0,15.58,1.0,1,1
12848.0,676,1,208.0,58,13.0,16,1,2010-02-02 12:45:00,2010-02-02 12:45:00,0,1.0,208.0,58.0,1,1
12850.0,446,1,330.0,200,165.0,2,1,2010-09-20 12:26:00,2010-09-20 12:26:00,0,1.0,330.0,200.0,1,1
12851.0,97,2,280.76,157,3.6462337662337663,71,1,2010-08-19 15:13:00,2011-09-04 12:41:00,380,12.7,22.11,78.5,1,1
12852.0,295,1,311.55,149,18.326470588235296,17,1,2011-02-18 08:47:00,2011-02-18 08:47:00,0,1.0,311.55,149.0,1,1
12853.0,135,11,3907.5,1668,26.402027027027028,111,1,2010-02-05 11:57:00,2011-07-28 11:29:00,537,17.9,218.3,151.64,1,1
12855.0,373,4,612.84,240,9.146865671641793,65,1,2010-11-02 18:16:00,2010-12-02 09:37:00,29,1.0,612.84,60.0,1,1
12857.0,211,6,3688.0,1420,30.479338842975206,71,1,2010-01-25 15:37:00,2011-05-13 10:20:00,472,15.7,234.9,236.67,1,1
12858.0,383,1,147.27,51,3.980270270270271,36,1,2010-11-21 12:55:00,2010-11-21 12:55:00,0,1.0,147.27,51.0,1,1
12859.0,459,1,575.1,292,27.38571428571429,21,1,2010-09-07 12:20:00,2010-09-07 12:20:00,0,1.0,575.1,292.0,1,1
12860.0,693,1,54.22,26,3.38875,16,1,2010-01-15 15:22:00,2010-01-15 15:22:00,0,1.0,54.22,26.0,1,1
12861.0,620,1,68.25,27,17.0625,4,1,2010-03-30 11:39:00,2010-03-30 11:39:00,0,1.0,68.25,27.0,1,1
12862.0,426,2,984.62,611,7.51618320610687,119,1,2010-08-01 15:20:00,2010-10-10 11:47:00,69,2.3,428.1,305.5,1,1
12864.0,138,2,299.57,447,42.79571428571428,5,1,2010-07-19 17:22:00,2011-07-24 13:03:00,369,12.3,24.36,223.5,1,1
12866.0,283,3,1227.35,553,19.48174603174603,58,1,2010-07-25 11:37:00,2011-03-01 14:11:00,219,7.3,168.13,184.33,1,1
12869.0,682,1,337.67,144,9.126216216216216,35,1,2010-01-27 12:10:00,2010-01-27 12:10:00,0,1.0,337.67,144.0,1,1
12870.0,375,3,1676.95,906,18.031720430107526,85,1,2010-03-25 14:32:00,2010-11-29 13:42:00,248,8.3,202.04,302.0,1,1
12873.0,282,3,2027.3,786,57.92285714285714,33,1,2010-01-27 09:50:00,2011-03-02 14:58:00,399,13.3,152.43,262.0,1,1
12874.0,385,2,948.42,623,19.75875,44,1,2010-06-03 12:51:00,2010-11-19 15:23:00,169,5.6,169.36,311.5,1,1
12875.0,143,5,1356.9900000000002,5187,169.62375000000003,2,1,2010-01-11 12:37:00,2011-07-19 15:30:00,554,18.5,73.35,1037.4,1,1
12878.0,236,2,854.99,547,18.19127659574468,38,1,2011-03-18 14:02:00,2011-04-17 13:07:00,29,1.0,854.99,273.5,1,1
12879.0,45,3,573.22,370,57.322,7,1,2011-09-09 12:11:00,2011-10-26 12:24:00,47,1.6,358.26,123.33,0,1
12880.0,382,2,640.13,279,17.781388888888888,32,1,2010-05-14 11:57:00,2010-11-23 10:50:00,192,6.4,100.02,139.5,1,1
12881.0,276,1,298.0,21,42.57142857142857,7,1,2011-03-09 11:44:00,2011-03-09 11:44:00,0,1.0,298.0,21.0,1,1
12884.0,88,1,309.05,43,44.15,7,1,2011-09-12 13:10:00,2011-09-12 13:10:00,0,1.0,309.05,43.0,0,1
12887.0,384,1,222.4,100,17.107692307692307,13,1,2010-11-21 11:18:00,2010-11-21 11:18:00,0,1.0,222.4,100.0,1,1
12888.0,214,2,354.12,76,70.824,4,1,2011-03-29 14:31:00,2011-05-09 16:02:00,41,1.4,252.94,38.0,1,1
12889.0,381,4,385.46,124,15.418400000000002,25,1,2010-07-25 14:32:00,2010-11-23 16:08:00,121,4.0,96.36,31.0,1,1
12891.0,186,11,840.5,2325,76.4090909090909,2,1,2010-02-18 14:32:00,2011-06-07 12:31:00,473,15.8,53.2,211.36,1,1
12892.0,397,1,263.38,140,14.632222222222222,18,1,2010-11-08 09:51:00,2010-11-08 09:51:00,0,1.0,263.38,140.0,1,1
12893.0,31,1,176.55,90,5.695161290322581,27,1,2011-11-09 12:34:00,2011-11-09 12:34:00,0,1.0,176.55,90.0,0,1
12894.0,575,1,157.35,33,7.492857142857143,21,1,2010-05-13 14:47:00,2010-05-13 14:47:00,0,1.0,157.35,33.0,1,1
12895.0,42,2,372.8,210,16.945454545454545,22,1,2011-09-14 08:35:00,2011-10-28 13:51:00,44,1.5,248.53,105.0,0,1
12897.0,205,4,514.25,249,36.73214285714285,10,1,2010-06-14 11:58:00,2011-05-19 12:13:00,339,11.3,45.51,62.25,1,1
12898.0,464,2,296.21,235,10.97074074074074,27,1,2010-02-18 12:36:00,2010-09-02 08:08:00,195,6.5,45.57,117.5,1,1
12899.0,414,1,366.4,108,21.552941176470583,17,1,2010-10-22 09:53:00,2010-10-22 09:53:00,0,1.0,366.4,108.0,1,1
12900.0,422,1,340.33000000000004,139,26.179230769230774,13,1,2010-10-13 15:17:00,2010-10-13 15:17:00,0,1.0,340.33,139.0,1,1
12902.0,265,1,138.68,66,13.868,10,1,2011-03-20 12:06:00,2011-03-20 12:06:00,0,1.0,138.68,66.0,1,1
12903.0,429,1,833.5300000000001,493,20.33,41,1,2010-10-07 12:39:00,2010-10-07 12:39:00,0,1.0,833.53,493.0,1,1
12904.0,18,2,496.06,294,6.986760563380281,59,1,2011-06-20 13:18:00,2011-11-21 14:34:00,154,5.1,97.27,147.0,0,1
12905.0,577,2,1018.42,532,18.85962962962963,52,1,2010-01-26 14:06:00,2010-05-12 10:05:00,105,3.5,290.98,266.0,1,1
12907.0,396,2,508.91,177,20.3564,23,1,2010-08-02 14:33:00,2010-11-09 12:08:00,98,3.3,154.22,88.5,1,1
12908.0,176,5,1776.0,3000,355.2,1,1,2010-03-19 15:59:00,2011-06-16 15:39:00,453,15.1,117.62,600.0,1,1
12911.0,552,1,1651.72,807,6.998813559322034,220,1,2010-06-06 12:13:00,2010-06-06 12:13:00,0,1.0,1651.72,807.0,1,1
12914.0,401,1,223.98,336,24.886666666666667,9,1,2010-11-04 12:28:00,2010-11-04 12:28:00,0,1.0,223.98,336.0,1,1
12915.0,149,4,975.1,411,16.25166666666667,46,1,2010-04-29 19:36:00,2011-07-14 11:34:00,440,14.7,66.33,102.75,1,1
12917.0,128,6,4359.2,1104,87.184,45,1,2009-12-09 14:22:00,2011-08-03 16:42:00,602,20.1,216.88,184.0,1,1
12918.0,626,1,10953.5,1,10953.5,1,1,2010-03-23 15:22:00,2010-03-23 15:22:00,0,1.0,10953.5,1.0,1,1
12922.0,161,1,405.38,370,14.477857142857143,28,1,2011-07-01 15:35:00,2011-07-01 15:35:00,0,1.0,405.38,370.0,1,1
12926.0,411,4,1523.97,754,5.816679389312977,202,1,2009-12-14 14:35:00,2010-10-24 15:57:00,314,10.5,145.14,188.5,1,1
12927.0,395,1,197.31,145,17.937272727272727,11,1,2010-11-10 10:02:00,2010-11-10 10:02:00,0,1.0,197.31,145.0,1,1
12929.0,312,1,117.85,37,14.73125,8,1,2011-02-01 12:08:00,2011-02-01 12:08:00,0,1.0,117.85,37.0,1,1
12930.0,78,2,415.8,252,16.632,20,1,2011-06-21 13:25:00,2011-09-22 15:18:00,93,3.1,134.13,126.0,0,1
12934.0,737,1,181.65,31,90.825,2,1,2009-12-03 10:51:00,2009-12-03 10:51:00,0,1.0,181.65,31.0,1,1
12938.0,26,1,114.14,140,12.682222222222222,9,1,2011-11-14 11:21:00,2011-11-14 11:21:00,0,1.0,114.14,140.0,0,1
12941.0,724,1,377.49,381,13.981111111111112,27,1,2009-12-15 13:12:00,2009-12-15 13:12:00,0,1.0,377.49,381.0,1,1
12942.0,131,3,675.6,198,9.651428571428571,68,1,2010-12-09 09:34:00,2011-07-31 14:39:00,234,7.8,86.62,66.0,1,1
12943.0,558,2,496.5,222,19.86,22,1,2010-04-13 11:03:00,2010-05-30 13:52:00,47,1.6,310.31,111.0,1,1
12944.0,36,2,604.51,289,20.15033333333333,29,1,2010-12-20 10:41:00,2011-11-04 11:04:00,319,10.6,57.03,144.5,0,1
12946.0,437,1,324.45,149,16.2225,20,1,2010-09-29 10:14:00,2010-09-29 10:14:00,0,1.0,324.45,149.0,1,1
12954.0,639,1,162.45,83,16.244999999999997,10,1,2010-03-11 10:16:00,2010-03-11 10:16:00,0,1.0,162.45,83.0,1,1
12956.0,306,4,521.89,340,12.42595238095238,42,1,2009-12-15 19:03:00,2011-02-06 16:08:00,417,13.9,37.55,85.0,1,1
12958.0,400,2,467.34,118,9.537551020408165,45,1,2010-05-05 16:22:00,2010-11-04 16:16:00,182,6.1,76.61,59.0,1,1
12959.0,484,1,150.95,109,18.86875,8,1,2010-08-12 17:20:00,2010-08-12 17:20:00,0,1.0,150.95,109.0,1,1
12960.0,414,4,1322.0700000000002,1379,18.886714285714287,49,1,2010-02-16 13:32:00,2010-10-22 09:31:00,247,8.2,161.23,344.75,1,1
12961.0,379,1,211.99,180,5.29975,37,1,2010-11-25 16:44:00,2010-11-25 16:44:00,0,1.0,211.99,180.0,1,1
12962.0,7,2,266.39,129,16.649375,15,1,2011-08-18 13:38:00,2011-12-02 15:55:00,106,3.5,76.11,64.5,0,1
12964.0,437,1,132.24,56,5.086153846153847,26,1,2010-09-28 17:47:00,2010-09-28 17:47:00,0,1.0,132.24,56.0,1,1
12965.0,89,1,769.8100000000001,282,7.1278703703703705,108,1,2011-09-11 15:31:00,2011-09-11 15:31:00,0,1.0,769.81,282.0,0,1
12966.0,10,1,160.18,75,16.018,10,1,2011-11-30 12:38:00,2011-11-30 12:38:00,0,1.0,160.18,75.0,0,1
12967.0,358,3,2938.52,912,45.208,47,1,2010-11-21 11:03:00,2010-12-16 19:10:00,25,0.8,3673.15,304.0,1,1
12968.0,112,1,135.95,73,27.19,5,1,2011-08-19 15:44:00,2011-08-19 15:44:00,0,1.0,135.95,73.0,1,1
12969.0,603,1,122.45,55,24.49,5,1,2010-04-16 10:50:00,2010-04-16 10:50:00,0,1.0,122.45,55.0,1,1
12972.0,414,4,1161.2,844,15.08051948051948,69,1,2010-02-16 14:30:00,2010-10-22 08:41:00,247,8.2,141.61,211.0,1,1
12973.0,414,1,385.55,31,64.25833333333334,6,1,2010-10-22 10:14:00,2010-10-22 10:14:00,0,1.0,385.55,31.0,1,1
12974.0,198,2,408.95,104,12.7796875,27,1,2010-05-23 11:45:00,2011-05-26 09:33:00,367,12.2,33.52,52.0,1,1
12975.0,437,6,2100.09,911,18.750803571428573,92,1,2009-12-06 10:38:00,2010-09-29 09:46:00,296,9.9,212.13,151.83,1,1
12976.0,212,8,3156.38,2684,20.495974025974025,106,1,2010-02-12 15:46:00,2011-05-12 09:55:00,453,15.1,209.03,335.5,1,1
12977.0,156,4,513.88,128,8.86,54,1,2010-07-16 16:25:00,2011-07-06 16:40:00,355,11.8,43.55,32.0,1,1
12978.0,385,5,2502.82,1394,15.35472392638037,126,1,2009-12-10 12:10:00,2010-11-19 14:29:00,344,11.5,217.64,278.8,1,1
12979.0,729,1,517.7,520,9.24464285714286,56,1,2009-12-10 15:45:00,2009-12-10 15:45:00,0,1.0,517.7,520.0,1,1
12980.0,158,21,16245.78,1910,312.4188461538462,7,1,2009-12-02 11:26:00,2011-07-05 09:34:00,579,19.3,841.75,90.95,1,1
12981.0,30,2,372.22,242,18.611,12,1,2011-07-29 14:14:00,2011-11-10 12:00:00,103,3.4,109.48,121.0,0,1
12983.0,598,1,490.08,638,16.336,30,1,2010-04-20 12:58:00,2010-04-20 12:58:00,0,1.0,490.08,638.0,1,1
12984.0,19,1,97.5,26,24.375,4,1,2011-11-21 12:37:00,2011-11-21 12:37:00,0,1.0,97.5,26.0,0,1
12988.0,292,1,505.82,126,6.094216867469879,75,1,2011-02-20 14:31:00,2011-02-20 14:31:00,0,1.0,505.82,126.0,1,1
12992.0,725,1,93.35,21,15.558333333333332,6,1,2009-12-14 16:46:00,2009-12-14 16:46:00,0,1.0,93.35,21.0,1,1
12994.0,4,3,974.42,459,15.974098360655738,52,1,2011-03-16 08:31:00,2011-12-05 15:43:00,264,8.8,110.73,153.0,0,1
12995.0,85,1,211.32,108,70.44,3,1,2011-09-15 15:44:00,2011-09-15 15:44:00,0,1.0,211.32,108.0,0,1
12996.0,376,1,355.5,122,16.15909090909091,22,1,2010-11-29 09:27:00,2010-11-29 09:27:00,0,1.0,355.5,122.0,1,1
12997.0,22,8,2110.91,1186,19.72813084112149,65,1,2010-04-06 11:06:00,2011-11-17 15:47:00,590,19.7,107.15,148.25,0,1
12998.0,493,3,920.08,1124,15.86344827586207,58,1,2010-02-24 11:55:00,2010-08-04 08:05:00,160,5.3,173.6,374.67,1,1
12999.0,196,3,455.88,342,16.28142857142857,25,1,2011-04-08 10:26:00,2011-05-27 13:24:00,49,1.6,284.92,114.0,1,1
13002.0,318,3,414.13,201,18.00565217391304,19,1,2010-10-01 11:58:00,2011-01-25 15:18:00,116,3.9,106.19,67.0,1,1
13003.0,106,3,149.05,103,24.84166666666667,4,1,2011-05-09 08:23:00,2011-08-26 10:50:00,109,3.6,41.4,34.33,1,1
13005.0,174,4,999.68,462,17.85142857142857,41,1,2010-09-08 12:52:00,2011-06-19 10:53:00,283,9.4,106.35,115.5,1,1
13006.0,56,1,81.57,55,20.3925,4,1,2011-10-14 13:49:00,2011-10-14 13:49:00,0,1.0,81.57,55.0,0,1
13007.0,580,1,175.25,59,15.931818181818182,11,1,2010-05-09 10:38:00,2010-05-09 10:38:00,0,1.0,175.25,59.0,1,1
13009.0,673,1,234.0,120,58.5,4,1,2010-02-05 12:22:00,2010-02-05 12:22:00,0,1.0,234.0,120.0,1,1
13010.0,374,2,330.12,323,27.51,10,1,2010-03-01 11:28:00,2010-11-30 15:09:00,274,9.1,36.28,161.5,1,1
13011.0,372,1,50.55,13,16.85,3,1,2010-12-02 17:22:00,2010-12-02 17:22:00,0,1.0,50.55,13.0,1,1
13017.0,7,1,204.0,48,204.0,1,1,2011-12-02 15:53:00,2011-12-02 15:53:00,0,1.0,204.0,48.0,0,1
13019.0,379,6,1229.95,397,22.362727272727277,46,1,2009-12-06 15:40:00,2010-11-25 14:56:00,353,11.8,104.23,66.17,1,1
13020.0,563,2,618.96,278,15.870769230769232,38,1,2010-02-18 10:35:00,2010-05-26 11:12:00,97,3.2,193.42,139.0,1,1
13022.0,430,1,65.3,35,13.06,5,1,2010-10-06 10:50:00,2010-10-06 10:50:00,0,1.0,65.3,35.0,1,1
13023.0,64,3,1449.03,585,19.06618421052632,69,1,2010-06-29 09:51:00,2011-10-06 16:27:00,464,15.5,93.49,195.0,0,1
13024.0,471,2,555.87,181,17.931290322580644,26,1,2010-05-06 14:25:00,2010-08-26 09:42:00,111,3.7,150.24,90.5,1,1
13025.0,732,1,323.39,241,24.876153846153844,13,1,2009-12-08 10:02:00,2009-12-08 10:02:00,0,1.0,323.39,241.0,1,1
13027.0,114,19,17239.2,42840,202.8141176470588,7,1,2010-01-20 10:41:00,2011-08-18 09:39:00,574,19.1,902.58,2254.74,1,1
13031.0,407,5,3292.84,2309,8.090515970515971,275,1,2010-06-03 14:57:00,2010-10-28 15:34:00,147,4.9,672.01,461.8,1,1
13033.0,357,2,220.55,98,16.965384615384615,12,1,2010-10-06 09:37:00,2010-12-17 14:23:00,72,2.4,91.9,49.0,1,1
13036.0,685,1,307.1,38,51.18333333333334,6,1,2010-01-24 11:35:00,2010-01-24 11:35:00,0,1.0,307.1,38.0,1,1
13038.0,80,3,908.46,360,32.445,24,1,2011-02-22 11:43:00,2011-09-20 14:37:00,210,7.0,129.78,120.0,0,1
13039.0,584,4,1010.73,290,18.37690909090909,37,1,2009-12-17 16:43:00,2010-05-04 16:45:00,138,4.6,219.72,72.5,1,1
13041.0,451,4,799.13,335,22.832285714285717,23,1,2010-04-29 08:43:00,2010-09-15 11:44:00,139,4.6,173.72,83.75,1,1
13042.0,598,3,1488.59,812,8.09016304347826,164,1,2009-12-07 15:42:00,2010-04-20 13:43:00,133,4.4,338.32,270.67,1,1
13043.0,273,1,516.42,254,39.72461538461538,13,1,2011-03-11 14:52:00,2011-03-11 14:52:00,0,1.0,516.42,254.0,1,1
13049.0,64,4,1408.24,620,54.16307692307692,19,1,2010-11-03 15:39:00,2011-10-06 15:31:00,336,11.2,125.74,155.0,0,1
13051.0,579,2,155.8,72,38.95,4,1,2010-03-30 11:11:00,2010-05-10 09:14:00,40,1.3,119.85,36.0,1,1
13053.0,622,1,127.65,47,7.508823529411765,17,1,2010-03-28 11:28:00,2010-03-28 11:28:00,0,1.0,127.65,47.0,1,1
13056.0,551,1,209.48,158,11.025263157894736,18,1,2010-06-06 14:10:00,2010-06-06 14:10:00,0,1.0,209.48,158.0,1,1
13057.0,530,3,709.59,456,17.73975,34,1,2010-03-18 12:14:00,2010-06-27 15:44:00,101,3.4,208.7,152.0,1,1
13058.0,25,3,271.40000000000003,52,33.925000000000004,5,1,2011-07-11 12:01:00,2011-11-15 12:43:00,127,4.2,64.62,17.33,0,1
13059.0,250,10,2291.77,860,11.57459595959596,155,1,2010-03-31 12:23:00,2011-04-04 10:40:00,368,12.3,186.32,86.0,1,1
13060.0,254,1,307.53000000000003,123,20.502,15,1,2011-03-31 11:37:00,2011-03-31 11:37:00,0,1.0,307.53,123.0,1,1
13061.0,72,1,248.61,107,24.861,10,1,2011-09-28 16:04:00,2011-09-28 16:04:00,0,1.0,248.61,107.0,0,1
13062.0,191,1,346.98,343,31.543636363636367,11,1,2011-06-01 15:12:00,2011-06-01 15:12:00,0,1.0,346.98,343.0,1,1
13063.0,481,1,188.4,116,15.7,12,1,2010-08-16 12:27:00,2010-08-16 12:27:00,0,1.0,188.4,116.0,1,1
13065.0,373,5,1055.05,381,17.016935483870967,49,1,2010-06-10 11:44:00,2010-12-01 16:52:00,174,5.8,181.91,76.2,1,1
13067.0,82,3,508.51,131,15.8909375,24,1,2010-09-19 13:43:00,2011-09-18 13:38:00,363,12.1,42.03,43.67,0,1
13070.0,192,4,751.7,372,22.77878787878788,12,1,2009-12-07 14:44:00,2011-05-31 13:45:00,539,18.0,41.76,93.0,1,1
13071.0,612,1,129.22,30,10.768333333333333,12,1,2010-04-06 13:37:00,2010-04-06 13:37:00,0,1.0,129.22,30.0,1,1
13072.0,267,1,177.15,69,25.307142857142857,7,1,2011-03-18 08:12:00,2011-03-18 08:12:00,0,1.0,177.15,69.0,1,1
13073.0,411,2,418.08,261,15.484444444444444,25,1,2010-09-28 09:27:00,2010-10-24 14:06:00,26,0.9,464.53,130.5,1,1
13074.0,511,4,1378.74,826,47.54275862068965,26,1,2009-12-16 11:46:00,2010-07-16 16:53:00,212,7.1,194.19,206.5,1,1
13075.0,130,1,919.61,485,41.80045454545455,22,1,2011-08-02 10:19:00,2011-08-02 10:19:00,0,1.0,919.61,485.0,1,1
13076.0,458,1,135.4,44,15.044444444444444,9,1,2010-09-08 10:27:00,2010-09-08 10:27:00,0,1.0,135.4,44.0,1,1
13080.0,179,4,280.73,193,14.775263157894738,17,1,2010-04-09 13:07:00,2011-06-13 14:59:00,430,14.3,19.63,48.25,1,1
13082.0,126,21,7335.75,8466,56.86627906976744,99,1,2009-12-22 15:37:00,2011-08-05 16:16:00,591,19.7,372.37,403.14,1,1
13084.0,492,1,122.4,144,61.2,2,1,2010-08-05 08:49:00,2010-08-05 08:49:00,0,1.0,122.4,144.0,1,1
13086.0,383,1,439.33,155,9.34744680851064,47,1,2010-11-22 10:28:00,2010-11-22 10:28:00,0,1.0,439.33,155.0,1,1
13087.0,726,1,313.64,86,20.909333333333333,15,1,2009-12-13 15:16:00,2009-12-13 15:16:00,0,1.0,313.64,86.0,1,1
13088.0,417,1,236.11,76,11.8055,19,1,2010-10-18 15:35:00,2010-10-18 15:35:00,0,1.0,236.11,76.0,1,1
13096.0,394,1,419.7000000000001,6,419.7000000000001,1,1,2010-11-10 14:08:00,2010-11-10 14:08:00,0,1.0,419.7,6.0,1,1
13099.0,99,1,207.36,288,207.36,1,1,2011-09-01 17:40:00,2011-09-01 17:40:00,0,1.0,207.36,288.0,1,1
13101.0,234,4,695.4,478,13.635294117647058,48,1,2010-01-27 15:49:00,2011-04-19 14:37:00,446,14.9,46.67,119.5,1,1
13105.0,436,1,72.0,100,72.0,1,1,2010-09-29 13:41:00,2010-09-29 13:41:00,0,1.0,72.0,100.0,1,1
13106.0,133,2,603.46,231,37.71625,15,1,2010-10-22 13:10:00,2011-07-29 15:12:00,280,9.3,64.89,115.5,1,1
13108.0,373,2,748.46,745,21.38457142857143,27,1,2010-09-30 17:09:00,2010-12-02 10:35:00,62,2.1,356.41,372.5,1,1
13111.0,719,1,321.88000000000005,180,26.823333333333338,12,1,2009-12-21 09:00:00,2009-12-21 09:00:00,0,1.0,321.88,180.0,1,1
13112.0,541,1,20.6,11,10.3,2,1,2010-06-16 17:03:00,2010-06-16 17:03:00,0,1.0,20.6,11.0,1,1
13114.0,731,1,234.38,74,14.64875,16,1,2009-12-09 09:56:00,2009-12-09 09:56:00,0,1.0,234.38,74.0,1,1
13116.0,138,1,501.14,291,16.704666666666665,30,1,2011-07-24 14:33:00,2011-07-24 14:33:00,0,1.0,501.14,291.0,1,1
13119.0,669,1,134.9,110,12.263636363636364,11,1,2010-02-09 08:38:00,2010-02-09 08:38:00,0,1.0,134.9,110.0,1,1
13120.0,239,1,30.6,12,30.6,1,1,2011-04-15 10:19:00,2011-04-15 10:19:00,0,1.0,30.6,12.0,1,1
13121.0,269,1,283.73,252,5.674600000000001,50,1,2011-03-15 16:47:00,2011-03-15 16:47:00,0,1.0,283.73,252.0,1,1
13122.0,94,2,922.39,585,16.77072727272727,54,1,2011-04-13 14:12:00,2011-09-06 15:53:00,146,4.9,188.24,292.5,1,1
13123.0,473,2,506.75,268,11.261111111111113,36,1,2010-06-28 12:43:00,2010-08-24 10:18:00,56,1.9,266.71,134.0,1,1
13125.0,524,1,148.62,53,7.431,20,1,2010-07-04 11:58:00,2010-07-04 11:58:00,0,1.0,148.62,53.0,1,1
13127.0,78,1,259.17,127,17.278000000000002,15,1,2011-09-23 10:26:00,2011-09-23 10:26:00,0,1.0,259.17,127.0,0,1
13128.0,631,1,263.5,31,263.5,1,1,2010-03-18 15:08:00,2010-03-18 15:08:00,0,1.0,263.5,31.0,1,1
13129.0,452,2,233.25,296,21.204545454545453,10,1,2010-06-28 11:54:00,2010-09-13 13:47:00,77,2.6,89.71,148.0,1,1
13130.0,94,1,64.0,32,32.0,2,1,2011-09-06 15:30:00,2011-09-06 15:30:00,0,1.0,64.0,32.0,1,1
13132.0,262,1,77.3,20,25.766666666666666,3,1,2011-03-23 12:44:00,2011-03-23 12:44:00,0,1.0,77.3,20.0,1,1
13133.0,274,3,200.45,55,16.704166666666666,12,1,2010-09-06 15:30:00,2011-03-11 10:31:00,185,6.2,32.33,18.33,1,1
13134.0,86,6,2475.23,1364,20.45644628099173,110,1,2010-10-19 13:21:00,2011-09-15 10:35:00,330,11.0,225.02,227.33,0,1
13135.0,197,2,3371.45,4423,187.30277777777775,18,1,2010-08-05 17:28:00,2011-05-27 10:52:00,294,9.8,344.03,2211.5,1,1
13142.0,19,1,307.09000000000003,258,13.351739130434783,23,1,2011-11-20 16:07:00,2011-11-20 16:07:00,0,1.0,307.09,258.0,0,1
13143.0,585,1,405.1,198,17.61304347826087,23,1,2010-05-04 12:22:00,2010-05-04 12:22:00,0,1.0,405.1,198.0,1,1
13144.0,333,2,135.35,29,22.558333333333334,6,1,2010-10-04 14:14:00,2011-01-11 11:15:00,98,3.3,41.02,14.5,1,1
13146.0,26,1,228.91,154,13.465294117647058,16,1,2011-11-13 15:29:00,2011-11-13 15:29:00,0,1.0,228.91,154.0,0,1
13147.0,10,4,712.8,144,178.2,1,1,2011-09-01 12:28:00,2011-11-29 13:59:00,89,3.0,237.6,36.0,0,1
13149.0,14,4,1676.06,1280,19.48906976744186,76,1,2011-02-23 13:57:00,2011-11-25 13:09:00,274,9.1,184.18,320.0,0,1
13150.0,484,3,449.97,171,56.24625,7,1,2010-03-19 09:03:00,2010-08-12 12:59:00,146,4.9,91.83,57.0,1,1
13151.0,296,3,2465.21,813,15.60259493670886,131,1,2010-03-22 10:26:00,2011-02-17 12:29:00,332,11.1,222.09,271.0,1,1
13152.0,417,7,2146.38,977,15.899111111111113,114,1,2010-01-14 10:01:00,2010-10-18 13:44:00,277,9.2,233.3,139.57,1,1
13153.0,6,1,486.22,418,32.41466666666667,15,1,2011-12-04 12:14:00,2011-12-04 12:14:00,0,1.0,486.22,418.0,0,1
13154.0,399,3,1624.84,976,17.471397849462363,78,1,2009-12-04 08:46:00,2010-11-05 16:00:00,336,11.2,145.07,325.33,1,1
13155.0,33,6,1370.48,741,12.236428571428572,79,1,2010-08-05 09:30:00,2011-11-06 15:41:00,458,15.3,89.57,123.5,0,1
13156.0,385,3,1586.54,914,15.255192307692308,94,1,2010-02-01 13:45:00,2010-11-19 13:09:00,290,9.7,163.56,304.67,1,1
13158.0,95,5,1508.18,992,15.0818,70,1,2010-11-16 17:12:00,2011-09-06 11:58:00,293,9.8,153.9,198.4,1,1
13160.0,22,1,91.8,56,22.95,4,1,2011-11-17 13:07:00,2011-11-17 13:07:00,0,1.0,91.8,56.0,0,1
13161.0,313,2,472.13,105,14.306969696969697,30,1,2010-07-27 12:44:00,2011-01-30 14:03:00,187,6.2,76.15,52.5,1,1
13162.0,122,16,9275.49,5755,38.972647058823526,186,1,2009-12-04 13:59:00,2011-08-09 15:59:00,613,20.4,454.68,359.69,1,1
13163.0,610,1,17.65,3,8.825,2,1,2010-04-08 16:21:00,2010-04-08 16:21:00,0,1.0,17.65,3.0,1,1
13164.0,569,2,372.2,120,37.22,7,1,2010-02-10 11:52:00,2010-05-19 13:52:00,98,3.3,112.79,60.0,1,1
13166.0,283,2,875.93,522,12.881323529411764,55,1,2010-10-21 14:29:00,2011-03-01 15:16:00,131,4.4,199.07,261.0,1,1
13171.0,22,3,468.41,229,10.182826086956522,37,1,2011-02-13 14:16:00,2011-11-18 10:27:00,277,9.2,50.91,76.33,0,1
13172.0,400,1,69.6,48,69.6,1,1,2010-11-04 15:10:00,2010-11-04 15:10:00,0,1.0,69.6,48.0,1,1
13175.0,582,2,831.45,423,18.075,40,1,2009-12-04 12:11:00,2010-05-06 13:13:00,153,5.1,163.03,211.5,1,1
13179.0,619,1,572.3100000000001,368,16.832647058823532,34,1,2010-03-31 11:40:00,2010-03-31 11:40:00,0,1.0,572.31,368.0,1,1
13180.0,607,1,86.10000000000001,42,21.525,4,1,2010-04-11 13:37:00,2010-04-11 13:37:00,0,1.0,86.1,42.0,1,1
13181.0,381,1,359.69,171,18.931052631578947,19,1,2010-11-23 15:05:00,2010-11-23 15:05:00,0,1.0,359.69,171.0,1,1
13182.0,45,1,121.18,201,11.016363636363636,11,1,2011-10-25 13:46:00,2011-10-25 13:46:00,0,1.0,121.18,201.0,0,1
13185.0,268,1,71.4,12,71.4,1,1,2011-03-17 11:56:00,2011-03-17 11:56:00,0,1.0,71.4,12.0,1,1
13187.0,337,4,341.36,296,6.095714285714286,51,1,2010-03-25 17:18:00,2011-01-06 18:57:00,287,9.6,35.56,74.0,1,1
13188.0,11,1,114.6,25,57.3,2,1,2011-11-28 15:28:00,2011-11-28 15:28:00,0,1.0,114.6,25.0,0,1
13190.0,544,3,570.66,308,33.56823529411764,16,1,2009-12-07 12:13:00,2010-06-13 15:47:00,188,6.3,90.58,102.67,1,1
13191.0,658,1,164.69,115,2.79135593220339,58,1,2010-02-19 17:02:00,2010-02-19 17:02:00,0,1.0,164.69,115.0,1,1
13193.0,61,1,112.08,46,4.4832,22,1,2011-10-09 14:30:00,2011-10-09 14:30:00,0,1.0,112.08,46.0,0,1
13194.0,136,2,472.78,326,47.278,10,1,2010-10-14 11:54:00,2011-07-27 09:01:00,285,9.5,49.77,163.0,1,1
13195.0,414,1,136.73,70,2.972391304347826,43,1,2010-10-21 13:07:00,2010-10-21 13:07:00,0,1.0,136.73,70.0,1,1
13197.0,610,1,373.0100000000001,204,19.632105263157897,19,1,2010-04-09 09:14:00,2010-04-09 09:14:00,0,1.0,373.01,204.0,1,1
13200.0,19,4,870.09,516,18.915,42,1,2011-08-05 14:50:00,2011-11-20 15:35:00,107,3.6,241.69,129.0,0,1
13201.0,502,4,1233.06,1036,14.337906976744186,65,1,2010-03-07 11:01:00,2010-07-25 14:30:00,140,4.7,262.35,259.0,1,1
13202.0,394,7,1580.3,572,22.90289855072464,55,1,2009-12-09 10:48:00,2010-11-10 16:24:00,336,11.2,141.1,81.71,1,1
13204.0,731,1,966.66,428,16.958947368421054,57,1,2009-12-08 14:56:00,2009-12-08 14:56:00,0,1.0,966.66,428.0,1,1
13205.0,443,1,2803.2,256,2803.2,1,1,2010-09-22 16:26:00,2010-09-22 16:26:00,0,1.0,2803.2,256.0,1,1
13206.0,400,13,8308.19,7086,14.678780918727917,393,1,2009-12-07 13:48:00,2010-11-04 16:50:00,332,11.1,748.49,545.08,1,1
13210.0,94,1,353.48,316,16.067272727272726,22,1,2011-09-07 08:18:00,2011-09-07 08:18:00,0,1.0,353.48,316.0,1,1
13215.0,402,1,81.6,96,81.6,1,1,2010-11-02 18:26:00,2010-11-02 18:26:00,0,1.0,81.6,96.0,1,1
13216.0,268,1,333.74,297,66.748,5,1,2011-03-17 12:18:00,2011-03-17 12:18:00,0,1.0,333.74,297.0,1,1
13217.0,122,4,666.48,512,133.296,3,1,2010-02-22 12:49:00,2011-08-09 15:32:00,533,17.8,37.44,128.0,1,1
13218.0,127,1,62.64,88,12.528,5,1,2011-08-04 16:59:00,2011-08-04 16:59:00,0,1.0,62.64,88.0,1,1
13219.0,618,1,76.23,11,6.930000000000001,11,1,2010-03-31 14:18:00,2010-03-31 14:18:00,0,1.0,76.23,11.0,1,1
13221.0,240,2,847.41,244,12.839545454545457,62,1,2010-12-15 13:24:00,2011-04-13 16:58:00,119,4.0,211.85,122.0,1,1
13222.0,577,1,88.5,30,88.5,1,1,2010-05-11 13:54:00,2010-05-11 13:54:00,0,1.0,88.5,30.0,1,1
13223.0,200,6,969.12,568,74.5476923076923,8,1,2010-02-12 13:27:00,2011-05-23 13:03:00,464,15.5,62.52,94.67,1,1
13226.0,273,2,312.46,179,11.159285714285714,28,1,2010-11-11 13:46:00,2011-03-11 14:35:00,120,4.0,78.11,89.5,1,1
13227.0,202,1,257.7,99,28.633333333333333,9,1,2011-05-22 11:47:00,2011-05-22 11:47:00,0,1.0,257.7,99.0,1,1
13228.0,81,1,358.0,200,179.0,2,1,2011-09-19 14:28:00,2011-09-19 14:28:00,0,1.0,358.0,200.0,0,1
13229.0,226,1,160.95,63,16.095,10,1,2011-04-28 12:07:00,2011-04-28 12:07:00,0,1.0,160.95,63.0,1,1
13234.0,673,2,346.5,159,5.680327868852459,56,1,2009-12-07 12:32:00,2010-02-05 11:41:00,59,2.0,173.25,79.5,1,1
13235.0,212,1,1031.07,441,17.77706896551724,53,1,2011-05-11 17:13:00,2011-05-11 17:13:00,0,1.0,1031.07,441.0,1,1
13236.0,25,2,744.85,416,20.69027777777778,34,1,2011-08-25 08:58:00,2011-11-15 12:50:00,82,2.7,275.87,208.0,0,1
13237.0,388,1,643.0,128,26.791666666666668,24,1,2010-11-17 10:07:00,2010-11-17 10:07:00,0,1.0,643.0,128.0,1,1
13239.0,262,5,1594.69,1151,17.14720430107527,86,1,2010-07-25 13:34:00,2011-03-23 10:25:00,240,8.0,199.34,230.2,1,1
13240.0,96,8,1475.79,709,7.342238805970149,160,1,2010-02-25 13:17:00,2011-09-04 14:08:00,556,18.5,79.77,88.62,1,1
13241.0,412,1,112.53,46,2.81325,40,1,2010-10-24 11:17:00,2010-10-24 11:17:00,0,1.0,112.53,46.0,1,1
13242.0,112,7,699.4,350,19.982857142857146,19,1,2010-02-09 13:12:00,2011-08-19 12:53:00,555,18.5,37.81,50.0,1,1
13243.0,203,5,1220.38,554,5.953073170731708,165,1,2010-03-18 13:10:00,2011-05-20 13:14:00,428,14.3,85.34,110.8,1,1
13244.0,93,1,121.74,38,4.508888888888889,27,1,2011-09-08 11:46:00,2011-09-08 11:46:00,0,1.0,121.74,38.0,1,1
13248.0,125,2,465.68,305,17.91076923076923,25,1,2011-06-03 13:05:00,2011-08-07 12:40:00,64,2.1,221.75,152.5,1,1
13250.0,461,2,253.09,107,13.320526315789474,17,1,2010-07-25 14:01:00,2010-09-05 11:33:00,41,1.4,180.78,53.5,1,1
13251.0,402,1,252.68,215,10.1072,25,1,2010-11-02 13:20:00,2010-11-02 13:20:00,0,1.0,252.68,215.0,1,1
13252.0,394,2,399.3,134,21.01578947368421,19,1,2010-03-24 10:30:00,2010-11-10 16:00:00,231,7.7,51.86,67.0,1,1
13254.0,376,1,51.41,43,12.8525,4,1,2010-11-28 15:42:00,2010-11-28 15:42:00,0,1.0,51.41,43.0,1,1
13257.0,436,1,149.75,33,21.392857142857142,7,1,2010-09-29 14:58:00,2010-09-29 14:58:00,0,1.0,149.75,33.0,1,1
13260.0,61,1,557.62,142,69.7025,8,1,2011-10-09 13:21:00,2011-10-09 13:21:00,0,1.0,557.62,142.0,0,1
13261.0,269,2,944.1,210,104.9,8,1,2011-02-27 10:41:00,2011-03-16 12:22:00,17,0.6,1573.5,105.0,1,1
13262.0,263,3,573.45,247,11.469,48,1,2010-04-18 12:14:00,2011-03-21 15:06:00,337,11.2,51.2,82.33,1,1
13264.0,443,1,722.5600000000001,375,19.014736842105265,38,1,2010-09-23 12:42:00,2010-09-23 12:42:00,0,1.0,722.56,375.0,1,1
13270.0,366,1,590.0,200,590.0,1,1,2010-12-08 14:53:00,2010-12-08 14:53:00,0,1.0,590.0,200.0,1,1
13272.0,31,2,276.56,96,18.43733333333333,15,1,2011-09-11 12:06:00,2011-11-08 14:00:00,58,1.9,145.56,48.0,0,1
13273.0,113,1,138.98,153,8.68625,16,1,2011-08-18 14:02:00,2011-08-18 14:02:00,0,1.0,138.98,153.0,1,1
13274.0,409,1,360.85,199,18.992105263157896,19,1,2010-10-26 13:48:00,2010-10-26 13:48:00,0,1.0,360.85,199.0,1,1
13275.0,384,2,238.86,138,4.97625,48,1,2010-03-17 14:05:00,2010-11-21 12:09:00,248,8.3,28.78,69.0,1,1
13279.0,78,1,137.75,73,15.305555555555555,9,1,2011-09-22 17:24:00,2011-09-22 17:24:00,0,1.0,137.75,73.0,0,1
13281.0,439,1,350.85,201,15.947727272727274,22,1,2010-09-26 16:03:00,2010-09-26 16:03:00,0,1.0,350.85,201.0,1,1
13284.0,331,1,201.19,91,15.476153846153846,13,1,2011-01-13 09:23:00,2011-01-13 09:23:00,0,1.0,201.19,91.0,1,1
13286.0,600,1,734.91,274,14.998163265306122,46,1,2010-04-18 15:35:00,2010-04-18 15:35:00,0,1.0,734.91,274.0,1,1
13287.0,603,3,781.59,429,14.746981132075472,46,1,2010-01-04 10:43:00,2010-04-15 15:26:00,101,3.4,229.88,143.0,1,1
13288.0,443,5,927.61,379,92.761,7,1,2010-02-11 14:59:00,2010-09-22 16:32:00,223,7.4,125.35,75.8,1,1
13289.0,724,1,307.95,119,19.246875,16,1,2009-12-16 11:53:00,2009-12-16 11:53:00,0,1.0,307.95,119.0,1,1
13290.0,438,1,208.63,1,208.63,1,1,2010-09-27 16:29:00,2010-09-27 16:29:00,0,1.0,208.63,1.0,1,1
13293.0,392,6,1192.94,555,16.56861111111111,51,1,2010-02-09 12:05:00,2010-11-12 13:28:00,276,9.2,129.67,92.5,1,1
13294.0,190,3,1689.53,996,16.564019607843136,93,1,2010-03-03 12:54:00,2011-06-03 08:54:00,456,15.2,111.15,332.0,1,1
13295.0,360,4,1101.97,733,16.44731343283582,56,1,2010-05-12 09:13:00,2010-12-15 11:21:00,217,7.2,153.05,183.25,1,1
13296.0,137,6,792.51,653,14.953018867924529,50,1,2010-05-11 14:29:00,2011-07-25 13:46:00,439,14.6,54.28,108.83,1,1
13298.0,1,1,360.0,96,180.0,2,1,2011-12-08 13:11:00,2011-12-08 13:11:00,0,1.0,360.0,96.0,0,1
13299.0,268,3,1218.7,416,19.656451612903226,56,1,2010-06-29 11:30:00,2011-03-16 12:55:00,260,8.7,140.08,138.67,1,1
13300.0,169,3,1285.51,455,23.37290909090909,44,1,2010-05-14 15:56:00,2011-06-23 13:09:00,404,13.5,95.22,151.67,1,1
13301.0,104,4,618.09,345,7.630740740740741,75,1,2011-02-20 13:13:00,2011-08-28 11:25:00,188,6.3,98.11,86.25,1,1
13302.0,155,2,159.2,12,53.06666666666666,3,1,2010-07-01 12:32:00,2011-07-07 17:56:00,371,12.4,12.84,6.0,1,1
13303.0,400,1,61.72,26,15.43,4,1,2010-11-04 14:55:00,2010-11-04 14:55:00,0,1.0,61.72,26.0,1,1
13304.0,351,4,1217.99,716,15.61525641025641,59,1,2010-02-08 12:42:00,2010-12-23 14:35:00,318,10.6,114.9,179.0,1,1
13306.0,430,1,53.65,74,13.4125,4,1,2010-10-05 14:55:00,2010-10-05 14:55:00,0,1.0,53.65,74.0,1,1
13307.0,120,3,273.34,140,18.222666666666665,15,1,2010-04-26 13:28:00,2011-08-11 17:14:00,472,15.7,17.41,46.67,1,1
13311.0,4,2,598.57,305,23.02192307692308,25,1,2011-07-12 14:26:00,2011-12-05 12:55:00,145,4.8,124.7,152.5,0,1
13312.0,451,1,124.75,41,24.95,5,1,2010-09-14 14:36:00,2010-09-14 14:36:00,0,1.0,124.75,41.0,1,1
13315.0,689,1,310.26000000000005,232,14.102727272727275,22,1,2010-01-19 15:34:00,2010-01-19 15:34:00,0,1.0,310.26,232.0,1,1
13318.0,1,3,640.76,304,32.038,14,1,2011-11-02 13:26:00,2011-12-08 18:51:00,36,1.2,533.97,101.33,0,1
13322.0,17,1,199.48,117,7.9792,25,1,2011-11-22 14:21:00,2011-11-22 14:21:00,0,1.0,199.48,117.0,0,1
13325.0,82,1,675.3,240,56.275,12,1,2011-09-19 10:36:00,2011-09-19 10:36:00,0,1.0,675.3,240.0,0,1
13326.0,432,1,281.76,140,21.673846153846156,13,1,2010-10-03 16:00:00,2010-10-03 16:00:00,0,1.0,281.76,140.0,1,1
13328.0,316,1,1308.48,680,76.96941176470588,17,1,2011-01-27 15:22:00,2011-01-27 15:22:00,0,1.0,1308.48,680.0,1,1
13331.0,402,1,262.4,54,21.866666666666664,12,1,2010-11-03 08:04:00,2010-11-03 08:04:00,0,1.0,262.4,54.0,1,1
13332.0,14,1,350.90000000000003,179,16.709523809523812,21,1,2011-11-25 13:30:00,2011-11-25 13:30:00,0,1.0,350.9,179.0,0,1
13333.0,411,3,1015.74,685,18.468,54,1,2010-02-19 09:26:00,2010-10-24 13:24:00,247,8.2,123.87,228.33,1,1
13336.0,77,1,795.12,559,15.590588235294115,51,1,2011-09-23 14:05:00,2011-09-23 14:05:00,0,1.0,795.12,559.0,0,1
13337.0,546,1,1575.26,980,18.106436781609197,87,1,2010-06-11 13:27:00,2010-06-11 13:27:00,0,1.0,1575.26,980.0,1,1
13339.0,201,1,860.12,326,15.928148148148148,54,1,2011-05-23 08:31:00,2011-05-23 08:31:00,0,1.0,860.12,326.0,1,1
13341.0,261,1,775.85,301,18.472619047619048,42,1,2011-03-24 09:50:00,2011-03-24 09:50:00,0,1.0,775.85,301.0,1,1
13343.0,178,1,353.43,135,18.60157894736842,19,1,2011-06-15 12:24:00,2011-06-15 12:24:00,0,1.0,353.43,135.0,1,1
13344.0,68,3,2511.69,952,21.6525,115,1,2011-03-07 10:28:00,2011-10-03 09:45:00,209,7.0,358.81,317.33,0,1
13345.0,288,1,389.5,141,19.475,20,1,2011-02-25 09:01:00,2011-02-25 09:01:00,0,1.0,389.5,141.0,1,1
13346.0,463,6,299.4,180,49.9,4,1,2010-04-22 12:34:00,2010-09-03 11:41:00,133,4.4,68.05,30.0,1,1
13347.0,70,1,341.36,205,42.67,8,1,2011-09-30 13:28:00,2011-09-30 13:28:00,0,1.0,341.36,205.0,0,1
13348.0,64,1,233.76,136,16.697142857142858,14,1,2011-10-06 17:28:00,2011-10-06 17:28:00,0,1.0,233.76,136.0,0,1
13349.0,11,1,247.32,225,15.4575,16,1,2011-11-29 08:07:00,2011-11-29 08:07:00,0,1.0,247.32,225.0,0,1
13351.0,66,1,373.94,117,23.37125,16,1,2011-10-04 12:55:00,2011-10-04 12:55:00,0,1.0,373.94,117.0,0,1
13352.0,60,1,397.98,321,16.5825,24,1,2011-10-10 13:55:00,2011-10-10 13:55:00,0,1.0,397.98,321.0,0,1
13354.0,71,1,743.53,604,14.579019607843136,51,1,2011-09-29 13:17:00,2011-09-29 13:17:00,0,1.0,743.53,604.0,0,1
13355.0,122,1,674.7,314,21.084375,32,1,2011-08-09 14:48:00,2011-08-09 14:48:00,0,1.0,674.7,314.0,1,1
13356.0,80,1,768.24,325,18.29142857142857,42,1,2011-09-20 14:33:00,2011-09-20 14:33:00,0,1.0,768.24,325.0,0,1
13357.0,257,5,3805.51,2112,9.658654822335023,284,1,2010-03-22 14:30:00,2011-03-27 13:56:00,369,12.3,309.39,422.4,1,1
13358.0,269,1,439.03,285,15.13896551724138,29,1,2011-03-16 11:52:00,2011-03-16 11:52:00,0,1.0,439.03,285.0,1,1
13359.0,64,2,1043.31,381,18.630535714285717,52,1,2010-11-01 15:05:00,2011-10-07 09:30:00,339,11.3,92.33,190.5,0,1
13360.0,432,4,1553.65,942,23.54015151515152,58,1,2010-01-08 11:16:00,2010-10-04 12:37:00,269,9.0,172.63,235.5,1,1
13361.0,472,2,1450.5,324,42.66176470588236,29,1,2010-04-01 07:49:00,2010-08-24 14:56:00,145,4.8,302.19,162.0,1,1
13364.0,71,1,134.96,71,13.496,10,1,2011-09-29 18:13:00,2011-09-29 18:13:00,0,1.0,134.96,71.0,0,1
13365.0,34,2,2225.37,1247,17.385703125,122,1,2011-05-06 12:00:00,2011-11-06 12:36:00,184,6.1,364.81,623.5,0,1
13366.0,50,1,56.16,144,56.16,1,1,2011-10-20 13:37:00,2011-10-20 13:37:00,0,1.0,56.16,144.0,0,1
13367.0,432,1,510.2,253,25.51,20,1,2010-10-04 10:00:00,2010-10-04 10:00:00,0,1.0,510.2,253.0,1,1
13368.0,257,4,1121.5,606,21.567307692307693,45,1,2010-10-12 10:43:00,2011-03-28 09:59:00,166,5.5,203.91,151.5,1,1
13369.0,366,1,308.28000000000003,149,22.020000000000003,14,1,2010-12-09 11:30:00,2010-12-09 11:30:00,0,1.0,308.28,149.0,1,1
13370.0,372,1,754.87,343,19.355641025641027,39,1,2010-12-03 10:26:00,2010-12-03 10:26:00,0,1.0,754.87,343.0,1,1
13371.0,505,2,2297.66,1019,24.9745652173913,75,1,2010-03-17 15:29:00,2010-07-22 17:33:00,127,4.2,547.06,509.5,1,1
13372.0,90,1,378.64,159,16.46260869565217,23,1,2011-09-11 12:46:00,2011-09-11 12:46:00,0,1.0,378.64,159.0,0,1
13374.0,415,2,422.8,135,24.87058823529412,17,1,2010-09-16 10:29:00,2010-10-21 10:04:00,34,1.1,384.36,67.5,1,1
13376.0,99,3,1019.76,493,19.240754716981133,45,1,2011-04-19 13:03:00,2011-09-01 16:16:00,135,4.5,226.61,164.33,1,1
13377.0,397,2,1552.88,748,19.90871794871795,71,1,2010-03-04 10:06:00,2010-11-08 12:20:00,249,8.3,187.09,374.0,1,1
13379.0,26,3,572.56,601,5.902680412371134,85,1,2011-07-26 12:26:00,2011-11-13 13:45:00,110,3.7,154.75,200.33,0,1
13380.0,433,1,62.4,48,20.8,3,1,2010-10-03 10:18:00,2010-10-03 10:18:00,0,1.0,62.4,48.0,1,1
13382.0,281,5,1387.58,863,16.134651162790696,74,1,2009-12-08 09:56:00,2011-03-04 10:03:00,451,15.0,92.51,172.6,1,1
13383.0,544,1,305.28000000000003,288,305.28000000000003,1,1,2010-06-14 11:45:00,2010-06-14 11:45:00,0,1.0,305.28,288.0,1,1
13385.0,330,1,534.57,281,15.273428571428571,35,1,2011-01-14 09:52:00,2011-01-14 09:52:00,0,1.0,534.57,281.0,1,1
13386.0,414,2,835.46,514,26.950322580645164,24,1,2010-09-28 13:09:00,2010-10-21 12:52:00,22,0.7,1193.51,257.0,1,1
13387.0,417,1,186.94,123,2.632957746478873,71,1,2010-10-18 14:07:00,2010-10-18 14:07:00,0,1.0,186.94,123.0,1,1
13388.0,131,3,1185.65,701,17.183333333333334,68,1,2010-04-15 10:18:00,2011-07-31 12:52:00,472,15.7,75.52,233.67,1,1
13389.0,11,3,797.96,429,15.646274509803922,50,1,2011-04-21 12:12:00,2011-11-28 14:01:00,221,7.4,107.83,143.0,0,1
13390.0,75,1,544.08,224,41.8523076923077,13,1,2011-09-26 08:38:00,2011-09-26 08:38:00,0,1.0,544.08,224.0,0,1
13391.0,204,1,59.8,4,59.8,1,1,2011-05-20 10:50:00,2011-05-20 10:50:00,0,1.0,59.8,4.0,1,1
13392.0,677,1,91.14,82,11.3925,8,1,2010-01-31 13:34:00,2010-01-31 13:34:00,0,1.0,91.14,82.0,1,1
13393.0,584,4,1131.45,662,16.397826086956524,53,1,2009-12-07 18:12:00,2010-05-05 09:34:00,148,4.9,230.91,165.5,1,1
13395.0,185,3,1180.23,1660,14.57074074074074,77,1,2010-10-14 13:00:00,2011-06-07 15:04:00,236,7.9,149.4,553.33,1,1
13396.0,29,2,1360.99,600,31.65093023255814,42,1,2011-01-24 13:37:00,2011-11-10 16:59:00,290,9.7,140.31,300.0,0,1
13398.0,192,2,670.34,341,17.18820512820513,37,1,2010-09-17 09:34:00,2011-05-31 13:17:00,256,8.5,78.86,170.5,1,1
13399.0,464,3,275.4,120,18.36,10,1,2010-07-08 17:47:00,2010-09-01 13:59:00,54,1.8,153.0,40.0,1,1
13400.0,583,1,310.83,284,13.514347826086956,23,1,2010-05-06 09:00:00,2010-05-06 09:00:00,0,1.0,310.83,284.0,1,1
13402.0,127,4,1226.85,917,15.52974683544304,55,1,2010-05-24 10:56:00,2011-08-04 15:51:00,437,14.6,84.03,229.25,1,1
13404.0,1,2,252.49,111,22.953636363636363,11,1,2011-05-11 11:57:00,2011-12-08 15:37:00,211,7.0,36.07,55.5,0,1
13406.0,427,2,568.92,292,63.21333333333333,7,1,2010-03-18 07:29:00,2010-10-08 14:44:00,204,6.8,83.66,146.0,1,1
13407.0,579,3,2244.7,1690,26.408235294117645,85,1,2010-02-16 11:13:00,2010-05-10 12:41:00,83,2.8,801.68,563.33,1,1
13411.0,107,1,213.55,72,11.863888888888887,17,1,2011-08-24 13:57:00,2011-08-24 13:57:00,0,1.0,213.55,72.0,1,1
13412.0,620,1,487.35,176,14.333823529411765,33,1,2010-03-29 16:28:00,2010-03-29 16:28:00,0,1.0,487.35,176.0,1,1
13413.0,640,6,429.44,455,9.986976744186046,38,1,2010-01-21 17:43:00,2010-03-10 12:17:00,47,1.6,268.4,75.83,1,1
13414.0,134,6,2494.14,2702,45.348,48,1,2010-04-15 17:00:00,2011-07-29 11:45:00,469,15.6,159.88,450.33,1,1
13415.0,473,4,784.17,496,7.764059405940594,85,1,2009-12-11 14:20:00,2010-08-24 11:38:00,255,8.5,92.26,124.0,1,1
13419.0,64,1,221.06,275,13.81625,16,1,2011-10-07 12:49:00,2011-10-07 12:49:00,0,1.0,221.06,275.0,0,1
13420.0,150,2,159.85,101,19.98125,8,1,2011-06-22 11:35:00,2011-07-13 08:48:00,20,0.7,228.36,50.5,1,1
13422.0,64,1,2626.3,1326,20.67952755905512,127,1,2011-10-06 13:42:00,2011-10-06 13:42:00,0,1.0,2626.3,1326.0,0,1
13423.0,429,1,217.03,141,18.085833333333333,12,1,2010-10-07 09:02:00,2010-10-07 09:02:00,0,1.0,217.03,141.0,1,1
13424.0,450,1,572.77,529,14.31925,40,1,2010-09-16 10:49:00,2010-09-16 10:49:00,0,1.0,572.77,529.0,1,1
13425.0,108,5,3390.4300000000003,2358,19.154971751412432,124,1,2010-05-09 14:35:00,2011-08-23 17:13:00,471,15.7,215.95,471.6,1,1
13432.0,571,2,439.1,217,3.955855855855856,98,1,2010-04-06 14:42:00,2010-05-17 13:18:00,40,1.3,337.77,108.5,1,1
13433.0,501,4,658.32,190,27.430000000000003,22,1,2010-01-12 08:59:00,2010-07-26 16:55:00,195,6.5,101.28,47.5,1,1
13436.0,2,1,196.89,76,16.4075,12,1,2011-12-08 10:33:00,2011-12-08 10:33:00,0,1.0,196.89,76.0,0,1
13438.0,547,1,46.5,10,46.5,1,1,2010-06-10 18:46:00,2010-06-10 18:46:00,0,1.0,46.5,10.0,1,1
13439.0,255,3,986.61,952,5.907844311377246,132,1,2010-07-01 14:36:00,2011-03-29 14:20:00,270,9.0,109.62,317.33,1,1
13441.0,92,2,720.9,520,18.971052631578942,33,1,2010-10-04 10:38:00,2011-09-09 09:38:00,339,11.3,63.8,260.0,1,1
13442.0,667,3,419.87,115,11.04921052631579,33,1,2009-12-01 14:59:00,2010-02-10 14:03:00,70,2.3,182.55,38.33,1,1
13443.0,449,6,1273.16,805,6.3658,176,1,2010-01-31 13:30:00,2010-09-17 12:31:00,228,7.6,167.52,134.17,1,1
13444.0,374,2,619.08,331,10.861052631578948,51,1,2010-07-21 14:34:00,2010-11-30 13:02:00,131,4.4,140.7,165.5,1,1
13445.0,626,1,241.9,198,34.55714285714286,7,1,2010-03-23 15:34:00,2010-03-23 15:34:00,0,1.0,241.9,198.0,1,1
13449.0,24,1,291.88,222,15.362105263157895,19,1,2011-11-16 08:28:00,2011-11-16 08:28:00,0,1.0,291.88,222.0,0,1
13452.0,259,3,729.8,6,243.26666666666665,2,1,2010-08-24 09:53:00,2011-03-25 14:19:00,213,7.1,102.79,2.0,1,1
13453.0,166,3,781.69,341,19.542250000000003,33,1,2010-11-02 13:23:00,2011-06-27 09:34:00,236,7.9,98.95,113.67,1,1
13454.0,641,1,219.87,198,9.559565217391304,23,1,2010-03-08 14:40:00,2010-03-08 14:40:00,0,1.0,219.87,198.0,1,1
13457.0,689,2,148.22,96,16.468888888888888,9,1,2009-12-02 12:46:00,2010-01-20 08:48:00,48,1.6,92.64,48.0,1,1
13459.0,625,2,1160.41,986,15.896027397260276,57,1,2010-01-26 13:35:00,2010-03-25 10:24:00,57,1.9,610.74,493.0,1,1
13462.0,253,5,1153.85,697,16.251408450704226,64,1,2009-12-14 09:48:00,2011-04-01 11:20:00,473,15.8,73.03,139.4,1,1
13465.0,446,2,931.12,584,27.385882352941177,34,1,2010-05-02 15:30:00,2010-09-19 15:13:00,139,4.6,202.42,292.0,1,1
13466.0,184,5,1013.35,660,18.424545454545456,49,1,2010-03-21 13:50:00,2011-06-08 16:39:00,444,14.8,68.47,132.0,1,1
13469.0,653,1,82.4,52,13.733333333333334,6,1,2010-02-24 15:03:00,2010-02-24 15:03:00,0,1.0,82.4,52.0,1,1
13470.0,99,2,165.0,100,16.5,7,1,2011-08-16 17:06:00,2011-09-01 14:57:00,15,0.5,330.0,50.0,1,1
13472.0,464,2,592.24,310,21.15142857142857,24,1,2010-06-02 09:48:00,2010-09-02 09:41:00,91,3.0,197.41,155.0,1,1
13474.0,236,3,646.59,318,5.131666666666667,116,1,2010-08-01 14:40:00,2011-04-17 13:53:00,258,8.6,75.18,106.0,1,1
13475.0,191,4,1431.78,1012,16.648604651162792,64,1,2011-02-14 12:36:00,2011-06-01 13:52:00,107,3.6,397.72,253.0,1,1
13476.0,179,5,2061.4700000000003,713,19.447830188679248,86,1,2010-03-05 09:39:00,2011-06-14 12:00:00,466,15.5,133.0,142.6,1,1
13479.0,201,4,851.37,716,16.063584905660377,45,1,2010-08-19 16:18:00,2011-05-23 10:45:00,276,9.2,92.54,179.0,1,1
13480.0,417,2,627.82,362,15.31268292682927,40,1,2010-01-29 12:35:00,2010-10-19 11:53:00,262,8.7,72.16,181.0,1,1
13483.0,66,1,140.34,160,14.034,10,1,2011-10-05 11:53:00,2011-10-05 11:53:00,0,1.0,140.34,160.0,0,1
13484.0,241,3,790.72,224,20.2748717948718,38,1,2010-03-10 11:46:00,2011-04-12 16:30:00,398,13.3,59.45,74.67,1,1
13489.0,105,4,449.52,560,32.10857142857143,11,1,2011-02-18 10:42:00,2011-08-26 13:16:00,189,6.3,71.35,140.0,1,1
13490.0,654,1,154.25,25,19.28125,8,1,2010-02-23 14:48:00,2010-02-23 14:48:00,0,1.0,154.25,25.0,1,1
13492.0,136,3,1269.84,408,25.3968,38,1,2011-05-09 10:06:00,2011-07-26 14:25:00,78,2.6,488.4,136.0,1,1
13493.0,275,2,618.63,380,77.32875,6,1,2011-02-25 16:42:00,2011-03-09 15:35:00,11,0.4,1546.57,190.0,1,1
13494.0,312,1,316.26000000000005,162,17.570000000000004,18,1,2011-02-01 11:58:00,2011-02-01 11:58:00,0,1.0,316.26,162.0,1,1
13497.0,283,6,1166.8300000000002,525,20.117758620689656,52,1,2010-02-08 10:27:00,2011-03-02 09:04:00,386,12.9,90.45,87.5,1,1
13498.0,730,1,327.38,362,19.25764705882353,17,1,2009-12-09 15:26:00,2009-12-09 15:26:00,0,1.0,327.38,362.0,1,1
13501.0,288,3,2885.11,1253,25.30798245614035,90,1,2010-05-18 13:24:00,2011-02-24 18:59:00,282,9.4,306.93,417.67,1,1
13504.0,64,1,295.93,178,13.451363636363636,22,1,2011-10-06 13:20:00,2011-10-06 13:20:00,0,1.0,295.93,178.0,0,1
13508.0,244,2,287.05,180,10.251785714285717,27,1,2010-03-07 11:58:00,2011-04-10 11:58:00,399,13.3,21.58,90.0,1,1
13511.0,677,1,282.76,60,56.552,5,1,2010-02-01 12:10:00,2010-02-01 12:10:00,0,1.0,282.76,60.0,1,1
13512.0,261,4,713.39,419,18.292051282051283,31,1,2010-05-05 13:22:00,2011-03-24 10:03:00,322,10.7,66.67,104.75,1,1
13518.0,86,1,627.16,382,17.42111111111111,36,1,2011-09-15 10:29:00,2011-09-15 10:29:00,0,1.0,627.16,382.0,0,1
13522.0,30,1,125.8,44,25.160000000000004,5,1,2011-11-09 15:11:00,2011-11-09 15:11:00,0,1.0,125.8,44.0,0,1
13524.0,41,5,680.1800000000001,324,25.19185185185185,17,1,2011-05-04 12:26:00,2011-10-30 12:34:00,179,6.0,113.36,64.8,0,1
13525.0,15,2,628.78,394,104.79666666666668,5,1,2011-04-05 15:36:00,2011-11-25 12:01:00,233,7.8,80.61,197.0,0,1
13526.0,738,2,1182.0,1911,26.863636363636363,29,1,2009-12-01 12:56:00,2009-12-01 13:13:00,0,1.0,1182.0,955.5,1,1
13529.0,79,2,307.76,74,20.517333333333333,15,1,2011-05-19 11:50:00,2011-09-22 09:15:00,125,4.2,73.28,37.0,0,1
13530.0,634,1,402.98,272,22.387777777777774,18,1,2010-03-15 14:10:00,2010-03-15 14:10:00,0,1.0,402.98,272.0,1,1
13532.0,34,1,210.31,129,3.1865151515151515,66,1,2011-11-06 12:25:00,2011-11-06 12:25:00,0,1.0,210.31,129.0,0,1
13533.0,183,3,269.09,202,3.5878666666666663,61,1,2011-03-17 12:47:00,2011-06-10 11:54:00,84,2.8,96.1,67.33,1,1
13535.0,403,1,89.5,10,89.5,1,1,2010-11-02 11:49:00,2010-11-02 11:49:00,0,1.0,89.5,10.0,1,1
13537.0,426,2,717.85,337,17.09166666666667,38,1,2010-09-14 10:41:00,2010-10-10 12:45:00,26,0.9,797.61,168.5,1,1
13540.0,467,3,632.39,189,19.7621875,26,1,2010-02-22 09:22:00,2010-08-29 14:20:00,188,6.3,100.38,63.0,1,1
13541.0,427,2,785.25,279,78.525,10,1,2010-05-18 16:15:00,2010-10-08 16:37:00,143,4.8,163.59,139.5,1,1
13542.0,377,17,3959.49,804,11.962205438066466,98,1,2009-12-10 19:53:00,2010-11-28 11:24:00,352,11.7,338.42,47.29,1,1
13543.0,634,2,1439.61,329,30.63,37,1,2010-01-21 14:30:00,2010-03-15 13:34:00,52,1.7,846.83,164.5,1,1
13545.0,391,2,364.93,252,6.757962962962963,54,1,2010-06-13 11:49:00,2010-11-14 11:27:00,153,5.1,71.55,126.0,1,1
13547.0,408,1,167.08,79,3.797272727272728,44,1,2010-10-27 14:14:00,2010-10-27 14:14:00,0,1.0,167.08,79.0,1,1
13550.0,383,1,342.55,430,8.155952380952382,40,1,2010-11-21 15:24:00,2010-11-21 15:24:00,0,1.0,342.55,430.0,1,1
13551.0,319,2,244.2,36,48.84,5,1,2010-02-11 15:01:00,2011-01-24 14:46:00,346,11.5,21.23,18.0,1,1
13553.0,675,1,499.6,201,5.613483146067416,85,1,2010-02-03 12:21:00,2010-02-03 12:21:00,0,1.0,499.6,201.0,1,1
13554.0,380,7,1629.35,578,8.313010204081632,156,1,2010-09-19 12:39:00,2010-11-24 15:05:00,66,2.2,740.61,82.57,1,1
13556.0,429,2,200.82,134,22.313333333333333,8,1,2010-09-30 09:01:00,2010-10-06 16:44:00,6,0.2,1004.1,67.0,1,1
13559.0,513,2,990.0,360,495.0,1,1,2010-06-14 11:52:00,2010-07-15 09:52:00,30,1.0,990.0,180.0,1,1
13560.0,7,1,171.42000000000002,63,5.3568750000000005,32,1,2011-12-02 13:11:00,2011-12-02 13:11:00,0,1.0,171.42,63.0,0,1
13564.0,144,37,16498.97,8878,13.749141666666668,484,1,2009-12-02 11:55:00,2011-07-18 14:33:00,593,19.8,833.28,239.95,1,1
13567.0,428,4,1079.29,643,5.369601990049751,180,1,2010-06-16 12:48:00,2010-10-07 12:51:00,113,3.8,284.02,160.75,1,1
13568.0,173,1,187.05,66,4.3500000000000005,41,1,2011-06-19 14:42:00,2011-06-19 14:42:00,0,1.0,187.05,66.0,1,1
13570.0,243,1,239.49,161,8.870000000000001,27,1,2011-04-10 13:36:00,2011-04-10 13:36:00,0,1.0,239.49,161.0,1,1
13572.0,206,1,1384.25,534,41.946969696969695,32,1,2011-05-18 11:59:00,2011-05-18 11:59:00,0,1.0,1384.25,534.0,1,1
13574.0,411,1,404.45,304,4.444505494505495,84,1,2010-10-24 13:28:00,2010-10-24 13:28:00,0,1.0,404.45,304.0,1,1
13575.0,23,5,732.07,449,15.914565217391305,41,1,2011-06-16 14:24:00,2011-11-16 13:14:00,152,5.1,143.54,89.8,0,1
13578.0,409,1,147.66,127,16.406666666666666,9,1,2010-10-26 13:44:00,2010-10-26 13:44:00,0,1.0,147.66,127.0,1,1
13580.0,406,1,107.75,45,21.55,5,1,2010-10-29 15:01:00,2010-10-29 15:01:00,0,1.0,107.75,45.0,1,1
13581.0,309,2,280.53000000000003,119,8.500909090909092,32,1,2010-10-21 16:30:00,2011-02-03 14:41:00,104,3.5,80.15,59.5,1,1
13582.0,390,2,241.68,106,21.97090909090909,10,1,2010-04-01 11:38:00,2010-11-15 11:34:00,227,7.6,31.8,53.0,1,1
13583.0,156,2,1445.031,1097,15.05240625,93,1,2010-01-29 13:53:00,2011-07-07 10:40:00,523,17.4,83.05,548.5,1,1
13585.0,531,3,684.54,1386,17.552307692307693,29,1,2009-12-01 14:56:00,2010-06-27 12:33:00,207,6.9,99.21,462.0,1,1
13586.0,541,1,127.28,38,6.364,20,1,2010-06-16 13:47:00,2010-06-16 13:47:00,0,1.0,127.28,38.0,1,1
13592.0,36,4,247.96,84,15.4975,15,1,2011-03-20 14:01:00,2011-11-04 09:49:00,228,7.6,32.63,21.0,0,1
13593.0,108,14,5493.29,2170,13.463946078431372,212,1,2010-03-02 16:36:00,2011-08-23 13:35:00,538,17.9,306.89,155.0,1,1
13595.0,517,3,784.48,341,5.485874125874126,114,1,2010-03-03 14:42:00,2010-07-11 12:36:00,129,4.3,182.44,113.67,1,1
13597.0,400,2,396.71,231,23.335882352941177,17,1,2010-11-02 09:30:00,2010-11-04 14:54:00,2,0.1,3967.1,115.5,1,1
13600.0,312,2,518.42,599,12.644390243902436,35,1,2010-03-15 17:16:00,2011-01-31 15:27:00,321,10.7,48.45,299.5,1,1
13603.0,26,1,164.34,164,6.086666666666667,27,1,2011-11-13 15:57:00,2011-11-13 15:57:00,0,1.0,164.34,164.0,0,1
13604.0,659,1,717.62,242,34.172380952380955,21,1,2010-02-19 12:02:00,2010-02-19 12:02:00,0,1.0,717.62,242.0,1,1
13605.0,387,2,522.67,425,9.861698113207549,50,1,2010-05-17 15:46:00,2010-11-17 17:16:00,184,6.1,85.68,212.5,1,1
13606.0,29,3,276.75,276,6.91875,40,1,2011-02-01 11:42:00,2011-11-10 17:46:00,282,9.4,29.44,92.0,0,1
13608.0,541,1,232.05,110,6.825,31,1,2010-06-17 12:28:00,2010-06-17 12:28:00,0,1.0,232.05,110.0,1,1
13609.0,593,1,167.35,19,23.90714285714285,7,1,2010-04-25 13:26:00,2010-04-25 13:26:00,0,1.0,167.35,19.0,1,1
13612.0,633,1,818.29,444,16.3658,50,1,2010-03-17 12:14:00,2010-03-17 12:14:00,0,1.0,818.29,444.0,1,1
13613.0,453,5,1039.85,445,17.62457627118644,50,1,2010-02-17 12:40:00,2010-09-13 12:01:00,207,6.9,150.7,89.0,1,1
13615.0,319,8,6272.53,2910,17.091362397820163,259,1,2010-01-28 15:43:00,2011-01-25 08:21:00,361,12.0,522.71,363.75,1,1
13616.0,568,2,283.85,172,8.110000000000001,31,1,2010-01-17 14:56:00,2010-05-20 12:59:00,122,4.1,69.23,86.0,1,1
13618.0,174,1,177.34,246,13.64153846153846,13,1,2011-06-19 11:09:00,2011-06-19 11:09:00,0,1.0,177.34,246.0,1,1
13619.0,545,2,224.94,79,4.998666666666667,39,1,2010-02-03 14:16:00,2010-06-13 11:39:00,129,4.3,52.31,39.5,1,1
13620.0,528,1,112.34,74,22.468,5,1,2010-06-29 15:02:00,2010-06-29 15:02:00,0,1.0,112.34,74.0,1,1
13621.0,117,1,213.85,343,11.255263157894737,19,1,2011-08-15 08:26:00,2011-08-15 08:26:00,0,1.0,213.85,343.0,1,1
13622.0,696,1,658.95,379,20.5921875,32,1,2010-01-12 13:22:00,2010-01-12 13:22:00,0,1.0,658.95,379.0,1,1
13624.0,388,1,462.08,820,21.003636363636364,22,1,2010-11-16 13:43:00,2010-11-16 13:43:00,0,1.0,462.08,820.0,1,1
13625.0,597,1,301.26,144,14.345714285714283,21,1,2010-04-22 10:50:00,2010-04-22 10:50:00,0,1.0,301.26,144.0,1,1
13626.0,253,2,707.04,398,16.069090909090907,44,1,2010-11-25 16:12:00,2011-04-01 10:05:00,126,4.2,168.34,199.0,1,1
13628.0,676,1,310.14,106,19.38375,16,1,2010-02-01 14:44:00,2010-02-01 14:44:00,0,1.0,310.14,106.0,1,1
13631.0,100,11,3070.42,467,279.1290909090909,6,1,2011-03-17 17:13:00,2011-09-01 09:57:00,167,5.6,548.29,42.45,1,1
13636.0,37,5,949.12,592,15.065396825396826,57,1,2011-02-27 14:29:00,2011-11-03 10:30:00,248,8.3,114.35,118.4,0,1
13637.0,52,3,804.3,405,8.124242424242423,79,1,2011-04-27 13:06:00,2011-10-18 13:32:00,174,5.8,138.67,135.0,0,1
13638.0,16,1,122.64,93,15.33,8,1,2011-11-24 10:38:00,2011-11-24 10:38:00,0,1.0,122.64,93.0,0,1
13640.0,611,1,405.0,108,101.25,4,1,2010-04-07 15:33:00,2010-04-07 15:33:00,0,1.0,405.0,108.0,1,1
13642.0,216,4,472.2,231,4.497142857142857,93,1,2010-10-03 12:23:00,2011-05-08 12:34:00,217,7.2,65.58,57.75,1,1
13645.0,120,1,252.1,158,50.42,5,1,2011-08-11 16:11:00,2011-08-11 16:11:00,0,1.0,252.1,158.0,1,1
13646.0,400,2,326.25,79,5.625,58,1,2010-11-05 12:00:00,2010-11-05 12:13:00,0,1.0,326.25,39.5,1,1
13648.0,400,8,1764.02,960,16.641698113207546,95,1,2009-12-01 18:13:00,2010-11-04 14:46:00,337,11.2,157.5,120.0,1,1
13649.0,257,6,1453.68,782,13.46,97,1,2010-06-30 16:35:00,2011-03-28 11:51:00,270,9.0,161.52,130.33,1,1
13653.0,488,1,152.2,72,16.91111111111111,9,1,2010-08-09 08:19:00,2010-08-09 08:19:00,0,1.0,152.2,72.0,1,1
13655.0,114,6,2280.51,1225,19.163949579831936,103,1,2010-04-27 09:59:00,2011-08-17 14:25:00,477,15.9,143.43,204.17,1,1
13656.0,165,4,1078.85,862,12.400574712643676,81,1,2010-04-23 12:50:00,2011-06-28 10:31:00,430,14.3,75.44,215.5,1,1
13657.0,11,2,382.14,209,23.88375,16,1,2011-05-22 12:35:00,2011-11-29 12:32:00,190,6.3,60.66,104.5,0,1
13660.0,400,1,306.64,136,7.665999999999999,39,1,2010-11-04 16:10:00,2010-11-04 16:10:00,0,1.0,306.64,136.0,1,1
13661.0,603,1,325.24,118,19.131764705882357,17,1,2010-04-15 14:58:00,2010-04-15 14:58:00,0,1.0,325.24,118.0,1,1
13663.0,179,5,2047.51,893,20.681919191919192,87,1,2010-03-03 10:11:00,2011-06-13 15:44:00,467,15.6,131.25,178.6,1,1
13665.0,386,3,1711.66,1652,16.147735849056605,97,1,2010-07-23 13:29:00,2010-11-18 13:06:00,117,3.9,438.89,550.67,1,1
13667.0,149,1,299.05,149,3.603012048192771,82,1,2011-07-13 15:42:00,2011-07-13 15:42:00,0,1.0,299.05,149.0,1,1
13670.0,75,1,349.7,282,13.988,25,1,2011-09-25 15:25:00,2011-09-25 15:25:00,0,1.0,349.7,282.0,0,1
13671.0,395,1,172.6,95,2.696875,61,1,2010-11-10 10:50:00,2010-11-10 10:50:00,0,1.0,172.6,95.0,1,1
13673.0,19,2,387.44,114,6.457333333333334,47,1,2011-11-07 15:40:00,2011-11-21 12:11:00,13,0.4,968.6,57.0,0,1
13674.0,433,1,240.68,102,17.19142857142857,14,1,2010-10-03 10:41:00,2010-10-03 10:41:00,0,1.0,240.68,102.0,1,1
13675.0,151,2,486.8200000000001,330,19.472800000000003,25,1,2011-02-28 12:14:00,2011-07-11 12:57:00,133,4.4,110.64,165.0,1,1
13676.0,539,2,243.9,104,18.76153846153846,13,1,2010-03-30 16:53:00,2010-06-18 17:30:00,80,2.7,90.33,52.0,1,1
13677.0,405,2,551.24,217,5.200377358490566,98,1,2010-07-07 17:25:00,2010-10-31 11:32:00,115,3.8,145.06,108.5,1,1
13678.0,152,1,232.6,924,14.5375,16,1,2011-07-11 10:14:00,2011-07-11 10:14:00,0,1.0,232.6,924.0,1,1
13679.0,494,3,281.26,102,5.6252,44,1,2009-12-04 16:52:00,2010-08-03 12:13:00,241,8.0,35.16,34.0,1,1
13681.0,18,4,827.83,360,14.523333333333332,37,1,2011-07-07 15:21:00,2011-11-22 11:13:00,137,4.6,179.96,90.0,0,1
13682.0,187,1,59.5,10,19.83333333333333,3,1,2011-06-05 14:06:00,2011-06-05 14:06:00,0,1.0,59.5,10.0,1,1
13683.0,458,1,258.6,180,25.860000000000003,10,1,2010-09-08 10:00:00,2010-09-08 10:00:00,0,1.0,258.6,180.0,1,1
13684.0,286,4,594.88,234,5.508148148148148,81,1,2010-03-28 14:48:00,2011-02-27 10:13:00,335,11.2,53.11,58.5,1,1
13686.0,183,3,409.04,378,12.030588235294118,27,1,2010-11-03 13:44:00,2011-06-10 09:10:00,218,7.3,56.03,126.0,1,1
13687.0,438,1,11880.84,87167,264.01866666666666,45,1,2010-09-27 16:30:00,2010-09-27 16:30:00,0,1.0,11880.84,87167.0,1,1
13688.0,635,1,375.5,130,75.1,5,1,2010-03-14 14:11:00,2010-03-14 14:11:00,0,1.0,375.5,130.0,1,1
13690.0,59,1,172.25,67,19.13888888888889,9,1,2011-10-11 15:03:00,2011-10-11 15:03:00,0,1.0,172.25,67.0,0,1
13691.0,396,1,212.78,145,3.9403703703703705,54,1,2010-11-08 17:34:00,2010-11-08 17:34:00,0,1.0,212.78,145.0,1,1
13693.0,374,9,2011.82,880,18.979433962264157,78,1,2009-12-07 11:29:00,2010-11-30 18:21:00,358,11.9,169.06,97.78,1,1
13696.0,422,3,2020.4,552,84.18333333333334,24,1,2010-02-11 14:17:00,2010-10-14 09:44:00,244,8.1,249.43,184.0,1,1
13697.0,39,1,151.3,177,12.608333333333334,12,1,2011-11-01 09:14:00,2011-11-01 09:14:00,0,1.0,151.3,177.0,0,1
13698.0,597,2,451.73,227,11.887631578947367,31,1,2010-01-27 09:02:00,2010-04-22 11:52:00,85,2.8,161.33,113.5,1,1
13699.0,155,2,764.15,219,20.6527027027027,33,1,2010-06-07 13:03:00,2011-07-07 16:51:00,395,13.2,57.89,109.5,1,1
13701.0,447,1,161.0,80,17.88888888888889,9,1,2010-09-19 12:39:00,2010-09-19 12:39:00,0,1.0,161.0,80.0,1,1
13702.0,446,1,135.18,74,27.036,5,1,2010-09-20 11:40:00,2010-09-20 11:40:00,0,1.0,135.18,74.0,1,1
13703.0,318,2,425.56,128,11.501621621621622,36,1,2010-10-20 13:11:00,2011-01-25 13:10:00,96,3.2,132.99,64.0,1,1
13706.0,303,2,631.1700000000001,301,16.609736842105264,38,1,2010-03-23 09:18:00,2011-02-10 09:21:00,324,10.8,58.44,150.5,1,1
13707.0,267,5,3365.86,2210,21.715225806451613,142,1,2010-06-21 11:57:00,2011-03-17 18:03:00,269,9.0,373.98,442.0,1,1
13708.0,271,1,285.33,301,5.823061224489796,49,1,2011-03-13 13:46:00,2011-03-13 13:46:00,0,1.0,285.33,301.0,1,1
13712.0,247,2,766.42,1128,23.224848484848483,32,1,2010-04-08 11:16:00,2011-04-07 12:33:00,364,12.1,63.34,564.0,1,1
13713.0,408,3,740.76,284,9.2595,70,1,2010-05-05 16:48:00,2010-10-27 16:18:00,174,5.8,127.72,94.67,1,1
13714.0,465,1,161.35,50,5.378333333333333,30,1,2010-08-31 13:57:00,2010-08-31 13:57:00,0,1.0,161.35,50.0,1,1
13716.0,269,1,138.28,138,6.584761904761905,21,1,2011-03-15 13:49:00,2011-03-15 13:49:00,0,1.0,138.28,138.0,1,1
13718.0,246,2,306.55,173,25.54583333333333,9,1,2011-02-17 11:58:00,2011-04-07 13:24:00,49,1.6,191.59,86.5,1,1
13720.0,117,4,799.9,501,18.60232558139535,42,1,2011-03-30 09:17:00,2011-08-15 12:46:00,138,4.6,173.89,125.25,1,1
13723.0,217,6,1194.08,593,20.58758620689655,51,1,2010-04-07 14:32:00,2011-05-06 17:04:00,394,13.1,91.15,98.83,1,1
13724.0,637,1,213.01,130,5.071666666666666,39,1,2010-03-12 15:28:00,2010-03-12 15:28:00,0,1.0,213.01,130.0,1,1
13726.0,39,2,1079.66,1054,25.70619047619048,39,1,2011-08-31 11:06:00,2011-11-01 10:49:00,61,2.0,539.83,527.0,0,1
13729.0,436,3,724.73,419,18.582820512820515,36,1,2010-01-24 14:57:00,2010-09-30 10:44:00,248,8.3,87.32,139.67,1,1
13730.0,136,2,752.6,488,17.50232558139535,38,1,2011-07-01 12:47:00,2011-07-27 08:35:00,25,0.8,940.75,244.0,1,1
13731.0,219,2,610.59,278,16.068157894736842,36,1,2011-04-07 10:10:00,2011-05-04 14:33:00,27,0.9,678.43,139.0,1,1
13732.0,28,1,491.86,498,14.904848484848486,33,1,2011-11-11 15:49:00,2011-11-11 15:49:00,0,1.0,491.86,498.0,0,1
13733.0,411,2,487.03,335,16.794137931034484,28,1,2009-12-04 15:28:00,2010-10-25 12:18:00,324,10.8,45.1,167.5,1,1
13734.0,509,4,6695.6900000000005,302,247.98851851851853,24,1,2010-04-16 08:42:00,2010-07-19 12:04:00,94,3.1,2159.9,75.5,1,1
13737.0,200,1,339.6,125,11.32,29,1,2011-05-23 16:32:00,2011-05-23 16:32:00,0,1.0,339.6,125.0,1,1
13738.0,396,1,434.78,237,4.885168539325843,88,1,2010-11-08 15:23:00,2010-11-08 15:23:00,0,1.0,434.78,237.0,1,1
13741.0,72,3,668.4300000000001,218,19.65970588235294,34,1,2011-05-06 13:43:00,2011-09-29 09:19:00,145,4.8,139.26,72.67,0,1
13744.0,95,2,1080.52,1153,17.15111111111111,54,1,2011-02-20 14:08:00,2011-09-05 15:19:00,197,6.6,163.72,576.5,1,1
13745.0,162,2,777.36,1146,13.881428571428572,46,1,2010-06-11 17:19:00,2011-06-30 16:43:00,383,12.8,60.73,573.0,1,1
13746.0,414,1,176.69,83,19.63222222222222,9,1,2010-10-22 11:55:00,2010-10-22 11:55:00,0,1.0,176.69,83.0,1,1
13747.0,374,2,169.8,60,33.96,4,1,2010-10-11 09:15:00,2010-12-01 10:37:00,51,1.7,99.88,30.0,1,1
13748.0,96,9,2064.35,1028,35.592241379310344,40,1,2009-12-01 16:44:00,2011-09-05 09:45:00,642,21.4,96.46,114.22,1,1
13751.0,288,1,296.25,152,32.916666666666664,9,1,2011-02-24 15:56:00,2011-02-24 15:56:00,0,1.0,296.25,152.0,1,1
13753.0,288,4,2094.57,1450,26.182125000000003,64,1,2009-12-03 10:20:00,2011-02-25 12:48:00,449,15.0,139.64,362.5,1,1
13754.0,152,3,447.05,315,21.28809523809524,16,1,2010-09-28 15:29:00,2011-07-11 11:51:00,285,9.5,47.06,105.0,1,1
13757.0,675,1,195.55,54,24.44375,8,1,2010-02-03 12:37:00,2010-02-03 12:37:00,0,1.0,195.55,54.0,1,1
13759.0,33,2,659.4100000000001,287,26.376400000000004,24,1,2011-09-29 15:40:00,2011-11-06 14:47:00,37,1.2,549.51,143.5,0,1
13762.0,219,5,2472.48,2608,70.64228571428572,23,1,2010-01-10 12:13:00,2011-05-05 09:15:00,479,16.0,154.53,521.6,1,1
13765.0,653,1,352.821,297,20.75417647058824,17,1,2010-02-24 13:46:00,2010-02-24 13:46:00,0,1.0,352.82,297.0,1,1
13766.0,495,1,190.35,137,11.197058823529412,16,1,2010-08-01 14:25:00,2010-08-01 14:25:00,0,1.0,190.35,137.0,1,1
13768.0,727,2,875.97,373,26.544545454545457,30,1,2009-12-09 10:25:00,2009-12-13 10:41:00,4,0.1,8759.7,186.5,1,1
13770.0,422,4,785.37,468,16.361875,48,1,2009-12-09 14:44:00,2010-10-13 15:10:00,308,10.3,76.25,117.0,1,1
13773.0,397,2,301.54,174,15.870526315789474,19,1,2010-02-18 10:27:00,2010-11-08 11:49:00,263,8.8,34.27,87.0,1,1
13774.0,82,1,345.0,192,15.681818181818182,22,1,2011-09-19 12:06:00,2011-09-19 12:06:00,0,1.0,345.0,192.0,0,1
13775.0,591,1,1049.66,455,16.661269841269842,63,1,2010-04-28 12:15:00,2010-04-28 12:15:00,0,1.0,1049.66,455.0,1,1
13776.0,428,2,623.98,2,311.99,1,1,2010-10-07 16:07:00,2010-10-07 16:11:00,0,1.0,623.98,1.0,1,1
13778.0,103,4,1124.49,511,25.55659090909091,33,1,2010-05-23 13:34:00,2011-08-28 15:25:00,462,15.4,73.02,127.75,1,1
13779.0,516,1,161.13,53,5.967777777777777,27,1,2010-07-12 11:24:00,2010-07-12 11:24:00,0,1.0,161.13,53.0,1,1
13781.0,251,3,778.83,300,13.663684210526316,56,1,2009-12-18 15:46:00,2011-04-03 12:08:00,470,15.7,49.61,100.0,1,1
13783.0,488,4,1542.09,3437,154.209,4,1,2010-02-04 13:47:00,2010-08-09 09:23:00,185,6.2,248.72,859.25,1,1
13785.0,429,4,542.49,151,18.083,26,1,2010-09-05 16:01:00,2010-10-07 09:25:00,31,1.0,542.49,37.75,1,1
13788.0,505,1,3.75,1,3.75,1,1,2010-07-22 15:50:00,2010-07-22 15:50:00,0,1.0,3.75,1.0,1,1
13789.0,388,1,239.46,258,13.303333333333336,18,1,2010-11-16 15:31:00,2010-11-16 15:31:00,0,1.0,239.46,258.0,1,1
13791.0,128,2,1516.0,1200,137.8181818181818,7,1,2011-06-24 16:38:00,2011-08-04 11:44:00,40,1.3,1166.15,600.0,1,1
13793.0,647,1,96.0,52,13.714285714285714,7,1,2010-03-03 08:25:00,2010-03-03 08:25:00,0,1.0,96.0,52.0,1,1
13794.0,547,1,126.03,63,14.003333333333334,9,1,2010-06-11 12:30:00,2010-06-11 12:30:00,0,1.0,126.03,63.0,1,1
13795.0,388,4,836.3,1250,28.83793103448276,23,1,2010-03-12 12:44:00,2010-11-16 17:25:00,249,8.3,100.76,312.5,1,1
13796.0,499,1,289.7,218,13.168181818181818,22,1,2010-07-28 14:45:00,2010-07-28 14:45:00,0,1.0,289.7,218.0,1,1
13797.0,437,3,1179.45,573,15.121153846153849,71,1,2010-03-02 12:17:00,2010-09-29 10:34:00,210,7.0,168.49,191.0,1,1
13800.0,310,3,1679.56,891,23.00767123287671,73,1,2009-12-03 10:03:00,2011-02-03 12:27:00,427,14.2,118.28,297.0,1,1
13801.0,67,1,324.8,168,14.121739130434785,23,1,2011-10-04 10:15:00,2011-10-04 10:15:00,0,1.0,324.8,168.0,0,1
13802.0,139,19,26259.11,14129,58.61408482142857,212,1,2010-02-16 10:11:00,2011-07-24 10:54:00,523,17.4,1509.14,743.63,1,1
13805.0,52,2,924.6,1900,71.12307692307692,10,1,2011-08-02 15:29:00,2011-10-18 14:50:00,76,2.5,369.84,950.0,0,1
13806.0,64,1,256.38,56,25.638,10,1,2011-10-07 11:43:00,2011-10-07 11:43:00,0,1.0,256.38,56.0,0,1
13807.0,367,3,422.2,116,16.887999999999998,24,1,2009-12-04 12:41:00,2010-12-07 15:48:00,368,12.3,34.33,38.67,1,1
13809.0,305,3,679.6999999999999,281,27.188,23,1,2010-09-05 11:42:00,2011-02-07 13:15:00,155,5.2,130.71,93.67,1,1
13811.0,184,3,814.5,68,62.65384615384615,7,1,2011-04-14 18:40:00,2011-06-09 09:54:00,55,1.8,452.5,22.67,1,1
13814.0,92,3,2257.32,1214,28.573670886075952,56,1,2010-06-30 14:12:00,2011-09-08 13:48:00,434,14.5,155.68,404.67,1,1
13816.0,24,2,571.6700000000001,269,20.41678571428572,25,1,2011-10-06 14:37:00,2011-11-16 08:38:00,40,1.3,439.75,134.5,0,1
13817.0,29,2,382.98,211,15.9575,20,1,2010-12-23 11:46:00,2011-11-10 17:49:00,322,10.7,35.79,105.5,0,1
13818.0,430,1,61.28,60,12.256,5,1,2010-10-06 12:35:00,2010-10-06 12:35:00,0,1.0,61.28,60.0,1,1
13820.0,418,3,652.75,285,7.334269662921348,68,1,2010-01-28 12:26:00,2010-10-17 13:46:00,262,8.7,75.03,95.0,1,1
13821.0,145,6,1379.08,477,6.760196078431372,158,1,2010-01-04 13:36:00,2011-07-18 09:49:00,559,18.6,74.14,79.5,1,1
13825.0,622,2,255.59,182,6.38975,38,1,2009-12-09 14:30:00,2010-03-28 11:02:00,108,3.6,71.0,91.0,1,1
13826.0,176,1,189.5,82,18.95,10,1,2011-06-16 13:48:00,2011-06-16 13:48:00,0,1.0,189.5,82.0,1,1
13827.0,58,3,409.8,138,4.4543478260869565,83,1,2011-07-19 15:38:00,2011-10-13 12:38:00,85,2.8,146.36,46.0,0,1
13828.0,22,1,209.49,311,13.966,15,1,2011-11-17 16:02:00,2011-11-17 16:02:00,0,1.0,209.49,311.0,0,1
13829.0,421,1,102.0,12,102.0,1,1,2010-10-14 18:19:00,2010-10-14 18:19:00,0,1.0,102.0,12.0,1,1
13830.0,582,1,156.85000000000002,47,14.259090909090911,11,1,2010-05-07 12:24:00,2010-05-07 12:24:00,0,1.0,156.85,47.0,1,1
13833.0,159,2,700.41,243,15.91840909090909,43,1,2010-10-31 14:11:00,2011-07-03 13:27:00,244,8.1,86.47,121.5,1,1
13834.0,577,2,324.19,221,20.261875,15,1,2010-02-08 12:52:00,2010-05-12 10:27:00,92,3.1,104.58,110.5,1,1
13836.0,399,2,620.37,273,20.011935483870968,29,1,2010-10-21 13:27:00,2010-11-05 13:31:00,15,0.5,1240.74,136.5,1,1
13837.0,212,2,266.59000000000003,182,14.810555555555558,17,1,2011-01-26 12:15:00,2011-05-12 12:10:00,105,3.5,76.17,91.0,1,1
13839.0,486,1,139.95000000000002,25,19.992857142857144,7,1,2010-08-10 13:52:00,2010-08-10 13:52:00,0,1.0,139.95,25.0,1,1
13840.0,416,1,651.4,358,16.285,40,1,2010-10-19 13:34:00,2010-10-19 13:34:00,0,1.0,651.4,358.0,1,1
13841.0,253,1,85.0,100,85.0,1,1,2011-04-01 12:10:00,2011-04-01 12:10:00,0,1.0,85.0,100.0,1,1
13843.0,381,1,319.75,145,17.76388888888889,18,1,2010-11-23 17:48:00,2010-11-23 17:48:00,0,1.0,319.75,145.0,1,1
13844.0,11,1,361.62,196,18.081,20,1,2011-11-28 13:21:00,2011-11-28 13:21:00,0,1.0,361.62,196.0,0,1
13845.0,65,1,312.98,182,34.77555555555556,9,1,2011-10-06 08:25:00,2011-10-06 08:25:00,0,1.0,312.98,182.0,0,1
13847.0,720,1,310.72,96,16.353684210526318,19,1,2009-12-20 10:41:00,2009-12-20 10:41:00,0,1.0,310.72,96.0,1,1
13848.0,92,8,3015.0,9200,301.5,3,1,2009-12-09 16:17:00,2011-09-08 12:58:00,637,21.2,142.22,1150.0,1,1
13850.0,129,1,1595.48,944,17.155698924731183,93,1,2011-08-02 14:04:00,2011-08-02 14:04:00,0,1.0,1595.48,944.0,1,1
13852.0,611,1,187.35,85,17.031818181818185,11,1,2010-04-08 09:06:00,2010-04-08 09:06:00,0,1.0,187.35,85.0,1,1
13853.0,57,1,1090.14,312,47.39739130434782,23,1,2011-10-13 14:18:00,2011-10-13 14:18:00,0,1.0,1090.14,312.0,0,1
13855.0,501,4,1310.34,575,17.949863013698632,64,1,2009-12-08 16:56:00,2010-07-27 09:53:00,230,7.7,170.17,143.75,1,1
13856.0,169,11,1142.03,1105,21.148703703703703,33,1,2010-03-30 15:40:00,2011-06-24 10:03:00,450,15.0,76.14,100.45,1,1
13857.0,393,6,1001.01,782,7.820390625,99,1,2010-05-17 14:21:00,2010-11-11 12:54:00,177,5.9,169.66,130.33,1,1
13858.0,57,1,216.17,75,19.651818181818182,11,1,2011-10-13 16:17:00,2011-10-13 16:17:00,0,1.0,216.17,75.0,0,1
13859.0,326,2,515.86,167,14.329444444444444,34,1,2010-06-28 15:36:00,2011-01-17 16:14:00,203,6.8,75.86,83.5,1,1
13861.0,429,2,273.26,225,13.012380952380951,21,1,2010-06-27 11:37:00,2010-10-06 14:20:00,101,3.4,80.37,112.5,1,1
13863.0,248,4,1239.55,553,17.707857142857144,59,1,2010-04-25 13:09:00,2011-04-06 10:20:00,345,11.5,107.79,138.25,1,1
13864.0,387,1,662.4000000000001,192,662.4000000000001,1,1,2010-11-18 12:50:00,2010-11-18 12:50:00,0,1.0,662.4,192.0,1,1
13865.0,58,4,501.56,204,16.718666666666667,26,1,2011-02-23 12:04:00,2011-10-12 13:31:00,231,7.7,65.14,51.0,0,1
13866.0,74,1,145.67,57,20.81,7,1,2011-09-26 14:54:00,2011-09-26 14:54:00,0,1.0,145.67,57.0,0,1
13867.0,31,3,1005.09,501,16.7515,51,1,2011-05-05 17:28:00,2011-11-08 15:48:00,186,6.2,162.11,167.0,0,1
13868.0,7,2,3192.54,1964,96.74363636363636,32,1,2011-11-01 12:45:00,2011-12-02 16:32:00,31,1.0,3192.54,982.0,0,1
13872.0,527,3,919.57,339,16.13280701754386,51,1,2009-12-14 09:56:00,2010-06-30 15:35:00,198,6.6,139.33,113.0,1,1
13873.0,120,8,1038.92,472,17.315333333333335,55,1,2010-03-03 12:31:00,2011-08-12 10:08:00,526,17.5,59.37,59.0,1,1
13874.0,358,7,2049.15,864,29.697826086956525,46,1,2010-02-04 18:39:00,2010-12-16 18:20:00,314,10.5,195.16,123.43,1,1
13876.0,64,1,122.7,36,17.52857142857143,7,1,2011-10-07 10:22:00,2011-10-07 10:22:00,0,1.0,122.7,36.0,0,1
13879.0,646,1,395.5,204,15.82,25,1,2010-03-04 10:49:00,2010-03-04 10:49:00,0,1.0,395.5,204.0,1,1
13885.0,189,2,506.8,182,18.1,28,1,2011-05-23 08:52:00,2011-06-03 15:07:00,11,0.4,1267.0,91.0,1,1
13886.0,71,1,243.56,126,15.2225,16,1,2011-09-29 13:17:00,2011-09-29 13:17:00,0,1.0,243.56,126.0,0,1
13887.0,204,1,349.55,147,18.397368421052636,19,1,2011-05-19 17:22:00,2011-05-19 17:22:00,0,1.0,349.55,147.0,1,1
13888.0,120,7,2001.59,795,11.705204678362572,124,1,2010-05-13 11:57:00,2011-08-12 10:13:00,455,15.2,131.68,113.57,1,1
13889.0,93,6,1991.23,979,23.990722891566264,57,1,2010-01-22 14:32:00,2011-09-08 09:13:00,593,19.8,100.57,163.17,1,1
13891.0,378,3,859.21,476,8.678888888888888,97,1,2010-05-06 16:02:00,2010-11-26 15:57:00,203,6.8,126.35,158.67,1,1
13893.0,298,1,821.1,190,39.1,21,1,2011-02-15 11:30:00,2011-02-15 11:30:00,0,1.0,821.1,190.0,1,1
13894.0,24,3,564.62,354,20.911851851851853,25,1,2011-02-02 12:54:00,2011-11-16 09:44:00,286,9.5,59.43,118.0,0,1
13896.0,626,1,388.55,149,18.502380952380957,21,1,2010-03-24 08:55:00,2010-03-24 08:55:00,0,1.0,388.55,149.0,1,1
13898.0,326,2,686.4,544,14.921739130434782,43,1,2010-10-24 15:42:00,2011-01-18 10:28:00,85,2.8,245.14,272.0,1,1
13899.0,16,2,388.52,156,20.448421052631577,19,1,2011-03-10 09:30:00,2011-11-23 13:40:00,258,8.6,45.18,78.0,0,1
13900.0,183,6,1610.59,938,16.953578947368424,80,1,2010-03-25 13:46:00,2011-06-09 19:26:00,441,14.7,109.56,156.33,1,1
13902.0,632,5,34095.26,220600,541.1946031746032,58,1,2009-12-15 10:02:00,2010-03-17 13:09:00,92,3.1,10998.47,44120.0,1,1
13903.0,400,1,165.45000000000002,103,16.545,10,1,2010-11-04 17:44:00,2010-11-04 17:44:00,0,1.0,165.45,103.0,1,1
13904.0,37,2,332.64,332,12.793846153846154,24,1,2011-02-18 11:18:00,2011-11-02 13:41:00,257,8.6,38.68,166.0,0,1
13905.0,733,1,312.65,135,26.054166666666664,12,1,2009-12-07 11:41:00,2009-12-07 11:41:00,0,1.0,312.65,135.0,1,1
13906.0,409,1,42.0,100,42.0,1,1,2010-10-26 15:00:00,2010-10-26 15:00:00,0,1.0,42.0,100.0,1,1
13907.0,692,1,136.8,68,34.2,4,1,2010-01-17 12:22:00,2010-01-17 12:22:00,0,1.0,136.8,68.0,1,1
13909.0,423,2,282.85,301,7.44342105263158,35,1,2010-07-06 16:52:00,2010-10-12 17:22:00,98,3.3,85.71,150.5,1,1
13912.0,424,1,124.95,29,17.85,7,1,2010-10-12 08:43:00,2010-10-12 08:43:00,0,1.0,124.95,29.0,1,1
13913.0,507,1,42.22,10,14.073333333333332,3,1,2010-07-21 10:11:00,2010-07-21 10:11:00,0,1.0,42.22,10.0,1,1
13915.0,394,1,70.80000000000001,24,35.400000000000006,2,1,2010-11-10 15:17:00,2010-11-10 15:17:00,0,1.0,70.8,24.0,1,1
13916.0,464,4,1275.81,673,17.240675675675675,72,1,2010-02-02 10:06:00,2010-09-02 10:04:00,211,7.0,182.26,168.25,1,1
13917.0,50,2,272.04,228,15.113333333333337,16,1,2011-06-01 12:46:00,2011-10-21 09:56:00,141,4.7,57.88,114.0,0,1
13918.0,50,2,1212.84,1140,40.428,30,1,2011-03-31 18:05:00,2011-10-21 12:25:00,203,6.8,178.36,570.0,0,1
13920.0,432,4,1774.68,1772,20.635813953488373,81,1,2010-05-26 15:48:00,2010-10-04 12:37:00,130,4.3,412.72,443.0,1,1
13921.0,402,4,730.7,210,16.606818181818184,36,1,2009-12-18 12:19:00,2010-11-02 16:32:00,319,10.6,68.93,52.5,1,1
13922.0,352,3,865.2,467,28.84,30,1,2010-08-29 14:36:00,2010-12-23 10:38:00,115,3.8,227.68,155.67,1,1
13923.0,54,1,351.13,185,17.5565,20,1,2011-10-17 12:33:00,2011-10-17 12:33:00,0,1.0,351.13,185.0,0,1
13925.0,93,4,678.25,331,16.54268292682927,28,1,2011-07-28 12:09:00,2011-09-08 12:47:00,42,1.4,484.46,82.75,1,1
13926.0,23,1,223.85,104,20.35,11,1,2011-11-16 13:16:00,2011-11-16 13:16:00,0,1.0,223.85,104.0,0,1
13928.0,11,4,464.57,129,17.206296296296298,23,1,2011-07-29 15:59:00,2011-11-29 10:33:00,122,4.1,113.31,32.25,0,1
13929.0,169,11,3494.1,1566,61.3,38,1,2010-01-14 07:25:00,2011-06-23 15:26:00,525,17.5,199.66,142.36,1,1
13930.0,58,2,337.34,274,19.843529411764703,15,1,2011-07-26 11:00:00,2011-10-13 09:45:00,78,2.6,129.75,137.0,0,1
13932.0,295,1,307.4,72,19.2125,16,1,2011-02-18 12:02:00,2011-02-18 12:02:00,0,1.0,307.4,72.0,1,1
13933.0,109,2,608.79,205,26.46913043478261,23,1,2011-07-14 13:35:00,2011-08-22 14:03:00,39,1.3,468.3,102.5,1,1
13934.0,264,1,922.1,390,29.74516129032258,31,1,2011-03-21 08:39:00,2011-03-21 08:39:00,0,1.0,922.1,390.0,1,1
13935.0,597,3,6116.92,2252,76.4615,67,1,2010-02-25 16:01:00,2010-04-22 11:21:00,55,1.8,3398.29,750.67,1,1
13936.0,180,3,939.66,661,15.926440677966102,56,1,2010-10-21 14:21:00,2011-06-13 08:47:00,234,7.8,120.47,220.33,1,1
13937.0,169,2,880.13,587,16.298703703703705,54,1,2010-11-02 12:37:00,2011-06-23 16:35:00,233,7.8,112.84,293.5,1,1
13938.0,35,1,71.66,70,10.237142857142857,7,1,2011-11-04 14:37:00,2011-11-04 14:37:00,0,1.0,71.66,70.0,0,1
13940.0,17,4,839.14,516,17.12530612244898,39,1,2011-07-18 16:05:00,2011-11-22 15:15:00,126,4.2,199.8,129.0,0,1
13942.0,535,1,320.0,1000,320.0,1,1,2010-06-23 12:35:00,2010-06-23 12:35:00,0,1.0,320.0,1000.0,1,1
13943.0,578,1,246.54,94,16.436,15,1,2010-05-11 11:30:00,2010-05-11 11:30:00,0,1.0,246.54,94.0,1,1
13944.0,653,1,200.43,153,5.726571428571429,35,1,2010-02-24 15:02:00,2010-02-24 15:02:00,0,1.0,200.43,153.0,1,1
13945.0,395,2,854.1500000000001,413,16.748039215686276,49,1,2010-08-17 09:59:00,2010-11-10 10:00:00,85,2.8,305.05,206.5,1,1
13947.0,65,1,90.6,44,18.12,5,1,2011-10-05 14:42:00,2011-10-05 14:42:00,0,1.0,90.6,44.0,0,1
13950.0,11,4,745.0600000000001,323,21.28742857142857,33,1,2011-04-07 11:29:00,2011-11-28 14:44:00,235,7.8,95.52,80.75,0,1
13951.0,176,3,674.45,459,17.293589743589745,38,1,2011-02-18 15:21:00,2011-06-16 16:43:00,118,3.9,172.94,153.0,1,1
13952.0,218,14,12823.521,5947,31.35335207823961,238,1,2009-12-16 09:41:00,2011-05-06 09:00:00,505,16.8,763.3,424.79,1,1
13954.0,2,2,439.92,150,17.5968,24,1,2011-09-30 10:52:00,2011-12-08 12:50:00,69,2.3,191.27,75.0,0,1
13955.0,154,3,544.0699999999999,272,6.400823529411764,82,1,2010-11-29 17:35:00,2011-07-08 17:19:00,220,7.3,74.53,90.67,1,1
13956.0,5,5,1019.27,486,6.933809523809524,123,1,2011-03-13 12:51:00,2011-12-04 13:20:00,266,8.9,114.52,97.2,0,1
13957.0,418,3,458.25,157,16.97222222222222,21,1,2010-02-19 10:32:00,2010-10-18 10:02:00,240,8.0,57.28,52.33,1,1
13960.0,21,2,230.22,142,19.185,11,1,2011-09-29 12:39:00,2011-11-18 15:27:00,50,1.7,135.42,71.0,0,1
13961.0,392,1,538.4,226,28.336842105263155,19,1,2010-11-12 14:40:00,2010-11-12 14:40:00,0,1.0,538.4,226.0,1,1
13964.0,387,2,438.9,228,18.2875,22,1,2010-10-05 12:38:00,2010-11-17 13:53:00,43,1.4,313.5,114.0,1,1
13965.0,477,3,996.61,425,41.525416666666665,23,1,2010-01-05 15:21:00,2010-08-20 10:40:00,226,7.5,132.88,141.67,1,1
13966.0,435,1,384.26,760,18.29809523809524,21,1,2010-09-30 13:08:00,2010-09-30 13:08:00,0,1.0,384.26,760.0,1,1
13967.0,146,2,166.3,66,27.71666666666667,4,1,2010-11-08 13:24:00,2011-07-17 12:02:00,250,8.3,20.04,33.0,1,1
13968.0,423,1,123.66,174,15.4575,8,1,2010-10-12 13:22:00,2010-10-12 13:22:00,0,1.0,123.66,174.0,1,1
13970.0,386,2,846.55,469,65.11923076923077,10,1,2010-09-28 11:53:00,2010-11-18 13:21:00,51,1.7,497.97,234.5,1,1
13972.0,71,2,190.25,187,12.683333333333334,15,1,2011-05-22 11:34:00,2011-09-30 11:54:00,131,4.4,43.24,93.5,0,1
13973.0,287,1,264.7,109,24.063636363636363,11,1,2011-02-25 15:21:00,2011-02-25 15:21:00,0,1.0,264.7,109.0,1,1
13976.0,207,4,1192.36,452,21.29214285714286,49,1,2010-02-09 13:08:00,2011-05-17 09:13:00,461,15.4,77.43,113.0,1,1
13977.0,411,1,519.8100000000001,303,39.98538461538462,13,1,2010-10-24 14:08:00,2010-10-24 14:08:00,0,1.0,519.81,303.0,1,1
13981.0,416,1,331.14,234,15.05181818181818,22,1,2010-10-20 10:03:00,2010-10-20 10:03:00,0,1.0,331.14,234.0,1,1
13986.0,17,1,320.46,430,24.650769230769228,12,1,2011-11-22 15:00:00,2011-11-22 15:00:00,0,1.0,320.46,430.0,0,1
13987.0,380,2,682.54,492,14.837826086956522,46,1,2010-11-04 09:54:00,2010-11-25 10:20:00,21,0.7,975.06,246.0,1,1
13990.0,213,1,311.3,190,19.45625,16,1,2011-05-10 15:19:00,2011-05-10 15:19:00,0,1.0,311.3,190.0,1,1
13997.0,519,3,376.46,143,8.55590909090909,36,1,2010-06-07 17:33:00,2010-07-08 18:06:00,31,1.0,376.46,47.67,1,1
13998.0,447,3,566.7,204,18.280645161290323,30,1,2010-05-12 13:18:00,2010-09-19 10:20:00,129,4.3,131.79,68.0,1,1
14003.0,733,1,209.41,149,13.088125,16,1,2009-12-07 08:53:00,2009-12-07 08:53:00,0,1.0,209.41,149.0,1,1
14006.0,116,7,2196.67,2181,28.528181818181817,55,1,2010-02-25 09:45:00,2011-08-16 09:39:00,536,17.9,122.72,311.57,1,1
14007.0,513,1,79.48,16,15.896,5,1,2010-07-15 09:06:00,2010-07-15 09:06:00,0,1.0,79.48,16.0,1,1
14008.0,432,1,509.04,326,15.9075,32,1,2010-10-03 13:09:00,2010-10-03 13:09:00,0,1.0,509.04,326.0,1,1
14009.0,198,3,1099.91,951,14.863648648648647,71,1,2010-09-03 12:08:00,2011-05-25 15:47:00,264,8.8,124.99,317.0,1,1
14010.0,565,2,445.15,177,18.547916666666666,20,1,2010-05-23 12:46:00,2010-05-23 13:00:00,0,1.0,445.15,88.5,1,1
14011.0,480,2,457.82,644,14.306875,32,1,2010-04-11 13:40:00,2010-08-16 15:31:00,127,4.2,109.0,322.0,1,1
14012.0,278,1,328.8,160,29.89090909090909,11,1,2011-03-07 12:26:00,2011-03-07 12:26:00,0,1.0,328.8,160.0,1,1
14015.0,53,1,917.34,378,45.867,20,1,2011-10-18 10:02:00,2011-10-18 10:02:00,0,1.0,917.34,378.0,0,1
14016.0,162,11,11403.41,5722,25.45404017857143,354,1,2010-01-08 14:12:00,2011-07-01 11:29:00,538,17.9,637.06,520.18,1,1
14017.0,571,1,229.75,73,16.410714285714285,14,1,2010-05-17 14:52:00,2010-05-17 14:52:00,0,1.0,229.75,73.0,1,1
14018.0,645,1,367.15,224,28.24230769230769,13,1,2010-03-04 14:23:00,2010-03-04 14:23:00,0,1.0,367.15,224.0,1,1
14021.0,155,7,1716.58,878,19.07311111111111,84,1,2010-04-26 11:22:00,2011-07-07 15:46:00,437,14.6,117.57,125.43,1,1
14022.0,225,2,792.15,681,16.854255319148937,45,1,2010-08-10 09:38:00,2011-04-28 14:39:00,261,8.7,91.05,340.5,1,1
14023.0,7,2,584.07,345,18.840967741935486,30,1,2011-04-03 15:50:00,2011-12-02 13:58:00,242,8.1,72.11,172.5,0,1
14024.0,122,3,645.74,238,18.99235294117647,33,1,2010-11-14 10:51:00,2011-08-10 11:30:00,269,9.0,71.75,79.33,1,1
14025.0,465,8,4057.9,1914,40.98888888888889,60,1,2010-05-05 09:56:00,2010-09-01 10:11:00,119,4.0,1014.48,239.25,1,1
14026.0,471,2,713.11,427,14.2622,43,1,2010-03-24 14:10:00,2010-08-26 10:31:00,154,5.1,139.83,213.5,1,1
14027.0,61,1,104.82,62,17.47,6,1,2011-10-10 09:01:00,2011-10-10 09:01:00,0,1.0,104.82,62.0,0,1
14028.0,550,3,10396.5,7170,1155.1666666666667,3,1,2010-06-07 12:02:00,2010-06-07 13:33:00,0,1.0,10396.5,2390.0,1,1
14029.0,63,2,467.66,198,31.177333333333333,15,1,2011-07-18 16:57:00,2011-10-07 14:46:00,80,2.7,173.21,99.0,0,1
14033.0,555,1,109.44,576,109.44,1,1,2010-06-02 15:10:00,2010-06-02 15:10:00,0,1.0,109.44,576.0,1,1
14034.0,22,3,648.89,420,7.545232558139535,82,1,2011-07-05 13:06:00,2011-11-17 14:02:00,135,4.5,144.2,140.0,0,1
14036.0,285,1,626.65,268,16.49078947368421,38,1,2011-02-28 09:26:00,2011-02-28 09:26:00,0,1.0,626.65,268.0,1,1
14041.0,266,1,141.41,94,6.733809523809524,21,1,2011-03-18 13:25:00,2011-03-18 13:25:00,0,1.0,141.41,94.0,1,1
14042.0,725,1,431.98,180,20.570476190476192,21,1,2009-12-14 15:07:00,2009-12-14 15:07:00,0,1.0,431.98,180.0,1,1
14043.0,491,2,302.6,152,7.380487804878048,37,1,2009-12-10 15:56:00,2010-08-05 18:18:00,238,7.9,38.3,76.0,1,1
14045.0,109,16,10986.63,4459,296.93594594594595,16,1,2010-01-08 10:08:00,2011-08-22 15:27:00,591,19.7,557.7,278.69,1,1
14046.0,284,1,154.99,460,11.070714285714288,14,1,2011-02-28 14:48:00,2011-02-28 14:48:00,0,1.0,154.99,460.0,1,1
14050.0,32,2,746.36,689,13.821481481481484,49,1,2011-08-25 13:46:00,2011-11-08 10:00:00,74,2.5,298.54,344.5,0,1
14053.0,124,4,572.3,490,63.58888888888888,3,1,2010-08-10 11:02:00,2011-08-07 14:27:00,362,12.1,47.3,122.5,1,1
14054.0,65,1,92.46,62,15.410000000000002,6,1,2011-10-05 15:49:00,2011-10-05 15:49:00,0,1.0,92.46,62.0,0,1
14055.0,106,3,1520.96,720,46.08969696969697,33,1,2009-12-16 15:11:00,2011-08-25 15:04:00,616,20.5,74.19,240.0,1,1
14058.0,463,2,469.19,211,19.54958333333333,23,1,2010-06-27 11:29:00,2010-09-03 09:31:00,67,2.2,213.27,105.5,1,1
14059.0,267,1,183.6,128,22.95,8,1,2011-03-18 10:06:00,2011-03-18 10:06:00,0,1.0,183.6,128.0,1,1
14061.0,507,3,917.43,133,48.28578947368421,17,1,2009-12-01 18:03:00,2010-07-20 17:22:00,230,7.7,119.15,44.33,1,1
14063.0,438,9,22710.2,3850,567.755,30,1,2009-12-08 13:46:00,2010-09-27 16:18:00,293,9.8,2317.37,427.78,1,1
14066.0,267,1,152.55,45,21.792857142857144,7,1,2011-03-18 12:21:00,2011-03-18 12:21:00,0,1.0,152.55,45.0,1,1
14068.0,320,4,1516.72,510,14.043703703703704,93,1,2010-01-31 10:10:00,2011-01-23 16:02:00,357,11.9,127.46,127.5,1,1
14069.0,515,2,225.81,58,5.507560975609756,37,1,2010-05-27 12:30:00,2010-07-13 12:12:00,46,1.5,150.54,29.0,1,1
14070.0,685,1,321.6,85,7.843902439024391,40,1,2010-01-24 12:27:00,2010-01-24 12:27:00,0,1.0,321.6,85.0,1,1
14072.0,667,1,390.85,65,20.571052631578947,19,1,2010-02-11 12:31:00,2010-02-11 12:31:00,0,1.0,390.85,65.0,1,1
14073.0,32,1,151.04,130,11.618461538461538,13,1,2011-11-07 15:49:00,2011-11-07 15:49:00,0,1.0,151.04,130.0,0,1
14074.0,623,1,219.4,228,36.56666666666667,6,1,2010-03-26 13:55:00,2010-03-26 13:55:00,0,1.0,219.4,228.0,1,1
14076.0,129,1,118.67,79,2.6970454545454547,43,1,2011-08-02 15:19:00,2011-08-02 15:19:00,0,1.0,118.67,79.0,1,1
14077.0,41,6,615.08,376,10.983571428571429,43,1,2010-11-09 16:01:00,2011-10-30 12:35:00,354,11.8,52.13,62.67,0,1
14078.0,102,9,1553.47,586,10.49641891891892,107,1,2010-03-28 15:05:00,2011-08-30 12:16:00,519,17.3,89.8,65.11,1,1
14082.0,365,2,413.36,246,6.359384615384616,48,1,2010-11-12 11:47:00,2010-12-10 11:02:00,27,0.9,459.29,123.0,1,1
14084.0,512,1,150.5,306,21.5,7,1,2010-07-15 14:36:00,2010-07-15 14:36:00,0,1.0,150.5,306.0,1,1
14086.0,463,1,39.95,1,39.95,1,1,2010-09-03 10:52:00,2010-09-03 10:52:00,0,1.0,39.95,1.0,1,1
14089.0,57,1,158.75,133,12.211538461538462,13,1,2011-10-14 10:38:00,2011-10-14 10:38:00,0,1.0,158.75,133.0,0,1
14090.0,325,1,76.32000000000001,72,76.32000000000001,1,1,2011-01-19 10:51:00,2011-01-19 10:51:00,0,1.0,76.32,72.0,1,1
14091.0,654,2,9530.08,3316,733.0830769230769,13,1,2010-01-10 13:41:00,2010-02-23 15:17:00,44,1.5,6353.39,1658.0,1,1
14094.0,440,1,311.77,158,7.250465116279069,41,1,2010-09-26 11:58:00,2010-09-26 11:58:00,0,1.0,311.77,158.0,1,1
14095.0,723,1,2.95,1,2.95,1,1,2009-12-17 12:49:00,2009-12-17 12:49:00,0,1.0,2.95,1.0,1,1
14097.0,481,2,422.86,352,10.5715,39,1,2010-03-04 10:46:00,2010-08-15 14:20:00,164,5.5,76.88,176.0,1,1
14098.0,37,1,147.35,104,7.016666666666667,21,1,2011-11-03 10:13:00,2011-11-03 10:13:00,0,1.0,147.35,104.0,0,1
14100.0,138,1,191.95,63,7.678,24,1,2011-07-25 11:01:00,2011-07-25 11:01:00,0,1.0,191.95,63.0,1,1
14105.0,239,5,5988.83,3534,21.465340501792117,200,1,2009-12-18 16:57:00,2011-04-14 17:58:00,482,16.1,371.98,706.8,1,1
14106.0,737,1,214.8,24,214.8,1,1,2009-12-02 14:09:00,2009-12-02 14:09:00,0,1.0,214.8,24.0,1,1
14109.0,73,1,144.2,88,16.022222222222222,9,1,2011-09-28 10:18:00,2011-09-28 10:18:00,0,1.0,144.2,88.0,0,1
14111.0,14,4,692.85,458,69.285,10,1,2011-04-12 11:36:00,2011-11-25 13:44:00,227,7.6,91.16,114.5,0,1
14114.0,274,7,1364.09,650,18.43364864864865,72,1,2010-04-12 11:07:00,2011-03-11 09:42:00,332,11.1,122.89,92.86,1,1
14115.0,502,2,622.67,509,28.303181818181816,22,1,2010-02-11 11:44:00,2010-07-26 12:36:00,165,5.5,113.21,254.5,1,1
14117.0,144,1,90.0,72,30.0,3,1,2011-07-19 09:49:00,2011-07-19 09:49:00,0,1.0,90.0,72.0,1,1
14118.0,429,1,458.45,97,30.563333333333333,15,1,2010-10-07 11:59:00,2010-10-07 11:59:00,0,1.0,458.45,97.0,1,1
14119.0,376,2,183.37,177,16.67,11,1,2009-12-21 14:52:00,2010-11-29 10:33:00,342,11.4,16.09,88.5,1,1
14122.0,406,3,362.42,114,27.87846153846154,12,1,2009-12-02 14:22:00,2010-10-29 15:11:00,331,11.0,32.95,38.0,1,1
14123.0,733,1,436.18,234,18.174166666666668,24,1,2009-12-06 15:35:00,2009-12-06 15:35:00,0,1.0,436.18,234.0,1,1
14124.0,84,1,419.58,1618,83.916,4,1,2011-09-16 13:32:00,2011-09-16 13:32:00,0,1.0,419.58,1618.0,0,1
14126.0,8,4,1172.46,887,27.26651162790698,37,1,2010-09-21 14:51:00,2011-12-02 11:45:00,436,14.5,80.86,221.75,0,1
14127.0,123,6,1900.08,828,16.240000000000002,96,1,2010-10-10 11:53:00,2011-08-09 10:49:00,302,10.1,188.13,138.0,1,1
14131.0,649,1,168.22,105,3.65695652173913,45,1,2010-03-01 11:59:00,2010-03-01 11:59:00,0,1.0,168.22,105.0,1,1
14133.0,130,4,911.14,398,25.309444444444445,33,1,2009-12-06 12:10:00,2011-08-02 11:34:00,603,20.1,45.33,99.5,1,1
14134.0,383,15,11123.35,5814,61.79638888888889,130,1,2009-12-10 09:25:00,2010-11-22 12:26:00,347,11.6,958.91,387.6,1,1
14136.0,401,5,1570.81,1148,14.818962264150944,86,1,2009-12-08 09:19:00,2010-11-04 11:53:00,331,11.0,142.8,229.6,1,1
14137.0,696,1,332.7,462,30.245454545454542,11,1,2010-01-13 12:30:00,2010-01-13 12:30:00,0,1.0,332.7,462.0,1,1
14138.0,2,2,965.88,600,20.997391304347826,40,1,2011-10-07 09:38:00,2011-12-08 12:44:00,62,2.1,459.94,300.0,0,1
14141.0,3,4,915.13,355,22.87825,27,1,2011-08-26 14:40:00,2011-12-07 09:53:00,102,3.4,269.16,88.75,0,1
14142.0,373,2,671.34,518,15.257727272727273,42,1,2010-03-03 15:13:00,2010-12-01 16:33:00,273,9.1,73.77,259.0,1,1
14143.0,134,1,115.8,30,16.54285714285714,7,1,2011-07-29 09:48:00,2011-07-29 09:48:00,0,1.0,115.8,30.0,1,1
14144.0,486,1,30.6,12,30.6,1,1,2010-08-10 15:17:00,2010-08-10 15:17:00,0,1.0,30.6,12.0,1,1
14145.0,47,7,7600.05,1655,304.002,11,1,2010-04-08 09:47:00,2011-10-24 12:10:00,564,18.8,404.26,236.43,0,1
14148.0,234,2,466.29,223,27.428823529411765,15,1,2010-10-21 14:08:00,2011-04-20 12:02:00,180,6.0,77.72,111.5,1,1
14149.0,221,1,446.62,218,15.950714285714286,28,1,2011-05-03 09:44:00,2011-05-03 09:44:00,0,1.0,446.62,218.0,1,1
14150.0,36,2,658.64,496,25.33230769230769,23,1,2010-12-15 10:04:00,2011-11-04 10:05:00,324,10.8,60.99,248.0,0,1
14151.0,673,2,679.45,405,15.442045454545456,44,1,2009-12-23 10:54:00,2010-02-04 15:35:00,43,1.4,485.32,202.5,1,1
14153.0,483,1,233.4,312,13.729411764705882,17,1,2010-08-13 14:35:00,2010-08-13 14:35:00,0,1.0,233.4,312.0,1,1
14155.0,266,1,118.75,25,19.791666666666668,6,1,2011-03-18 14:13:00,2011-03-18 14:13:00,0,1.0,118.75,25.0,1,1
14158.0,40,1,507.66,781,12.381951219512194,41,1,2011-10-30 15:08:00,2011-10-30 15:08:00,0,1.0,507.66,781.0,0,1
14160.0,610,7,8421.47,4661,78.70532710280374,80,1,2010-01-10 12:06:00,2010-04-08 14:30:00,88,2.9,2903.96,665.86,1,1
14162.0,174,2,289.36,142,11.5744,25,1,2011-02-20 12:32:00,2011-06-19 11:36:00,118,3.9,74.19,71.0,1,1
14164.0,71,2,1631.77,1033,56.26793103448276,28,1,2011-09-20 12:18:00,2011-09-30 12:24:00,10,0.3,5439.23,516.5,0,1
14165.0,276,1,120.44,53,5.0183333333333335,23,1,2011-03-09 12:39:00,2011-03-09 12:39:00,0,1.0,120.44,53.0,1,1
14166.0,505,2,251.15,82,4.924509803921569,39,1,2010-03-23 15:10:00,2010-07-22 19:42:00,121,4.0,62.79,41.0,1,1
14168.0,421,2,370.45,147,24.696666666666665,11,1,2010-05-24 12:28:00,2010-10-15 10:49:00,143,4.8,77.18,73.5,1,1
14169.0,431,2,621.51,205,9.71109375,50,1,2010-09-21 13:39:00,2010-10-05 08:45:00,13,0.4,1553.78,102.5,1,1
14170.0,375,3,570.18,270,3.932275862068965,123,1,2010-11-09 14:06:00,2010-11-29 13:10:00,19,0.6,950.3,90.0,1,1
14172.0,605,3,369.02,78,8.386818181818182,38,1,2010-03-07 10:58:00,2010-04-13 13:26:00,37,1.2,307.52,26.0,1,1
14174.0,33,1,134.46,94,5.171538461538462,26,1,2011-11-06 13:17:00,2011-11-06 13:17:00,0,1.0,134.46,94.0,0,1
14176.0,297,5,756.46,265,20.444864864864865,33,1,2010-11-23 13:21:00,2011-02-15 13:12:00,83,2.8,270.16,53.0,1,1
14181.0,411,2,308.35,120,5.929807692307692,48,1,2010-05-26 12:32:00,2010-10-25 08:27:00,151,5.0,61.67,60.0,1,1
14182.0,444,4,678.77,174,13.5754,42,1,2010-04-22 15:36:00,2010-09-22 11:45:00,152,5.1,133.09,43.5,1,1
14183.0,411,2,278.34000000000003,60,8.186470588235295,27,1,2010-08-15 15:36:00,2010-10-24 14:45:00,69,2.3,121.02,30.0,1,1
14184.0,67,1,452.89,127,18.870416666666667,24,1,2011-10-04 12:43:00,2011-10-04 12:43:00,0,1.0,452.89,127.0,0,1
14185.0,331,1,197.65,6,65.88333333333334,3,1,2011-01-12 13:52:00,2011-01-12 13:52:00,0,1.0,197.65,6.0,1,1
14186.0,427,5,1550.63,1550,14.909903846153847,75,1,2010-03-05 11:17:00,2010-10-08 13:30:00,217,7.2,215.37,310.0,1,1
14187.0,474,1,123.5,50,15.4375,8,1,2010-08-23 12:06:00,2010-08-23 12:06:00,0,1.0,123.5,50.0,1,1
14190.0,666,1,79.9,2,79.9,1,1,2010-02-11 14:27:00,2010-02-11 14:27:00,0,1.0,79.9,2.0,1,1
14192.0,388,1,293.74,218,20.981428571428573,14,1,2010-11-16 17:44:00,2010-11-16 17:44:00,0,1.0,293.74,218.0,1,1
14193.0,68,3,1210.19,653,18.90921875,49,1,2010-11-08 12:31:00,2011-10-03 09:34:00,328,10.9,111.03,217.67,0,1
14195.0,202,6,2615.6,2144,163.475,10,1,2010-03-15 17:12:00,2011-05-22 10:29:00,432,14.4,181.64,357.33,1,1
14196.0,107,1,335.52,142,55.92,6,1,2011-08-25 10:25:00,2011-08-25 10:25:00,0,1.0,335.52,142.0,1,1
14197.0,411,1,390.05,143,19.5025,20,1,2010-10-25 10:01:00,2010-10-25 10:01:00,0,1.0,390.05,143.0,1,1
14199.0,218,4,1091.7,254,60.650000000000006,15,1,2010-06-27 12:13:00,2011-05-05 13:44:00,312,10.4,104.97,63.5,1,1
14200.0,617,1,379.2,140,18.057142857142857,21,1,2010-04-01 13:01:00,2010-04-01 13:01:00,0,1.0,379.2,140.0,1,1
14202.0,381,3,847.76,166,29.233103448275862,27,1,2010-03-25 10:36:00,2010-11-23 17:13:00,243,8.1,104.66,55.33,1,1
14203.0,397,1,339.34,80,21.20875,16,1,2010-11-07 13:35:00,2010-11-07 13:35:00,0,1.0,339.34,80.0,1,1
14206.0,239,3,1185.01,930,16.690281690140846,62,1,2010-11-02 11:37:00,2011-04-14 16:38:00,163,5.4,219.45,310.0,1,1
14207.0,688,1,157.8,36,78.9,2,1,2010-01-21 09:33:00,2010-01-21 09:33:00,0,1.0,157.8,36.0,1,1
14208.0,95,2,567.05,529,16.20142857142857,34,1,2010-06-06 13:11:00,2011-09-06 12:48:00,456,15.2,37.31,264.5,1,1
14213.0,405,1,1192.2,244,238.44,5,1,2010-10-31 10:37:00,2010-10-31 10:37:00,0,1.0,1192.2,244.0,1,1
14214.0,31,5,1004.38,751,14.990746268656716,64,1,2011-03-07 12:26:00,2011-11-09 10:31:00,246,8.2,122.49,150.2,0,1
14218.0,43,1,169.48000000000002,160,14.123333333333337,12,1,2011-10-28 10:00:00,2011-10-28 10:00:00,0,1.0,169.48,160.0,0,1
14220.0,247,4,1515.0,468,39.86842105263158,26,1,2010-05-19 13:26:00,2011-04-06 13:23:00,321,10.7,141.59,117.0,1,1
14222.0,177,1,683.17,607,16.662682926829266,41,1,2011-06-15 16:42:00,2011-06-15 16:42:00,0,1.0,683.17,607.0,1,1
14223.0,92,3,991.13,585,16.518833333333333,50,1,2011-03-20 16:02:00,2011-09-08 13:38:00,171,5.7,173.88,195.0,1,1
14225.0,435,4,2031.07,1167,23.61709302325581,70,1,2010-01-12 15:02:00,2010-10-01 10:32:00,261,8.7,233.46,291.75,1,1
14228.0,438,3,745.5,260,19.61842105263158,38,1,2010-06-11 12:29:00,2010-09-28 09:45:00,108,3.6,207.08,86.67,1,1
14230.0,436,3,979.8,246,29.69090909090909,27,1,2010-06-09 13:56:00,2010-09-30 09:07:00,112,3.7,264.81,82.0,1,1
14231.0,184,4,1235.62,610,17.90753623188406,66,1,2010-09-15 09:52:00,2011-06-09 11:05:00,267,8.9,138.83,152.5,1,1
14237.0,373,2,471.14,238,18.12076923076923,26,1,2010-04-28 10:04:00,2010-12-01 13:20:00,217,7.2,65.44,119.0,1,1
14238.0,326,3,434.23,189,33.402307692307694,13,1,2009-12-05 10:58:00,2011-01-17 14:40:00,408,13.6,31.93,63.0,1,1
14241.0,184,2,333.7,242,27.808333333333334,12,1,2010-01-12 15:11:00,2011-06-09 11:46:00,512,17.1,19.51,121.0,1,1
14242.0,235,2,280.55,123,17.534375,13,1,2011-01-18 08:53:00,2011-04-19 11:46:00,91,3.0,93.52,61.5,1,1
14244.0,661,1,366.42,814,22.90125,16,1,2010-02-17 11:40:00,2010-02-17 11:40:00,0,1.0,366.42,814.0,1,1
14245.0,220,2,1693.45,976,15.680092592592594,107,1,2011-03-21 10:41:00,2011-05-04 08:40:00,43,1.4,1209.61,488.0,1,1
14246.0,111,3,1474.06,804,19.65413333333333,57,1,2011-04-08 08:25:00,2011-08-21 11:50:00,135,4.5,327.57,268.0,1,1
14247.0,278,5,753.56,378,6.668672566371681,82,1,2010-06-06 15:07:00,2011-03-06 15:21:00,273,9.1,82.81,75.6,1,1
14248.0,318,3,1032.95,692,21.977659574468085,41,1,2010-07-12 14:27:00,2011-01-25 14:45:00,197,6.6,156.51,230.67,1,1
14252.0,381,1,350.99,111,35.099000000000004,10,1,2010-11-23 13:36:00,2010-11-23 13:36:00,0,1.0,350.99,111.0,1,1
14253.0,493,2,363.4,88,30.28333333333333,11,1,2010-03-26 15:08:00,2010-08-03 14:55:00,129,4.3,84.51,44.0,1,1
14254.0,433,1,601.03,263,26.13173913043478,23,1,2010-10-03 11:52:00,2010-10-03 11:52:00,0,1.0,601.03,263.0,1,1
14255.0,546,1,1000.63,1,1000.63,1,1,2010-06-11 15:54:00,2010-06-11 15:54:00,0,1.0,1000.63,1.0,1,1
14256.0,260,5,2460.79,1147,18.50218045112782,100,1,2010-01-14 10:35:00,2011-03-24 13:17:00,434,14.5,169.71,229.4,1,1
14259.0,142,1,120.0,68,24.0,5,1,2011-07-21 10:44:00,2011-07-21 10:44:00,0,1.0,120.0,68.0,1,1
14260.0,471,3,824.28,544,16.16235294117647,50,1,2010-06-09 11:23:00,2010-08-25 14:55:00,77,2.6,317.03,181.33,1,1
14263.0,423,1,322.93,171,20.183125,16,1,2010-10-12 14:09:00,2010-10-12 14:09:00,0,1.0,322.93,171.0,1,1
14264.0,155,6,1517.36,553,19.207088607594937,59,1,2010-04-07 13:21:00,2011-07-08 10:20:00,456,15.2,99.83,92.17,1,1
14266.0,428,1,40.56,24,40.56,1,1,2010-10-07 13:32:00,2010-10-07 13:32:00,0,1.0,40.56,24.0,1,1
14267.0,163,3,1516.24,530,27.568,25,1,2011-03-24 11:38:00,2011-06-30 10:09:00,97,3.2,473.82,176.67,1,1
14268.0,471,1,354.85,147,18.676315789473687,19,1,2010-08-26 10:45:00,2010-08-26 10:45:00,0,1.0,354.85,147.0,1,1
14269.0,439,1,295.73,123,18.483125,16,1,2010-09-26 12:53:00,2010-09-26 12:53:00,0,1.0,295.73,123.0,1,1
14270.0,332,1,492.65,197,16.98793103448276,29,1,2011-01-12 09:33:00,2011-01-12 09:33:00,0,1.0,492.65,197.0,1,1
14271.0,226,2,214.18,148,5.636315789473684,38,1,2010-10-26 17:01:00,2011-04-28 12:47:00,183,6.1,35.11,74.0,1,1
14273.0,51,4,559.97,264,19.309310344827587,22,1,2011-04-11 13:24:00,2011-10-19 13:20:00,190,6.3,88.88,66.0,0,1
14274.0,686,1,256.6,178,17.10666666666667,15,1,2010-01-22 12:51:00,2010-01-22 12:51:00,0,1.0,256.6,178.0,1,1
14275.0,396,6,1189.38,538,51.71217391304347,14,1,2010-04-11 12:32:00,2010-11-09 09:06:00,211,7.0,169.91,89.67,1,1
14278.0,410,1,205.83,131,15.833076923076923,13,1,2010-10-26 12:07:00,2010-10-26 12:07:00,0,1.0,205.83,131.0,1,1
14279.0,521,2,191.86,46,63.95333333333334,3,1,2010-01-27 16:34:00,2010-07-07 08:42:00,160,5.3,36.2,23.0,1,1
14280.0,197,1,134.04,52,16.755,8,1,2011-05-27 10:37:00,2011-05-27 10:37:00,0,1.0,134.04,52.0,1,1
14281.0,408,1,245.15,45,35.02142857142857,7,1,2010-10-27 14:45:00,2010-10-27 14:45:00,0,1.0,245.15,45.0,1,1
14283.0,463,4,628.44,550,15.327804878048784,36,1,2010-05-19 12:22:00,2010-09-02 14:46:00,106,3.5,179.55,137.5,1,1
14288.0,213,1,426.6,188,26.6625,16,1,2011-05-10 13:22:00,2011-05-10 13:22:00,0,1.0,426.6,188.0,1,1
14289.0,9,6,911.26,292,19.388510638297877,33,1,2011-02-23 12:33:00,2011-12-01 11:44:00,280,9.3,97.98,48.67,0,1
14294.0,407,1,375.34,190,16.31913043478261,23,1,2010-10-28 16:25:00,2010-10-28 16:25:00,0,1.0,375.34,190.0,1,1
14296.0,421,2,456.4,314,16.9037037037037,27,1,2010-05-14 14:34:00,2010-10-14 14:14:00,152,5.1,89.49,157.0,1,1
14297.0,18,4,1305.33,865,21.053709677419352,48,1,2011-03-10 08:31:00,2011-11-22 09:06:00,257,8.6,151.78,216.25,0,1
14300.0,19,1,43.2,32,14.4,3,1,2011-11-21 08:57:00,2011-11-21 08:57:00,0,1.0,43.2,32.0,0,1
14302.0,431,3,742.9000000000001,298,26.532142857142865,25,1,2009-12-02 08:16:00,2010-10-05 08:10:00,306,10.2,72.83,99.33,1,1
14303.0,407,2,277.94,218,12.633636363636365,21,1,2010-10-01 10:31:00,2010-10-28 15:37:00,27,0.9,308.82,109.0,1,1
14304.0,223,3,1725.01,775,19.602386363636363,69,1,2010-05-18 10:50:00,2011-05-01 11:50:00,348,11.6,148.71,258.33,1,1
14308.0,549,2,1147.02,2,573.51,1,1,2010-06-08 16:39:00,2010-06-08 16:48:00,0,1.0,1147.02,1.0,1,1
14310.0,433,1,492.1,230,22.36818181818182,22,1,2010-10-03 12:34:00,2010-10-03 12:34:00,0,1.0,492.1,230.0,1,1
14311.0,243,2,516.45,235,16.65967741935484,31,1,2010-05-21 10:28:00,2011-04-11 10:14:00,324,10.8,47.82,117.5,1,1
14314.0,107,2,229.8,332,22.98,10,1,2010-10-05 08:00:00,2011-08-25 10:39:00,324,10.8,21.28,166.0,1,1
14316.0,422,5,1370.34,4494,44.20451612903226,21,1,2010-03-19 15:18:00,2010-10-13 16:31:00,208,6.9,198.6,898.8,1,1
14317.0,65,1,508.58,255,21.19083333333333,24,1,2011-10-06 10:44:00,2011-10-06 10:44:00,0,1.0,508.58,255.0,0,1
14318.0,460,1,158.02,152,17.55777777777778,9,1,2010-09-05 15:32:00,2010-09-05 15:32:00,0,1.0,158.02,152.0,1,1
14319.0,424,1,494.85,329,19.032692307692308,26,1,2010-10-11 13:38:00,2010-10-11 13:38:00,0,1.0,494.85,329.0,1,1
14320.0,207,5,1346.75,713,16.626543209876544,68,1,2010-01-21 11:44:00,2011-05-17 09:24:00,480,16.0,84.17,142.6,1,1
14322.0,429,4,474.1,158,36.46923076923077,10,1,2010-02-18 08:49:00,2010-10-06 15:17:00,230,7.7,61.57,39.5,1,1
14323.0,115,2,605.0600000000001,350,16.807222222222222,32,1,2011-04-15 11:44:00,2011-08-17 11:37:00,123,4.1,147.58,175.0,1,1
14324.0,410,2,701.61,402,17.112439024390245,41,1,2010-01-15 13:31:00,2010-10-26 11:44:00,283,9.4,74.64,201.0,1,1
14325.0,570,1,245.48,320,13.637777777777778,18,1,2010-05-19 09:20:00,2010-05-19 09:20:00,0,1.0,245.48,320.0,1,1
14326.0,242,3,940.98,572,16.50842105263158,54,1,2010-06-25 12:10:00,2011-04-11 15:04:00,290,9.7,97.01,190.67,1,1
14328.0,438,1,445.05,1,445.05,1,1,2010-09-27 16:01:00,2010-09-27 16:01:00,0,1.0,445.05,1.0,1,1
14330.0,624,1,200.63,103,15.433076923076923,13,1,2010-03-26 09:10:00,2010-03-26 09:10:00,0,1.0,200.63,103.0,1,1
14331.0,124,2,462.66,252,16.52357142857143,27,1,2011-07-27 15:14:00,2011-08-07 13:17:00,10,0.3,1542.2,126.0,1,1
14333.0,68,1,415.2,58,27.68,15,1,2011-10-03 10:38:00,2011-10-03 10:38:00,0,1.0,415.2,58.0,0,1
14335.0,16,2,454.86,375,7.581,55,1,2011-09-04 13:07:00,2011-11-23 13:41:00,80,2.7,168.47,187.5,0,1
14336.0,17,4,1614.91,1759,17.943444444444445,77,1,2011-03-08 16:48:00,2011-11-23 11:40:00,259,8.6,187.78,439.75,0,1
14339.0,243,2,620.27,456,26.968260869565217,21,1,2010-10-07 08:50:00,2011-04-11 11:06:00,186,6.2,100.04,228.0,1,1
14340.0,219,1,134.7,58,22.45,6,1,2011-05-05 09:44:00,2011-05-05 09:44:00,0,1.0,134.7,58.0,1,1
14342.0,21,6,918.44,521,27.831515151515152,27,1,2010-08-24 13:03:00,2011-11-18 13:21:00,451,15.0,61.23,86.83,0,1
14343.0,421,4,1079.66,626,4.613931623931625,193,1,2010-01-18 16:47:00,2010-10-14 13:05:00,268,8.9,121.31,156.5,1,1
14345.0,39,1,108.98,50,18.16333333333333,6,1,2011-11-01 09:51:00,2011-11-01 09:51:00,0,1.0,108.98,50.0,0,1
14347.0,737,1,82.60000000000001,48,13.766666666666667,6,1,2009-12-03 10:49:00,2009-12-03 10:49:00,0,1.0,82.6,48.0,1,1
14348.0,260,1,409.57,183,22.753888888888888,18,1,2011-03-24 16:23:00,2011-03-24 16:23:00,0,1.0,409.57,183.0,1,1
14349.0,10,1,133.5,86,4.306451612903226,31,1,2011-11-29 15:39:00,2011-11-29 15:39:00,0,1.0,133.5,86.0,0,1
14350.0,274,3,972.03,543,16.47508474576271,55,1,2010-10-05 15:52:00,2011-03-10 14:14:00,155,5.2,186.93,181.0,1,1
14351.0,165,1,51.0,12,51.0,1,1,2011-06-28 11:56:00,2011-06-28 11:56:00,0,1.0,51.0,12.0,1,1
14352.0,157,4,1078.96,538,22.95659574468085,44,1,2011-03-11 14:58:00,2011-07-05 15:41:00,116,3.9,276.66,134.5,1,1
14353.0,215,3,376.5,344,15.06,18,1,2010-10-04 12:38:00,2011-05-08 16:06:00,216,7.2,52.29,114.67,1,1
14355.0,366,3,840.0500000000001,617,14.000833333333334,57,1,2010-03-22 15:08:00,2010-12-09 12:16:00,261,8.7,96.56,205.67,1,1
14356.0,80,2,701.23,277,21.24939393939394,33,1,2011-09-19 14:43:00,2011-09-21 09:18:00,1,1.0,701.23,138.5,0,1
14357.0,43,1,225.12,147,5.628,39,1,2011-10-27 16:23:00,2011-10-27 16:23:00,0,1.0,225.12,147.0,0,1
14358.0,389,2,400.06,338,16.0024,21,1,2010-10-07 17:26:00,2010-11-15 15:51:00,38,1.3,307.74,169.0,1,1
14361.0,579,1,214.71,251,15.336428571428572,14,1,2010-05-10 12:29:00,2010-05-10 12:29:00,0,1.0,214.71,251.0,1,1
14362.0,22,1,151.5,96,4.094594594594595,37,1,2011-11-17 15:08:00,2011-11-17 15:08:00,0,1.0,151.5,96.0,0,1
14363.0,402,2,227.47000000000003,105,28.433750000000003,8,1,2010-09-14 14:39:00,2010-11-02 17:01:00,49,1.6,142.17,52.5,1,1
14364.0,109,8,3717.35,1967,53.87463768115942,61,1,2011-05-12 12:56:00,2011-08-23 11:01:00,102,3.4,1093.34,245.88,1,1
14365.0,395,2,634.68,557,12.44470588235294,50,1,2010-01-27 09:44:00,2010-11-10 09:52:00,287,9.6,66.11,278.5,1,1
14366.0,525,1,136.0,16,136.0,1,1,2010-07-02 17:23:00,2010-07-02 17:23:00,0,1.0,136.0,16.0,1,1
14368.0,320,1,155.0,36,19.375,8,1,2011-01-24 09:52:00,2011-01-24 09:52:00,0,1.0,155.0,36.0,1,1
14369.0,642,2,469.13,255,18.04346153846154,24,1,2010-02-16 10:28:00,2010-03-07 15:47:00,19,0.6,781.88,127.5,1,1
14370.0,451,6,1175.78,266,26.722272727272728,37,1,2010-02-01 08:35:00,2010-09-15 10:53:00,226,7.5,156.77,44.33,1,1
14371.0,295,1,100.5,34,25.125,4,1,2011-02-17 16:35:00,2011-02-17 16:35:00,0,1.0,100.5,34.0,1,1
14372.0,443,2,860.08,378,22.633684210526315,36,1,2010-04-19 15:57:00,2010-09-22 16:17:00,156,5.2,165.4,189.0,1,1
14373.0,358,1,76.55,17,19.1375,4,1,2010-12-16 15:40:00,2010-12-16 15:40:00,0,1.0,76.55,17.0,1,1
14374.0,541,1,108.0,20,15.428571428571429,7,1,2010-06-16 14:25:00,2010-06-16 14:25:00,0,1.0,108.0,20.0,1,1
14375.0,185,3,1106.82,647,5.399121951219512,176,1,2010-06-16 14:34:00,2011-06-07 13:44:00,355,11.8,93.8,215.67,1,1
14376.0,683,1,215.46,50,11.97,17,1,2010-01-25 15:36:00,2010-01-25 15:36:00,0,1.0,215.46,50.0,1,1
14377.0,191,2,617.05,219,56.095454545454544,11,1,2011-03-22 13:38:00,2011-06-01 13:32:00,70,2.3,268.28,109.5,1,1
14378.0,622,1,131.25,57,14.583333333333334,9,1,2010-03-28 12:22:00,2010-03-28 12:22:00,0,1.0,131.25,57.0,1,1
14380.0,682,1,48.96,1,48.96,1,1,2010-01-26 17:11:00,2010-01-26 17:11:00,0,1.0,48.96,1.0,1,1
14383.0,38,3,1247.69,817,21.14728813559322,49,1,2011-06-29 10:18:00,2011-11-01 15:53:00,125,4.2,297.07,272.33,0,1
14384.0,501,1,58.5,30,19.5,3,1,2010-07-27 09:53:00,2010-07-27 09:53:00,0,1.0,58.5,30.0,1,1
14386.0,297,1,142.4,54,20.342857142857145,7,1,2011-02-16 09:45:00,2011-02-16 09:45:00,0,1.0,142.4,54.0,1,1
14391.0,577,1,135.6,168,9.685714285714283,14,1,2010-05-12 09:42:00,2010-05-12 09:42:00,0,1.0,135.6,168.0,1,1
14392.0,432,1,266.4,114,19.02857142857143,14,1,2010-10-03 12:56:00,2010-10-03 12:56:00,0,1.0,266.4,114.0,1,1
14393.0,218,1,67.95,13,13.59,5,1,2011-05-05 18:16:00,2011-05-05 18:16:00,0,1.0,67.95,13.0,1,1
14394.0,565,1,93.8,58,15.633333333333333,6,1,2010-05-24 10:43:00,2010-05-24 10:43:00,0,1.0,93.8,58.0,1,1
14398.0,401,2,707.79,267,13.354528301886791,50,1,2010-06-30 11:57:00,2010-11-03 13:46:00,126,4.2,168.52,133.5,1,1
14399.0,394,8,2108.21,965,10.980260416666669,119,1,2010-02-03 13:09:00,2010-11-10 13:23:00,280,9.3,226.69,120.62,1,1
14402.0,652,1,285.6,240,35.7,8,1,2010-02-25 13:20:00,2010-02-25 13:20:00,0,1.0,285.6,240.0,1,1
14403.0,130,6,1880.51,737,75.2204,20,1,2010-03-10 14:00:00,2011-08-01 12:57:00,508,16.9,111.27,122.83,1,1
14405.0,387,1,195.0,100,97.5,2,1,2010-11-18 11:40:00,2010-11-18 11:40:00,0,1.0,195.0,100.0,1,1
14406.0,119,1,156.75,77,19.59375,8,1,2011-08-12 16:54:00,2011-08-12 16:54:00,0,1.0,156.75,77.0,1,1
14407.0,107,6,2157.73,1415,29.55794520547945,67,1,2011-03-08 11:59:00,2011-08-24 14:02:00,169,5.6,385.31,235.83,1,1
14410.0,92,11,2631.9,1369,6.8361038961038965,307,1,2010-09-28 15:46:00,2011-09-08 15:08:00,344,11.5,228.86,124.45,1,1
14411.0,311,1,1063.0,196,75.92857142857143,14,1,2011-02-02 10:56:00,2011-02-02 10:56:00,0,1.0,1063.0,196.0,1,1
14413.0,362,4,764.52,277,7.96375,93,1,2010-01-19 14:27:00,2010-12-12 13:37:00,326,10.9,70.14,69.25,1,1
14414.0,92,8,2399.33,2877,20.333305084745763,99,1,2010-11-30 10:12:00,2011-09-09 12:09:00,283,9.4,255.25,359.62,1,1
14416.0,22,2,490.22,326,35.01571428571429,13,1,2011-10-28 15:10:00,2011-11-17 15:22:00,20,0.7,700.31,163.0,0,1
14417.0,388,1,524.65,543,4.484188034188034,106,1,2010-11-17 10:55:00,2010-11-17 10:55:00,0,1.0,524.65,543.0,1,1
14420.0,99,4,1639.17,1120,17.62548387096774,85,1,2010-01-17 12:41:00,2011-09-01 18:07:00,592,19.7,83.21,280.0,1,1
14423.0,218,3,916.61,419,61.10733333333334,12,1,2010-01-14 11:49:00,2011-05-05 15:12:00,476,15.9,57.65,139.67,1,1
14424.0,18,1,322.08,48,322.08,1,1,2011-11-22 11:48:00,2011-11-22 11:48:00,0,1.0,322.08,48.0,0,1
14425.0,435,3,661.39,325,16.958717948717947,35,1,2009-12-02 11:31:00,2010-10-01 10:24:00,302,10.1,65.48,108.33,1,1
14428.0,7,5,1224.06,428,8.934744525547444,108,1,2011-01-18 16:39:00,2011-12-02 13:17:00,317,10.6,115.48,85.6,0,1
14429.0,404,1,516.28,286,23.467272727272725,22,1,2010-11-01 10:08:00,2010-11-01 10:08:00,0,1.0,516.28,286.0,1,1
14430.0,512,3,1220.9,446,34.88285714285715,29,1,2010-04-11 15:59:00,2010-07-16 11:35:00,95,3.2,381.53,148.67,1,1
14433.0,466,1,280.7,131,3.7932432432432432,72,1,2010-08-31 12:35:00,2010-08-31 12:35:00,0,1.0,280.7,131.0,1,1
14435.0,502,1,90.42,282,30.14,3,1,2010-07-26 12:33:00,2010-07-26 12:33:00,0,1.0,90.42,282.0,1,1
14436.0,99,2,271.7,297,24.7,11,1,2010-06-04 11:32:00,2011-09-02 10:13:00,454,15.1,17.99,148.5,1,1
14437.0,366,5,873.34,420,20.793809523809525,34,1,2010-05-05 12:20:00,2010-12-09 09:27:00,217,7.2,121.3,84.0,1,1
14438.0,306,1,131.9,82,14.655555555555557,9,1,2011-02-06 14:56:00,2011-02-06 14:56:00,0,1.0,131.9,82.0,1,1
14442.0,205,7,5367.02,1431,29.327978142076507,128,1,2010-01-18 12:59:00,2011-05-19 11:36:00,485,16.2,331.3,204.43,1,1
14444.0,456,1,120.44,172,10.94909090909091,11,1,2010-09-09 18:56:00,2010-09-09 18:56:00,0,1.0,120.44,172.0,1,1
14445.0,456,1,221.65,83,6.9265625,32,1,2010-09-10 11:09:00,2010-09-10 11:09:00,0,1.0,221.65,83.0,1,1
14450.0,181,7,1128.44,522,14.847894736842106,47,1,2010-04-08 12:09:00,2011-06-12 10:46:00,429,14.3,78.91,74.57,1,1
14453.0,190,1,119.93,49,5.451363636363637,22,1,2011-06-02 14:15:00,2011-06-02 14:15:00,0,1.0,119.93,49.0,1,1
14454.0,376,5,977.3,400,8.884545454545455,93,1,2009-12-06 12:56:00,2010-11-28 13:26:00,357,11.9,82.13,80.0,1,1
14455.0,432,4,617.72,706,8.022337662337662,65,1,2010-08-01 13:26:00,2010-10-03 15:48:00,63,2.1,294.15,176.5,1,1
14457.0,311,1,113.64,88,28.41,4,1,2011-02-02 09:39:00,2011-02-02 09:39:00,0,1.0,113.64,88.0,1,1
14458.0,381,1,228.07,317,4.852553191489362,46,1,2010-11-24 12:43:00,2010-11-24 12:43:00,0,1.0,228.07,317.0,1,1
14459.0,155,2,5375.741,2303,47.57292920353982,113,1,2010-02-26 13:26:00,2011-07-07 13:35:00,496,16.5,325.8,1151.5,1,1
14460.0,110,9,1093.5,1879,26.035714285714285,33,1,2009-12-15 19:06:00,2011-08-21 14:19:00,613,20.4,53.6,208.78,1,1
14463.0,98,4,786.5699999999999,210,98.32125,7,1,2010-07-28 11:35:00,2011-09-02 15:20:00,401,13.4,58.7,52.5,1,1
14464.0,568,2,111.0,62,27.75,4,1,2010-03-22 15:20:00,2010-05-20 18:00:00,59,2.0,55.5,31.0,1,1
14468.0,734,1,204.24,164,17.02,12,1,2009-12-06 12:21:00,2009-12-06 12:21:00,0,1.0,204.24,164.0,1,1
14469.0,416,4,2093.46,973,14.437655172413791,120,1,2010-01-29 11:12:00,2010-10-19 14:30:00,263,8.8,237.89,243.25,1,1
14471.0,591,2,400.95,187,9.779268292682929,38,1,2009-12-07 12:26:00,2010-04-27 17:12:00,141,4.7,85.31,93.5,1,1
14472.0,104,9,2118.72,1271,6.856699029126213,173,1,2010-01-19 13:09:00,2011-08-28 11:01:00,585,19.5,108.65,141.22,1,1
14473.0,74,2,234.34,88,33.47714285714286,7,1,2011-03-02 13:56:00,2011-09-26 15:10:00,208,6.9,33.96,44.0,0,1
14475.0,72,4,1151.15,541,23.98229166666667,40,1,2010-10-27 09:20:00,2011-09-29 10:46:00,337,11.2,102.78,135.25,0,1
14476.0,257,1,193.0,110,11.352941176470589,17,1,2011-03-27 15:39:00,2011-03-27 15:39:00,0,1.0,193.0,110.0,1,1
14478.0,382,4,1276.66,1226,18.774411764705885,59,1,2009-12-01 13:20:00,2010-11-22 15:29:00,356,11.9,107.28,306.5,1,1
14479.0,254,4,1124.71,562,8.091438848920864,127,1,2009-12-06 13:48:00,2011-03-31 09:07:00,479,16.0,70.29,140.5,1,1
14483.0,282,2,257.1,193,19.77692307692308,13,1,2009-12-03 10:16:00,2011-03-03 10:26:00,455,15.2,16.91,96.5,1,1
14485.0,39,1,162.8,70,3.539130434782609,44,1,2011-11-01 12:25:00,2011-11-01 12:25:00,0,1.0,162.8,70.0,0,1
14486.0,512,2,175.5,90,29.25,4,1,2010-06-04 10:30:00,2010-07-16 09:42:00,41,1.4,125.36,45.0,1,1
14488.0,68,1,1064.28,799,23.136521739130437,46,1,2011-10-03 09:30:00,2011-10-03 09:30:00,0,1.0,1064.28,799.0,0,1
14491.0,175,2,340.93,139,20.05470588235294,17,1,2010-12-02 12:10:00,2011-06-17 15:22:00,197,6.6,51.66,69.5,1,1
14492.0,430,7,1921.91,751,20.890326086956524,70,1,2010-03-30 14:23:00,2010-10-05 13:21:00,188,6.3,305.07,107.29,1,1
14496.0,312,7,2363.89,905,22.300849056603774,64,1,2010-03-16 13:15:00,2011-02-01 09:01:00,321,10.7,220.92,129.29,1,1
14500.0,88,3,356.85,117,50.97857142857144,6,1,2011-06-03 10:08:00,2011-09-12 16:45:00,101,3.4,104.96,39.0,0,1
14501.0,184,2,251.21,161,25.121,9,1,2011-01-24 10:43:00,2011-06-09 12:02:00,136,4.5,55.82,80.5,1,1
14504.0,47,4,673.26,308,6.2921495327102805,85,1,2011-03-06 14:38:00,2011-10-23 16:00:00,231,7.7,87.44,77.0,0,1
14509.0,534,1,110.95,38,4.438,25,1,2010-06-23 13:21:00,2010-06-23 13:21:00,0,1.0,110.95,38.0,1,1
14513.0,101,6,788.01,593,41.47421052631579,15,1,2010-05-20 17:57:00,2011-08-31 11:25:00,467,15.6,50.51,98.83,1,1
14516.0,516,1,151.17,63,4.3191428571428565,35,1,2010-07-11 14:07:00,2010-07-11 14:07:00,0,1.0,151.17,63.0,1,1
14517.0,33,2,330.45,91,18.35833333333333,17,1,2011-07-21 11:42:00,2011-11-06 14:20:00,108,3.6,91.79,45.5,0,1
14518.0,64,1,174.37,278,10.898125,16,1,2011-10-06 14:43:00,2011-10-06 14:43:00,0,1.0,174.37,278.0,0,1
14519.0,684,2,203.14,81,5.34578947368421,38,1,2009-12-11 10:40:00,2010-01-25 11:18:00,45,1.5,135.43,40.5,1,1
14520.0,2,2,270.6,146,67.65,3,1,2011-02-22 09:15:00,2011-12-08 09:46:00,289,9.6,28.19,73.0,0,1
14521.0,491,1,199.45,211,11.732352941176472,17,1,2010-08-05 16:35:00,2010-08-05 16:35:00,0,1.0,199.45,211.0,1,1
14523.0,108,1,241.09,251,20.09083333333333,12,1,2011-08-23 13:13:00,2011-08-23 13:13:00,0,1.0,241.09,251.0,1,1
14526.0,389,1,258.65,178,6.308536585365853,41,1,2010-11-15 13:32:00,2010-11-15 13:32:00,0,1.0,258.65,178.0,1,1
14528.0,37,1,364.22,278,20.23444444444444,18,1,2011-11-02 17:09:00,2011-11-02 17:09:00,0,1.0,364.22,278.0,0,1
14531.0,480,1,376.34,260,12.977241379310344,29,1,2010-08-17 10:16:00,2010-08-17 10:16:00,0,1.0,376.34,260.0,1,1
14536.0,260,1,170.95,39,9.497222222222222,18,1,2011-03-25 12:21:00,2011-03-25 12:21:00,0,1.0,170.95,39.0,1,1
14542.0,186,1,103.25,19,20.65,5,1,2011-06-07 08:19:00,2011-06-07 08:19:00,0,1.0,103.25,19.0,1,1
14545.0,674,1,349.25,236,15.184782608695652,23,1,2010-02-03 15:23:00,2010-02-03 15:23:00,0,1.0,349.25,236.0,1,1
14556.0,596,3,815.69,323,4.161683673469388,158,1,2010-01-20 11:49:00,2010-04-22 14:57:00,92,3.1,263.13,107.67,1,1
14557.0,85,1,788.38,510,49.27375,16,1,2011-09-15 15:48:00,2011-09-15 15:48:00,0,1.0,788.38,510.0,0,1
14558.0,654,3,655.5,162,43.7,13,1,2009-12-08 10:41:00,2010-02-23 12:51:00,77,2.6,252.12,54.0,1,1
14559.0,390,1,75.6,72,37.8,2,1,2010-11-14 16:05:00,2010-11-14 16:05:00,0,1.0,75.6,72.0,1,1
14561.0,76,3,1080.76,1014,15.6631884057971,67,1,2011-06-08 13:26:00,2011-09-25 12:39:00,108,3.6,300.21,338.0,0,1
14563.0,510,2,640.54,279,6.042830188679245,95,1,2010-04-26 12:51:00,2010-07-18 12:01:00,82,2.7,237.24,139.5,1,1
14564.0,435,2,2605.62,1295,24.35158878504673,107,1,2009-12-04 09:27:00,2010-10-01 09:02:00,300,10.0,260.56,647.5,1,1
14565.0,96,5,3859.22,1940,24.120125,139,1,2010-08-23 09:48:00,2011-09-05 09:07:00,377,12.6,306.29,388.0,1,1
14566.0,111,4,4092.0,2400,255.75,9,1,2010-06-24 10:34:00,2011-08-21 11:05:00,423,14.1,290.21,600.0,1,1
14567.0,57,2,1530.36,412,46.374545454545455,33,1,2011-08-01 13:48:00,2011-10-14 10:21:00,73,2.4,637.65,206.0,0,1
14568.0,435,1,919.7,645,19.56808510638298,47,1,2010-09-30 17:15:00,2010-09-30 17:15:00,0,1.0,919.7,645.0,1,1
14570.0,281,3,613.75,431,9.025735294117649,64,1,2010-09-22 13:07:00,2011-03-04 10:58:00,162,5.4,113.66,143.67,1,1
14571.0,425,1,160.0,56,5.333333333333333,30,1,2010-10-10 15:06:00,2010-10-10 15:06:00,0,1.0,160.0,56.0,1,1
14573.0,180,13,2163.12,683,6.977806451612903,183,1,2010-01-08 16:34:00,2011-06-13 11:15:00,520,17.3,125.04,52.54,1,1
14574.0,733,1,143.70000000000002,63,13.063636363636364,11,1,2009-12-07 12:42:00,2009-12-07 12:42:00,0,1.0,143.7,63.0,1,1
14575.0,488,1,420.22,163,5.836388888888889,71,1,2010-08-08 14:51:00,2010-08-08 14:51:00,0,1.0,420.22,163.0,1,1
14576.0,372,1,35.400000000000006,12,35.400000000000006,1,1,2010-12-02 17:51:00,2010-12-02 17:51:00,0,1.0,35.4,12.0,1,1
14578.0,3,1,168.63,240,7.02625,24,1,2011-12-06 17:18:00,2011-12-06 17:18:00,0,1.0,168.63,240.0,0,1
14579.0,432,1,105.56,56,4.2224,24,1,2010-10-03 14:36:00,2010-10-03 14:36:00,0,1.0,105.56,56.0,1,1
14580.0,518,1,14.85,3,14.85,1,1,2010-07-09 15:20:00,2010-07-09 15:20:00,0,1.0,14.85,3.0,1,1
14582.0,41,1,114.11,73,19.01833333333333,6,1,2011-10-30 11:56:00,2011-10-30 11:56:00,0,1.0,114.11,73.0,0,1
14586.0,277,1,237.36,444,12.492631578947368,19,1,2011-03-08 10:04:00,2011-03-08 10:04:00,0,1.0,237.36,444.0,1,1
14587.0,19,9,1580.29,749,4.259541778975741,170,1,2011-01-12 13:16:00,2011-11-21 11:34:00,312,10.4,151.95,83.22,0,1
14588.0,578,1,135.39,62,8.461875,16,1,2010-05-10 15:08:00,2010-05-10 15:08:00,0,1.0,135.39,62.0,1,1
14589.0,372,1,39.75,5,13.25,3,1,2010-12-03 11:42:00,2010-12-03 11:42:00,0,1.0,39.75,5.0,1,1
14590.0,425,20,2993.37,901,14.818663366336631,124,1,2009-12-07 14:10:00,2010-10-11 12:06:00,307,10.2,293.47,45.05,1,1
14596.0,627,1,222.22,75,4.192830188679245,50,1,2010-03-23 12:13:00,2010-03-23 12:13:00,0,1.0,222.22,75.0,1,1
14599.0,390,2,457.89,292,5.796075949367088,77,1,2010-07-18 15:54:00,2010-11-14 14:49:00,118,3.9,117.41,146.0,1,1
14600.0,306,2,865.17,487,16.021666666666665,53,1,2010-11-11 15:56:00,2011-02-07 09:48:00,87,2.9,298.33,243.5,1,1
14601.0,11,1,213.96,168,30.56571428571429,7,1,2011-11-29 09:48:00,2011-11-29 09:48:00,0,1.0,213.96,168.0,0,1
14602.0,656,1,205.36,80,6.624516129032258,31,1,2010-02-21 15:47:00,2010-02-21 15:47:00,0,1.0,205.36,80.0,1,1
14603.0,275,1,660.0,400,330.0,2,1,2011-03-10 10:27:00,2011-03-10 10:27:00,0,1.0,660.0,400.0,1,1
14604.0,633,1,143.86,88,6.254782608695652,20,1,2010-03-16 13:00:00,2010-03-16 13:00:00,0,1.0,143.86,88.0,1,1
14605.0,374,4,921.56,416,8.532962962962964,88,1,2009-12-08 13:59:00,2010-11-30 14:07:00,357,11.9,77.44,104.0,1,1
14610.0,396,2,24.35,15,2.435,10,1,2010-07-13 16:06:00,2010-11-09 10:58:00,118,3.9,6.24,7.5,1,1
14611.0,444,2,604.33,582,15.90342105263158,37,1,2010-04-20 10:19:00,2010-09-22 09:19:00,154,5.1,118.5,291.0,1,1
14612.0,415,1,877.7,134,62.69285714285714,14,1,2010-10-20 16:01:00,2010-10-20 16:01:00,0,1.0,877.7,134.0,1,1
14613.0,680,1,76.32000000000001,72,76.32000000000001,1,1,2010-01-28 13:02:00,2010-01-28 13:02:00,0,1.0,76.32,72.0,1,1
14614.0,386,1,295.13,189,15.533157894736842,19,1,2010-11-18 13:04:00,2010-11-18 13:04:00,0,1.0,295.13,189.0,1,1
14615.0,394,5,951.76,495,19.828333333333333,40,1,2010-06-09 13:59:00,2010-11-10 13:36:00,153,5.1,186.62,99.0,1,1
14616.0,243,5,527.78,170,105.556,3,1,2010-06-09 09:42:00,2011-04-11 09:54:00,306,10.2,51.74,34.0,1,1
14617.0,403,2,190.47,81,21.16333333333333,7,1,2010-10-20 10:40:00,2010-11-02 11:41:00,13,0.4,476.17,40.5,1,1
14619.0,246,2,1291.24,594,21.520666666666667,58,1,2010-06-16 14:41:00,2011-04-08 07:37:00,295,9.8,131.76,297.0,1,1
14620.0,206,2,412.78,214,15.876153846153848,26,1,2011-03-01 08:30:00,2011-05-18 11:58:00,78,2.6,158.76,107.0,1,1
14622.0,185,1,320.58000000000004,146,15.265714285714289,21,1,2011-06-08 12:42:00,2011-06-08 12:42:00,0,1.0,320.58,146.0,1,1
14625.0,196,11,4497.88,2155,16.90932330827068,167,1,2009-12-16 13:23:00,2011-05-27 15:32:00,527,17.6,255.56,195.91,1,1
14627.0,379,1,462.75,284,15.95689655172414,29,1,2010-11-25 16:32:00,2010-11-25 16:32:00,0,1.0,462.75,284.0,1,1
14628.0,91,5,1998.0,1147,23.232558139534884,65,1,2010-01-25 14:40:00,2011-09-09 14:58:00,592,19.7,101.42,229.4,1,1
14630.0,484,1,338.65,111,16.126190476190477,21,1,2010-08-12 16:38:00,2010-08-12 16:38:00,0,1.0,338.65,111.0,1,1
14632.0,263,1,114.56,96,14.32,8,1,2011-03-22 08:49:00,2011-03-22 08:49:00,0,1.0,114.56,96.0,1,1
14633.0,266,1,344.90000000000003,96,17.245,20,1,2011-03-18 17:07:00,2011-03-18 17:07:00,0,1.0,344.9,96.0,1,1
14634.0,438,4,2124.46,1906,19.49045871559633,105,1,2010-06-16 09:48:00,2010-09-28 10:40:00,104,3.5,606.99,476.5,1,1
14635.0,454,1,215.22,118,14.348,15,1,2010-09-12 10:47:00,2010-09-12 10:47:00,0,1.0,215.22,118.0,1,1
14636.0,36,2,609.85,241,21.780357142857145,27,1,2011-03-16 09:52:00,2011-11-03 16:12:00,232,7.7,79.2,120.5,0,1
14637.0,677,1,106.68,100,15.24,7,1,2010-01-31 15:52:00,2010-01-31 15:52:00,0,1.0,106.68,100.0,1,1
14638.0,51,1,443.6,166,27.725,16,1,2011-10-20 10:10:00,2011-10-20 10:10:00,0,1.0,443.6,166.0,0,1
14641.0,22,1,110.46,90,15.78,7,1,2011-11-18 10:42:00,2011-11-18 10:42:00,0,1.0,110.46,90.0,0,1
14642.0,59,1,96.12,76,48.06,2,1,2011-10-12 11:08:00,2011-10-12 11:08:00,0,1.0,96.12,76.0,0,1
14643.0,170,5,1679.89,1377,27.095,57,1,2009-12-11 11:52:00,2011-06-22 14:41:00,558,18.6,90.32,275.4,1,1
14645.0,157,3,876.89,587,18.268541666666668,45,1,2010-03-15 11:33:00,2011-07-06 09:15:00,477,15.9,55.15,195.67,1,1
14647.0,201,2,506.04,175,10.5425,42,1,2010-07-04 13:27:00,2011-05-22 13:40:00,322,10.7,47.29,87.5,1,1
14650.0,589,1,62.5,22,15.625,4,1,2010-04-29 20:27:00,2010-04-29 20:27:00,0,1.0,62.5,22.0,1,1
14652.0,77,1,114.18,53,3.937241379310345,29,1,2011-09-23 14:21:00,2011-09-23 14:21:00,0,1.0,114.18,53.0,0,1
14654.0,738,1,246.86,273,9.142962962962963,27,1,2009-12-01 12:57:00,2009-12-01 12:57:00,0,1.0,246.86,273.0,1,1
14656.0,169,5,790.0,309,3.816425120772947,148,1,2010-04-15 12:10:00,2011-06-23 13:51:00,434,14.5,54.48,61.8,1,1
14658.0,5,2,247.15,47,8.522413793103448,27,1,2011-08-14 15:42:00,2011-12-04 15:35:00,111,3.7,66.8,23.5,0,1
14661.0,27,1,107.95,35,26.9875,4,1,2011-11-13 11:51:00,2011-11-13 11:51:00,0,1.0,107.95,35.0,0,1
14663.0,430,2,490.6,397,7.214705882352941,60,1,2010-10-05 13:12:00,2010-10-05 13:21:00,0,1.0,490.6,198.5,1,1
14666.0,24,1,195.25,161,13.946428571428571,14,1,2011-11-15 12:57:00,2011-11-15 12:57:00,0,1.0,195.25,161.0,0,1
14668.0,445,1,111.63,49,9.3025,10,1,2010-09-20 15:03:00,2010-09-20 15:03:00,0,1.0,111.63,49.0,1,1
14670.0,280,3,583.33,423,3.2588268156424585,159,1,2009-12-07 13:59:00,2011-03-04 14:13:00,452,15.1,38.63,141.0,1,1
14672.0,235,4,1113.14,646,10.501320754716982,93,1,2010-01-28 11:33:00,2011-04-19 10:19:00,445,14.8,75.21,161.5,1,1
14674.0,509,1,173.66,103,12.404285714285717,14,1,2010-07-18 14:25:00,2010-07-18 14:25:00,0,1.0,173.66,103.0,1,1
14677.0,593,1,184.91,139,13.207857142857142,14,1,2010-04-26 09:48:00,2010-04-26 09:48:00,0,1.0,184.91,139.0,1,1
14678.0,579,1,403.39,179,16.807916666666667,24,1,2010-05-09 14:32:00,2010-05-09 14:32:00,0,1.0,403.39,179.0,1,1
14679.0,382,3,1289.44,794,20.467301587301588,49,1,2009-12-08 17:13:00,2010-11-23 11:51:00,349,11.6,111.16,264.67,1,1
14682.0,188,6,1514.81,949,17.61406976744186,79,1,2010-02-05 14:47:00,2011-06-05 12:12:00,484,16.1,94.09,158.17,1,1
14683.0,588,1,146.56,386,6.979047619047619,21,1,2010-04-30 17:18:00,2010-04-30 17:18:00,0,1.0,146.56,386.0,1,1
14685.0,576,8,4536.64,1969,24.26010695187166,109,1,2009-12-13 11:32:00,2010-05-12 13:08:00,150,5.0,907.33,246.12,1,1
14686.0,414,5,852.53,457,3.892831050228311,185,1,2010-02-18 18:29:00,2010-10-21 18:31:00,245,8.2,103.97,91.4,1,1
14687.0,107,3,1402.06,850,35.0515,34,1,2010-06-06 10:36:00,2011-08-25 11:59:00,445,14.8,94.73,283.33,1,1
14689.0,209,1,112.8,76,8.676923076923078,13,1,2011-05-15 11:22:00,2011-05-15 11:22:00,0,1.0,112.8,76.0,1,1
14693.0,265,7,1165.36,388,15.538133333333334,43,1,2010-07-02 08:28:00,2011-03-20 12:50:00,261,8.7,133.95,55.43,1,1
14694.0,617,1,244.31,193,16.287333333333333,15,1,2010-04-01 19:46:00,2010-04-01 19:46:00,0,1.0,244.31,193.0,1,1
14695.0,519,3,1534.22,661,18.71,76,1,2009-12-07 11:05:00,2010-07-08 14:18:00,213,7.1,216.09,220.33,1,1
14697.0,218,2,188.61,181,8.57318181818182,22,1,2011-05-05 15:29:00,2011-05-05 15:39:00,0,1.0,188.61,90.5,1,1
14699.0,214,4,702.6,484,14.052,45,1,2010-07-02 12:04:00,2011-05-09 14:54:00,311,10.4,67.56,121.0,1,1
14703.0,15,1,318.17,183,14.462272727272728,22,1,2011-11-25 09:23:00,2011-11-25 09:23:00,0,1.0,318.17,183.0,0,1
14705.0,199,1,179.0,100,179.0,1,1,2011-05-25 12:39:00,2011-05-25 12:39:00,0,1.0,179.0,100.0,1,1
14706.0,619,1,367.54,246,14.7016,25,1,2010-03-31 11:09:00,2010-03-31 11:09:00,0,1.0,367.54,246.0,1,1
14707.0,436,2,139.2,96,69.6,1,1,2010-05-12 11:07:00,2010-09-30 11:37:00,141,4.7,29.62,48.0,1,1
14708.0,3,5,1793.22,1159,43.737073170731705,27,1,2010-09-10 10:26:00,2011-12-07 08:21:00,452,15.1,118.76,231.8,0,1
14717.0,733,1,81.3,32,7.390909090909091,11,1,2009-12-06 13:05:00,2009-12-06 13:05:00,0,1.0,81.3,32.0,1,1
14718.0,410,1,226.42,202,20.58363636363636,11,1,2010-10-25 13:07:00,2010-10-25 13:07:00,0,1.0,226.42,202.0,1,1
14720.0,6,3,663.81,219,17.94081081081081,34,1,2011-08-05 12:06:00,2011-12-04 12:02:00,120,4.0,165.95,73.0,0,1
14721.0,379,1,109.07,57,4.3628,24,1,2010-11-25 13:08:00,2010-11-25 13:08:00,0,1.0,109.07,57.0,1,1
14722.0,147,3,489.52,214,5.626666666666666,72,1,2010-08-10 13:28:00,2011-07-15 14:58:00,339,11.3,43.32,71.33,1,1
14724.0,590,1,341.9,184,8.339024390243901,40,1,2010-04-28 13:26:00,2010-04-28 13:26:00,0,1.0,341.9,184.0,1,1
14726.0,655,1,116.5,82,7.766666666666667,15,1,2010-02-23 12:35:00,2010-02-23 12:35:00,0,1.0,116.5,82.0,1,1
14727.0,274,3,463.73,458,10.08108695652174,43,1,2010-06-11 13:23:00,2011-03-10 14:45:00,272,9.1,50.96,152.67,1,1
14728.0,413,1,190.58,68,13.612857142857145,14,1,2010-10-22 15:57:00,2010-10-22 15:57:00,0,1.0,190.58,68.0,1,1
14729.0,374,3,586.24,372,4.441212121212121,126,1,2010-03-24 13:30:00,2010-12-01 12:43:00,251,8.4,69.79,124.0,1,1
14731.0,47,3,380.02,256,8.444888888888888,38,1,2011-05-11 13:06:00,2011-10-23 15:54:00,165,5.5,69.09,85.33,0,1
14734.0,426,4,1056.42,378,16.76857142857143,48,1,2010-06-06 15:15:00,2010-10-10 12:04:00,125,4.2,251.53,94.5,1,1
14736.0,485,2,374.05,148,4.250568181818182,70,1,2010-08-11 15:13:00,2010-08-11 15:21:00,0,1.0,374.05,74.0,1,1
14742.0,435,1,579.85,374,17.054411764705883,34,1,2010-09-30 14:07:00,2010-09-30 14:07:00,0,1.0,579.85,374.0,1,1
14743.0,593,1,50.48,40,16.826666666666668,3,1,2010-04-26 10:26:00,2010-04-26 10:26:00,0,1.0,50.48,40.0,1,1
14746.0,406,4,593.5,398,65.94444444444444,7,1,2010-10-12 11:06:00,2010-10-29 14:44:00,17,0.6,989.17,99.5,1,1
14747.0,249,1,328.2,84,18.23333333333333,18,1,2011-04-04 14:09:00,2011-04-04 14:09:00,0,1.0,328.2,84.0,1,1
14749.0,480,1,310.15,403,17.230555555555554,18,1,2010-08-17 12:36:00,2010-08-17 12:36:00,0,1.0,310.15,403.0,1,1
14750.0,736,1,112.03,65,3.5009375,32,1,2009-12-03 17:57:00,2009-12-03 17:57:00,0,1.0,112.03,65.0,1,1
14751.0,684,2,126.45,65,18.064285714285717,7,1,2009-12-13 14:08:00,2010-01-24 13:37:00,41,1.4,90.32,32.5,1,1
14752.0,44,1,389.64,260,77.92800000000001,5,1,2011-10-27 11:55:00,2011-10-27 11:55:00,0,1.0,389.64,260.0,0,1
14757.0,75,1,420.5,160,22.13157894736842,19,1,2011-09-25 14:36:00,2011-09-25 14:36:00,0,1.0,420.5,160.0,0,1
14758.0,145,7,2864.9700000000003,840,21.06595588235294,91,1,2010-04-08 08:27:00,2011-07-18 08:21:00,465,15.5,184.84,120.0,1,1
14759.0,5,3,1625.97,569,15.940882352941175,92,1,2011-04-21 10:55:00,2011-12-05 12:03:00,228,7.6,213.94,189.67,0,1
14760.0,297,1,89.2,40,17.84,5,1,2011-02-15 16:27:00,2011-02-15 16:27:00,0,1.0,89.2,40.0,1,1
14764.0,47,1,278.3,190,46.38333333333333,6,1,2011-10-24 11:54:00,2011-10-24 11:54:00,0,1.0,278.3,190.0,0,1
14765.0,29,3,254.11,135,6.515641025641026,38,1,2011-06-16 19:49:00,2011-11-10 19:53:00,147,4.9,51.86,45.0,0,1
14767.0,474,1,382.81,117,21.267222222222223,18,1,2010-08-22 14:54:00,2010-08-22 14:54:00,0,1.0,382.81,117.0,1,1
14768.0,17,2,192.6,52,38.52,4,1,2011-08-04 13:25:00,2011-11-22 12:54:00,109,3.6,53.5,26.0,0,1
14771.0,621,2,594.62,622,12.651489361702128,46,1,2009-12-03 09:44:00,2010-03-28 12:52:00,115,3.8,156.48,311.0,1,1
14772.0,112,1,139.26,82,15.473333333333333,9,1,2011-08-19 15:04:00,2011-08-19 15:04:00,0,1.0,139.26,82.0,1,1
14773.0,593,1,140.55,53,14.055,10,1,2010-04-26 10:29:00,2010-04-26 10:29:00,0,1.0,140.55,53.0,1,1
14774.0,529,1,241.45,99,18.573076923076925,13,1,2010-06-29 12:26:00,2010-06-29 12:26:00,0,1.0,241.45,99.0,1,1
14777.0,404,1,307.56,212,19.2225,16,1,2010-11-01 12:50:00,2010-11-01 12:50:00,0,1.0,307.56,212.0,1,1
14778.0,127,2,730.86,306,20.881714285714285,34,1,2011-02-04 11:43:00,2011-08-04 15:23:00,181,6.0,121.81,153.0,1,1
14779.0,281,3,386.15,84,9.418292682926827,40,1,2011-01-20 12:04:00,2011-03-04 12:42:00,43,1.4,275.82,28.0,1,1
14782.0,320,1,200.1,114,33.35,6,1,2011-01-24 11:12:00,2011-01-24 11:12:00,0,1.0,200.1,114.0,1,1
14783.0,659,1,307.3,262,18.076470588235296,17,1,2010-02-18 16:16:00,2010-02-18 16:16:00,0,1.0,307.3,262.0,1,1
14786.0,550,1,90.96,112,12.994285714285713,7,1,2010-06-07 13:42:00,2010-06-07 13:42:00,0,1.0,90.96,112.0,1,1
14787.0,471,1,110.65,59,7.376666666666667,14,1,2010-08-25 14:38:00,2010-08-25 14:38:00,0,1.0,110.65,59.0,1,1
14789.0,29,1,197.64,116,32.94,6,1,2011-11-11 08:59:00,2011-11-11 08:59:00,0,1.0,197.64,116.0,0,1
14791.0,607,1,303.63,127,15.980526315789474,19,1,2010-04-12 10:24:00,2010-04-12 10:24:00,0,1.0,303.63,127.0,1,1
14792.0,64,1,6.2,2,3.1,2,1,2011-10-07 09:19:00,2011-10-07 09:19:00,0,1.0,6.2,2.0,0,1
14795.0,166,1,131.45000000000002,17,21.90833333333333,6,1,2011-06-26 13:04:00,2011-06-26 13:04:00,0,1.0,131.45,17.0,1,1
14797.0,507,1,300.31,99,18.769375,16,1,2010-07-20 14:07:00,2010-07-20 14:07:00,0,1.0,300.31,99.0,1,1
14802.0,438,2,1502.98,2,751.49,1,1,2010-09-27 16:32:00,2010-09-27 16:34:00,0,1.0,1502.98,1.0,1,1
14803.0,162,3,845.5500000000001,370,19.217045454545456,35,1,2011-02-20 13:21:00,2011-06-30 13:58:00,130,4.3,196.64,123.33,1,1
14804.0,9,1,353.27,121,29.439166666666665,12,1,2011-12-01 11:20:00,2011-12-01 11:20:00,0,1.0,353.27,121.0,0,1
14807.0,391,2,504.14,234,13.266842105263157,37,1,2010-02-28 11:33:00,2010-11-14 12:47:00,259,8.6,58.62,117.0,1,1
14809.0,621,2,686.76,232,38.153333333333336,18,1,2010-03-28 15:42:00,2010-03-28 15:44:00,0,1.0,686.76,116.0,1,1
14811.0,387,1,170.5,74,6.089285714285714,28,1,2010-11-17 13:09:00,2010-11-17 13:09:00,0,1.0,170.5,74.0,1,1
14812.0,599,1,178.85,135,4.968055555555555,36,1,2010-04-20 12:13:00,2010-04-20 12:13:00,0,1.0,178.85,135.0,1,1
14813.0,370,4,888.91,392,6.4413768115942025,110,1,2010-04-08 11:49:00,2010-12-05 11:57:00,241,8.0,111.11,98.0,1,1
14814.0,581,1,154.21,93,5.140333333333333,28,1,2010-05-07 14:10:00,2010-05-07 14:10:00,0,1.0,154.21,93.0,1,1
14816.0,197,1,271.85,5,67.9625,4,1,2011-05-26 13:16:00,2011-05-26 13:16:00,0,1.0,271.85,5.0,1,1
14821.0,367,7,1230.15,459,17.82826086956522,65,1,2010-02-01 13:33:00,2010-12-08 08:43:00,309,10.3,119.43,65.57,1,1
14822.0,485,1,157.7,94,17.522222222222222,9,1,2010-08-11 12:52:00,2010-08-11 12:52:00,0,1.0,157.7,94.0,1,1
14823.0,180,3,321.43,88,4.591857142857143,56,1,2011-05-29 12:48:00,2011-06-12 13:12:00,14,0.5,642.86,29.33,1,1
14826.0,582,2,385.2,152,38.52,10,1,2010-01-13 13:08:00,2010-05-07 09:00:00,113,3.8,101.37,76.0,1,1
14830.0,53,1,188.88,164,4.843076923076923,39,1,2011-10-17 14:29:00,2011-10-17 14:29:00,0,1.0,188.88,164.0,0,1
14832.0,630,1,322.69,1,322.69,1,1,2010-03-19 15:14:00,2010-03-19 15:14:00,0,1.0,322.69,1.0,1,1
14833.0,499,1,94.8,58,13.542857142857144,7,1,2010-07-29 10:06:00,2010-07-29 10:06:00,0,1.0,94.8,58.0,1,1
14835.0,529,2,297.0,180,148.5,1,1,2010-04-01 19:34:00,2010-06-29 10:08:00,88,2.9,102.41,90.0,1,1
14836.0,10,3,102.45,45,17.075,5,1,2011-11-09 13:26:00,2011-11-29 16:45:00,20,0.7,146.36,15.0,0,1
14838.0,423,2,769.9200000000001,361,10.998857142857144,69,1,2009-12-03 09:52:00,2010-10-12 15:46:00,313,10.4,74.03,180.5,1,1
14839.0,418,3,915.28,927,12.368648648648648,61,1,2010-01-04 16:29:00,2010-10-17 13:01:00,285,9.5,96.35,309.0,1,1
14840.0,268,2,362.71,179,16.486818181818183,20,1,2010-06-18 15:42:00,2011-03-17 12:00:00,271,9.0,40.3,89.5,1,1
14843.0,437,1,211.8,132,23.53333333333333,9,1,2010-09-29 12:39:00,2010-09-29 12:39:00,0,1.0,211.8,132.0,1,1
14845.0,600,1,150.0,600,150.0,1,1,2010-04-19 10:19:00,2010-04-19 10:19:00,0,1.0,150.0,600.0,1,1
14846.0,427,1,437.4,193,36.45,12,1,2010-10-08 17:07:00,2010-10-08 17:07:00,0,1.0,437.4,193.0,1,1
14847.0,149,3,1348.95,533,21.75725806451613,56,1,2010-05-24 12:29:00,2011-07-14 10:52:00,415,13.8,97.75,177.67,1,1
14848.0,405,1,310.56,260,28.232727272727274,11,1,2010-10-31 12:22:00,2010-10-31 12:22:00,0,1.0,310.56,260.0,1,1
14855.0,119,7,6520.3,3510,31.49903381642512,168,1,2010-04-08 10:30:00,2011-08-12 14:02:00,491,16.4,397.58,501.43,1,1
14858.0,506,1,180.75,105,16.431818181818183,11,1,2010-07-22 10:51:00,2010-07-22 10:51:00,0,1.0,180.75,105.0,1,1
14860.0,19,1,170.32,232,15.483636363636364,11,1,2011-11-20 14:17:00,2011-11-20 14:17:00,0,1.0,170.32,232.0,0,1
14862.0,26,2,841.2,772,17.525000000000002,47,1,2011-07-14 11:20:00,2011-11-14 10:01:00,122,4.1,205.17,386.0,0,1
14863.0,29,1,266.76,132,24.25090909090909,11,1,2011-11-10 15:04:00,2011-11-10 15:04:00,0,1.0,266.76,132.0,0,1
14870.0,262,6,1838.95,483,28.29153846153846,43,1,2010-01-25 09:05:00,2011-03-23 10:51:00,422,14.1,130.42,80.5,1,1
14872.0,484,3,816.6,662,18.990697674418605,34,1,2010-03-16 14:41:00,2010-08-13 12:34:00,149,5.0,163.32,220.67,1,1
14873.0,210,2,854.13,311,17.43122448979592,48,1,2010-03-16 10:51:00,2011-05-13 13:52:00,423,14.1,60.58,155.5,1,1
14874.0,535,1,116.18,148,19.363333333333333,6,1,2010-06-22 14:58:00,2010-06-22 14:58:00,0,1.0,116.18,148.0,1,1
14875.0,108,3,2862.4,1332,32.16179775280899,88,1,2010-09-24 10:28:00,2011-08-24 12:20:00,334,11.1,257.87,444.0,1,1
14876.0,521,2,256.7,162,19.746153846153845,12,1,2010-05-27 13:49:00,2010-07-06 14:57:00,40,1.3,197.46,81.0,1,1
14877.0,418,2,425.85,168,6.7595238095238095,57,1,2010-03-07 12:25:00,2010-10-17 13:09:00,224,7.5,56.78,84.0,1,1
14879.0,685,1,185.06,104,6.854074074074074,27,1,2010-01-24 11:35:00,2010-01-24 11:35:00,0,1.0,185.06,104.0,1,1
14880.0,77,3,690.59,365,15.012826086956522,45,1,2011-02-24 12:27:00,2011-09-23 13:42:00,211,7.0,98.66,121.67,0,1
14881.0,20,1,255.4,316,15.023529411764706,17,1,2011-11-20 11:06:00,2011-11-20 11:06:00,0,1.0,255.4,316.0,0,1
14884.0,669,1,120.6,72,15.075,8,1,2010-02-08 12:56:00,2010-02-08 12:56:00,0,1.0,120.6,72.0,1,1
14885.0,132,3,1598.12,1308,51.55225806451613,24,1,2010-08-31 10:11:00,2011-07-31 12:05:00,334,11.1,143.97,436.0,1,1
14886.0,253,1,364.8,160,20.266666666666666,18,1,2011-04-01 08:56:00,2011-04-01 08:56:00,0,1.0,364.8,160.0,1,1
14887.0,79,1,1862.0,1100,310.3333333333333,6,1,2011-09-21 15:32:00,2011-09-21 15:32:00,0,1.0,1862.0,1100.0,0,1
14888.0,207,1,369.2,184,18.46,20,1,2011-05-16 14:58:00,2011-05-16 14:58:00,0,1.0,369.2,184.0,1,1
14889.0,336,1,135.9,90,13.59,10,1,2011-01-07 15:19:00,2011-01-07 15:19:00,0,1.0,135.9,90.0,1,1
14891.0,148,4,1106.73,788,17.56714285714286,55,1,2010-09-29 12:41:00,2011-07-14 18:08:00,288,9.6,115.28,197.0,1,1
14892.0,691,1,202.35,79,15.565384615384618,13,1,2010-01-18 08:58:00,2010-01-18 08:58:00,0,1.0,202.35,79.0,1,1
14896.0,205,8,1826.0,931,7.217391304347826,150,1,2009-12-06 12:42:00,2011-05-19 10:20:00,528,17.6,103.75,116.38,1,1
14899.0,395,1,1331.38,570,10.32077519379845,126,1,2010-11-09 15:20:00,2010-11-09 15:20:00,0,1.0,1331.38,570.0,1,1
14900.0,522,1,13.919999999999998,48,13.919999999999998,1,1,2010-07-05 15:09:00,2010-07-05 15:09:00,0,1.0,13.92,48.0,1,1
14905.0,158,8,1971.39,1009,25.27423076923077,45,1,2009-12-03 14:36:00,2011-07-05 12:41:00,578,19.3,102.14,126.12,1,1
14906.0,445,1,68.44,1,68.44,1,1,2010-09-20 16:30:00,2010-09-20 16:30:00,0,1.0,68.44,1.0,1,1
14909.0,437,3,1404.68,888,17.558500000000002,61,1,2010-02-14 15:47:00,2010-09-28 16:56:00,226,7.5,187.29,296.0,1,1
14910.0,3,4,434.35,238,14.478333333333332,25,1,2011-10-16 11:06:00,2011-12-07 10:06:00,51,1.7,255.5,59.5,0,1
14915.0,91,11,1811.25,707,20.125,65,1,2009-12-03 10:17:00,2011-09-09 13:34:00,645,21.5,84.24,64.27,1,1
14917.0,597,2,1123.75,891,38.75,29,1,2010-04-22 09:44:00,2010-04-22 11:28:00,0,1.0,1123.75,445.5,1,1
14918.0,116,9,5955.81,2551,42.23978723404256,79,1,2010-04-08 11:18:00,2011-08-16 11:50:00,495,16.5,360.96,283.44,1,1
14919.0,539,1,359.35,129,27.642307692307693,13,1,2010-06-18 13:06:00,2010-06-18 13:06:00,0,1.0,359.35,129.0,1,1
14920.0,213,3,1607.17,886,16.568762886597938,90,1,2010-05-23 15:25:00,2011-05-11 10:32:00,352,11.7,137.36,295.33,1,1
14921.0,30,2,1316.07,953,16.872692307692308,78,1,2011-05-22 12:51:00,2011-11-09 13:17:00,171,5.7,230.89,476.5,0,1
14922.0,394,2,843.74,376,16.8748,49,1,2010-07-20 09:45:00,2010-11-11 11:14:00,114,3.8,222.04,188.0,1,1
14923.0,51,1,749.1,418,17.025000000000002,44,1,2011-10-20 11:51:00,2011-10-20 11:51:00,0,1.0,749.1,418.0,0,1
14924.0,246,3,931.01,312,30.03258064516129,30,1,2010-03-10 12:51:00,2011-04-08 09:25:00,393,13.1,71.07,104.0,1,1
14926.0,382,2,359.4,204,119.8,2,1,2010-04-20 09:59:00,2010-11-23 07:13:00,216,7.2,49.92,102.0,1,1
14927.0,397,1,308.2,196,15.41,20,1,2010-11-08 12:30:00,2010-11-08 12:30:00,0,1.0,308.2,196.0,1,1
14928.0,628,1,223.91000000000005,268,10.662380952380952,21,1,2010-03-22 09:14:00,2010-03-22 09:14:00,0,1.0,223.91,268.0,1,1
14930.0,109,6,5236.7300000000005,2193,18.83715827338129,213,1,2010-04-12 11:22:00,2011-08-23 10:31:00,497,16.6,315.47,365.5,1,1
14931.0,5,5,1257.68,417,30.675121951219516,30,1,2011-04-13 09:32:00,2011-12-05 10:19:00,236,7.9,159.2,83.4,0,1
14932.0,366,2,666.13,257,20.8165625,29,1,2010-11-19 09:16:00,2010-12-09 11:48:00,20,0.7,951.61,128.5,1,1
14933.0,444,4,1770.0,600,442.5,1,1,2010-09-21 17:29:00,2010-09-22 10:47:00,0,1.0,1770.0,150.0,1,1
14935.0,297,2,2849.83,1931,109.60884615384614,25,1,2010-03-30 11:48:00,2011-02-15 14:44:00,322,10.7,266.34,965.5,1,1
14938.0,562,2,2322.43,1369,32.710281690140846,71,1,2010-05-26 13:35:00,2010-05-26 13:38:00,0,1.0,2322.43,684.5,1,1
14940.0,418,2,531.49,384,16.6090625,32,1,2009-12-06 15:46:00,2010-10-18 10:47:00,315,10.5,50.62,192.0,1,1
14941.0,579,1,182.1,80,26.014285714285712,7,1,2010-05-10 11:30:00,2010-05-10 11:30:00,0,1.0,182.1,80.0,1,1
14942.0,402,4,746.56,354,39.292631578947365,12,1,2009-12-10 10:32:00,2010-11-03 10:51:00,328,10.9,68.49,88.5,1,1
14943.0,663,1,107.62,46,21.524,5,1,2010-02-14 16:04:00,2010-02-14 16:04:00,0,1.0,107.62,46.0,1,1
14945.0,414,1,179.4,156,16.30909090909091,11,1,2010-10-22 11:26:00,2010-10-22 11:26:00,0,1.0,179.4,156.0,1,1
14946.0,14,1,100.9,22,33.63333333333333,3,1,2011-11-25 13:33:00,2011-11-25 13:33:00,0,1.0,100.9,22.0,0,1
14948.0,23,6,1101.97,673,17.491587301587302,56,1,2011-05-04 14:52:00,2011-11-16 17:16:00,196,6.5,169.53,112.17,0,1
14949.0,469,4,515.0,250,19.074074074074076,16,1,2009-12-18 15:28:00,2010-08-27 15:38:00,252,8.4,61.31,62.5,1,1
14950.0,19,1,371.2,136,19.53684210526316,19,1,2011-11-20 13:48:00,2011-11-20 13:48:00,0,1.0,371.2,136.0,0,1
14951.0,79,1,311.69,311,15.5845,20,1,2011-09-21 15:15:00,2011-09-21 15:15:00,0,1.0,311.69,311.0,0,1
14955.0,733,1,163.77,74,5.282903225806452,30,1,2009-12-07 11:35:00,2009-12-07 11:35:00,0,1.0,163.77,74.0,1,1
14956.0,421,1,1325.0,2500,331.25,4,1,2010-10-14 16:40:00,2010-10-14 16:40:00,0,1.0,1325.0,2500.0,1,1
14957.0,253,2,261.69,97,9.34607142857143,27,1,2010-03-05 10:50:00,2011-03-31 17:59:00,391,13.0,20.13,48.5,1,1
14958.0,147,6,941.99,248,13.267464788732395,52,1,2009-12-03 16:02:00,2011-07-15 14:20:00,588,19.6,48.06,41.33,1,1
14959.0,64,4,695.42,494,11.786779661016949,37,1,2011-02-16 13:00:00,2011-10-06 18:23:00,232,7.7,90.31,123.5,0,1
14960.0,8,2,221.27,221,8.195185185185185,23,1,2011-06-21 13:38:00,2011-12-01 12:54:00,162,5.4,40.98,110.5,0,1
14962.0,271,4,366.91,123,26.207857142857144,14,1,2010-05-04 14:57:00,2011-03-14 09:42:00,313,10.4,35.28,30.75,1,1
14964.0,247,1,206.21,143,15.862307692307692,13,1,2011-04-06 14:13:00,2011-04-06 14:13:00,0,1.0,206.21,143.0,1,1
14965.0,96,2,596.09,363,7.359135802469136,80,1,2011-09-04 13:15:00,2011-09-04 13:20:00,0,1.0,596.09,181.5,1,1
14969.0,704,1,906.23,665,69.71000000000001,13,1,2010-01-05 12:43:00,2010-01-05 12:43:00,0,1.0,906.23,665.0,1,1
14972.0,128,2,145.07,40,7.2535,20,1,2010-11-23 16:17:00,2011-08-03 14:54:00,252,8.4,17.27,20.0,1,1
14973.0,107,3,1314.45,369,41.0765625,29,1,2011-04-28 12:22:00,2011-08-24 15:51:00,118,3.9,337.04,123.0,1,1
14974.0,37,1,89.94,37,5.290588235294117,17,1,2011-11-02 13:01:00,2011-11-02 13:01:00,0,1.0,89.94,37.0,0,1
14977.0,726,1,31.93,17,7.9825,4,1,2009-12-14 10:37:00,2009-12-14 10:37:00,0,1.0,31.93,17.0,1,1
14979.0,735,1,429.66,209,8.768571428571429,42,1,2009-12-04 12:54:00,2009-12-04 12:54:00,0,1.0,429.66,209.0,1,1
14980.0,737,1,150.68,79,6.278333333333333,24,1,2009-12-02 14:09:00,2009-12-02 14:09:00,0,1.0,150.68,79.0,1,1
14981.0,246,2,372.92,241,16.950909090909093,20,1,2010-10-12 11:04:00,2011-04-07 13:45:00,177,5.9,63.21,120.5,1,1
14982.0,572,1,237.78,125,6.096923076923077,39,1,2010-05-16 15:52:00,2010-05-16 15:52:00,0,1.0,237.78,125.0,1,1
14983.0,689,1,183.2,90,6.106666666666667,30,1,2010-01-19 17:32:00,2010-01-19 17:32:00,0,1.0,183.2,90.0,1,1
14985.0,198,2,292.01,256,3.5181927710843373,78,1,2010-12-16 19:51:00,2011-05-25 14:29:00,159,5.3,55.1,128.0,1,1
14986.0,376,2,563.1,338,5.745918367346939,87,1,2010-01-24 15:54:00,2010-11-28 15:25:00,307,10.2,55.21,169.0,1,1
14989.0,662,1,342.4,200,19.022222222222226,18,1,2010-02-16 10:40:00,2010-02-16 10:40:00,0,1.0,342.4,200.0,1,1
14990.0,612,2,304.17,129,7.242142857142857,41,1,2009-12-09 13:31:00,2010-04-06 13:54:00,118,3.9,77.99,64.5,1,1
14991.0,430,1,314.67,191,14.984285714285717,21,1,2010-10-05 13:01:00,2010-10-05 13:01:00,0,1.0,314.67,191.0,1,1
14992.0,442,1,210.5,145,7.796296296296297,27,1,2010-09-23 17:48:00,2010-09-23 17:48:00,0,1.0,210.5,145.0,1,1
14993.0,564,1,36.13,21,3.613,9,1,2010-05-25 12:47:00,2010-05-25 12:47:00,0,1.0,36.13,21.0,1,1
14994.0,382,5,946.72,568,3.1348344370860928,233,1,2010-03-26 14:16:00,2010-11-22 12:59:00,240,8.0,118.34,113.6,1,1
14995.0,39,2,231.98,102,3.866333333333334,53,1,2011-03-04 13:14:00,2011-11-01 11:39:00,241,8.0,29.0,51.0,0,1
14996.0,481,2,442.29,404,10.787560975609756,37,1,2010-08-15 13:41:00,2010-08-15 13:44:00,0,1.0,442.29,202.0,1,1
14999.0,593,1,129.48000000000002,88,14.386666666666668,9,1,2010-04-26 10:47:00,2010-04-26 10:47:00,0,1.0,129.48,88.0,1,1
15000.0,48,1,490.52,218,6.37038961038961,76,1,2011-10-23 11:42:00,2011-10-23 11:42:00,0,1.0,490.52,218.0,0,1
15001.0,394,2,199.11,70,4.328478260869565,44,1,2010-11-10 13:31:00,2010-11-10 13:51:00,0,1.0,199.11,35.0,1,1
15002.0,116,9,4138.08,2214,12.279169139465877,220,1,2010-01-12 11:40:00,2011-08-16 10:44:00,580,19.3,214.41,246.0,1,1
15003.0,473,6,1027.03,525,3.1216717325227963,253,1,2010-01-26 13:04:00,2010-08-23 15:44:00,209,7.0,146.72,87.5,1,1
15004.0,147,1,1220.77,623,7.927077922077922,154,1,2011-07-15 14:05:00,2011-07-15 14:05:00,0,1.0,1220.77,623.0,1,1
15007.0,159,1,156.91,69,13.075833333333334,12,1,2011-07-03 16:00:00,2011-07-03 16:00:00,0,1.0,156.91,69.0,1,1
15008.0,480,2,360.0,1500,30.0,6,1,2010-03-12 11:13:00,2010-08-16 13:09:00,157,5.2,69.23,750.0,1,1
15010.0,36,1,308.94,184,15.447,20,1,2011-11-04 12:42:00,2011-11-04 12:42:00,0,1.0,308.94,184.0,0,1
15011.0,396,2,416.6,289,20.83,17,1,2010-10-19 12:05:00,2010-11-09 11:10:00,20,0.7,595.14,144.5,1,1
15014.0,43,2,257.67,149,7.808181818181819,29,1,2011-06-16 19:40:00,2011-10-27 20:07:00,133,4.4,58.56,74.5,0,1
15016.0,173,5,620.89,243,5.913238095238095,93,1,2010-06-14 13:06:00,2011-06-20 12:06:00,370,12.3,50.48,48.6,1,1
15017.0,34,1,125.58,63,6.279,20,1,2011-11-06 10:33:00,2011-11-06 10:33:00,0,1.0,125.58,63.0,0,1
15018.0,39,3,496.21,189,16.006774193548388,30,1,2010-12-07 10:47:00,2011-11-01 12:47:00,329,11.0,45.11,63.0,0,1
15019.0,267,1,252.81,150,3.8304545454545456,64,1,2011-03-18 12:35:00,2011-03-18 12:35:00,0,1.0,252.81,150.0,1,1
15020.0,379,1,198.47,111,7.350740740740741,27,1,2010-11-25 13:29:00,2010-11-25 13:29:00,0,1.0,198.47,111.0,1,1
15029.0,620,1,365.1,234,36.510000000000005,10,1,2010-03-30 12:16:00,2010-03-30 12:16:00,0,1.0,365.1,234.0,1,1
15032.0,256,8,11010.05,6601,115.89526315789472,39,1,2009-12-10 15:27:00,2011-03-28 15:03:00,472,15.7,701.28,825.12,1,1
15035.0,90,1,252.73,245,9.36037037037037,26,1,2011-09-11 11:08:00,2011-09-11 11:08:00,0,1.0,252.73,245.0,0,1
15036.0,72,3,429.56,316,3.609747899159664,107,1,2011-06-13 12:19:00,2011-09-28 15:42:00,107,3.6,119.32,105.33,0,1
15037.0,376,2,397.76,298,8.83911111111111,40,1,2010-11-28 12:14:00,2010-11-28 13:05:00,0,1.0,397.76,149.0,1,1
15040.0,542,1,7.49,1,7.49,1,1,2010-06-16 11:40:00,2010-06-16 11:40:00,0,1.0,7.49,1.0,1,1
15041.0,170,2,289.4,194,2.782692307692308,98,1,2010-09-21 13:16:00,2011-06-22 16:16:00,274,9.1,31.8,97.0,1,1
15042.0,199,2,315.45,238,35.05,9,1,2010-04-23 14:01:00,2011-05-24 16:25:00,396,13.2,23.9,119.0,1,1
15045.0,152,2,735.66,114,61.305,11,1,2011-03-27 11:44:00,2011-07-11 11:33:00,105,3.5,210.19,57.0,1,1
15047.0,270,1,343.62,222,15.61909090909091,22,1,2011-03-15 10:49:00,2011-03-15 10:49:00,0,1.0,343.62,222.0,1,1
15049.0,274,1,121.17000000000002,63,40.39000000000001,3,1,2011-03-11 12:13:00,2011-03-11 12:13:00,0,1.0,121.17,63.0,1,1
15052.0,319,1,207.73,79,7.418928571428572,27,1,2011-01-24 15:52:00,2011-01-24 15:52:00,0,1.0,207.73,79.0,1,1
15053.0,5,3,693.95,984,10.057246376811596,49,1,2011-03-03 12:06:00,2011-12-05 12:08:00,277,9.2,75.43,328.0,0,1
15054.0,12,2,302.1,198,2.6500000000000004,105,1,2011-10-30 14:33:00,2011-11-27 15:02:00,28,0.9,335.67,99.0,0,1
15055.0,475,3,549.12,225,6.779259259259259,77,1,2009-12-16 15:48:00,2010-08-22 11:06:00,248,8.3,66.16,75.0,1,1
15056.0,520,1,113.65,69,18.941666666666663,6,1,2010-07-07 15:58:00,2010-07-07 15:58:00,0,1.0,113.65,69.0,1,1
15057.0,275,5,3255.96,1394,46.513714285714286,62,1,2009-12-05 15:27:00,2011-03-09 15:17:00,458,15.3,212.81,278.8,1,1
15063.0,213,1,370.8,56,74.16,5,1,2011-05-10 13:25:00,2011-05-10 13:25:00,0,1.0,370.8,56.0,1,1
15064.0,410,4,1254.41,810,15.486543209876544,75,1,2009-12-22 16:17:00,2010-10-25 14:32:00,306,10.2,122.98,202.5,1,1
15066.0,53,1,893.59,317,21.275952380952383,42,1,2011-10-17 13:25:00,2011-10-17 13:25:00,0,1.0,893.59,317.0,0,1
15069.0,179,1,1109.53,520,15.850428571428573,70,1,2011-06-13 14:16:00,2011-06-13 14:16:00,0,1.0,1109.53,520.0,1,1
15070.0,373,3,737.0500000000001,339,23.0328125,26,1,2009-12-15 13:49:00,2010-12-02 11:23:00,351,11.7,63.0,113.0,1,1
15071.0,94,4,1455.5600000000002,416,26.954814814814817,41,1,2010-05-18 12:45:00,2011-09-07 11:43:00,476,15.9,91.54,104.0,1,1
15072.0,479,1,187.52,164,14.424615384615386,13,1,2010-08-17 15:46:00,2010-08-17 15:46:00,0,1.0,187.52,164.0,1,1
15075.0,78,1,773.03,447,28.63074074074074,27,1,2011-09-23 12:27:00,2011-09-23 12:27:00,0,1.0,773.03,447.0,0,1
15076.0,173,3,1447.74,866,18.09675,68,1,2010-07-05 14:11:00,2011-06-20 08:23:00,349,11.6,124.81,288.67,1,1
15077.0,495,2,2428.08,528,75.8775,28,1,2009-12-09 17:10:00,2010-08-02 11:13:00,235,7.8,311.29,264.0,1,1
15079.0,213,11,3625.4,1459,25.712056737588654,119,1,2009-12-08 11:22:00,2011-05-11 12:45:00,519,17.3,209.56,132.64,1,1
15080.0,428,2,546.25,287,17.620967741935484,31,1,2010-07-26 10:03:00,2010-10-08 11:52:00,74,2.5,218.5,143.5,1,1
15082.0,669,1,93.35,43,15.558333333333335,6,1,2010-02-09 10:23:00,2010-02-09 10:23:00,0,1.0,93.35,43.0,1,1
15083.0,257,1,88.2,38,17.64,5,1,2011-03-28 12:18:00,2011-03-28 12:18:00,0,1.0,88.2,38.0,1,1
15084.0,380,2,965.2,600,31.13548387096774,31,1,2010-03-04 10:45:00,2010-11-25 11:58:00,266,8.9,108.45,300.0,1,1
15085.0,730,1,347.54,169,38.61555555555556,9,1,2009-12-10 11:47:00,2009-12-10 11:47:00,0,1.0,347.54,169.0,1,1
15086.0,565,2,218.53,95,19.86636363636364,10,1,2010-03-24 13:56:00,2010-05-24 12:27:00,60,2.0,109.26,47.5,1,1
15087.0,282,1,306.94,470,20.462666666666667,15,1,2011-03-03 10:34:00,2011-03-03 10:34:00,0,1.0,306.94,470.0,1,1
15090.0,308,1,381.32,208,16.57913043478261,23,1,2011-02-04 14:03:00,2011-02-04 14:03:00,0,1.0,381.32,208.0,1,1
15092.0,215,3,776.46,230,17.25466666666667,39,1,2010-09-03 12:33:00,2011-05-08 14:10:00,247,8.2,94.69,76.67,1,1
15094.0,463,2,83.0,28,16.6,4,1,2010-03-05 12:56:00,2010-09-02 16:55:00,181,6.0,13.83,14.0,1,1
15096.0,43,1,219.39,120,19.94454545454545,11,1,2011-10-28 10:27:00,2011-10-28 10:27:00,0,1.0,219.39,120.0,0,1
15098.0,182,3,39916.5,121,13305.5,1,1,2011-06-10 15:22:00,2011-06-10 15:33:00,0,1.0,39916.5,40.33,1,1
15099.0,84,1,410.48,343,17.84695652173913,23,1,2011-09-16 13:13:00,2011-09-16 13:13:00,0,1.0,410.48,343.0,0,1
15100.0,334,7,2193.9,270,137.11874999999998,11,1,2010-01-07 14:33:00,2011-01-10 10:35:00,367,12.2,179.83,38.57,1,1
15102.0,531,2,554.67,339,20.543333333333333,26,1,2010-06-11 10:16:00,2010-06-27 12:16:00,16,0.5,1109.34,169.5,1,1
15104.0,197,2,993.54,635,14.828955223880596,66,1,2011-03-02 14:16:00,2011-05-27 12:29:00,85,2.8,354.84,317.5,1,1
15107.0,311,9,824.35,330,19.627380952380957,32,1,2010-09-14 10:47:00,2011-02-01 14:46:00,140,4.7,175.39,36.67,1,1
15109.0,246,3,983.1,258,20.48125,46,1,2009-12-04 12:33:00,2011-04-08 09:58:00,489,16.3,60.31,86.0,1,1
15112.0,611,1,209.4,72,29.914285714285715,7,1,2010-04-07 14:17:00,2010-04-07 14:17:00,0,1.0,209.4,72.0,1,1
15113.0,10,3,3509.43,2344,36.179690721649486,77,1,2011-10-16 15:27:00,2011-11-30 08:23:00,44,1.5,2339.62,781.33,0,1
15116.0,18,4,1352.75,648,30.06111111111111,37,1,2011-05-19 08:50:00,2011-11-22 12:25:00,187,6.2,218.19,162.0,0,1
15118.0,134,1,244.8,1440,244.8,1,1,2011-07-28 14:54:00,2011-07-28 14:54:00,0,1.0,244.8,1440.0,1,1
15119.0,246,1,266.4,88,19.02857142857143,14,1,2011-04-08 09:08:00,2011-04-08 09:08:00,0,1.0,266.4,88.0,1,1
15120.0,134,1,358.82,296,17.086666666666666,21,1,2011-07-29 09:48:00,2011-07-29 09:48:00,0,1.0,358.82,296.0,1,1
15121.0,50,2,457.72,199,16.34714285714286,28,1,2011-02-24 12:41:00,2011-10-20 14:51:00,238,7.9,57.94,99.5,0,1
15126.0,537,2,449.49,273,17.9796,25,1,2010-01-21 17:09:00,2010-06-21 12:31:00,150,5.0,89.9,136.5,1,1
15127.0,66,2,711.5,464,25.410714285714285,27,1,2010-07-08 10:07:00,2011-10-05 10:30:00,454,15.1,47.12,232.0,0,1
15130.0,170,1,330.11,197,15.005,22,1,2011-06-23 10:15:00,2011-06-23 10:15:00,0,1.0,330.11,197.0,1,1
15131.0,395,1,80.28,88,11.468571428571428,7,1,2010-11-10 12:07:00,2010-11-10 12:07:00,0,1.0,80.28,88.0,1,1
15135.0,239,2,305.68,84,15.284,17,1,2010-06-01 13:33:00,2011-04-14 19:16:00,317,10.6,28.84,42.0,1,1
15137.0,521,2,823.4,596,24.21764705882353,34,1,2010-01-28 15:45:00,2010-07-07 09:41:00,159,5.3,155.36,298.0,1,1
15138.0,394,1,502.52,300,16.210322580645162,31,1,2010-11-11 09:16:00,2010-11-11 09:16:00,0,1.0,502.52,300.0,1,1
15139.0,240,2,178.96,208,13.766153846153848,13,1,2011-01-07 12:44:00,2011-04-14 11:39:00,96,3.2,55.92,104.0,1,1
15143.0,226,2,563.63,320,18.181612903225805,27,1,2010-10-03 13:58:00,2011-04-28 12:03:00,206,6.9,81.69,160.0,1,1
15145.0,4,4,1194.73,756,17.83179104477612,54,1,2011-04-05 15:20:00,2011-12-05 17:21:00,244,8.1,147.5,189.0,0,1
15146.0,165,2,1327.16,1473,14.584175824175825,90,1,2011-02-21 13:07:00,2011-06-28 12:09:00,126,4.2,315.99,736.5,1,1
15147.0,240,1,623.5,366,22.267857142857142,28,1,2011-04-13 15:57:00,2011-04-13 15:57:00,0,1.0,623.5,366.0,1,1
15148.0,11,1,301.29,187,15.0645,20,1,2011-11-29 08:21:00,2011-11-29 08:21:00,0,1.0,301.29,187.0,0,1
15151.0,423,2,2085.61,795,36.58964912280702,56,1,2010-07-18 12:19:00,2010-10-12 16:37:00,86,2.9,719.18,397.5,1,1
15153.0,31,1,329.25,198,14.965909090909092,22,1,2011-11-08 17:09:00,2011-11-08 17:09:00,0,1.0,329.25,198.0,0,1
15155.0,383,1,383.97,192,15.99875,24,1,2010-11-21 12:59:00,2010-11-21 12:59:00,0,1.0,383.97,192.0,1,1
15160.0,357,4,589.27,307,25.62043478260869,17,1,2010-10-14 15:26:00,2010-12-17 14:15:00,63,2.1,280.6,76.75,1,1
15161.0,388,1,119.92,144,3.633939393939394,33,1,2010-11-16 16:08:00,2010-11-16 16:08:00,0,1.0,119.92,144.0,1,1
15162.0,731,1,312.9,74,26.075,12,1,2009-12-08 13:14:00,2009-12-08 13:14:00,0,1.0,312.9,74.0,1,1
15163.0,18,2,304.47,186,10.49896551724138,29,1,2011-05-31 15:22:00,2011-11-21 13:10:00,173,5.8,52.49,93.0,0,1
15165.0,373,1,487.75,160,18.064814814814813,27,1,2010-12-01 14:03:00,2010-12-01 14:03:00,0,1.0,487.75,160.0,1,1
15166.0,468,1,167.16,140,13.93,12,1,2010-08-29 12:31:00,2010-08-29 12:31:00,0,1.0,167.16,140.0,1,1
15167.0,321,5,1627.62,863,5.3540131578947365,262,1,2010-02-04 14:13:00,2011-01-23 12:41:00,352,11.7,139.11,172.6,1,1
15168.0,26,1,106.56,52,21.312,5,1,2011-11-14 11:26:00,2011-11-14 11:26:00,0,1.0,106.56,52.0,0,1
15169.0,382,2,569.22,356,9.647796610169491,58,1,2009-12-13 11:16:00,2010-11-22 13:04:00,344,11.5,49.5,178.0,1,1
15170.0,407,1,81.15,33,20.2875,4,1,2010-10-29 10:34:00,2010-10-29 10:34:00,0,1.0,81.15,33.0,1,1
15171.0,331,1,1289.5,290,257.9,5,1,2011-01-12 15:36:00,2011-01-12 15:36:00,0,1.0,1289.5,290.0,1,1
15173.0,381,7,1494.6,840,17.37906976744186,68,1,2010-04-01 12:26:00,2010-11-24 10:21:00,236,7.9,189.19,120.0,1,1
15174.0,323,2,481.46,382,14.160588235294115,34,1,2010-10-25 09:40:00,2011-01-21 09:06:00,87,2.9,166.02,191.0,1,1
15175.0,72,1,224.14,454,9.745217391304347,23,1,2011-09-29 11:31:00,2011-09-29 11:31:00,0,1.0,224.14,454.0,0,1
15176.0,668,1,988.04,448,19.000769230769237,52,1,2010-02-10 10:36:00,2010-02-10 10:36:00,0,1.0,988.04,448.0,1,1
15177.0,426,1,948.93,485,36.49730769230769,26,1,2010-10-10 12:48:00,2010-10-10 12:48:00,0,1.0,948.93,485.0,1,1
15178.0,260,1,40.5,30,13.5,3,1,2011-03-24 15:12:00,2011-03-24 15:12:00,0,1.0,40.5,30.0,1,1
15180.0,367,3,816.9300000000001,654,15.710192307692308,46,1,2010-04-29 15:27:00,2010-12-07 14:57:00,221,7.4,110.4,218.0,1,1
15185.0,70,1,310.62,666,14.791428571428572,21,1,2011-09-30 14:06:00,2011-09-30 14:06:00,0,1.0,310.62,666.0,0,1
15188.0,725,1,310.43,233,13.496956521739133,23,1,2009-12-14 13:30:00,2009-12-14 13:30:00,0,1.0,310.43,233.0,1,1
15190.0,434,1,834.4399999999999,790,20.861,40,1,2010-10-01 13:09:00,2010-10-01 13:09:00,0,1.0,834.44,790.0,1,1
15191.0,463,3,588.05,287,16.80142857142857,33,1,2010-01-20 12:35:00,2010-09-02 15:37:00,225,7.5,78.41,95.67,1,1
15193.0,61,1,499.32,144,26.28,19,1,2011-10-10 08:23:00,2011-10-10 08:23:00,0,1.0,499.32,144.0,0,1
15195.0,3,1,3861.0,1404,3861.0,1,1,2011-12-07 12:20:00,2011-12-07 12:20:00,0,1.0,3861.0,1404.0,0,1
15196.0,433,2,313.7,130,7.469047619047619,34,1,2009-12-13 11:14:00,2010-10-03 10:50:00,293,9.8,32.01,65.0,1,1
15198.0,92,5,571.35,327,18.43064516129032,28,1,2010-01-19 10:01:00,2011-09-08 14:42:00,597,19.9,28.71,65.4,1,1
15200.0,495,1,549.0500000000001,195,18.30166666666667,30,1,2010-08-02 09:38:00,2010-08-02 09:38:00,0,1.0,549.05,195.0,1,1
15202.0,420,3,6001.49,3,2000.496666666667,1,1,2010-10-15 12:39:00,2010-10-15 13:05:00,0,1.0,6001.49,1.0,1,1
15204.0,357,1,316.58,258,35.175555555555555,9,1,2010-12-17 13:49:00,2010-12-17 13:49:00,0,1.0,316.58,258.0,1,1
15206.0,10,4,420.3,162,46.7,3,1,2011-03-09 08:59:00,2011-11-29 13:41:00,265,8.8,47.76,40.5,0,1
15207.0,416,3,683.92,428,28.496666666666663,19,1,2010-06-10 17:29:00,2010-10-19 13:29:00,130,4.3,159.05,142.67,1,1
15209.0,730,1,178.98000000000002,94,13.76769230769231,13,1,2009-12-09 17:26:00,2009-12-09 17:26:00,0,1.0,178.98,94.0,1,1
15210.0,225,3,1176.19,841,17.55507462686567,66,1,2010-05-13 14:42:00,2011-04-28 16:11:00,350,11.7,100.53,280.33,1,1
15211.0,60,2,894.4100000000001,240,17.20019230769231,52,1,2010-12-09 16:08:00,2011-10-10 13:31:00,304,10.1,88.56,120.0,0,1
15212.0,241,2,208.28,84,20.828,7,1,2010-11-28 10:45:00,2011-04-12 13:45:00,135,4.5,46.28,42.0,1,1
15213.0,319,2,328.35,272,13.68125,22,1,2011-01-14 11:05:00,2011-01-25 12:21:00,11,0.4,820.88,136.0,1,1
15217.0,563,1,426.24,190,15.222857142857142,28,1,2010-05-25 13:51:00,2010-05-25 13:51:00,0,1.0,426.24,190.0,1,1
15219.0,176,2,685.45,271,26.36346153846154,26,1,2010-03-01 11:33:00,2011-06-16 16:57:00,472,15.7,43.66,135.5,1,1
15221.0,366,4,2062.2,244,71.1103448275862,21,1,2010-03-12 10:40:00,2010-12-08 13:08:00,271,9.0,229.13,61.0,1,1
15223.0,226,5,1417.95,385,41.70441176470588,26,1,2009-12-05 11:19:00,2011-04-28 11:31:00,509,17.0,83.41,77.0,1,1
15224.0,358,5,871.36,443,24.896,24,1,2010-01-15 16:14:00,2010-12-16 15:02:00,334,11.1,78.5,88.6,1,1
15225.0,234,1,409.4,226,17.8,23,1,2011-04-19 14:51:00,2011-04-19 14:51:00,0,1.0,409.4,226.0,1,1
15226.0,311,1,154.41,71,19.30125,8,1,2011-02-02 11:41:00,2011-02-02 11:41:00,0,1.0,154.41,71.0,1,1
15229.0,586,1,160.5,114,17.833333333333332,9,1,2010-05-02 13:50:00,2010-05-02 13:50:00,0,1.0,160.5,114.0,1,1
15230.0,239,2,429.6,351,18.678260869565214,23,1,2011-04-13 11:04:00,2011-04-14 14:39:00,1,1.0,429.6,175.5,1,1
15231.0,621,1,250.26,190,17.875714285714288,14,1,2010-03-28 15:12:00,2010-03-28 15:12:00,0,1.0,250.26,190.0,1,1
15232.0,113,2,612.06,686,19.74387096774193,26,1,2011-07-22 12:21:00,2011-08-18 16:27:00,27,0.9,680.07,343.0,1,1
15233.0,401,1,59.400000000000006,12,59.400000000000006,1,1,2010-11-03 13:36:00,2010-11-03 13:36:00,0,1.0,59.4,12.0,1,1
15234.0,277,1,197.0,196,14.071428571428571,14,1,2011-03-08 08:53:00,2011-03-08 08:53:00,0,1.0,197.0,196.0,1,1
15236.0,299,1,321.05,269,21.40333333333333,15,1,2011-02-14 10:52:00,2011-02-14 10:52:00,0,1.0,321.05,269.0,1,1
15238.0,29,3,1071.99,692,21.4398,49,1,2011-06-08 16:00:00,2011-11-10 14:28:00,154,5.1,210.19,230.67,0,1
15242.0,422,1,302.04,196,75.51,4,1,2010-10-13 15:33:00,2010-10-13 15:33:00,0,1.0,302.04,196.0,1,1
15246.0,238,3,780.4,359,15.301960784313724,45,1,2010-06-02 11:28:00,2011-04-15 14:45:00,317,10.6,73.62,119.67,1,1
15247.0,122,3,976.06,514,57.41529411764706,13,1,2010-06-20 14:08:00,2011-08-09 12:52:00,414,13.8,70.73,171.33,1,1
15248.0,411,3,1893.93,1065,17.867264150943395,103,1,2010-06-23 14:34:00,2010-10-24 13:09:00,122,4.1,461.93,355.0,1,1
15250.0,641,1,60.0,48,20.0,3,1,2010-03-09 07:35:00,2010-03-09 07:35:00,0,1.0,60.0,48.0,1,1
15254.0,127,3,1088.35,711,16.244029850746266,64,1,2010-05-28 10:08:00,2011-08-04 15:04:00,433,14.4,75.58,237.0,1,1
15256.0,149,2,170.4,92,17.04,6,1,2010-05-27 11:41:00,2011-07-14 11:47:00,413,13.8,12.35,46.0,1,1
15257.0,283,2,685.9,71,57.15833333333333,11,1,2010-10-21 14:03:00,2011-03-01 12:58:00,130,4.3,159.51,35.5,1,1
15258.0,169,2,623.16,142,18.328235294117647,32,1,2011-05-06 14:16:00,2011-06-24 12:30:00,48,1.6,389.48,71.0,1,1
15259.0,513,4,1182.38,631,20.74350877192982,50,1,2010-01-26 09:41:00,2010-07-15 08:47:00,169,5.6,211.14,157.75,1,1
15261.0,135,4,1508.0,806,16.391304347826086,87,1,2010-10-01 11:59:00,2011-07-27 15:20:00,299,10.0,150.8,201.5,1,1
15262.0,324,3,418.82,218,16.108461538461537,22,1,2010-08-08 15:55:00,2011-01-20 12:16:00,164,5.5,76.15,72.67,1,1
15263.0,107,1,156.51,89,13.0425,12,1,2011-08-25 10:26:00,2011-08-25 10:26:00,0,1.0,156.51,89.0,1,1
15266.0,338,5,852.21,236,18.938,38,1,2010-01-07 12:19:00,2011-01-05 13:40:00,363,12.1,70.43,47.2,1,1
15268.0,479,3,961.9,428,43.72272727272728,21,1,2010-04-13 11:27:00,2010-08-18 10:33:00,126,4.2,229.02,142.67,1,1
15273.0,600,1,228.96,216,228.96,1,1,2010-04-19 11:31:00,2010-04-19 11:31:00,0,1.0,228.96,216.0,1,1
15275.0,38,1,615.14,498,15.003414634146342,41,1,2011-11-02 11:20:00,2011-11-02 11:20:00,0,1.0,615.14,498.0,0,1
15278.0,562,4,496.16,458,17.10896551724138,29,1,2010-02-12 14:53:00,2010-05-27 10:03:00,103,3.4,145.93,114.5,1,1
15279.0,355,5,1580.54,802,16.814255319148934,74,1,2010-02-02 10:15:00,2010-12-20 10:48:00,321,10.7,147.71,160.4,1,1
15282.0,570,1,348.59,395,12.91074074074074,27,1,2010-05-18 16:27:00,2010-05-18 16:27:00,0,1.0,348.59,395.0,1,1
15283.0,390,3,148.32999999999998,27,16.481111111111108,9,1,2010-07-09 15:46:00,2010-11-14 14:54:00,127,4.2,35.32,9.0,1,1
15284.0,500,1,24.75,5,24.75,1,1,2010-07-27 13:25:00,2010-07-27 13:25:00,0,1.0,24.75,5.0,1,1
15285.0,408,1,94.92,120,15.82,6,1,2010-10-28 09:46:00,2010-10-28 09:46:00,0,1.0,94.92,120.0,1,1
15286.0,50,1,240.55,55,80.18333333333334,3,1,2011-10-21 11:08:00,2011-10-21 11:08:00,0,1.0,240.55,55.0,0,1
15292.0,201,1,178.39,55,7.432916666666666,24,1,2011-05-22 15:00:00,2011-05-22 15:00:00,0,1.0,178.39,55.0,1,1
15293.0,666,1,247.5,178,13.026315789473683,19,1,2010-02-12 11:54:00,2010-02-12 11:54:00,0,1.0,247.5,178.0,1,1
15294.0,411,1,233.35,97,15.556666666666668,15,1,2010-10-25 11:45:00,2010-10-25 11:45:00,0,1.0,233.35,97.0,1,1
15295.0,654,1,207.04,139,3.981538461538461,50,1,2010-02-23 13:03:00,2010-02-23 13:03:00,0,1.0,207.04,139.0,1,1
15300.0,64,1,496.44,292,17.73,28,1,2011-10-06 17:08:00,2011-10-06 17:08:00,0,1.0,496.44,292.0,0,1
15302.0,730,1,308.0,102,20.53333333333333,15,1,2009-12-09 13:11:00,2009-12-09 13:11:00,0,1.0,308.0,102.0,1,1
15303.0,290,3,1224.18,514,17.741739130434784,63,1,2010-01-25 09:42:00,2011-02-22 13:59:00,393,13.1,93.45,171.33,1,1
15305.0,555,1,93.6,40,18.72,5,1,2010-06-02 13:50:00,2010-06-02 13:50:00,0,1.0,93.6,40.0,1,1
15307.0,96,1,205.3,37,17.108333333333334,12,1,2011-09-05 11:38:00,2011-09-05 11:38:00,0,1.0,205.3,37.0,1,1
15308.0,274,1,310.47,175,16.340526315789475,19,1,2011-03-10 13:08:00,2011-03-10 13:08:00,0,1.0,310.47,175.0,1,1
15309.0,611,4,797.96,440,14.777037037037038,49,1,2009-12-04 13:01:00,2010-04-08 11:11:00,124,4.1,194.62,110.0,1,1
15310.0,479,1,1634.64,1476,36.32533333333333,45,1,2010-08-18 11:38:00,2010-08-18 11:38:00,0,1.0,1634.64,1476.0,1,1
15313.0,110,1,52.0,25,52.0,1,1,2011-08-21 16:02:00,2011-08-21 16:02:00,0,1.0,52.0,25.0,1,1
15314.0,199,3,820.45,750,16.409000000000002,49,1,2010-10-07 15:41:00,2011-05-24 14:39:00,228,7.6,107.95,250.0,1,1
15316.0,327,1,165.0,100,165.0,1,1,2011-01-17 11:34:00,2011-01-17 11:34:00,0,1.0,165.0,100.0,1,1
15317.0,677,1,129.75,45,25.95,5,1,2010-01-31 15:55:00,2010-01-31 15:55:00,0,1.0,129.75,45.0,1,1
15319.0,284,1,204.5,175,12.78125,16,1,2011-03-01 12:48:00,2011-03-01 12:48:00,0,1.0,204.5,175.0,1,1
15320.0,44,1,267.13,326,7.420277777777778,36,1,2011-10-26 13:27:00,2011-10-26 13:27:00,0,1.0,267.13,326.0,0,1
15323.0,563,3,434.6,188,14.986206896551725,29,1,2010-02-16 09:21:00,2010-05-26 10:01:00,99,3.3,131.7,62.67,1,1
15324.0,701,1,140.22000000000003,74,17.527500000000003,8,1,2010-01-07 14:37:00,2010-01-07 14:37:00,0,1.0,140.22,74.0,1,1
15325.0,104,8,1601.46,1382,7.149375,164,1,2010-02-16 13:30:00,2011-08-28 11:55:00,557,18.6,86.1,172.75,1,1
15327.0,53,1,208.75,116,20.875,10,1,2011-10-18 11:55:00,2011-10-18 11:55:00,0,1.0,208.75,116.0,0,1
15328.0,408,1,107.24,88,13.405,8,1,2010-10-28 09:05:00,2010-10-28 09:05:00,0,1.0,107.24,88.0,1,1
15331.0,500,3,767.91,701,17.4525,41,1,2010-04-09 14:26:00,2010-07-28 09:42:00,109,3.6,213.31,233.67,1,1
15332.0,366,6,4892.68,2306,31.770649350649357,113,1,2010-07-14 13:01:00,2010-12-08 14:43:00,147,4.9,998.51,384.33,1,1
15333.0,208,1,1028.56,344,64.285,16,1,2011-05-15 13:27:00,2011-05-15 13:27:00,0,1.0,1028.56,344.0,1,1
15334.0,157,3,350.82,273,3.579795918367347,67,1,2011-06-19 13:51:00,2011-07-06 11:22:00,16,0.5,701.64,91.0,1,1
15335.0,54,1,170.22,79,4.863428571428571,34,1,2011-10-17 12:50:00,2011-10-17 12:50:00,0,1.0,170.22,79.0,0,1
15336.0,402,1,240.5,84,16.033333333333335,15,1,2010-11-03 12:39:00,2010-11-03 12:39:00,0,1.0,240.5,84.0,1,1
15337.0,411,1,373.02,200,17.762857142857143,21,1,2010-10-24 15:29:00,2010-10-24 15:29:00,0,1.0,373.02,200.0,1,1
15338.0,677,1,277.93,148,4.791896551724138,56,1,2010-01-31 14:25:00,2010-01-31 14:25:00,0,1.0,277.93,148.0,1,1
15340.0,562,1,105.5,76,15.071428571428571,7,1,2010-05-27 10:27:00,2010-05-27 10:27:00,0,1.0,105.5,76.0,1,1
15342.0,130,1,406.09,283,16.920416666666668,24,1,2011-08-02 10:19:00,2011-08-02 10:19:00,0,1.0,406.09,283.0,1,1
15343.0,87,1,364.5,84,17.357142857142858,21,1,2011-09-13 13:55:00,2011-09-13 13:55:00,0,1.0,364.5,84.0,0,1
15344.0,1,3,563.94,116,21.69,21,1,2011-09-26 14:48:00,2011-12-09 10:45:00,73,2.4,234.98,38.67,0,1
15345.0,46,1,393.54,81,19.677,20,1,2011-10-25 11:28:00,2011-10-25 11:28:00,0,1.0,393.54,81.0,0,1
15346.0,333,3,596.12,260,16.111351351351352,36,1,2010-10-04 15:11:00,2011-01-11 11:18:00,98,3.3,180.64,86.67,1,1
15347.0,366,4,1162.0,542,32.27777777777778,29,1,2010-09-28 12:50:00,2010-12-08 15:25:00,71,2.4,484.17,135.5,1,1
15348.0,72,1,158.04,84,17.56,9,1,2011-09-28 13:17:00,2011-09-28 13:17:00,0,1.0,158.04,84.0,0,1
15349.0,158,2,463.91,321,6.533943661971831,65,1,2011-06-05 15:46:00,2011-07-04 16:06:00,29,1.0,463.91,160.5,1,1
15350.0,373,2,547.6,272,18.25333333333333,26,1,2010-11-21 15:14:00,2010-12-01 13:33:00,9,0.3,1825.33,136.0,1,1
15352.0,549,1,111.15,40,3.269117647058824,34,1,2010-06-09 11:28:00,2010-06-09 11:28:00,0,1.0,111.15,40.0,1,1
15354.0,603,3,284.4,3,94.8,1,1,2010-04-15 16:17:00,2010-04-15 16:24:00,0,1.0,284.4,1.0,1,1
15355.0,29,2,277.05,45,19.789285714285715,9,1,2011-10-17 15:22:00,2011-11-10 13:44:00,23,0.8,346.31,22.5,0,1
15359.0,663,8,181.35,145,11.334375,10,1,2010-01-15 11:30:00,2010-02-15 10:47:00,30,1.0,181.35,18.12,1,1
15360.0,40,1,427.93,223,32.917692307692306,13,1,2011-10-31 09:35:00,2011-10-31 09:35:00,0,1.0,427.93,223.0,0,1
15361.0,362,4,689.07,373,68.90700000000001,10,1,2010-06-14 13:27:00,2010-12-13 09:52:00,181,6.0,114.85,93.25,1,1
15362.0,449,2,613.08,368,15.327000000000002,38,1,2009-12-01 09:08:00,2010-09-17 10:37:00,290,9.7,63.2,184.0,1,1
15363.0,373,2,678.11,383,19.37457142857143,32,1,2010-08-04 08:41:00,2010-12-02 12:28:00,120,4.0,169.53,191.5,1,1
15364.0,96,2,913.19,493,31.489310344827587,29,1,2011-03-30 13:39:00,2011-09-05 09:46:00,158,5.3,172.3,246.5,1,1
15371.0,662,1,59.400000000000006,12,59.400000000000006,1,1,2010-02-15 13:14:00,2010-02-15 13:14:00,0,1.0,59.4,12.0,1,1
15372.0,137,8,6017.06,6410,105.56245614035087,45,1,2010-02-14 11:24:00,2011-07-25 16:39:00,526,17.5,343.83,801.25,1,1
15374.0,129,2,307.32,290,30.732,8,1,2010-03-25 12:03:00,2011-08-03 09:59:00,495,16.5,18.63,145.0,1,1
15375.0,690,1,60.96,84,10.159999999999998,6,1,2010-01-18 15:38:00,2010-01-18 15:38:00,0,1.0,60.96,84.0,1,1
15376.0,40,3,1221.56,615,10.530689655172411,100,1,2011-05-01 13:45:00,2011-10-30 15:04:00,182,6.1,200.26,205.0,0,1
15377.0,383,4,1211.75,253,57.70238095238095,15,1,2010-10-20 11:42:00,2010-11-22 08:55:00,32,1.1,1101.59,63.25,1,1
15378.0,463,2,246.5,130,20.541666666666668,8,1,2010-07-26 08:47:00,2010-09-03 11:30:00,39,1.3,189.62,65.0,1,1
15381.0,214,5,1890.57,802,78.77374999999999,20,1,2010-05-05 14:35:00,2011-05-10 11:55:00,369,12.3,153.7,160.4,1,1
15384.0,170,4,2027.79,1767,17.184661016949153,83,1,2010-04-26 12:38:00,2011-06-23 10:57:00,422,14.1,143.81,441.75,1,1
15386.0,186,1,394.14,446,12.714193548387096,31,1,2011-06-06 13:47:00,2011-06-06 13:47:00,0,1.0,394.14,446.0,1,1
15387.0,492,1,468.65,335,23.4325,20,1,2010-08-04 16:05:00,2010-08-04 16:05:00,0,1.0,468.65,335.0,1,1
15388.0,270,1,140.54,88,14.053999999999998,10,1,2011-03-14 13:53:00,2011-03-14 13:53:00,0,1.0,140.54,88.0,1,1
15389.0,172,5,2733.8,3940,455.6333333333334,2,1,2010-01-27 12:44:00,2011-06-20 16:18:00,509,17.0,160.81,788.0,1,1
15391.0,584,1,289.87,109,24.155833333333334,12,1,2010-05-04 15:04:00,2010-05-04 15:04:00,0,1.0,289.87,109.0,1,1
15395.0,326,1,107.45,17,15.35,7,1,2011-01-18 12:40:00,2011-01-18 12:40:00,0,1.0,107.45,17.0,1,1
15396.0,113,2,796.38,278,49.77375,16,1,2010-05-05 09:04:00,2011-08-19 10:56:00,471,15.7,50.72,139.0,1,1
15397.0,290,1,94.0,20,15.666666666666666,6,1,2011-02-23 09:25:00,2011-02-23 09:25:00,0,1.0,94.0,20.0,1,1
15399.0,1,3,815.77,611,16.3154,45,1,2011-09-21 15:57:00,2011-12-08 13:04:00,77,2.6,313.76,203.67,0,1
15400.0,92,8,1302.3,662,48.23333333333333,16,1,2010-05-28 08:33:00,2011-09-08 13:57:00,468,15.6,83.48,82.75,1,1
15401.0,452,2,216.95,93,15.49642857142857,14,1,2010-05-20 10:56:00,2010-09-13 13:42:00,116,3.9,55.63,46.5,1,1
15402.0,149,6,1830.54,2034,13.97358778625954,79,1,2010-04-27 12:12:00,2011-07-14 12:17:00,443,14.8,123.69,339.0,1,1
15403.0,492,2,170.88,492,21.36,6,1,2009-12-09 12:45:00,2010-08-05 12:21:00,238,7.9,21.63,246.0,1,1
15404.0,376,1,257.06,334,16.06625,16,1,2010-11-29 11:03:00,2010-11-29 11:03:00,0,1.0,257.06,334.0,1,1
15405.0,189,2,659.84,348,21.994666666666667,29,1,2010-05-12 15:56:00,2011-06-03 14:44:00,386,12.9,51.15,174.0,1,1
15407.0,34,4,1046.74,552,7.072567567567567,142,1,2011-02-07 13:18:00,2011-11-06 11:55:00,271,9.0,116.3,138.0,0,1
15408.0,264,1,267.18,106,7.858235294117647,34,1,2011-03-20 15:02:00,2011-03-20 15:02:00,0,1.0,267.18,106.0,1,1
15409.0,721,1,131.25,59,14.583333333333334,9,1,2009-12-18 15:35:00,2009-12-18 15:35:00,0,1.0,131.25,59.0,1,1
15411.0,26,4,1348.93,529,13.764591836734697,86,1,2011-06-10 12:30:00,2011-11-13 15:19:00,156,5.2,259.41,132.25,0,1
15412.0,171,1,190.53,108,19.053,10,1,2011-06-21 15:24:00,2011-06-21 15:24:00,0,1.0,190.53,108.0,1,1
15413.0,692,5,6798.72,2694,271.9488,20,1,2009-12-01 10:18:00,2010-01-17 11:33:00,47,1.6,4249.2,538.8,1,1
15414.0,10,3,774.9000000000001,443,19.86923076923077,37,1,2011-04-11 13:45:00,2011-11-30 09:50:00,232,7.7,100.64,147.67,0,1
15415.0,313,1,559.61,551,11.906595744680851,46,1,2011-01-30 14:13:00,2011-01-30 14:13:00,0,1.0,559.61,551.0,1,1
15417.0,85,1,508.8,284,18.17142857142857,28,1,2011-09-15 15:26:00,2011-09-15 15:26:00,0,1.0,508.8,284.0,0,1
15418.0,425,2,449.42,264,6.609117647058824,64,1,2010-05-02 11:31:00,2010-10-10 13:38:00,161,5.4,83.23,132.0,1,1
15419.0,25,1,135.86,230,16.9825,8,1,2011-11-15 09:23:00,2011-11-15 09:23:00,0,1.0,135.86,230.0,0,1
15420.0,434,6,743.0,844,13.267857142857142,52,1,2009-12-05 13:29:00,2010-10-01 15:46:00,300,10.0,74.3,140.67,1,1
15422.0,323,7,1619.97,710,13.49975,80,1,2010-02-07 11:52:00,2011-01-20 16:17:00,347,11.6,139.65,101.43,1,1
15424.0,254,3,597.78,873,18.114545454545453,33,1,2010-09-02 17:17:00,2011-03-30 13:02:00,208,6.9,86.63,291.0,1,1
15425.0,400,4,1941.12,1041,13.574265734265737,114,1,2010-02-14 12:36:00,2010-11-04 18:13:00,263,8.8,220.58,260.25,1,1
15430.0,468,2,954.75,309,26.52083333333333,36,1,2010-06-29 15:04:00,2010-08-29 10:42:00,60,2.0,477.38,154.5,1,1
15431.0,503,1,153.24,84,76.62,2,1,2010-07-25 12:44:00,2010-07-25 12:44:00,0,1.0,153.24,84.0,1,1
15433.0,214,2,533.3,534,13.00731707317073,40,1,2011-03-17 14:12:00,2011-05-10 10:45:00,53,1.8,296.28,267.0,1,1
15435.0,22,1,149.29,54,5.147931034482759,29,1,2011-11-17 16:39:00,2011-11-17 16:39:00,0,1.0,149.29,54.0,0,1
15436.0,12,3,1067.75,574,3.669243986254296,243,1,2011-04-19 16:52:00,2011-11-27 16:05:00,221,7.4,144.29,191.33,0,1
15437.0,262,2,393.45,177,6.902631578947368,56,1,2010-03-09 10:45:00,2011-03-22 13:11:00,378,12.6,31.23,88.5,1,1
15438.0,131,1,156.57999999999998,59,6.263199999999999,25,1,2011-07-31 14:19:00,2011-07-31 14:19:00,0,1.0,156.58,59.0,1,1
15439.0,405,4,1269.05,572,22.264035087719297,49,1,2010-02-24 12:05:00,2010-10-31 10:38:00,248,8.3,152.9,143.0,1,1
15440.0,55,3,383.68,197,6.188387096774194,50,1,2011-05-15 11:30:00,2011-10-16 12:16:00,154,5.1,75.23,65.67,0,1
15441.0,396,3,1254.21,587,22.00368421052632,45,1,2009-12-09 14:55:00,2010-11-08 15:50:00,334,11.1,112.99,195.67,1,1
15442.0,249,1,594.0,120,297.0,2,1,2011-04-05 12:24:00,2011-04-05 12:24:00,0,1.0,594.0,120.0,1,1
15445.0,264,2,284.5,118,20.321428571428573,12,1,2010-04-28 15:00:00,2011-03-20 15:06:00,326,10.9,26.1,59.0,1,1
15446.0,377,3,399.75,265,3.5691964285714284,90,1,2009-12-13 13:53:00,2010-11-28 11:59:00,349,11.6,34.46,88.33,1,1
15447.0,331,5,492.88,228,16.99586206896552,27,1,2010-03-24 14:40:00,2011-01-13 11:26:00,294,9.8,50.29,45.6,1,1
15449.0,26,3,974.52,812,16.242,47,1,2011-03-23 10:43:00,2011-11-13 15:02:00,235,7.8,124.94,270.67,0,1
15450.0,30,1,429.84,376,14.328,30,1,2011-11-09 17:11:00,2011-11-09 17:11:00,0,1.0,429.84,376.0,0,1
15451.0,434,2,226.86,76,3.781,56,1,2010-04-19 14:08:00,2010-10-01 13:40:00,164,5.5,41.25,38.0,1,1
15454.0,362,2,305.99,146,7.64975,35,1,2010-03-31 13:15:00,2010-12-12 14:21:00,256,8.5,36.0,73.0,1,1
15455.0,598,1,38.25,3,19.125,2,1,2010-04-21 12:43:00,2010-04-21 12:43:00,0,1.0,38.25,3.0,1,1
15456.0,283,10,2091.52,2727,9.21374449339207,128,1,2009-12-08 12:54:00,2011-03-01 13:51:00,448,14.9,140.37,272.7,1,1
15457.0,262,1,237.07,132,4.087413793103448,56,1,2011-03-22 15:31:00,2011-03-22 15:31:00,0,1.0,237.07,132.0,1,1
15459.0,417,2,202.83,121,28.97571428571429,6,1,2010-07-30 14:31:00,2010-10-18 15:25:00,80,2.7,75.12,60.5,1,1
15460.0,354,1,214.26,107,3.826071428571428,53,1,2010-12-20 16:08:00,2010-12-20 16:08:00,0,1.0,214.26,107.0,1,1
15461.0,461,2,429.7,230,214.85,1,1,2010-03-18 12:40:00,2010-09-05 12:31:00,170,5.7,75.39,115.0,1,1
15463.0,29,1,126.14,106,18.02,7,1,2011-11-10 12:57:00,2011-11-10 12:57:00,0,1.0,126.14,106.0,0,1
15467.0,9,3,524.88,310,10.093846153846156,41,1,2011-07-10 14:42:00,2011-11-30 14:17:00,142,4.7,111.68,103.33,0,1
15470.0,576,1,63.42,232,15.855,4,1,2010-05-13 09:35:00,2010-05-13 09:35:00,0,1.0,63.42,232.0,1,1
15472.0,113,1,371.56,251,4.888947368421053,76,1,2011-08-18 15:17:00,2011-08-18 15:17:00,0,1.0,371.56,251.0,1,1
15473.0,14,8,2046.0,776,146.14285714285714,5,1,2010-09-21 09:14:00,2011-11-25 15:15:00,430,14.3,143.08,97.0,0,1
15474.0,596,1,150.35,55,7.913157894736842,19,1,2010-04-23 11:14:00,2010-04-23 11:14:00,0,1.0,150.35,55.0,1,1
15475.0,77,1,454.11,319,15.65896551724138,29,1,2011-09-23 15:20:00,2011-09-23 15:20:00,0,1.0,454.11,319.0,0,1
15477.0,650,1,368.4,216,184.2,2,1,2010-02-28 10:37:00,2010-02-28 10:37:00,0,1.0,368.4,216.0,1,1
15479.0,733,1,147.4,38,16.37777777777778,9,1,2009-12-06 15:08:00,2009-12-06 15:08:00,0,1.0,147.4,38.0,1,1
15480.0,116,5,6279.0,1852,29.204651162790697,199,1,2010-02-01 14:52:00,2011-08-15 14:32:00,559,18.6,337.58,370.4,1,1
15481.0,401,1,1993.34,1450,52.456315789473685,38,1,2010-11-03 14:52:00,2010-11-03 14:52:00,0,1.0,1993.34,1450.0,1,1
15483.0,161,10,817.82,905,3.040223048327137,216,1,2010-01-24 15:42:00,2011-07-01 13:07:00,522,17.4,47.0,90.5,1,1
15486.0,527,1,102.0,40,102.0,1,1,2010-06-30 13:15:00,2010-06-30 13:15:00,0,1.0,102.0,40.0,1,1
15487.0,680,1,231.32,144,16.52285714285714,14,1,2010-01-29 12:07:00,2010-01-29 12:07:00,0,1.0,231.32,144.0,1,1
15488.0,93,5,431.92,251,39.26545454545455,10,1,2010-05-05 13:03:00,2011-09-08 10:11:00,490,16.3,26.5,50.2,1,1
15490.0,430,1,210.85,82,8.434,22,1,2010-10-05 13:11:00,2010-10-05 13:11:00,0,1.0,210.85,82.0,1,1
15495.0,379,1,246.5,194,12.325,20,1,2010-11-25 13:46:00,2010-11-25 13:46:00,0,1.0,246.5,194.0,1,1
15496.0,631,1,146.14,98,6.642727272727272,22,1,2010-03-18 13:16:00,2010-03-18 13:16:00,0,1.0,146.14,98.0,1,1
15499.0,724,1,158.65,59,3.8695121951219513,40,1,2009-12-16 12:17:00,2009-12-16 12:17:00,0,1.0,158.65,59.0,1,1
15501.0,405,2,399.95,205,5.796376811594203,64,1,2010-10-20 12:47:00,2010-10-31 11:15:00,10,0.3,1333.17,102.5,1,1
15503.0,363,2,257.3,130,2.1991452991452998,112,1,2009-12-13 11:34:00,2010-12-12 10:57:00,363,12.1,21.26,65.0,1,1
15505.0,53,5,3610.96,2390,37.22639175257732,90,1,2011-07-07 13:33:00,2011-10-18 07:56:00,102,3.4,1062.05,478.0,0,1
15507.0,172,1,475.86,160,10.574666666666667,41,1,2011-06-21 11:19:00,2011-06-21 11:19:00,0,1.0,475.86,160.0,1,1
15509.0,380,1,152.41,58,5.861923076923077,26,1,2010-11-24 14:48:00,2010-11-24 14:48:00,0,1.0,152.41,58.0,1,1
15510.0,331,1,250.0,2,250.0,1,1,2011-01-13 12:10:00,2011-01-13 12:10:00,0,1.0,250.0,2.0,1,1
15512.0,156,4,331.58,235,10.361875,29,1,2010-02-01 13:23:00,2011-07-07 10:20:00,520,17.3,19.17,58.75,1,1
15515.0,387,1,171.81,131,24.544285714285717,7,1,2010-11-17 13:39:00,2010-11-17 13:39:00,0,1.0,171.81,131.0,1,1
15517.0,233,1,267.03,293,9.89,27,1,2011-04-20 14:02:00,2011-04-20 14:02:00,0,1.0,267.03,293.0,1,1
15519.0,383,2,344.61,116,9.313783783783784,34,1,2010-09-19 13:57:00,2010-11-21 14:35:00,63,2.1,164.1,58.0,1,1
15520.0,2,1,343.5,314,19.08333333333333,18,1,2011-12-08 10:58:00,2011-12-08 10:58:00,0,1.0,343.5,314.0,0,1
15526.0,33,2,148.44,24,37.11,4,1,2011-11-06 15:01:00,2011-11-06 15:04:00,0,1.0,148.44,12.0,0,1
15528.0,254,1,229.33,123,8.820384615384615,26,1,2011-03-30 16:14:00,2011-03-30 16:14:00,0,1.0,229.33,123.0,1,1
15534.0,726,1,162.25,63,20.28125,8,1,2009-12-14 12:48:00,2009-12-14 12:48:00,0,1.0,162.25,63.0,1,1
15535.0,173,6,1044.37,314,8.033615384615384,88,1,2010-09-16 20:04:00,2011-06-19 16:02:00,275,9.2,113.52,52.33,1,1
15536.0,409,1,259.09,242,16.193125,16,1,2010-10-26 16:31:00,2010-10-26 16:31:00,0,1.0,259.09,242.0,1,1
15537.0,163,1,110.92,29,4.621666666666667,24,1,2011-06-29 13:10:00,2011-06-29 13:10:00,0,1.0,110.92,29.0,1,1
15538.0,538,6,3358.4,1016,239.8857142857143,3,1,2010-02-14 12:38:00,2010-06-20 10:49:00,125,4.2,799.62,169.33,1,1
15539.0,7,1,538.46,410,13.13317073170732,41,1,2011-12-02 13:36:00,2011-12-02 13:36:00,0,1.0,538.46,410.0,0,1
15541.0,114,1,85.13000000000001,49,2.9355172413793107,29,1,2011-08-17 14:58:00,2011-08-17 14:58:00,0,1.0,85.13,49.0,1,1
15542.0,512,3,855.71,418,3.786327433628319,212,1,2009-12-02 11:53:00,2010-07-15 13:32:00,225,7.5,114.09,139.33,1,1
15543.0,288,2,242.26,167,4.326071428571429,50,1,2010-09-06 11:28:00,2011-02-24 15:26:00,171,5.7,42.5,83.5,1,1
15546.0,607,2,1079.1,198,89.92500000000001,6,1,2010-04-12 11:45:00,2010-04-12 11:51:00,0,1.0,1079.1,99.0,1,1
15548.0,596,1,158.09,64,6.8734782608695655,23,1,2010-04-23 12:20:00,2010-04-23 12:20:00,0,1.0,158.09,64.0,1,1
15552.0,217,2,252.52,166,8.417333333333334,29,1,2010-03-26 16:17:00,2011-05-06 14:47:00,405,13.5,18.71,83.0,1,1
15554.0,278,1,217.2,74,15.514285714285714,14,1,2011-03-07 09:00:00,2011-03-07 09:00:00,0,1.0,217.2,74.0,1,1
15556.0,24,1,279.77,236,9.024838709677418,31,1,2011-11-15 16:08:00,2011-11-15 16:08:00,0,1.0,279.77,236.0,0,1
15557.0,29,1,468.91,213,24.679473684210528,16,1,2011-11-11 12:46:00,2011-11-11 12:46:00,0,1.0,468.91,213.0,0,1
15558.0,639,1,202.68,73,8.812173913043479,23,1,2010-03-10 15:25:00,2010-03-10 15:25:00,0,1.0,202.68,73.0,1,1
15559.0,568,1,1109.4,526,17.893548387096775,62,1,2010-05-20 14:06:00,2010-05-20 14:06:00,0,1.0,1109.4,526.0,1,1
15560.0,398,2,153.52,72,15.352,10,1,2010-11-07 10:14:00,2010-11-07 10:15:00,0,1.0,153.52,36.0,1,1
15562.0,352,3,671.4300000000001,560,20.34636363636364,32,1,2009-12-13 15:17:00,2010-12-23 09:55:00,374,12.5,53.71,186.67,1,1
15564.0,463,2,70.74000000000001,42,17.685000000000002,4,1,2010-02-01 15:58:00,2010-09-02 15:52:00,212,7.1,9.96,21.0,1,1
15565.0,50,2,173.16000000000005,60,21.645000000000003,8,1,2011-09-30 10:44:00,2011-10-20 14:33:00,20,0.7,247.37,30.0,0,1
15566.0,393,2,227.87,153,18.989166666666662,9,1,2009-12-15 14:53:00,2010-11-12 12:11:00,331,11.0,20.72,76.5,1,1
15567.0,19,1,186.01,223,26.572857142857146,7,1,2011-11-21 10:48:00,2011-11-21 10:48:00,0,1.0,186.01,223.0,0,1
15568.0,3,3,758.29,461,14.307358490566036,27,1,2011-09-27 14:37:00,2011-12-07 11:27:00,70,2.3,329.69,153.67,0,1
15574.0,178,6,1101.44,750,4.788869565217391,191,1,2010-09-01 14:37:00,2011-06-15 12:01:00,286,9.5,115.94,125.0,1,1
15575.0,620,1,30.1,6,10.033333333333331,3,1,2010-03-30 12:50:00,2010-03-30 12:50:00,0,1.0,30.1,6.0,1,1
15576.0,38,1,921.37,394,21.427209302325583,43,1,2011-11-02 12:03:00,2011-11-02 12:03:00,0,1.0,921.37,394.0,0,1
15577.0,151,5,396.03,120,6.712372881355932,58,1,2009-12-13 16:17:00,2011-07-11 17:03:00,575,19.2,20.63,24.0,1,1
15578.0,162,1,127.1,52,9.776923076923076,13,1,2011-06-30 13:03:00,2011-06-30 13:03:00,0,1.0,127.1,52.0,1,1
15580.0,377,8,1375.39,955,6.112844444444445,150,1,2010-02-07 11:21:00,2010-11-28 11:00:00,293,9.8,140.35,119.38,1,1
15581.0,121,38,7480.4,3028,10.93625730994152,542,1,2009-12-02 12:19:00,2011-08-11 09:38:00,616,20.5,364.9,79.68,1,1
15582.0,25,3,682.9100000000001,453,15.52068181818182,39,1,2011-05-03 13:36:00,2011-11-15 09:55:00,195,6.5,105.06,151.0,0,1
15583.0,376,1,95.96,56,2.4605128205128204,37,1,2010-11-28 15:04:00,2010-11-28 15:04:00,0,1.0,95.96,56.0,1,1
15585.0,177,1,455.3,320,14.687096774193549,31,1,2011-06-16 08:38:00,2011-06-16 08:38:00,0,1.0,455.3,320.0,1,1
15586.0,593,3,1139.1,1338,29.976315789473688,30,1,2010-01-08 10:02:00,2010-04-26 11:00:00,108,3.6,316.42,446.0,1,1
15587.0,50,7,1522.08,528,108.72,3,1,2010-08-05 08:44:00,2011-10-20 13:37:00,441,14.7,103.54,75.43,0,1
15588.0,678,1,579.6,96,144.9,4,1,2010-01-31 12:19:00,2010-01-31 12:19:00,0,1.0,579.6,96.0,1,1
15589.0,256,3,478.53,243,16.50103448275862,28,1,2011-02-02 10:46:00,2011-03-29 09:54:00,54,1.8,265.85,81.0,1,1
15590.0,382,5,1496.6,832,17.20229885057471,75,1,2010-04-12 10:09:00,2010-11-22 14:49:00,224,7.5,199.55,166.4,1,1
15591.0,583,3,217.9,58,31.12857142857143,6,1,2010-02-04 09:20:00,2010-05-06 09:23:00,91,3.0,72.63,19.33,1,1
15592.0,47,1,388.58,354,16.190833333333334,24,1,2011-10-24 08:59:00,2011-10-24 08:59:00,0,1.0,388.58,354.0,0,1
15593.0,71,1,199.8,60,39.96,5,1,2011-09-30 11:46:00,2011-09-30 11:46:00,0,1.0,199.8,60.0,0,1
15595.0,488,1,357.6,144,89.39999999999999,4,1,2010-08-09 12:27:00,2010-08-09 12:27:00,0,1.0,357.6,144.0,1,1
15600.0,428,4,1199.31,657,16.89169014084507,55,1,2010-04-25 11:50:00,2010-10-07 14:30:00,165,5.5,218.06,164.25,1,1
15604.0,52,1,216.39,159,12.728823529411766,17,1,2011-10-18 14:47:00,2011-10-18 14:47:00,0,1.0,216.39,159.0,0,1
15609.0,184,1,298.48,148,18.655,16,1,2011-06-08 13:00:00,2011-06-08 13:00:00,0,1.0,298.48,148.0,1,1
15610.0,52,1,112.46,66,18.743333333333336,6,1,2011-10-19 10:36:00,2011-10-19 10:36:00,0,1.0,112.46,66.0,0,1
15612.0,36,2,195.15,52,32.525,4,1,2011-10-09 12:49:00,2011-11-03 14:52:00,25,0.8,243.94,26.0,0,1
15613.0,610,1,433.72,700,16.063703703703702,27,1,2010-04-08 12:51:00,2010-04-08 12:51:00,0,1.0,433.72,700.0,1,1
15614.0,438,4,3147.36,1632,38.8562962962963,73,1,2010-03-23 11:13:00,2010-09-28 10:46:00,188,6.3,499.58,408.0,1,1
15616.0,438,1,317.11,137,24.39307692307693,13,1,2010-09-27 13:10:00,2010-09-27 13:10:00,0,1.0,317.11,137.0,1,1
15617.0,396,3,828.5500000000001,485,19.727380952380955,41,1,2010-07-20 13:16:00,2010-11-08 16:07:00,111,3.7,223.93,161.67,1,1
15618.0,33,4,776.851,454,17.263355555555556,39,1,2011-07-26 10:13:00,2011-11-07 08:34:00,103,3.4,228.49,113.5,0,1
15619.0,11,1,336.4,136,112.13333333333333,3,1,2011-11-29 08:14:00,2011-11-29 08:14:00,0,1.0,336.4,136.0,0,1
15623.0,141,8,2437.05,1087,22.56527777777778,91,1,2009-12-10 14:46:00,2011-07-21 17:26:00,588,19.6,124.34,135.88,1,1
15624.0,117,4,588.13,357,17.297941176470587,26,1,2011-03-28 13:32:00,2011-08-15 11:38:00,139,4.6,127.85,89.25,1,1
15627.0,457,2,566.9,344,23.620833333333334,23,1,2010-07-05 11:56:00,2010-09-08 14:14:00,65,2.2,257.68,172.0,1,1
15629.0,450,4,2240.9,1518,29.102597402597404,39,1,2010-06-25 11:39:00,2010-09-15 13:46:00,82,2.7,829.96,379.5,1,1
15631.0,642,1,596.67,525,15.299230769230768,39,1,2010-03-07 14:52:00,2010-03-07 14:52:00,0,1.0,596.67,525.0,1,1
15635.0,396,1,100.35,5,50.175,2,1,2010-11-09 08:58:00,2010-11-09 08:58:00,0,1.0,100.35,5.0,1,1
15636.0,90,4,1444.58,560,25.343508771929823,39,1,2010-05-19 11:37:00,2011-09-11 11:17:00,479,16.0,90.29,140.0,0,1
15638.0,379,6,2265.2,1134,90.608,20,1,2010-04-08 14:37:00,2010-11-26 11:52:00,231,7.7,294.18,189.0,1,1
15639.0,134,3,1065.08,849,15.435942028985506,61,1,2010-04-13 13:11:00,2011-07-28 14:30:00,471,15.7,67.84,283.0,1,1
15641.0,105,12,5345.55,4422,17.188263665594857,249,1,2009-12-06 15:31:00,2011-08-26 14:04:00,627,20.9,255.77,368.5,1,1
15642.0,730,1,105.78,270,17.63,6,1,2009-12-10 11:51:00,2009-12-10 11:51:00,0,1.0,105.78,270.0,1,1
15643.0,192,3,664.0,246,20.12121212121212,31,1,2011-03-02 14:34:00,2011-06-01 07:38:00,90,3.0,221.33,82.0,1,1
15644.0,166,4,803.54,550,3.4635344827586207,166,1,2011-03-23 15:37:00,2011-06-26 14:54:00,94,3.1,259.21,137.5,1,1
15646.0,158,5,784.8100000000001,821,11.541323529411766,65,1,2010-10-25 13:06:00,2011-07-05 09:53:00,252,8.4,93.43,164.2,1,1
15647.0,415,1,169.0,124,15.363636363636363,11,1,2010-10-20 15:09:00,2010-10-20 15:09:00,0,1.0,169.0,124.0,1,1
15648.0,204,2,639.5,218,26.64583333333333,23,1,2011-03-17 18:59:00,2011-05-19 15:53:00,62,2.1,304.52,109.0,1,1
15649.0,336,4,1660.35,365,150.9409090909091,8,1,2010-11-17 16:22:00,2011-01-07 13:34:00,50,1.7,976.68,91.25,1,1
15650.0,522,2,553.88,210,15.385555555555555,33,1,2010-03-21 11:46:00,2010-07-06 10:41:00,106,3.5,158.25,105.0,1,1
15652.0,91,5,1405.94,657,13.78372549019608,93,1,2010-08-11 16:58:00,2011-09-09 14:22:00,393,13.1,107.32,131.4,1,1
15653.0,93,2,877.44,1200,146.24,4,1,2011-08-16 09:50:00,2011-09-08 10:49:00,23,0.8,1096.8,600.0,1,1
15655.0,243,1,560.6700000000001,324,16.49029411764706,34,1,2011-04-10 15:25:00,2011-04-10 15:25:00,0,1.0,560.67,324.0,1,1
15656.0,45,4,748.5,343,15.925531914893616,46,1,2011-02-28 15:32:00,2011-10-25 14:56:00,238,7.9,94.75,85.75,0,1
15657.0,23,1,30.0,24,30.0,1,1,2011-11-17 12:19:00,2011-11-17 12:19:00,0,1.0,30.0,24.0,0,1
15658.0,190,8,2117.27,627,20.757549019607843,79,1,2009-12-03 11:19:00,2011-06-02 15:22:00,546,18.2,116.33,78.38,1,1
15661.0,317,8,1215.95,779,27.635227272727278,27,1,2010-05-10 07:59:00,2011-01-26 13:56:00,261,8.7,139.76,97.38,1,1
15662.0,661,2,283.73,145,23.644166666666667,12,1,2009-12-01 13:49:00,2010-02-16 16:47:00,77,2.6,109.13,72.5,1,1
15663.0,106,1,138.14,106,15.348888888888888,9,1,2011-08-25 15:50:00,2011-08-25 15:50:00,0,1.0,138.14,106.0,1,1
15665.0,168,5,3987.07,2777,13.940804195804196,163,1,2010-03-14 15:07:00,2011-06-24 14:57:00,466,15.5,257.23,555.4,1,1
15667.0,40,1,301.32000000000005,240,23.17846153846154,13,1,2011-10-31 10:56:00,2011-10-31 10:56:00,0,1.0,301.32,240.0,0,1
15668.0,218,1,76.32000000000001,72,76.32000000000001,1,1,2011-05-06 10:39:00,2011-05-06 10:39:00,0,1.0,76.32,72.0,1,1
15669.0,40,4,684.34,342,20.73757575757576,31,1,2011-03-21 09:13:00,2011-10-30 16:03:00,223,7.4,92.48,85.5,0,1
15670.0,297,2,325.2,132,17.11578947368421,19,1,2010-06-01 15:34:00,2011-02-16 10:50:00,259,8.6,37.81,66.0,1,1
15672.0,725,1,45.3,10,15.1,3,1,2009-12-14 16:52:00,2009-12-14 16:52:00,0,1.0,45.3,10.0,1,1
15675.0,81,4,542.04,624,15.486857142857142,32,1,2010-10-31 14:14:00,2011-09-19 13:48:00,322,10.7,50.66,156.0,0,1
15677.0,49,3,1305.63,675,18.13375,63,1,2010-09-02 12:08:00,2011-10-21 15:36:00,414,13.8,94.61,225.0,0,1
15678.0,53,3,1825.94,1022,19.84717391304348,77,1,2010-07-05 12:49:00,2011-10-18 09:25:00,469,15.6,117.05,340.67,0,1
15682.0,599,2,318.24,222,12.7296,25,1,2010-01-21 14:37:00,2010-04-19 15:30:00,88,2.9,109.74,111.0,1,1
15683.0,117,2,524.54,332,20.174615384615382,25,1,2010-08-23 12:01:00,2011-08-14 12:56:00,356,11.9,44.08,166.0,1,1
15684.0,547,3,173.95,77,15.813636363636364,9,1,2009-12-04 16:13:00,2010-06-10 18:51:00,188,6.3,27.61,25.67,1,1
15685.0,450,1,55.98,36,3.2929411764705883,17,1,2010-09-15 13:43:00,2010-09-15 13:43:00,0,1.0,55.98,36.0,1,1
15686.0,420,1,90.0,72,90.0,1,1,2010-10-15 13:50:00,2010-10-15 13:50:00,0,1.0,90.0,72.0,1,1
15688.0,419,1,190.57,95,7.058148148148148,26,1,2010-10-17 12:06:00,2010-10-17 12:06:00,0,1.0,190.57,95.0,1,1
15689.0,120,3,521.03,207,21.70958333333333,20,1,2010-04-01 09:53:00,2011-08-12 09:37:00,497,16.6,31.39,69.0,1,1
15690.0,4,2,239.76,408,12.618947368421052,19,1,2011-08-31 11:40:00,2011-12-05 15:59:00,96,3.2,74.92,204.0,0,1
15691.0,252,4,571.3,212,40.80714285714286,12,1,2009-12-06 16:01:00,2011-04-01 15:13:00,480,16.0,35.71,53.0,1,1
15692.0,28,1,191.04,138,15.92,12,1,2011-11-11 14:12:00,2011-11-11 14:12:00,0,1.0,191.04,138.0,0,1
15693.0,659,1,37.5,30,37.5,1,1,2010-02-18 14:37:00,2010-02-18 14:37:00,0,1.0,37.5,30.0,1,1
15695.0,267,4,1131.04,484,19.170169491525424,55,1,2010-01-27 10:56:00,2011-03-18 08:32:00,414,13.8,81.96,121.0,1,1
15697.0,690,1,246.75,127,17.625,14,1,2010-01-19 09:10:00,2010-01-19 09:10:00,0,1.0,246.75,127.0,1,1
15698.0,624,1,46.2,60,23.1,2,1,2010-03-25 17:38:00,2010-03-25 17:38:00,0,1.0,46.2,60.0,1,1
15699.0,18,1,309.65,113,17.202777777777776,18,1,2011-11-22 08:26:00,2011-11-22 08:26:00,0,1.0,309.65,113.0,0,1
15700.0,172,2,696.68,357,8.10093023255814,85,1,2011-06-19 15:36:00,2011-06-20 16:53:00,1,1.0,696.68,178.5,1,1
15702.0,476,2,140.39,103,4.679666666666666,30,1,2010-01-26 17:23:00,2010-08-20 14:50:00,205,6.8,20.65,51.5,1,1
15703.0,265,1,211.5,66,42.3,5,1,2011-03-20 10:51:00,2011-03-20 10:51:00,0,1.0,211.5,66.0,1,1
15704.0,140,6,3734.66,1709,18.3071568627451,129,1,2010-05-05 14:51:00,2011-07-22 13:35:00,442,14.7,254.06,284.83,1,1
15705.0,201,1,143.1,62,23.85,6,1,2011-05-22 15:37:00,2011-05-22 15:37:00,0,1.0,143.1,62.0,1,1
15709.0,284,2,327.85,169,12.142592592592594,26,1,2010-04-29 18:31:00,2011-03-01 10:38:00,305,10.2,32.14,84.5,1,1
15710.0,417,1,898.87,641,8.171545454545454,110,1,2010-10-18 17:05:00,2010-10-18 17:05:00,0,1.0,898.87,641.0,1,1
15711.0,557,2,420.25,199,16.81,25,1,2010-01-24 12:13:00,2010-06-01 12:14:00,128,4.3,97.73,99.5,1,1
15715.0,556,5,658.02,246,17.316315789473684,33,1,2010-03-30 12:17:00,2010-06-02 09:56:00,63,2.1,313.34,49.2,1,1
15716.0,146,11,2485.26,1379,8.68972027972028,188,1,2009-12-07 12:42:00,2011-07-17 11:59:00,586,19.5,127.45,125.36,1,1
15717.0,234,5,607.0,224,25.291666666666668,17,1,2010-04-26 10:41:00,2011-04-19 13:21:00,358,11.9,51.01,44.8,1,1
15718.0,540,1,293.79,95,16.32166666666667,18,1,2010-06-17 16:20:00,2010-06-17 16:20:00,0,1.0,293.79,95.0,1,1
15723.0,365,4,930.7,427,7.566666666666667,108,1,2010-05-14 12:55:00,2010-12-10 11:12:00,209,7.0,132.96,106.75,1,1
15724.0,201,3,310.85,117,18.28529411764706,17,1,2010-11-04 10:22:00,2011-05-22 14:40:00,199,6.6,47.1,39.0,1,1
15725.0,15,1,415.25,221,12.9765625,32,1,2011-11-24 14:51:00,2011-11-24 14:51:00,0,1.0,415.25,221.0,0,1
15726.0,390,1,321.91,123,13.99608695652174,23,1,2010-11-14 16:12:00,2010-11-14 16:12:00,0,1.0,321.91,123.0,1,1
15728.0,380,2,544.6,132,45.38333333333333,10,1,2010-09-21 14:46:00,2010-11-25 10:39:00,64,2.1,259.33,66.0,1,1
15729.0,213,3,192.55,47,17.504545454545454,10,1,2010-11-01 13:44:00,2011-05-11 12:36:00,190,6.3,30.56,15.67,1,1
15731.0,554,1,125.3,122,15.6625,8,1,2010-06-04 10:10:00,2010-06-04 10:10:00,0,1.0,125.3,122.0,1,1
15732.0,212,10,1543.97,1264,15.595656565656563,53,1,2010-02-04 10:10:00,2011-05-11 14:24:00,461,15.4,100.26,126.4,1,1
15733.0,283,1,162.3,62,16.23,10,1,2011-03-02 09:05:00,2011-03-02 09:05:00,0,1.0,162.3,62.0,1,1
15734.0,115,4,2263.3,516,52.63488372093024,36,1,2010-06-10 14:25:00,2011-08-17 10:50:00,432,14.4,157.17,129.0,1,1
15735.0,421,1,327.68,206,17.246315789473684,19,1,2010-10-14 13:38:00,2010-10-14 13:38:00,0,1.0,327.68,206.0,1,1
15736.0,435,2,1767.12,1208,17.671200000000002,95,1,2010-09-30 14:19:00,2010-09-30 14:20:00,0,1.0,1767.12,604.0,1,1
15737.0,15,8,1188.12,597,16.734084507042255,60,1,2011-04-11 10:01:00,2011-11-25 11:21:00,228,7.6,156.33,74.62,0,1
15739.0,66,1,449.12,472,56.14,8,1,2011-10-04 13:42:00,2011-10-04 13:42:00,0,1.0,449.12,472.0,0,1
15740.0,49,1,154.88,152,17.20888888888889,9,1,2011-10-21 14:29:00,2011-10-21 14:29:00,0,1.0,154.88,152.0,0,1
15741.0,458,2,208.62,70,17.385,11,1,2010-03-31 11:55:00,2010-09-07 16:21:00,160,5.3,39.36,35.0,1,1
15742.0,619,1,156.87,51,3.82609756097561,41,1,2010-03-30 15:25:00,2010-03-30 15:25:00,0,1.0,156.87,51.0,1,1
15743.0,16,4,775.96,214,9.022790697674418,59,1,2011-06-08 10:14:00,2011-11-23 17:19:00,168,5.6,138.56,53.5,0,1
15744.0,78,1,34.8,120,11.6,3,1,2011-09-23 09:52:00,2011-09-23 09:52:00,0,1.0,34.8,120.0,0,1
15745.0,19,4,1094.59,421,17.65467741935484,57,1,2011-04-17 13:04:00,2011-11-20 13:45:00,217,7.2,152.03,105.25,0,1
15746.0,134,1,196.88,178,7.031428571428571,28,1,2011-07-28 15:21:00,2011-07-28 15:21:00,0,1.0,196.88,178.0,1,1
15749.0,235,3,44534.3,18028,4453.43,5,1,2011-01-11 12:55:00,2011-04-18 13:20:00,97,3.2,13916.97,6009.33,1,1
15751.0,461,11,1380.44,443,10.618769230769232,90,1,2009-12-06 13:08:00,2010-09-05 12:44:00,272,9.1,151.7,40.27,1,1
15753.0,305,1,79.2,144,79.2,1,1,2011-02-08 12:41:00,2011-02-08 12:41:00,0,1.0,79.2,144.0,1,1
15758.0,25,1,205.25,47,22.80555555555556,9,1,2011-11-15 10:48:00,2011-11-15 10:48:00,0,1.0,205.25,47.0,0,1
15759.0,218,7,830.9300000000001,523,48.87823529411765,10,1,2009-12-02 10:08:00,2011-05-05 15:13:00,519,17.3,48.03,74.71,1,1
15760.0,631,2,13916.34,2,6958.17,1,1,2010-03-19 11:35:00,2010-03-19 11:45:00,0,1.0,13916.34,1.0,1,1
15761.0,443,1,143.05,31,28.610000000000003,5,1,2010-09-23 09:33:00,2010-09-23 09:33:00,0,1.0,143.05,31.0,1,1
15762.0,65,2,583.75,251,15.777027027027026,37,1,2011-09-23 15:17:00,2011-10-05 16:15:00,12,0.4,1459.38,125.5,0,1
15765.0,667,1,370.63,335,14.8252,25,1,2010-02-11 10:25:00,2010-02-11 10:25:00,0,1.0,370.63,335.0,1,1
15768.0,116,34,15308.89,4215,12.672922185430464,437,1,2009-12-03 12:10:00,2011-08-16 10:48:00,620,20.7,739.56,123.97,1,1
15770.0,613,1,321.45,67,17.858333333333334,18,1,2010-04-06 11:47:00,2010-04-06 11:47:00,0,1.0,321.45,67.0,1,1
15771.0,604,3,1006.54,512,35.94785714285714,26,1,2010-01-15 12:14:00,2010-04-14 13:56:00,89,3.0,335.51,170.67,1,1
15772.0,418,1,280.88,110,17.555,16,1,2010-10-17 13:33:00,2010-10-17 13:33:00,0,1.0,280.88,110.0,1,1
15775.0,245,2,150.5,260,16.72222222222222,9,1,2010-03-18 07:32:00,2011-04-08 12:56:00,386,12.9,11.67,130.0,1,1
15776.0,133,1,241.62,138,13.423333333333334,18,1,2011-07-29 13:46:00,2011-07-29 13:46:00,0,1.0,241.62,138.0,1,1
15777.0,241,7,1762.61,599,45.195128205128206,29,1,2010-05-20 10:37:00,2011-04-12 16:43:00,327,10.9,161.71,85.57,1,1
15778.0,431,1,307.95000000000005,101,18.114705882352943,17,1,2010-10-04 15:10:00,2010-10-04 15:10:00,0,1.0,307.95,101.0,1,1
15779.0,463,2,124.08,20,15.510000000000002,8,1,2010-06-25 15:55:00,2010-09-02 16:40:00,69,2.3,53.95,10.0,1,1
15780.0,184,3,475.28,220,16.38896551724138,26,1,2010-12-17 11:43:00,2011-06-09 12:01:00,174,5.8,81.94,73.33,1,1
15781.0,25,3,345.46000000000004,180,17.273000000000003,20,1,2011-02-07 09:15:00,2011-11-14 14:57:00,280,9.3,37.15,60.0,0,1
15783.0,11,1,246.3,212,17.592857142857145,14,1,2011-11-29 09:50:00,2011-11-29 09:50:00,0,1.0,246.3,212.0,0,1
15784.0,468,2,848.33,381,19.72860465116279,33,1,2010-02-05 14:42:00,2010-08-29 10:38:00,204,6.8,124.75,190.5,1,1
15788.0,509,1,221.83,115,15.845,14,1,2010-07-19 12:48:00,2010-07-19 12:48:00,0,1.0,221.83,115.0,1,1
15789.0,358,6,1962.01,2499,14.217463768115945,110,1,2010-03-26 11:21:00,2010-12-16 14:35:00,265,8.8,222.96,416.5,1,1
15790.0,10,1,218.75,113,6.4338235294117645,34,1,2011-11-29 14:53:00,2011-11-29 14:53:00,0,1.0,218.75,113.0,0,1
15792.0,400,2,933.84,606,16.383157894736843,57,1,2010-03-31 09:42:00,2010-11-05 08:21:00,218,7.3,127.92,303.0,1,1
15794.0,736,2,777.0,288,51.8,15,1,2009-12-02 15:10:00,2009-12-03 13:04:00,0,1.0,777.0,144.0,1,1
15797.0,113,6,2821.08,1281,235.09,12,1,2010-01-27 13:12:00,2011-08-18 17:04:00,568,18.9,149.26,213.5,1,1
15798.0,493,3,1535.37,915,18.49843373493976,73,1,2010-01-27 11:55:00,2010-08-04 09:13:00,188,6.3,243.71,305.0,1,1
15800.0,107,7,1227.07,575,5.289094827586206,198,1,2010-03-31 13:17:00,2011-08-24 14:23:00,511,17.0,72.18,82.14,1,1
15802.0,143,1,451.42,1,451.42,1,1,2011-07-20 11:38:00,2011-07-20 11:38:00,0,1.0,451.42,1.0,1,1
15806.0,46,3,784.58,602,25.30903225806452,24,1,2011-03-08 09:24:00,2011-10-24 14:35:00,230,7.7,101.89,200.67,0,1
15813.0,208,2,1303.91,603,32.59775,40,1,2011-04-14 09:09:00,2011-05-16 08:13:00,31,1.0,1303.91,301.5,1,1
15815.0,64,5,2100.6,1856,42.86938775510204,33,1,2011-03-25 08:43:00,2011-10-07 12:42:00,196,6.5,323.17,371.2,0,1
15816.0,542,2,144.15,54,13.104545454545455,11,1,2010-06-15 12:54:00,2010-06-15 13:36:00,0,1.0,144.15,27.0,1,1
15817.0,421,3,2766.4,1596,18.2,133,1,2010-06-14 13:31:00,2010-10-15 11:07:00,122,4.1,674.73,532.0,1,1
15818.0,588,1,340.5,284,30.954545454545453,11,1,2010-04-30 12:58:00,2010-04-30 12:58:00,0,1.0,340.5,284.0,1,1
15820.0,320,1,206.98,128,12.175294117647056,17,1,2011-01-24 12:00:00,2011-01-24 12:00:00,0,1.0,206.98,128.0,1,1
15821.0,44,2,570.96,202,9.209032258064516,57,1,2011-10-09 13:28:00,2011-10-26 15:48:00,17,0.6,951.6,101.0,0,1
15823.0,372,3,3882.17,1774,25.04625806451613,155,1,2009-12-08 15:12:00,2010-12-02 15:08:00,358,11.9,326.23,591.33,1,1
15824.0,453,2,890.94,478,34.26692307692308,24,1,2010-06-25 15:10:00,2010-09-12 13:20:00,78,2.6,342.67,239.0,1,1
15825.0,172,1,532.94,220,26.647,20,1,2011-06-20 13:27:00,2011-06-20 13:27:00,0,1.0,532.94,220.0,1,1
15828.0,375,1,1108.82,367,14.984054054054052,74,1,2010-11-29 16:41:00,2010-11-29 16:41:00,0,1.0,1108.82,367.0,1,1
15829.0,99,2,636.14,996,12.473333333333333,44,1,2011-07-22 10:23:00,2011-09-01 16:45:00,41,1.4,454.39,498.0,1,1
15830.0,38,1,576.0,415,14.76923076923077,39,1,2011-11-02 10:40:00,2011-11-02 10:40:00,0,1.0,576.0,415.0,0,1
15832.0,254,1,836.79,465,15.49611111111111,54,1,2011-03-30 15:29:00,2011-03-30 15:29:00,0,1.0,836.79,465.0,1,1
15833.0,738,1,80.4,24,16.080000000000002,5,1,2009-12-02 11:59:00,2009-12-02 11:59:00,0,1.0,80.4,24.0,1,1
15835.0,44,4,954.09,439,19.0818,47,1,2011-01-13 10:35:00,2011-10-26 15:47:00,286,9.5,100.43,109.75,0,1
15836.0,50,1,137.37,26,13.737,10,1,2011-10-20 17:13:00,2011-10-20 17:13:00,0,1.0,137.37,26.0,0,1
15839.0,33,3,1048.49,675,16.911129032258064,56,1,2011-07-14 16:35:00,2011-11-06 13:54:00,114,3.8,275.92,225.0,0,1
15840.0,59,2,355.56,396,13.168888888888889,26,1,2011-06-20 11:42:00,2011-10-12 09:08:00,113,3.8,93.57,198.0,0,1
15842.0,393,2,548.8000000000001,296,21.952,24,1,2010-06-30 09:06:00,2010-11-11 14:08:00,134,4.5,121.96,148.0,1,1
15843.0,304,1,118.95,27,14.86875,8,1,2011-02-09 10:19:00,2011-02-09 10:19:00,0,1.0,118.95,27.0,1,1
15844.0,46,1,130.73999999999998,134,11.885454545454545,11,1,2011-10-24 15:19:00,2011-10-24 15:19:00,0,1.0,130.74,134.0,0,1
15846.0,385,1,107.01,79,3.69,27,1,2010-11-19 14:40:00,2010-11-19 14:40:00,0,1.0,107.01,79.0,1,1
15848.0,622,1,137.99,45,4.058529411764706,34,1,2010-03-28 10:54:00,2010-03-28 10:54:00,0,1.0,137.99,45.0,1,1
15851.0,527,1,109.73,67,13.71625,8,1,2010-07-01 12:34:00,2010-07-01 12:34:00,0,1.0,109.73,67.0,1,1
15852.0,187,3,257.26,60,7.795757575757576,31,1,2010-07-01 10:16:00,2011-06-06 11:22:00,340,11.3,22.77,20.0,1,1
15855.0,137,6,1052.72,712,11.081263157894735,72,1,2010-08-20 17:15:00,2011-07-26 10:20:00,339,11.3,93.16,118.67,1,1
15859.0,432,1,438.46,174,19.93,22,1,2010-10-03 12:52:00,2010-10-03 12:52:00,0,1.0,438.46,174.0,1,1
15866.0,101,1,211.89,124,4.927674418604651,43,1,2011-08-30 14:09:00,2011-08-30 14:09:00,0,1.0,211.89,124.0,1,1
15868.0,583,1,94.53,57,23.6325,4,1,2010-05-05 14:11:00,2010-05-05 14:11:00,0,1.0,94.53,57.0,1,1
15869.0,277,3,321.11,273,9.444411764705883,29,1,2010-03-23 16:50:00,2011-03-07 17:23:00,349,11.6,27.68,91.0,1,1
15871.0,437,1,33.099999999999994,5,6.619999999999999,5,1,2010-09-28 14:16:00,2010-09-28 14:16:00,0,1.0,33.1,5.0,1,1
15873.0,500,4,313.92,1152,52.31999999999999,3,1,2010-07-27 11:58:00,2010-07-28 12:41:00,1,1.0,313.92,288.0,1,1
15875.0,646,1,108.52,74,4.718260869565217,18,1,2010-03-03 16:51:00,2010-03-03 16:51:00,0,1.0,108.52,74.0,1,1
15876.0,409,2,1449.14,886,131.74,11,1,2010-09-17 15:26:00,2010-10-26 18:58:00,39,1.3,1114.72,443.0,1,1
15878.0,562,2,330.77,243,6.485686274509804,47,1,2009-12-06 12:28:00,2010-05-27 12:17:00,171,5.7,58.03,121.5,1,1
15879.0,404,4,1137.8,639,6.356424581005586,171,1,2009-12-17 19:54:00,2010-10-31 16:21:00,317,10.6,107.34,159.75,1,1
15880.0,369,1,329.03,202,3.427395833333333,95,1,2010-12-05 13:00:00,2010-12-05 13:00:00,0,1.0,329.03,202.0,1,1
15881.0,312,5,501.39,260,17.289310344827587,26,1,2010-12-10 13:32:00,2011-01-31 16:59:00,52,1.7,294.94,52.0,1,1
15882.0,199,8,1124.66,650,19.062033898305085,49,1,2009-12-10 15:33:00,2011-05-25 11:35:00,530,17.7,63.54,81.25,1,1
15883.0,2,2,396.48,223,8.091428571428573,42,1,2011-11-06 14:50:00,2011-12-07 17:05:00,31,1.0,396.48,111.5,0,1
15884.0,432,2,244.6,152,17.47142857142857,14,1,2009-12-03 18:23:00,2010-10-03 15:55:00,303,10.1,24.22,76.0,1,1
15885.0,93,15,1951.82,622,16.972347826086956,83,1,2010-01-21 12:47:00,2011-09-08 10:43:00,594,19.8,98.58,41.47,1,1
15887.0,407,3,1027.15,605,27.760810810810813,27,1,2010-06-02 11:53:00,2010-10-29 08:36:00,148,4.9,209.62,201.67,1,1
15889.0,157,8,1427.6,800,4.742857142857143,256,1,2009-12-10 12:21:00,2011-07-06 11:10:00,572,19.1,74.74,100.0,1,1
15890.0,395,5,535.65,119,53.565,10,1,2010-04-14 08:43:00,2010-11-10 12:46:00,210,7.0,76.52,23.8,1,1
15891.0,227,1,511.68,418,8.528,60,1,2011-04-27 12:35:00,2011-04-27 12:35:00,0,1.0,511.68,418.0,1,1
15892.0,669,1,128.2,46,3.3736842105263154,38,1,2010-02-08 16:23:00,2010-02-08 16:23:00,0,1.0,128.2,46.0,1,1
15893.0,482,1,305.28000000000003,288,305.28000000000003,1,1,2010-08-15 11:12:00,2010-08-15 11:12:00,0,1.0,305.28,288.0,1,1
15894.0,253,2,258.25,164,6.97972972972973,35,1,2010-12-05 14:06:00,2011-03-31 13:50:00,115,3.8,67.96,82.0,1,1
15895.0,150,1,179.17,94,16.288181818181815,11,1,2011-07-13 10:27:00,2011-07-13 10:27:00,0,1.0,179.17,94.0,1,1
15897.0,194,2,208.59,223,9.481363636363636,17,1,2011-05-29 13:32:00,2011-05-29 13:50:00,0,1.0,208.59,111.5,1,1
15899.0,369,1,56.25,39,14.0625,4,1,2010-12-06 10:36:00,2010-12-06 10:36:00,0,1.0,56.25,39.0,1,1
15902.0,380,1,145.01,124,8.056111111111111,18,1,2010-11-24 16:57:00,2010-11-24 16:57:00,0,1.0,145.01,124.0,1,1
15904.0,8,1,164.68,84,5.489333333333334,30,1,2011-12-01 14:50:00,2011-12-01 14:50:00,0,1.0,164.68,84.0,0,1
15905.0,543,1,114.69,82,5.213181818181818,22,1,2010-06-14 16:00:00,2010-06-14 16:00:00,0,1.0,114.69,82.0,1,1
15907.0,4,3,882.72,478,3.905840707964602,175,1,2011-05-13 13:01:00,2011-12-06 12:21:00,206,6.9,127.93,159.33,0,1
15908.0,491,2,758.62,173,18.9655,37,1,2010-07-15 19:21:00,2010-08-06 11:56:00,21,0.7,1083.74,86.5,1,1
15909.0,174,1,191.94,98,27.42,7,1,2011-06-19 10:38:00,2011-06-19 10:38:00,0,1.0,191.94,98.0,1,1
15912.0,178,9,1074.7,759,11.31263157894737,83,1,2009-12-10 12:58:00,2011-06-14 14:29:00,551,18.4,58.41,84.33,1,1
15913.0,534,1,6.300000000000001,3,6.300000000000001,1,1,2010-06-23 16:31:00,2010-06-23 16:31:00,0,1.0,6.3,3.0,1,1
15914.0,378,2,205.99,149,15.845384615384615,13,1,2010-11-26 16:09:00,2010-11-26 16:10:00,0,1.0,205.99,74.5,1,1
15915.0,402,1,364.45,414,3.225221238938053,105,1,2010-11-03 11:13:00,2010-11-03 11:13:00,0,1.0,364.45,414.0,1,1
15917.0,248,5,530.17,248,3.7335915492957743,127,1,2009-12-02 14:55:00,2011-04-06 10:40:00,489,16.3,32.53,49.6,1,1
15918.0,191,3,582.88,240,9.555409836065571,49,1,2010-03-18 11:40:00,2011-06-02 11:42:00,441,14.7,39.65,80.0,1,1
15920.0,154,9,569.14,238,5.319065420560747,93,1,2009-12-14 13:09:00,2011-07-08 15:31:00,571,19.0,29.95,26.44,1,1
15921.0,173,4,775.26,335,9.813417721518988,69,1,2010-03-09 11:03:00,2011-06-20 11:03:00,468,15.6,49.7,83.75,1,1
15922.0,373,1,369.5,138,33.59090909090909,11,1,2010-12-01 13:51:00,2010-12-01 13:51:00,0,1.0,369.5,138.0,1,1
15923.0,373,1,127.08,122,6.051428571428572,21,1,2010-12-02 12:16:00,2010-12-02 12:16:00,0,1.0,127.08,122.0,1,1
15924.0,731,1,102.82,103,6.854666666666666,14,1,2009-12-08 15:00:00,2009-12-08 15:00:00,0,1.0,102.82,103.0,1,1
15925.0,194,1,207.15,93,17.2625,12,1,2011-05-29 15:35:00,2011-05-29 15:35:00,0,1.0,207.15,93.0,1,1
15926.0,542,1,134.44,155,19.205714285714286,7,1,2010-06-15 15:23:00,2010-06-15 15:23:00,0,1.0,134.44,155.0,1,1
15927.0,647,1,106.54,66,7.102666666666667,13,1,2010-03-02 13:25:00,2010-03-02 13:25:00,0,1.0,106.54,66.0,1,1
15928.0,656,1,293.53,164,26.684545454545454,11,1,2010-02-21 15:16:00,2010-02-21 15:16:00,0,1.0,293.53,164.0,1,1
15929.0,644,1,594.0,120,594.0,1,1,2010-03-05 14:56:00,2010-03-05 14:56:00,0,1.0,594.0,120.0,1,1
15930.0,67,1,426.63,139,20.31571428571429,21,1,2011-10-03 14:52:00,2011-10-03 14:52:00,0,1.0,426.63,139.0,0,1
15931.0,428,1,239.9,118,17.135714285714286,14,1,2010-10-07 16:46:00,2010-10-07 16:46:00,0,1.0,239.9,118.0,1,1
15934.0,418,2,2190.66,2166,75.53999999999999,29,1,2010-10-06 12:08:00,2010-10-18 10:13:00,11,0.4,5476.65,1083.0,1,1
15935.0,239,2,416.86,115,34.73833333333334,12,1,2011-04-12 09:35:00,2011-04-14 13:27:00,2,0.1,4168.6,57.5,1,1
15936.0,379,2,282.79,211,14.883684210526315,16,1,2010-08-29 11:42:00,2010-11-25 16:39:00,88,2.9,97.51,105.5,1,1
15937.0,64,1,145.35000000000002,73,20.76428571428572,7,1,2011-10-06 15:48:00,2011-10-06 15:48:00,0,1.0,145.35,73.0,0,1
15938.0,112,9,734.8100000000001,449,18.84128205128205,27,1,2010-06-01 09:42:00,2011-08-19 12:56:00,444,14.8,49.65,49.89,1,1
15940.0,311,1,35.8,4,35.8,1,1,2011-02-01 16:18:00,2011-02-01 16:18:00,0,1.0,35.8,4.0,1,1
15941.0,637,1,405.0,60,67.5,6,1,2010-03-12 14:45:00,2010-03-12 14:45:00,0,1.0,405.0,60.0,1,1
15942.0,134,1,337.44,232,24.102857142857143,14,1,2011-07-29 09:01:00,2011-07-29 09:01:00,0,1.0,337.44,232.0,1,1
15943.0,650,2,271.29,183,22.6075,12,1,2010-01-31 11:04:00,2010-02-28 12:49:00,28,0.9,301.43,91.5,1,1
15944.0,277,4,2164.24,859,56.95368421052631,25,1,2009-12-13 12:57:00,2011-03-08 10:33:00,449,15.0,144.28,214.75,1,1
15945.0,365,4,646.27,345,23.081071428571427,24,1,2009-12-01 13:47:00,2010-12-09 13:14:00,372,12.4,52.12,86.25,1,1
15946.0,503,3,2304.18,1614,88.62230769230769,25,1,2010-03-16 10:49:00,2010-07-25 12:18:00,131,4.4,523.68,538.0,1,1
15947.0,83,1,1708.24,898,58.9048275862069,29,1,2011-09-18 10:46:00,2011-09-18 10:46:00,0,1.0,1708.24,898.0,0,1
15949.0,17,2,364.72,284,19.19578947368421,12,1,2011-09-29 17:34:00,2011-11-23 09:09:00,54,1.8,202.62,142.0,0,1
15952.0,34,4,781.91,391,9.30845238095238,65,1,2011-04-28 12:55:00,2011-11-06 11:18:00,191,6.4,122.17,97.75,0,1
15954.0,589,1,190.75,119,9.5375,20,1,2010-04-29 13:35:00,2010-04-29 13:35:00,0,1.0,190.75,119.0,1,1
15956.0,551,2,617.6,278,34.31111111111111,18,1,2009-12-13 11:16:00,2010-06-06 13:06:00,175,5.8,106.48,139.0,1,1
15959.0,682,3,542.89,269,7.646338028169014,58,1,2010-01-26 16:19:00,2010-01-26 16:38:00,0,1.0,542.89,89.67,1,1
15960.0,374,4,410.95,258,15.805769230769233,24,1,2010-09-30 15:50:00,2010-11-30 15:57:00,61,2.0,205.48,64.5,1,1
15961.0,379,1,451.29,154,10.745,42,1,2010-11-25 15:59:00,2010-11-25 15:59:00,0,1.0,451.29,154.0,1,1
15962.0,449,1,289.48,228,5.263272727272728,43,1,2010-09-16 13:48:00,2010-09-16 13:48:00,0,1.0,289.48,228.0,1,1
15963.0,20,2,470.76,298,16.812857142857144,26,1,2011-10-25 13:05:00,2011-11-20 11:33:00,25,0.8,588.45,149.0,0,1
15964.0,663,1,269.21000000000004,93,13.4605,20,1,2010-02-14 15:30:00,2010-02-14 15:30:00,0,1.0,269.21,93.0,1,1
15966.0,451,1,426.53,275,15.797407407407407,27,1,2010-09-15 10:44:00,2010-09-15 10:44:00,0,1.0,426.53,275.0,1,1
15968.0,388,1,404.55,247,5.056875,70,1,2010-11-16 13:04:00,2010-11-16 13:04:00,0,1.0,404.55,247.0,1,1
15970.0,304,2,1017.32,498,42.38833333333333,19,1,2010-04-20 11:30:00,2011-02-09 12:08:00,295,9.8,103.81,249.0,1,1
15972.0,456,5,1769.33,468,12.728992805755396,104,1,2010-04-18 14:06:00,2010-09-09 13:20:00,143,4.8,368.61,93.6,1,1
15973.0,367,3,680.62,195,61.874545454545455,8,1,2010-10-06 15:00:00,2010-12-08 11:42:00,62,2.1,324.1,65.0,1,1
15975.0,84,1,371.01,243,15.45875,24,1,2011-09-16 13:33:00,2011-09-16 13:33:00,0,1.0,371.01,243.0,0,1
15979.0,603,1,329.22,450,14.964545454545451,22,1,2010-04-16 11:35:00,2010-04-16 11:35:00,0,1.0,329.22,450.0,1,1
15982.0,605,1,324.51,131,7.211333333333333,45,1,2010-04-13 15:47:00,2010-04-13 15:47:00,0,1.0,324.51,131.0,1,1
15985.0,123,7,2715.28,2750,26.10846153846154,50,1,2010-05-27 15:51:00,2011-08-08 16:31:00,438,14.6,185.98,392.86,1,1
15989.0,376,2,368.31,169,4.282674418604652,81,1,2009-12-02 15:51:00,2010-11-29 12:03:00,361,12.0,30.69,84.5,1,1
15991.0,534,1,150.55,41,25.09166666666667,6,1,2010-06-23 15:50:00,2010-06-23 15:50:00,0,1.0,150.55,41.0,1,1
15992.0,4,3,896.6,514,16.603703703703705,53,1,2010-09-12 11:52:00,2011-12-06 11:00:00,449,15.0,59.77,171.33,0,1
15995.0,414,1,694.54,352,6.314,108,1,2010-10-21 13:57:00,2010-10-21 13:57:00,0,1.0,694.54,352.0,1,1
16001.0,381,1,583.39,337,20.11689655172414,29,1,2010-11-23 17:10:00,2010-11-23 17:10:00,0,1.0,583.39,337.0,1,1
16002.0,625,1,169.21,70,4.028809523809524,42,1,2010-03-24 13:08:00,2010-03-24 13:08:00,0,1.0,169.21,70.0,1,1
16006.0,211,2,332.82,205,4.266923076923077,75,1,2010-11-17 12:03:00,2011-05-12 13:12:00,176,5.9,56.41,102.5,1,1
16009.0,22,4,972.11,366,11.855,68,1,2011-07-03 11:26:00,2011-11-17 16:51:00,137,4.6,211.33,91.5,0,1
16010.0,246,11,1694.86,919,5.864567474048442,122,1,2010-10-24 10:54:00,2011-04-08 10:14:00,165,5.5,308.16,83.55,1,1
16021.0,395,2,487.03,276,3.86531746031746,117,1,2010-06-13 11:05:00,2010-11-09 14:48:00,149,5.0,97.41,138.0,1,1
16022.0,260,1,602.63,255,8.48774647887324,68,1,2011-03-24 13:16:00,2011-03-24 13:16:00,0,1.0,602.63,255.0,1,1
16023.0,46,3,719.81,358,7.126831683168317,90,1,2011-03-18 13:32:00,2011-10-24 16:34:00,220,7.3,98.6,119.33,0,1
16025.0,30,1,439.66,338,15.702142857142857,28,1,2011-11-10 11:45:00,2011-11-10 11:45:00,0,1.0,439.66,338.0,0,1
16026.0,43,1,236.09,243,7.3778125,30,1,2011-10-27 13:53:00,2011-10-27 13:53:00,0,1.0,236.09,243.0,0,1
16028.0,596,1,82.2,18,16.44,5,1,2010-04-23 11:45:00,2010-04-23 11:45:00,0,1.0,82.2,18.0,1,1
16030.0,310,1,331.24,283,11.422068965517242,28,1,2011-02-03 11:28:00,2011-02-03 11:28:00,0,1.0,331.24,283.0,1,1
16031.0,92,2,547.9,421,5.590816326530612,91,1,2011-04-06 14:23:00,2011-09-08 13:07:00,154,5.1,107.43,210.5,1,1
16034.0,196,6,911.32,585,16.27357142857143,43,1,2010-10-26 13:00:00,2011-05-27 16:17:00,213,7.1,128.35,97.5,1,1
16035.0,560,1,217.73,33,10.368095238095238,21,1,2010-05-28 15:09:00,2010-05-28 15:09:00,0,1.0,217.73,33.0,1,1
16037.0,270,5,1509.34,766,21.25830985915493,62,1,2010-03-01 12:31:00,2011-03-15 09:13:00,378,12.6,119.79,153.2,1,1
16038.0,8,3,471.78,244,18.14538461538461,24,1,2011-05-22 11:29:00,2011-12-02 12:40:00,194,6.5,72.58,81.33,0,1
16039.0,424,2,456.4,409,14.2625,27,1,2010-03-21 15:17:00,2010-10-12 10:44:00,204,6.8,67.12,204.5,1,1
16041.0,31,3,3166.4,1584,527.7333333333333,6,1,2011-07-21 16:27:00,2011-11-09 12:25:00,110,3.7,855.78,528.0,0,1
16043.0,38,8,1856.59,1011,25.4327397260274,56,1,2010-08-15 11:26:00,2011-11-02 12:50:00,444,14.8,125.45,126.38,0,1
16044.0,435,1,340.84000000000003,170,17.938947368421054,19,1,2010-09-30 18:12:00,2010-09-30 18:12:00,0,1.0,340.84,170.0,1,1
16046.0,562,1,235.78,248,10.717272727272729,22,1,2010-05-26 13:18:00,2010-05-26 13:18:00,0,1.0,235.78,248.0,1,1
16047.0,682,1,107.14,1,107.14,1,1,2010-01-26 16:34:00,2010-01-26 16:34:00,0,1.0,107.14,1.0,1,1
16048.0,373,4,818.7900000000001,425,22.74416666666667,30,1,2010-06-08 12:36:00,2010-12-01 15:28:00,176,5.9,138.78,106.25,1,1
16050.0,174,3,300.7,388,14.319047619047618,19,1,2010-11-03 15:55:00,2011-06-19 11:44:00,227,7.6,39.57,129.33,1,1
16051.0,682,1,188.44,80,15.703333333333331,12,1,2010-01-27 09:38:00,2010-01-27 09:38:00,0,1.0,188.44,80.0,1,1
16052.0,54,1,362.06,282,10.648823529411764,34,1,2011-10-16 15:13:00,2011-10-16 15:13:00,0,1.0,362.06,282.0,0,1
16054.0,145,4,2111.88,791,17.31049180327869,109,1,2010-04-01 18:37:00,2011-07-17 13:08:00,471,15.7,134.51,197.75,1,1
16055.0,221,1,134.8,22,16.85,8,1,2011-05-03 09:26:00,2011-05-03 09:26:00,0,1.0,134.8,22.0,1,1
16056.0,45,1,650.75,345,9.859848484848484,66,1,2011-10-25 15:19:00,2011-10-25 15:19:00,0,1.0,650.75,345.0,0,1
16058.0,406,1,62.7,18,31.35,2,1,2010-10-29 16:48:00,2010-10-29 16:48:00,0,1.0,62.7,18.0,1,1
16060.0,401,3,541.95,243,22.58125,22,1,2010-08-02 15:26:00,2010-11-04 12:10:00,93,3.1,174.82,81.0,1,1
16061.0,431,1,89.65,19,29.883333333333336,3,1,2010-10-04 15:29:00,2010-10-04 15:29:00,0,1.0,89.65,19.0,1,1
16063.0,260,1,335.32,262,14.57913043478261,23,1,2011-03-24 14:55:00,2011-03-24 14:56:00,0,1.0,335.32,262.0,1,1
16064.0,725,1,109.31,55,6.43,17,1,2009-12-14 16:11:00,2009-12-14 16:11:00,0,1.0,109.31,55.0,1,1
16067.0,563,3,3269.11,1236,48.07514705882353,60,1,2010-02-02 18:01:00,2010-05-26 12:33:00,112,3.7,883.54,412.0,1,1
16068.0,594,1,115.73,48,3.3065714285714285,34,1,2010-04-25 11:52:00,2010-04-25 11:52:00,0,1.0,115.73,48.0,1,1
16069.0,418,1,457.7,138,18.308,25,1,2010-10-18 10:32:00,2010-10-18 10:32:00,0,1.0,457.7,138.0,1,1
16072.0,288,4,4180.09,1580,7.87210922787194,414,1,2010-06-08 16:47:00,2011-02-24 14:32:00,260,8.7,480.47,395.0,1,1
16073.0,297,1,122.4,48,122.4,1,1,2011-02-15 15:41:00,2011-02-15 15:41:00,0,1.0,122.4,48.0,1,1
16074.0,390,1,252.5,38,10.1,23,1,2010-11-14 13:19:00,2010-11-14 13:19:00,0,1.0,252.5,38.0,1,1
16075.0,503,2,736.9300000000001,271,17.973902439024393,41,1,2010-05-24 15:57:00,2010-07-25 11:31:00,61,2.0,368.46,135.5,1,1
16077.0,626,1,2300.4,840,287.55,8,1,2010-03-24 10:42:00,2010-03-24 10:42:00,0,1.0,2300.4,840.0,1,1
16078.0,284,2,362.99,200,9.307435897435898,39,1,2010-02-08 13:29:00,2011-03-01 09:47:00,385,12.8,28.36,100.0,1,1
16082.0,670,1,106.75,39,6.671875,16,1,2010-02-07 15:16:00,2010-02-07 15:16:00,0,1.0,106.75,39.0,1,1
16083.0,101,4,2351.42,1514,33.11859154929578,61,1,2010-11-16 11:53:00,2011-08-31 10:47:00,287,9.6,244.94,378.5,1,1
16084.0,299,1,436.18,216,11.47842105263158,38,1,2011-02-13 16:05:00,2011-02-13 16:05:00,0,1.0,436.18,216.0,1,1
16087.0,389,5,1739.92,664,173.99200000000002,6,1,2010-01-19 12:30:00,2010-11-15 16:44:00,300,10.0,173.99,132.8,1,1
16088.0,576,2,1437.43,373,239.5716666666667,3,1,2010-04-27 10:56:00,2010-05-13 10:16:00,15,0.5,2874.86,186.5,1,1
16089.0,386,2,263.49,119,5.606170212765957,42,1,2010-07-18 15:51:00,2010-11-18 13:51:00,122,4.1,64.27,59.5,1,1
16090.0,624,1,180.56,58,10.03111111111111,18,1,2010-03-25 13:05:00,2010-03-25 13:05:00,0,1.0,180.56,58.0,1,1
16091.0,155,2,315.06,154,17.503333333333334,16,1,2011-05-25 09:18:00,2011-07-08 08:45:00,43,1.4,225.04,77.0,1,1
16092.0,115,6,1587.94,1188,17.64377777777778,60,1,2010-05-09 16:10:00,2011-08-17 10:46:00,464,15.5,102.45,198.0,1,1
16093.0,107,1,17.0,20,17.0,1,1,2011-08-25 11:09:00,2011-08-25 11:09:00,0,1.0,17.0,20.0,1,1
16095.0,456,1,447.05,265,14.901666666666667,30,1,2010-09-09 16:54:00,2010-09-09 16:54:00,0,1.0,447.05,265.0,1,1
16096.0,264,4,1584.97,700,24.01469696969697,58,1,2010-03-04 15:44:00,2011-03-20 13:38:00,380,12.7,124.8,175.0,1,1
16097.0,240,1,185.05,87,18.505,10,1,2011-04-13 13:47:00,2011-04-13 13:47:00,0,1.0,185.05,87.0,1,1
16100.0,463,1,582.64,438,15.747027027027029,37,1,2010-09-03 11:39:00,2010-09-03 11:39:00,0,1.0,582.64,438.0,1,1
16102.0,42,3,1842.14,942,32.31824561403509,41,1,2011-08-03 12:50:00,2011-10-28 13:19:00,86,2.9,635.22,314.0,0,1
16105.0,249,5,2386.19,2125,21.692636363636364,92,1,2010-04-14 13:27:00,2011-04-05 10:13:00,355,11.8,202.22,425.0,1,1
16106.0,66,1,108.38,74,18.063333333333333,6,1,2011-10-05 10:37:00,2011-10-05 10:37:00,0,1.0,108.38,74.0,0,1
16109.0,219,3,939.48,1092,30.305806451612906,30,1,2010-01-10 10:37:00,2011-05-05 09:17:00,479,16.0,58.72,364.0,1,1
16111.0,428,1,549.33,233,7.525068493150686,72,1,2010-10-07 19:51:00,2010-10-07 19:51:00,0,1.0,549.33,233.0,1,1
16112.0,143,4,195.74,574,12.23375,15,1,2011-01-05 11:47:00,2011-07-19 14:28:00,195,6.5,30.11,143.5,1,1
16113.0,183,1,161.38,176,5.379333333333333,30,1,2011-06-09 16:16:00,2011-06-09 16:16:00,0,1.0,161.38,176.0,1,1
16114.0,171,1,135.75000000000003,43,16.968750000000004,8,1,2011-06-22 10:13:00,2011-06-22 10:13:00,0,1.0,135.75,43.0,1,1
16116.0,212,1,612.78,248,18.02294117647059,34,1,2011-05-12 12:01:00,2011-05-12 12:01:00,0,1.0,612.78,248.0,1,1
16118.0,653,1,4376.25,2851,106.73780487804878,41,1,2010-02-25 09:40:00,2010-02-25 09:40:00,0,1.0,4376.25,2851.0,1,1
16123.0,52,1,307.78000000000003,170,19.23625,16,1,2011-10-19 09:18:00,2011-10-19 09:18:00,0,1.0,307.78,170.0,0,1
16124.0,317,4,1772.49,797,21.615731707317074,63,1,2009-12-07 10:33:00,2011-01-26 14:45:00,415,13.8,128.44,199.25,1,1
16125.0,367,14,4292.35,1819,14.955923344947736,168,1,2009-12-14 15:38:00,2010-12-07 15:48:00,358,11.9,360.7,129.93,1,1
16130.0,422,4,987.48,296,17.95418181818182,53,1,2010-04-01 13:58:00,2010-10-13 15:14:00,195,6.5,151.92,74.0,1,1
16132.0,544,2,664.1999999999999,280,39.07058823529411,14,1,2010-03-22 10:25:00,2010-06-13 13:49:00,83,2.8,237.21,140.0,1,1
16135.0,263,2,819.45,395,21.011538461538464,35,1,2010-05-05 09:35:00,2011-03-22 12:30:00,321,10.7,76.58,197.5,1,1
16137.0,680,1,422.7,210,15.096428571428572,28,1,2010-01-28 15:04:00,2010-01-28 15:04:00,0,1.0,422.7,210.0,1,1
16138.0,379,3,910.35,774,24.604054054054053,35,1,2010-04-28 09:51:00,2010-11-26 12:13:00,212,7.1,128.22,258.0,1,1
16141.0,88,2,955.94,410,19.1188,47,1,2010-10-18 14:12:00,2011-09-12 13:11:00,328,10.9,87.7,205.0,0,1
16142.0,250,1,535.34,422,14.46864864864865,37,1,2011-04-04 10:16:00,2011-04-04 10:16:00,0,1.0,535.34,422.0,1,1
16144.0,247,1,175.2,16,175.2,1,1,2011-04-07 10:09:00,2011-04-07 10:09:00,0,1.0,175.2,16.0,1,1
16146.0,157,4,946.38,544,23.082439024390244,34,1,2010-09-17 10:46:00,2011-07-05 14:20:00,291,9.7,97.56,136.0,1,1
16148.0,296,2,386.62,250,42.95777777777778,9,1,2010-09-29 10:12:00,2011-02-16 14:01:00,140,4.7,82.26,125.0,1,1
16152.0,269,1,1829.04,642,63.07034482758621,29,1,2011-03-16 09:47:00,2011-03-16 09:47:00,0,1.0,1829.04,642.0,1,1
16155.0,382,5,796.9,495,16.602083333333333,45,1,2010-06-18 11:23:00,2010-11-23 12:03:00,158,5.3,150.36,99.0,1,1
16157.0,16,3,656.69,347,36.48277777777778,12,1,2011-09-28 11:48:00,2011-11-24 11:41:00,56,1.9,345.63,115.67,0,1
16158.0,522,9,628.32,182,17.952,29,1,2009-12-05 15:00:00,2010-07-05 13:55:00,211,7.0,89.76,20.22,1,1
16159.0,282,4,1232.79,635,23.7075,31,1,2009-12-03 11:51:00,2011-03-03 12:27:00,455,15.2,81.1,158.75,1,1
16162.0,252,1,37.4,4,18.7,2,1,2011-04-01 15:03:00,2011-04-01 15:03:00,0,1.0,37.4,4.0,1,1
16163.0,232,6,2407.98,676,35.4114705882353,59,1,2009-12-02 10:00:00,2011-04-21 15:15:00,505,16.8,143.33,112.67,1,1
16165.0,505,1,79.9,2,79.9,1,1,2010-07-22 14:17:00,2010-07-22 14:17:00,0,1.0,79.9,2.0,1,1
16166.0,428,2,435.83,173,19.810454545454544,18,1,2010-01-17 14:16:00,2010-10-07 15:44:00,263,8.8,49.53,86.5,1,1
16167.0,414,5,1386.12,1494,22.00190476190476,51,1,2009-12-01 10:46:00,2010-10-21 15:33:00,324,10.8,128.34,298.8,1,1
16171.0,59,1,73.19999999999999,24,24.399999999999995,3,1,2011-10-11 14:51:00,2011-10-11 14:51:00,0,1.0,73.2,24.0,0,1
16174.0,126,7,2246.75,1431,34.565384615384616,28,1,2010-04-15 15:12:00,2011-08-05 13:26:00,476,15.9,141.31,204.43,1,1
16175.0,94,7,1836.44,932,18.739183673469388,59,1,2010-05-25 12:01:00,2011-09-06 14:32:00,469,15.6,117.72,133.14,1,1
16176.0,421,4,2052.69,952,28.50958333333333,53,1,2010-03-29 14:52:00,2010-10-14 13:54:00,198,6.6,311.01,238.0,1,1
16178.0,138,2,612.6,304,24.504,24,1,2010-11-03 14:46:00,2011-07-24 16:05:00,263,8.8,69.61,152.0,1,1
16179.0,61,1,215.83,99,19.62090909090909,11,1,2011-10-10 09:41:00,2011-10-10 09:41:00,0,1.0,215.83,99.0,0,1
16180.0,100,13,16249.87,9813,49.69379204892967,171,1,2010-06-23 13:19:00,2011-08-31 16:28:00,434,14.5,1120.68,754.85,1,1
16181.0,73,1,305.54,152,27.77636363636364,11,1,2011-09-27 13:38:00,2011-09-27 13:38:00,0,1.0,305.54,152.0,0,1
16189.0,16,2,215.48,134,19.58909090909091,9,1,2011-09-15 15:21:00,2011-11-24 11:47:00,69,2.3,93.69,67.0,0,1
16192.0,736,1,351.3,208,31.93636363636364,11,1,2009-12-04 12:28:00,2009-12-04 12:28:00,0,1.0,351.3,208.0,1,1
16193.0,237,2,630.4300000000001,379,16.59026315789474,38,1,2010-10-25 10:25:00,2011-04-17 11:45:00,174,5.8,108.69,189.5,1,1
16194.0,375,1,308.6,140,38.575,8,1,2010-11-29 13:28:00,2010-11-29 13:28:00,0,1.0,308.6,140.0,1,1
16195.0,723,1,323.25,123,20.203125,16,1,2009-12-16 14:09:00,2009-12-16 14:09:00,0,1.0,323.25,123.0,1,1
16196.0,489,1,93.3,26,23.325,4,1,2010-08-08 11:40:00,2010-08-08 11:40:00,0,1.0,93.3,26.0,1,1
16199.0,392,7,942.75,321,94.275,2,1,2010-03-18 18:47:00,2010-11-12 12:55:00,238,7.9,119.34,45.86,1,1
16203.0,59,6,943.84,537,14.30060606060606,56,1,2010-07-23 13:09:00,2011-10-12 12:31:00,445,14.8,63.77,89.5,0,1
16207.0,25,1,394.38,140,20.75684210526316,19,1,2011-11-14 13:51:00,2011-11-14 13:51:00,0,1.0,394.38,140.0,0,1
16213.0,79,1,159.0,48,26.5,6,1,2011-09-22 10:03:00,2011-09-22 10:03:00,0,1.0,159.0,48.0,0,1
16214.0,171,4,2038.25,1308,20.7984693877551,84,1,2010-09-30 13:57:00,2011-06-22 11:30:00,264,8.8,231.62,327.0,1,1
16215.0,81,1,242.35,104,17.310714285714287,14,1,2011-09-20 10:18:00,2011-09-20 10:18:00,0,1.0,242.35,104.0,0,1
16216.0,267,1,914.93,254,24.72783783783784,37,1,2011-03-17 15:34:00,2011-03-17 15:34:00,0,1.0,914.93,254.0,1,1
16217.0,235,2,304.25,91,20.28333333333333,13,1,2011-03-02 15:28:00,2011-04-18 13:31:00,46,1.5,202.83,45.5,1,1
16219.0,501,1,40.8,48,40.8,1,1,2010-07-27 11:44:00,2010-07-27 11:44:00,0,1.0,40.8,48.0,1,1
16224.0,57,5,1616.54,1555,13.935689655172414,107,1,2010-11-17 13:14:00,2011-10-13 17:51:00,330,11.0,146.96,311.0,0,1
16226.0,203,5,672.17,521,21.68290322580645,23,1,2010-10-22 11:19:00,2011-05-20 14:41:00,210,7.0,96.02,104.2,1,1
16227.0,225,3,1027.22,436,30.212352941176476,28,1,2010-06-22 13:28:00,2011-04-28 13:33:00,310,10.3,99.73,145.33,1,1
16230.0,190,2,542.03,365,15.486571428571429,32,1,2011-05-03 15:12:00,2011-06-03 10:06:00,30,1.0,542.03,182.5,1,1
16231.0,379,4,1074.47,563,10.7447,69,1,2010-04-21 12:06:00,2010-11-25 15:00:00,218,7.3,147.19,140.75,1,1
16234.0,476,3,333.18,170,22.212,13,1,2010-05-27 10:39:00,2010-08-20 14:33:00,85,2.8,118.99,56.67,1,1
16236.0,78,1,432.2,184,21.61,20,1,2011-09-22 14:10:00,2011-09-22 14:10:00,0,1.0,432.2,184.0,0,1
16237.0,437,1,136.65,57,19.52142857142857,7,1,2010-09-28 17:02:00,2010-09-28 17:02:00,0,1.0,136.65,57.0,1,1
16238.0,423,1,63.66,85,10.61,6,1,2010-10-13 12:36:00,2010-10-13 12:36:00,0,1.0,63.66,85.0,1,1
16240.0,24,2,3718.8,1641,27.546666666666667,126,1,2011-09-23 13:44:00,2011-11-15 14:30:00,53,1.8,2066.0,820.5,0,1
16243.0,34,2,409.1,110,8.02156862745098,49,1,2011-10-16 12:09:00,2011-11-06 12:32:00,21,0.7,584.43,55.0,0,1
16244.0,212,2,1522.75,855,16.733516483516482,88,1,2010-12-02 11:41:00,2011-05-12 10:18:00,160,5.3,287.31,427.5,1,1
16246.0,460,2,821.35,336,9.333522727272728,79,1,2010-02-08 12:32:00,2010-09-06 12:04:00,209,7.0,117.34,168.0,1,1
16247.0,170,1,114.56,182,7.16,16,1,2011-06-22 14:23:00,2011-06-22 14:23:00,0,1.0,114.56,182.0,1,1
16248.0,62,1,152.94,78,21.84857142857143,7,1,2011-10-09 11:32:00,2011-10-09 11:32:00,0,1.0,152.94,78.0,0,1
16250.0,261,3,565.24,268,16.149714285714285,29,1,2010-11-18 10:43:00,2011-03-23 15:07:00,125,4.2,134.58,89.33,1,1
16251.0,512,1,128.31,44,6.4155,20,1,2010-07-15 14:55:00,2010-07-15 14:55:00,0,1.0,128.31,44.0,1,1
16252.0,383,1,295.09000000000003,158,14.051904761904764,21,1,2010-11-22 11:57:00,2010-11-22 11:57:00,0,1.0,295.09,158.0,1,1
16254.0,378,3,967.44,543,13.073513513513516,65,1,2010-03-17 15:43:00,2010-11-26 13:22:00,253,8.4,115.17,181.0,1,1
16256.0,267,3,1629.37,1590,56.1851724137931,27,1,2010-04-21 10:34:00,2011-03-18 12:18:00,331,11.0,148.12,530.0,1,1
16257.0,177,1,46.95,2,23.475,2,1,2011-06-16 10:11:00,2011-06-16 10:11:00,0,1.0,46.95,2.0,1,1
16259.0,410,3,340.94,143,4.011058823529412,75,1,2010-04-13 16:57:00,2010-10-25 14:27:00,194,6.5,52.45,47.67,1,1
16260.0,51,1,1035.45,311,57.525000000000006,18,1,2011-10-20 09:40:00,2011-10-20 09:40:00,0,1.0,1035.45,311.0,0,1
16262.0,378,1,755.15,446,16.416304347826088,46,1,2010-11-26 13:22:00,2010-11-26 13:22:00,0,1.0,755.15,446.0,1,1
16263.0,423,1,348.16,197,16.57904761904762,19,1,2010-10-12 14:52:00,2010-10-12 14:52:00,0,1.0,348.16,197.0,1,1
16264.0,438,2,823.53,616,13.07190476190476,62,1,2010-09-19 16:14:00,2010-09-27 15:00:00,7,0.2,4117.65,308.0,1,1
16267.0,591,1,186.66,198,26.665714285714284,7,1,2010-04-27 14:10:00,2010-04-27 14:10:00,0,1.0,186.66,198.0,1,1
16268.0,71,2,667.65,533,14.836666666666666,45,1,2011-09-29 18:30:00,2011-09-29 18:30:00,0,1.0,667.65,266.5,0,1
16269.0,438,1,717.57,579,13.539056603773586,53,1,2010-09-28 11:50:00,2010-09-28 11:50:00,0,1.0,717.57,579.0,1,1
16270.0,353,1,1141.24,688,21.134074074074075,54,1,2010-12-21 14:26:00,2010-12-21 14:26:00,0,1.0,1141.24,688.0,1,1
16272.0,117,1,411.7,224,16.468,25,1,2011-08-15 10:53:00,2011-08-15 10:54:00,0,1.0,411.7,224.0,1,1
16273.0,648,2,318.34000000000003,40,21.22266666666667,15,1,2010-02-21 16:02:00,2010-03-01 13:24:00,7,0.2,1591.7,20.0,1,1
16274.0,373,1,351.75,153,5.411538461538462,64,1,2010-12-01 15:35:00,2010-12-01 15:35:00,0,1.0,351.75,153.0,1,1
16275.0,197,3,2151.11,1268,19.37936936936937,105,1,2010-03-08 14:41:00,2011-05-27 12:41:00,444,14.8,145.35,422.67,1,1
16276.0,177,3,2629.3900000000003,1467,101.13038461538464,20,1,2010-04-11 12:02:00,2011-06-16 09:34:00,430,14.3,183.87,489.0,1,1
16277.0,734,1,188.69,33,8.203913043478261,23,1,2009-12-06 11:27:00,2009-12-06 11:27:00,0,1.0,188.69,33.0,1,1
16278.0,100,3,1117.84,342,20.32436363636364,50,1,2010-07-28 15:40:00,2011-08-31 17:12:00,399,13.3,84.05,114.0,1,1
16280.0,725,1,238.05,101,14.878125,16,1,2009-12-14 15:49:00,2009-12-14 15:49:00,0,1.0,238.05,101.0,1,1
16282.0,340,3,1307.5800000000002,790,39.623636363636365,31,1,2009-12-21 11:52:00,2011-01-04 11:42:00,378,12.6,103.78,263.33,1,1
16285.0,646,1,176.9,60,5.706451612903226,31,1,2010-03-03 16:03:00,2010-03-03 16:03:00,0,1.0,176.9,60.0,1,1
16286.0,477,2,328.95,101,19.35,17,1,2010-03-26 09:58:00,2010-08-19 14:48:00,146,4.9,67.13,50.5,1,1
16287.0,170,5,1006.98,1426,23.97571428571429,18,1,2010-01-19 09:46:00,2011-06-23 09:08:00,519,17.3,58.21,285.2,1,1
16288.0,470,1,129.85,19,18.55,7,1,2010-08-26 14:45:00,2010-08-26 14:45:00,0,1.0,129.85,19.0,1,1
16289.0,462,1,136.31,97,6.490952380952381,21,1,2010-09-03 14:02:00,2010-09-03 14:02:00,0,1.0,136.31,97.0,1,1
16291.0,682,1,117.72,1,117.72,1,1,2010-01-26 16:26:00,2010-01-26 16:26:00,0,1.0,117.72,1.0,1,1
16292.0,122,5,1253.76,688,20.22193548387097,51,1,2010-04-14 13:29:00,2011-08-10 12:24:00,482,16.1,77.87,137.6,1,1
16294.0,477,1,126.05,54,15.75625,8,1,2010-08-20 12:01:00,2010-08-20 12:01:00,0,1.0,126.05,54.0,1,1
16297.0,269,1,301.9,206,15.095,20,1,2011-03-16 08:29:00,2011-03-16 08:29:00,0,1.0,301.9,206.0,1,1
16299.0,477,1,193.65,107,16.1375,12,1,2010-08-19 17:46:00,2010-08-19 17:46:00,0,1.0,193.65,107.0,1,1
16300.0,430,3,1367.32,643,5.745042016806722,190,1,2010-02-02 11:40:00,2010-10-05 13:14:00,245,8.2,166.75,214.33,1,1
16301.0,737,1,107.33,41,17.888333333333332,6,1,2009-12-03 10:20:00,2009-12-03 10:20:00,0,1.0,107.33,41.0,1,1
16302.0,127,1,233.22,158,21.201818181818183,11,1,2011-08-05 09:44:00,2011-08-05 09:44:00,0,1.0,233.22,158.0,1,1
16304.0,695,1,381.66,228,15.2664,25,1,2010-01-14 08:30:00,2010-01-14 08:30:00,0,1.0,381.66,228.0,1,1
16305.0,139,1,361.22,256,16.41909090909091,22,1,2011-07-24 12:18:00,2011-07-24 12:18:00,0,1.0,361.22,256.0,1,1
16306.0,214,7,1124.72,712,16.78686567164179,55,1,2010-10-01 09:36:00,2011-05-10 12:12:00,221,7.4,151.99,101.71,1,1
16307.0,429,3,1194.92,1123,15.932266666666669,69,1,2010-05-11 14:40:00,2010-10-06 14:31:00,147,4.9,243.86,374.33,1,1
16309.0,106,2,706.57,467,16.823095238095238,39,1,2011-04-13 11:46:00,2011-08-25 15:35:00,134,4.5,157.02,233.5,1,1
16310.0,414,2,460.08,270,16.431428571428572,26,1,2010-03-07 15:41:00,2010-10-21 14:47:00,227,7.6,60.54,135.0,1,1
16312.0,432,1,171.15,53,17.115000000000002,10,1,2010-10-03 14:15:00,2010-10-03 14:15:00,0,1.0,171.15,53.0,1,1
16313.0,3,2,274.15000000000003,165,17.134375000000002,16,1,2011-10-21 09:04:00,2011-12-06 13:02:00,46,1.5,182.77,82.5,0,1
16315.0,331,2,402.71,143,17.50913043478261,21,1,2010-06-21 13:53:00,2011-01-13 11:57:00,205,6.8,59.22,71.5,1,1
16317.0,120,5,2192.51,1236,18.73940170940171,103,1,2010-05-04 10:17:00,2011-08-12 12:46:00,465,15.5,141.45,247.2,1,1
16318.0,35,1,328.15000000000003,199,17.27105263157895,19,1,2011-11-04 13:05:00,2011-11-04 13:05:00,0,1.0,328.15,199.0,0,1
16319.0,218,1,404.4,72,134.8,3,1,2011-05-06 11:27:00,2011-05-06 11:27:00,0,1.0,404.4,72.0,1,1
16320.0,172,6,5628.99,3319,23.356804979253116,193,1,2010-01-27 13:29:00,2011-06-20 15:25:00,509,17.0,331.12,553.17,1,1
16322.0,1,2,326.75,231,8.83108108108108,28,1,2011-11-03 14:33:00,2011-12-08 15:41:00,35,1.2,272.29,115.5,0,1
16323.0,196,2,353.66,146,88.415,4,1,2010-05-11 09:48:00,2011-05-27 14:48:00,381,12.7,27.85,73.0,1,1
16324.0,128,3,408.59,270,3.680990990990992,100,1,2011-06-15 14:26:00,2011-08-03 12:58:00,48,1.6,255.37,90.0,1,1
16328.0,563,1,310.83,141,19.426875,16,1,2010-05-25 14:02:00,2010-05-25 14:02:00,0,1.0,310.83,141.0,1,1
16329.0,428,4,1664.92,797,16.008846153846154,83,1,2009-12-01 11:34:00,2010-10-08 12:44:00,311,10.4,160.09,199.25,1,1
16331.0,432,6,2037.7,756,59.93235294117648,33,1,2010-03-07 10:55:00,2010-10-03 13:47:00,210,7.0,291.1,126.0,1,1
16334.0,492,1,263.73,206,4.883888888888889,54,1,2010-08-04 16:38:00,2010-08-04 16:38:00,0,1.0,263.73,206.0,1,1
16336.0,421,4,3517.69,1473,51.73073529411765,64,1,2010-03-18 08:05:00,2010-10-15 12:32:00,211,7.0,502.53,368.25,1,1
16337.0,37,1,151.05,87,15.105,10,1,2011-11-03 10:03:00,2011-11-03 10:03:00,0,1.0,151.05,87.0,0,1
16338.0,157,1,214.8,94,19.527272727272727,11,1,2011-07-05 13:56:00,2011-07-05 13:56:00,0,1.0,214.8,94.0,1,1
16339.0,284,1,94.05,21,5.225,17,1,2011-02-28 13:41:00,2011-02-28 13:41:00,0,1.0,94.05,21.0,1,1
16340.0,107,3,1496.24,1319,4.191148459383753,277,1,2010-06-06 13:26:00,2011-08-24 14:53:00,444,14.8,101.1,439.67,1,1
16342.0,75,4,322.41,157,21.494000000000003,10,1,2011-06-13 10:10:00,2011-09-25 14:36:00,104,3.5,92.12,39.25,0,1
16346.0,385,1,224.51,289,14.967333333333332,15,1,2010-11-19 15:55:00,2010-11-19 15:55:00,0,1.0,224.51,289.0,1,1
16349.0,291,1,53.5,9,5.944444444444445,9,1,2011-02-22 12:40:00,2011-02-22 12:40:00,0,1.0,53.5,9.0,1,1
16352.0,18,2,494.44,300,17.658571428571427,28,1,2011-11-02 08:44:00,2011-11-22 10:32:00,20,0.7,706.34,150.0,0,1
16355.0,375,1,416.35,179,8.673958333333333,47,1,2010-11-29 14:21:00,2010-11-29 14:21:00,0,1.0,416.35,179.0,1,1
16356.0,198,6,415.87,190,7.0486440677966105,27,1,2010-06-06 11:26:00,2011-05-26 11:51:00,354,11.8,35.24,31.67,1,1
16363.0,53,1,109.36,52,21.872000000000003,5,1,2011-10-17 14:14:00,2011-10-17 14:14:00,0,1.0,109.36,52.0,0,1
16364.0,12,2,705.79,279,13.572884615384616,48,1,2011-07-25 14:35:00,2011-11-28 11:27:00,125,4.2,168.05,139.5,0,1
16371.0,449,1,157.2,108,14.29090909090909,11,1,2010-09-17 12:09:00,2010-09-17 12:09:00,0,1.0,157.2,108.0,1,1
16373.0,382,2,309.49,119,10.672068965517242,25,1,2010-10-24 13:10:00,2010-11-22 15:50:00,29,1.0,309.49,59.5,1,1
16375.0,470,2,104.0,74,8.0,11,1,2010-08-26 14:12:00,2010-08-26 14:25:00,0,1.0,104.0,37.0,1,1
16377.0,267,2,1308.48,2928,130.848,6,1,2010-04-01 10:36:00,2011-03-17 15:41:00,350,11.7,111.84,1464.0,1,1
16378.0,247,3,362.95,267,15.780434782608696,22,1,2011-02-02 12:42:00,2011-04-06 15:07:00,63,2.1,172.83,89.0,1,1
16380.0,61,1,1743.15,1428,56.23064516129032,28,1,2011-10-09 15:40:00,2011-10-09 15:40:00,0,1.0,1743.15,1428.0,0,1
16381.0,396,2,247.85,108,4.06311475409836,60,1,2010-10-17 13:06:00,2010-11-09 09:56:00,22,0.7,354.07,54.0,1,1
16382.0,408,2,353.1,167,8.025,42,1,2010-06-07 12:42:00,2010-10-27 16:23:00,142,4.7,75.13,83.5,1,1
16387.0,323,5,882.46,448,10.1432183908046,68,1,2010-03-11 12:22:00,2011-01-21 11:34:00,315,10.5,84.04,89.6,1,1
16388.0,654,1,186.05,83,14.311538461538465,13,1,2010-02-24 10:20:00,2010-02-24 10:20:00,0,1.0,186.05,83.0,1,1
16389.0,53,4,1382.0700000000002,1242,40.64911764705883,33,1,2011-03-01 15:47:00,2011-10-17 14:41:00,229,7.6,181.85,310.5,0,1
16390.0,537,3,467.5,122,22.261904761904763,16,1,2010-01-29 15:25:00,2010-06-21 10:11:00,142,4.7,99.47,40.67,1,1
16391.0,401,4,1052.26,715,3.4613815789473685,261,1,2010-05-27 11:27:00,2010-11-04 12:27:00,161,5.4,194.86,178.75,1,1
16392.0,270,3,756.7,604,5.254861111111111,125,1,2010-05-27 11:17:00,2011-03-15 12:11:00,292,9.7,78.01,201.33,1,1
16396.0,476,1,137.8,80,17.225,8,1,2010-08-20 14:17:00,2010-08-20 14:17:00,0,1.0,137.8,80.0,1,1
16397.0,628,1,123.13,43,13.681111111111113,9,1,2010-03-21 15:36:00,2010-03-21 15:36:00,0,1.0,123.13,43.0,1,1
16398.0,154,2,1705.8,758,20.80243902439024,75,1,2011-03-31 09:38:00,2011-07-08 15:16:00,99,3.3,516.91,379.0,1,1
16402.0,265,2,293.45,146,5.148245614035088,55,1,2010-12-05 13:42:00,2011-03-20 12:25:00,104,3.5,83.84,73.0,1,1
16403.0,312,1,177.5,114,17.75,10,1,2011-01-31 13:39:00,2011-01-31 13:39:00,0,1.0,177.5,114.0,1,1
16404.0,70,1,443.05,157,19.26304347826087,23,1,2011-09-30 14:55:00,2011-09-30 14:55:00,0,1.0,443.05,157.0,0,1
16405.0,302,2,167.25,187,33.45,3,1,2011-02-02 17:08:00,2011-02-10 15:24:00,7,0.2,836.25,93.5,1,1
16408.0,591,1,231.93,227,5.154,45,1,2010-04-27 14:08:00,2010-04-27 14:08:00,0,1.0,231.93,227.0,1,1
16410.0,734,1,130.32,348,26.064,5,1,2009-12-05 14:51:00,2009-12-05 14:51:00,0,1.0,130.32,348.0,1,1
16413.0,57,2,522.03,283,7.676911764705882,55,1,2010-11-29 12:49:00,2011-10-14 12:08:00,318,10.6,49.25,141.5,0,1
16417.0,493,1,35.7,6,35.7,1,1,2010-08-04 09:08:00,2010-08-04 09:08:00,0,1.0,35.7,6.0,1,1
16419.0,113,8,1463.7,701,16.263333333333335,62,1,2010-02-09 13:26:00,2011-08-19 12:33:00,555,18.5,79.12,87.62,1,1
16420.0,396,1,75.0,120,37.5,2,1,2010-11-08 15:15:00,2010-11-08 15:15:00,0,1.0,75.0,120.0,1,1
16421.0,376,3,526.27,123,13.849210526315789,35,1,2010-08-27 12:02:00,2010-11-28 13:31:00,93,3.1,169.76,41.0,1,1
16423.0,25,1,346.12,230,19.22888888888889,18,1,2011-11-15 09:21:00,2011-11-15 09:21:00,0,1.0,346.12,230.0,0,1
16424.0,191,2,443.06,212,34.081538461538464,10,1,2010-11-22 11:24:00,2011-06-01 13:40:00,191,6.4,69.23,106.0,1,1
16425.0,302,1,302.7,199,14.414285714285716,21,1,2011-02-10 14:30:00,2011-02-10 14:30:00,0,1.0,302.7,199.0,1,1
16427.0,263,2,241.06,156,26.784444444444446,8,1,2011-02-28 15:18:00,2011-03-21 17:10:00,21,0.7,344.37,78.0,1,1
16428.0,414,3,638.49,575,5.02748031496063,121,1,2010-07-30 12:10:00,2010-10-22 12:22:00,84,2.8,228.03,191.67,1,1
16429.0,106,1,284.55,9,142.275,2,1,2011-08-25 13:54:00,2011-08-25 13:54:00,0,1.0,284.55,9.0,1,1
16431.0,213,3,623.28,442,8.201052631578946,51,1,2011-02-15 14:02:00,2011-05-10 14:09:00,84,2.8,222.6,147.33,1,1
16432.0,64,1,287.40000000000003,276,35.925000000000004,8,1,2011-10-06 13:59:00,2011-10-06 13:59:00,0,1.0,287.4,276.0,0,1
16435.0,512,3,1003.07,608,8.02456,119,1,2010-07-13 13:29:00,2010-07-15 18:22:00,2,0.1,10030.7,202.67,1,1
16436.0,668,3,319.14,227,7.978499999999999,37,1,2009-12-06 16:02:00,2010-02-09 13:19:00,64,2.1,151.97,75.67,1,1
16437.0,381,2,301.25,197,14.345238095238097,17,1,2010-10-06 12:34:00,2010-11-23 16:59:00,48,1.6,188.28,98.5,1,1
16439.0,722,1,310.70000000000005,74,34.522222222222226,9,1,2009-12-17 14:22:00,2009-12-17 14:22:00,0,1.0,310.7,74.0,1,1
16443.0,521,1,162.24,96,162.24,1,1,2010-07-07 11:57:00,2010-07-07 11:57:00,0,1.0,162.24,96.0,1,1
16448.0,198,2,361.12,176,7.2224,45,1,2010-08-25 16:58:00,2011-05-25 16:28:00,272,9.1,39.68,88.0,1,1
16449.0,198,2,707.69,367,17.69225,40,1,2011-03-04 12:15:00,2011-05-26 10:25:00,82,2.7,262.11,183.5,1,1
16450.0,150,3,1505.73,681,35.016976744186046,36,1,2010-02-21 15:46:00,2011-07-13 11:47:00,506,16.9,89.1,227.0,1,1
16452.0,631,2,332.17,199,18.45388888888889,14,1,2010-01-15 12:22:00,2010-03-19 12:39:00,63,2.1,158.18,99.5,1,1
16453.0,531,2,251.71,139,16.78066666666667,15,1,2010-06-09 13:15:00,2010-06-27 12:46:00,17,0.6,419.52,69.5,1,1
16457.0,218,1,208.36,140,23.151111111111117,9,1,2011-05-05 13:19:00,2011-05-05 13:19:00,0,1.0,208.36,140.0,1,1
16459.0,730,1,71.78999999999999,59,14.358,5,1,2009-12-10 12:42:00,2009-12-10 12:42:00,0,1.0,71.79,59.0,1,1
16461.0,178,3,1545.83,933,6.134246031746032,223,1,2010-03-03 13:57:00,2011-06-15 12:07:00,468,15.6,99.09,311.0,1,1
16465.0,421,2,746.24,504,15.546666666666669,45,1,2010-09-21 10:46:00,2010-10-15 09:27:00,23,0.8,932.8,252.0,1,1
16467.0,509,7,2869.16,7384,119.54833333333332,14,1,2009-12-02 11:59:00,2010-07-19 11:49:00,228,7.6,377.52,1054.86,1,1
16471.0,275,4,1189.98,670,19.19322580645161,48,1,2010-02-25 10:07:00,2011-03-10 09:41:00,377,12.6,94.44,167.5,1,1
16472.0,434,2,789.6,252,20.246153846153845,39,1,2010-04-21 11:48:00,2010-10-01 13:56:00,163,5.4,146.22,126.0,1,1
16473.0,165,4,470.83,296,16.815357142857142,26,1,2010-11-30 16:29:00,2011-06-28 09:10:00,209,7.0,67.26,74.0,1,1
16475.0,88,4,544.3,319,19.439285714285717,23,1,2011-03-11 09:39:00,2011-09-12 14:37:00,185,6.2,87.79,79.75,0,1
16476.0,432,1,350.35,187,14.597916666666668,24,1,2010-10-04 10:29:00,2010-10-04 10:29:00,0,1.0,350.35,187.0,1,1
16478.0,25,3,331.0,224,19.47058823529412,15,1,2011-10-05 12:02:00,2011-11-14 15:51:00,40,1.3,254.62,74.67,0,1
16479.0,10,2,300.83,102,8.595142857142857,35,1,2011-11-29 13:04:00,2011-11-29 13:40:00,0,1.0,300.83,51.0,0,1
16480.0,76,1,769.29,455,14.514905660377355,51,1,2011-09-25 11:40:00,2011-09-25 11:40:00,0,1.0,769.29,455.0,0,1
16481.0,682,1,453.38,201,28.33625,16,1,2010-01-26 13:09:00,2010-01-26 13:09:00,0,1.0,453.38,201.0,1,1
16482.0,16,1,220.62,346,12.256666666666668,18,1,2011-11-24 12:33:00,2011-11-24 12:33:00,0,1.0,220.62,346.0,0,1
16483.0,192,1,139.35,44,7.334210526315789,19,1,2011-05-31 13:08:00,2011-05-31 13:08:00,0,1.0,139.35,44.0,1,1
16484.0,174,2,404.3,200,16.172,25,1,2011-06-02 10:39:00,2011-06-19 12:06:00,17,0.6,673.83,100.0,1,1
16486.0,538,1,134.36,24,19.19428571428572,7,1,2010-06-20 12:16:00,2010-06-20 12:16:00,0,1.0,134.36,24.0,1,1
16487.0,577,2,209.4,163,5.982857142857143,28,1,2010-02-18 17:36:00,2010-05-11 13:38:00,81,2.7,77.56,81.5,1,1
16488.0,33,3,498.8,728,17.2,28,1,2011-07-14 11:46:00,2011-11-06 13:42:00,115,3.8,131.26,242.67,0,1
16489.0,380,2,303.7,38,50.61666666666667,4,1,2010-09-29 15:02:00,2010-11-24 14:40:00,55,1.8,168.72,19.0,1,1
16490.0,436,1,205.41000000000005,113,15.800769230769232,13,1,2010-09-29 16:30:00,2010-09-29 16:30:00,0,1.0,205.41,113.0,1,1
16492.0,541,1,385.56,235,16.763478260869565,23,1,2010-06-17 08:20:00,2010-06-17 08:20:00,0,1.0,385.56,235.0,1,1
16494.0,297,1,826.53,675,16.5306,47,1,2011-02-16 12:49:00,2011-02-16 12:49:00,0,1.0,826.53,675.0,1,1
16495.0,3,3,648.26,328,7.366590909090909,78,1,2011-03-08 16:38:00,2011-12-06 13:20:00,272,9.1,71.24,109.33,0,1
16498.0,161,2,100.97,45,6.731333333333334,15,1,2011-06-30 19:52:00,2011-07-01 15:07:00,0,1.0,100.97,22.5,1,1
16501.0,383,1,1191.23,628,5.98608040201005,181,1,2010-11-21 14:10:00,2010-11-21 14:10:00,0,1.0,1191.23,628.0,1,1
16502.0,620,2,258.55,220,6.30609756097561,41,1,2010-03-29 13:39:00,2010-03-29 13:44:00,0,1.0,258.55,110.0,1,1
16505.0,32,1,777.6,576,194.4,4,1,2011-11-08 12:14:00,2011-11-08 12:14:00,0,1.0,777.6,576.0,0,1
16506.0,20,2,90.3,42,30.100000000000005,3,1,2011-10-30 15:50:00,2011-11-20 12:17:00,20,0.7,129.0,21.0,0,1
16507.0,572,1,142.71,111,3.755526315789474,37,1,2010-05-16 12:56:00,2010-05-16 12:56:00,0,1.0,142.71,111.0,1,1
16508.0,630,1,240.95,103,5.603488372093023,42,1,2010-03-19 13:41:00,2010-03-19 13:41:00,0,1.0,240.95,103.0,1,1
16509.0,297,1,363.7000000000001,64,27.97692307692308,13,1,2011-02-16 09:25:00,2011-02-16 09:25:00,0,1.0,363.7,64.0,1,1
16510.0,372,6,1777.5,930,15.870535714285714,94,1,2010-01-17 12:30:00,2010-12-02 13:39:00,319,10.6,167.69,155.0,1,1
16516.0,30,1,101.7,58,16.95,6,1,2011-11-09 14:59:00,2011-11-09 14:59:00,0,1.0,101.7,58.0,0,1
16517.0,277,1,162.70000000000002,96,9.57058823529412,17,1,2011-03-07 13:50:00,2011-03-07 13:50:00,0,1.0,162.7,96.0,1,1
16520.0,186,6,2148.38,1045,6.103352272727273,251,1,2010-03-02 16:50:00,2011-06-06 13:24:00,460,15.3,140.42,174.17,1,1
16521.0,415,3,1140.11,1014,4.810590717299577,212,1,2010-03-01 13:22:00,2010-10-20 13:09:00,232,7.7,148.07,338.0,1,1
16522.0,436,2,433.36,212,24.07555555555556,16,1,2010-09-15 13:32:00,2010-09-30 10:54:00,14,0.5,866.72,106.0,1,1
16524.0,446,2,306.19,259,5.777169811320754,50,1,2010-01-17 13:16:00,2010-09-19 13:37:00,245,8.2,37.34,129.5,1,1
16526.0,172,2,717.21,279,20.491714285714288,30,1,2010-05-04 16:34:00,2011-06-21 12:02:00,412,13.7,52.35,139.5,1,1
16528.0,4,1,244.41,171,14.377058823529412,17,1,2011-12-06 12:45:00,2011-12-06 12:45:00,0,1.0,244.41,171.0,0,1
16529.0,190,4,1986.8,739,15.521875,87,1,2010-06-27 13:29:00,2011-06-02 17:23:00,340,11.3,175.82,184.75,1,1
16530.0,668,1,48.35,17,16.116666666666667,3,1,2010-02-09 15:30:00,2010-02-09 15:30:00,0,1.0,48.35,17.0,1,1
16534.0,642,1,635.9,168,17.663888888888888,36,1,2010-03-07 15:47:00,2010-03-07 15:47:00,0,1.0,635.9,168.0,1,1
16536.0,110,1,548.12,250,10.15037037037037,49,1,2011-08-21 15:54:00,2011-08-21 15:54:00,0,1.0,548.12,250.0,1,1
16537.0,641,1,23.35,59,5.8375,3,1,2010-03-08 13:41:00,2010-03-08 13:41:00,0,1.0,23.35,59.0,1,1
16538.0,541,3,395.07,254,9.635853658536584,35,1,2010-04-23 16:25:00,2010-06-16 16:59:00,54,1.8,219.48,84.67,1,1
16540.0,414,1,205.75,105,7.094827586206897,25,1,2010-10-21 17:22:00,2010-10-21 17:22:00,0,1.0,205.75,105.0,1,1
16541.0,735,1,424.03,173,11.158684210526316,38,1,2009-12-04 13:22:00,2009-12-04 13:22:00,0,1.0,424.03,173.0,1,1
16543.0,592,1,292.21,317,16.233888888888888,18,1,2010-04-27 11:38:00,2010-04-27 11:38:00,0,1.0,292.21,317.0,1,1
16544.0,520,4,376.7000000000001,150,34.24545454545455,8,1,2010-02-15 13:20:00,2010-07-08 11:11:00,142,4.7,80.15,37.5,1,1
16545.0,165,2,689.8199999999999,322,86.22749999999999,6,1,2010-11-29 10:39:00,2011-06-28 10:37:00,210,7.0,98.55,161.0,1,1
16546.0,291,5,5307.07,4211,60.307613636363634,75,1,2010-09-23 15:43:00,2011-02-22 11:20:00,151,5.0,1061.41,842.2,1,1
16547.0,546,1,104.26,108,4.1704,25,1,2010-06-11 13:02:00,2010-06-11 13:02:00,0,1.0,104.26,108.0,1,1
16548.0,599,1,30.15,6,5.025,6,1,2010-04-19 16:15:00,2010-04-19 16:15:00,0,1.0,30.15,6.0,1,1
16551.0,96,7,2237.12,2076,25.421818181818185,67,1,2009-12-13 16:12:00,2011-09-05 09:38:00,630,21.0,106.53,296.57,1,1
16552.0,243,2,379.73,219,22.33705882352941,17,1,2010-12-01 12:36:00,2011-04-11 10:04:00,130,4.3,88.31,109.5,1,1
16553.0,163,33,16584.01,16427,56.79455479452054,195,1,2010-02-11 18:46:00,2011-06-29 15:42:00,502,16.7,993.05,497.79,1,1
16557.0,24,2,281.85,111,25.622727272727275,11,1,2011-07-25 13:28:00,2011-11-15 14:04:00,113,3.8,74.17,55.5,0,1
16559.0,397,1,175.0,61,10.294117647058824,17,1,2010-11-07 13:52:00,2010-11-07 13:52:00,0,1.0,175.0,61.0,1,1
16561.0,6,2,511.12,244,16.48774193548387,29,1,2011-10-11 09:53:00,2011-12-04 11:50:00,54,1.8,283.96,122.0,0,1
16562.0,477,1,223.86,264,6.584117647058824,34,1,2010-08-20 11:45:00,2010-08-20 11:45:00,0,1.0,223.86,264.0,1,1
16564.0,569,1,87.80000000000001,40,17.560000000000002,5,1,2010-05-19 14:41:00,2010-05-19 14:41:00,0,1.0,87.8,40.0,1,1
16565.0,364,4,773.05,211,70.27727272727272,7,1,2010-06-02 12:47:00,2010-12-10 15:21:00,191,6.4,120.79,52.75,1,1
16566.0,15,5,614.66,362,34.147777777777776,14,1,2011-02-20 10:29:00,2011-11-24 16:34:00,277,9.2,66.81,72.4,0,1
16567.0,194,2,865.6,996,24.731428571428573,34,1,2011-01-07 09:31:00,2011-05-29 13:57:00,142,4.7,184.17,498.0,1,1
16568.0,428,2,1020.9,366,204.18,5,1,2010-03-08 14:51:00,2010-10-08 10:54:00,213,7.1,143.79,183.0,1,1
16572.0,127,3,1009.6,532,17.712280701754388,40,1,2011-03-09 12:04:00,2011-08-04 16:34:00,148,4.9,206.04,177.33,1,1
16573.0,85,2,663.61,360,15.800238095238097,40,1,2011-02-22 15:14:00,2011-09-16 09:13:00,205,6.8,97.59,180.0,0,1
16576.0,420,2,540.87,323,16.39,32,1,2010-07-06 10:42:00,2010-10-15 13:37:00,101,3.4,159.08,161.5,1,1
16577.0,667,1,380.0,142,16.52173913043478,23,1,2010-02-11 09:45:00,2010-02-11 09:45:00,0,1.0,380.0,142.0,1,1
16578.0,626,1,156.6,108,17.4,9,1,2010-03-23 15:11:00,2010-03-23 15:11:00,0,1.0,156.6,108.0,1,1
16579.0,426,1,295.05,119,21.075,14,1,2010-10-10 11:58:00,2010-10-10 11:58:00,0,1.0,295.05,119.0,1,1
16581.0,183,1,105.84,134,11.76,9,1,2011-06-10 10:05:00,2011-06-10 10:05:00,0,1.0,105.84,134.0,1,1
16582.0,113,1,313.62,164,52.27,6,1,2011-08-18 17:02:00,2011-08-18 17:02:00,0,1.0,313.62,164.0,1,1
16583.0,374,2,297.95,153,16.552777777777777,18,1,2010-02-04 12:18:00,2010-12-01 12:03:00,299,10.0,29.8,76.5,1,1
16585.0,594,2,341.59000000000003,151,18.977222222222224,16,1,2010-01-13 13:31:00,2010-04-25 10:34:00,101,3.4,100.47,75.5,1,1
16586.0,249,3,1462.78,348,52.24214285714286,27,1,2010-03-14 11:24:00,2011-04-05 09:32:00,386,12.9,113.39,116.0,1,1
16587.0,232,1,225.15,71,17.31923076923077,13,1,2011-04-21 15:51:00,2011-04-21 15:51:00,0,1.0,225.15,71.0,1,1
16588.0,386,4,1361.28,882,19.172957746478872,64,1,2010-05-14 13:43:00,2010-11-18 17:56:00,188,6.3,216.08,220.5,1,1
16590.0,401,2,605.9,240,20.893103448275863,26,1,2010-10-21 12:09:00,2010-11-04 09:06:00,13,0.4,1514.75,120.0,1,1
16591.0,69,1,213.5,41,21.35,10,1,2011-10-02 10:43:00,2011-10-02 10:43:00,0,1.0,213.5,41.0,0,1
16594.0,75,1,181.09,64,3.416792452830189,53,1,2011-09-25 14:08:00,2011-09-25 14:08:00,0,1.0,181.09,64.0,0,1
16597.0,4,1,90.04,184,12.862857142857145,7,1,2011-12-05 15:44:00,2011-12-05 15:44:00,0,1.0,90.04,184.0,0,1
16598.0,286,1,145.05,73,14.505,10,1,2011-02-27 11:42:00,2011-02-27 11:42:00,0,1.0,145.05,73.0,1,1
16599.0,386,1,172.8,159,14.4,12,1,2010-11-19 12:45:00,2010-11-19 12:45:00,0,1.0,172.8,159.0,1,1
16604.0,563,2,432.4500000000001,175,36.0375,10,1,2010-05-20 16:34:00,2010-05-26 09:10:00,5,0.2,2162.25,87.5,1,1
16605.0,724,1,60.48,144,60.48,1,1,2009-12-15 19:03:00,2009-12-15 19:03:00,0,1.0,60.48,144.0,1,1
16606.0,404,2,357.66,148,16.257272727272728,16,1,2010-10-01 13:21:00,2010-10-31 13:57:00,30,1.0,357.66,74.0,1,1
16608.0,454,2,1286.62,612,10.633223140495868,94,1,2010-02-14 11:57:00,2010-09-12 11:44:00,209,7.0,183.8,306.0,1,1
16610.0,219,1,75.66,66,12.61,6,1,2011-05-04 13:13:00,2011-05-04 13:13:00,0,1.0,75.66,66.0,1,1
16611.0,186,6,1785.13,874,16.228454545454547,86,1,2010-03-10 16:07:00,2011-06-06 15:46:00,452,15.1,118.22,145.67,1,1
16613.0,70,1,618.59,293,20.619666666666667,30,1,2011-09-30 15:52:00,2011-09-30 15:52:00,0,1.0,618.59,293.0,0,1
16614.0,183,3,1179.79,349,24.07734693877551,37,1,2010-05-10 15:18:00,2011-06-10 11:36:00,395,13.2,89.38,116.33,1,1
16615.0,626,1,291.5,211,15.342105263157896,19,1,2010-03-23 15:13:00,2010-03-23 15:13:00,0,1.0,291.5,211.0,1,1
16616.0,15,2,500.42,370,15.164242424242424,31,1,2011-07-05 13:38:00,2011-11-24 16:31:00,142,4.7,106.47,185.0,0,1
16617.0,236,1,151.85,91,30.37,5,1,2011-04-18 10:35:00,2011-04-18 10:35:00,0,1.0,151.85,91.0,1,1
16619.0,264,4,1938.33,1055,16.709741379310348,103,1,2010-02-22 12:05:00,2011-03-21 08:18:00,391,13.0,149.1,263.75,1,1
16621.0,52,4,813.48,302,28.05103448275862,22,1,2011-03-07 11:32:00,2011-10-19 11:38:00,226,7.5,108.46,75.5,0,1
16622.0,544,1,225.4,44,18.78333333333333,12,1,2010-06-14 10:44:00,2010-06-14 10:44:00,0,1.0,225.4,44.0,1,1
16623.0,246,4,1015.24,442,19.906666666666663,44,1,2010-04-26 14:04:00,2011-04-08 10:09:00,346,11.5,88.28,110.5,1,1
16624.0,81,2,810.57,488,16.886875,44,1,2011-05-26 14:20:00,2011-09-20 12:39:00,116,3.9,207.84,244.0,0,1
16625.0,275,5,1654.03,1057,16.707373737373736,82,1,2010-06-14 11:56:00,2011-03-10 12:50:00,269,9.0,183.78,211.4,1,1
16627.0,79,1,322.8,162,16.14,20,1,2011-09-21 14:38:00,2011-09-21 14:38:00,0,1.0,322.8,162.0,0,1
16630.0,407,1,106.8,72,26.700000000000003,4,1,2010-10-28 14:30:00,2010-10-28 14:30:00,0,1.0,106.8,72.0,1,1
16632.0,486,2,406.4,256,15.05185185185185,22,1,2010-05-07 16:46:00,2010-08-11 11:39:00,95,3.2,127.0,128.0,1,1
16634.0,223,6,1649.81,1257,19.87722891566265,72,1,2010-01-21 09:30:00,2011-05-01 12:09:00,465,15.5,106.44,209.5,1,1
16635.0,407,1,473.0,277,18.92,25,1,2010-10-29 09:41:00,2010-10-29 09:41:00,0,1.0,473.0,277.0,1,1
16636.0,438,4,3802.04,2186,52.0827397260274,62,1,2010-03-03 14:06:00,2010-09-27 13:13:00,207,6.9,551.02,546.5,1,1
16637.0,32,4,1154.47,927,16.73144927536232,66,1,2011-04-28 10:20:00,2011-11-07 13:17:00,193,6.4,180.39,231.75,0,1
16640.0,398,1,179.4,146,13.8,13,1,2010-11-07 10:48:00,2010-11-07 10:48:00,0,1.0,179.4,146.0,1,1
16643.0,246,2,923.11,553,16.783818181818184,48,1,2010-10-13 09:47:00,2011-04-08 08:24:00,176,5.9,156.46,276.5,1,1
16644.0,178,2,833.78,826,13.448064516129032,62,1,2011-05-11 12:53:00,2011-06-15 12:39:00,34,1.1,757.98,413.0,1,1
16645.0,736,1,160.39,117,11.456428571428573,14,1,2009-12-04 09:49:00,2009-12-04 09:49:00,0,1.0,160.39,117.0,1,1
16646.0,449,1,678.8,1072,23.406896551724135,29,1,2010-09-16 13:28:00,2010-09-16 13:28:00,0,1.0,678.8,1072.0,1,1
16647.0,170,4,541.9,396,16.421212121212122,28,1,2010-06-13 15:52:00,2011-06-23 11:47:00,374,12.5,43.35,99.0,1,1
16649.0,520,1,306.58,82,15.329,20,1,2010-07-07 15:41:00,2010-07-07 15:41:00,0,1.0,306.58,82.0,1,1
16651.0,587,1,136.2,60,22.7,6,1,2010-05-02 11:46:00,2010-05-02 11:46:00,0,1.0,136.2,60.0,1,1
16654.0,141,8,1484.07,640,20.055,64,1,2010-04-06 13:29:00,2011-07-21 15:23:00,471,15.7,94.53,80.0,1,1
16658.0,368,6,690.83,277,10.79421875,49,1,2010-03-30 16:24:00,2010-12-06 13:47:00,250,8.3,83.23,46.17,1,1
16659.0,189,1,39.12,72,19.56,2,1,2011-06-03 15:03:00,2011-06-03 15:03:00,0,1.0,39.12,72.0,1,1
16661.0,540,4,932.76,364,15.044516129032258,50,1,2009-12-17 15:39:00,2010-06-17 15:24:00,181,6.0,155.46,91.0,1,1
16662.0,394,1,151.05,35,5.394642857142857,28,1,2010-11-10 16:56:00,2010-11-10 16:56:00,0,1.0,151.05,35.0,1,1
16663.0,729,1,165.0,100,165.0,1,1,2009-12-10 13:12:00,2009-12-10 13:12:00,0,1.0,165.0,100.0,1,1
16664.0,569,1,109.2,24,13.65,8,1,2010-05-19 17:11:00,2010-05-19 17:11:00,0,1.0,109.2,24.0,1,1
16665.0,362,1,135.4,59,15.044444444444444,9,1,2010-12-12 14:03:00,2010-12-12 14:03:00,0,1.0,135.4,59.0,1,1
16667.0,68,2,567.1800000000001,236,10.907307692307691,52,1,2011-02-28 12:57:00,2011-10-02 15:26:00,216,7.2,78.78,118.0,0,1
16671.0,28,3,1692.27,875,282.045,3,1,2011-06-28 11:20:00,2011-11-11 13:40:00,136,4.5,376.06,291.67,0,1
16673.0,679,1,171.13,95,9.006842105263157,19,1,2010-01-29 14:22:00,2010-01-29 14:22:00,0,1.0,171.13,95.0,1,1
16674.0,55,2,304.24,181,3.2713978494623657,89,1,2011-09-02 13:59:00,2011-10-16 11:31:00,43,1.4,217.31,90.5,0,1
16675.0,442,2,608.86,296,26.47217391304348,21,1,2010-08-18 13:11:00,2010-09-24 12:15:00,36,1.2,507.38,148.0,1,1
16677.0,411,2,880.62,457,18.73659574468085,45,1,2010-02-25 16:11:00,2010-10-24 14:53:00,240,8.0,110.08,228.5,1,1
16679.0,366,3,663.31,247,36.85055555555555,15,1,2010-06-10 18:35:00,2010-12-08 13:51:00,180,6.0,110.55,82.33,1,1
16683.0,534,1,320.25,190,17.791666666666668,18,1,2010-06-24 10:36:00,2010-06-24 10:36:00,0,1.0,320.25,190.0,1,1
16687.0,391,1,157.63,141,19.70375,8,1,2010-11-14 11:46:00,2010-11-14 11:46:00,0,1.0,157.63,141.0,1,1
16689.0,76,2,422.6,330,32.50769230769231,12,1,2011-09-18 13:29:00,2011-09-25 11:39:00,6,0.2,2113.0,165.0,0,1
16691.0,418,2,178.83,92,16.257272727272728,11,1,2010-05-27 14:55:00,2010-10-17 15:03:00,143,4.8,37.26,46.0,1,1
16692.0,256,4,1914.7,878,382.94,3,1,2010-09-24 11:31:00,2011-03-28 14:46:00,185,6.2,308.82,219.5,1,1
16694.0,723,1,98.3,26,32.76666666666667,3,1,2009-12-16 15:45:00,2009-12-16 15:45:00,0,1.0,98.3,26.0,1,1
16695.0,562,2,191.9,184,5.482857142857143,30,1,2010-05-27 12:24:00,2010-05-27 12:36:00,0,1.0,191.9,92.0,1,1
16696.0,135,4,657.9,146,65.78999999999999,7,1,2011-04-05 15:20:00,2011-07-27 14:23:00,112,3.7,177.81,36.5,1,1
16697.0,241,1,112.75,27,5.369047619047619,20,1,2011-04-12 17:12:00,2011-04-12 17:12:00,0,1.0,112.75,27.0,1,1
16698.0,227,2,1998.0,840,399.6,4,1,2011-03-31 13:33:00,2011-04-27 10:52:00,26,0.9,2220.0,420.0,1,1
16699.0,380,7,994.6,640,16.04193548387097,51,1,2009-12-04 13:31:00,2010-11-24 14:38:00,355,11.8,84.29,91.43,1,1
16702.0,415,4,1110.83,692,12.206923076923076,84,1,2009-12-07 16:40:00,2010-10-20 14:10:00,316,10.5,105.79,173.0,1,1
16704.0,618,2,664.16,433,12.29925925925926,50,1,2010-02-05 14:14:00,2010-03-31 14:02:00,53,1.8,368.98,216.5,1,1
16707.0,400,4,533.41,396,8.206307692307691,64,1,2010-03-09 15:16:00,2010-11-04 14:39:00,239,8.0,66.68,99.0,1,1
16708.0,46,1,656.63,285,24.31962962962963,27,1,2011-10-25 12:20:00,2011-10-25 12:20:00,0,1.0,656.63,285.0,0,1
16714.0,219,4,1497.33,828,13.612090909090908,95,1,2010-02-07 11:17:00,2011-05-05 11:09:00,451,15.0,99.82,207.0,1,1
16715.0,78,2,625.52,1174,22.34,27,1,2010-05-26 12:35:00,2011-09-22 18:15:00,484,16.1,38.85,587.0,0,1
16721.0,262,1,292.47,172,7.904594594594595,37,1,2011-03-22 16:08:00,2011-03-22 16:08:00,0,1.0,292.47,172.0,1,1
16723.0,91,4,1231.36,958,9.930322580645162,108,1,2009-12-04 13:23:00,2011-09-09 13:01:00,643,21.4,57.54,239.5,1,1
16724.0,405,1,147.35,69,8.66764705882353,17,1,2010-10-31 11:40:00,2010-10-31 11:40:00,0,1.0,147.35,69.0,1,1
16725.0,302,14,1688.26,700,4.85132183908046,242,1,2009-12-13 15:54:00,2011-02-10 16:52:00,424,14.1,119.73,50.0,1,1
16727.0,364,4,1377.77,1066,6.7208292682926825,158,1,2010-01-20 10:48:00,2010-12-10 13:48:00,324,10.8,127.57,266.5,1,1
16728.0,46,4,1048.28,671,3.985855513307985,218,1,2011-03-20 13:28:00,2011-10-24 14:36:00,218,7.3,143.6,167.75,0,1
16730.0,52,3,743.11,994,9.062317073170732,75,1,2011-01-24 14:01:00,2011-10-18 14:11:00,267,8.9,83.5,331.33,0,1
16731.0,648,1,170.3,124,4.0547619047619055,40,1,2010-03-01 15:05:00,2010-03-01 15:05:00,0,1.0,170.3,124.0,1,1
16733.0,530,1,259.68,112,21.64,12,1,2010-06-28 10:12:00,2010-06-28 10:12:00,0,1.0,259.68,112.0,1,1
16736.0,506,5,2956.56,1050,20.675244755244755,116,1,2009-12-03 16:12:00,2010-07-22 10:09:00,230,7.7,383.97,210.0,1,1
16738.0,298,1,3.75,3,3.75,1,1,2011-02-15 09:46:00,2011-02-15 09:46:00,0,1.0,3.75,3.0,1,1
16740.0,395,1,226.91,110,7.0909375,30,1,2010-11-09 13:34:00,2010-11-09 13:34:00,0,1.0,226.91,110.0,1,1
16741.0,625,1,173.06,81,15.732727272727272,11,1,2010-03-24 15:15:00,2010-03-24 15:15:00,0,1.0,173.06,81.0,1,1
16749.0,591,2,4157.88,1910,57.748333333333335,53,1,2009-12-15 14:05:00,2010-04-27 13:06:00,132,4.4,944.97,955.0,1,1
16750.0,45,5,623.93,214,6.567684210526315,74,1,2011-04-21 16:53:00,2011-10-26 12:48:00,187,6.2,100.63,42.8,0,1
16751.0,31,1,1764.72,1031,70.5888,24,1,2011-11-09 10:48:00,2011-11-09 10:48:00,0,1.0,1764.72,1031.0,0,1
16752.0,373,1,207.5,54,23.05555555555556,9,1,2010-12-02 12:18:00,2010-12-02 12:18:00,0,1.0,207.5,54.0,1,1
16753.0,58,1,223.92,189,6.5858823529411765,34,1,2011-10-12 13:14:00,2011-10-12 13:14:00,0,1.0,223.92,189.0,0,1
16754.0,372,29,65500.07,63551,467.8576428571429,38,1,2010-03-08 11:32:00,2010-12-02 17:38:00,269,9.0,7277.79,2191.41,1,1
16755.0,114,7,2864.68,1985,8.980188087774295,219,1,2009-12-09 14:25:00,2011-08-17 13:21:00,615,20.5,139.74,283.57,1,1
16756.0,215,7,1312.37,707,16.61227848101266,64,1,2010-03-09 15:56:00,2011-05-09 09:33:00,425,14.2,92.42,101.0,1,1
16757.0,319,2,270.48,180,18.032,13,1,2010-10-26 15:09:00,2011-01-25 11:59:00,90,3.0,90.16,90.0,1,1
16758.0,65,1,369.34,203,16.78818181818182,22,1,2011-10-05 14:47:00,2011-10-05 14:47:00,0,1.0,369.34,203.0,0,1
16760.0,430,1,228.0,168,13.411764705882351,17,1,2010-10-05 15:55:00,2010-10-05 15:55:00,0,1.0,228.0,168.0,1,1
16761.0,97,1,316.62,341,24.35538461538461,13,1,2011-09-04 11:15:00,2011-09-04 11:15:00,0,1.0,316.62,341.0,1,1
16762.0,20,3,1207.24,480,19.162539682539684,51,1,2011-07-18 12:52:00,2011-11-20 11:43:00,124,4.1,294.45,160.0,0,1
16765.0,294,2,454.75,311,8.745192307692308,52,1,2010-11-22 13:42:00,2011-02-18 15:41:00,88,2.9,156.81,155.5,1,1
16766.0,273,2,1145.6,536,33.69411764705882,17,1,2011-03-11 13:34:00,2011-03-11 15:22:00,0,1.0,1145.6,268.0,1,1
16769.0,260,4,1117.05,295,11.515979381443298,76,1,2009-12-14 11:10:00,2011-03-24 13:41:00,465,15.5,72.07,73.75,1,1
16772.0,423,3,3698.05,687,54.38308823529412,54,1,2009-12-18 10:50:00,2010-10-12 13:19:00,298,9.9,373.54,229.0,1,1
16778.0,74,2,245.94,194,15.37125,16,1,2011-03-10 15:21:00,2011-09-26 13:48:00,199,6.6,37.26,97.0,0,1
16780.0,100,3,596.4,352,6.2125,73,1,2010-10-28 19:41:00,2011-08-31 16:09:00,306,10.2,58.47,117.33,1,1
16781.0,372,2,623.0,192,15.974358974358974,36,1,2010-02-08 13:56:00,2010-12-02 14:26:00,297,9.9,62.93,96.0,1,1
16783.0,437,1,391.95,163,15.678,25,1,2010-09-29 11:53:00,2010-09-29 11:53:00,0,1.0,391.95,163.0,1,1
16785.0,410,1,533.78,313,15.250857142857145,35,1,2010-10-26 10:36:00,2010-10-26 10:36:00,0,1.0,533.78,313.0,1,1
16786.0,394,1,51.84,72,51.84,1,1,2010-11-11 08:25:00,2010-11-11 08:25:00,0,1.0,51.84,72.0,1,1
16787.0,398,4,1017.53,472,9.085089285714286,102,1,2010-01-10 11:12:00,2010-11-07 11:01:00,300,10.0,101.75,118.0,1,1
16788.0,123,5,1928.93,965,4.035418410041841,348,1,2010-02-07 12:40:00,2011-08-08 14:53:00,547,18.2,105.99,193.0,1,1
16789.0,8,1,80.80000000000001,32,16.160000000000004,5,1,2011-12-01 15:12:00,2011-12-01 15:12:00,0,1.0,80.8,32.0,0,1
16792.0,282,5,623.46,324,6.112352941176471,90,1,2010-01-04 13:47:00,2011-03-02 14:41:00,422,14.1,44.22,64.8,1,1
16793.0,57,1,243.84,146,15.24,16,1,2011-10-13 15:08:00,2011-10-13 15:08:00,0,1.0,243.84,146.0,0,1
16795.0,365,3,2062.41,1214,6.138125,306,1,2010-01-25 13:14:00,2010-12-09 14:08:00,318,10.6,194.57,404.67,1,1
16796.0,89,1,305.62,186,16.97888888888889,18,1,2011-09-11 14:01:00,2011-09-11 14:01:00,0,1.0,305.62,186.0,0,1
16797.0,393,5,1802.02,898,4.527688442211055,289,1,2009-12-02 13:33:00,2010-11-11 19:14:00,344,11.5,156.7,179.6,1,1
16798.0,554,3,841.16,205,4.977278106508876,141,1,2009-12-10 19:35:00,2010-06-03 19:01:00,174,5.8,145.03,68.33,1,1
16799.0,432,2,452.78,162,4.921521739130435,81,1,2010-09-12 12:46:00,2010-10-03 14:28:00,21,0.7,646.83,81.0,1,1
16800.0,11,1,1162.65,524,7.452884615384616,148,1,2011-11-28 14:06:00,2011-11-28 14:06:00,0,1.0,1162.65,524.0,0,1
16801.0,163,4,1594.23,493,21.2564,72,1,2011-03-11 13:56:00,2011-06-29 15:33:00,110,3.7,430.87,123.25,1,1
16802.0,679,2,582.61,369,10.992641509433962,48,1,2009-12-09 13:00:00,2010-01-29 13:44:00,51,1.7,342.71,184.5,1,1
16803.0,65,1,332.3,245,13.845833333333331,24,1,2011-10-05 14:28:00,2011-10-05 14:28:00,0,1.0,332.3,245.0,0,1
16804.0,23,3,536.99,246,8.949833333333334,59,1,2011-03-14 15:48:00,2011-11-16 16:43:00,247,8.2,65.49,82.0,0,1
16805.0,174,5,1091.34,1120,4.38289156626506,213,1,2009-12-08 14:29:00,2011-06-19 11:23:00,557,18.6,58.67,224.0,1,1
16806.0,103,4,762.16,356,8.195268817204301,68,1,2011-04-14 19:59:00,2011-08-28 15:27:00,135,4.5,169.37,89.0,1,1
16807.0,143,6,2123.88,1433,14.956901408450705,107,1,2010-03-26 14:38:00,2011-07-20 12:00:00,480,16.0,132.74,238.83,1,1
16808.0,99,2,288.42,196,12.54,21,1,2011-03-10 19:05:00,2011-09-01 19:34:00,175,5.8,49.73,98.0,1,1
16810.0,192,2,842.04,372,24.765882352941176,34,1,2010-10-15 15:32:00,2011-05-31 15:32:00,228,7.6,110.79,186.0,1,1
16812.0,361,4,2392.0,1116,20.8,98,1,2010-11-22 14:36:00,2010-12-14 12:35:00,21,0.7,3417.14,279.0,1,1
16815.0,454,2,406.02,237,5.561917808219178,66,1,2010-06-21 12:05:00,2010-09-12 10:59:00,82,2.7,150.38,118.5,1,1
16816.0,103,4,417.06,274,14.895,28,1,2010-12-16 17:01:00,2011-08-28 14:16:00,254,8.5,49.07,68.5,1,1
16819.0,465,2,182.59,253,10.740588235294116,17,1,2010-08-31 17:31:00,2010-08-31 17:37:00,0,1.0,182.59,126.5,1,1
16820.0,96,1,497.61,307,19.138846153846156,26,1,2011-09-05 12:06:00,2011-09-05 12:06:00,0,1.0,497.61,307.0,1,1
16821.0,382,1,113.35,13,16.192857142857143,7,1,2010-11-23 10:04:00,2010-11-23 10:04:00,0,1.0,113.35,13.0,1,1
16822.0,686,1,181.39,171,16.49,11,1,2010-01-22 14:22:00,2010-01-22 14:22:00,0,1.0,181.39,171.0,1,1
16826.0,51,1,341.7,158,15.53181818181818,22,1,2011-10-19 14:05:00,2011-10-19 14:05:00,0,1.0,341.7,158.0,0,1
16827.0,393,5,392.13,125,32.6775,10,1,2010-04-29 19:07:00,2010-11-11 14:04:00,195,6.5,60.33,25.0,1,1
16828.0,93,2,128.5,59,16.0625,8,1,2011-08-19 13:24:00,2011-09-07 15:10:00,19,0.6,214.17,29.5,1,1
16829.0,157,2,513.32,215,19.01185185185185,25,1,2010-11-16 18:11:00,2011-07-06 10:48:00,231,7.7,66.66,107.5,1,1
16831.0,565,1,91.8,48,15.3,6,1,2010-05-24 09:08:00,2010-05-24 09:08:00,0,1.0,91.8,48.0,1,1
16832.0,184,5,417.61,179,19.88619047619048,19,1,2010-09-07 12:35:00,2011-06-08 15:36:00,274,9.1,45.89,35.8,1,1
16834.0,228,2,898.96,760,18.72833333333333,43,1,2010-02-03 14:24:00,2011-04-26 09:37:00,446,14.9,60.33,380.0,1,1
16835.0,128,6,1456.66,496,17.764146341463416,58,1,2010-05-19 08:41:00,2011-08-03 13:50:00,441,14.7,99.09,82.67,1,1
16838.0,197,4,1159.61,509,19.65440677966102,53,1,2010-02-14 15:27:00,2011-05-26 13:13:00,465,15.5,74.81,127.25,1,1
16840.0,603,2,139.85,117,15.538888888888888,9,1,2010-02-03 12:42:00,2010-04-15 15:48:00,71,2.4,58.27,58.5,1,1
16842.0,101,3,1264.19,693,20.066507936507936,45,1,2011-02-10 14:51:00,2011-08-31 10:42:00,201,6.7,188.69,231.0,1,1
16844.0,563,2,614.34,281,19.198125,26,1,2010-05-06 09:16:00,2010-05-26 10:29:00,20,0.7,877.63,140.5,1,1
16845.0,618,1,253.88,167,12.694,20,1,2010-03-31 13:09:00,2010-03-31 13:09:00,0,1.0,253.88,167.0,1,1
16849.0,187,1,124.57,33,15.57125,8,1,2011-06-06 09:16:00,2011-06-06 09:16:00,0,1.0,124.57,33.0,1,1
16850.0,334,1,332.41,249,17.495263157894737,19,1,2011-01-10 11:09:00,2011-01-10 11:09:00,0,1.0,332.41,249.0,1,1
16851.0,4,3,342.45,271,17.1225,17,1,2011-10-19 09:48:00,2011-12-05 13:32:00,47,1.6,214.03,90.33,0,1
16852.0,10,2,144.91,56,16.10111111111111,9,1,2011-06-16 15:49:00,2011-11-29 13:22:00,165,5.5,26.35,28.0,0,1
16854.0,417,2,1408.96,997,18.786133333333336,72,1,2010-03-09 14:32:00,2010-10-18 16:31:00,223,7.4,190.4,498.5,1,1
16855.0,24,2,328.40000000000003,164,17.284210526315793,19,1,2011-10-27 16:31:00,2011-11-16 12:03:00,19,0.6,547.33,82.0,0,1
16857.0,443,1,352.8,168,32.07272727272727,11,1,2010-09-23 10:49:00,2010-09-23 10:49:00,0,1.0,352.8,168.0,1,1
16860.0,453,3,1610.62,625,37.45627906976744,35,1,2010-02-15 13:46:00,2010-09-13 10:05:00,209,7.0,230.09,208.33,1,1
16861.0,60,5,946.59,616,19.31816326530612,39,1,2010-07-19 11:44:00,2011-10-11 09:05:00,448,14.9,63.53,123.2,0,1
16862.0,547,4,662.33,513,18.923714285714286,34,1,2010-01-07 12:57:00,2010-06-10 13:05:00,154,5.1,129.87,128.25,1,1
16864.0,434,2,409.25,283,24.073529411764707,17,1,2010-04-20 11:56:00,2010-10-01 16:16:00,164,5.5,74.41,141.5,1,1
16865.0,402,1,130.95,157,8.184375,15,1,2010-11-03 11:34:00,2010-11-03 11:34:00,0,1.0,130.95,157.0,1,1
16866.0,141,3,207.74,60,18.885454545454547,10,1,2011-07-01 12:34:00,2011-07-22 10:06:00,20,0.7,296.77,20.0,1,1
16867.0,690,1,76.74000000000001,58,12.79,6,1,2010-01-19 09:11:00,2010-01-19 09:11:00,0,1.0,76.74,58.0,1,1
16868.0,394,3,384.56,112,7.6912,47,1,2010-04-25 11:31:00,2010-11-10 13:17:00,199,6.6,58.27,37.33,1,1
16869.0,23,4,817.12,583,6.434015748031496,113,1,2011-06-17 13:01:00,2011-11-17 12:02:00,152,5.1,160.22,145.75,0,1
16870.0,469,1,450.16,278,16.077142857142857,28,1,2010-08-27 13:53:00,2010-08-27 13:53:00,0,1.0,450.16,278.0,1,1
16874.0,379,1,209.89,78,6.770645161290323,31,1,2010-11-25 13:08:00,2010-11-25 13:08:00,0,1.0,209.89,78.0,1,1
16876.0,404,1,136.01,181,4.2503125,32,1,2010-11-01 11:59:00,2010-11-01 11:59:00,0,1.0,136.01,181.0,1,1
16877.0,12,6,846.62,458,5.427051282051282,111,1,2011-05-15 16:13:00,2011-11-27 13:47:00,195,6.5,130.25,76.33,0,1
16878.0,84,1,13.3,12,4.433333333333334,3,1,2011-09-16 17:39:00,2011-09-16 17:39:00,0,1.0,13.3,12.0,0,1
16881.0,67,1,432.0,600,432.0,1,1,2011-10-04 10:33:00,2011-10-04 10:33:00,0,1.0,432.0,600.0,0,1
16882.0,67,3,705.12,424,18.08,39,1,2011-01-26 17:43:00,2011-10-04 10:42:00,250,8.3,84.95,141.33,0,1
16883.0,187,19,2246.06,1016,8.412209737827714,159,1,2009-12-04 12:07:00,2011-06-05 12:51:00,548,18.3,122.74,53.47,1,1
16886.0,456,1,134.0,48,16.75,8,1,2010-09-09 15:08:00,2010-09-09 15:08:00,0,1.0,134.0,48.0,1,1
16888.0,401,3,434.2,145,8.35,44,1,2010-01-07 13:07:00,2010-11-04 12:39:00,300,10.0,43.42,48.33,1,1
16890.0,477,3,285.41,243,15.021578947368422,17,1,2010-05-06 16:27:00,2010-08-20 11:23:00,105,3.5,81.55,81.0,1,1
16893.0,367,2,249.89,117,2.8722988505747127,80,1,2010-11-28 15:14:00,2010-12-08 12:06:00,9,0.3,832.97,58.5,1,1
16894.0,502,3,1306.96,503,6.989090909090909,186,1,2010-06-22 14:21:00,2010-07-25 15:43:00,33,1.1,1188.15,167.67,1,1
16896.0,555,1,103.95,18,5.775,18,1,2010-06-02 15:40:00,2010-06-02 15:40:00,0,1.0,103.95,18.0,1,1
16897.0,299,2,289.78,73,7.831891891891891,37,1,2011-01-30 11:52:00,2011-02-13 15:02:00,14,0.5,579.56,36.5,1,1
16901.0,729,1,204.26,42,8.880869565217392,23,1,2009-12-10 16:30:00,2009-12-10 16:30:00,0,1.0,204.26,42.0,1,1
16902.0,116,1,1706.88,629,38.79272727272728,43,1,2011-08-15 14:17:00,2011-08-15 14:17:00,0,1.0,1706.88,629.0,1,1
16908.0,722,1,252.59,61,12.6295,20,1,2009-12-17 13:35:00,2009-12-17 13:35:00,0,1.0,252.59,61.0,1,1
16909.0,72,1,379.14,436,21.063333333333333,18,1,2011-09-28 16:45:00,2011-09-28 16:45:00,0,1.0,379.14,436.0,0,1
16911.0,636,2,255.25,161,7.292857142857143,30,1,2010-02-16 16:12:00,2010-03-14 12:18:00,25,0.8,319.06,80.5,1,1
16914.0,36,1,183.76,112,6.125333333333333,25,1,2011-11-03 15:27:00,2011-11-03 15:27:00,0,1.0,183.76,112.0,0,1
16917.0,277,2,1851.88,792,37.037600000000005,45,1,2010-03-17 15:24:00,2011-03-08 11:55:00,355,11.8,156.94,396.0,1,1
16919.0,156,24,4909.66,2333,7.996188925081433,230,1,2010-08-19 15:28:00,2011-07-06 13:35:00,320,10.7,458.85,97.21,1,1
16920.0,411,1,355.45,81,15.454347826086956,23,1,2010-10-24 14:07:00,2010-10-24 14:07:00,0,1.0,355.45,81.0,1,1
16922.0,573,1,611.08,281,5.008852459016394,122,1,2010-05-16 11:24:00,2010-05-16 11:24:00,0,1.0,611.08,281.0,1,1
16925.0,540,1,125.65,123,6.980555555555556,18,1,2010-06-17 15:03:00,2010-06-17 15:03:00,0,1.0,125.65,123.0,1,1
16926.0,371,5,1169.61,197,12.183437500000002,63,1,2010-07-01 12:57:00,2010-12-03 13:42:00,155,5.2,224.92,39.4,1,1
16927.0,116,3,543.05,993,90.50833333333333,5,1,2010-12-13 11:57:00,2011-08-16 11:10:00,245,8.2,66.23,331.0,1,1
16935.0,382,3,530.86,273,7.693623188405797,55,1,2010-10-14 13:09:00,2010-11-23 09:16:00,39,1.3,408.35,91.0,1,1
16937.0,499,1,196.25,123,4.005102040816326,49,1,2010-07-28 17:56:00,2010-07-28 17:56:00,0,1.0,196.25,123.0,1,1
16939.0,489,3,433.85,229,10.58170731707317,38,1,2010-02-28 13:33:00,2010-08-08 12:24:00,160,5.3,81.86,76.33,1,1
16941.0,612,1,33.0,12,16.5,2,1,2010-04-07 11:13:00,2010-04-07 11:13:00,0,1.0,33.0,12.0,1,1
16943.0,212,5,1299.49,147,37.12828571428572,24,1,2010-03-25 13:34:00,2011-05-12 11:57:00,412,13.7,94.85,29.4,1,1
16944.0,610,1,101.36,27,14.48,7,1,2010-04-09 11:03:00,2010-04-09 11:03:00,0,1.0,101.36,27.0,1,1
16946.0,383,5,1222.04,509,16.293866666666666,69,1,2010-03-02 10:49:00,2010-11-21 14:06:00,264,8.8,138.87,101.8,1,1
16947.0,236,5,955.21,655,18.022830188679247,50,1,2010-03-03 10:54:00,2011-04-18 09:38:00,410,13.7,69.72,131.0,1,1
16948.0,139,7,868.77,2091,20.203953488372093,20,1,2010-02-21 13:48:00,2011-07-24 12:46:00,517,17.2,50.51,298.71,1,1
16949.0,4,6,1286.27,791,21.437833333333334,57,1,2011-01-27 12:11:00,2011-12-06 11:07:00,312,10.4,123.68,131.83,0,1
16951.0,135,3,1277.75,1318,14.857558139534884,73,1,2011-02-08 14:58:00,2011-07-28 12:05:00,169,5.6,228.17,439.33,1,1
16955.0,185,6,1120.31,723,22.4062,33,1,2010-01-31 11:38:00,2011-06-08 10:36:00,492,16.4,68.31,120.5,1,1
16956.0,18,1,308.74,114,19.29625,16,1,2011-11-22 08:56:00,2011-11-22 08:56:00,0,1.0,308.74,114.0,0,1
16957.0,239,2,416.64,172,26.04,15,1,2011-03-03 09:25:00,2011-04-14 13:56:00,42,1.4,297.6,86.0,1,1
16958.0,435,1,778.49,514,11.121285714285714,69,1,2010-09-30 14:25:00,2010-09-30 14:25:00,0,1.0,778.49,514.0,1,1
16959.0,87,1,117.35,49,16.764285714285716,7,1,2011-09-13 15:03:00,2011-09-13 15:03:00,0,1.0,117.35,49.0,0,1
16962.0,410,1,251.04,158,16.736,15,1,2010-10-26 11:36:00,2010-10-26 11:36:00,0,1.0,251.04,158.0,1,1
16963.0,187,1,110.55,35,15.792857142857144,7,1,2011-06-05 13:48:00,2011-06-05 13:48:00,0,1.0,110.55,35.0,1,1
16964.0,733,2,207.85,49,34.641666666666666,6,1,2009-12-06 12:51:00,2009-12-06 12:53:00,0,1.0,207.85,24.5,1,1
16965.0,227,1,201.19,291,7.738076923076923,26,1,2011-04-27 12:08:00,2011-04-27 12:08:00,0,1.0,201.19,291.0,1,1
16967.0,189,1,319.02,333,15.19142857142857,21,1,2011-06-03 14:24:00,2011-06-03 14:24:00,0,1.0,319.02,333.0,1,1
16968.0,4,2,439.43,326,14.17516129032258,31,1,2011-08-24 10:51:00,2011-12-05 15:02:00,103,3.4,129.24,163.0,0,1
16969.0,39,3,650.41,816,15.48595238095238,42,1,2011-06-01 12:10:00,2011-10-31 13:12:00,152,5.1,127.53,272.0,0,1
16970.0,626,1,71.4,12,35.7,2,1,2010-03-23 13:50:00,2010-03-23 13:50:00,0,1.0,71.4,12.0,1,1
16971.0,38,1,357.21,72,8.712439024390243,40,1,2011-11-01 15:06:00,2011-11-01 15:06:00,0,1.0,357.21,72.0,0,1
16972.0,383,2,749.0,183,9.134146341463415,54,1,2010-09-09 11:20:00,2010-11-22 10:59:00,73,2.4,312.08,91.5,1,1
16973.0,386,1,127.0,60,21.166666666666668,6,1,2010-11-18 13:56:00,2010-11-18 13:56:00,0,1.0,127.0,60.0,1,1
16974.0,523,2,365.5,70,45.6875,5,1,2010-05-24 10:43:00,2010-07-05 10:18:00,41,1.4,261.07,35.0,1,1
16975.0,423,3,926.12,586,20.58044444444445,44,1,2010-07-22 11:38:00,2010-10-12 17:53:00,82,2.7,343.01,195.33,1,1
16976.0,267,1,251.52,88,125.76,2,1,2011-03-17 16:33:00,2011-03-17 16:33:00,0,1.0,251.52,88.0,1,1
16977.0,395,4,496.0,142,17.714285714285715,25,1,2010-03-18 11:06:00,2010-11-09 13:17:00,236,7.9,62.78,35.5,1,1
16980.0,255,3,1422.83,990,13.422924528301886,91,1,2010-10-07 14:05:00,2011-03-29 16:36:00,173,5.8,245.32,330.0,1,1
16982.0,61,1,384.06,182,17.457272727272727,22,1,2011-10-10 12:28:00,2011-10-10 12:28:00,0,1.0,384.06,182.0,0,1
16990.0,219,2,344.0,200,172.0,1,1,2010-10-13 11:42:00,2011-05-05 08:30:00,203,6.8,50.59,100.0,1,1
16991.0,421,1,1041.21,793,14.070405405405406,74,1,2010-10-14 14:08:00,2010-10-14 14:08:00,0,1.0,1041.21,793.0,1,1
16993.0,464,2,1950.95,285,69.67678571428571,19,1,2010-05-12 13:55:00,2010-09-02 12:16:00,112,3.7,527.28,142.5,1,1
16997.0,288,3,702.0,360,58.5,7,1,2011-01-18 11:51:00,2011-02-24 17:28:00,37,1.2,585.0,120.0,1,1
16998.0,150,5,402.0,104,67.0,2,1,2010-09-21 14:39:00,2011-07-13 09:44:00,294,9.8,41.02,20.8,1,1
16999.0,23,2,484.82,294,21.07913043478261,21,1,2011-09-26 15:43:00,2011-11-16 13:53:00,50,1.7,285.19,147.0,0,1
17000.0,396,2,406.3,305,13.543333333333331,26,1,2010-10-27 14:16:00,2010-11-08 13:35:00,11,0.4,1015.75,152.5,1,1
17003.0,402,4,828.21,494,7.461351351351352,90,1,2010-05-10 11:20:00,2010-11-02 13:15:00,176,5.9,140.37,123.5,1,1
17005.0,471,2,622.36,691,34.57555555555555,14,1,2010-04-30 10:55:00,2010-08-26 10:57:00,118,3.9,159.58,345.5,1,1
17008.0,429,1,81.36,24,81.36,1,1,2010-10-06 15:19:00,2010-10-06 15:19:00,0,1.0,81.36,24.0,1,1
17009.0,551,1,242.06,336,22.005454545454544,10,1,2010-06-06 16:01:00,2010-06-06 16:01:00,0,1.0,242.06,336.0,1,1
17010.0,18,1,195.36,118,17.76,11,1,2011-11-21 14:49:00,2011-11-21 14:49:00,0,1.0,195.36,118.0,0,1
17012.0,725,1,360.61,251,10.016944444444444,34,1,2009-12-14 17:34:00,2009-12-14 17:34:00,0,1.0,360.61,251.0,1,1
17014.0,8,3,583.4300000000001,243,8.103194444444446,63,1,2011-10-04 11:36:00,2011-12-01 14:09:00,58,1.9,307.07,81.0,0,1
17016.0,577,1,552.4,309,13.473170731707317,41,1,2010-05-12 12:32:00,2010-05-12 12:32:00,0,1.0,552.4,309.0,1,1
17020.0,542,2,935.62,860,13.559710144927536,64,1,2010-03-03 12:27:00,2010-06-15 13:06:00,104,3.5,267.32,430.0,1,1
17023.0,417,3,800.1800000000001,530,16.330204081632655,48,1,2010-01-11 15:09:00,2010-10-18 15:37:00,280,9.3,86.04,176.67,1,1
17026.0,185,3,175.83,107,35.166000000000004,4,1,2010-10-18 15:22:00,2011-06-07 14:28:00,231,7.7,22.84,35.67,1,1
17028.0,581,3,1593.83,856,16.777157894736842,85,1,2009-12-18 14:28:00,2010-05-07 15:33:00,140,4.7,339.11,285.33,1,1
17029.0,111,7,2137.3,1265,73.7,19,1,2010-02-14 10:19:00,2011-08-21 11:06:00,553,18.4,116.16,180.71,1,1
17030.0,64,1,146.87,146,13.351818181818182,11,1,2011-10-07 08:49:00,2011-10-07 08:49:00,0,1.0,146.87,146.0,0,1
17033.0,86,4,1332.79,871,33.31975,33,1,2010-11-07 12:55:00,2011-09-14 14:34:00,311,10.4,128.15,217.75,0,1
17035.0,246,4,613.59,327,18.593636363636364,29,1,2009-12-03 10:37:00,2011-04-08 11:23:00,491,16.4,37.41,81.75,1,1
17036.0,383,1,176.9,76,14.741666666666667,12,1,2010-11-21 14:26:00,2010-11-21 14:26:00,0,1.0,176.9,76.0,1,1
17037.0,88,1,1267.32,656,16.8976,75,1,2011-09-13 12:49:00,2011-09-13 12:49:00,0,1.0,1267.32,656.0,0,1
17039.0,604,1,1954.99,689,44.43159090909091,44,1,2010-04-14 12:56:00,2010-04-14 12:56:00,0,1.0,1954.99,689.0,1,1
17042.0,3,5,1036.58,990,10.686391752577318,74,1,2011-04-06 14:53:00,2011-12-07 12:26:00,244,8.1,127.97,198.0,0,1
17045.0,113,5,827.6800000000001,294,15.616603773584908,44,1,2010-10-06 14:52:00,2011-08-18 17:09:00,316,10.5,78.83,58.8,1,1
17046.0,157,5,1906.07,1636,22.42435294117647,76,1,2010-03-29 13:46:00,2011-07-05 14:24:00,463,15.4,123.77,327.2,1,1
17050.0,96,11,4648.59,2432,13.31974212034384,193,1,2010-01-26 14:54:00,2011-09-04 13:48:00,585,19.5,238.39,221.09,1,1
17051.0,194,4,706.49,507,4.558,107,1,2010-03-21 14:55:00,2011-05-29 14:13:00,433,14.4,49.06,126.75,1,1
17052.0,28,1,399.09,251,4.808313253012048,72,1,2011-11-11 14:50:00,2011-11-11 14:50:00,0,1.0,399.09,251.0,0,1
17053.0,131,1,498.48,122,38.34461538461539,13,1,2011-08-01 10:23:00,2011-08-01 10:23:00,0,1.0,498.48,122.0,1,1
17054.0,28,5,1356.33,804,16.34132530120482,64,1,2011-04-08 13:14:00,2011-11-11 12:56:00,216,7.2,188.38,160.8,0,1
17055.0,446,1,232.85,83,8.955769230769231,24,1,2010-09-20 12:21:00,2010-09-20 12:21:00,0,1.0,232.85,83.0,1,1
17056.0,738,1,128.60000000000002,26,16.075000000000003,8,1,2009-12-01 12:55:00,2009-12-01 12:55:00,0,1.0,128.6,26.0,1,1
17057.0,596,1,294.74,129,5.8948,48,1,2010-04-22 19:21:00,2010-04-22 19:21:00,0,1.0,294.74,129.0,1,1
17058.0,82,3,1179.89,592,19.030483870967743,51,1,2011-04-14 09:18:00,2011-09-19 10:13:00,158,5.3,222.62,197.33,0,1
17060.0,266,1,234.24,216,46.848,5,1,2011-03-18 13:27:00,2011-03-18 13:27:00,0,1.0,234.24,216.0,1,1
17062.0,314,6,889.75,644,7.353305785123967,82,1,2010-09-26 11:57:00,2011-01-30 11:01:00,125,4.2,211.85,107.33,1,1
17064.0,59,3,855.45,316,14.02377049180328,53,1,2011-01-16 16:10:00,2011-10-12 10:18:00,268,8.9,96.12,105.33,0,1
17065.0,638,2,194.7,82,16.224999999999998,6,1,2010-03-12 11:40:00,2010-03-12 11:41:00,0,1.0,194.7,41.0,1,1
17066.0,726,1,228.34,93,12.685555555555556,17,1,2009-12-13 13:24:00,2009-12-13 13:24:00,0,1.0,228.34,93.0,1,1
17067.0,725,3,454.54,322,34.964615384615385,8,1,2009-12-08 12:03:00,2009-12-15 08:39:00,6,0.2,2272.7,107.33,1,1
17070.0,114,2,437.42,232,4.2467961165048544,102,1,2010-10-25 15:57:00,2011-08-17 17:01:00,296,9.9,44.18,116.0,1,1
17072.0,625,1,273.35,212,13.016666666666667,20,1,2010-03-24 16:33:00,2010-03-24 16:33:00,0,1.0,273.35,212.0,1,1
17074.0,563,1,203.05,19,50.7625,4,1,2010-05-26 12:04:00,2010-05-26 12:04:00,0,1.0,203.05,19.0,1,1
17077.0,578,1,306.0,36,306.0,1,1,2010-05-10 16:36:00,2010-05-10 16:36:00,0,1.0,306.0,36.0,1,1
17079.0,78,1,118.8,24,59.400000000000006,2,1,2011-09-22 15:34:00,2011-09-22 15:34:00,0,1.0,118.8,24.0,0,1
17083.0,109,9,4049.79,1955,35.2155652173913,30,1,2010-02-09 11:46:00,2011-08-22 15:43:00,559,18.6,217.73,217.22,1,1
17085.0,123,28,7847.67,3583,7.951033434650456,411,1,2009-12-06 12:16:00,2011-08-08 14:15:00,610,20.3,386.58,127.96,1,1
17087.0,738,1,221.53,113,18.460833333333333,12,1,2009-12-02 10:41:00,2009-12-02 10:41:00,0,1.0,221.53,113.0,1,1
17088.0,28,4,1991.01,868,17.313130434782607,96,1,2011-03-31 09:48:00,2011-11-11 14:23:00,225,7.5,265.47,217.0,0,1
17089.0,386,1,128.45,35,32.1125,4,1,2010-11-18 15:33:00,2010-11-18 15:33:00,0,1.0,128.45,35.0,1,1
17093.0,593,1,235.88,114,18.144615384615385,13,1,2010-04-26 10:22:00,2010-04-26 10:22:00,0,1.0,235.88,114.0,1,1
17094.0,322,2,402.2000000000001,212,22.34444444444445,18,1,2010-10-12 10:48:00,2011-01-21 13:09:00,101,3.4,118.29,106.0,1,1
17098.0,382,3,591.07,125,32.83722222222222,10,1,2010-06-17 10:30:00,2010-11-23 12:13:00,159,5.3,111.52,41.67,1,1
17099.0,533,1,582.17,317,14.55425,40,1,2010-06-24 16:25:00,2010-06-24 16:25:00,0,1.0,582.17,317.0,1,1
17102.0,262,1,25.5,2,25.5,1,1,2011-03-23 10:08:00,2011-03-23 10:08:00,0,1.0,25.5,2.0,1,1
17103.0,722,1,424.3,471,13.259375,32,1,2009-12-17 14:08:00,2009-12-17 14:08:00,0,1.0,424.3,471.0,1,1
17104.0,424,1,474.03,149,24.948947368421056,19,1,2010-10-12 12:21:00,2010-10-12 12:21:00,0,1.0,474.03,149.0,1,1
17105.0,159,2,665.78,693,7.397555555555555,80,1,2011-02-06 14:46:00,2011-07-03 15:53:00,147,4.9,135.87,346.5,1,1
17106.0,389,1,481.58,153,9.442745098039216,51,1,2010-11-15 14:11:00,2010-11-15 14:11:00,0,1.0,481.58,153.0,1,1
17108.0,664,1,174.95,31,19.438888888888886,9,1,2010-02-14 12:22:00,2010-02-14 12:22:00,0,1.0,174.95,31.0,1,1
17110.0,165,3,499.9,136,10.20204081632653,38,1,2010-04-08 13:32:00,2011-06-27 12:58:00,444,14.8,33.78,45.33,1,1
17112.0,503,1,197.57,130,4.203617021276596,44,1,2010-07-25 11:14:00,2010-07-25 11:14:00,0,1.0,197.57,130.0,1,1
17113.0,574,6,2305.59,913,14.5923417721519,122,1,2010-01-11 10:14:00,2010-05-14 13:59:00,123,4.1,562.34,152.17,1,1
17116.0,648,1,389.78,392,8.293191489361702,47,1,2010-03-01 16:29:00,2010-03-01 16:29:00,0,1.0,389.78,392.0,1,1
17117.0,288,1,116.2,68,12.911111111111111,9,1,2011-02-24 13:54:00,2011-02-24 13:54:00,0,1.0,116.2,68.0,1,1
17118.0,318,1,157.02,154,15.702000000000002,10,1,2011-01-26 12:19:00,2011-01-26 12:19:00,0,1.0,157.02,154.0,1,1
17119.0,3,2,606.91,334,17.340285714285713,35,1,2011-10-11 11:03:00,2011-12-06 14:40:00,56,1.9,319.43,167.0,0,1
17120.0,233,1,307.46,120,17.08111111111111,18,1,2011-04-20 15:21:00,2011-04-20 15:21:00,0,1.0,307.46,120.0,1,1
17121.0,403,1,314.74,106,26.22833333333333,12,1,2010-11-02 11:47:00,2010-11-02 11:47:00,0,1.0,314.74,106.0,1,1
17123.0,162,3,977.17,676,22.724883720930237,37,1,2010-05-16 11:52:00,2011-07-01 10:47:00,410,13.7,71.33,225.33,1,1
17124.0,185,1,294.24,129,9.491612903225809,31,1,2011-06-07 14:02:00,2011-06-07 14:02:00,0,1.0,294.24,129.0,1,1
17125.0,50,1,230.5,281,6.585714285714285,34,1,2011-10-20 14:41:00,2011-10-20 14:41:00,0,1.0,230.5,281.0,0,1
17126.0,152,9,2016.43,1426,4.531303370786517,295,1,2010-08-31 13:41:00,2011-07-10 13:52:00,313,10.4,193.89,158.44,1,1
17127.0,429,5,1155.0300000000002,340,31.217027027027036,27,1,2009-12-04 15:18:00,2010-10-07 09:54:00,306,10.2,113.24,68.0,1,1
17128.0,335,1,157.09,76,11.220714285714283,14,1,2011-01-09 12:02:00,2011-01-09 12:02:00,0,1.0,157.09,76.0,1,1
17129.0,520,1,31.85,5,15.925,2,1,2010-07-07 13:46:00,2010-07-07 13:46:00,0,1.0,31.85,5.0,1,1
17132.0,452,2,1220.91,963,17.19591549295775,62,1,2010-08-08 13:49:00,2010-09-13 16:31:00,36,1.2,1017.42,481.5,1,1
17134.0,107,3,625.3,144,17.369444444444444,31,1,2010-09-23 18:32:00,2011-08-25 09:53:00,335,11.2,55.83,48.0,1,1
17136.0,662,1,231.68,256,16.548571428571428,14,1,2010-02-15 13:13:00,2010-02-15 13:13:00,0,1.0,231.68,256.0,1,1
17137.0,416,6,1099.81,680,6.585688622754491,125,1,2010-01-31 12:27:00,2010-10-19 14:51:00,261,8.7,126.41,113.33,1,1
17140.0,247,1,454.12,296,25.22888888888889,16,1,2011-04-06 13:33:00,2011-04-06 13:33:00,0,1.0,454.12,296.0,1,1
17141.0,418,4,727.58,423,4.491234567901235,138,1,2010-01-24 14:19:00,2010-10-17 14:54:00,266,8.9,81.75,105.75,1,1
17142.0,239,4,1275.25,322,14.32865168539326,78,1,2010-01-24 15:23:00,2011-04-14 18:22:00,445,14.8,86.17,80.5,1,1
17143.0,417,2,880.97,314,7.865803571428572,82,1,2010-07-12 13:26:00,2010-10-18 15:27:00,98,3.3,266.96,157.0,1,1
17144.0,1,2,984.57,483,20.511875,42,1,2011-09-16 12:50:00,2011-12-08 17:57:00,83,2.8,351.63,241.5,0,1
17146.0,106,13,5852.64,2188,19.443986710963458,164,1,2010-02-02 09:39:00,2011-08-26 12:44:00,570,19.0,308.03,168.31,1,1
17148.0,52,1,124.88,82,13.875555555555556,9,1,2011-10-19 09:59:00,2011-10-19 09:59:00,0,1.0,124.88,82.0,0,1
17149.0,451,1,143.10000000000002,18,23.850000000000005,6,1,2010-09-14 14:56:00,2010-09-14 14:56:00,0,1.0,143.1,18.0,1,1
17150.0,377,6,1357.95,397,14.760326086956525,64,1,2009-12-06 10:51:00,2010-11-28 11:27:00,357,11.9,114.11,66.17,1,1
17151.0,735,1,231.90000000000003,42,57.97500000000001,4,1,2009-12-04 14:56:00,2009-12-04 14:56:00,0,1.0,231.9,42.0,1,1
17152.0,195,4,2016.5,577,126.03125,9,1,2010-10-10 12:40:00,2011-05-29 12:19:00,230,7.7,261.88,144.25,1,1
17153.0,24,1,213.78,104,15.27,14,1,2011-11-15 13:42:00,2011-11-15 13:42:00,0,1.0,213.78,104.0,0,1
17154.0,75,1,329.34,490,14.319130434782608,23,1,2011-09-25 13:42:00,2011-09-25 13:42:00,0,1.0,329.34,490.0,0,1
17156.0,492,1,591.87,391,15.176153846153849,39,1,2010-08-05 11:30:00,2010-08-05 11:30:00,0,1.0,591.87,391.0,1,1
17161.0,444,1,856.01,537,16.46173076923077,52,1,2010-09-21 16:44:00,2010-09-21 16:44:00,0,1.0,856.01,537.0,1,1
17165.0,284,6,1794.32,788,17.9432,77,1,2009-12-11 09:18:00,2011-02-28 16:39:00,444,14.8,121.24,131.33,1,1
17166.0,39,2,206.34,78,17.195,11,1,2011-05-20 08:18:00,2011-11-01 09:46:00,165,5.5,37.52,39.0,0,1
17168.0,499,1,400.2,220,19.057142857142857,21,1,2010-07-29 12:33:00,2010-07-29 12:33:00,0,1.0,400.2,220.0,1,1
17170.0,374,2,178.68,152,17.868000000000002,8,1,2010-11-15 16:23:00,2010-11-30 15:55:00,14,0.5,357.36,76.0,1,1
17171.0,289,2,384.59,225,15.3836,25,1,2010-02-16 12:02:00,2011-02-23 16:37:00,372,12.4,31.02,112.5,1,1
17173.0,5,8,3766.6,1122,43.79767441860465,36,1,2011-07-31 15:26:00,2011-12-04 14:40:00,125,4.2,896.81,140.25,0,1
17174.0,218,1,59.9,41,14.975,4,1,2011-05-06 11:47:00,2011-05-06 11:47:00,0,1.0,59.9,41.0,1,1
17175.0,44,4,1443.69,866,22.915714285714287,42,1,2011-02-16 14:56:00,2011-10-26 15:31:00,252,8.4,171.87,216.5,0,1
17176.0,202,3,902.32,576,21.483809523809523,37,1,2010-01-31 15:49:00,2011-05-22 12:41:00,475,15.8,57.11,192.0,1,1
17177.0,505,1,119.5,40,4.120689655172414,29,1,2010-07-22 14:53:00,2010-07-22 14:53:00,0,1.0,119.5,40.0,1,1
17178.0,731,1,432.96,100,13.966451612903226,31,1,2009-12-08 16:20:00,2009-12-08 16:20:00,0,1.0,432.96,100.0,1,1
17179.0,178,6,1507.26,625,9.539620253164555,75,1,2010-05-26 11:22:00,2011-06-14 16:48:00,384,12.8,117.75,104.17,1,1
17182.0,423,2,321.3,54,53.55,4,1,2009-12-21 15:22:00,2010-10-13 10:09:00,295,9.8,32.79,27.0,1,1
17184.0,569,2,198.41000000000005,73,14.17214285714286,14,1,2009-12-09 14:17:00,2010-05-19 14:24:00,161,5.4,36.74,36.5,1,1
17185.0,592,3,229.46,119,5.215,38,1,2010-04-20 13:49:00,2010-04-27 12:15:00,6,0.2,1147.3,39.67,1,1
17186.0,47,2,144.0,200,72.0,1,1,2011-10-10 12:52:00,2011-10-24 10:20:00,13,0.4,360.0,100.0,0,1
17187.0,227,2,467.71,426,20.335217391304347,21,1,2010-07-01 14:38:00,2011-04-27 12:39:00,299,10.0,46.77,213.0,1,1
17192.0,536,1,75.28,45,3.764,20,1,2010-06-21 16:07:00,2010-06-21 16:07:00,0,1.0,75.28,45.0,1,1
17194.0,274,3,812.5,420,13.31967213114754,57,1,2010-06-27 13:16:00,2011-03-11 12:05:00,256,8.5,95.59,140.0,1,1
17195.0,655,1,562.98,486,18.16064516129032,31,1,2010-02-22 13:05:00,2010-02-22 13:05:00,0,1.0,562.98,486.0,1,1
17196.0,428,1,327.75,154,3.524193548387097,84,1,2010-10-08 11:31:00,2010-10-08 11:31:00,0,1.0,327.75,154.0,1,1
17197.0,30,1,1013.01,191,34.93137931034483,29,1,2011-11-10 10:32:00,2011-11-10 10:32:00,0,1.0,1013.01,191.0,0,1
17199.0,582,1,135.04000000000002,232,16.880000000000003,8,1,2010-05-06 13:53:00,2010-05-06 13:53:00,0,1.0,135.04,232.0,1,1
17200.0,387,4,356.71,367,14.2684,25,1,2010-02-25 13:23:00,2010-11-17 13:04:00,264,8.8,40.54,91.75,1,1
17202.0,421,1,160.65,55,20.08125,8,1,2010-10-15 11:25:00,2010-10-15 11:25:00,0,1.0,160.65,55.0,1,1
17206.0,53,1,204.24,76,29.177142857142854,7,1,2011-10-17 13:25:00,2011-10-17 13:25:00,0,1.0,204.24,76.0,0,1
17207.0,652,1,292.62,233,4.877,55,1,2010-02-25 19:08:00,2010-02-25 19:08:00,0,1.0,292.62,233.0,1,1
17208.0,396,1,111.15,101,4.832608695652175,21,1,2010-11-09 12:50:00,2010-11-09 12:50:00,0,1.0,111.15,101.0,1,1
17209.0,649,3,595.7,723,15.676315789473684,36,1,2009-12-03 11:10:00,2010-02-28 16:01:00,87,2.9,205.41,241.0,1,1
17210.0,393,1,251.72,242,4.749433962264151,47,1,2010-11-12 12:15:00,2010-11-12 12:15:00,0,1.0,251.72,242.0,1,1
17212.0,253,3,794.41,727,27.393448275862067,29,1,2010-08-10 09:22:00,2011-03-31 19:42:00,233,7.8,101.85,242.33,1,1
17215.0,464,1,186.15,104,16.922727272727272,11,1,2010-09-01 13:39:00,2010-09-01 13:39:00,0,1.0,186.15,104.0,1,1
17216.0,554,1,63.6,21,4.892307692307693,13,1,2010-06-03 13:03:00,2010-06-03 13:03:00,0,1.0,63.6,21.0,1,1
17217.0,234,2,210.1,93,7.781481481481482,27,1,2010-03-30 13:35:00,2011-04-19 17:19:00,385,12.8,16.41,46.5,1,1
17223.0,310,3,558.04,155,8.087536231884057,62,1,2010-11-29 17:19:00,2011-02-02 15:57:00,64,2.1,265.73,51.67,1,1
17224.0,501,1,100.86,65,12.607500000000002,8,1,2010-07-26 13:30:00,2010-07-26 13:30:00,0,1.0,100.86,65.0,1,1
17225.0,582,1,131.15,36,26.23,5,1,2010-05-07 11:38:00,2010-05-07 11:38:00,0,1.0,131.15,36.0,1,1
17229.0,96,2,318.76,185,6.782127659574468,39,1,2011-07-20 12:38:00,2011-09-04 13:56:00,46,1.5,212.51,92.5,1,1
17232.0,3,2,417.77,202,11.936285714285711,30,1,2011-11-25 12:24:00,2011-12-07 12:21:00,11,0.4,1044.42,101.0,0,1
17234.0,183,1,149.89,55,10.706428571428573,14,1,2011-06-10 11:20:00,2011-06-10 11:20:00,0,1.0,149.89,55.0,1,1
17239.0,313,4,1189.45,515,37.1703125,18,1,2010-07-01 10:53:00,2011-01-31 09:41:00,213,7.1,167.53,128.75,1,1
17240.0,596,1,130.60000000000002,108,18.657142857142865,7,1,2010-04-22 15:44:00,2010-04-22 15:44:00,0,1.0,130.6,108.0,1,1
17241.0,385,12,2736.64,859,16.097882352941177,116,1,2010-02-15 14:47:00,2010-11-19 13:01:00,276,9.2,297.46,71.58,1,1
17245.0,205,2,371.63,307,14.8652,24,1,2010-01-19 15:39:00,2011-05-19 10:43:00,484,16.1,23.08,153.5,1,1
17246.0,547,2,38.92,36,6.486666666666667,6,1,2009-12-01 17:45:00,2010-06-11 12:36:00,191,6.4,6.08,18.0,1,1
17247.0,15,1,280.09000000000003,105,5.186851851851852,53,1,2011-11-24 15:21:00,2011-11-24 15:21:00,0,1.0,280.09,105.0,0,1
17249.0,429,1,68.03,79,2.51962962962963,27,1,2010-10-07 11:33:00,2010-10-07 11:33:00,0,1.0,68.03,79.0,1,1
17250.0,4,2,381.97,167,6.820892857142858,55,1,2011-03-23 16:45:00,2011-12-06 12:15:00,257,8.6,44.42,83.5,0,1
17252.0,117,2,348.91,192,4.057093023255813,86,1,2011-06-06 16:41:00,2011-08-15 09:45:00,69,2.3,151.7,96.0,1,1
17253.0,18,1,178.26,43,9.903333333333332,18,1,2011-11-21 12:59:00,2011-11-21 12:59:00,0,1.0,178.26,43.0,0,1
17256.0,107,5,498.93,299,16.094516129032257,20,1,2010-04-18 13:40:00,2011-08-24 13:30:00,492,16.4,30.42,59.8,1,1
17257.0,436,2,189.78,187,13.555714285714286,14,1,2010-09-29 12:49:00,2010-09-29 12:51:00,0,1.0,189.78,93.5,1,1
17258.0,397,2,417.3,188,7.587272727272728,46,1,2010-02-12 15:51:00,2010-11-08 12:37:00,268,8.9,46.89,94.0,1,1
17260.0,411,1,120.95,23,20.15833333333333,6,1,2010-10-24 13:21:00,2010-10-24 13:21:00,0,1.0,120.95,23.0,1,1
17261.0,510,1,221.59,95,5.153255813953488,43,1,2010-07-18 11:49:00,2010-07-18 11:49:00,0,1.0,221.59,95.0,1,1
17263.0,208,1,63.440000000000005,36,2.758260869565217,23,1,2011-05-15 14:32:00,2011-05-15 14:32:00,0,1.0,63.44,36.0,1,1
17264.0,424,1,268.28,217,3.625405405405405,70,1,2010-10-11 12:52:00,2010-10-11 12:52:00,0,1.0,268.28,217.0,1,1
17265.0,139,2,550.01,389,4.50827868852459,106,1,2011-06-12 12:00:00,2011-07-24 10:49:00,41,1.4,392.86,194.5,1,1
17267.0,127,2,317.2,158,8.572972972972973,37,1,2011-08-04 17:19:00,2011-08-04 17:22:00,0,1.0,317.2,79.0,1,1
17269.0,386,1,491.81,314,3.93448,110,1,2010-11-19 11:12:00,2010-11-19 11:12:00,0,1.0,491.81,314.0,1,1
17270.0,469,2,601.45,420,12.530208333333334,45,1,2009-12-07 17:18:00,2010-08-27 14:09:00,262,8.7,69.13,210.0,1,1
17271.0,736,1,204.3,113,4.2562500000000005,46,1,2009-12-03 13:49:00,2009-12-03 13:49:00,0,1.0,204.3,113.0,1,1
17272.0,42,4,2148.63,1778,18.847631578947368,70,1,2011-03-22 12:05:00,2011-10-28 16:37:00,220,7.3,294.33,444.5,0,1
17273.0,424,1,141.12,133,11.76,12,1,2010-10-11 15:57:00,2010-10-11 15:57:00,0,1.0,141.12,133.0,1,1
17275.0,383,1,114.1,71,4.960869565217391,23,1,2010-11-21 13:26:00,2010-11-21 13:26:00,0,1.0,114.1,71.0,1,1
17276.0,402,1,502.49,187,9.480943396226415,50,1,2010-11-02 16:20:00,2010-11-02 16:20:00,0,1.0,502.49,187.0,1,1
17277.0,228,2,1065.35,430,15.43985507246377,67,1,2011-01-21 12:37:00,2011-04-26 12:47:00,95,3.2,332.92,215.0,1,1
17278.0,241,2,271.24,195,15.95529411764706,17,1,2010-05-23 13:49:00,2011-04-12 13:10:00,323,10.8,25.11,97.5,1,1
17279.0,58,1,187.83,48,20.87,8,1,2011-10-13 11:58:00,2011-10-13 11:58:00,0,1.0,187.83,48.0,0,1
17280.0,438,1,118.86,74,19.81,6,1,2010-09-27 16:46:00,2010-09-27 16:46:00,0,1.0,118.86,74.0,1,1
17281.0,374,6,797.85,295,132.975,2,1,2010-02-04 13:00:00,2010-11-30 18:05:00,299,10.0,79.78,49.17,1,1
17282.0,130,5,2308.54,2332,11.316372549019608,168,1,2010-06-09 12:07:00,2011-08-01 14:29:00,418,13.9,166.08,466.4,1,1
17283.0,379,1,188.46,179,12.564,15,1,2010-11-26 11:53:00,2010-11-26 11:53:00,0,1.0,188.46,179.0,1,1
17285.0,628,2,407.94,134,9.271363636363636,41,1,2010-02-14 14:10:00,2010-03-21 13:38:00,34,1.1,370.85,67.0,1,1
17291.0,308,1,550.8000000000001,72,550.8000000000001,1,1,2011-02-04 13:04:00,2011-02-04 13:04:00,0,1.0,550.8,72.0,1,1
17292.0,472,2,271.75,131,18.116666666666667,14,1,2010-05-09 14:52:00,2010-08-24 17:14:00,107,3.6,75.49,65.5,1,1
17294.0,669,2,467.79,297,27.51705882352941,17,1,2010-02-08 14:21:00,2010-02-08 16:12:00,0,1.0,467.79,148.5,1,1
17296.0,730,1,338.13,216,10.246363636363636,32,1,2009-12-09 14:01:00,2009-12-09 14:01:00,0,1.0,338.13,216.0,1,1
17299.0,12,6,993.23,919,8.789646017699114,96,1,2010-08-15 16:00:00,2011-11-28 12:01:00,469,15.6,63.67,153.17,0,1
17300.0,391,2,393.64,467,8.946363636363635,37,1,2010-08-15 11:02:00,2010-11-14 10:56:00,90,3.0,131.21,233.5,1,1
17302.0,15,5,1135.63,575,14.375063291139242,68,1,2011-02-07 10:14:00,2011-11-25 09:36:00,290,9.7,117.08,115.0,0,1
17303.0,361,1,250.04,144,4.717735849056604,53,1,2010-12-13 13:32:00,2010-12-13 13:32:00,0,1.0,250.04,144.0,1,1
17304.0,534,1,111.5,73,22.3,5,1,2010-06-23 16:23:00,2010-06-23 16:23:00,0,1.0,111.5,73.0,1,1
17305.0,649,1,2135.46,1006,237.2733333333333,9,1,2010-03-01 12:47:00,2010-03-01 12:47:00,0,1.0,2135.46,1006.0,1,1
17307.0,395,11,3999.89,3667,83.33104166666668,22,1,2010-01-19 16:38:00,2010-11-09 13:40:00,293,9.8,408.15,333.36,1,1
17308.0,393,2,4511.76,5148,644.5371428571428,5,1,2010-09-13 09:35:00,2010-11-11 13:19:00,59,2.0,2255.88,2574.0,1,1
17309.0,95,3,320.39,181,8.899722222222222,33,1,2010-02-04 15:49:00,2011-09-05 15:20:00,577,19.2,16.69,60.33,1,1
17310.0,387,2,1025.1,402,512.55,1,1,2010-06-23 11:38:00,2010-11-17 16:00:00,147,4.9,209.2,201.0,1,1
17312.0,139,3,644.3,372,46.021428571428565,11,1,2011-07-03 13:12:00,2011-07-24 11:52:00,20,0.7,920.43,124.0,1,1
17313.0,31,1,2328.84,1402,97.035,24,1,2011-11-08 15:45:00,2011-11-08 15:45:00,0,1.0,2328.84,1402.0,0,1
17316.0,420,1,124.45,44,3.5557142857142856,35,1,2010-10-15 14:35:00,2010-10-15 14:35:00,0,1.0,124.45,44.0,1,1
17318.0,725,1,157.32999999999998,59,9.25470588235294,17,1,2009-12-14 13:11:00,2009-12-14 13:11:00,0,1.0,157.33,59.0,1,1
17319.0,669,1,29.1,14,9.7,3,1,2010-02-08 15:47:00,2010-02-08 15:47:00,0,1.0,29.1,14.0,1,1
17322.0,376,5,922.59,631,5.2123728813559325,115,1,2009-12-03 11:46:00,2010-11-28 14:41:00,360,12.0,76.88,126.2,1,1
17326.0,408,2,312.35,136,3.631976744186047,82,1,2010-06-28 14:05:00,2010-10-27 15:38:00,121,4.0,78.09,68.0,1,1
17327.0,410,2,152.35,59,38.0875,3,1,2010-05-26 11:20:00,2010-10-26 09:54:00,152,5.1,29.87,29.5,1,1
17328.0,673,1,104.7,86,17.45,6,1,2010-02-04 17:11:00,2010-02-04 17:11:00,0,1.0,104.7,86.0,1,1
17331.0,124,1,175.2,16,175.2,1,1,2011-08-08 11:55:00,2011-08-08 11:55:00,0,1.0,175.2,16.0,1,1
17332.0,528,5,838.27,794,8.823894736842105,82,1,2010-02-21 14:41:00,2010-06-29 16:10:00,128,4.3,194.95,158.8,1,1
17333.0,86,1,494.25,375,17.651785714285715,28,1,2011-09-15 10:11:00,2011-09-15 10:11:00,0,1.0,494.25,375.0,0,1
17334.0,302,3,635.1500000000001,566,20.48870967741936,20,1,2010-10-29 12:16:00,2011-02-10 14:59:00,104,3.5,181.47,188.67,1,1
17335.0,384,2,497.04,210,13.806666666666668,34,1,2010-01-24 11:15:00,2010-11-21 10:17:00,300,10.0,49.7,105.0,1,1
17336.0,472,1,81.12,48,81.12,1,1,2010-08-24 15:37:00,2010-08-24 15:37:00,0,1.0,81.12,48.0,1,1
17339.0,94,3,302.36,172,30.236,10,1,2010-07-18 13:08:00,2011-09-06 13:29:00,415,13.8,21.91,57.33,1,1
17342.0,380,4,1227.54,521,35.07257142857143,31,1,2010-02-08 09:16:00,2010-11-25 11:07:00,290,9.7,126.55,130.25,1,1
17343.0,355,6,1259.94,454,15.74925,61,1,2009-12-03 18:30:00,2010-12-19 15:07:00,380,12.7,99.21,75.67,1,1
17347.0,86,1,228.96,216,228.96,1,1,2011-09-14 13:12:00,2011-09-14 13:12:00,0,1.0,228.96,216.0,0,1
17349.0,179,5,772.41,772,9.087176470588236,74,1,2010-03-18 14:26:00,2011-06-13 14:29:00,452,15.1,51.15,154.4,1,1
17352.0,696,1,36.25,15,7.25,5,1,2010-01-12 16:13:00,2010-01-12 16:13:00,0,1.0,36.25,15.0,1,1
17353.0,129,4,3242.0,2168,231.57142857142856,7,1,2010-03-25 12:52:00,2011-08-02 17:19:00,495,16.5,196.48,542.0,1,1
17355.0,386,1,273.31,249,8.282121212121211,28,1,2010-11-18 13:18:00,2010-11-18 13:18:00,0,1.0,273.31,249.0,1,1
17356.0,312,5,946.47,925,11.00546511627907,73,1,2010-01-20 12:14:00,2011-02-01 11:07:00,376,12.5,75.72,185.0,1,1
17357.0,24,2,384.39,152,8.736136363636364,41,1,2011-11-15 16:29:00,2011-11-15 16:30:00,0,1.0,384.39,76.0,0,1
17358.0,303,5,861.01,430,5.897328767123288,126,1,2010-02-24 16:42:00,2011-02-09 16:57:00,350,11.7,73.59,86.0,1,1
17362.0,239,7,1024.04,549,7.1113888888888885,99,1,2010-01-06 10:53:00,2011-04-14 14:43:00,463,15.4,66.5,78.43,1,1
17363.0,395,3,920.46,499,26.298857142857145,34,1,2010-11-02 17:25:00,2010-11-09 17:11:00,6,0.2,4602.3,166.33,1,1
17366.0,432,2,1077.24,504,8.22320610687023,120,1,2010-09-09 19:46:00,2010-10-03 16:04:00,23,0.8,1346.55,252.0,1,1
17367.0,238,1,167.55,149,5.077272727272728,33,1,2011-04-15 14:21:00,2011-04-15 14:21:00,0,1.0,167.55,149.0,1,1
17369.0,456,1,979.2,1152,979.2,1,1,2010-09-10 09:49:00,2010-09-10 09:49:00,0,1.0,979.2,1152.0,1,1
17370.0,73,4,446.18,540,13.52060606060606,31,1,2011-06-23 11:50:00,2011-09-28 10:14:00,96,3.2,139.43,135.0,0,1
17374.0,219,3,727.11,155,17.312142857142856,34,1,2010-11-09 17:14:00,2011-05-05 09:05:00,176,5.9,123.24,51.67,1,1
17375.0,199,4,660.55,480,7.6808139534883715,77,1,2010-10-04 09:14:00,2011-05-24 15:45:00,232,7.7,85.79,120.0,1,1
17378.0,374,1,10.95,1,10.95,1,1,2010-11-30 18:46:00,2010-11-30 18:46:00,0,1.0,10.95,1.0,1,1
17380.0,434,3,645.0,252,64.5,5,1,2010-06-23 11:24:00,2010-10-01 16:42:00,100,3.3,195.45,84.0,1,1
17382.0,65,8,902.28,457,50.126666666666665,16,1,2010-05-19 11:33:00,2011-10-05 13:05:00,504,16.8,53.71,57.12,0,1
17384.0,19,3,507.55,121,25.3775,15,1,2010-08-29 16:01:00,2011-11-20 15:48:00,447,14.9,34.06,40.33,0,1
17385.0,15,1,256.11,197,5.691333333333334,42,1,2011-11-25 11:02:00,2011-11-25 11:02:00,0,1.0,256.11,197.0,0,1
17390.0,421,1,149.3,49,12.441666666666668,12,1,2010-10-15 11:29:00,2010-10-15 11:29:00,0,1.0,149.3,49.0,1,1
17391.0,164,2,508.8,480,169.6,2,1,2011-06-28 12:21:00,2011-06-29 09:58:00,0,1.0,508.8,240.0,1,1
17392.0,307,3,585.92,450,8.370285714285714,66,1,2010-09-15 16:17:00,2011-02-06 12:48:00,143,4.8,122.07,150.0,1,1
17393.0,411,2,381.15,238,7.940625000000001,45,1,2010-08-08 15:53:00,2010-10-25 11:10:00,77,2.6,146.6,119.0,1,1
17394.0,219,1,203.87,241,50.9675,4,1,2011-05-04 13:22:00,2011-05-04 13:22:00,0,1.0,203.87,241.0,1,1
17395.0,508,1,97.5,66,32.5,3,1,2010-07-19 15:34:00,2010-07-19 15:34:00,0,1.0,97.5,66.0,1,1
17398.0,115,3,653.38,310,17.19421052631579,30,1,2011-03-29 13:04:00,2011-08-17 09:48:00,140,4.7,139.02,103.33,1,1
17400.0,126,8,4623.28,2185,9.85773987206823,345,1,2009-12-17 15:41:00,2011-08-05 15:38:00,595,19.8,233.5,273.12,1,1
17401.0,541,1,114.85,34,9.570833333333333,11,1,2010-06-16 16:54:00,2010-06-16 16:54:00,0,1.0,114.85,34.0,1,1
17405.0,1,3,1031.41,726,12.57817073170732,77,1,2011-07-12 14:17:00,2011-12-08 17:12:00,149,5.0,206.28,242.0,0,1
17407.0,412,1,552.9,426,24.039130434782606,23,1,2010-10-24 11:57:00,2010-10-24 11:57:00,0,1.0,552.9,426.0,1,1
17408.0,163,3,316.09000000000003,163,39.51125,7,1,2010-07-13 14:02:00,2011-06-29 12:53:00,350,11.7,27.02,54.33,1,1
17409.0,185,10,7793.51,4089,74.93759615384616,50,1,2009-12-11 12:17:00,2011-06-08 10:36:00,543,18.1,430.58,408.9,1,1
17410.0,16,5,1214.72,616,18.98,57,1,2011-05-08 15:21:00,2011-11-23 15:46:00,199,6.6,184.05,123.2,0,1
17413.0,405,2,560.14,302,56.014,10,1,2010-05-19 11:11:00,2010-10-31 12:33:00,165,5.5,101.84,151.0,1,1
17415.0,80,1,507.84,114,36.27428571428571,14,1,2011-09-21 12:50:00,2011-09-21 12:50:00,0,1.0,507.84,114.0,0,1
17417.0,549,1,164.18,76,10.26125,16,1,2010-06-09 10:00:00,2010-06-09 10:00:00,0,1.0,164.18,76.0,1,1
17421.0,386,3,1059.41,807,18.265689655172416,46,1,2009-12-04 15:43:00,2010-11-18 16:57:00,349,11.6,91.33,269.0,1,1
17427.0,72,1,100.8,34,50.4,2,1,2011-09-29 11:29:00,2011-09-29 11:29:00,0,1.0,100.8,34.0,0,1
17429.0,128,5,1357.46,1286,14.289052631578947,80,1,2010-10-06 12:30:00,2011-08-03 13:22:00,301,10.0,135.75,257.2,1,1
17430.0,33,4,622.57,455,16.826216216216217,30,1,2010-08-17 11:52:00,2011-11-07 09:24:00,446,14.9,41.78,113.75,0,1
17431.0,313,1,403.3,292,9.37906976744186,41,1,2011-01-30 14:36:00,2011-01-30 14:36:00,0,1.0,403.3,292.0,1,1
17433.0,88,2,569.96,305,6.128602150537635,81,1,2010-11-19 13:37:00,2011-09-12 14:24:00,297,9.9,57.57,152.5,0,1
17435.0,411,1,331.35,195,22.09,15,1,2010-10-24 13:55:00,2010-10-24 13:55:00,0,1.0,331.35,195.0,1,1
17437.0,530,1,369.68,283,7.109230769230769,52,1,2010-06-28 11:11:00,2010-06-28 11:11:00,0,1.0,369.68,283.0,1,1
17438.0,254,5,1422.77,553,20.03901408450704,49,1,2010-03-08 16:53:00,2011-03-31 10:26:00,387,12.9,110.29,110.6,1,1
17439.0,656,1,325.74,370,40.7175,8,1,2010-02-22 12:48:00,2010-02-22 12:48:00,0,1.0,325.74,370.0,1,1
17440.0,157,4,323.58,282,53.93,4,1,2010-06-08 14:40:00,2011-07-06 11:54:00,392,13.1,24.7,70.5,1,1
17441.0,732,1,293.35,245,13.96904761904762,21,1,2009-12-07 13:32:00,2009-12-07 13:32:00,0,1.0,293.35,245.0,1,1
17443.0,220,1,534.24,504,534.24,1,1,2011-05-04 10:47:00,2011-05-04 10:47:00,0,1.0,534.24,504.0,1,1
17444.0,148,3,2940.04,2119,21.778074074074077,132,1,2011-06-20 09:04:00,2011-07-15 12:05:00,25,0.8,3675.05,706.33,1,1
17446.0,177,2,120.9,198,13.433333333333332,6,1,2011-02-02 14:40:00,2011-06-16 10:42:00,133,4.4,27.48,99.0,1,1
17453.0,18,2,486.72,219,25.61684210526316,19,1,2011-10-06 17:02:00,2011-11-22 09:42:00,46,1.5,324.48,109.5,0,1
17454.0,192,10,1547.94,727,12.285238095238096,98,1,2010-01-15 15:40:00,2011-05-31 13:58:00,500,16.7,92.69,72.7,1,1
17455.0,204,1,131.7,66,16.4625,8,1,2011-05-20 12:31:00,2011-05-20 12:31:00,0,1.0,131.7,66.0,1,1
17456.0,365,2,975.56,508,16.259333333333334,59,1,2010-09-09 15:28:00,2010-12-09 15:23:00,90,3.0,325.19,254.0,1,1
17460.0,94,16,2157.9700000000003,954,15.75160583941606,93,1,2010-01-22 13:25:00,2011-09-06 15:04:00,592,19.7,109.54,59.62,1,1
17462.0,60,2,675.69,227,25.02555555555556,25,1,2011-02-28 17:01:00,2011-10-10 13:56:00,223,7.4,91.31,113.5,0,1
17464.0,158,3,907.14,608,23.26,35,1,2010-03-30 13:15:00,2011-07-04 13:19:00,461,15.4,58.91,202.67,1,1
17465.0,426,7,2542.79,1477,17.906971830985917,103,1,2009-12-03 13:25:00,2010-10-10 11:56:00,310,10.3,246.87,211.0,1,1
17467.0,395,1,102.6,20,25.65,4,1,2010-11-09 12:58:00,2010-11-09 12:58:00,0,1.0,102.6,20.0,1,1
17471.0,475,1,321.65000000000003,153,16.928947368421053,19,1,2010-08-22 11:53:00,2010-08-22 11:53:00,0,1.0,321.65,153.0,1,1
17472.0,191,4,922.35,551,4.13609865470852,183,1,2010-03-21 13:27:00,2011-06-01 14:57:00,437,14.6,63.17,137.75,1,1
17473.0,409,2,607.0,270,17.852941176470587,33,1,2010-09-09 19:03:00,2010-10-27 11:45:00,47,1.6,379.38,135.0,1,1
17474.0,600,1,1047.0,200,174.5,6,1,2010-04-19 10:43:00,2010-04-19 10:43:00,0,1.0,1047.0,200.0,1,1
17475.0,79,1,194.37,178,13.883571428571427,14,1,2011-09-21 14:55:00,2011-09-21 14:55:00,0,1.0,194.37,178.0,0,1
17476.0,396,2,489.86,224,15.801935483870968,29,1,2009-12-02 12:09:00,2010-11-09 10:21:00,341,11.4,42.97,112.0,1,1
17477.0,613,2,1144.3,225,26.00681818181818,44,1,2010-03-02 11:53:00,2010-04-06 10:06:00,34,1.1,1040.27,112.5,1,1
17478.0,408,2,1272.8000000000002,516,31.820000000000004,40,1,2010-03-16 14:19:00,2010-10-27 15:01:00,225,7.5,169.71,258.0,1,1
17479.0,633,1,389.2600000000001,266,21.62555555555556,18,1,2010-03-17 09:26:00,2010-03-17 09:26:00,0,1.0,389.26,266.0,1,1
17482.0,487,2,775.64,240,14.634716981132076,50,1,2010-05-10 14:10:00,2010-08-09 15:33:00,91,3.0,258.55,120.0,1,1
17484.0,576,2,209.57,339,14.969285714285714,14,1,2010-03-25 16:17:00,2010-05-12 15:41:00,47,1.6,130.98,169.5,1,1
17486.0,261,1,396.87,191,16.53625,24,1,2011-03-23 14:00:00,2011-03-23 14:00:00,0,1.0,396.87,191.0,1,1
17487.0,728,1,160.55,37,20.06875,8,1,2009-12-11 15:06:00,2009-12-11 15:06:00,0,1.0,160.55,37.0,1,1
17488.0,641,1,336.5,136,18.694444444444443,18,1,2010-03-08 14:07:00,2010-03-08 14:07:00,0,1.0,336.5,136.0,1,1
17489.0,59,2,376.64,428,12.987586206896552,28,1,2011-05-11 11:34:00,2011-10-12 08:56:00,153,5.1,73.85,214.0,0,1
17492.0,248,3,1122.42,450,28.78,32,1,2010-07-09 13:27:00,2011-04-05 15:21:00,270,9.0,124.71,150.0,1,1
17493.0,385,1,100.91,62,12.61375,8,1,2010-11-19 16:57:00,2010-11-19 16:57:00,0,1.0,100.91,62.0,1,1
17494.0,502,1,54.7,26,18.23333333333333,3,1,2010-07-26 10:06:00,2010-07-26 10:06:00,0,1.0,54.7,26.0,1,1
17496.0,359,4,1412.89,675,19.623472222222222,54,1,2010-01-14 13:36:00,2010-12-16 08:39:00,335,11.2,126.15,168.75,1,1
17497.0,390,2,287.25,59,41.035714285714285,7,1,2010-04-08 08:01:00,2010-11-14 14:17:00,220,7.3,39.35,29.5,1,1
17498.0,76,1,272.22,394,16.012941176470587,17,1,2011-09-25 12:25:00,2011-09-25 12:25:00,0,1.0,272.22,394.0,0,1
17499.0,290,2,1341.39,1086,18.892816901408448,66,1,2010-05-27 09:59:00,2011-02-23 09:14:00,271,9.0,149.04,543.0,1,1
17501.0,221,2,288.6,160,16.033333333333335,18,1,2011-05-03 09:46:00,2011-05-03 09:47:00,0,1.0,288.6,80.0,1,1
17505.0,162,5,2435.48,1242,23.877254901960782,83,1,2010-04-13 16:33:00,2011-07-01 12:50:00,443,14.8,164.56,248.4,1,1
17506.0,76,1,302.2,139,21.585714285714285,14,1,2011-09-25 11:39:00,2011-09-25 11:39:00,0,1.0,302.2,139.0,0,1
17507.0,262,2,605.58,359,6.881590909090909,79,1,2011-02-03 18:08:00,2011-03-23 11:48:00,47,1.6,378.49,179.5,1,1
17515.0,31,9,1602.51,527,8.952569832402235,91,1,2010-06-07 13:29:00,2011-11-08 14:04:00,519,17.3,92.63,58.56,0,1
17517.0,309,1,153.94,102,13.994545454545454,11,1,2011-02-04 11:48:00,2011-02-04 11:48:00,0,1.0,153.94,102.0,1,1
17518.0,426,2,329.42,267,4.278181818181818,71,1,2010-03-28 13:31:00,2010-10-10 12:40:00,195,6.5,50.68,133.5,1,1
17520.0,54,1,546.81,365,18.227,30,1,2011-10-17 12:04:00,2011-10-17 12:04:00,0,1.0,546.81,365.0,0,1
17524.0,361,3,539.14,362,12.53813953488372,37,1,2010-09-27 16:20:00,2010-12-13 14:32:00,76,2.5,215.66,120.67,1,1
17525.0,360,3,1161.9,338,44.68846153846154,19,1,2010-10-07 09:12:00,2010-12-15 12:05:00,69,2.3,505.17,112.67,1,1
17527.0,54,4,939.37,488,19.98659574468085,45,1,2011-05-05 13:43:00,2011-10-17 12:32:00,164,5.5,170.79,122.0,0,1
17531.0,190,3,1266.82,472,21.841724137931035,54,1,2010-03-31 12:57:00,2011-06-02 19:17:00,428,14.3,88.59,157.33,1,1
17532.0,386,1,65.34,30,16.335,4,1,2010-11-19 08:13:00,2010-11-19 08:13:00,0,1.0,65.34,30.0,1,1
17533.0,435,1,34.8,24,34.8,1,1,2010-10-01 09:14:00,2010-10-01 09:14:00,0,1.0,34.8,24.0,1,1
17535.0,280,1,164.4,136,12.646153846153847,13,1,2011-03-04 15:20:00,2011-03-04 15:20:00,0,1.0,164.4,136.0,1,1
17536.0,177,3,364.83,201,22.801875,16,1,2010-01-26 12:00:00,2011-06-15 13:23:00,505,16.8,21.72,67.0,1,1
17537.0,30,2,887.6700000000001,699,11.995540540540542,74,1,2011-02-09 13:37:00,2011-11-10 10:56:00,273,9.1,97.55,349.5,0,1
17538.0,26,1,98.42,134,10.935555555555556,9,1,2011-11-14 12:12:00,2011-11-14 12:12:00,0,1.0,98.42,134.0,0,1
17539.0,618,4,1176.84,708,8.1725,132,1,2009-12-13 12:36:00,2010-04-01 12:07:00,108,3.6,326.9,177.0,1,1
17541.0,510,1,119.86,44,3.8664516129032256,31,1,2010-07-18 11:36:00,2010-07-18 11:36:00,0,1.0,119.86,44.0,1,1
17543.0,550,1,120.05,62,9.234615384615385,13,1,2010-06-08 12:41:00,2010-06-08 12:41:00,0,1.0,120.05,62.0,1,1
17544.0,390,3,944.82,410,10.736590909090909,80,1,2010-11-14 14:47:00,2010-11-14 15:08:00,0,1.0,944.82,136.67,1,1
17547.0,376,2,727.85,223,23.47903225806452,22,1,2010-02-12 14:34:00,2010-11-29 09:41:00,289,9.6,75.82,111.5,1,1
17548.0,234,4,731.26,494,21.50764705882353,22,1,2010-11-08 16:19:00,2011-04-20 12:01:00,162,5.4,135.42,123.5,1,1
17551.0,359,1,290.34,142,7.444615384615384,39,1,2010-12-15 14:12:00,2010-12-15 14:12:00,0,1.0,290.34,142.0,1,1
17553.0,130,4,3757.6,2288,626.2666666666667,2,1,2010-04-08 09:44:00,2011-08-02 10:00:00,481,16.0,234.85,572.0,1,1
17556.0,206,2,300.67,184,21.47642857142857,13,1,2010-11-25 17:00:00,2011-05-18 10:48:00,173,5.8,51.84,92.0,1,1
17558.0,393,1,259.17,54,9.25607142857143,28,1,2010-11-11 14:36:00,2010-11-11 14:36:00,0,1.0,259.17,54.0,1,1
17559.0,513,1,167.62,270,13.968333333333334,12,1,2010-07-15 12:02:00,2010-07-15 12:02:00,0,1.0,167.62,270.0,1,1
17560.0,95,8,1895.8,1588,34.46909090909091,37,1,2010-02-17 12:11:00,2011-09-06 09:18:00,565,18.8,100.84,198.5,1,1
17563.0,578,2,392.38,256,13.530344827586209,27,1,2010-04-07 10:02:00,2010-05-10 14:54:00,33,1.1,356.71,128.0,1,1
17564.0,24,3,454.01,146,9.265510204081632,38,1,2011-09-20 14:00:00,2011-11-15 13:27:00,55,1.8,252.23,48.67,0,1
17565.0,587,1,131.83,67,4.394333333333334,30,1,2010-05-02 11:54:00,2010-05-02 11:54:00,0,1.0,131.83,67.0,1,1
17568.0,633,1,374.45,275,6.039516129032258,61,1,2010-03-16 16:45:00,2010-03-16 16:45:00,0,1.0,374.45,275.0,1,1
17569.0,332,1,344.14,159,11.866896551724135,29,1,2011-01-11 14:15:00,2011-01-11 14:15:00,0,1.0,344.14,159.0,1,1
17570.0,382,1,100.0,1,100.0,1,1,2010-11-23 11:56:00,2010-11-23 11:56:00,0,1.0,100.0,1.0,1,1
17573.0,29,3,380.6,308,15.224,24,1,2011-09-07 10:36:00,2011-11-10 13:01:00,64,2.1,181.24,102.67,0,1
17574.0,243,1,185.65,77,23.20625,8,1,2011-04-11 09:47:00,2011-04-11 09:47:00,0,1.0,185.65,77.0,1,1
17575.0,667,1,171.7,72,34.34,5,1,2010-02-10 13:48:00,2010-02-10 13:48:00,0,1.0,171.7,72.0,1,1
17577.0,645,2,348.75,179,16.607142857142858,20,1,2010-02-09 10:10:00,2010-03-04 13:01:00,23,0.8,435.94,89.5,1,1
17578.0,218,7,1047.33,529,16.11276923076923,57,1,2010-06-28 11:55:00,2011-05-05 18:38:00,311,10.4,100.7,75.57,1,1
17580.0,253,5,541.02,223,5.755531914893617,78,1,2010-10-13 14:28:00,2011-04-01 12:41:00,169,5.6,96.61,44.6,1,1
17582.0,236,5,1446.95,603,11.860245901639344,92,1,2010-03-26 12:23:00,2011-04-17 13:18:00,387,12.9,112.17,120.6,1,1
17583.0,560,1,135.95,55,19.42142857142857,7,1,2010-05-28 14:24:00,2010-05-28 14:24:00,0,1.0,135.95,55.0,1,1
17585.0,109,7,2064.71,2510,5.376848958333333,295,1,2010-08-18 16:39:00,2011-08-22 13:30:00,368,12.3,167.86,358.57,1,1
17586.0,619,1,167.4,68,20.925,8,1,2010-03-30 13:12:00,2010-03-30 13:12:00,0,1.0,167.4,68.0,1,1
17587.0,628,1,176.71,67,4.207380952380952,42,1,2010-03-21 14:16:00,2010-03-21 14:16:00,0,1.0,176.71,67.0,1,1
17592.0,739,1,148.3,38,11.407692307692308,13,1,2009-12-01 10:49:00,2009-12-01 10:49:00,0,1.0,148.3,38.0,1,1
17595.0,12,2,386.69,228,4.715731707317073,68,1,2011-11-02 16:19:00,2011-11-27 16:08:00,24,0.8,483.36,114.0,0,1
17597.0,214,5,3484.09,2215,27.219453125,109,1,2010-05-05 15:33:00,2011-05-10 11:54:00,369,12.3,283.26,443.0,1,1
17598.0,381,1,409.98,126,40.998000000000005,10,1,2010-11-23 17:43:00,2010-11-23 17:43:00,0,1.0,409.98,126.0,1,1
17599.0,478,1,52.05,11,17.349999999999998,3,1,2010-08-19 12:50:00,2010-08-19 12:50:00,0,1.0,52.05,11.0,1,1
17600.0,18,1,161.67000000000002,144,12.436153846153848,13,1,2011-11-22 09:43:00,2011-11-22 09:43:00,0,1.0,161.67,144.0,0,1
17601.0,239,2,413.08,295,5.737222222222222,69,1,2010-11-24 14:29:00,2011-04-14 18:02:00,141,4.7,87.89,147.5,1,1
17604.0,217,6,942.38,614,4.530673076923077,142,1,2010-01-27 12:19:00,2011-05-06 13:43:00,464,15.5,60.8,102.33,1,1
17605.0,590,1,160.75,71,12.365384615384617,13,1,2010-04-28 14:45:00,2010-04-28 14:45:00,0,1.0,160.75,71.0,1,1
17606.0,737,1,87.30000000000001,42,14.550000000000002,6,1,2009-12-02 13:32:00,2009-12-02 13:32:00,0,1.0,87.3,42.0,1,1
17607.0,376,1,333.81,269,15.17318181818182,22,1,2010-11-28 13:11:00,2010-11-28 13:11:00,0,1.0,333.81,269.0,1,1
17610.0,540,5,1511.94,893,9.817792207792207,114,1,2009-12-06 16:07:00,2010-06-17 16:34:00,193,6.4,236.24,178.6,1,1
17614.0,57,1,386.32,235,3.9420408163265295,97,1,2011-10-13 16:01:00,2011-10-13 16:01:00,0,1.0,386.32,235.0,0,1
17615.0,130,6,721.8000000000001,378,12.889285714285716,47,1,2010-08-11 12:54:00,2011-08-01 14:06:00,355,11.8,61.17,63.0,1,1
17616.0,174,4,734.4,288,183.6,1,1,2010-09-14 10:43:00,2011-06-19 10:11:00,277,9.2,79.83,72.0,1,1
17617.0,559,1,385.19,249,21.399444444444445,18,1,2010-05-30 12:48:00,2010-05-30 12:48:00,0,1.0,385.19,249.0,1,1
17619.0,312,1,214.37,124,2.896891891891892,71,1,2011-01-31 14:18:00,2011-01-31 14:18:00,0,1.0,214.37,124.0,1,1
17620.0,60,1,81.44,60,20.36,4,1,2011-10-11 12:08:00,2011-10-11 12:08:00,0,1.0,81.44,60.0,0,1
17622.0,598,2,1130.21,379,29.742368421052632,19,1,2010-04-20 13:38:00,2010-04-21 12:36:00,0,1.0,1130.21,189.5,1,1
17626.0,603,1,254.0,202,14.11111111111111,18,1,2010-04-16 12:15:00,2010-04-16 12:15:00,0,1.0,254.0,202.0,1,1
17627.0,479,1,296.36,676,29.636000000000003,10,1,2010-08-18 11:27:00,2010-08-18 11:27:00,0,1.0,296.36,676.0,1,1
17628.0,81,1,75.75,79,15.15,5,1,2011-09-19 15:21:00,2011-09-19 15:21:00,0,1.0,75.75,79.0,0,1
17630.0,170,2,503.6,158,19.36923076923077,24,1,2011-04-21 14:03:00,2011-06-23 11:58:00,62,2.1,239.81,79.0,1,1
17635.0,424,3,1265.58,770,17.10243243243243,60,1,2010-04-28 10:51:00,2010-10-11 15:12:00,166,5.5,230.11,256.67,1,1
17636.0,19,1,285.56,182,14.278,20,1,2011-11-20 14:40:00,2011-11-20 14:40:00,0,1.0,285.56,182.0,0,1
17637.0,31,2,547.0600000000001,280,15.630285714285716,35,1,2011-08-16 13:25:00,2011-11-08 12:51:00,83,2.8,195.38,140.0,0,1
17638.0,647,2,842.4000000000001,432,280.8,2,1,2009-12-18 09:58:00,2010-03-02 14:32:00,74,2.5,336.96,216.0,1,1
17639.0,276,6,615.17,576,7.786962025316455,59,1,2010-08-13 11:59:00,2011-03-08 15:22:00,207,6.9,89.16,96.0,1,1
17643.0,373,2,439.7,226,14.183870967741935,30,1,2010-07-22 13:07:00,2010-12-01 14:38:00,132,4.4,99.93,113.0,1,1
17648.0,61,5,2216.37,954,17.73096,114,1,2010-11-19 16:41:00,2011-10-10 09:41:00,324,10.8,205.22,190.8,0,1
17649.0,138,3,1578.89,723,16.111122448979593,88,1,2010-08-24 13:01:00,2011-07-24 15:53:00,334,11.1,142.24,241.0,1,1
17650.0,21,1,166.07999999999998,150,20.76,8,1,2011-11-18 14:52:00,2011-11-18 14:52:00,0,1.0,166.08,150.0,0,1
17654.0,277,1,117.55,41,5.343181818181818,22,1,2011-03-07 13:17:00,2011-03-07 13:17:00,0,1.0,117.55,41.0,1,1
17657.0,430,1,126.0,60,18.0,7,1,2010-10-05 14:52:00,2010-10-05 14:52:00,0,1.0,126.0,60.0,1,1
17658.0,26,2,595.42,616,31.337894736842102,17,1,2011-05-12 15:23:00,2011-11-14 12:07:00,185,6.2,96.04,308.0,0,1
17660.0,141,2,342.22,259,4.173414634146342,75,1,2009-12-02 16:02:00,2011-07-21 13:37:00,595,19.8,17.28,129.5,1,1
17662.0,662,2,412.92,184,27.528,14,1,2009-12-17 09:54:00,2010-02-16 09:38:00,60,2.0,206.46,92.0,1,1
17665.0,493,1,563.1,690,29.63684210526316,19,1,2010-08-03 13:12:00,2010-08-03 13:12:00,0,1.0,563.1,690.0,1,1
17668.0,1,2,347.75,93,23.183333333333334,14,1,2011-11-01 14:45:00,2011-12-08 13:25:00,36,1.2,289.79,46.5,0,1
17670.0,228,1,205.7,110,18.7,11,1,2011-04-26 09:12:00,2011-04-26 09:12:00,0,1.0,205.7,110.0,1,1
17674.0,74,2,551.04,672,20.40888888888889,19,1,2010-12-06 10:20:00,2011-09-26 13:35:00,294,9.8,56.23,336.0,0,1
17678.0,264,2,599.76,368,21.42,27,1,2010-04-15 13:54:00,2011-03-21 11:52:00,339,11.3,53.08,184.0,1,1
17680.0,24,3,497.4500000000001,155,24.8725,20,1,2010-07-16 16:07:00,2011-11-16 12:42:00,487,16.2,30.71,51.67,0,1
17681.0,597,5,731.2,450,52.22857142857144,12,1,2010-01-15 11:53:00,2010-04-21 17:22:00,96,3.2,228.5,90.0,1,1
17683.0,386,3,819.01,781,17.804565217391303,41,1,2010-06-03 17:15:00,2010-11-19 10:11:00,168,5.6,146.25,260.33,1,1
17684.0,44,1,239.41,145,15.960666666666668,15,1,2011-10-27 11:10:00,2011-10-27 11:10:00,0,1.0,239.41,145.0,0,1
17687.0,421,1,432.68,210,16.641538461538463,26,1,2010-10-15 12:30:00,2010-10-15 12:30:00,0,1.0,432.68,210.0,1,1
17688.0,394,1,304.2,114,16.010526315789473,19,1,2010-11-11 10:41:00,2010-11-11 10:41:00,0,1.0,304.2,114.0,1,1
17689.0,388,2,317.08,300,14.412727272727272,17,1,2010-08-22 13:54:00,2010-11-16 13:22:00,85,2.8,113.24,150.0,1,1
17691.0,358,4,637.55,315,14.826744186046511,37,1,2010-06-11 11:50:00,2010-12-16 17:20:00,188,6.3,101.2,78.75,1,1
17693.0,137,1,200.47,231,12.529375,16,1,2011-07-25 15:48:00,2011-07-25 15:48:00,0,1.0,200.47,231.0,1,1
17694.0,142,3,1695.97,1493,20.937901234567903,54,1,2010-05-26 08:27:00,2011-07-21 12:00:00,421,14.0,121.14,497.67,1,1
17695.0,132,5,1746.04,1809,28.623606557377048,46,1,2010-01-28 09:27:00,2011-07-31 10:40:00,549,18.3,95.41,361.8,1,1
17697.0,236,1,338.95,93,17.839473684210525,19,1,2011-04-17 15:40:00,2011-04-17 15:40:00,0,1.0,338.95,93.0,1,1
17698.0,261,1,154.95,93,19.36875,8,1,2011-03-24 11:34:00,2011-03-24 11:34:00,0,1.0,154.95,93.0,1,1
17699.0,477,2,442.0,208,23.26315789473684,17,1,2010-05-27 11:53:00,2010-08-20 09:39:00,84,2.8,157.86,104.0,1,1
17701.0,253,1,417.95,109,17.414583333333333,24,1,2011-04-01 12:25:00,2011-04-01 12:25:00,0,1.0,417.95,109.0,1,1
17704.0,169,2,885.19,343,28.554516129032255,27,1,2011-04-14 09:28:00,2011-06-24 09:40:00,71,2.4,368.83,171.5,1,1
17707.0,185,8,609.3,546,25.3875,9,1,2009-12-07 12:19:00,2011-06-07 15:03:00,547,18.2,33.48,68.25,1,1
17708.0,188,4,884.1800000000001,387,12.11205479452055,57,1,2010-10-12 12:13:00,2011-06-05 10:12:00,235,7.8,113.36,96.75,1,1
17709.0,170,5,671.01,295,16.77525,37,1,2010-04-15 14:48:00,2011-06-23 11:55:00,433,14.4,46.6,59.0,1,1
17710.0,424,1,293.5,158,14.675,20,1,2010-10-12 07:49:00,2010-10-12 07:49:00,0,1.0,293.5,158.0,1,1
17711.0,11,2,385.1,246,16.743478260869566,22,1,2011-02-23 11:32:00,2011-11-29 11:40:00,279,9.3,41.41,123.0,0,1
17712.0,45,1,522.91,215,18.031379310344825,29,1,2011-10-26 12:28:00,2011-10-26 12:28:00,0,1.0,522.91,215.0,0,1
17713.0,382,4,1198.09,989,15.764342105263156,55,1,2010-06-09 09:33:00,2010-11-22 16:50:00,166,5.5,217.83,247.25,1,1
17714.0,321,5,1410.18,608,17.40962962962963,69,1,2010-07-14 10:41:00,2011-01-23 10:32:00,192,6.4,220.34,121.6,1,1
17715.0,201,2,489.6,576,244.8,1,1,2010-04-26 12:17:00,2011-05-23 12:32:00,392,13.1,37.37,288.0,1,1
17717.0,421,1,376.92,344,14.496923076923078,26,1,2010-10-14 12:54:00,2010-10-14 12:54:00,0,1.0,376.92,344.0,1,1
17718.0,232,2,439.18,274,19.09478260869565,22,1,2010-03-05 08:01:00,2011-04-21 13:39:00,412,13.7,32.06,137.0,1,1
17721.0,659,1,307.21000000000004,107,27.928181818181823,11,1,2010-02-18 15:18:00,2010-02-18 15:18:00,0,1.0,307.21,107.0,1,1
17722.0,96,5,3520.2200000000003,2412,20.23114942528736,163,1,2010-11-29 09:44:00,2011-09-04 15:22:00,279,9.3,378.52,482.4,1,1
17723.0,127,7,3378.4000000000005,912,281.53333333333336,6,1,2010-11-29 10:35:00,2011-08-04 18:37:00,248,8.3,407.04,130.29,1,1
17726.0,395,7,1092.06,444,17.0634375,52,1,2010-01-26 14:58:00,2010-11-09 13:37:00,286,9.5,114.95,63.43,1,1
17727.0,15,1,1060.25,645,16.064393939393938,66,1,2011-11-24 17:06:00,2011-11-24 17:06:00,0,1.0,1060.25,645.0,0,1
17729.0,596,1,438.65,247,19.071739130434786,23,1,2010-04-22 15:03:00,2010-04-22 15:03:00,0,1.0,438.65,247.0,1,1
17732.0,373,8,2166.42,1058,17.757540983606557,90,1,2010-08-09 08:41:00,2010-12-02 09:29:00,115,3.8,570.11,132.25,1,1
17733.0,39,2,692.19,463,19.776857142857143,33,1,2011-03-23 09:54:00,2011-11-01 08:16:00,222,7.4,93.54,231.5,0,1
17736.0,9,3,377.44,238,15.0976,24,1,2011-08-18 14:33:00,2011-11-30 15:36:00,104,3.5,107.84,79.33,0,1
17737.0,9,2,168.24,108,16.824,8,1,2011-10-12 14:42:00,2011-11-30 15:16:00,49,1.6,105.15,54.0,0,1
17740.0,389,6,426.9,222,47.43333333333334,5,1,2010-01-11 13:11:00,2010-11-15 16:33:00,308,10.3,41.45,37.0,1,1
17741.0,407,2,101.1,114,16.849999999999998,6,1,2010-05-28 12:11:00,2010-10-29 11:59:00,153,5.1,19.82,57.0,1,1
17743.0,448,1,229.2,96,76.39999999999999,3,1,2010-09-17 14:54:00,2010-09-17 14:54:00,0,1.0,229.2,96.0,1,1
17745.0,478,2,600.34,164,21.44071428571429,27,1,2010-06-02 09:03:00,2010-08-19 12:30:00,78,2.6,230.9,82.0,1,1
17747.0,113,1,71.4,12,71.4,1,1,2011-08-19 08:13:00,2011-08-19 08:13:00,0,1.0,71.4,12.0,1,1
17748.0,527,1,358.15,111,21.06764705882353,17,1,2010-06-30 13:49:00,2010-06-30 13:49:00,0,1.0,358.15,111.0,1,1
17749.0,178,3,1026.18,446,18.003157894736844,52,1,2010-06-11 14:56:00,2011-06-14 15:45:00,368,12.3,83.43,148.67,1,1
17751.0,421,1,157.86,147,4.933125,31,1,2010-10-14 13:57:00,2010-10-14 13:57:00,0,1.0,157.86,147.0,1,1
17752.0,359,1,80.64,192,80.64,1,1,2010-12-15 16:19:00,2010-12-15 16:19:00,0,1.0,80.64,192.0,1,1
17753.0,464,4,382.06,124,5.5371014492753625,63,1,2010-01-06 14:20:00,2010-09-01 15:49:00,238,7.9,48.36,31.0,1,1
17756.0,376,3,728.75,399,8.675595238095237,54,1,2010-11-10 12:54:00,2010-11-29 12:20:00,18,0.6,1214.58,133.0,1,1
17761.0,33,1,712.78,398,37.51473684210527,19,1,2011-11-07 10:23:00,2011-11-07 10:23:00,0,1.0,712.78,398.0,0,1
17762.0,456,1,129.75,129,7.632352941176471,16,1,2010-09-09 17:40:00,2010-09-09 17:40:00,0,1.0,129.75,129.0,1,1
17763.0,263,4,86.15,41,6.153571428571429,11,1,2010-02-18 14:32:00,2011-03-21 14:25:00,395,13.2,6.53,10.25,1,1
17765.0,159,4,524.0,195,6.469135802469136,71,1,2010-09-17 12:45:00,2011-07-04 12:41:00,289,9.6,54.58,48.75,1,1
17766.0,381,2,299.61,155,13.618636363636364,21,1,2010-11-23 14:17:00,2010-11-23 14:29:00,0,1.0,299.61,77.5,1,1
17770.0,199,5,1143.27,365,30.086052631578948,33,1,2011-03-02 13:35:00,2011-05-25 12:34:00,83,2.8,408.31,73.0,1,1
17773.0,514,2,575.37,254,10.461272727272728,48,1,2010-01-18 14:32:00,2010-07-13 14:07:00,175,5.8,99.2,127.0,1,1
17775.0,255,1,56.4,72,18.8,3,1,2011-03-30 10:50:00,2011-03-30 10:50:00,0,1.0,56.4,72.0,1,1
17776.0,387,2,330.56,273,4.132,74,1,2009-12-16 14:59:00,2010-11-18 12:14:00,336,11.2,29.51,136.5,1,1
17778.0,662,1,197.7,214,19.770000000000003,10,1,2010-02-16 12:44:00,2010-02-16 12:44:00,0,1.0,197.7,214.0,1,1
17779.0,21,3,650.32,396,8.028641975308643,73,1,2011-07-19 12:19:00,2011-11-18 14:15:00,122,4.1,158.61,132.0,0,1
17780.0,667,3,346.56,156,4.386835443037975,76,1,2010-01-24 11:21:00,2010-02-10 13:43:00,17,0.6,577.6,52.0,1,1
17781.0,159,2,188.02,34,15.668333333333337,12,1,2011-03-31 19:54:00,2011-07-03 16:00:00,93,3.1,60.65,17.0,1,1
17782.0,383,2,679.02,538,23.41448275862069,29,1,2010-11-22 10:03:00,2010-11-22 11:15:00,0,1.0,679.02,269.0,1,1
17784.0,550,1,112.86,72,4.90695652173913,19,1,2010-06-07 16:08:00,2010-06-07 16:08:00,0,1.0,112.86,72.0,1,1
17786.0,85,2,266.85,195,3.9242647058823534,57,1,2011-01-26 14:35:00,2011-09-15 12:51:00,231,7.7,34.66,97.5,0,1
17787.0,153,4,1817.54,896,14.19953125,94,1,2010-12-03 13:43:00,2011-07-10 11:24:00,218,7.3,248.98,224.0,1,1
17789.0,281,2,397.15,199,13.694827586206896,27,1,2010-02-16 13:16:00,2011-03-03 13:14:00,379,12.6,31.52,99.5,1,1
17791.0,30,1,106.1,46,10.61,10,1,2011-11-10 12:09:00,2011-11-10 12:09:00,0,1.0,106.1,46.0,0,1
17792.0,467,2,368.35,149,7.083653846153847,45,1,2010-08-18 13:08:00,2010-08-29 14:30:00,11,0.4,920.88,74.5,1,1
17793.0,25,1,300.34,226,5.77576923076923,49,1,2011-11-14 14:24:00,2011-11-14 14:24:00,0,1.0,300.34,226.0,0,1
17794.0,687,2,147.3,46,21.042857142857144,7,1,2010-01-20 12:17:00,2010-01-22 10:18:00,1,1.0,147.3,23.0,1,1
17795.0,180,2,342.83,305,7.618444444444444,43,1,2011-03-20 12:02:00,2011-06-13 12:36:00,85,2.8,122.44,152.5,1,1
17798.0,582,1,178.07,138,3.957111111111111,43,1,2010-05-07 11:42:00,2010-05-07 11:42:00,0,1.0,178.07,138.0,1,1
17801.0,451,3,770.03,820,9.506543209876543,66,1,2010-01-17 11:31:00,2010-09-14 14:32:00,240,8.0,96.25,273.33,1,1
17803.0,392,1,184.66,98,6.839259259259259,27,1,2010-11-12 13:53:00,2010-11-12 13:53:00,0,1.0,184.66,98.0,1,1
17804.0,376,3,383.78,194,4.217362637362638,82,1,2009-12-01 12:22:00,2010-11-28 14:01:00,362,12.1,31.72,64.67,1,1
17806.0,11,1,546.04,727,12.698604651162787,43,1,2011-11-28 14:12:00,2011-11-28 14:12:00,0,1.0,546.04,727.0,0,1
17807.0,395,3,437.87,262,4.919887640449439,88,1,2010-01-04 14:00:00,2010-11-09 16:21:00,309,10.3,42.51,87.33,1,1
17808.0,549,4,262.64,143,7.958787878787878,29,1,2010-05-07 16:26:00,2010-06-09 10:44:00,32,1.1,238.76,35.75,1,1
17810.0,669,2,373.16,118,6.784727272727273,51,1,2010-01-25 10:26:00,2010-02-09 10:47:00,15,0.5,746.32,59.0,1,1
17814.0,375,2,1609.37,1435,11.254335664335663,112,1,2010-10-13 14:03:00,2010-11-29 14:21:00,47,1.6,1005.86,717.5,1,1
17815.0,393,1,591.96,612,45.535384615384615,13,1,2010-11-11 14:39:00,2010-11-11 14:39:00,0,1.0,591.96,612.0,1,1
17818.0,738,1,124.78,86,2.970952380952381,42,1,2009-12-02 11:34:00,2009-12-02 11:34:00,0,1.0,124.78,86.0,1,1
17820.0,374,1,180.61,111,4.405121951219512,39,1,2010-11-30 17:43:00,2010-11-30 17:43:00,0,1.0,180.61,111.0,1,1
17821.0,406,1,334.62,162,55.77,6,1,2010-10-29 13:20:00,2010-10-29 13:20:00,0,1.0,334.62,162.0,1,1
17823.0,421,2,449.25,252,4.4925,88,1,2010-10-14 16:14:00,2010-10-14 16:24:00,0,1.0,449.25,126.0,1,1
17824.0,51,1,298.4,408,22.95384615384615,13,1,2011-10-19 14:14:00,2011-10-19 14:14:00,0,1.0,298.4,408.0,0,1
17825.0,599,4,701.96,516,25.99851851851852,24,1,2009-12-14 12:09:00,2010-04-20 12:01:00,126,4.2,167.13,129.0,1,1
17826.0,374,1,133.34,84,4.040606060606061,33,1,2010-11-30 13:23:00,2010-11-30 13:23:00,0,1.0,133.34,84.0,1,1
17828.0,23,4,1820.09,667,27.1655223880597,54,1,2011-06-08 08:31:00,2011-11-17 08:41:00,162,5.4,337.05,166.75,0,1
17829.0,299,5,4756.74,3009,27.817192982456135,121,1,2010-02-22 15:39:00,2011-02-14 12:46:00,356,11.9,399.73,601.8,1,1
17830.0,2,3,398.7,92,17.33478260869565,18,1,2011-02-24 10:15:00,2011-12-08 12:28:00,287,9.6,41.53,30.67,0,1
17831.0,33,1,35.400000000000006,12,17.700000000000003,2,1,2011-11-06 15:09:00,2011-11-06 15:09:00,0,1.0,35.4,12.0,0,1
17833.0,723,1,338.46000000000004,143,10.918064516129034,28,1,2009-12-16 13:40:00,2009-12-16 13:40:00,0,1.0,338.46,143.0,1,1
17834.0,415,2,689.6700000000001,639,11.890862068965518,54,1,2010-09-20 15:32:00,2010-10-21 12:09:00,30,1.0,689.67,319.5,1,1
17836.0,47,1,110.21,88,4.592083333333334,23,1,2011-10-23 16:13:00,2011-10-23 16:13:00,0,1.0,110.21,88.0,0,1
17839.0,42,1,318.15,257,6.11826923076923,50,1,2011-10-28 17:27:00,2011-10-28 17:27:00,0,1.0,318.15,257.0,0,1
17840.0,444,1,175.9,128,3.518,44,1,2010-09-22 12:24:00,2010-09-22 12:24:00,0,1.0,175.9,128.0,1,1
17842.0,602,1,430.69,89,23.927222222222223,18,1,2010-04-16 14:23:00,2010-04-16 14:23:00,0,1.0,430.69,89.0,1,1
17843.0,303,2,320.4,251,5.16774193548387,58,1,2010-10-24 10:56:00,2011-02-09 15:33:00,108,3.6,89.0,125.5,1,1
17844.0,107,1,51.56,52,10.312,5,1,2011-08-25 11:27:00,2011-08-25 11:27:00,0,1.0,51.56,52.0,1,1
17845.0,555,4,596.09,195,12.68276595744681,42,1,2010-05-12 13:04:00,2010-06-02 15:20:00,21,0.7,851.56,48.75,1,1
17846.0,85,1,2033.1,1,2033.1,1,1,2011-09-15 15:20:00,2011-09-15 15:20:00,0,1.0,2033.1,1.0,0,1
17847.0,516,2,129.69,29,14.41,9,1,2010-03-04 12:57:00,2010-07-12 10:00:00,129,4.3,30.16,14.5,1,1
17851.0,422,6,1552.35,933,6.691163793103448,185,1,2009-12-03 17:46:00,2010-10-13 15:13:00,313,10.4,149.26,155.5,1,1
17853.0,407,3,1596.29,625,15.202761904761903,84,1,2009-12-03 15:09:00,2010-10-28 15:29:00,329,11.0,145.12,208.33,1,1
17855.0,373,1,208.97,197,12.292352941176471,17,1,2010-12-02 09:44:00,2010-12-02 09:44:00,0,1.0,208.97,197.0,1,1
17856.0,2,4,1418.03,842,94.53533333333333,12,1,2011-03-03 11:40:00,2011-12-08 09:40:00,279,9.3,152.48,210.5,0,1
17859.0,305,1,141.92,102,6.170434782608695,23,1,2011-02-08 10:32:00,2011-02-08 10:32:00,0,1.0,141.92,102.0,1,1
17862.0,324,4,1254.89,440,12.675656565656569,90,1,2010-05-25 17:22:00,2011-01-20 12:23:00,239,8.0,156.86,110.0,1,1
17866.0,143,3,1134.95,535,43.65192307692308,20,1,2009-12-14 16:01:00,2011-07-20 11:07:00,582,19.4,58.5,178.33,1,1
17868.0,386,1,227.15,85,12.619444444444444,18,1,2010-11-18 18:55:00,2010-11-18 18:55:00,0,1.0,227.15,85.0,1,1
17869.0,107,7,813.64,491,10.1705,72,1,2010-06-10 13:47:00,2011-08-24 16:16:00,440,14.7,55.35,70.14,1,1
17872.0,382,1,235.87,176,15.724666666666668,15,1,2010-11-23 12:02:00,2010-11-23 12:02:00,0,1.0,235.87,176.0,1,1
17874.0,185,6,683.46,221,14.857826086956525,37,1,2011-03-29 11:25:00,2011-06-07 12:54:00,70,2.3,297.16,36.83,1,1
17875.0,688,1,167.1,98,6.426923076923076,25,1,2010-01-20 15:30:00,2010-01-20 15:30:00,0,1.0,167.1,98.0,1,1
17876.0,400,3,3424.02,1958,856.005,3,1,2010-02-02 13:00:00,2010-11-05 10:52:00,275,9.2,372.18,652.67,1,1
17877.0,170,1,237.61,98,19.800833333333333,12,1,2011-06-22 13:00:00,2011-06-22 13:00:00,0,1.0,237.61,98.0,1,1
17879.0,174,1,178.52,45,29.75333333333333,6,1,2011-06-19 12:36:00,2011-06-19 12:36:00,0,1.0,178.52,45.0,1,1
17881.0,304,1,133.35,32,16.66875,8,1,2011-02-08 17:16:00,2011-02-08 17:16:00,0,1.0,133.35,32.0,1,1
17882.0,379,2,291.56,130,5.501132075471698,47,1,2010-11-25 14:35:00,2010-11-25 14:40:00,0,1.0,291.56,65.0,1,1
17885.0,12,1,156.34,110,2.949811320754717,50,1,2011-11-27 14:40:00,2011-11-27 14:40:00,0,1.0,156.34,110.0,0,1
17887.0,129,1,111.35,30,11.135,10,1,2011-08-02 17:29:00,2011-08-02 17:29:00,0,1.0,111.35,30.0,1,1
17889.0,212,7,746.42,403,6.434655172413793,97,1,2010-03-31 10:54:00,2011-05-11 16:26:00,406,13.5,55.29,57.57,1,1
17891.0,162,1,203.86,393,5.995882352941176,34,1,2011-06-30 20:08:00,2011-06-30 20:08:00,0,1.0,203.86,393.0,1,1
17892.0,56,3,244.1,109,8.717857142857143,27,1,2011-07-07 12:56:00,2011-10-14 16:49:00,99,3.3,73.97,36.33,0,1
17893.0,225,1,107.21,149,7.147333333333333,15,1,2011-04-28 13:50:00,2011-04-28 13:50:00,0,1.0,107.21,149.0,1,1
17895.0,44,1,95.45,127,6.363333333333333,15,1,2011-10-26 17:00:00,2011-10-26 17:00:00,0,1.0,95.45,127.0,0,1
17896.0,23,1,256.32,288,128.16,2,1,2011-11-16 13:59:00,2011-11-16 13:59:00,0,1.0,256.32,288.0,0,1
17899.0,159,1,154.55,170,4.985483870967743,29,1,2011-07-03 14:58:00,2011-07-03 14:58:00,0,1.0,154.55,170.0,1,1
17900.0,190,2,112.2,73,18.7,4,1,2011-06-02 14:28:00,2011-06-02 14:38:00,0,1.0,112.2,36.5,1,1
17902.0,547,1,216.4,526,9.016666666666667,24,1,2010-06-11 12:25:00,2010-06-11 12:25:00,0,1.0,216.4,526.0,1,1
17903.0,394,1,381.09,142,8.468666666666667,44,1,2010-11-10 15:39:00,2010-11-10 15:39:00,0,1.0,381.09,142.0,1,1
17904.0,21,1,181.07,59,5.325588235294117,33,1,2011-11-18 12:57:00,2011-11-18 12:57:00,0,1.0,181.07,59.0,0,1
17906.0,247,1,72.9,26,6.075,12,1,2011-04-06 17:25:00,2011-04-06 17:25:00,0,1.0,72.9,26.0,1,1
17907.0,641,1,291.76,1046,22.443076923076923,13,1,2010-03-09 12:33:00,2010-03-09 12:33:00,0,1.0,291.76,1046.0,1,1
17908.0,374,5,1142.47,670,5.492644230769231,178,1,2009-12-14 12:24:00,2010-12-01 11:45:00,351,11.7,97.65,134.0,1,1
17909.0,737,1,110.05,35,13.75625,8,1,2009-12-02 13:10:00,2009-12-02 13:10:00,0,1.0,110.05,35.0,1,1
17910.0,726,1,261.7,121,10.065384615384614,25,1,2009-12-13 16:04:00,2009-12-13 16:04:00,0,1.0,261.7,121.0,1,1
17911.0,9,1,366.23,223,9.39051282051282,39,1,2011-11-30 14:52:00,2011-11-30 14:52:00,0,1.0,366.23,223.0,0,1
17912.0,310,6,374.55,215,7.344117647058824,48,1,2010-11-29 13:53:00,2011-02-02 14:25:00,65,2.2,170.25,35.83,1,1
17915.0,551,1,225.78,184,7.785517241379311,27,1,2010-06-06 13:22:00,2010-06-06 13:22:00,0,1.0,225.78,184.0,1,1
17916.0,629,2,43.87,90,2.3089473684210526,15,1,2009-12-06 14:10:00,2010-03-21 12:26:00,104,3.5,12.53,45.0,1,1
17918.0,501,3,396.39,352,9.90975,34,1,2010-07-22 14:20:00,2010-07-27 11:51:00,4,0.1,3963.9,117.33,1,1
17922.0,543,1,170.4,49,21.3,8,1,2010-06-14 16:32:00,2010-06-14 16:32:00,0,1.0,170.4,49.0,1,1
17923.0,282,3,497.0,140,165.66666666666666,2,1,2010-06-13 13:58:00,2011-03-02 15:15:00,262,8.7,57.13,46.67,1,1
17925.0,373,1,244.08,72,244.08,1,1,2010-12-02 10:10:00,2010-12-02 10:10:00,0,1.0,244.08,72.0,1,1
17926.0,133,5,1035.49,572,23.53386363636364,27,1,2010-05-09 14:07:00,2011-07-29 14:39:00,446,14.9,69.5,114.4,1,1
17927.0,722,1,294.0,108,29.4,10,1,2009-12-18 11:03:00,2009-12-18 11:03:00,0,1.0,294.0,108.0,1,1
17932.0,29,3,1331.57,789,14.795222222222222,84,1,2011-05-12 13:58:00,2011-11-10 19:49:00,182,6.1,218.29,263.0,0,1
17933.0,632,1,114.69,63,8.192142857142857,12,1,2010-03-17 15:11:00,2010-03-17 15:11:00,0,1.0,114.69,63.0,1,1
17935.0,138,7,686.14,244,10.7209375,60,1,2009-12-04 14:33:00,2011-07-24 13:18:00,596,19.9,34.48,34.86,1,1
17936.0,5,1,380.13,257,5.279583333333333,68,1,2011-12-04 13:32:00,2011-12-04 13:32:00,0,1.0,380.13,257.0,0,1
17938.0,420,1,144.29,53,4.97551724137931,29,1,2010-10-15 14:27:00,2010-10-15 14:27:00,0,1.0,144.29,53.0,1,1
17939.0,160,1,99.14,40,8.261666666666667,12,1,2011-07-03 12:27:00,2011-07-03 12:27:00,0,1.0,99.14,40.0,1,1
17941.0,131,4,1433.28,1108,204.7542857142857,5,1,2010-01-06 15:37:00,2011-08-01 08:30:00,571,19.0,75.44,277.0,1,1
17942.0,8,1,77.50000000000001,38,38.75000000000001,2,1,2011-12-02 10:45:00,2011-12-02 10:45:00,0,1.0,77.5,38.0,0,1
17944.0,423,1,74.99,84,2.9996,24,1,2010-10-12 16:25:00,2010-10-12 16:25:00,0,1.0,74.99,84.0,1,1
17945.0,697,3,360.35,244,5.004861111111111,66,1,2010-01-12 11:33:00,2010-01-12 11:40:00,0,1.0,360.35,81.33,1,1
17946.0,233,2,149.57999999999998,75,7.478999999999999,18,1,2011-03-25 14:34:00,2011-04-20 17:00:00,26,0.9,166.2,37.5,1,1
17947.0,37,1,176.68,168,19.63111111111111,9,1,2011-11-02 13:05:00,2011-11-02 13:05:00,0,1.0,176.68,168.0,0,1
17948.0,147,1,358.56000000000006,144,358.56000000000006,1,1,2011-07-15 12:58:00,2011-07-15 12:58:00,0,1.0,358.56,144.0,1,1
17952.0,378,4,788.46,477,8.045510204081634,85,1,2010-06-16 11:54:00,2010-11-26 13:54:00,163,5.4,146.01,119.25,1,1
17953.0,540,1,159.17000000000002,98,7.958500000000001,20,1,2010-06-17 15:08:00,2010-06-17 15:08:00,0,1.0,159.17,98.0,1,1
17955.0,199,6,949.9,681,43.17727272727273,16,1,2010-02-12 16:27:00,2011-05-25 12:00:00,466,15.5,61.28,113.5,1,1
17956.0,249,1,12.75,1,12.75,1,1,2011-04-04 13:47:00,2011-04-04 13:47:00,0,1.0,12.75,1.0,1,1
17958.0,117,2,973.88,284,27.052222222222223,35,1,2009-12-11 15:37:00,2011-08-15 12:19:00,611,20.4,47.74,142.0,1,1
17959.0,592,1,140.75,49,70.375,2,1,2010-04-26 14:12:00,2010-04-26 14:12:00,0,1.0,140.75,49.0,1,1
17960.0,171,3,135.08,60,3.6508108108108113,37,1,2010-03-08 12:22:00,2011-06-21 14:15:00,470,15.7,8.6,20.0,1,1
17963.0,471,4,643.16,341,5.900550458715596,98,1,2010-01-19 17:25:00,2010-08-25 15:58:00,217,7.2,89.33,85.25,1,1
17964.0,32,2,463.21,294,4.726632653061224,84,1,2010-12-02 13:32:00,2011-11-08 10:44:00,340,11.3,40.99,147.0,0,1
17967.0,372,2,223.42,111,3.662622950819672,59,1,2010-10-19 13:19:00,2010-12-03 11:19:00,44,1.5,148.95,55.5,1,1
17968.0,374,4,590.44,352,4.6128125,106,1,2010-07-15 15:01:00,2010-12-01 12:23:00,138,4.6,128.36,88.0,1,1
17969.0,166,20,2354.29,1014,11.54063725490196,113,1,2009-12-06 13:53:00,2011-06-26 13:00:00,566,18.9,124.57,50.7,1,1
17970.0,211,1,562.79,513,19.40655172413793,27,1,2011-05-12 20:03:00,2011-05-12 20:03:00,0,1.0,562.79,513.0,1,1
17971.0,548,1,161.94,62,7.711428571428572,21,1,2010-06-09 14:04:00,2010-06-09 14:04:00,0,1.0,161.94,62.0,1,1
17972.0,242,1,135.19,36,4.506333333333333,30,1,2011-04-12 12:16:00,2011-04-12 12:16:00,0,1.0,135.19,36.0,1,1
17973.0,52,1,337.04,176,22.46933333333333,15,1,2011-10-19 10:34:00,2011-10-19 10:34:00,0,1.0,337.04,176.0,0,1
17976.0,372,1,321.79,93,5.645438596491228,56,1,2010-12-02 13:49:00,2010-12-02 13:49:00,0,1.0,321.79,93.0,1,1
17979.0,36,4,732.41,383,5.30731884057971,116,1,2011-03-25 11:34:00,2011-11-04 12:05:00,224,7.5,97.65,95.75,0,1
17980.0,166,4,1012.72,771,16.601967213114754,41,1,2010-11-11 14:42:00,2011-06-27 12:01:00,227,7.6,133.25,192.75,1,1
17981.0,411,1,239.12,260,14.065882352941175,17,1,2010-10-25 10:40:00,2010-10-25 10:40:00,0,1.0,239.12,260.0,1,1
17982.0,681,1,138.18,117,10.62923076923077,13,1,2010-01-28 09:38:00,2010-01-28 09:38:00,0,1.0,138.18,117.0,1,1
17983.0,395,1,171.71,108,7.154583333333334,23,1,2010-11-09 13:23:00,2010-11-09 13:24:00,0,1.0,171.71,108.0,1,1
17984.0,145,5,1152.19,939,4.761115702479339,209,1,2009-12-01 11:51:00,2011-07-17 15:59:00,593,19.8,58.19,187.8,1,1
17985.0,22,1,631.35,171,30.06428571428572,20,1,2011-11-17 14:24:00,2011-11-17 14:24:00,0,1.0,631.35,171.0,0,1
17989.0,379,1,207.33,300,7.149310344827587,26,1,2010-11-25 13:49:00,2010-11-25 13:49:00,0,1.0,207.33,300.0,1,1
17990.0,237,6,1527.61,777,26.800175438596494,40,1,2009-12-07 15:19:00,2011-04-17 11:44:00,495,16.5,92.58,129.5,1,1
17991.0,225,3,300.3,93,7.902631578947369,37,1,2010-04-27 12:46:00,2011-04-28 15:58:00,366,12.2,24.61,31.0,1,1
17992.0,389,1,252.88,130,4.863076923076923,49,1,2010-11-15 13:04:00,2010-11-15 13:04:00,0,1.0,252.88,130.0,1,1
17993.0,617,1,225.99,108,3.7665,60,1,2010-04-01 14:23:00,2010-04-01 14:23:00,0,1.0,225.99,108.0,1,1
17995.0,282,3,495.48,263,17.08551724137931,28,1,2010-11-17 17:01:00,2011-03-03 12:30:00,105,3.5,141.57,87.67,1,1
17996.0,380,3,482.33,587,7.1989552238805965,63,1,2010-06-11 11:48:00,2010-11-25 11:00:00,166,5.5,87.7,195.67,1,1
17998.0,380,3,639.24,561,11.021379310344829,57,1,2009-12-01 13:07:00,2010-11-24 15:31:00,358,11.9,53.72,187.0,1,1
18000.0,564,1,124.25,109,20.70833333333333,6,1,2010-05-24 17:34:00,2010-05-24 17:34:00,0,1.0,124.25,109.0,1,1
18002.0,376,4,244.37,71,4.610754716981132,52,1,2009-12-08 11:07:00,2010-11-29 10:57:00,355,11.8,20.71,17.75,1,1
18003.0,376,1,353.51,297,15.37,23,1,2010-11-28 15:09:00,2010-11-28 15:09:00,0,1.0,353.51,297.0,1,1
18004.0,362,1,157.92,75,4.268108108108108,32,1,2010-12-12 13:47:00,2010-12-12 13:47:00,0,1.0,157.92,75.0,1,1
18005.0,4,2,226.47,86,4.273018867924528,52,1,2011-10-23 14:40:00,2011-12-06 11:51:00,43,1.4,161.76,43.0,0,1
18007.0,393,1,215.22,246,4.3044,46,1,2010-11-12 11:08:00,2010-11-12 11:08:00,0,1.0,215.22,246.0,1,1
18009.0,235,8,2144.23,651,11.978938547486033,145,1,2010-02-25 11:49:00,2011-04-18 13:36:00,417,13.9,154.26,81.38,1,1
18010.0,257,1,174.8,60,12.485714285714286,14,1,2011-03-28 12:27:00,2011-03-28 12:27:00,0,1.0,174.8,60.0,1,1
18011.0,373,2,410.79,125,6.520476190476191,63,1,2010-05-21 13:28:00,2010-12-01 17:35:00,194,6.5,63.2,62.5,1,1
18012.0,723,1,115.3,63,8.86923076923077,13,1,2009-12-16 13:16:00,2009-12-16 13:16:00,0,1.0,115.3,63.0,1,1
18013.0,155,2,187.29,285,6.041612903225806,31,1,2011-07-07 14:08:00,2011-07-07 14:11:00,0,1.0,187.29,142.5,1,1
18014.0,28,1,162.22,66,5.407333333333333,29,1,2011-11-11 15:28:00,2011-11-11 15:28:00,0,1.0,162.22,66.0,0,1
18018.0,108,4,297.99,186,6.7725,43,1,2010-10-15 11:05:00,2011-08-23 17:37:00,312,10.4,28.65,46.5,1,1
18019.0,52,1,38.45,7,7.69,5,1,2011-10-19 12:10:00,2011-10-19 12:10:00,0,1.0,38.45,7.0,0,1
18020.0,544,1,190.48,67,15.873333333333337,12,1,2010-06-14 12:31:00,2010-06-14 12:31:00,0,1.0,190.48,67.0,1,1
18021.0,510,2,216.41,168,6.7628125,32,1,2010-07-15 18:47:00,2010-07-18 10:52:00,2,0.1,2164.1,84.0,1,1
18024.0,153,2,389.78,184,18.56095238095238,21,1,2011-07-10 12:28:00,2011-07-10 12:40:00,0,1.0,389.78,92.0,1,1
18025.0,380,6,1177.72,1053,10.515357142857145,83,1,2010-03-30 17:33:00,2010-11-25 12:37:00,239,8.0,147.22,175.5,1,1
18026.0,501,2,2074.07,530,122.00411764705883,12,1,2010-07-22 16:21:00,2010-07-27 10:37:00,4,0.1,20740.7,265.0,1,1
18027.0,99,1,115.31,78,5.490952380952381,21,1,2011-09-02 10:38:00,2011-09-02 10:38:00,0,1.0,115.31,78.0,1,1
18028.0,583,1,192.05,133,48.0125,4,1,2010-05-05 13:28:00,2010-05-05 13:28:00,0,1.0,192.05,133.0,1,1
18029.0,642,1,433.77,253,24.098333333333333,18,1,2010-03-07 15:30:00,2010-03-07 15:30:00,0,1.0,433.77,253.0,1,1
18030.0,4,2,230.65,67,25.627777777777776,8,1,2011-10-28 13:55:00,2011-12-05 16:37:00,38,1.3,177.42,33.5,0,1
18031.0,379,1,451.3,298,7.163492063492064,49,1,2010-11-26 11:00:00,2010-11-26 11:00:00,0,1.0,451.3,298.0,1,1
18032.0,334,1,73.5,42,14.7,5,1,2011-01-09 15:32:00,2011-01-09 15:32:00,0,1.0,73.5,42.0,1,1
18037.0,154,15,167.42,37,5.073333333333333,31,1,2009-12-01 13:48:00,2011-07-08 13:39:00,583,19.4,8.63,2.47,1,1
18038.0,556,1,141.48,80,5.239999999999999,25,1,2010-06-01 15:59:00,2010-06-01 15:59:00,0,1.0,141.48,80.0,1,1
18039.0,374,4,548.22,555,3.469746835443038,137,1,2010-03-09 11:19:00,2010-11-30 13:07:00,266,8.9,61.6,138.75,1,1
18040.0,19,2,357.20000000000005,148,18.8,18,1,2011-04-08 08:27:00,2011-11-20 14:20:00,226,7.5,47.63,74.0,0,1
18045.0,45,1,178.34,138,4.147441860465117,43,1,2011-10-25 13:07:00,2011-10-25 13:07:00,0,1.0,178.34,138.0,0,1
18046.0,650,1,189.63,44,7.293461538461538,26,1,2010-02-28 11:36:00,2010-02-28 11:36:00,0,1.0,189.63,44.0,1,1
18047.0,381,2,326.09,130,3.9287951807228914,74,1,2010-11-23 12:57:00,2010-11-23 13:11:00,0,1.0,326.09,65.0,1,1
18048.0,203,3,394.93,256,6.693728813559322,56,1,2010-08-03 13:03:00,2011-05-20 14:58:00,290,9.7,40.71,85.33,1,1
18049.0,437,2,500.92,402,5.757701149425287,82,1,2010-04-28 13:24:00,2010-09-28 14:26:00,153,5.1,98.22,201.0,1,1
18050.0,359,2,412.06,250,17.915652173913042,22,1,2010-11-11 15:51:00,2010-12-15 14:25:00,33,1.1,374.6,125.0,1,1
18051.0,634,7,2282.28,1661,41.496,41,1,2009-12-09 12:17:00,2010-03-15 13:58:00,96,3.2,713.21,237.29,1,1
18052.0,565,1,10877.18,17766,679.82375,16,1,2010-05-24 11:11:00,2010-05-24 11:11:00,0,1.0,10877.18,17766.0,1,1
18054.0,393,1,176.5,96,16.045454545454547,11,1,2010-11-12 08:18:00,2010-11-12 08:18:00,0,1.0,176.5,96.0,1,1
18056.0,288,2,554.6,334,18.486666666666668,28,1,2010-03-31 12:29:00,2011-02-24 14:27:00,330,11.0,50.42,167.0,1,1
18057.0,393,3,1188.46,970,8.869104477611941,121,1,2010-01-18 12:42:00,2010-11-11 16:55:00,297,9.9,120.05,323.33,1,1
18059.0,23,3,306.46,258,17.025555555555556,17,1,2011-10-03 09:30:00,2011-11-16 16:49:00,44,1.5,204.31,86.0,0,1
18060.0,408,2,1185.46,902,15.806133333333332,74,1,2010-05-24 08:34:00,2010-10-27 16:41:00,156,5.2,227.97,451.0,1,1
18062.0,173,6,1632.67,831,30.23462962962963,46,1,2010-04-21 08:55:00,2011-06-19 14:47:00,424,14.1,115.79,138.5,1,1
18063.0,391,2,186.6,48,62.20000000000001,2,1,2010-03-16 13:05:00,2010-11-14 10:46:00,242,8.1,23.04,24.0,1,1
18064.0,133,11,4481.83,2685,70.02859375,53,1,2010-02-01 15:01:00,2011-07-29 16:39:00,543,18.1,247.61,244.09,1,1
18067.0,40,1,396.33,189,10.71162162162162,36,1,2011-10-30 15:58:00,2011-10-30 15:58:00,0,1.0,396.33,189.0,0,1
18068.0,289,1,101.7,6,101.7,1,1,2011-02-23 14:50:00,2011-02-23 14:50:00,0,1.0,101.7,6.0,1,1
18070.0,669,1,314.1,86,34.900000000000006,9,1,2010-02-08 13:28:00,2010-02-08 13:28:00,0,1.0,314.1,86.0,1,1
18071.0,258,6,1169.68,678,16.474366197183098,52,1,2009-12-05 10:31:00,2011-03-27 11:59:00,477,15.9,73.56,113.0,1,1
18072.0,186,1,247.44,288,13.746666666666666,18,1,2011-06-07 10:44:00,2011-06-07 10:44:00,0,1.0,247.44,288.0,1,1
18073.0,114,12,3859.82,3102,53.60861111111112,23,1,2011-05-26 19:38:00,2011-08-17 14:02:00,82,2.7,1429.56,258.5,1,1
18074.0,374,2,1019.44,361,23.707906976744187,37,1,2010-07-22 10:31:00,2010-12-01 09:53:00,131,4.4,231.69,180.5,1,1
18076.0,380,1,151.49,164,18.93625,8,1,2010-11-24 14:02:00,2010-11-24 14:02:00,0,1.0,151.49,164.0,1,1
18080.0,19,2,1231.5,642,615.75,2,1,2011-04-11 10:10:00,2011-11-21 08:02:00,223,7.4,166.42,321.0,0,1
18081.0,36,3,343.45,195,20.20294117647059,14,1,2011-07-29 11:56:00,2011-11-03 16:30:00,97,3.2,107.33,65.0,0,1
18082.0,26,1,680.84,608,9.726285714285714,62,1,2011-11-14 12:45:00,2011-11-14 12:45:00,0,1.0,680.84,608.0,0,1
18083.0,398,1,463.53,268,11.58825,36,1,2010-11-07 11:44:00,2010-11-07 11:44:00,0,1.0,463.53,268.0,1,1
18084.0,16,3,795.23,755,113.60428571428572,7,1,2010-11-16 08:09:00,2011-11-23 13:57:00,372,12.4,64.13,251.67,0,1
18085.0,330,4,1341.85,507,21.642741935483876,42,1,2010-03-21 11:57:00,2011-01-13 15:17:00,298,9.9,135.54,126.75,1,1
18086.0,274,1,101.34,106,14.477142857142857,7,1,2011-03-10 13:34:00,2011-03-10 13:34:00,0,1.0,101.34,106.0,1,1
18087.0,98,17,14761.52,7775,167.74454545454546,44,1,2009-12-01 09:43:00,2011-09-02 15:12:00,640,21.3,693.03,457.35,1,1
18088.0,61,1,166.03,107,4.487297297297298,35,1,2011-10-09 13:41:00,2011-10-09 13:41:00,0,1.0,166.03,107.0,0,1
18089.0,447,1,428.45,95,42.845,9,1,2010-09-19 11:57:00,2010-09-19 11:57:00,0,1.0,428.45,95.0,1,1
18090.0,422,1,321.9,307,5.96111111111111,47,1,2010-10-14 12:32:00,2010-10-14 12:32:00,0,1.0,321.9,307.0,1,1
18091.0,593,1,360.85,539,14.434,25,1,2010-04-25 13:18:00,2010-04-25 13:18:00,0,1.0,360.85,539.0,1,1
18093.0,93,8,4452.71,3429,72.99524590163935,43,1,2010-03-31 10:27:00,2011-09-07 15:43:00,525,17.5,254.44,428.62,1,1
18095.0,313,5,2303.09,1623,47.98104166666667,37,1,2010-04-19 14:09:00,2011-01-31 12:50:00,286,9.5,242.43,324.6,1,1
18098.0,396,1,527.94,215,6.138837209302326,85,1,2010-11-08 16:31:00,2010-11-08 16:31:00,0,1.0,527.94,215.0,1,1
18099.0,127,1,168.31,149,8.858421052631579,19,1,2011-08-04 15:52:00,2011-08-04 15:52:00,0,1.0,168.31,149.0,1,1
18100.0,550,1,451.56,440,15.052,30,1,2010-06-07 14:19:00,2010-06-07 14:19:00,0,1.0,451.56,440.0,1,1
18103.0,549,1,105.8,23,10.58,10,1,2010-06-08 13:36:00,2010-06-08 13:36:00,0,1.0,105.8,23.0,1,1
18104.0,37,1,754.64,362,19.85894736842105,38,1,2011-11-02 14:07:00,2011-11-02 14:07:00,0,1.0,754.64,362.0,0,1
18105.0,38,1,113.48000000000002,46,6.304444444444446,18,1,2011-11-02 12:04:00,2011-11-02 12:04:00,0,1.0,113.48,46.0,0,1
18106.0,330,6,1441.06,506,7.544816753926701,126,1,2010-01-15 11:36:00,2011-01-14 12:23:00,364,12.1,119.1,84.33,1,1
18107.0,442,1,165.88,65,4.365263157894737,38,1,2010-09-23 13:03:00,2010-09-23 13:03:00,0,1.0,165.88,65.0,1,1
18108.0,254,3,848.8100000000001,261,18.05978723404256,43,1,2009-12-02 12:47:00,2011-03-30 13:56:00,483,16.1,52.72,87.0,1,1
18111.0,589,1,405.85,232,15.031481481481482,27,1,2010-04-29 12:58:00,2010-04-29 12:58:00,0,1.0,405.85,232.0,1,1
18113.0,369,1,76.32000000000001,72,76.32000000000001,1,1,2010-12-06 12:31:00,2010-12-06 12:31:00,0,1.0,76.32,72.0,1,1
18114.0,290,1,220.1,55,7.860714285714286,28,1,2011-02-22 13:20:00,2011-02-22 13:20:00,0,1.0,220.1,55.0,1,1
18115.0,698,1,9.7,3,3.233333333333334,3,1,2010-01-11 11:57:00,2010-01-11 11:57:00,0,1.0,9.7,3.0,1,1
18119.0,368,1,180.7,124,6.23103448275862,29,1,2010-12-07 11:59:00,2010-12-07 11:59:00,0,1.0,180.7,124.0,1,1
18120.0,214,1,111.15,31,6.538235294117648,17,1,2011-05-09 13:45:00,2011-05-09 13:45:00,0,1.0,111.15,31.0,1,1
18121.0,149,2,653.3000000000001,438,21.0741935483871,28,1,2011-07-08 12:14:00,2011-07-13 12:53:00,5,0.2,3266.5,219.0,1,1
18124.0,472,1,102.65,47,5.1325,20,1,2010-08-24 17:21:00,2010-08-24 17:21:00,0,1.0,102.65,47.0,1,1
18125.0,30,4,1131.75,800,5.89453125,164,1,2011-01-27 15:02:00,2011-11-10 12:29:00,286,9.5,119.13,200.0,0,1
18126.0,61,1,200.92,135,3.8638461538461537,52,1,2011-10-10 12:19:00,2011-10-10 12:19:00,0,1.0,200.92,135.0,0,1
18128.0,537,1,399.29,216,9.506904761904762,42,1,2010-06-20 13:19:00,2010-06-20 13:19:00,0,1.0,399.29,216.0,1,1
18129.0,243,1,112.55,48,8.039285714285715,13,1,2011-04-10 14:16:00,2011-04-10 14:16:00,0,1.0,112.55,48.0,1,1
18131.0,632,1,222.96,552,55.74,4,1,2010-03-18 08:48:00,2010-03-18 08:48:00,0,1.0,222.96,552.0,1,1
18132.0,504,1,220.13,212,3.5504838709677418,60,1,2010-07-23 16:54:00,2010-07-23 16:54:00,0,1.0,220.13,212.0,1,1
18133.0,212,1,931.5,1350,931.5,1,1,2011-05-11 14:14:00,2011-05-11 14:14:00,0,1.0,931.5,1350.0,1,1
18134.0,598,2,445.0,128,15.892857142857142,27,1,2010-01-14 11:59:00,2010-04-20 14:02:00,96,3.2,139.06,64.0,1,1
18137.0,551,2,145.99,59,5.034137931034483,26,1,2010-06-06 13:45:00,2010-06-06 14:18:00,0,1.0,145.99,29.5,1,1
18138.0,295,1,152.65,38,19.08125,8,1,2011-02-17 14:51:00,2011-02-17 14:51:00,0,1.0,152.65,38.0,1,1
18140.0,474,1,536.41,395,9.933518518518518,49,1,2010-08-23 11:58:00,2010-08-23 11:58:00,0,1.0,536.41,395.0,1,1
18141.0,402,2,882.47,433,21.01119047619048,38,1,2010-04-29 15:32:00,2010-11-03 11:44:00,187,6.2,142.33,216.5,1,1
18142.0,157,2,1019.52,1276,67.968,9,1,2011-05-08 12:31:00,2011-07-05 13:19:00,58,1.9,536.59,638.0,1,1
18143.0,117,2,1000.16,570,16.396065573770493,59,1,2011-07-21 10:44:00,2011-08-15 12:07:00,25,0.8,1250.2,285.0,1,1
18146.0,141,2,160.35,153,16.035,10,1,2011-05-03 16:35:00,2011-07-22 12:08:00,79,2.6,61.67,76.5,1,1
18147.0,46,2,179.34,203,25.62,7,1,2011-08-23 12:22:00,2011-10-25 11:46:00,62,2.1,85.4,101.5,0,1
18148.0,647,1,112.85,63,11.285,9,1,2010-03-03 11:40:00,2010-03-03 11:40:00,0,1.0,112.85,63.0,1,1
18150.0,32,3,566.58,332,15.312972972972974,29,1,2011-05-22 10:47:00,2011-11-07 16:49:00,169,5.6,101.18,110.67,0,1
18152.0,646,1,426.69,75,42.669,10,1,2010-03-03 15:26:00,2010-03-03 15:26:00,0,1.0,426.69,75.0,1,1
18153.0,659,1,246.22,200,14.483529411764708,17,1,2010-02-18 15:50:00,2010-02-18 15:50:00,0,1.0,246.22,200.0,1,1
18155.0,75,3,371.62,266,14.8648,19,1,2011-02-21 10:36:00,2011-09-25 13:32:00,216,7.2,51.61,88.67,0,1
18157.0,571,1,213.9,145,8.556000000000001,25,1,2010-05-17 14:09:00,2010-05-17 14:09:00,0,1.0,213.9,145.0,1,1
18158.0,9,2,453.4,354,13.335294117647058,24,1,2011-09-12 09:03:00,2011-11-30 16:19:00,79,2.6,174.38,177.0,0,1
18159.0,301,1,530.15,139,23.05,23,1,2011-02-11 14:26:00,2011-02-11 14:26:00,0,1.0,530.15,139.0,1,1
18160.0,57,3,1003.88,519,15.444307692307692,56,1,2010-11-18 16:33:00,2011-10-13 15:50:00,328,10.9,92.1,173.0,0,1
18162.0,732,1,371.51,332,8.076304347826087,45,1,2009-12-07 13:24:00,2009-12-07 13:24:00,0,1.0,371.51,332.0,1,1
18163.0,584,1,728.84,452,22.08606060606061,33,1,2010-05-04 14:51:00,2010-05-04 14:51:00,0,1.0,728.84,452.0,1,1
18164.0,37,1,399.65,184,16.652083333333334,24,1,2011-11-02 12:56:00,2011-11-02 12:56:00,0,1.0,399.65,184.0,0,1
18165.0,177,1,302.46,254,30.246,10,1,2011-06-15 13:23:00,2011-06-15 13:23:00,0,1.0,302.46,254.0,1,1
18166.0,624,1,175.5,90,17.55,10,1,2010-03-26 12:26:00,2010-03-26 12:26:00,0,1.0,175.5,90.0,1,1
18167.0,23,3,1384.86,382,37.428648648648654,24,1,2011-08-26 11:40:00,2011-11-16 15:56:00,82,2.7,512.91,127.33,0,1
18169.0,61,1,202.65,61,22.516666666666666,9,1,2011-10-10 12:18:00,2011-10-10 12:18:00,0,1.0,202.65,61.0,0,1
18175.0,676,1,176.10000000000002,70,25.157142857142865,7,1,2010-02-02 10:25:00,2010-02-02 10:25:00,0,1.0,176.1,70.0,1,1
18176.0,358,1,476.35,283,15.878333333333334,30,1,2010-12-16 15:45:00,2010-12-16 15:45:00,0,1.0,476.35,283.0,1,1
18182.0,463,1,291.13,167,29.113,10,1,2010-09-02 14:25:00,2010-09-02 14:25:00,0,1.0,291.13,167.0,1,1
18183.0,227,2,632.07,371,17.082972972972975,36,1,2011-03-10 10:08:00,2011-04-26 15:26:00,47,1.6,395.04,185.5,1,1
18184.0,15,1,49.8,60,49.8,1,1,2011-11-24 15:28:00,2011-11-24 15:28:00,0,1.0,49.8,60.0,0,1
18185.0,249,1,304.25,183,17.897058823529413,17,1,2011-04-04 13:42:00,2011-04-04 13:42:00,0,1.0,304.25,183.0,1,1
18186.0,723,1,329.58000000000004,338,29.961818181818185,11,1,2009-12-17 10:22:00,2009-12-17 10:22:00,0,1.0,329.58,338.0,1,1
18187.0,632,1,724.89,310,15.101875,48,1,2010-03-18 09:49:00,2010-03-18 09:49:00,0,1.0,724.89,310.0,1,1
18191.0,262,2,529.4,332,35.29333333333333,15,1,2010-08-19 17:42:00,2011-03-23 12:08:00,215,7.2,73.53,166.0,1,1
18192.0,72,1,957.97,339,21.288222222222224,45,1,2011-09-29 09:53:00,2011-09-29 09:53:00,0,1.0,957.97,339.0,0,1
18193.0,165,3,1207.35,926,17.247857142857146,66,1,2010-09-23 13:33:00,2011-06-27 13:58:00,277,9.2,131.23,308.67,1,1
18195.0,387,1,101.16,60,20.232,5,1,2010-11-17 15:03:00,2010-11-17 15:03:00,0,1.0,101.16,60.0,1,1
18196.0,95,4,1457.19,1038,5.260613718411553,210,1,2010-03-17 14:55:00,2011-09-05 16:22:00,537,17.9,81.41,259.5,1,1
18197.0,576,1,230.1,166,25.566666666666663,9,1,2010-05-13 10:46:00,2010-05-13 10:46:00,0,1.0,230.1,166.0,1,1
18199.0,684,1,344.75,99,17.2375,20,1,2010-01-25 11:32:00,2010-01-25 11:32:00,0,1.0,344.75,99.0,1,1
18200.0,106,1,150.35,104,5.011666666666667,29,1,2011-08-25 18:45:00,2011-08-25 18:45:00,0,1.0,150.35,104.0,1,1
18201.0,723,1,447.53,191,16.575185185185187,27,1,2009-12-17 08:55:00,2009-12-17 08:55:00,0,1.0,447.53,191.0,1,1
18202.0,200,3,1396.99,581,20.543970588235293,55,1,2011-02-01 13:36:00,2011-05-24 12:12:00,111,3.7,377.56,193.67,1,1
18203.0,157,4,492.52,111,8.34779661016949,40,1,2009-12-08 13:19:00,2011-07-05 13:07:00,573,19.1,25.79,27.75,1,1
18205.0,36,2,517.36,192,16.1675,30,1,2011-09-26 12:02:00,2011-11-03 13:22:00,38,1.3,397.97,96.0,0,1
18206.0,553,1,314.66,246,16.561052631578946,19,1,2010-06-04 13:47:00,2010-06-04 13:47:00,0,1.0,314.66,246.0,1,1
18207.0,499,1,544.47,325,17.563548387096777,31,1,2010-07-28 14:26:00,2010-07-28 14:26:00,0,1.0,544.47,325.0,1,1
18208.0,566,1,360.08,82,21.181176470588237,17,1,2010-05-23 11:54:00,2010-05-23 11:54:00,0,1.0,360.08,82.0,1,1
18209.0,29,1,139.10000000000002,58,17.387500000000003,8,1,2011-11-11 12:07:00,2011-11-11 12:07:00,0,1.0,139.1,58.0,0,1
18211.0,26,5,600.07,359,14.287380952380952,37,1,2011-03-06 12:09:00,2011-11-14 08:10:00,252,8.4,71.44,71.8,0,1
18212.0,326,2,514.37,158,11.18195652173913,40,1,2010-01-31 14:42:00,2011-01-17 16:14:00,351,11.7,43.96,79.0,1,1
18213.0,237,1,232.48,232,15.498666666666669,15,1,2011-04-17 10:21:00,2011-04-17 10:21:00,0,1.0,232.48,232.0,1,1
18214.0,531,4,1780.34,989,30.69551724137931,38,1,2010-06-03 19:47:00,2010-06-27 11:21:00,23,0.8,2225.42,247.25,1,1
18216.0,31,1,481.75,200,18.528846153846157,26,1,2011-11-08 16:55:00,2011-11-08 16:55:00,0,1.0,481.75,200.0,0,1
18218.0,211,4,1121.84,1028,29.522105263157894,25,1,2010-02-17 15:11:00,2011-05-12 12:53:00,448,14.9,75.29,257.0,1,1
18220.0,227,6,1921.76,1352,76.8704,17,1,2009-12-15 11:42:00,2011-04-27 09:03:00,497,16.6,115.77,225.33,1,1
18222.0,93,1,443.0,335,23.31578947368421,19,1,2011-09-08 10:45:00,2011-09-08 10:45:00,0,1.0,443.0,335.0,1,1
18224.0,264,1,158.95000000000002,69,15.895,10,1,2011-03-21 10:30:00,2011-03-21 10:30:00,0,1.0,158.95,69.0,1,1
18227.0,218,2,388.75,22,64.79166666666667,6,1,2010-08-12 16:45:00,2011-05-06 12:23:00,266,8.9,43.68,11.0,1,1
18228.0,57,2,779.9,238,25.996666666666663,23,1,2011-09-21 10:48:00,2011-10-14 09:21:00,22,0.7,1114.14,119.0,0,1
18232.0,82,4,592.97,302,16.026216216216216,31,1,2011-05-26 16:30:00,2011-09-19 11:49:00,115,3.8,156.04,75.5,0,1
18233.0,326,1,440.0,4,440.0,1,1,2011-01-18 08:44:00,2011-01-18 08:44:00,0,1.0,440.0,4.0,1,1
18234.0,552,1,179.6,80,5.986666666666666,30,1,2010-06-06 11:22:00,2010-06-06 11:22:00,0,1.0,179.6,80.0,1,1
18237.0,3,5,987.1,622,16.181967213114753,40,1,2011-07-28 13:05:00,2011-12-07 12:49:00,131,4.4,224.34,124.4,0,1
18238.0,515,1,270.92,114,19.35142857142857,14,1,2010-07-12 12:51:00,2010-07-12 12:51:00,0,1.0,270.92,114.0,1,1
18239.0,219,6,1712.26,844,17.836041666666667,85,1,2010-10-13 10:11:00,2011-05-05 12:38:00,204,6.8,251.8,140.67,1,1
18240.0,46,1,422.58,126,70.42999999999999,6,1,2011-10-24 13:06:00,2011-10-24 13:06:00,0,1.0,422.58,126.0,0,1
18243.0,414,1,515.78,221,19.837692307692308,26,1,2010-10-21 14:29:00,2010-10-21 14:29:00,0,1.0,515.78,221.0,1,1
18244.0,431,2,568.64,856,29.928421052631577,19,1,2010-07-25 10:30:00,2010-10-05 11:15:00,72,2.4,236.93,428.0,1,1
18247.0,415,3,839.73,335,22.69540540540541,28,1,2010-03-18 15:52:00,2010-10-21 09:49:00,216,7.2,116.63,111.67,1,1
18248.0,123,2,804.02,511,17.1068085106383,39,1,2011-06-06 13:18:00,2011-08-09 10:19:00,63,2.1,382.87,255.5,1,1
18249.0,17,1,95.34,128,11.9175,8,1,2011-11-22 15:07:00,2011-11-22 15:07:00,0,1.0,95.34,128.0,0,1
18250.0,310,1,349.27,199,16.63190476190476,21,1,2011-02-02 13:16:00,2011-02-02 13:16:00,0,1.0,349.27,199.0,1,1
18253.0,643,1,317.88,128,45.41142857142857,7,1,2010-03-07 12:38:00,2010-03-07 12:38:00,0,1.0,317.88,128.0,1,1
18254.0,581,1,267.9,188,16.74375,16,1,2010-05-07 14:37:00,2010-05-07 14:37:00,0,1.0,267.9,188.0,1,1
18256.0,388,1,110.7,180,11.07,10,1,2010-11-17 08:53:00,2010-11-17 08:53:00,0,1.0,110.7,180.0,1,1
18258.0,464,6,2059.67,1981,41.1934,30,1,2010-05-16 11:35:00,2010-09-01 14:20:00,108,3.6,572.13,330.17,1,1
18261.0,43,2,324.24,146,15.44,19,1,2011-09-05 09:34:00,2011-10-27 15:36:00,52,1.7,190.73,73.0,0,1
18262.0,140,3,577.54,552,13.75095238095238,40,1,2010-04-16 09:05:00,2011-07-22 16:04:00,462,15.4,37.5,184.0,1,1
18263.0,26,3,1213.16,1468,19.887868852459015,59,1,2011-04-01 11:48:00,2011-11-14 09:00:00,226,7.5,161.75,489.33,0,1
18264.0,499,1,603.25,241,16.756944444444443,36,1,2010-07-29 10:02:00,2010-07-29 10:02:00,0,1.0,603.25,241.0,1,1
18265.0,72,2,801.51,311,17.424130434782608,44,1,2011-07-04 15:26:00,2011-09-28 14:10:00,85,2.8,286.25,155.5,0,1
18266.0,434,1,251.1,138,17.935714285714287,14,1,2010-10-01 15:33:00,2010-10-01 15:33:00,0,1.0,251.1,138.0,1,1
18267.0,673,1,269.37,135,15.84529411764706,17,1,2010-02-05 08:43:00,2010-02-05 08:43:00,0,1.0,269.37,135.0,1,1
18268.0,134,6,1490.23,711,22.24223880597015,36,1,2009-12-11 10:27:00,2011-07-28 19:13:00,594,19.8,75.26,118.5,1,1
18269.0,366,1,168.60000000000002,76,24.08571428571429,7,1,2010-12-08 13:53:00,2010-12-08 13:53:00,0,1.0,168.6,76.0,1,1
18271.0,610,2,680.85,319,32.42142857142857,19,1,2009-12-08 11:27:00,2010-04-09 09:26:00,121,4.0,170.21,159.5,1,1
18274.0,30,1,175.92,88,15.992727272727272,11,1,2011-11-09 17:03:00,2011-11-09 17:03:00,0,1.0,175.92,88.0,0,1
18275.0,578,2,741.85,417,39.04473684210527,19,1,2009-12-08 16:23:00,2010-05-10 15:46:00,152,5.1,145.46,208.5,1,1
18277.0,58,5,1180.05,449,18.43828125,53,1,2010-08-02 10:26:00,2011-10-12 15:22:00,436,14.5,81.38,89.8,0,1
18279.0,519,1,231.34,630,17.795384615384616,13,1,2010-07-08 14:48:00,2010-07-08 14:48:00,0,1.0,231.34,630.0,1,1
18280.0,278,2,488.15,194,16.27166666666667,28,1,2010-11-10 15:51:00,2011-03-07 09:52:00,116,3.9,125.17,97.0,1,1
18281.0,181,2,201.14,146,11.831764705882351,17,1,2010-05-11 10:49:00,2011-06-12 10:53:00,397,13.2,15.24,73.0,1,1
18282.0,8,2,178.05,103,14.8375,12,1,2011-08-05 13:35:00,2011-12-02 11:43:00,118,3.9,45.65,51.5,0,1
18284.0,432,1,461.68,494,16.48857142857143,28,1,2010-10-04 11:33:00,2010-10-04 11:33:00,0,1.0,461.68,494.0,1,1
18285.0,661,1,427.0,145,35.583333333333336,12,1,2010-02-17 10:24:00,2010-02-17 10:24:00,0,1.0,427.0,145.0,1,1
18286.0,477,2,1296.43,608,19.349701492537317,67,1,2009-12-16 10:45:00,2010-08-20 11:57:00,247,8.2,158.1,304.0,1,1
