StockCode,ProductDescription,InventoryStatus,Recommendation
84077,WORLD WAR 2 GLIDERS ASSTD DESIGNS,High Demand,Increase Stock
85123A,WHITE HANGING HEART T-LIGHT HOLDER,High Demand,Increase Stock
23843,"PAPER CRAFT , LITTLE BIRDIE",High Demand,Increase Stock
84879,ASSORTED COLOUR BIRD ORNAMENT,High Demand,Increase Stock
23166,MEDIUM CERAMIC TOP STORAGE JAR,High Demand,Increase Stock
85099B,JUMBO BAG RED RETROSPOT,High Demand,Increase Stock
17003,BROCADE RING PURSE ,High Demand,Increase Stock
21977,PACK OF 60 PINK PAISLEY CAKE CASES,High Demand,Increase Stock
84991,60 TEATIME FAIRY CAKE CASES,High Demand,Increase Stock
21212,PACK OF 72 RETRO SPOT CAKE CASES,High Demand,Increase Stock
21212,PACK OF 72 RETROSPOT CAKE CASES,High Demand,Increase Stock
22197,SMALL POPCORN HOLDER,High Demand,Increase Stock
22492,MINI PAINT SET VINTAGE ,High Demand,Increase Stock
15036,ASSORTED COLOURS SILK FAN,High Demand,Increase Stock
84755,COLOUR GLASS T-LIGHT HOLDER HANGING,High Demand,Increase Stock
21213,PACK OF 72 SKULL CAKE CASES,High Demand,Increase Stock
22178,VICTORIAN GLASS HANGING T-LIGHT,High Demand,Increase Stock
22616,PACK OF 12 LONDON TISSUES ,High Demand,Increase Stock
85099F,JUMBO BAG STRAWBERRY,High Demand,Increase Stock
21915,RED  HARMONICA IN BOX ,High Demand,Increase Stock
84992,72 SWEETHEART FAIRY CAKE CASES,High Demand,Increase Stock
21232,STRAWBERRY CERAMIC TRINKET BOX,High Demand,Increase Stock
84568,GIRLS ALPHABET IRON ON PATCHES ,High Demand,Increase Stock
21982,PACK OF 12 SUKI TISSUES ,High Demand,Increase Stock
22197,POPCORN HOLDER,High Demand,Increase Stock
21975,PACK OF 60 DINOSAUR CAKE CASES,High Demand,Increase Stock
16014,SMALL CHINESE STYLE SCISSOR,High Demand,Increase Stock
71459,HANGING JAM JAR T-LIGHT HOLDER,High Demand,Increase Stock
85099C,JUMBO  BAG BAROQUE BLACK WHITE,High Demand,Increase Stock
84347,ROTATING SILVER ANGELS T-LIGHT HLDR,High Demand,Increase Stock
22086,PAPER CHAIN KIT 50'S CHRISTMAS ,High Demand,Increase Stock
23084,RABBIT NIGHT LIGHT,High Demand,Increase Stock
21731,RED TOADSTOOL LED NIGHT LIGHT,High Demand,Increase Stock
22151,PLACE SETTING WHITE HEART,High Demand,Increase Stock
22469,HEART OF WICKER SMALL,High Demand,Increase Stock
21931,JUMBO STORAGE BAG SUKI,High Demand,Increase Stock
21981,PACK OF 12 WOODLAND TISSUES ,High Demand,Increase Stock
37410,BLACK AND WHITE PAISLEY FLOWER MUG,High Demand,Increase Stock
20727,LUNCH BAG  BLACK SKULL.,High Demand,Increase Stock
84970S,HANGING HEART ZINC T-LIGHT HOLDER,High Demand,Increase Stock
22952,60 CAKE CASES VINTAGE CHRISTMAS,High Demand,Increase Stock
21984,PACK OF 12 PINK PAISLEY TISSUES ,High Demand,Increase Stock
21790,VINTAGE SNAP CARDS,High Demand,Increase Stock
21985,PACK OF 12 HEARTS DESIGN TISSUES ,High Demand,Increase Stock
84212,"ASSORTED FLOWER COLOUR ""LEIS""",High Demand,Increase Stock
22411,JUMBO SHOPPER VINTAGE RED PAISLEY,High Demand,Increase Stock
22423,REGENCY CAKESTAND 3 TIER,High Demand,Increase Stock
21929,JUMBO BAG PINK VINTAGE PAISLEY,High Demand,Increase Stock
22386,JUMBO BAG PINK POLKADOT,High Demand,Increase Stock
47566,PARTY BUNTING,High Demand,Increase Stock
20728,LUNCH BAG CARS BLUE,High Demand,Increase Stock
21980,PACK OF 12 RED SPOTTY TISSUES ,High Demand,Increase Stock
84270,ASSTD DESIGN BUBBLE GUM RING,High Demand,Increase Stock
21181,PLEASE ONE PERSON METAL SIGN,High Demand,Increase Stock
84945,MULTI COLOUR SILVER T-LIGHT HOLDER,High Demand,Increase Stock
20726,LUNCH BAG WOODLAND,High Demand,Increase Stock
22417,PACK OF 60 SPACEBOY CAKE CASES,High Demand,Increase Stock
20668,DISCO BALL CHRISTMAS DECORATION,High Demand,Increase Stock
20971,PINK BLUE FELT CRAFT TRINKET BOX,High Demand,Increase Stock
20725,LUNCH BAG RED RETROSPOT,High Demand,Increase Stock
22629,SPACEBOY LUNCH BOX ,High Demand,Increase Stock
20972,PINK CREAM FELT CRAFT TRINKET BOX ,High Demand,Increase Stock
21175,GIN + TONIC DIET METAL SIGN,High Demand,Increase Stock
21166,COOK WITH WINE METAL SIGN ,High Demand,Increase Stock
20713,JUMBO BAG OWLS,High Demand,Increase Stock
84836,ZINC METAL HEART DECORATION,High Demand,Increase Stock
72741,GRAND CHOCOLATECANDLE,High Demand,Increase Stock
20719,WOODLAND CHARLOTTE BAG,High Demand,Increase Stock
84978,HANGING HEART JAR T-LIGHT HOLDER,High Demand,Increase Stock
22382,LUNCH BAG SPACEBOY DESIGN ,High Demand,Increase Stock
84946,ANTIQUE SILVER TEA GLASS ETCHED,High Demand,Increase Stock
21231,SWEETHEART CERAMIC TRINKET BOX,High Demand,Increase Stock
21137,BLACK RECORD COVER FRAME,High Demand,Increase Stock
84598,BOYS ALPHABET IRON ON PATCHES,High Demand,Increase Stock
21094,SET/6 RED SPOTTY PAPER PLATES,High Demand,Increase Stock
20725,LUNCH BAG RED SPOTTY,High Demand,Increase Stock
21497,FANCY FONTS BIRTHDAY WRAP,High Demand,Increase Stock
22630,DOLLY GIRL LUNCH BOX,High Demand,Increase Stock
84692,BOX OF 24 COCKTAIL PARASOLS,High Demand,Increase Stock
22693,GROW A FLYTRAP OR SUNFLOWER IN TIN,High Demand,Increase Stock
21733,RED HANGING HEART T-LIGHT HOLDER,High Demand,Increase Stock
22470,HEART OF WICKER LARGE,High Demand,Increase Stock
22489,PACK OF 12 TRADITIONAL CRAYONS,High Demand,Increase Stock
21326,AGED GLASS SILVER T-LIGHT HOLDER,High Demand,Increase Stock
21704,BAG 250g SWIRLY MARBLES,High Demand,Increase Stock
22585,PACK OF 6 BIRDY GIFT TAGS,High Demand,Increase Stock
16156S,WRAP PINK FAIRY CAKES ,High Demand,Increase Stock
21088,SET/6 FRUIT SALAD PAPER CUPS,High Demand,Increase Stock
22910,PAPER CHAIN KIT VINTAGE CHRISTMAS,High Demand,Increase Stock
84970L,SINGLE HEART ZINC T-LIGHT HOLDER,High Demand,Increase Stock
22385,JUMBO BAG SPACEBOY DESIGN,High Demand,Increase Stock
22294,HEART FILIGREE DOVE  SMALL,High Demand,Increase Stock
21791,VINTAGE HEADS AND TAILS CARD GAME ,High Demand,Increase Stock
22029,SPACEBOY BIRTHDAY CARD,High Demand,Increase Stock
85152,HAND OVER THE CHOCOLATE   SIGN ,High Demand,Increase Stock
22077,6 RIBBONS RUSTIC CHARM,High Demand,Increase Stock
22189,CREAM HEART CARD HOLDER,High Demand,Increase Stock
22961,JAM MAKING SET PRINTED,High Demand,Increase Stock
21086,SET/6 RED SPOTTY PAPER CUPS,High Demand,Increase Stock
21096,SET/6 FRUIT SALAD  PAPER PLATES,High Demand,Increase Stock
20712,JUMBO BAG WOODLAND ANIMALS,High Demand,Increase Stock
82482,WOODEN PICTURE FRAME WHITE FINISH,High Demand,Increase Stock
21967,PACK OF 12 SKULL TISSUES,High Demand,Increase Stock
22355,CHARLOTTE BAG SUKI DESIGN,High Demand,Increase Stock
22909,SET OF 20 VINTAGE CHRISTMAS NAPKINS,High Demand,Increase Stock
21928,JUMBO BAG SCANDINAVIAN PAISLEY,High Demand,Increase Stock
85175,CACTI T-LIGHT CANDLES,High Demand,Increase Stock
40016,CHINESE DRAGON PAPER LANTERNS,High Demand,Increase Stock
20724,RED RETROSPOT CHARLOTTE BAG,High Demand,Increase Stock
21080,SET/20 RED SPOTTY PAPER NAPKINS ,High Demand,Increase Stock
22659,LUNCH BOX I LOVE LONDON,High Demand,Increase Stock
84947,ANTIQUE SILVER TEA GLASS ENGRAVED,High Demand,Increase Stock
16033,MINI HIGHLIGHTER PENS,High Demand,Increase Stock
79321,CHILLI LIGHTS,High Demand,Increase Stock
22326,ROUND SNACK BOXES SET OF4 WOODLAND ,High Demand,Increase Stock
22551,PLASTERS IN TIN SPACEBOY,High Demand,Increase Stock
20723,STRAWBERRY CHARLOTTE BAG,High Demand,Increase Stock
22560,TRADITIONAL MODELLING CLAY,High Demand,Increase Stock
82494L,WOODEN FRAME ANTIQUE WHITE ,High Demand,Increase Stock
21080,SET/20 RED RETROSPOT PAPER NAPKINS ,High Demand,Increase Stock
21703,BAG 125g SWIRLY MARBLES,High Demand,Increase Stock
22379,RECYCLING BAG RETROSPOT ,High Demand,Increase Stock
21829,DINOSAUR KEYRINGS ASSORTED,High Demand,Increase Stock
22457,NATURAL SLATE HEART CHALKBOARD ,High Demand,Increase Stock
21918,SET 12 KIDS COLOUR  CHALK STICKS,High Demand,Increase Stock
21976,PACK OF 60 MUSHROOM CAKE CASES,High Demand,Increase Stock
21498,RED RETROSPOT WRAP ,High Demand,Increase Stock
22969,HOMEMADE JAM SCENTED CANDLES,High Demand,Increase Stock
22383,LUNCH BAG SUKI  DESIGN ,High Demand,Increase Stock
85099B,JUMBO BAG RED WHITE SPOTTY ,High Demand,Increase Stock
23199,JUMBO BAG APPLES,High Demand,Increase Stock
71477,COLOUR GLASS. STAR T-LIGHT HOLDER,High Demand,Increase Stock
21877,HOME SWEET HOME MUG,High Demand,Increase Stock
22386,JUMBO BAG PINK WITH WHITE SPOTS,High Demand,Increase Stock
21085,SET/6 WOODLAND PAPER CUPS,High Demand,Increase Stock
22865,HAND WARMER OWL DESIGN,High Demand,Increase Stock
21091,SET/6 WOODLAND PAPER PLATES,High Demand,Increase Stock
22045,SPACEBOY GIFT WRAP,High Demand,Increase Stock
75049L,LARGE CIRCULAR MIRROR MOBILE,High Demand,Increase Stock
22558,CLOTHES PEGS RETROSPOT PACK 24 ,High Demand,Increase Stock
21099,SET/6 STRAWBERRY PAPER CUPS,High Demand,Increase Stock
16161P,WRAP ENGLISH ROSE ,High Demand,Increase Stock
22556,PLASTERS IN TIN CIRCUS PARADE ,High Demand,Increase Stock
37340,MULTICOLOUR SPRING FLOWER MUG,High Demand,Increase Stock
22577,WOODEN HEART CHRISTMAS SCANDINAVIAN,High Demand,Increase Stock
84946,ANTIQUE SILVER T-LIGHT GLASS,High Demand,Increase Stock
22297,HEART IVORY TRELLIS SMALL,High Demand,Increase Stock
22554,PLASTERS IN TIN WOODLAND ANIMALS,High Demand,Increase Stock
21092,SET/6 STRAWBERRY PAPER PLATES,High Demand,Increase Stock
20974,12 PENCILS SMALL TUBE SKULL,High Demand,Increase Stock
21498,RED SPOTS  WRAP ,High Demand,Increase Stock
22147,FELTCRAFT BUTTERFLY HEARTS,High Demand,Increase Stock
82580,BATHROOM METAL SIGN,High Demand,Increase Stock
23201,JUMBO BAG ALPHABET,High Demand,Increase Stock
21108,FAIRY CAKE FLANNEL ASSORTED COLOUR,High Demand,Increase Stock
22328,ROUND SNACK BOXES SET OF 4 FRUITS ,High Demand,Increase Stock
22030,SWALLOWS GREETING CARD,High Demand,Increase Stock
21930,JUMBO STORAGE BAG SKULLS,High Demand,Increase Stock
85220,SMALL FAIRY CAKE FRIDGE MAGNETS,High Demand,Increase Stock
22578,WOODEN STAR CHRISTMAS SCANDINAVIAN,High Demand,Increase Stock
22149,FELTCRAFT 6 FLOWER FRIENDS,High Demand,Increase Stock
22610,PENS ASSORTED FUNNY FACE,High Demand,Increase Stock
22534,MAGIC DRAWING SLATE SPACEBOY ,High Demand,Increase Stock
22699,ROSES REGENCY TEACUP AND SAUCER ,High Demand,Increase Stock
22418,10 COLOUR SPACEBOY PEN,High Demand,Increase Stock
23310,BUBBLEGUM RING ASSORTED,High Demand,Increase Stock
21914,BLUE HARMONICA IN BOX ,High Demand,Increase Stock
21889,WOODEN BOX OF DOMINOES,High Demand,Increase Stock
82583,HOT BATHS METAL SIGN,High Demand,Increase Stock
22993,SET OF 4 PANTRY JELLY MOULDS,High Demand,Increase Stock
21891,TRADITIONAL WOODEN SKIPPING ROPE,High Demand,Increase Stock
22866,HAND WARMER SCOTTY DOG DESIGN,High Demand,Increase Stock
23307,SET OF 60 PANTRY DESIGN CAKE CASES ,High Demand,Increase Stock
22998,TRAVEL CARD WALLET KEEP CALM,High Demand,Increase Stock
84949,SILVER HANGING T-LIGHT HOLDER,High Demand,Increase Stock
23206,LUNCH BAG APPLE DESIGN,High Demand,Increase Stock
85110,BLACK SILVER FLOWER T-LIGHT HOLDER,High Demand,Increase Stock
22467,GUMBALL COAT RACK,High Demand,Increase Stock
22384,LUNCH BAG PINK POLKADOT,High Demand,Increase Stock
18007,ESSENTIAL BALM 3.5g TIN IN ENVELOPE,High Demand,Increase Stock
20711,JUMBO BAG TOYS ,High Demand,Increase Stock
79000,MOROCCAN TEA GLASS,High Demand,Increase Stock
22740,POLKADOT PEN,High Demand,Increase Stock
82600,NO SINGING METAL SIGN,High Demand,Increase Stock
22561,WOODEN SCHOOL COLOURING SET,High Demand,Increase Stock
21871,SAVE THE PLANET MUG,High Demand,Increase Stock
22555,PLASTERS IN TIN STRONGMAN,High Demand,Increase Stock
84378,SET OF 3 HEART COOKIE CUTTERS,High Demand,Increase Stock
22867,HAND WARMER BIRD DESIGN,High Demand,Increase Stock
15056N,EDWARDIAN PARASOL NATURAL,High Demand,Increase Stock
20993,JAZZ HEARTS MEMO PAD,High Demand,Increase Stock
22027,TEA PARTY BIRTHDAY CARD,High Demand,Increase Stock
23202,JUMBO BAG VINTAGE LEAF,High Demand,Increase Stock
35961,FOLKART ZINC HEART CHRISTMAS DEC,High Demand,Increase Stock
20724,RED SPOTTY CHARLOTTE BAG,High Demand,Increase Stock
17084R,ASSORTED INCENSE PACK,High Demand,Increase Stock
21390,FILIGRIS HEART WITH BUTTERFLY,High Demand,Increase Stock
23203,JUMBO BAG VINTAGE DOILY ,High Demand,Increase Stock
16047,POP ART PEN CASE & PENS,High Demand,Increase Stock
20914,SET/5 RED SPOTTY LID GLASS BOWLS,High Demand,Increase Stock
21314,SMALL GLASS HEART TRINKET POT,High Demand,Increase Stock
21506,"FANCY FONT BIRTHDAY CARD, ",High Demand,Increase Stock
21916,SET 12 RETRO WHITE CHALK STICKS,High Demand,Increase Stock
22741,FUNKY DIVA PEN,High Demand,Increase Stock
21672,WHITE SPOT RED CERAMIC DRAWER KNOB,High Demand,Increase Stock
21787,RAIN PONCHO RETROSPOT,High Demand,Increase Stock
22188,BLACK HEART CARD HOLDER,High Demand,Increase Stock
21136,PAINTED METAL PEARS ASSORTED,High Demand,Increase Stock
21385,IVORY HANGING DECORATION  HEART,High Demand,Increase Stock
16046,TEATIME PEN CASE & PENS,High Demand,Increase Stock
22112,CHOCOLATE HOT WATER BOTTLE,High Demand,Increase Stock
21669,BLUE STRIPE CERAMIC DRAWER KNOB,High Demand,Increase Stock
22557,PLASTERS IN TIN VINTAGE PAISLEY ,High Demand,Increase Stock
15034,PAPER POCKET TRAVELING FAN ,High Demand,Increase Stock
16237,SLEEPING CAT ERASERS,High Demand,Increase Stock
22662,LUNCH BAG DOLLY GIRL DESIGN,High Demand,Increase Stock
22951,60 CAKE CASES DOLLY GIRL DESIGN,High Demand,Increase Stock
82484,WOOD BLACK BOARD ANT WHITE FINISH,High Demand,Increase Stock
22959,WRAP CHRISTMAS VILLAGE,High Demand,Increase Stock
23077,DOUGHNUT LIP GLOSS ,High Demand,Increase Stock
22666,RECIPE BOX PANTRY YELLOW DESIGN,High Demand,Increase Stock
84380,SET OF 3 BUTTERFLY COOKIE CUTTERS,High Demand,Increase Stock
22383,LUNCH BAG SUKI DESIGN ,High Demand,Increase Stock
62018,SOMBRERO ,High Demand,Increase Stock
84050,PINK HEART SHAPE EGG FRYING PAN,High Demand,Increase Stock
20975,12 PENCILS SMALL TUBE RED RETROSPOT,High Demand,Increase Stock
22530,MAGIC DRAWING SLATE DOLLY GIRL ,High Demand,Increase Stock
22296,HEART IVORY TRELLIS LARGE,High Demand,Increase Stock
21908,CHOCOLATE THIS WAY METAL SIGN,High Demand,Increase Stock
21668,RED STRIPE CERAMIC DRAWER KNOB,High Demand,Increase Stock
M,Manual,High Demand,Increase Stock
22652,TRAVEL SEWING KIT,High Demand,Increase Stock
15056BL,EDWARDIAN PARASOL BLACK,High Demand,Increase Stock
16045,POPART WOODEN PENCILS ASST,High Demand,Increase Stock
84029E,RED WOOLLY HOTTIE WHITE HEART.,High Demand,Increase Stock
21174,POTTERING IN THE SHED METAL SIGN,High Demand,Increase Stock
22544,MINI JIGSAW SPACEBOY,High Demand,Increase Stock
21673,WHITE SPOT BLUE CERAMIC DRAWER KNOB,High Demand,Increase Stock
22111,SCOTTIE DOG HOT WATER BOTTLE,High Demand,Increase Stock
20973,12 PENCIL SMALL TUBE WOODLAND,High Demand,Increase Stock
21165,BEWARE OF THE CAT METAL SIGN ,High Demand,Increase Stock
21495,SKULLS AND CROSSBONES WRAP,High Demand,Increase Stock
22138,BAKING SET 9 PIECE RETROSPOT ,High Demand,Increase Stock
22988,SOLDIERS EGG CUP ,High Demand,Increase Stock
22444,GROW YOUR OWN PLANT IN A CAN ,High Demand,Increase Stock
23344,JUMBO BAG 50'S CHRISTMAS ,High Demand,Increase Stock
21671,RED SPOT CERAMIC DRAWER KNOB,High Demand,Increase Stock
22759,SET OF 3 NOTEBOOKS IN PARCEL,High Demand,Increase Stock
22734,SET OF 6 RIBBONS VINTAGE CHRISTMAS,High Demand,Increase Stock
22114,HOT WATER BOTTLE TEA AND SYMPATHY,High Demand,Increase Stock
85160A,WHITE BIRD GARDEN DESIGN MUG,High Demand,Increase Stock
21868,POTTING SHED TEA MUG,High Demand,Increase Stock
22384,LUNCH BAG PINK RETROSPOT,High Demand,Increase Stock
23203,JUMBO BAG DOILEY PATTERNS,High Demand,Increase Stock
22791,T-LIGHT GLASS FLUTED ANTIQUE,High Demand,Increase Stock
21499,BLUE POLKADOT WRAP,High Demand,Increase Stock
22704,WRAP RED APPLES ,High Demand,Increase Stock
21169,YOU'RE CONFUSING ME METAL SIGN ,High Demand,Increase Stock
21121,SET/10 RED POLKADOT PARTY CANDLES,High Demand,Increase Stock
22646,CERAMIC STRAWBERRY CAKE MONEY BANK,High Demand,Increase Stock
22727,ALARM CLOCK BAKELIKE RED ,High Demand,Increase Stock
22697,GREEN REGENCY TEACUP AND SAUCER,High Demand,Increase Stock
10002,INFLATABLE POLITICAL GLOBE ,High Demand,Increase Stock
22356,CHARLOTTE BAG PINK POLKADOT,High Demand,Increase Stock
21509,COWBOYS AND INDIANS BIRTHDAY CARD ,High Demand,Increase Stock
22960,JAM MAKING SET WITH JARS,High Demand,Increase Stock
22084,PAPER CHAIN KIT EMPIRE,High Demand,Increase Stock
21980,PACK OF 12 RED RETROSPOT TISSUES ,High Demand,Increase Stock
22536,MAGIC DRAWING SLATE PURDEY,High Demand,Increase Stock
22219,LOVEBIRD HANGING DECORATION WHITE ,High Demand,Increase Stock
22621,TRADITIONAL KNITTING NANCY,High Demand,Increase Stock
22633,HAND WARMER UNION JACK,High Demand,Increase Stock
22440,BALLOON WATER BOMB PACK OF 35,High Demand,Increase Stock
85184D,S/4 BLUE ROUND DECOUPAGE BOXES,High Demand,Increase Stock
22065,CHRISTMAS PUDDING TRINKET POT ,High Demand,Increase Stock
23293,SET OF 12 FAIRY CAKE BAKING CASES,High Demand,Increase Stock
22047,EMPIRE GIFT WRAP,High Demand,Increase Stock
22295,HEART FILIGREE DOVE LARGE,High Demand,Increase Stock
21986,PACK OF 12 PINK SPOT TISSUES ,High Demand,Increase Stock
22907,PACK OF 20 NAPKINS PANTRY DESIGN,High Demand,Increase Stock
82581,TOILET METAL SIGN,High Demand,Increase Stock
21500,PINK POLKADOT WRAP ,High Demand,Increase Stock
16162L,THE KING GIFT BAG,High Demand,Increase Stock
85150,LADIES & GENTLEMEN METAL SIGN,High Demand,Increase Stock
21989,PACK OF 20 SKULL PAPER NAPKINS,High Demand,Increase Stock
21670,BLUE SPOT CERAMIC DRAWER KNOB,High Demand,Increase Stock
22661,CHARLOTTE BAG DOLLY GIRL DESIGN,High Demand,Increase Stock
22335,HEART DECORATION PAINTED ZINC ,High Demand,Increase Stock
21900,"KEY FOB , SHED",High Demand,Increase Stock
20975,12 PENCILS SMALL TUBE RED SPOTTY,High Demand,Increase Stock
22158,3 HEARTS HANGING DECORATION RUSTIC,High Demand,Increase Stock
22966,GINGERBREAD MAN COOKIE CUTTER,High Demand,Increase Stock
23230,WRAP ALPHABET DESIGN,High Demand,Increase Stock
23076,ICE CREAM SUNDAE LIP GLOSS,High Demand,Increase Stock
21917,SET 12 KIDS  WHITE CHALK STICKS,High Demand,Increase Stock
35970,ZINC FOLKART SLEIGH BELLS,High Demand,Increase Stock
84987,SET OF 36 TEATIME PAPER DOILIES,High Demand,Increase Stock
21928,JUMBO BAG SCANDINAVIAN BLUE PAISLEY,High Demand,Increase Stock
22087,PAPER BUNTING WHITE LACE,High Demand,Increase Stock
22950,36 DOILIES VINTAGE CHRISTMAS,High Demand,Increase Stock
21500,PINK SPOTS  WRAP ,High Demand,Increase Stock
23301,GARDENERS KNEELING PAD KEEP CALM ,High Demand,Increase Stock
20914,SET/5 RED RETROSPOT LID GLASS BOWLS,High Demand,Increase Stock
23309,SET OF 60 I LOVE LONDON CAKE CASES ,High Demand,Increase Stock
21988,PACK OF 6 SKULL PAPER PLATES,High Demand,Increase Stock
23298,SPOTTY BUNTING,High Demand,Increase Stock
22090,PAPER BUNTING RETROSPOT,High Demand,Increase Stock
22090,PAPER BUNTING RETRO SPOTS,High Demand,Increase Stock
84988,SET OF 72 PINK HEART PAPER DOILIES,High Demand,Increase Stock
22632,HAND WARMER RED RETROSPOT,High Demand,Increase Stock
22620,4 TRADITIONAL SPINNING TOPS,High Demand,Increase Stock
23207,LUNCH BAG ALPHABET DESIGN,High Demand,Increase Stock
21481,FAWN BLUE HOT WATER BOTTLE,High Demand,Increase Stock
22531,MAGIC DRAWING SLATE CIRCUS PARADE  ,High Demand,Increase Stock
21210,SET OF 72 RETRO SPOT PAPER  DOILIES,High Demand,Increase Stock
21172,PARTY METAL SIGN ,High Demand,Increase Stock
22698,PINK REGENCY TEACUP AND SAUCER,High Demand,Increase Stock
22464,HANGING METAL HEART LANTERN,High Demand,Increase Stock
21830,ASSORTED CREEPY CRAWLIES,High Demand,Increase Stock
22945,CHRISTMAS METAL TAGS ASSORTED ,High Demand,Increase Stock
22553,PLASTERS IN TIN SKULLS,High Demand,Increase Stock
22083,PAPER CHAIN KIT RETRO SPOT,High Demand,Increase Stock
82582,AREA PATROLLED METAL SIGN,High Demand,Increase Stock
22491,PACK OF 12 COLOURED PENCILS,High Demand,Increase Stock
84375,SET OF 20 KIDS COOKIE CUTTERS,High Demand,Increase Stock
21892,TRADITIONAL WOODEN CATCH CUP GAME ,High Demand,Increase Stock
21210,SET OF 72 RETROSPOT PAPER  DOILIES,High Demand,Increase Stock
21754,HOME BUILDING BLOCK WORD,High Demand,Increase Stock
22273,FELTCRAFT DOLL MOLLY,High Demand,Increase Stock
22710,WRAP I LOVE LONDON ,High Demand,Increase Stock
21082,SET/20 FRUIT SALAD PAPER NAPKINS ,High Demand,Increase Stock
20991,JAZZ HEARTS MAGNETIC MEMO PAD,High Demand,Increase Stock
23204,CHARLOTTE BAG APPLES DESIGN,High Demand,Increase Stock
21519,GIN & TONIC DIET GREETING CARD ,High Demand,Increase Stock
22720,SET OF 3 CAKE TINS PANTRY DESIGN ,High Demand,Increase Stock
22712,CARD DOLLY GIRL ,High Demand,Increase Stock
22150,3 STRIPEY MICE FELTCRAFT,High Demand,Increase Stock
37370,RETRO COFFEE MUGS ASSORTED,High Demand,Increase Stock
22130,PARTY CONE CHRISTMAS DECORATION ,High Demand,Increase Stock
21507,"ELEPHANT, BIRTHDAY CARD, ",High Demand,Increase Stock
22082,RIBBON REEL STRIPES DESIGN ,High Demand,Increase Stock
22348,TEA BAG PLATE RED SPOTTY ,High Demand,Increase Stock
22041,"RECORD FRAME 7"" SINGLE SIZE ",High Demand,Increase Stock
47503E,ASS FLORAL PRINT SCISSORS,High Demand,Increase Stock
22413,METAL SIGN TAKE IT OR LEAVE IT ,High Demand,Increase Stock
22154,ANGEL DECORATION 3 BUTTONS ,High Demand,Increase Stock
22609,PENS ASSORTED SPACEBALL,High Demand,Increase Stock
22037,ROBOT BIRTHDAY CARD,High Demand,Increase Stock
82552,WASHROOM METAL SIGN,High Demand,Increase Stock
23200,JUMBO BAG PEARS,High Demand,Increase Stock
22726,ALARM CLOCK BAKELIKE GREEN,High Demand,Increase Stock
84406B,CREAM CUPID HEARTS COAT HANGER,High Demand,Increase Stock
21875,KINGS CHOICE MUG,High Demand,Increase Stock
16161U,WRAP SUKI AND FRIENDS,High Demand,Increase Stock
20718,RED SPOTTY SHOPPER BAG,High Demand,Increase Stock
21974,SET OF 36 PAISLEY FLOWER DOILIES,High Demand,Increase Stock
23078,ICE CREAM PEN LIP GLOSS ,High Demand,Increase Stock
84520B,PACK 20 ENGLISH ROSE PAPER NAPKINS,High Demand,Increase Stock
22579,WOODEN TREE CHRISTMAS SCANDINAVIAN,High Demand,Increase Stock
23170,REGENCY TEA PLATE ROSES ,High Demand,Increase Stock
22771,CLEAR DRAWER KNOB ACRYLIC EDWARDIAN,High Demand,Increase Stock
21078,SET/20 STRAWBERRY PAPER NAPKINS ,High Demand,Increase Stock
21621,VINTAGE UNION JACK BUNTING,High Demand,Increase Stock
21121,SET/10 RED SPOTTY PARTY CANDLES,High Demand,Increase Stock
23209,LUNCH BAG DOILEY PATTERN ,High Demand,Increase Stock
21508,VINTAGE KID DOLLY CARD ,High Demand,Increase Stock
21122,SET/10 PINK POLKADOT PARTY CANDLES,High Demand,Increase Stock
22488,NATURAL SLATE RECTANGLE CHALKBOARD,High Demand,Increase Stock
23209,LUNCH BAG VINTAGE DOILY ,High Demand,Increase Stock
21156,RETROSPOT CHILDRENS APRON,High Demand,Increase Stock
21098,CHRISTMAS TOILET ROLL,High Demand,Increase Stock
21559,STRAWBERRY LUNCH BOX WITH CUTLERY,High Demand,Increase Stock
22834,HAND WARMER BABUSHKA DESIGN,High Demand,Increase Stock
21499,BLUE SPOTS  WRAP,High Demand,Increase Stock
22046,TEA PARTY  WRAPPING PAPER ,High Demand,Increase Stock
22437,SET OF 9 BLACK SKULL BALLOONS,High Demand,Increase Stock
21987,PACK OF 6 SKULL PAPER CUPS,High Demand,Increase Stock
21936,RED RETROSPOT PICNIC BAG,High Demand,Increase Stock
23300,GARDENERS KNEELING PAD CUP OF TEA ,High Demand,Increase Stock
21810,CHRISTMAS HANGING STAR WITH BELL,High Demand,Increase Stock
72232,FENG SHUI PILLAR CANDLE,High Demand,Increase Stock
22549,PICTURE DOMINOES,High Demand,Increase Stock
22064,PINK DOUGHNUT TRINKET POT ,High Demand,Increase Stock
84971S,SMALL HEART FLOWERS HOOK ,High Demand,Increase Stock
16044,POP-ART FLUORESCENT PENS,High Demand,Increase Stock
23208,LUNCH BAG VINTAGE LEAF DESIGN,High Demand,Increase Stock
84832,ZINC WILLIE WINKIE  CANDLE STICK,High Demand,Increase Stock
17096,ASSORTED LAQUERED INCENSE HOLDERS,High Demand,Increase Stock
85160B,BLACK BIRD GARDEN DESIGN MUG,High Demand,Increase Stock
48138,DOORMAT UNION FLAG,High Demand,Increase Stock
22152,PLACE SETTING WHITE STAR,High Demand,Increase Stock
21623,VINTAGE UNION JACK MEMOBOARD,High Demand,Increase Stock
22595,CHRISTMAS GINGHAM HEART,High Demand,Increase Stock
20996,JAZZ HEARTS ADDRESS BOOK,High Demand,Increase Stock
21874,GIN AND TONIC MUG,High Demand,Increase Stock
37423,WHITE WITH BLACK CATS PLATE,High Demand,Increase Stock
22028,PENNY FARTHING BIRTHDAY CARD,High Demand,Increase Stock
22596,CHRISTMAS STAR WISH LIST CHALKBOARD,High Demand,Increase Stock
22540,MINI JIGSAW CIRCUS PARADE ,High Demand,Increase Stock
51014A,"FEATHER PEN,HOT PINK",High Demand,Increase Stock
20992,JAZZ HEARTS PURSE NOTEBOOK,High Demand,Increase Stock
20679,EDWARDIAN PARASOL RED,High Demand,Increase Stock
21901,"KEY FOB , BACK DOOR ",High Demand,Increase Stock
21983,PACK OF 12 BLUE PAISLEY TISSUES ,High Demand,Increase Stock
23171,REGENCY TEA PLATE GREEN ,High Demand,Increase Stock
23295,SET OF 12 MINI LOAF BAKING CASES,High Demand,Increase Stock
23308,SET OF 60 VINTAGE LEAF CAKE CASES ,High Demand,Increase Stock
22595,GINGHAM HEART DECORATION,High Demand,Increase Stock
22816,CARD MOTORBIKE SANTA,High Demand,Increase Stock
85049E,SCANDINAVIAN REDS RIBBONS,High Demand,Increase Stock
21833,CAMOUFLAGE LED TORCH,High Demand,Increase Stock
21429,RED GINGHAM ROSE JEWELLERY BOX,High Demand,Increase Stock
21870,I CAN ONLY PLEASE ONE PERSON MUG,High Demand,Increase Stock
47599A,PINK PARTY BAGS,High Demand,Increase Stock
22631,CIRCUS PARADE LUNCH BOX ,High Demand,Increase Stock
85061W,WHITE JEWELLED HEART DECORATION,High Demand,Increase Stock
22563,HAPPY STENCIL CRAFT,High Demand,Increase Stock
23245,SET OF 3 REGENCY CAKE TINS,High Demand,Increase Stock
21164,HOME SWEET HOME METAL SIGN ,High Demand,Increase Stock
47591D,PINK FAIRY CAKE CHILDRENS APRON,High Demand,Increase Stock
22728,ALARM CLOCK BAKELIKE PINK,High Demand,Increase Stock
21313,GLASS HEART T-LIGHT HOLDER ,High Demand,Increase Stock
20984,12 PENCILS TALL TUBE POSY,High Demand,Increase Stock
85049A,TRADITIONAL CHRISTMAS RIBBONS,High Demand,Increase Stock
48194,DOORMAT HEARTS,High Demand,Increase Stock
21899,"KEY FOB , GARAGE DESIGN",High Demand,Increase Stock
22196,SMALL HEART MEASURING SPOONS,High Demand,Increase Stock
21135,VICTORIAN  METAL POSTCARD SPRING,High Demand,Increase Stock
21544,SKULLS  WATER TRANSFER TATTOOS ,High Demand,Increase Stock
22139,RETROSPOT TEA SET CERAMIC 11 PC ,High Demand,Increase Stock
20759,CHRYSANTHEMUM POCKET BOOK ,High Demand,Increase Stock
21700,BIG DOUGHNUT FRIDGE MAGNETS,High Demand,Increase Stock
84029G,KNITTED UNION FLAG HOT WATER BOTTLE,High Demand,Increase Stock
22156,HEART DECORATION WITH PEARLS ,High Demand,Increase Stock
22198,LARGE POPCORN HOLDER ,High Demand,Increase Stock
72351B,SET/6 PINK  BUTTERFLY T-LIGHTS,High Demand,Increase Stock
20756,GREEN FERN POCKET BOOK,High Demand,Increase Stock
23167,SMALL CERAMIC TOP STORAGE JAR ,High Demand,Increase Stock
47590B,PINK HAPPY BIRTHDAY BUNTING,High Demand,Increase Stock
22419,LIPSTICK PEN RED,High Demand,Increase Stock
21122,SET/10 PINK SPOTTY PARTY CANDLES,High Demand,Increase Stock
22713,CARD I LOVE LONDON ,High Demand,Increase Stock
22113,GREY HEART HOT WATER BOTTLE,High Demand,Increase Stock
47566B,TEA TIME PARTY BUNTING,High Demand,Increase Stock
84950,ASSORTED COLOUR T-LIGHT HOLDER,High Demand,Increase Stock
20718,RED RETROSPOT SHOPPER BAG,High Demand,Increase Stock
21114,LAVENDER SCENTED FABRIC HEART,High Demand,Increase Stock
22818,CARD CHRISTMAS VILLAGE,High Demand,Increase Stock
22537,MAGIC DRAWING SLATE DINOSAUR,High Demand,Increase Stock
22333,RETROSPOT PARTY BAG + STICKER SET,High Demand,Increase Stock
22083,PAPER CHAIN KIT RETROSPOT,High Demand,Increase Stock
22539,MINI JIGSAW DOLLY GIRL,High Demand,Increase Stock
22338,STAR DECORATION PAINTED ZINC ,High Demand,Increase Stock
22155,STAR DECORATION RUSTIC,High Demand,Increase Stock
20760,GARDEN PATH POCKET BOOK,High Demand,Increase Stock
84596B,SMALL DOLLY MIX DESIGN ORANGE BOWL,High Demand,Increase Stock
16259,PIECE OF CAMO STATIONERY SET,High Demand,Increase Stock
22367,CHILDRENS APRON SPACEBOY DESIGN,High Demand,Increase Stock
22908,PACK OF 20 NAPKINS RED APPLES,High Demand,Increase Stock
22614,PACK OF 12 SPACEBOY TISSUES,High Demand,Increase Stock
22570,FELTCRAFT CUSHION RABBIT,High Demand,Increase Stock
22608,PENS ASSORTED FUNKY JEWELED ,High Demand,Increase Stock
37351,ORANGE FLOWER MUG ,High Demand,Increase Stock
82578,KITCHEN METAL SIGN,High Demand,Increase Stock
22153,ANGEL DECORATION STARS ON DRESS,High Demand,Increase Stock
22161,HEART DECORATION RUSTIC HANGING ,High Demand,Increase Stock
22567,20 DOLLY PEGS RETROSPOT,High Demand,Increase Stock
21878,PACK OF 6 SANDCASTLE FLAGS ASSORTED,High Demand,Increase Stock
20758,ABSTRACT CIRCLES POCKET BOOK,High Demand,Increase Stock
22663,JUMBO BAG DOLLY GIRL DESIGN,High Demand,Increase Stock
21755,LOVE BUILDING BLOCK WORD,High Demand,Increase Stock
22722,SET OF 6 SPICE TINS PANTRY DESIGN,High Demand,Increase Stock
22528,GARDENERS KNEELING PAD,High Demand,Increase Stock
22569,FELTCRAFT CUSHION BUTTERFLY,High Demand,Increase Stock
82551,LAUNDRY 15C METAL SIGN,High Demand,Increase Stock
23284,DOORMAT KEEP CALM AND COME IN,High Demand,Increase Stock
85199S,SMALL HANGING IVORY/RED WOOD BIRD,High Demand,Increase Stock
20717,STRAWBERRY SHOPPER BAG,High Demand,Increase Stock
85099B,RED RETROSPOT JUMBO BAG ,High Demand,Increase Stock
22352,LUNCH BOX WITH CUTLERY RETROSPOT ,High Demand,Increase Stock
23355,HOT WATER BOTTLE KEEP CALM,High Demand,Increase Stock
22568,FELTCRAFT CUSHION OWL,High Demand,Increase Stock
22303,COFFEE MUG APPLES DESIGN,High Demand,Increase Stock
21876,POTTERING MUG,High Demand,Increase Stock
22711,WRAP CIRCUS PARADE,High Demand,Increase Stock
20757,RED DAISY POCKET BOOK ,High Demand,Increase Stock
22708,WRAP DOLLY GIRL,High Demand,Increase Stock
85178,VICTORIAN SEWING KIT,High Demand,Increase Stock
22571,ROCKING HORSE RED CHRISTMAS ,High Demand,Increase Stock
23232,WRAP VINTAGE LEAF DESIGN,High Demand,Increase Stock
POST,POSTAGE,High Demand,Increase Stock
21902,"KEY FOB , FRONT  DOOR ",High Demand,Increase Stock
22507,MEMO BOARD RETROSPOT  DESIGN,High Demand,Increase Stock
23233,WRAP POPPIES  DESIGN,High Demand,Increase Stock
22024,RAINY LADIES BIRTHDAY CARD,High Demand,Increase Stock
37424,WHITE WITH BLACK CATS MUG,High Demand,Increase Stock
48187,DOORMAT NEW ENGLAND,High Demand,Increase Stock
47556B,TEA TIME TEA TOWELS ,High Demand,Increase Stock
22983,CARD BILLBOARD FONT,High Demand,Increase Stock
22714,CARD BIRTHDAY COWBOY,High Demand,Increase Stock
84670,JAPANESE CROCHETED ANIMAL,High Demand,Increase Stock
16235,RECYCLED PENCIL WITH RABBIT ERASER,High Demand,Increase Stock
20755,BLUE PAISLEY POCKET BOOK,High Demand,Increase Stock
21124,SET/10 BLUE POLKADOT PARTY CANDLES,High Demand,Increase Stock
22593,CHRISTMAS GINGHAM STAR,High Demand,Increase Stock
22348,TEA BAG PLATE RED RETROSPOT,High Demand,Increase Stock
21872,GLAMOROUS  MUG,High Demand,Increase Stock
21935,SUKI  SHOULDER BAG,High Demand,Increase Stock
20676,RED RETROSPOT BOWL,High Demand,Increase Stock
22716,CARD CIRCUS PARADE,High Demand,Increase Stock
21186,WHITE DOVE HONEYCOMB PAPER GARLAND,High Demand,Increase Stock
22851,SET 20 NAPKINS FAIRY CAKES DESIGN ,High Demand,Increase Stock
21907,I'M ON HOLIDAY METAL SIGN,High Demand,Increase Stock
47559B,TEA TIME OVEN GLOVE,High Demand,Increase Stock
22131,FOOD CONTAINER SET 3 LOVE HEART ,High Demand,Increase Stock
21986,PACK OF 12 PINK POLKADOT TISSUES,High Demand,Increase Stock
21535,RED RETROSPOT SMALL MILK JUG,High Demand,Increase Stock
22601,CHRISTMAS RETROSPOT ANGEL WOOD,High Demand,Increase Stock
22992,REVOLVER WOODEN RULER ,High Demand,Increase Stock
23343,JUMBO BAG VINTAGE CHRISTMAS ,High Demand,Increase Stock
23286,BLUE VINTAGE SPOT BEAKER,High Demand,Increase Stock
21069,VINTAGE BILLBOARD TEA MUG,High Demand,Increase Stock
21746,SMALL RED RETROSPOT WINDMILL,High Demand,Increase Stock
21485,RETROSPOT HEART HOT WATER BOTTLE,High Demand,Increase Stock
23144,ZINC T-LIGHT HOLDER STARS SMALL,High Demand,Increase Stock
15044A,PINK PAPER PARASOL ,High Demand,Increase Stock
21381,MINI WOODEN HAPPY BIRTHDAY GARLAND,High Demand,Increase Stock
21124,SET/10 BLUE SPOTTY PARTY CANDLES,High Demand,Increase Stock
23296,SET OF 6 TEA TIME BAKING CASES,High Demand,Increase Stock
21380,WOODEN HAPPY BIRTHDAY GARLAND,High Demand,Increase Stock
21504,SKULLS GREETING CARD,High Demand,Increase Stock
21523,DOORMAT FANCY FONT HOME SWEET HOME,High Demand,Increase Stock
22023,EMPIRE BIRTHDAY CARD,High Demand,Increase Stock
22302,COFFEE MUG PEARS  DESIGN,High Demand,Increase Stock
20685,DOORMAT RED RETROSPOT,High Demand,Increase Stock
22584,PACK OF 6 PANNETONE GIFT BOXES,High Demand,Increase Stock
82483,WOOD 2 DRAWER CABINET WHITE FINISH,High Demand,Increase Stock
48185,DOORMAT FAIRY CAKE,High Demand,Increase Stock
22329,ROUND CONTAINER SET OF 5 RETROSPOT,High Demand,Increase Stock
23205,CHARLOTTE BAG VINTAGE ALPHABET ,High Demand,Increase Stock
22271,FELTCRAFT DOLL ROSIE,High Demand,Increase Stock
22079,RIBBON REEL HEARTS DESIGN ,High Demand,Increase Stock
22301,COFFEE MUG CAT + BIRD DESIGN,High Demand,Increase Stock
22435,SET OF 9 HEART SHAPED BALLOONS,High Demand,Increase Stock
21218,RED SPOTTY BISCUIT TIN,High Demand,Increase Stock
20829,GLITTER HANGING BUTTERFLY STRING,High Demand,Increase Stock
21679,SKULLS  STICKERS,High Demand,Increase Stock
22574,HEART WOODEN CHRISTMAS DECORATION,High Demand,Increase Stock
47590A,BLUE HAPPY BIRTHDAY BUNTING,High Demand,Increase Stock
23285,PINK VINTAGE SPOT BEAKER,High Demand,Increase Stock
23231,WRAP DOILEY DESIGN,High Demand,Increase Stock
23243,SET OF TEA COFFEE SUGAR TINS PANTRY,High Demand,Increase Stock
22380,TOY TIDY SPACEBOY  ,High Demand,Increase Stock
37352,BIRD IN TREE MUG ,High Demand,Increase Stock
22835,HOT WATER BOTTLE I AM SO POORLY,High Demand,Increase Stock
20729,RED SPOTTY CANDY BAG,High Demand,Increase Stock
22855,FINE WICKER HEART ,High Demand,Increase Stock
20982,12 PENCILS TALL TUBE SKULLS,High Demand,Increase Stock
22600,CHRISTMAS RETROSPOT STAR WOOD,High Demand,Increase Stock
22644,CERAMIC CHERRY CAKE MONEY BANK,High Demand,Increase Stock
16169E,WRAP 50'S  CHRISTMAS,High Demand,Increase Stock
22645,CERAMIC HEART FAIRY CAKE MONEY BANK,High Demand,Increase Stock
17109B,FLOWER FAIRY INCENSE LAVENDER,High Demand,Increase Stock
22996,TRAVEL CARD WALLET VINTAGE TICKET,High Demand,Increase Stock
21479,WHITE SKULL HOT WATER BOTTLE ,High Demand,Increase Stock
22173,METAL 4 HOOK HANGER FRENCH CHATEAU,High Demand,Increase Stock
22564,ALPHABET STENCIL CRAFT,High Demand,Increase Stock
16218,CARTOON  PENCIL SHARPENERS,High Demand,Increase Stock
22195,LARGE HEART MEASURING SPOONS,High Demand,Increase Stock
22053,EMPIRE DESIGN ROSETTE,High Demand,Increase Stock
21067,VINTAGE RED TEATIME MUG,High Demand,Increase Stock
20979,36 PENCILS TUBE RED RETROSPOT,High Demand,Increase Stock
23288,GREEN VINTAGE SPOT BEAKER,High Demand,Increase Stock
22573,STAR WOODEN CHRISTMAS DECORATION,High Demand,Increase Stock
22055,MINI CAKE STAND  HANGING STRAWBERY,High Demand,Increase Stock
84536A,ENGLISH ROSE NOTEBOOK A7 SIZE,High Demand,Increase Stock
21238,RED SPOTTY CUP,High Demand,Increase Stock
22243,5 HOOK HANGER RED MAGIC TOADSTOOL,High Demand,Increase Stock
21787,RAIN PONCHO WITH RED SPOTS,High Demand,Increase Stock
22336,DOVE DECORATION PAINTED ZINC ,High Demand,Increase Stock
23582,VINTAGE DOILY JUMBO BAG RED ,High Demand,Increase Stock
20981,12 PENCILS TALL TUBE WOODLAND,High Demand,Increase Stock
22694,WICKER STAR ,High Demand,Increase Stock
22533,MAGIC DRAWING SLATE BAKE A CAKE ,High Demand,Increase Stock
37448,CERAMIC CAKE DESIGN SPOTTED MUG,High Demand,Increase Stock
20676,RED SPOTTY BOWL,High Demand,Increase Stock
22381,TOY TIDY PINK POLKADOT,High Demand,Increase Stock
47504E,ENGLISH ROSE SCISSORS,High Demand,Increase Stock
22245,"HOOK, 1 HANGER ,MAGIC GARDEN",High Demand,Increase Stock
23581,JUMBO BAG PAISLEY PARK,High Demand,Increase Stock
22594,CHRISTMAS GINGHAM TREE,High Demand,Increase Stock
23005,TRAVEL CARD WALLET I LOVE LONDON,High Demand,Increase Stock
21154,RED RETROSPOT OVEN GLOVE ,High Demand,Increase Stock
22465,HANGING METAL STAR LANTERN,High Demand,Increase Stock
71053,WHITE METAL LANTERN,High Demand,Increase Stock
22139,RETRO SPOT TEA SET CERAMIC 11 PC ,High Demand,Increase Stock
16053,POPART COL BALLPOINT PEN ASST,High Demand,Increase Stock
21843,RED RETROSPOT CAKE STAND,High Demand,Increase Stock
22952,72 CAKE CASES VINTAGE CHRISTMAS,High Demand,Increase Stock
22144,CHRISTMAS CRAFT LITTLE FRIENDS,High Demand,Increase Stock
21786,RAIN HAT WITH RED SPOTS,High Demand,Increase Stock
22812,PACK 3 BOXES CHRISTMAS PANNETONE,High Demand,Increase Stock
22670,FRENCH WC SIGN BLUE METAL,High Demand,Increase Stock
22381,TOY TIDY PINK RETROSPOT  ,High Demand,Increase Stock
22637,PIGGY BANK RETROSPOT ,High Demand,Increase Stock
11001,ASSTD DESIGN RACING CAR PEN,High Demand,Increase Stock
23294,SET OF 6 SNACK LOAF BAKING CASES,High Demand,Increase Stock
23321,SMALL WHITE HEART OF WICKER,High Demand,Increase Stock
23297,SET 40 HEART SHAPE PETIT FOUR CASES,High Demand,Increase Stock
22460,EMBOSSED GLASS TEALIGHT HOLDER,High Demand,Increase Stock
22766,PHOTO FRAME CORNICE,High Demand,Increase Stock
20828,GLITTER BUTTERFLY CLIPS,High Demand,Increase Stock
21642,ASSORTED TUTTI FRUTTI PEN,High Demand,Increase Stock
22602,CHRISTMAS RETROSPOT HEART WOOD,High Demand,Increase Stock
22356,"CHARLOTTE BAG , PINK/WHITE SPOTS",High Demand,Increase Stock
22706,WRAP COWBOYS  ,High Demand,Increase Stock
22970,LONDON BUS COFFEE MUG,High Demand,Increase Stock
22466,FAIRY TALE COTTAGE NIGHTLIGHT,High Demand,Increase Stock
85109,PINK BOUDOIR T-LIGHT HOLDER,High Demand,Increase Stock
84990,60 GOLD AND SILVER FAIRY CAKE CASES,High Demand,Increase Stock
84997D,PINK 3 PIECE MINI DOTS CUTLERY SET,High Demand,Increase Stock
22398,MAGNETS PACK OF 4 SWALLOWS,High Demand,Increase Stock
22944,CHRISTMAS METAL POSTCARD WITH BELLS,High Demand,Increase Stock
70006,LOVE HEART POCKET WARMER,High Demand,Increase Stock
85172,HYACINTH BULB T-LIGHT CANDLES,High Demand,Increase Stock
21238,RED RETROSPOT CUP,High Demand,Increase Stock
84596F,SMALL MARSHMALLOWS PINK BOWL,High Demand,Increase Stock
21430,SET/3 RED GINGHAM ROSE STORAGE BOX,High Demand,Increase Stock
22617,BAKING SET SPACEBOY DESIGN,High Demand,Increase Stock
22436,12 COLOURED PARTY BALLOONS,High Demand,Increase Stock
15039,SANDALWOOD FAN,High Demand,Increase Stock
22962,JAM JAR WITH PINK LID,High Demand,Increase Stock
16216,LETTER SHAPE PENCIL SHARPENER,High Demand,Increase Stock
21811,HANGING HEART WITH BELL,High Demand,Increase Stock
20731,POSY CANDY BAG,High Demand,Increase Stock
22142,CHRISTMAS CRAFT WHITE FAIRY ,High Demand,Increase Stock
21484,CHICK GREY HOT WATER BOTTLE,High Demand,Increase Stock
21287,SCENTED VELVET LOUNGE CANDLE ,High Demand,Increase Stock
22355,"CHARLOTTE BAG , SUKI DESIGN",High Demand,Increase Stock
22804,CANDLEHOLDER PINK HANGING HEART,High Demand,Increase Stock
22332,SKULLS PARTY BAG + STICKER SET,High Demand,Increase Stock
84997B,RED 3 PIECE MINI DOTS CUTLERY SET,High Demand,Increase Stock
21179,NO JUNK MAIL METAL SIGN,High Demand,Increase Stock
22088,PAPER BUNTING COLOURED LACE,High Demand,Increase Stock
22493,PAINT YOUR OWN CANVAS SET,High Demand,Increase Stock
22456,NATURAL SLATE CHALKBOARD LARGE ,High Demand,Increase Stock
22738,RIBBON REEL SNOWY VILLAGE,High Demand,Increase Stock
22399,MAGNETS PACK OF 4 CHILDHOOD MEMORY,High Demand,Increase Stock
22535,MAGIC DRAWING SLATE BUNNIES ,High Demand,Increase Stock
21071,VINTAGE BILLBOARD DRINK ME MUG,High Demand,Increase Stock
22356,CHARLOTTE BAG PINK WITH WHITE SPOTS,High Demand,Increase Stock
22603,CHRISTMAS RETROSPOT TREE WOOD,High Demand,Increase Stock
22562,MONSTERS STENCIL CRAFT,High Demand,Increase Stock
17091J,VANILLA INCENSE IN TIN,High Demand,Increase Stock
22035,VINTAGE CARAVAN GREETING CARD ,High Demand,Increase Stock
22174,PHOTO CUBE,High Demand,Increase Stock
22300,COFFEE MUG DOG + BALL DESIGN,High Demand,Increase Stock
22979,PANTRY WASHING UP BRUSH,High Demand,Increase Stock
82486,WOOD S/3 CABINET ANT WHITE FINISH,High Demand,Increase Stock
21068,VINTAGE BILLBOARD LOVE/HATE MUG,High Demand,Increase Stock
10135,COLOURING PENCILS BROWN TUBE,High Demand,Increase Stock
21034,REX CASH+CARRY JUMBO SHOPPER,High Demand,Increase Stock
22026,BANQUET BIRTHDAY  CARD  ,High Demand,Increase Stock
21394,RED POLKADOT BEAKER ,High Demand,Increase Stock
22128,PARTY CONES CANDY ASSORTED,High Demand,Increase Stock
51014C,"FEATHER PEN,COAL BLACK",High Demand,Increase Stock
72756,FAIRY CAKE CANDLES,High Demand,Increase Stock
22667,RECIPE BOX RETROSPOT ,High Demand,Increase Stock
85198,ASSORTED FARMYARD ANIMALS IN BUCKET,High Demand,Increase Stock
84997C,BLUE 3 PIECE MINI DOTS CUTLERY SET,High Demand,Increase Stock
21392,RED SPOTTY PUDDING BOWL,High Demand,Increase Stock
22025,RING OF ROSES BIRTHDAY CARD,High Demand,Increase Stock
20983,12 PENCILS TALL TUBE RED RETROSPOT,High Demand,Increase Stock
21937,STRAWBERRY   PICNIC BAG,High Demand,Increase Stock
22078,RIBBON REEL LACE DESIGN ,High Demand,Increase Stock
22299,PIG KEYRING WITH LIGHT & SOUND ,High Demand,Increase Stock
20978,36 PENCILS TUBE SKULLS,High Demand,Increase Stock
21844,RED RETROSPOT MUG,High Demand,Increase Stock
21933,PINK VINTAGE PAISLEY PICNIC BAG,High Demand,Increase Stock
21819,GLITTER CHRISTMAS STAR ,High Demand,Increase Stock
22772,PINK DRAWER KNOB ACRYLIC EDWARDIAN,High Demand,Increase Stock
22619,SET OF 6 SOLDIER SKITTLES,High Demand,Increase Stock
85049G,CHOCOLATE BOX RIBBONS ,High Demand,Increase Stock
22185,SLATE TILE NATURAL HANGING,High Demand,Increase Stock
48138,DOOR MAT UNION FLAG,High Demand,Increase Stock
23353,6 GIFT TAGS VINTAGE CHRISTMAS ,High Demand,Increase Stock
22421,LIPSTICK PEN FUSCHIA,High Demand,Increase Stock
23439,HAND WARMER RED LOVE HEART,High Demand,Increase Stock
23263,SET OF 3 WOODEN HEART DECORATIONS,High Demand,Increase Stock
17021,NAMASTE SWAGAT INCENSE,High Demand,Increase Stock
22212,FOUR HOOK  WHITE LOVEBIRDS,High Demand,Increase Stock
22991,GIRAFFE WOODEN RULER,High Demand,Increase Stock
21392,RED POLKADOT PUDDING BOWL,High Demand,Increase Stock
22241,GARLAND WOODEN HAPPY EASTER,High Demand,Increase Stock
22705,WRAP GREEN PEARS ,High Demand,Increase Stock
22439,6 ROCKET BALLOONS ,High Demand,Increase Stock
72008,FROSTED BOX 9 WHITE T-LIGHT CANDLES,High Demand,Increase Stock
21718,RED METAL BEACH SPADE ,High Demand,Increase Stock
23172,REGENCY TEA PLATE PINK,High Demand,Increase Stock
23103,JINGLE BELL HEART DECORATION,High Demand,Increase Stock
22274,FELTCRAFT DOLL EMILY,High Demand,Increase Stock
22754,SMALL RED BABUSHKA NOTEBOOK ,High Demand,Increase Stock
21240,BLUE POLKADOT CUP,High Demand,Increase Stock
85062,PEARL CRYSTAL PUMPKIN T-LIGHT HLDR,High Demand,Increase Stock
72351A,SET/6 TURQUOISE BUTTERFLY T-LIGHTS,High Demand,Increase Stock
23318,BOX OF 6 MINI VINTAGE CRACKERS,High Demand,Increase Stock
21281,VINTAGE KITCHEN PRINT SEAFOOD,High Demand,Increase Stock
22615,PACK OF 12 CIRCUS PARADE TISSUES ,High Demand,Increase Stock
17039,INLAID WOOD INCENSE HOLDER,High Demand,Increase Stock
22546,MINI JIGSAW PURDEY,High Demand,Increase Stock
22938,CUPCAKE LACE PAPER SET 6,High Demand,Increase Stock
21558,SKULL LUNCH BOX WITH CUTLERY ,High Demand,Increase Stock
79164,BLACK WINE GLASS,High Demand,Increase Stock
23275,SET OF 3 HANGING OWLS OLLIE BEAK,High Demand,Increase Stock
22813,PACK 3 BOXES BIRD PANNETONE ,High Demand,Increase Stock
22505,MEMO BOARD COTTAGE DESIGN,High Demand,Increase Stock
20778,GARDEN PATH NOTEBOOK ,High Demand,Increase Stock
20677,PINK POLKADOT BOWL,High Demand,Increase Stock
85221,ASSORTED COLOUR SILK COIN PURSE,High Demand,Increase Stock
23215,JINGLE BELL HEART ANTIQUE SILVER,High Demand,Increase Stock
22755,SMALL PURPLE BABUSHKA NOTEBOOK ,High Demand,Increase Stock
84997D,CHILDRENS CUTLERY POLKADOT PINK,High Demand,Increase Stock
20777,CHRYSANTHEMUM NOTEBOOK,High Demand,Increase Stock
23319,BOX OF 6 MINI 50'S CRACKERS,High Demand,Increase Stock
21932,SCANDINAVIAN PAISLEY PICNIC BAG,High Demand,Increase Stock
21622,VINTAGE UNION JACK CUSHION COVER,High Demand,Increase Stock
23493,VINTAGE DOILY TRAVEL SEWING KIT,High Demand,Increase Stock
22986,GINGHAM ROSE WRAP,High Demand,Increase Stock
22900, SET 2 TEA TOWELS I LOVE LONDON ,High Demand,Increase Stock
20775,DAISY NOTEBOOK ,High Demand,Increase Stock
20977,36 PENCILS TUBE WOODLAND,High Demand,Increase Stock
22748,POPPY'S PLAYHOUSE KITCHEN,High Demand,Increase Stock
37446,MINI CAKE STAND WITH HANGING CAKES,High Demand,Increase Stock
21207,SKULL AND CROSSBONES  GARLAND ,High Demand,Increase Stock
21279,VINTAGE KITCHEN PRINT FRUITS,High Demand,Increase Stock
22331,WOODLAND PARTY BAG + STICKER SET,High Demand,Increase Stock
22730,ALARM CLOCK BAKELIKE IVORY,High Demand,Increase Stock
46000S,POLYESTER FILLER PAD 40x40cm,High Demand,Increase Stock
22049,WRAP CHRISTMAS SCREEN PRINT,High Demand,Increase Stock
22963,JAM JAR WITH GREEN LID,High Demand,Increase Stock
22052,VINTAGE CARAVAN GIFT WRAP,High Demand,Increase Stock
22127,PARTY CONES CARNIVAL ASSORTED,High Demand,Increase Stock
47599B,BLUE PARTY BAGS ,High Demand,Increase Stock
21590,KINGS CHOICE CIGAR BOX MATCHES ,High Demand,Increase Stock
23503,PLAYING CARDS KEEP CALM & CARRY ON,High Demand,Increase Stock
16011,ANIMAL STICKERS,High Demand,Increase Stock
20774,GREEN FERN NOTEBOOK,High Demand,Increase Stock
16048,TEATIME ROUND PENCIL SHARPENER ,High Demand,Increase Stock
23378,PACK OF 12 50'S CHRISTMAS TISSUES,High Demand,Increase Stock
21033,JUMBO BAG CHARLIE AND LOLA TOYS,High Demand,Increase Stock
22749,FELTCRAFT PRINCESS CHARLOTTE DOLL,High Demand,Increase Stock
22066,LOVE HEART TRINKET POT,High Demand,Increase Stock
85014B,RED/WHITE DOTS RUFFLED UMBRELLA,High Demand,Increase Stock
22402,MAGNETS PACK OF 4 VINTAGE COLLAGE,High Demand,Increase Stock
21239,PINK  SPOTTY CUP,High Demand,Increase Stock
21912,VINTAGE SNAKES & LADDERS,High Demand,Increase Stock
23182,TOILET SIGN OCCUPIED OR VACANT,High Demand,Increase Stock
21260,FIRST AID TIN,High Demand,Increase Stock
22920,HERB MARKER BASIL,High Demand,Increase Stock
23326,HANGING MINI COLOURED BOTTLES,High Demand,Increase Stock
21714,CITRONELLA CANDLE GARDEN POT,High Demand,Increase Stock
21495,SKULLS WRAP,High Demand,Increase Stock
48188,DOORMAT WELCOME PUPPIES,High Demand,Increase Stock
23354,6 GIFT TAGS 50'S CHRISTMAS ,High Demand,Increase Stock
21903,MAN FLU METAL SIGN,High Demand,Increase Stock
22432,WATERING CAN PINK BUNNY,High Demand,Increase Stock
21242,RED RETROSPOT PLATE ,High Demand,Increase Stock
21355,TOAST ITS - I LOVE YOU ,High Demand,Increase Stock
22333,RETRO SPORT PARTY BAG + STICKER SET,High Demand,Increase Stock
21716,BOYS VINTAGE TIN SEASIDE BUCKET,High Demand,Increase Stock
22341,LOVE GARLAND PAINTED ZINC ,High Demand,Increase Stock
22745,POPPY'S PLAYHOUSE BEDROOM ,High Demand,Increase Stock
20677,PINK SPOTTY BOWL,High Demand,Increase Stock
16161U,"WRAP,SUKI AND FRIENDS",High Demand,Increase Stock
47591D,PINK FAIRY CAKE CHILD'S APRON,High Demand,Increase Stock
21591,COSY HOUR CIGAR BOX MATCHES ,High Demand,Increase Stock
21280,VINTAGE KITCHEN PRINT VEGETABLES,High Demand,Increase Stock
22548,HEADS AND TAILS SPORTING FUN,High Demand,Increase Stock
35957,SMALLFOLKART BAUBLE CHRISTMAS DEC,High Demand,Increase Stock
22339,CHRISTMAS TREE PAINTED ZINC ,High Demand,Increase Stock
10133,COLOURING PENCILS BROWN TUBE,High Demand,Increase Stock
23583,LUNCH BAG PAISLEY PARK  ,High Demand,Increase Stock
85199L,LARGE HANGING IVORY & RED WOOD BIRD,High Demand,Increase Stock
20773,BLUE PAISLEY NOTEBOOK,High Demand,Increase Stock
35953,FOLKART STAR CHRISTMAS DECORATIONS,High Demand,Increase Stock
22050,PINK PAISLEY ROSE GIFT WRAP,High Demand,Increase Stock
21890,S/6 WOODEN SKITTLES IN COTTON BAG,High Demand,Increase Stock
22668,PINK BABY BUNTING,High Demand,Increase Stock
22940,FELTCRAFT CHRISTMAS FAIRY,High Demand,Increase Stock
17033,"BROCADE PURSE,SMALL ARCH BUTTON",High Demand,Increase Stock
23232,WRAP VINTAGE PETALS  DESIGN,High Demand,Increase Stock
22752,SET 7 BABUSHKA NESTING BOXES,High Demand,Increase Stock
23192,BUNDLE OF 3 ALPHABET EXERCISE BOOKS,High Demand,Increase Stock
21934,SKULL SHOULDER BAG,High Demand,Increase Stock
23546,WRAP PAISLEY PARK ,High Demand,Increase Stock
21155,RED RETROSPOT PEG BAG,High Demand,Increase Stock
51014L,"FEATHER PEN,LIGHT PINK",High Demand,Increase Stock
21715,GIRLS VINTAGE TIN SEASIDE BUCKET,High Demand,Increase Stock
20979,36 PENCILS TUBE RED SPOTTY,High Demand,Increase Stock
21888,BINGO SET,High Demand,Increase Stock
21788,KIDS RAIN MAC BLUE,High Demand,Increase Stock
22377,BOTTLE BAG RETROSPOT ,High Demand,Increase Stock
16219,HOUSE SHAPE PENCIL SHARPENER,High Demand,Increase Stock
22543,MINI JIGSAW BAKE A CAKE ,High Demand,Increase Stock
22089,PAPER BUNTING VINTAGE PAISLEY,High Demand,Increase Stock
22904,CALENDAR PAPER CUT DESIGN,High Demand,Increase Stock
20776,ABSTRACT CIRCLES NOTEBOOK,High Demand,Increase Stock
22431,WATERING CAN BLUE ELEPHANT,High Demand,Increase Stock
22051,BLUE SCANDINAVIAN PAISLEY WRAP,High Demand,Increase Stock
22499,WOODEN UNION JACK BUNTING,High Demand,Increase Stock
48184,DOORMAT ENGLISH ROSE ,High Demand,Increase Stock
16049,TEATIME GEL PENS ASST,High Demand,Increase Stock
47503K,ASSORTED FLORAL SECATEURS,High Demand,Increase Stock
16008,SMALL FOLDING SCISSOR(POINTED EDGE),High Demand,Increase Stock
20961,STRAWBERRY BATH SPONGE ,High Demand,Increase Stock
21242,RED SPOTTY PLATE ,High Demand,Increase Stock
21413,PERIWINKLE T-LIGHT HOLDER,High Demand,Increase Stock
17109C,FLOWER FAIRY INCENSE ROSE,High Demand,Increase Stock
21240,BLUE  SPOTTY CUP,High Demand,Increase Stock
20675,BLUE POLKADOT BOWL,High Demand,Increase Stock
22572,ROCKING HORSE GREEN CHRISTMAS ,High Demand,Increase Stock
21592,RETRO SPOT  CIGAR BOX MATCHES ,High Demand,Increase Stock
22837,HOT WATER BOTTLE BABUSHKA ,High Demand,Increase Stock
20969,RED FLORAL FELTCRAFT SHOULDER BAG,High Demand,Increase Stock
21239,PINK  POLKADOT CUP,High Demand,Increase Stock
22892,SET OF SALT AND PEPPER TOADSTOOLS,High Demand,Increase Stock
22243,"HOOK, 5 HANGER ,MAGIC TOADSTOOL RED",High Demand,Increase Stock
22197,"POPCORN HOLDER , SMALL ",High Demand,Increase Stock
23198,PANTRY MAGNETIC  SHOPPING LIST,High Demand,Increase Stock
23175,REGENCY MILK JUG PINK ,High Demand,Increase Stock
22141,CHRISTMAS CRAFT TREE TOP ANGEL,High Demand,Increase Stock
21422,PORCELAIN ROSE SMALL,High Demand,Increase Stock
22915,ASSORTED BOTTLE TOP  MAGNETS ,High Demand,Increase Stock
23351,ROLL WRAP 50'S CHRISTMAS,High Demand,Increase Stock
85006,SET 4 NURSERY DES ROUND BOXES,High Demand,Increase Stock
22378,WALL TIDY RETROSPOT ,High Demand,Increase Stock
22132,RED LOVE HEART SHAPE CUP,High Demand,Increase Stock
23000,TRAVEL CARD WALLET TRANSPORT,High Demand,Increase Stock
22750,FELTCRAFT PRINCESS LOLA DOLL,High Demand,Increase Stock
22427,ENAMEL FLOWER JUG CREAM,High Demand,Increase Stock
22091,EMPIRE TISSUE BOX,High Demand,Increase Stock
20963,APPLE BATH SPONGE,High Demand,Increase Stock
21531,RED RETROSPOT SUGAR JAM BOWL,High Demand,Increase Stock
20754,RETRO RED SPOTTY WASHING UP GLOVES,High Demand,Increase Stock
21035,SET/2 RED RETROSPOT TEA TOWELS ,High Demand,Increase Stock
21807,WHITE CHRISTMAS STAR DECORATION,High Demand,Increase Stock
22171,3 HOOK PHOTO SHELF ANTIQUE WHITE,High Demand,Increase Stock
22737,RIBBON REEL CHRISTMAS PRESENT ,High Demand,Increase Stock
22581,WOOD STOCKING CHRISTMAS SCANDISPOT,High Demand,Increase Stock
21832,CHOCOLATE CALCULATOR,High Demand,Increase Stock
22148,EASTER CRAFT 4 CHICKS ,High Demand,Increase Stock
22502,PICNIC BASKET WICKER SMALL,High Demand,Increase Stock
20749,ASSORTED COLOUR MINI CASES,High Demand,Increase Stock
22613,PACK OF 20 SPACEBOY NAPKINS,High Demand,Increase Stock
22906,12 MESSAGE CARDS WITH ENVELOPES,High Demand,Increase Stock
22319,HAIRCLIPS FORTIES FABRIC ASSORTED,High Demand,Increase Stock
23174,REGENCY SUGAR BOWL GREEN,High Demand,Increase Stock
22792,FLUTED ANTIQUE CANDLE HOLDER,High Demand,Increase Stock
23165,LARGE CERAMIC TOP STORAGE JAR,High Demand,Increase Stock
22775,PURPLE DRAWERKNOB ACRYLIC EDWARDIAN,High Demand,Increase Stock
85066,CREAM SWEETHEART MINI CHEST,High Demand,Increase Stock
85230F,JASMINE VOTIVE CANDLE,High Demand,Increase Stock
85014A,BLACK/BLUE DOTS RUFFLED UMBRELLA,High Demand,Increase Stock
22739,RIBBON REEL CHRISTMAS SOCK BAUBLE,High Demand,Increase Stock
84929,ASSTD FRUIT+FLOWERS FRIDGE MAGNETS,High Demand,Increase Stock
85049C,ROMANTIC PINKS RIBBONS ,High Demand,Increase Stock
22651,GENTLEMAN SHIRT REPAIR KIT ,High Demand,Increase Stock
22545,MINI JIGSAW BUNNIES,High Demand,Increase Stock
22624,IVORY KITCHEN SCALES,High Demand,Increase Stock
22576,SWALLOW WOODEN CHRISTMAS DECORATION,High Demand,Increase Stock
22057,CERAMIC PLATE STRAWBERRY DESIGN,High Demand,Increase Stock
22242,"HOOK, 5 HANGER , MAGIC TOADSTOOL",High Demand,Increase Stock
21770,OPEN CLOSED METAL SIGN,High Demand,Increase Stock
21749,LARGE RED SPOT WINDMILL,High Demand,Increase Stock
23322,LARGE WHITE HEART OF WICKER,High Demand,Increase Stock
22985,"WRAP, BILLBOARD FONTS DESIGN",High Demand,Increase Stock
22109,FULL ENGLISH BREAKFAST PLATE,High Demand,Increase Stock
85111,SILVER GLITTER FLOWER VOTIVE HOLDER,High Demand,Increase Stock
21809,CHRISTMAS HANGING TREE WITH BELL,High Demand,Increase Stock
84536B,FAIRY CAKES NOTEBOOK A7 SIZE,High Demand,Increase Stock
22207,FRYING PAN UNION FLAG,High Demand,Increase Stock
35004C,SET OF 3 COLOURED  FLYING DUCKS,High Demand,Increase Stock
79029,GLASS HONEYPOT WASP CATCHER,High Demand,Increase Stock
23349,ROLL WRAP VINTAGE CHRISTMAS,High Demand,Increase Stock
47503A,ASS FLORAL PRINT MULTI SCREWDRIVER,High Demand,Increase Stock
23507,MINI PLAYING CARDS BUFFALO BILL ,High Demand,Increase Stock
21215,IVORY PAPER CUP CAKE CASES ,High Demand,Increase Stock
22622,BOX OF VINTAGE ALPHABET BLOCKS,High Demand,Increase Stock
21491,SET OF THREE VINTAGE GIFT WRAPS,High Demand,Increase Stock
21395,BLUE POLKADOT BEAKER ,High Demand,Increase Stock
22095,LADS ONLY TISSUE BOX,High Demand,Increase Stock
22040,BOTANICAL ROSE GIFT WRAP,High Demand,Increase Stock
22048,BIRTHDAY BANQUET GIFT WRAP,High Demand,Increase Stock
48173C,DOORMAT BLACK FLOCK ,High Demand,Increase Stock
21494,ROTATING LEAVES T-LIGHT HOLDER,High Demand,Increase Stock
85217,ASSORTED ICE CREAM FRIDGE MAGNETS,High Demand,Increase Stock
22575,METAL MERRY CHRISTMAS WREATH,High Demand,Increase Stock
22075,6 RIBBONS ELEGANT CHRISTMAS ,High Demand,Increase Stock
22729,ALARM CLOCK BAKELIKE ORANGE,High Demand,Increase Stock
21650,ASSORTED TUTTI FRUTTI BRACELET,High Demand,Increase Stock
85216,ASSORTED CAKES FRIDGE MAGNETS,High Demand,Increase Stock
84032B,CHARLIE + LOLA RED HOT WATER BOTTLE,High Demand,Increase Stock
23367,SET 12 COLOUR PENCILS SPACEBOY ,High Demand,Increase Stock
22709,WRAP WEDDING DAY,High Demand,Increase Stock
85212,MINI PAINTED GARDEN DECORATION ,High Demand,Increase Stock
22098,BOUDOIR SQUARE TISSUE BOX,High Demand,Increase Stock
21592,RETROSPOT CIGAR BOX MATCHES ,High Demand,Increase Stock
21789,KIDS RAIN MAC PINK,High Demand,Increase Stock
22895,SET OF 2 TEA TOWELS APPLE AND PEARS,High Demand,Increase Stock
23210,WHITE ROCKING HORSE HAND PAINTED,High Demand,Increase Stock
21428,SET3 BOOK BOX GREEN GINGHAM FLOWER ,High Demand,Increase Stock
23313,VINTAGE CHRISTMAS BUNTING,High Demand,Increase Stock
21077,SET/20 WOODLAND PAPER NAPKINS ,High Demand,Increase Stock
84509F,SET OF 4 NEW ENGLAND PLACEMATS,High Demand,Increase Stock
22532,MAGIC DRAWING SLATE LEAP FROG ,High Demand,Increase Stock
20751,FUNKY WASHING UP GLOVES ASSORTED,High Demand,Increase Stock
21163,DO NOT TOUCH MY STUFF DOOR HANGER ,High Demand,Increase Stock
22672,FRENCH BATHROOM SIGN BLUE METAL,High Demand,Increase Stock
22984,CARD GINGHAM ROSE ,High Demand,Increase Stock
22115,METAL SIGN EMPIRE TEA,High Demand,Increase Stock
85015,SET OF 12  VINTAGE POSTCARD SET,High Demand,Increase Stock
21243,PINK  SPOTTY PLATE ,High Demand,Increase Stock
21563,RED HEART SHAPE LOVE BUCKET ,High Demand,Increase Stock
20675,BLUE SPOTTY BOWL,High Demand,Increase Stock
22508,DOORSTOP RETROSPOT HEART,High Demand,Increase Stock
21278,VINTAGE KITCHEN PRINT PUDDINGS,High Demand,Increase Stock
23506,MINI PLAYING CARDS SPACEBOY ,High Demand,Increase Stock
37447,CERAMIC CAKE DESIGN SPOTTED PLATE,High Demand,Increase Stock
22989,SET 2 PANTRY DESIGN TEA TOWELS,High Demand,Increase Stock
37444A,YELLOW BREAKFAST CUP AND SAUCER,High Demand,Increase Stock
47587A,PINK FAIRY CAKE COASTER,High Demand,Increase Stock
21393,BLUE  SPOTTY PUDDING BOWL,High Demand,Increase Stock
21524,DOORMAT SPOTTY HOME SWEET HOME,High Demand,Increase Stock
21745,GAOLERS KEYS DECORATIVE GARDEN ,High Demand,Increase Stock
85042,ANTIQUE LILY FAIRY LIGHTS,High Demand,Increase Stock
23173,REGENCY TEAPOT ROSES ,High Demand,Increase Stock
22566,FELTCRAFT HAIRBAND PINK AND PURPLE,High Demand,Increase Stock
23306,SET OF 36 DOILIES PANTRY DESIGN,High Demand,Increase Stock
21680,WOODLAND  STICKERS,High Demand,Increase Stock
23445,ICE CREAM BUBBLES,High Demand,Increase Stock
22715,CARD WEDDING DAY,High Demand,Increase Stock
21702,SET 5 MINI GATEAUX  FRIDGE MAGNETS,High Demand,Increase Stock
22964,3 PIECE SPACEBOY COOKIE CUTTER SET,High Demand,Increase Stock
23168,CLASSIC CAFE SUGAR DISPENSER,High Demand,Increase Stock
23376,PACK OF 12 VINTAGE CHRISTMAS TISSUE,High Demand,Increase Stock
21201,TROPICAL  HONEYCOMB PAPER GARLAND ,High Demand,Increase Stock
22327,ROUND SNACK BOXES SET OF 4 SKULLS,High Demand,Increase Stock
23320,GIANT 50'S CHRISTMAS CRACKER,High Demand,Increase Stock
22898,CHILDRENS APRON APPLES DESIGN,High Demand,Increase Stock
22244,3 HOOK HANGER MAGIC GARDEN,High Demand,Increase Stock
22433,WATERING CAN GREEN DINOSAUR,High Demand,Increase Stock
84691,PACK 20 DOLLY PEGS,High Demand,Increase Stock
85014B,RED RETROSPOT UMBRELLA,High Demand,Increase Stock
21648,ASSORTED TUTTI FRUTTI SMALL PURSE,High Demand,Increase Stock
22227,"DECORATION, HANGING HEART+MIRROR ",High Demand,Increase Stock
22227,HANGING HEART MIRROR DECORATION ,High Demand,Increase Stock
22347,PIZZA SLICE DISH,High Demand,Increase Stock
22632,HAND WARMER RED POLKA DOT,High Demand,Increase Stock
21806,WHITE CHRISTMAS HEART DECORATION,High Demand,Increase Stock
22746,POPPY'S PLAYHOUSE LIVINGROOM ,High Demand,Increase Stock
23350,ROLL WRAP VINTAGE SPOT ,High Demand,Increase Stock
47504K,ENGLISH ROSE GARDEN SECATEURS,High Demand,Increase Stock
22817,CARD SUKI BIRTHDAY,High Demand,Increase Stock
21786,POLKADOT RAIN HAT ,High Demand,Increase Stock
20966,SANDWICH BATH SPONGE,High Demand,Increase Stock
85227,SET OF 6 3D KIT CARDS FOR KIDS,High Demand,Increase Stock
22819,"BIRTHDAY CARD, RETRO SPOT",High Demand,Increase Stock
23346,SPACEBOY BEAKER,High Demand,Increase Stock
47503F,ASS FLORAL PRINT TORCH,High Demand,Increase Stock
51008,AFGHAN SLIPPER SOCK PAIR,High Demand,Increase Stock
21586,KINGS CHOICE GIANT TUBE MATCHES,High Demand,Increase Stock
84535B,FAIRY CAKES NOTEBOOK A6 SIZE,High Demand,Increase Stock
22815,CARD PSYCHEDELIC APPLES,High Demand,Increase Stock
22899,CHILDREN'S APRON DOLLY GIRL ,High Demand,Increase Stock
21713,CITRONELLA CANDLE FLOWERPOT,High Demand,Increase Stock
21393,BLUE POLKADOT PUDDING BOWL,High Demand,Increase Stock
22599,CHRISTMAS MUSICAL ZINC STAR,High Demand,Increase Stock
21155,RED SPOTTY PEG BAG,High Demand,Increase Stock
21749,LARGE RED RETROSPOT WINDMILL,High Demand,Increase Stock
84997D,PINK 3 PIECE POLKADOT CUTLERY SET,High Demand,Increase Stock
21154,RED SPOTTY OVEN GLOVE ,High Demand,Increase Stock
82001S,VINYL RECORD FRAME SILVER,High Demand,Increase Stock
22588,CARD HOLDER GINGHAM HEART,High Demand,Increase Stock
22478,BIRDHOUSE GARDEN MARKER ,High Demand,Increase Stock
23158,SET OF 5 LUCKY CAT MAGNETS ,High Demand,Increase Stock
22665,RECIPE BOX BLUE SKETCHBOOK DESIGN,High Demand,Increase Stock
22059,CERAMIC STRAWBERRY DESIGN MUG,High Demand,Increase Stock
21035,SET/2 RED SPOTTY TEA TOWELS ,High Demand,Increase Stock
22757,LARGE RED BABUSHKA NOTEBOOK ,High Demand,Increase Stock
23157,SET OF 6 NATIVITY MAGNETS ,High Demand,Increase Stock
85048,15CM CHRISTMAS GLASS BALL 20 LIGHTS,High Demand,Increase Stock
17038,PORCELAIN BUDAH INCENSE HOLDER,High Demand,Increase Stock
84997C,CHILDRENS CUTLERY POLKADOT BLUE,High Demand,Increase Stock
22434,BALLOON PUMP WITH 10 BALLOONS,High Demand,Increase Stock
22441,GROW YOUR OWN BASIL IN ENAMEL MUG,High Demand,Increase Stock
22129,PARTY CONES CANDY TREE DECORATION,High Demand,Increase Stock
21158,MOODY GIRL DOOR HANGER ,High Demand,Increase Stock
22343,PARTY PIZZA DISH RED RETROSPOT,High Demand,Increase Stock
22494,EMERGENCY FIRST AID TIN ,High Demand,Increase Stock
85038,6 CHOCOLATE LOVE HEART T-LIGHTS,High Demand,Increase Stock
22597,MUSICAL ZINC HEART DECORATION ,High Demand,Increase Stock
22690,DOORMAT HOME SWEET HOME BLUE ,High Demand,Increase Stock
84997B,CHILDRENS CUTLERY RETROSPOT RED ,High Demand,Increase Stock
21803,CHRISTMAS TREE STAR DECORATION,High Demand,Increase Stock
22941,CHRISTMAS LIGHTS 10 REINDEER,High Demand,Increase Stock
21084,SET/6 COLLAGE PAPER CUPS,High Demand,Increase Stock
84937,KASHMIR FOLKART TUMBLERS,High Demand,Increase Stock
46000M,POLYESTER FILLER PAD 45x45cm,High Demand,Increase Stock
22774,RED DRAWER KNOB ACRYLIC EDWARDIAN,High Demand,Increase Stock
22085,PAPER CHAIN KIT SKULLS ,High Demand,Increase Stock
22997,TRAVEL CARD WALLET UNION JACK,High Demand,Increase Stock
22266,EASTER DECORATION HANGING BUNNY,High Demand,Increase Stock
23508,MINI PLAYING CARDS DOLLY GIRL ,High Demand,Increase Stock
23121,PACK OF 6 COCKTAIL PARASOL STRAWS,High Demand,Increase Stock
22718,CARD CAT AND TREE ,High Demand,Increase Stock
22582,PACK OF 6 SWEETIE GIFT BOXES,High Demand,Increase Stock
23340,VINTAGE CHRISTMAS CAKE FRILL,High Demand,Increase Stock
22094,RED RETROSPOT TISSUE BOX,High Demand,Increase Stock
22809,SET OF 6 T-LIGHTS SANTA,High Demand,Increase Stock
23497,CLASSIC CHROME BICYCLE BELL ,High Demand,Increase Stock
23231,WRAP  VINTAGE DOILY ,High Demand,Increase Stock
23374,RED SPOT PAPER GIFT BAG,High Demand,Increase Stock
23154,SET OF 4 JAM JAR MAGNETS,High Demand,Increase Stock
22400,MAGNETS PACK OF 4 HOME SWEET HOME,High Demand,Increase Stock
22956,36 FOIL HEART CAKE CASES,High Demand,Increase Stock
21292,SMALL STRIPES CHOCOLATE GIFT BAG ,High Demand,Increase Stock
15056P,EDWARDIAN PARASOL PINK,High Demand,Increase Stock
21156,RED SPOTTY CHILDS APRON,High Demand,Increase Stock
21818,GLITTER HEART DECORATION,High Demand,Increase Stock
23177,TREASURE ISLAND BOOK BOX,High Demand,Increase Stock
20685,DOOR MAT RED SPOT,High Demand,Increase Stock
16236,KITTY PENCIL ERASERS,High Demand,Increase Stock
85230E,STRAWBRY SCENTED VOTIVE CANDLE,High Demand,Increase Stock
21845,DAIRY MAID STRIPE MUG,High Demand,Increase Stock
85040B,SET/4 BLUE FLOWER CANDLES IN BOWL,High Demand,Increase Stock
71459,HANGING JAM JAR T-LIGHT HOLDERS,High Demand,Increase Stock
85176,SEWING SUSAN 21 NEEDLE SET,High Demand,Increase Stock
22732,3D VINTAGE CHRISTMAS STICKERS ,High Demand,Increase Stock
22607,WOODEN ROUNDERS GARDEN SET ,High Demand,Increase Stock
22978,PANTRY ROLLING PIN,High Demand,Increase Stock
20970,PINK FLORAL FELTCRAFT SHOULDER BAG,High Demand,Increase Stock
21354,TOAST ITS - BEST MUM,High Demand,Increase Stock
21705,BAG 500g SWIRLY MARBLES,High Demand,Increase Stock
21244,BLUE POLKADOT PLATE ,High Demand,Increase Stock
23345, DOLLY GIRL BEAKER,High Demand,Increase Stock
17084N,FAIRY DREAMS INCENSE ,High Demand,Increase Stock
21802,CHRISTMAS TREE HEART DECORATION,High Demand,Increase Stock
37503,TEA TIME CAKE STAND IN GIFT BOX,High Demand,Increase Stock
22406,MONEY BOX KINGS CHOICE DESIGN,High Demand,Increase Stock
21447,12 IVORY ROSE PEG PLACE SETTINGS,High Demand,Increase Stock
21911,GARDEN METAL SIGN ,High Demand,Increase Stock
23290,SPACEBOY CHILDRENS BOWL,High Demand,Increase Stock
22971,QUEENS GUARD COFFEE MUG,High Demand,Increase Stock
84997B,RED 3 PIECE RETROSPOT CUTLERY SET,High Demand,Increase Stock
21485,RED SPOT HEART HOT WATER BOTTLE,High Demand,Increase Stock
22625,RED KITCHEN SCALES,High Demand,Increase Stock
21949,SET OF 6 STRAWBERRY CHOPSTICKS,High Demand,Increase Stock
72818,CHRISTMAS DECOUPAGE CANDLE,High Demand,Increase Stock
22284,HEN HOUSE DECORATION,High Demand,Increase Stock
23187,FRENCH STYLE STORAGE JAR BONBONS,High Demand,Increase Stock
37450,CERAMIC CAKE BOWL + HANGING CAKES,High Demand,Increase Stock
22304,COFFEE MUG BLUE PAISLEY DESIGN,High Demand,Increase Stock
23356,LOVE HOT WATER BOTTLE,High Demand,Increase Stock
21162,TOXIC AREA  DOOR HANGER ,High Demand,Increase Stock
22717,CARD DOG AND BALL ,High Demand,Increase Stock
21211,SET OF 72 SKULL PAPER  DOILIES,High Demand,Increase Stock
21561,DINOSAUR LUNCH BOX WITH CUTLERY,High Demand,Increase Stock
22093,MOTORING TISSUE BOX,High Demand,Increase Stock
84847,FLORAL BATHROOM SET,High Demand,Increase Stock
82599,FANNY'S REST STOPMETAL SIGN,High Demand,Increase Stock
22170,PICTURE FRAME WOOD TRIPLE PORTRAIT,High Demand,Increase Stock
16016,LARGE CHINESE STYLE SCISSOR,High Demand,Increase Stock
21824,PAINTED METAL STAR WITH HOLLY BELLS,High Demand,Increase Stock
21896,POTTING SHED TWINE,High Demand,Increase Stock
23510,MINI PLAYING CARDS GYMKHANA,High Demand,Increase Stock
22733,3D TRADITIONAL CHRISTMAS STICKERS,High Demand,Increase Stock
22529,MAGIC DRAWING SLATE GO TO THE FAIR ,High Demand,Increase Stock
22758,LARGE PURPLE BABUSHKA NOTEBOOK  ,High Demand,Increase Stock
85071B,RED CHARLIE+LOLA PERSONAL DOORSIGN,High Demand,Increase Stock
48111,DOORMAT 3 SMILEY CATS,High Demand,Increase Stock
22412,METAL SIGN NEIGHBOURHOOD WITCH ,High Demand,Increase Stock
23240,SET OF 4 KNICK KNACK TINS DOILY ,High Demand,Increase Stock
22358,KINGS CHOICE TEA CADDY ,High Demand,Increase Stock
22980,PANTRY SCRUBBING BRUSH,High Demand,Increase Stock
21161,KEEP OUT BOYS DOOR HANGER ,High Demand,Increase Stock
21090,SET/6 COLLAGE PAPER PLATES,High Demand,Increase Stock
22360,GLASS JAR ENGLISH CONFECTIONERY,High Demand,Increase Stock
85049D,BRIGHT BLUES RIBBONS ,High Demand,Increase Stock
21243,PINK  POLKADOT PLATE ,High Demand,Increase Stock
84032A,CHARLIE+LOLA PINK HOT WATER BOTTLE,High Demand,Increase Stock
37449,CERAMIC CAKE STAND + HANGING CAKES,High Demand,Increase Stock
22986,WRAP GINGHAM ROSE ,High Demand,Increase Stock
22736,RIBBON REEL MAKING SNOWMEN ,High Demand,Increase Stock
48116,DOORMAT MULTICOLOUR STRIPE,High Demand,Increase Stock
22480,RED TEA TOWEL CLASSIC DESIGN,High Demand,Increase Stock
21244,BLUE  SPOTTY PLATE ,High Demand,Increase Stock
22059,CERAMIC STRWBERRY DESIGN MUG,High Demand,Increase Stock
21823,PAINTED METAL HEART WITH HOLLY BELL,High Demand,Increase Stock
22674,FRENCH TOILET SIGN BLUE METAL,High Demand,Increase Stock
22725,ALARM CLOCK BAKELIKE CHOCOLATE,High Demand,Increase Stock
21527,RED RETROSPOT TRADITIONAL TEAPOT ,High Demand,Increase Stock
47568,ENGLISH ROSE DESIGN PEG BAG,High Demand,Increase Stock
23082,SET 6 PAPER TABLE LANTERN HEARTS ,High Demand,Increase Stock
21066,VINTAGE RED MUG,High Demand,Increase Stock
22943,CHRISTMAS LIGHTS 10 VINTAGE BAUBLES,High Demand,Increase Stock
23159,SET OF 5 PANCAKE DAY MAGNETS,High Demand,Increase Stock
22367,CHILDS APRON SPACEBOY DESIGN,High Demand,Increase Stock
10123G,ARMY CAMO WRAPPING TAPE,High Demand,Increase Stock
22477,WATERING CAN GARDEN MARKER,High Demand,Increase Stock
20983,12 PENCILS TALL TUBE RED SPOTTY,High Demand,Increase Stock
79323P,PINK CHERRY LIGHTS,High Demand,Increase Stock
22482,BLUE TEA TOWEL CLASSIC DESIGN,High Demand,Increase Stock
16238,PARTY TIME PENCIL ERASERS,High Demand,Increase Stock
22305,COFFEE MUG PINK PAISLEY DESIGN,High Demand,Increase Stock
22995,TRAVEL CARD WALLET SUKI,High Demand,Increase Stock
21100,CHARLIE AND LOLA CHARLOTTE BAG,High Demand,Increase Stock
84508A,CAMOUFLAGE DESIGN TEDDY,High Demand,Increase Stock
21058,PARTY INVITES WOODLAND,High Demand,Increase Stock
21577,SAVE THE PLANET COTTON TOTE BAG,High Demand,Increase Stock
23211,RED ROCKING HORSE HAND PAINTED,High Demand,Increase Stock
22649,STRAWBERRY FAIRY CAKE TEAPOT,High Demand,Increase Stock
84792,ENCHANTED BIRD COATHANGER 5 HOOK,High Demand,Increase Stock
23311,VINTAGE CHRISTMAS STOCKING ,High Demand,Increase Stock
22133,PINK LOVE HEART SHAPE CUP,High Demand,Increase Stock
22653,BUTTON BOX ,High Demand,Increase Stock
21126,SET OF 6 GIRLS CELEBRATION CANDLES,High Demand,Increase Stock
22521,CHILDS GARDEN TROWEL PINK,High Demand,Increase Stock
22334,DINOSAUR PARTY BAG + STICKER SET,High Demand,Increase Stock
22751,FELTCRAFT PRINCESS OLIVIA DOLL,High Demand,Increase Stock
22623,BOX OF VINTAGE JIGSAW BLOCKS ,High Demand,Increase Stock
23108,SET OF 10 LED DOLLY LIGHTS,High Demand,Increase Stock
84997C,BLUE 3 PIECE POLKADOT CUTLERY SET,High Demand,Increase Stock
22520,CHILDS GARDEN TROWEL BLUE ,High Demand,Increase Stock
22522,CHILDS GARDEN FORK BLUE ,High Demand,Increase Stock
21272,SALLE DE BAIN HOOK,High Demand,Increase Stock
22753,SMALL YELLOW BABUSHKA NOTEBOOK ,High Demand,Increase Stock
35160,BUDDHA INCENSE HOLDER ASSORTED,High Demand,Increase Stock
22217,T-LIGHT HOLDER HANGING LACE,High Demand,Increase Stock
22798,ANTIQUE GLASS DRESSING TABLE POT,High Demand,Increase Stock
21259,VICTORIAN SEWING BOX SMALL ,High Demand,Increase Stock
84510A,SET OF 4 ENGLISH ROSE COASTERS,High Demand,Increase Stock
22669,RED BABY BUNTING ,High Demand,Increase Stock
22337,ANGEL DECORATION PAINTED ZINC ,High Demand,Increase Stock
23212,HEART WREATH DECORATION WITH BELL,High Demand,Increase Stock
22063,CERAMIC BOWL WITH STRAWBERRY DESIGN,High Demand,Increase Stock
21488,RED WHITE SCARF  HOT WATER BOTTLE,High Demand,Increase Stock
21107,CREAM SLICE FLANNEL PINK SPOT ,High Demand,Increase Stock
22080,RIBBON REEL SPOTS DESIGN ,High Demand,Increase Stock
23119,PACK OF 6 LARGE FRUIT STRAWS ,High Demand,Increase Stock
23334,IVORY WICKER HEART SMALL,High Demand,Increase Stock
21389,IVORY HANGING DECORATION  BIRD,High Demand,Increase Stock
23368,SET 12 COLOUR PENCILS DOLLY GIRL ,High Demand,Increase Stock
21403,BLUE EGG  SPOON,High Demand,Increase Stock
22707,WRAP MONSTER FUN ,High Demand,Increase Stock
85204,HANGING WOOD AND FELT FLOWER,High Demand,Increase Stock
22429,ENAMEL MEASURING JUG CREAM,High Demand,Increase Stock
85206A,CREAM FELT EASTER EGG BASKET,High Demand,Increase Stock
22675,FRENCH KITCHEN SIGN BLUE METAL,High Demand,Increase Stock
16043,POP ART PUSH DOWN RUBBER ,High Demand,Increase Stock
72802C,VANILLA SCENT CANDLE JEWELLED BOX,High Demand,Increase Stock
23089,GLASS BON BON JAR,High Demand,Increase Stock
20985,HEART CALCULATOR,High Demand,Increase Stock
21294,ETCHED GLASS COASTER,High Demand,Increase Stock
23090,VINTAGE GLASS T-LIGHT HOLDER,High Demand,Increase Stock
47567B,TEA TIME KITCHEN APRON,High Demand,Increase Stock
22814,CARD PARTY GAMES ,High Demand,Increase Stock
21805,WHITE CHRISTMAS TREE DECORATION ,High Demand,Increase Stock
21439,BASKET OF TOADSTOOLS,High Demand,Increase Stock
22523,CHILDS GARDEN FORK PINK,High Demand,Increase Stock
20956,PORCELAIN T-LIGHT HOLDERS ASSORTED,High Demand,Increase Stock
16012,FOOD/DRINK SPONGE STICKERS,High Demand,Increase Stock
21399,BLUE POLKADOT COFFEE MUG,High Demand,Increase Stock
22043,CHRISTMAS CARD SCREEN PRINT ,High Demand,Increase Stock
22773,GREEN DRAWER KNOB ACRYLIC EDWARDIAN,High Demand,Increase Stock
22224,WHITE LOVEBIRD LANTERN,High Demand,Increase Stock
22994,TRAVEL CARD WALLET RETROSPOT,High Demand,Increase Stock
22076,6 RIBBONS EMPIRE  ,High Demand,Increase Stock
23545,WRAP RED VINTAGE DOILY,High Demand,Increase Stock
23191,BUNDLE OF 3 RETRO NOTE BOOKS,High Demand,Increase Stock
90167,BEADED LOVE HEART JEWELLERY SET,High Demand,Increase Stock
85230B,CINNAMON SCENTED VOTIVE CANDLE,High Demand,Increase Stock
23155,KNICKERBOCKERGLORY MAGNET ASSORTED ,High Demand,Increase Stock
22169,FAMILY ALBUM WHITE PICTURE FRAME,High Demand,Increase Stock
85049B,LUSH GREENS RIBBONS,High Demand,Increase Stock
23122,PARTY CHARMS 50 PIECES,High Demand,Increase Stock
23100,SILVER BELLS TABLE DECORATION,High Demand,Increase Stock
23176,ABC TREASURE BOOK BOX ,High Demand,Increase Stock
23380,PACK OF 12 VINTAGE DOILY TISSUES,High Demand,Increase Stock
22061,LARGE CAKE STAND  HANGING STRAWBERY,High Demand,Increase Stock
22208,WOOD STAMP SET THANK YOU,High Demand,Increase Stock
22422,TOOTHPASTE TUBE PEN,High Demand,Increase Stock
22810,SET OF 6 T-LIGHTS SNOWMEN,High Demand,Increase Stock
21955,DOORMAT UNION JACK GUNS AND ROSES,High Demand,Increase Stock
23032,DRAWER KNOB CRACKLE GLAZE IVORY,High Demand,Increase Stock
85049F,BABY BOOM RIBBONS ,High Demand,Increase Stock
17091A,LAVENDER INCENSE IN TIN,High Demand,Increase Stock
84989A,75 GREEN FAIRY CAKE CASES,High Demand,Increase Stock
23148,MINIATURE ANTIQUE ROSE HOOK IVORY,High Demand,Increase Stock
21992,VINTAGE PAISLEY STATIONERY SET,High Demand,Increase Stock
35015,JACOBS LADDER SMALL,High Demand,Increase Stock
23328,SET 6 SCHOOL MILK BOTTLES IN CRATE,High Demand,Increase Stock
21216,"SET 3 RETROSPOT TEA,COFFEE,SUGAR",High Demand,Increase Stock
16169M,WRAP DAISY CARPET ,High Demand,Increase Stock
21159,MOODY BOY  DOOR HANGER ,High Demand,Increase Stock
21206,STRAWBERRY HONEYCOMB  GARLAND ,High Demand,Increase Stock
21167,WHITE SAGE INCENSE,High Demand,Increase Stock
21588,RETROSPOT GIANT TUBE MATCHES,High Demand,Increase Stock
22501,PICNIC BASKET WICKER LARGE,High Demand,Increase Stock
21587,COSY HOUR GIANT TUBE MATCHES,High Demand,Increase Stock
23002,TRAVEL CARD WALLET SKULLS,High Demand,Increase Stock
21993,FLORAL FOLK STATIONERY SET,High Demand,Increase Stock
16169K,WRAP FOLK ART,High Demand,Increase Stock
48129,DOORMAT TOPIARY,High Demand,Increase Stock
23247,BISCUIT TIN 50'S CHRISTMAS,High Demand,Increase Stock
22654,DELUXE SEWING KIT ,High Demand,Increase Stock
21125,SET 6 FOOTBALL CELEBRATION CANDLES,High Demand,Increase Stock
85078,SCANDINAVIAN 3 HEARTS NAPKIN RING,High Demand,Increase Stock
21883,STARS GIFT TAPE ,High Demand,Increase Stock
23035,DRAWER KNOB CERAMIC IVORY,High Demand,Increase Stock
23145,ZINC T-LIGHT HOLDER STAR LARGE,High Demand,Increase Stock
21241,GREEN SPOTTY CUP,High Demand,Increase Stock
85118,HEART T-LIGHT HOLDER,High Demand,Increase Stock
16169N,WRAP BLUE RUSSIAN FOLKART,High Demand,Increase Stock
20750,RED RETROSPOT MINI CASES,High Demand,Increase Stock
22097,SWALLOW SQUARE TISSUE BOX,High Demand,Increase Stock
22099,CARAVAN SQUARE TISSUE BOX,High Demand,Increase Stock
23571,TRADITIONAL NAUGHTS & CROSSES,High Demand,Increase Stock
84030E,ENGLISH ROSE HOT WATER BOTTLE,High Demand,Increase Stock
23333,IVORY WICKER HEART MEDIUM,High Demand,Increase Stock
21658,GLASS  BEURRE DISH,High Demand,Increase Stock
22893,MINI CAKE STAND T-LIGHT HOLDER,High Demand,Increase Stock
23241,TREASURE TIN GYMKHANA DESIGN,High Demand,Increase Stock
35924,HANGING FAIRY CAKE DECORATION,High Demand,Increase Stock
21143,ANTIQUE GLASS HEART DECORATION ,High Demand,Increase Stock
21640,ASSORTED TUTTI FRUTTI  FOB NOTEBOOK,High Demand,Increase Stock
21584,RETRO SPOT SMALL TUBE MATCHES,High Demand,Increase Stock
37444B,BLUE BREAKFAST CUP AND SAUCER ,High Demand,Increase Stock
85218,S/5 MINI ICE CREAM FRIDGE MAGNETS,High Demand,Increase Stock
85230A,OPIUM SCENTED VOTIVE CANDLE,High Demand,Increase Stock
21948,SET OF 6 CAKE CHOPSTICKS,High Demand,Increase Stock
85224,ASSORTED COLOUR SILK GLASSES CASE,High Demand,Increase Stock
79323W, WHITE CHERRY LIGHTS,High Demand,Increase Stock
21747,SMALL SKULL WINDMILL,High Demand,Increase Stock
22187,GREEN CHRISTMAS TREE CARD HOLDER,High Demand,Increase Stock
23186,FRENCH STYLE STORAGE JAR CAFE ,High Demand,Increase Stock
23256,CHILDRENS CUTLERY SPACEBOY ,High Demand,Increase Stock
23332,IVORY WICKER HEART LARGE,High Demand,Increase Stock
35954,SMALL FOLKART STAR CHRISTMAS DEC,High Demand,Increase Stock
22586,FELTCRAFT HAIRBAND PINK AND BLUE,High Demand,Increase Stock
21677,HEARTS  STICKERS,High Demand,Increase Stock
21785,RAIN PONCHO ,High Demand,Increase Stock
22948,METAL DECORATION NAUGHTY CHILDREN ,High Demand,Increase Stock
10125,MINI FUNKY DESIGN TAPES,High Demand,Increase Stock
22922,FRIDGE MAGNETS US DINER ASSORTED,High Demand,Increase Stock
84596G,SMALL CHOCOLATES PINK BOWL,High Demand,Increase Stock
23266,SET OF 3 WOODEN STOCKING DECORATION,High Demand,Increase Stock
84754,S/15 SILVER GLASS BAUBLES IN BAG,High Demand,Increase Stock
21224,SET/4 SKULL BADGES,High Demand,Increase Stock
48187,DOOR MAT NEW ENGLAND,High Demand,Increase Stock
23292,SPACEBOY CHILDRENS CUP,High Demand,Increase Stock
35471D,SET OF 3 BIRD LIGHT PINK FEATHER ,High Demand,Increase Stock
22231,JIGSAW TREE WITH BIRDHOUSE,High Demand,Increase Stock
22900,SET 2 TEA TOWELS I LOVE LONDON ,High Demand,Increase Stock
85184C,S/4 VALENTINE DECOUPAGE HEART BOX,High Demand,Increase Stock
21411,GINGHAM HEART  DOORSTOP RED,High Demand,Increase Stock
21873,IF YOU CAN'T STAND THE HEAT MUG,High Demand,Increase Stock
22366,DOORMAT AIRMAIL ,High Demand,Increase Stock
40001,WHITE BAMBOO RIBS LAMPSHADE,High Demand,Increase Stock
23101,SILVER STARS TABLE DECORATION,High Demand,Increase Stock
22311,OFFICE MUG WARMER BLACK+SILVER ,High Demand,Increase Stock
22692,DOORMAT WELCOME TO OUR HOME,High Demand,Increase Stock
22315,200 RED + WHITE BENDY STRAWS,High Demand,Increase Stock
22949,36 DOILIES DOLLY GIRL,High Demand,Increase Stock
20653,CHERRY BLOSSOM LUGGAGE TAG,High Demand,Increase Stock
84975,HEART SHAPED MIRROR,High Demand,Increase Stock
22550,HOLIDAY FUN LUDO,High Demand,Increase Stock
22244,"HOOK, 3 HANGER ,MAGIC GARDEN",High Demand,Increase Stock
85132C,CHARLIE AND LOLA FIGURES TINS,High Demand,Increase Stock
72349B,SET/6 PURPLE BUTTERFLY T-LIGHTS,High Demand,Increase Stock
85014D,PINK/BROWN DOTS RUFFLED UMBRELLA,High Demand,Increase Stock
22044,CHRISTMAS CARD STACK OF PRESENTS,High Demand,Increase Stock
21070,VINTAGE BILLBOARD MUG ,High Demand,Increase Stock
21578,WOODLAND DESIGN  COTTON TOTE BAG,High Demand,Increase Stock
22604,SET OF 4 NAPKIN CHARMS CUTLERY,High Demand,Increase Stock
21007,ETCHED GLASS DROPLET DECORATION,High Demand,Increase Stock
85040A,S/4 PINK FLOWER CANDLES IN BOWL,High Demand,Increase Stock
22186,RED STAR CARD HOLDER,High Demand,Increase Stock
22917,HERB MARKER ROSEMARY,High Demand,Increase Stock
21564,PINK  HEART SHAPE LOVE BUCKET ,High Demand,Increase Stock
22364,GLASS JAR DIGESTIVE BISCUITS,High Demand,Increase Stock
84997A,GREEN 3 PIECE MINI DOTS CUTLERY SET,High Demand,Increase Stock
23437, 50'S CHRISTMAS GIFT BAG LARGE,High Demand,Increase Stock
21214,SET OF 72 IVORY PAPER DOILIES,High Demand,Increase Stock
22136,LOVE HEART SOCK HANGER,High Demand,Increase Stock
72225C,LAVENDER SCENT CAKE CANDLE,High Demand,Increase Stock
22357,KINGS CHOICE BISCUIT TIN,High Demand,Increase Stock
22291,"SPRING DEC , HANGING CHICK CREAM",High Demand,Increase Stock
23366,SET 12 COLOURING PENCILS DOILY,High Demand,Increase Stock
22747,POPPY'S PLAYHOUSE BATHROOM,High Demand,Increase Stock
85231B,CINAMMON SET OF 9 T-LIGHTS,High Demand,Increase Stock
85232B,SET/3 RUSSIAN DOLL STACKING TINS,High Demand,Increase Stock
22110,BIRD HOUSE HOT WATER BOTTLE,High Demand,Increase Stock
21383,PACK OF 12 STICKY BUNNIES,High Demand,Increase Stock
22547,MINI JIGSAW DINOSAUR ,High Demand,Increase Stock
22365,DOORMAT RESPECTABLE HOUSE,High Demand,Increase Stock
22916,HERB MARKER THYME,High Demand,Increase Stock
21801,CHRISTMAS TREE DECORATION WITH BELL,High Demand,Increase Stock
85017B,ENVELOPE 50 BLOSSOM IMAGES,High Demand,Increase Stock
23083,SET 6 PAPER TABLE LANTERN STARS ,High Demand,Increase Stock
23004,TRAVEL CARD WALLET PANTRY,High Demand,Increase Stock
22602,RETROSPOT WOODEN HEART DECORATION,High Demand,Increase Stock
23550,WRAP ALPHABET POSTER  ,High Demand,Increase Stock
22805,BLUE DRAWER KNOB ACRYLIC EDWARDIAN,High Demand,Increase Stock
23193,BUFFALO BILL TREASURE BOOK BOX,High Demand,Increase Stock
21192,WHITE BELL HONEYCOMB PAPER ,High Demand,Increase Stock
85053,FRENCH ENAMEL CANDLEHOLDER,High Demand,Increase Stock
23147,SINGLE ANTIQUE ROSE HOOK IVORY,High Demand,Increase Stock
23264,SET OF 3 WOODEN SLEIGH DECORATIONS,High Demand,Increase Stock
85071A,BLUE CHARLIE+LOLA PERSONAL DOORSIGN,High Demand,Increase Stock
23280,FOLDING BUTTERFLY MIRROR HOT PINK ,High Demand,Increase Stock
22285,"DECORATION HEN ON NEST, HANGING",High Demand,Increase Stock
23570,TRADITIONAL PICK UP STICKS GAME ,High Demand,Increase Stock
35971,ROSE FOLKART HEART DECORATIONS,High Demand,Increase Stock
72807C,SET/3 VANILLA SCENTED CANDLE IN BOX,High Demand,Increase Stock
22479,DAISY GARDEN MARKER,High Demand,Increase Stock
22396,MAGNETS PACK OF 4 RETRO PHOTO,High Demand,Increase Stock
22565,FELTCRAFT HAIRBANDS PINK AND WHITE ,High Demand,Increase Stock
35095B,RED VICTORIAN FABRIC OVAL BOX,High Demand,Increase Stock
84849B,FAIRY SOAP SOAP HOLDER,High Demand,Increase Stock
22420,LIPSTICK PEN BABY PINK,Medium Demand,Maintain Stock
85041,SET/4 PINK ORCHID CANDLES IN BOWL,Medium Demand,Maintain Stock
22918,HERB MARKER PARSLEY,Medium Demand,Maintain Stock
23399,HOME SWEET HOME HANGING HEART,Medium Demand,Maintain Stock
22592,CARDHOLDER HOLLY WREATH METAL,Medium Demand,Maintain Stock
22483,RED GINGHAM TEDDY BEAR ,Medium Demand,Maintain Stock
79163,BLACK CHAMPAGNE GLASS,Medium Demand,Maintain Stock
21171,BATHROOM METAL SIGN ,Medium Demand,Maintain Stock
72484,ROSES IN WHITE HEART CANDLE ,Medium Demand,Maintain Stock
20754,RETROSPOT RED WASHING UP GLOVES,Medium Demand,Maintain Stock
22264,FELT FARM ANIMAL WHITE BUNNY ,Medium Demand,Maintain Stock
23240,SET OF 4 KNICK KNACK TINS DOILEY ,Medium Demand,Maintain Stock
21503,TOYBOX  WRAP ,Medium Demand,Maintain Stock
22985,WRAP BILLBOARD FONTS DESIGN,Medium Demand,Maintain Stock
90057,DIAMANTE RING ASSORTED IN BOX.,Medium Demand,Maintain Stock
22587,FELTCRAFT HAIRBAND RED AND BLUE,Medium Demand,Maintain Stock
21336,GOLD WASHBAG,Medium Demand,Maintain Stock
21181,PLEASE ONE PERSON  METAL SIGN,Medium Demand,Maintain Stock
21990,MODERN FLORAL STATIONERY SET,Medium Demand,Maintain Stock
22580,ADVENT CALENDAR GINGHAM SACK,Medium Demand,Maintain Stock
21541,DINOSAURS WATER TRANSFER TATTOOS ,Medium Demand,Maintain Stock
23434,3 RAFFIA RIBBONS 50'S CHRISTMAS ,Medium Demand,Maintain Stock
22265,EASTER DECORATION NATURAL CHICK,Medium Demand,Maintain Stock
84012,MAGIC SHEEP WOOL GROWING FROM PAPER,Medium Demand,Maintain Stock
23436,VINTAGE CHRISTMAS GIFT BAG LARGE ,Medium Demand,Maintain Stock
22276,WASH BAG VINTAGE ROSE PAISLEY,Medium Demand,Maintain Stock
35649,VINTAGE BEAD COSMETIC BAG ,Medium Demand,Maintain Stock
23188,VINTAGE  2 METER FOLDING RULER,Medium Demand,Maintain Stock
23238,SET OF 4 KNICK KNACK TINS LONDON ,Medium Demand,Maintain Stock
22193,RED DINER WALL CLOCK,Medium Demand,Maintain Stock
21011,GLITTER SNOW PEAR TREE DECORATION,Medium Demand,Maintain Stock
23287,RED VINTAGE SPOT BEAKER,Medium Demand,Maintain Stock
48111,DOOR MAT 3 SMILEY CATS,Medium Demand,Maintain Stock
23501,KEY RING BASEBALL BOOT UNION JACK,Medium Demand,Maintain Stock
21421,PORCELAIN ROSE LARGE ,Medium Demand,Maintain Stock
22067,CHOC TRUFFLE GOLD TRINKET POT ,Medium Demand,Maintain Stock
85177,BASKET OF FLOWERS SEWING KIT,Medium Demand,Maintain Stock
22583,PACK OF 6 HANDBAG GIFT BOXES,Medium Demand,Maintain Stock
21452,TOADSTOOL MONEY BOX,Medium Demand,Maintain Stock
21584,RETROSPOT SMALL TUBE MATCHES,Medium Demand,Maintain Stock
22242,5 HOOK HANGER MAGIC TOADSTOOL,Medium Demand,Maintain Stock
22731,3D CHRISTMAS STAMPS STICKERS ,Medium Demand,Maintain Stock
22261,FELT EGG COSY WHITE RABBIT ,Medium Demand,Maintain Stock
85114B,IVORY ENCHANTED FOREST PLACEMAT,Medium Demand,Maintain Stock
23330,DECORATIVE WICKER HEART MEDIUM,Medium Demand,Maintain Stock
23229,VINTAGE DONKEY TAIL GAME ,Medium Demand,Maintain Stock
16169P,WRAP GREEN RUSSIAN FOLKART ,Medium Demand,Maintain Stock
21542,WOODLAND WATER TRANSFER TATTOOS ,Medium Demand,Maintain Stock
22957,SET 3 PAPER VINTAGE CHICK PAPER EGG,Medium Demand,Maintain Stock
21539,RED RETROSPOT BUTTER DISH,Medium Demand,Maintain Stock
22525,CHILDRENS GARDEN GLOVES PINK,Medium Demand,Maintain Stock
22074,6 RIBBONS SHIMMERING PINKS ,Medium Demand,Maintain Stock
20960,WATERMELON BATH SPONGE,Medium Demand,Maintain Stock
22102,MIRROR MOSAIC T-LIGHT HOLDER ,Medium Demand,Maintain Stock
22524,CHILDRENS GARDEN GLOVES BLUE,Medium Demand,Maintain Stock
22262,FELT EGG COSY CHICKEN,Medium Demand,Maintain Stock
21524,DOOR MAT SPOTTY HOME SWEET HOME,Medium Demand,Maintain Stock
21384,IVORY HANGING DECORATION  BUTTERFLY,Medium Demand,Maintain Stock
84826,ASSTD DESIGN 3D PAPER STICKERS,Medium Demand,Maintain Stock
22779,WOODEN OWLS LIGHT GARLAND ,Medium Demand,Maintain Stock
22350,ILLUSTRATED CAT BOWL ,Medium Demand,Maintain Stock
23552,BICYCLE PUNCTURE REPAIR KIT ,Medium Demand,Maintain Stock
47593B,SCOTTIE DOGS BABY BIB,Medium Demand,Maintain Stock
22117,METAL SIGN HER DINNER IS SERVED ,Medium Demand,Maintain Stock
22972,CHILDREN'S SPACEBOY MUG,Medium Demand,Maintain Stock
21634,ASSORTED MINI MADRAS NOTEBOOK,Medium Demand,Maintain Stock
23480,MINI LIGHTS WOODLAND MUSHROOMS,Medium Demand,Maintain Stock
23109,PACK OF SIX LED TEA LIGHTS,Medium Demand,Maintain Stock
23163,REGENCY SUGAR TONGS,Medium Demand,Maintain Stock
85194L,HANGING SPRING FLOWER EGG LARGE,Medium Demand,Maintain Stock
23382,BOX OF 6 CHRISTMAS CAKE DECORATIONS,Medium Demand,Maintain Stock
22605,WOODEN CROQUET GARDEN SET,Medium Demand,Maintain Stock
21624,VINTAGE UNION JACK DOORSTOP,Medium Demand,Maintain Stock
23327,HANGING CLEAR MINI BOTTLE,Medium Demand,Maintain Stock
22919,HERB MARKER MINT,Medium Demand,Maintain Stock
21340,CLASSIC METAL BIRDCAGE PLANT HOLDER,Medium Demand,Maintain Stock
23329,DECORATIVE WICKER HEART LARGE,Medium Demand,Maintain Stock
85183B,CHARLIE & LOLA WASTEPAPER BIN FLORA,Medium Demand,Maintain Stock
23006,TRAVEL CARD WALLET FLOWER MEADOW,Medium Demand,Maintain Stock
20657,TROPICAL LUGGAGE TAG,Medium Demand,Maintain Stock
21826,EIGHT PIECE DINOSAUR SET,Medium Demand,Maintain Stock
84818,DANISH ROSE PHOTO FRAME,Medium Demand,Maintain Stock
84341B,SMALL PINK MAGIC CHRISTMAS TREE,Medium Demand,Maintain Stock
22650,CERAMIC PIRATE CHEST MONEY BANK,Medium Demand,Maintain Stock
22921,HERB MARKER CHIVES ,Medium Demand,Maintain Stock
84997A,CHILDRENS CUTLERY POLKADOT GREEN ,Medium Demand,Maintain Stock
22349,DOG BOWL CHASING BALL DESIGN,Medium Demand,Maintain Stock
35832,WOOLLY HAT SOCK GLOVE ADVENT STRING,Medium Demand,Maintain Stock
23438, RED SPOT GIFT BAG LARGE,Medium Demand,Maintain Stock
20886,BOX OF 9 PEBBLE CANDLES,Medium Demand,Maintain Stock
22597,CHRISTMAS MUSICAL ZINC HEART ,Medium Demand,Maintain Stock
85230G,ORANGE VOTIVE CANDLE,Medium Demand,Maintain Stock
85194S,HANGING SPRING FLOWER EGG SMALL,Medium Demand,Maintain Stock
23190,BUNDLE OF 3 SCHOOL EXERCISE BOOKS  ,Medium Demand,Maintain Stock
22157,ANGEL DECORATION WITH LACE PADDED,Medium Demand,Maintain Stock
21817,GLITTER CHRISTMAS TREE,Medium Demand,Maintain Stock
21818,GLITTER CHRISTMAS HEART ,Medium Demand,Maintain Stock
84880,WHITE WIRE EGG HOLDER,Medium Demand,Maintain Stock
85197,SET OF 12 MINI BUNNIES IN A BUCKET,Medium Demand,Maintain Stock
35095A,BLUE VICTORIAN FABRIC OVAL BOX,Medium Demand,Maintain Stock
23265,SET OF 3 WOODEN TREE DECORATIONS,Medium Demand,Maintain Stock
21014,SWISS CHALET TREE DECORATION ,Medium Demand,Maintain Stock
23504,PLAYING CARDS JUBILEE UNION JACK,Medium Demand,Maintain Stock
21866,UNION JACK FLAG LUGGAGE TAG,Medium Demand,Maintain Stock
20730,STRAWBERRY CANDY BAG,Medium Demand,Maintain Stock
85226A,WHITE/BLUE PULL BACK RACING CAR,Medium Demand,Maintain Stock
21684,SMALL MEDINA STAMPED METAL BOWL ,Medium Demand,Maintain Stock
84006,MAGIC TREE -PAPER FLOWERS,Medium Demand,Maintain Stock
48194,DOOR MAT HEARTS,Medium Demand,Maintain Stock
84884A,ANT WHITE WIRE HEART SPIRAL,Medium Demand,Maintain Stock
22175,PINK OWL SOFT TOY,Medium Demand,Maintain Stock
21811,CHRISTMAS HANGING HEART WITH BELL,Medium Demand,Maintain Stock
22096,PINK PAISLEY SQUARE TISSUE BOX ,Medium Demand,Maintain Stock
21906,PHARMACIE FIRST AID TIN,Medium Demand,Maintain Stock
35598D,PINK/WHITE CHRISTMAS TREE 60CM,Medium Demand,Maintain Stock
48185,DOOR MAT FAIRY CAKE,Medium Demand,Maintain Stock
21535,RETRO SPOT SMALL MILK JUG,Medium Demand,Maintain Stock
23251,VINTAGE RED ENAMEL TRIM MUG ,Medium Demand,Maintain Stock
23234,BISCUIT TIN VINTAGE CHRISTMAS,Medium Demand,Maintain Stock
72760B,VINTAGE CREAM 3 BASKET CAKE STAND,Medium Demand,Maintain Stock
21328,BALLOONS  WRITING SET ,Medium Demand,Maintain Stock
23156,SET OF 5 MINI GROCERY MAGNETS,Medium Demand,Maintain Stock
22468,BABUSHKA LIGHTS STRING OF 10,Medium Demand,Maintain Stock
23194,GYMKHANA TREASURE BOOK BOX,Medium Demand,Maintain Stock
22191,IVORY DINER WALL CLOCK,Medium Demand,Maintain Stock
85049H,URBAN BLACK RIBBONS ,Medium Demand,Maintain Stock
22634,CHILDS BREAKFAST SET SPACEBOY ,Medium Demand,Maintain Stock
22042,CHRISTMAS CARD SINGING ANGEL,Medium Demand,Maintain Stock
15044B,BLUE PAPER PARASOL ,Medium Demand,Maintain Stock
85014A,BLACK/BLUE POLKADOT UMBRELLA,Medium Demand,Maintain Stock
23254,CHILDRENS CUTLERY DOLLY GIRL ,Medium Demand,Maintain Stock
22036,DINOSAUR BIRTHDAY CARD,Medium Demand,Maintain Stock
22671,FRENCH LAUNDRY SIGN BLUE METAL,Medium Demand,Maintain Stock
22780,LIGHT GARLAND BUTTERFILES PINK,Medium Demand,Maintain Stock
23120,PACK OF 6 SMALL FRUIT STRAWS,Medium Demand,Maintain Stock
21329,DINOSAURS  WRITING SET ,Medium Demand,Maintain Stock
23551,PACK OF 12 PAISLEY PARK TISSUES ,Medium Demand,Maintain Stock
21414,SCALLOP SHELL SOAP DISH,Medium Demand,Maintain Stock
21973,SET OF 36 MUSHROOM PAPER DOILIES,Medium Demand,Maintain Stock
22354,RETROSPOT PADDED SEAT CUSHION,Medium Demand,Maintain Stock
22902,TOTE BAG I LOVE LONDON,Medium Demand,Maintain Stock
22342,HOME GARLAND PAINTED ZINC ,Medium Demand,Maintain Stock
23161,REGENCY CAKE FORK,Medium Demand,Maintain Stock
21614,SET OF 12 ROSE BOTANICAL T-LIGHTS,Medium Demand,Maintain Stock
22251,BIRDHOUSE DECORATION MAGIC GARDEN,Medium Demand,Maintain Stock
23271,CHRISTMAS TABLE SILVER CANDLE SPIKE,Medium Demand,Maintain Stock
22403,MAGNETS PACK OF 4 VINTAGE LABELS ,Medium Demand,Maintain Stock
21533,RETRO SPOT LARGE MILK JUG,Medium Demand,Maintain Stock
20674,GREEN POLKADOT BOWL,Medium Demand,Maintain Stock
22103,MIRROR MOSAIC T-LIGHT HOLDER ROUND,Medium Demand,Maintain Stock
22639,SET OF 4 NAPKIN CHARMS HEARTS,Medium Demand,Maintain Stock
22635,CHILDS BREAKFAST SET DOLLY GIRL ,Medium Demand,Maintain Stock
37444C,PINK BREAKFAST CUP AND SAUCER ,Medium Demand,Maintain Stock
21533,RETROSPOT LARGE MILK JUG,Medium Demand,Maintain Stock
23213,STAR WREATH DECORATION WITH BELL,Medium Demand,Maintain Stock
23352,ROLL WRAP 50'S RED CHRISTMAS ,Medium Demand,Maintain Stock
23196,VINTAGE LEAF MAGNETIC NOTEPAD,Medium Demand,Maintain Stock
23227,FILIGREE HEART BUTTERFLY WHITE ,Medium Demand,Maintain Stock
22409,MONEY BOX BISCUITS DESIGN,Medium Demand,Maintain Stock
21402,RED  EGG  SPOON,Medium Demand,Maintain Stock
22080,RIBBON REEL POLKADOTS ,Medium Demand,Maintain Stock
23498,CLASSIC BICYCLE CLIPS ,Medium Demand,Maintain Stock
22896,PEG BAG APPLES DESIGN,Medium Demand,Maintain Stock
20738,GREEN MINI TAPE MEASURE ,Medium Demand,Maintain Stock
17164B,ASS COL SMALL SAND GECKO P'WEIGHT,Medium Demand,Maintain Stock
84508A,CAMOFLAGE DESIGN TEDDY,Medium Demand,Maintain Stock
23500,KEY RING BASEBALL BOOT ASSORTED ,Medium Demand,Maintain Stock
22306,SILVER MUG BONE CHINA TREE OF LIFE,Medium Demand,Maintain Stock
16168M,FUNKY MONKEY GIFT BAG MEDIUM,Medium Demand,Maintain Stock
20832,RED FLOCK LOVE HEART PHOTO FRAME,Medium Demand,Maintain Stock
23547,WRAP FLOWER SHOP  ,Medium Demand,Maintain Stock
22702,BLACK AND WHITE CAT BOWL,Medium Demand,Maintain Stock
22405,MONEY BOX POCKET MONEY DESIGN,Medium Demand,Maintain Stock
16015,MEDIUM CHINESE STYLE SCISSOR,Medium Demand,Maintain Stock
21675,BUTTERFLIES STICKERS,Medium Demand,Maintain Stock
79191C,RETRO PLASTIC ELEPHANT TRAY,Medium Demand,Maintain Stock
22636,CHILDS BREAKFAST SET CIRCUS PARADE,Medium Demand,Maintain Stock
23373,VINTAGE CHRISTMAS PAPER GIFT BAG,Medium Demand,Maintain Stock
22598,CHRISTMAS MUSICAL ZINC TREE,Medium Demand,Maintain Stock
22072,RED RETROSPOT TEA CUP AND SAUCER ,Medium Demand,Maintain Stock
47480,HANGING PHOTO CLIP ROPE LADDER,Medium Demand,Maintain Stock
23289,DOLLY GIRL CHILDRENS BOWL,Medium Demand,Maintain Stock
21249,WOODLAND  HEIGHT CHART STICKERS ,Medium Demand,Maintain Stock
22033,BOTANICAL ROSE GREETING CARD,Medium Demand,Maintain Stock
22292,"SPRING DEC , HANGING CHICK  YELLOW",Medium Demand,Maintain Stock
21059,PARTY INVITES DINOSAURS,Medium Demand,Maintain Stock
22974,CHILDRENS DOLLY GIRL MUG,Medium Demand,Maintain Stock
22897,OVEN MITT APPLES DESIGN,Medium Demand,Maintain Stock
23291,DOLLY GIRL CHILDRENS CUP,Medium Demand,Maintain Stock
21880,RED RETROSPOT TAPE,Medium Demand,Maintain Stock
23681,LUNCH BAG RED VINTAGE DOILY,Medium Demand,Maintain Stock
20733,GOLD MINI TAPE MEASURE ,Medium Demand,Maintain Stock
15044D,RED PAPER PARASOL,Medium Demand,Maintain Stock
21756,BATH BUILDING BLOCK WORD,Medium Demand,Maintain Stock
21641,ASSORTED TUTTI FRUTTI KEYRING BALL,Medium Demand,Maintain Stock
21398,RED POLKADOT COFFEE  MUG,Medium Demand,Maintain Stock
21944,KITTENS DESIGN FLANNEL,Medium Demand,Maintain Stock
85064,CREAM SWEETHEART LETTER RACK,Medium Demand,Maintain Stock
23135,SMALL ZINC HEART WALL ORGANISER,Medium Demand,Maintain Stock
85196,EASTER BUNNIES ON A STICK,Medium Demand,Maintain Stock
37327,ASSTD MULTICOLOUR CIRCLES MUG,Medium Demand,Maintain Stock
22361,GLASS JAR DAISY FRESH COTTON WOOL,Medium Demand,Maintain Stock
18097C,WHITE TALL PORCELAIN T-LIGHT HOLDER,Medium Demand,Maintain Stock
22034,ROBIN CHRISTMAS CARD,Medium Demand,Maintain Stock
47580,TEA TIME DES TEA COSY,Medium Demand,Maintain Stock
23365,SET 12 COLOUR PENCILS LOVE LONDON,Medium Demand,Maintain Stock
22371,AIRLINE BAG VINTAGE TOKYO 78,Medium Demand,Maintain Stock
21905,MORE BUTTER METAL SIGN ,Medium Demand,Maintain Stock
84997A,GREEN 3 PIECE POLKADOT CUTLERY SET,Medium Demand,Maintain Stock
22487,WHITE WOOD GARDEN PLANT LADDER,Medium Demand,Maintain Stock
21945,STRAWBERRIES  DESIGN FLANNEL ,Medium Demand,Maintain Stock
84849D,HOT BATHS SOAP HOLDER,Medium Demand,Maintain Stock
22628,PICNIC BOXES SET OF 3 RETROSPOT ,Medium Demand,Maintain Stock
20714,POSY SHOPPER BAG,Medium Demand,Maintain Stock
21327,SKULLS WRITING SET ,Medium Demand,Maintain Stock
37495,FAIRY CAKE BIRTHDAY CANDLE SET,Medium Demand,Maintain Stock
23371,SET 36 COLOUR PENCILS SPACEBOY ,Medium Demand,Maintain Stock
20674,GREEN SPOTTY BOWL,Medium Demand,Maintain Stock
85183A,CHARLIE & LOLA WASTEPAPER BIN BLUE,Medium Demand,Maintain Stock
84842,HELLO SAILOR BATHROOM SET,Medium Demand,Maintain Stock
23331,DECORATIVE WICKER HEART SMALL,Medium Demand,Maintain Stock
22923,FRIDGE MAGNETS LES ENFANTS ASSORTED,Medium Demand,Maintain Stock
22999,TRAVEL CARD WALLET RETRO PETALS,Medium Demand,Maintain Stock
22458,CAST IRON HOOK GARDEN FORK,Medium Demand,Maintain Stock
21609,SET 12 LAVENDER  BOTANICAL T-LIGHTS,Medium Demand,Maintain Stock
22181,SNOWSTORM PHOTO FRAME FRIDGE MAGNET,Medium Demand,Maintain Stock
21864,UNION JACK FLAG PASSPORT COVER ,Medium Demand,Maintain Stock
72802B,OCEAN SCENT CANDLE IN JEWELLED BOX,Medium Demand,Maintain Stock
21204,DAISIES  HONEYCOMB GARLAND ,Medium Demand,Maintain Stock
84839,SWEETHEART KEY CABINET,Medium Demand,Maintain Stock
22228,BUNNY WOODEN PAINTED WITH BIRD ,Medium Demand,Maintain Stock
22627,MINT KITCHEN SCALES,Medium Demand,Maintain Stock
23381,PACK OF 12 VINTAGE LEAF TISSUES ,Medium Demand,Maintain Stock
22784,LANTERN CREAM GAZEBO ,Medium Demand,Maintain Stock
85206B,PINK FELT EASTER EGG BASKET,Medium Demand,Maintain Stock
23302,KNEELING MAT HOUSEWORK  DESIGN,Medium Demand,Maintain Stock
21012,ANTIQUE ALL GLASS CANDLESTICK,Medium Demand,Maintain Stock
84763,ZINC FINISH 15CM PLANTER POTS,Medium Demand,Maintain Stock
84828,JUNGLE POPSICLES ICE LOLLY HOLDERS,Medium Demand,Maintain Stock
22795,SWEETHEART RECIPE BOOK STAND,Medium Demand,Maintain Stock
20682,RED RETROSPOT CHILDRENS UMBRELLA,Medium Demand,Maintain Stock
23221,REINDEER HEART DECORATION SILVER,Medium Demand,Maintain Stock
22210,WOOD STAMP SET BEST WISHES,Medium Demand,Maintain Stock
22318,FIVE HEART HANGING DECORATION,Medium Demand,Maintain Stock
21445,12 PINK ROSE PEG PLACE SETTINGS,Medium Demand,Maintain Stock
22267,EASTER DECORATION EGG BUNNY ,Medium Demand,Maintain Stock
22081,RIBBON REEL FLORA + FAUNA ,Medium Demand,Maintain Stock
79067,CORONA MEXICAN TRAY,Medium Demand,Maintain Stock
35923,CANDY HEART HANGING DECORATION,Medium Demand,Maintain Stock
85016,SET OF 6 VINTAGE NOTELETS KIT,Medium Demand,Maintain Stock
16156N,"WRAP, FRIENDSHIP ON GREEN",Medium Demand,Maintain Stock
48184,DOOR MAT ENGLISH ROSE ,Medium Demand,Maintain Stock
21203,BUTTERFLIES  HONEYCOMB GARLAND,Medium Demand,Maintain Stock
37342,POLKADOT COFFEE CUP & SAUCER PINK,Medium Demand,Maintain Stock
47421,ASSORTED COLOUR LIZARD SUCTION HOOK,Medium Demand,Maintain Stock
23268,SET OF 2 CERAMIC CHRISTMAS REINDEER,Medium Demand,Maintain Stock
21015,DARK BIRD HOUSE TREE DECORATION,Medium Demand,Maintain Stock
21843,RETRO SPOT CAKE STAND,Medium Demand,Maintain Stock
23242,TREASURE TIN BUFFALO BILL ,Medium Demand,Maintain Stock
20682,RED SPOTTY CHILDS UMBRELLA,Medium Demand,Maintain Stock
22353,LUNCH BOX WITH CUTLERY FAIRY CAKES ,Medium Demand,Maintain Stock
23431,NATURAL HANGING QUILTED HEARTS ,Medium Demand,Maintain Stock
21216,"SET 3 RED SPOT TIN TEA,COFFEE,SUGAR",Medium Demand,Maintain Stock
22070,SMALL RED RETROSPOT MUG IN BOX ,Medium Demand,Maintain Stock
22965,3 TRADITIONAl BISCUIT CUTTERS  SET,Medium Demand,Maintain Stock
23323,WHITE WICKER STAR ,Medium Demand,Maintain Stock
79323LP,LIGHT PINK CHERRY LIGHTS,Medium Demand,Maintain Stock
16225,RATTLE SNAKE EGGS,Medium Demand,Maintain Stock
21217,RED SPOTTY ROUND CAKE TINS,Medium Demand,Maintain Stock
21626,VINTAGE UNION JACK PENNANT,Medium Demand,Maintain Stock
48188,DOOR MAT WELCOME PUPPIES,Medium Demand,Maintain Stock
21431,GREEN GINGHAM FLOWER JEWELLERY BOX,Medium Demand,Maintain Stock
21112,"SWISS ROLL TOWEL, PINK  SPOTS",Medium Demand,Maintain Stock
22121,NOEL WOODEN BLOCK LETTERS ,Medium Demand,Maintain Stock
22538,MINI JIGSAW GO TO THE FAIR,Medium Demand,Maintain Stock
21717,EASTER TIN BUCKET,Medium Demand,Maintain Stock
85231G,ORANGE SCENTED SET/9 T-LIGHTS,Medium Demand,Maintain Stock
22955,36 FOIL STAR CAKE CASES ,Medium Demand,Maintain Stock
21559,STRAWBERRY LUNCHBOX WITH CUTLERY,Medium Demand,Maintain Stock
22269,EGG CUP NATURAL CHICKEN,Medium Demand,Maintain Stock
22179,SET 10 LIGHTS NIGHT OWL,Medium Demand,Maintain Stock
23228,FILIGREE HEART BIRD WHITE ,Medium Demand,Maintain Stock
21844,RETRO SPOT MUG,Medium Demand,Maintain Stock
85222,ASSORTED COLOUR SILK COSMETIC PURSE,Medium Demand,Maintain Stock
20716,PARTY FOOD SHOPPER BAG,Medium Demand,Maintain Stock
23160,REGENCY TEA SPOON,Medium Demand,Maintain Stock
85060,WOOD FAN WITH FLOWER DESIGN,Medium Demand,Maintain Stock
22744,MAKE YOUR OWN MONSOON CARD KIT,Medium Demand,Maintain Stock
21593,SWALLOW CIGAR BOX MATCHES ,Medium Demand,Maintain Stock
79190B,RETRO PLASTIC POLKA TRAY,Medium Demand,Maintain Stock
21401,BLUE PUDDING SPOON,Medium Demand,Maintain Stock
85032A,ROMANTIC IMAGES GIFT WRAP SET,Medium Demand,Maintain Stock
20734,SILVER MINI TAPE MEASURE ,Medium Demand,Maintain Stock
22695,WICKER WREATH SMALL,Medium Demand,Maintain Stock
22700,BLACK AND WHITE DOG BOWL,Medium Demand,Maintain Stock
85131A,BEADED PEARL HEART WHITE ON STICK,Medium Demand,Maintain Stock
22924,FRIDGE MAGNETS LA VIE EN ROSE,Medium Demand,Maintain Stock
22192,BLUE DINER WALL CLOCK,Medium Demand,Maintain Stock
21532,DAIRY MAID SUGAR JAM BOWL,Medium Demand,Maintain Stock
22353,LUNCHBOX WITH CUTLERY FAIRY CAKES ,Medium Demand,Maintain Stock
21947,SET OF 6 HEART CHOPSTICKS,Medium Demand,Maintain Stock
21556,CERAMIC STRAWBERRY MONEY BOX,Medium Demand,Maintain Stock
21879,HEARTS GIFT TAPE,Medium Demand,Maintain Stock
22230,JIGSAW TREE WITH WATERING CAN,Medium Demand,Maintain Stock
23312,VINTAGE CHRISTMAS GIFT SACK,Medium Demand,Maintain Stock
21063,PARTY INVITES JAZZ HEARTS,Medium Demand,Maintain Stock
23162,REGENCY TEA STRAINER,Medium Demand,Maintain Stock
22696,WICKER WREATH LARGE,Medium Demand,Maintain Stock
22352,LUNCHBOX WITH CUTLERY RETROSPOT ,Medium Demand,Maintain Stock
21330,WOODLAND ANIMAL  WRITING SET ,Medium Demand,Maintain Stock
21209,MULTICOLOUR HONEYCOMB FAN,Medium Demand,Maintain Stock
22134,LADLE LOVE HEART RED ,Medium Demand,Maintain Stock
16169C,WRAP BLUE REINDEER,Medium Demand,Maintain Stock
22340,NOEL GARLAND PAINTED ZINC ,Medium Demand,Maintain Stock
22146,EASTER CRAFT IVY WREATH WITH CHICK,Medium Demand,Maintain Stock
84993A,75 GREEN PETIT FOUR CASES,Medium Demand,Maintain Stock
22272,FELTCRAFT DOLL MARIA,Medium Demand,Maintain Stock
84459B,YELLOW METAL CHICKEN HEART ,Medium Demand,Maintain Stock
35951,FOLKART BAUBLE CHRISTMAS DECORATION,Medium Demand,Maintain Stock
22459,CAST IRON HOOK GARDEN TROWEL,Medium Demand,Maintain Stock
22268,DECORATION SITTING BUNNY,Medium Demand,Maintain Stock
84247G,"DECOUPAGE,GREETING CARD,",Medium Demand,Maintain Stock
23169,CLASSIC GLASS COOKIE JAR,Medium Demand,Maintain Stock
22438,BALLOON ART MAKE YOUR OWN FLOWERS,Medium Demand,Maintain Stock
21942,SKULLS DESIGN FLANNEL,Medium Demand,Maintain Stock
23188,VINTAGE  2 METRE FOLDING RULER,Medium Demand,Maintain Stock
20846,ZINC HEART LATTICE T-LIGHT HOLDER,Medium Demand,Maintain Stock
21643,ASSORTED TUTTI FRUTTI MIRROR,Medium Demand,Maintain Stock
21463,MIRRORED DISCO BALL ,Medium Demand,Maintain Stock
21123,SET/10 IVORY POLKADOT PARTY CANDLES,Medium Demand,Maintain Stock
22999,TRAVEL CARD WALLET VINTAGE LEAF,Medium Demand,Maintain Stock
22519,CHILDS GARDEN BRUSH PINK,Medium Demand,Maintain Stock
84507B,STRIPES DESIGN MONKEY DOLL,Medium Demand,Maintain Stock
23197,SKETCHBOOK MAGNETIC SHOPPING LIST,Medium Demand,Maintain Stock
22735,RIBBON REEL SOCKS AND MITTENS,Medium Demand,Maintain Stock
23375,50'S CHRISTMAS PAPER GIFT BAG,Medium Demand,Maintain Stock
21291,SMALL POLKADOT CHOCOLATE GIFT BAG ,Medium Demand,Maintain Stock
21357,TOAST ITS - DINOSAUR,Medium Demand,Maintain Stock
23483,HANGING  BUTTERFLY T-LIGHT HOLDER,Medium Demand,Maintain Stock
22743,MAKE YOUR OWN FLOWERPOWER CARD KIT,Medium Demand,Maintain Stock
84821,DANISH ROSE DELUXE COASTER,Medium Demand,Maintain Stock
22021,BLUE FELT EASTER EGG BASKET,Medium Demand,Maintain Stock
22410,MONEY BOX HOUSEKEEPING DESIGN,Medium Demand,Maintain Stock
22664,TOY TIDY DOLLY GIRL DESIGN,Medium Demand,Maintain Stock
22518,CHILDS GARDEN BRUSH BLUE,Medium Demand,Maintain Stock
21061,PARTY INVITES FOOTBALL,Medium Demand,Maintain Stock
22277,COSMETIC BAG VINTAGE ROSE PAISLEY,Medium Demand,Maintain Stock
21655,HANGING RIDGE GLASS T-LIGHT HOLDER,Medium Demand,Maintain Stock
85035C,ROSE 3 WICK MORRIS BOX CANDLE,Medium Demand,Maintain Stock
85186A,EASTER BUNNY GARLAND OF FLOWERS,Medium Demand,Maintain Stock
51020A,SUMMER FUN DESIGN SHOWER CAP,Medium Demand,Maintain Stock
21651,HANGING GLASS ETCHED TEALIGHT,Medium Demand,Maintain Stock
22424,ENAMEL BREAD BIN CREAM,Medium Demand,Maintain Stock
22821,GIFT BAG PSYCHEDELIC APPLES,Medium Demand,Maintain Stock
23549,WRAP BIRD GARDEN ,Medium Demand,Maintain Stock
21538,DAIRY MAID  PUDDING BOWL,Medium Demand,Maintain Stock
23225,CHERUB HEART DECORATION SILVER ,Medium Demand,Maintain Stock
21588,RETRO SPOT GIANT  TUBE MATCHES,Medium Demand,Maintain Stock
23372,SET 36 COLOUR PENCILS DOLLY GIRL,Medium Demand,Maintain Stock
22254,FELT TOADSTOOL LARGE,Medium Demand,Maintain Stock
22776,SWEETHEART CAKESTAND 3 TIER,Medium Demand,Maintain Stock
22249,DECORATION WHITE CHICK MAGIC GARDEN,Medium Demand,Maintain Stock
23217,LAUREL HEART ANTIQUE SILVER,Medium Demand,Maintain Stock
23370,SET 36 COLOURING PENCILS DOILY,Medium Demand,Maintain Stock
22430,ENAMEL WATERING CAN CREAM,Medium Demand,Maintain Stock
21200,MULTICOLOUR HONEYCOMB PAPER GARLAND,Medium Demand,Maintain Stock
22591,CARDHOLDER GINGHAM CHRISTMAS TREE,Medium Demand,Maintain Stock
21245,GREEN  SPOTTY PLATE ,Medium Demand,Maintain Stock
85174,S/4 CACTI CANDLES,Medium Demand,Maintain Stock
22211,WOOD STAMP SET FLOWERS,Medium Demand,Maintain Stock
22673,FRENCH GARDEN SIGN BLUE METAL,Medium Demand,Maintain Stock
21922,UNION STRIPE WITH FRINGE  HAMMOCK,Medium Demand,Maintain Stock
20707,CRAZY DAISY HEART DECORATION,Medium Demand,Maintain Stock
16168S,FUNKY MONKEY GIFT BAG SMALL,Medium Demand,Maintain Stock
21637,ASSORTED SANSKRIT MINI NOTEBOOK,Medium Demand,Maintain Stock
79066K,RETRO MOD TRAY,Medium Demand,Maintain Stock
23029,DRAWER KNOB CRACKLE GLAZE GREEN,Medium Demand,Maintain Stock
23432,PRETTY HANGING QUILTED HEARTS,Medium Demand,Maintain Stock
85213,MINI  ZINC GARDEN DECORATIONS ,Medium Demand,Maintain Stock
21217,RED RETROSPOT ROUND CAKE TINS,Medium Demand,Maintain Stock
72800E,4 IVORY DINNER CANDLES SILVER FLOCK,Medium Demand,Maintain Stock
21257,VICTORIAN SEWING BOX MEDIUM,Medium Demand,Maintain Stock
22983,"CARD, BILLBOARD FONT",Medium Demand,Maintain Stock
21773,DECORATIVE ROSE BATHROOM BOTTLE,Medium Demand,Maintain Stock
22209,WOOD STAMP SET HAPPY BIRTHDAY,Medium Demand,Maintain Stock
84596L,BISCUITS SMALL BOWL LIGHT BLUE,Medium Demand,Maintain Stock
21774,DECORATIVE CATS BATHROOM BOTTLE,Medium Demand,Maintain Stock
22145,CHRISTMAS CRAFT HEART STOCKING ,Medium Demand,Maintain Stock
85039B,S/4 IVORY MINI ROSE CANDLE IN BOWL,Medium Demand,Maintain Stock
21289,LARGE STRIPES CHOCOLATE GIFT BAG,Medium Demand,Maintain Stock
22973,CHILDREN'S CIRCUS PARADE MUG,Medium Demand,Maintain Stock
22073,RED RETROSPOT STORAGE JAR,Medium Demand,Maintain Stock
17109D,FLOWER FAIRY INCENSE BOUQUET,Medium Demand,Maintain Stock
21123,SET/10 IVORY SPOTTY PARTY CANDLES,Medium Demand,Maintain Stock
23281,FOLDING BUTTERFLY MIRROR RED  ,Medium Demand,Maintain Stock
21419,CONCH SHELL,Medium Demand,Maintain Stock
21110,LARGE CAKE TOWEL PINK SPOTS,Medium Demand,Maintain Stock
21187,WHITE BELL HONEYCOMB PAPER GARLAND ,Medium Demand,Maintain Stock
37482B,CUBIC MUG BLUE POLKA DOT,Medium Demand,Maintain Stock
22740,POLKA DOT PEN,Medium Demand,Maintain Stock
21869,POTTING SHED COFFEE MUG,Medium Demand,Maintain Stock
23499,SET 12 VINTAGE DOILY CHALK ,Medium Demand,Maintain Stock
37479B,CUBIC MUG FLOCK BLUE ON BROWN,Medium Demand,Maintain Stock
35400,WOODEN BOX ADVENT CALENDAR ,Medium Demand,Maintain Stock
85034C,3 ROSE MORRIS BOXED CANDLES,Medium Demand,Maintain Stock
23236,STORAGE TIN VINTAGE DOILY ,Medium Demand,Maintain Stock
22840,ROUND CAKE TIN VINTAGE RED,Medium Demand,Maintain Stock
21884,CAKES AND BOWS GIFT  TAPE,Medium Demand,Maintain Stock
21041,RED SPOTTY OVEN GLOVE DOUBLE,Medium Demand,Maintain Stock
23102,SILVER HEARTS TABLE DECORATION,Medium Demand,Maintain Stock
23426,METAL SIGN DROP YOUR PANTS,Medium Demand,Maintain Stock
21743,STAR PORTABLE TABLE LIGHT ,Medium Demand,Maintain Stock
21258,VICTORIAN SEWING BOX LARGE,Medium Demand,Maintain Stock
35004B,SET OF 3 BLACK FLYING DUCKS,Medium Demand,Maintain Stock
22203,MILK PAN RED RETROSPOT,Medium Demand,Maintain Stock
22857,ASSORTED EASTER GIFT TAGS,Medium Demand,Maintain Stock
21471,STRAWBERRY RAFFIA FOOD COVER,Medium Demand,Maintain Stock
22589,CARDHOLDER GINGHAM STAR,Medium Demand,Maintain Stock
22316,200 BENDY SKULL STRAWS,Medium Demand,Maintain Stock
22476,EMPIRE UNION JACK TV DINNER TRAY,Medium Demand,Maintain Stock
48173C,DOOR MAT BLACK FLOCK ,Medium Demand,Maintain Stock
79030G,TUMBLER NEW ENGLAND,Medium Demand,Maintain Stock
22222,CAKE PLATE LOVEBIRD WHITE,Medium Demand,Maintain Stock
22291,HANGING CHICK CREAM DECORATION,Medium Demand,Maintain Stock
23031,DRAWER KNOB CRACKLE GLAZE PINK,Medium Demand,Maintain Stock
23189,SET OF 12 FORK CANDLES,Medium Demand,Maintain Stock
23433,HANGING QUILTED PATCHWORK APPLES,Medium Demand,Maintain Stock
17001,HEAVENS SCENT FRAGRANCE OILS ASSTD,Medium Demand,Maintain Stock
84466,TOP SECRET PEN SET,Medium Demand,Maintain Stock
21191,LARGE WHITE HONEYCOMB PAPER BELL  ,Medium Demand,Maintain Stock
75131,METAL TUBE CHIME ON BAMBOO,Medium Demand,Maintain Stock
21060,PARTY INVITES BALLOON GIRL,Medium Demand,Maintain Stock
22309,TEA COSY RED  STRIPE,Medium Demand,Maintain Stock
21111,"SWISS ROLL TOWEL, CHOCOLATE  SPOTS",Medium Demand,Maintain Stock
84558A,3D DOG PICTURE PLAYING CARDS,Medium Demand,Maintain Stock
16054,POPART RECT PENCIL SHARPENER ASST,Medium Demand,Maintain Stock
21653,GLASS ETCHED T-LIGHT HOLDER LARGE,Medium Demand,Maintain Stock
20871,OPULENT VELVET SET/3 CANDLES,Medium Demand,Maintain Stock
72816,SET/3 CHRISTMAS DECOUPAGE CANDLES,Medium Demand,Maintain Stock
22789,T-LIGHT HOLDER SWEETHEART HANGING,Medium Demand,Maintain Stock
23377,PACK OF 12 DOLLY GIRL TISSUES,Medium Demand,Maintain Stock
23226,FILIGREE HEART DAISY WHITE,Medium Demand,Maintain Stock
72817,SET OF 2 CHRISTMAS DECOUPAGE CANDLE,Medium Demand,Maintain Stock
85071C,"CHARLIE+LOLA""EXTREMELY BUSY"" SIGN",Medium Demand,Maintain Stock
82600,N0 SINGING METAL SIGN,Medium Demand,Maintain Stock
21927,BLUE/CREAM STRIPE CUSHION COVER ,Medium Demand,Maintain Stock
22719,GUMBALL MONOCHROME COAT RACK,Medium Demand,Maintain Stock
21540,DAIRY MAID BUTTER DISH,Medium Demand,Maintain Stock
22807,SET OF 6 T-LIGHTS TOADSTOOLS,Medium Demand,Maintain Stock
22541,MINI JIGSAW LEAP FROG,Medium Demand,Maintain Stock
79337,BLUE FLOCK GLASS CANDLEHOLDER,Medium Demand,Maintain Stock
21198,WHITE HEART CONFETTI IN TUBE,Medium Demand,Maintain Stock
22416,SET OF 36 DOILIES SPACEBOY DESIGN ,Medium Demand,Maintain Stock
22859,EASTER TIN BUNNY BOUQUET,Medium Demand,Maintain Stock
22492,MINI PAINT SET VINTAGE  BOY+ GIRL,Medium Demand,Maintain Stock
22260,FELT EGG COSY BLUE RABBIT ,Medium Demand,Maintain Stock
22359,GLASS JAR KINGS CHOICE,Medium Demand,Maintain Stock
23086,ZINC  STAR T-LIGHT HOLDER ,Medium Demand,Maintain Stock
21881,CUTE CATS TAPE,Medium Demand,Maintain Stock
85132A,CHARLIE + LOLA BISCUITS TINS,Medium Demand,Maintain Stock
22426,ENAMEL WASH BOWL CREAM,Medium Demand,Maintain Stock
22942,CHRISTMAS LIGHTS 10 SANTAS ,Medium Demand,Maintain Stock
85186C,BUNNY EGG GARLAND,Medium Demand,Maintain Stock
85114A,BLACK ENCHANTED FOREST PLACEMAT,Medium Demand,Maintain Stock
21925,UNION STRIPE CUSHION COVER ,Medium Demand,Maintain Stock
23379,PACK OF 12 RED APPLE TISSUES,Medium Demand,Maintain Stock
85116,BLACK CANDELABRA T-LIGHT HOLDER,Medium Demand,Maintain Stock
22820,GIFT BAG BIRTHDAY,Medium Demand,Maintain Stock
21199,PINK  HEART CONFETTI IN TUBE,Medium Demand,Maintain Stock
85107,CUT GLASS T-LIGHT HOLDER OCTAGON,Medium Demand,Maintain Stock
22190,LOCAL CAFE MUG,Medium Demand,Maintain Stock
84559A,3D SHEET OF DOG STICKERS,Medium Demand,Maintain Stock
21115,ROSE CARAVAN DOORSTOP,Medium Demand,Maintain Stock
72586,SET OF 6 HALLOWEEN GHOST T-LIGHTS,Medium Demand,Maintain Stock
22967,SET 3 SONG BIRD PAPER EGGS ASSORTED,Medium Demand,Maintain Stock
23267,SET OF 4 SANTA PLACE SETTINGS,Medium Demand,Maintain Stock
23270,SET OF 2 CERAMIC PAINTED HEARTS ,Medium Demand,Maintain Stock
22975,SPACEBOY CHILDRENS EGG CUP,Medium Demand,Maintain Stock
44234,ASSORTED CIRCULAR MOBILE,Medium Demand,Maintain Stock
21446,12 RED ROSE PEG PLACE SETTINGS,Medium Demand,Maintain Stock
82597,BOMBS AWAY METAL SIGN,Medium Demand,Maintain Stock
22307,GOLD MUG BONE CHINA TREE OF LIFE,Medium Demand,Maintain Stock
22199,FRYING PAN RED POLKADOT ,Medium Demand,Maintain Stock
21245,GREEN POLKADOT PLATE ,Medium Demand,Maintain Stock
22038,BOTANICAL LAVENDER GIFT WRAP ,Medium Demand,Maintain Stock
21356,TOAST ITS - FAIRY FLOWER,Medium Demand,Maintain Stock
21215, IVORY PAPER CUP CAKE CASES ,Medium Demand,Maintain Stock
21894,POTTING SHED SEED ENVELOPES,Medium Demand,Maintain Stock
22801,ANTIQUE GLASS PEDESTAL BOWL,Medium Demand,Maintain Stock
17164D,ASS COL SMALL SAND FROG P'WEIGHT,Medium Demand,Maintain Stock
84493,BLUE/PINK NEST STRIPE BOX,Medium Demand,Maintain Stock
84559B,3D SHEET OF CAT STICKERS,Medium Demand,Maintain Stock
23274,STAR T-LIGHT HOLDER WILLIE WINKIE,Medium Demand,Maintain Stock
84519A,TOMATO CHARLIE+LOLA COASTER SET,Medium Demand,Maintain Stock
22321,BIRD DECORATION RED SPOT,Medium Demand,Maintain Stock
23113,PANTRY CHOPPING BOARD,Medium Demand,Maintain Stock
22445,PENCIL CASE LIFE IS BEAUTIFUL,Medium Demand,Maintain Stock
15060B,FAIRY CAKE DESIGN UMBRELLA,Medium Demand,Maintain Stock
21382,SET/4 SPRING FLOWER DECORATION,Medium Demand,Maintain Stock
72799E,IVORY PILLAR CANDLE SILVER FLOCK,Medium Demand,Maintain Stock
40003,WHITE BAMBOO RIBS LAMPSHADE,Medium Demand,Maintain Stock
21654,RIDGED GLASS FINGER BOWL,Medium Demand,Maintain Stock
21407,BROWN CHECK CAT DOORSTOP ,Medium Demand,Maintain Stock
22756,LARGE YELLOW BABUSHKA NOTEBOOK ,Medium Demand,Maintain Stock
84459A,PINK METAL CHICKEN HEART ,Medium Demand,Maintain Stock
23691,WRAP KEEP CALM BIRTHDAY,Medium Demand,Maintain Stock
22071,SMALL WHITE RETROSPOT MUG IN BOX ,Medium Demand,Maintain Stock
18098C,PORCELAIN BUTTERFLY OIL BURNER,Medium Demand,Maintain Stock
37379B,BLUE CHERRY BLOSSOM CUP & SAUCER,Medium Demand,Maintain Stock
22676,FRENCH BLUE METAL DOOR SIGN 1,Medium Demand,Maintain Stock
85039A,SET/4 RED MINI ROSE CANDLE IN BOWL,Medium Demand,Maintain Stock
35810A,ENAMEL PINK COFFEE CONTAINER,Medium Demand,Maintain Stock
85189,HANGING BUTTERFLY  EGG,Medium Demand,Maintain Stock
21523,DOOR MAT FANCY FONT HOME SWEET HOME,Medium Demand,Maintain Stock
21615,4 LAVENDER BOTANICAL DINNER CANDLES,Medium Demand,Maintain Stock
21284,RETROSPOT CANDLE  SMALL,Medium Demand,Maintain Stock
21589,SWALLOW GIANT TUBE MATCHES,Medium Demand,Maintain Stock
22768,FAMILY PHOTO FRAME CORNICE,Medium Demand,Maintain Stock
22258,FELT FARM ANIMAL RABBIT,Medium Demand,Maintain Stock
22218,CAKE STAND LACE WHITE,Medium Demand,Maintain Stock
22481,BLACK TEA TOWEL CLASSIC DESIGN,Medium Demand,Maintain Stock
20750,RED/WHITE DOT MINI CASES,Medium Demand,Maintain Stock
22344,PARTY PIZZA DISH PINK POLKADOT,Medium Demand,Maintain Stock
22559,SEASIDE FLYING DISC,Medium Demand,Maintain Stock
85034B,3 WHITE CHOC MORRIS BOXED CANDLES,Medium Demand,Maintain Stock
21676,FLOWERS  STICKERS,Medium Demand,Maintain Stock
35958,FOLKART ZINC STAR CHRISTMAS DEC,Medium Demand,Maintain Stock
21386,IVORY HANGING DECORATION  EGG,Medium Demand,Maintain Stock
20685,RED SPOTTY COIR DOORMAT,Medium Demand,Maintain Stock
84510B,SET OF 4 FAIRY CAKES COASTERS ,Medium Demand,Maintain Stock
47469,ASSORTED SHAPES PHOTO CLIP SILVER ,Medium Demand,Maintain Stock
22854,CREAM SWEETHEART EGG HOLDER,Medium Demand,Maintain Stock
84510F,SET OF 4 NEW ENGLAND COASTERS ,Medium Demand,Maintain Stock
21469,POLKA DOT RAFFIA FOOD COVER,Medium Demand,Maintain Stock
21936,RED/WHITE SPOT PICNIC BAG,Medium Demand,Maintain Stock
20803,SMALL PINK GLASS SUNDAE DISH,Medium Demand,Maintain Stock
21397,BLUE POLKADOT EGG CUP ,Medium Demand,Maintain Stock
70007,HI TEC ALPINE HAND WARMER,Medium Demand,Maintain Stock
85203,HANGING WOOD AND FELT BUTTERFLY ,Medium Demand,Maintain Stock
22101,MIRROR MOSAIC VOTIVE HOLDER,Medium Demand,Maintain Stock
84247L,FAWN AND MUSHROOM GREETING CARD,Medium Demand,Maintain Stock
22292,HANGING CHICK  YELLOW DECORATION,Medium Demand,Maintain Stock
22293,"SPRING DEC , HANGING CHICK  GREEN",Medium Demand,Maintain Stock
22858,EASTER TIN KEEPSAKE,Medium Demand,Maintain Stock
22321,BIRD DECORATION RED RETROSPOT,Medium Demand,Maintain Stock
51020B,STRIPY DESIGN SHOWER CAP,Medium Demand,Maintain Stock
22976,CIRCUS PARADE CHILDRENS EGG CUP ,Medium Demand,Maintain Stock
23236,DOILEY STORAGE TIN,Medium Demand,Maintain Stock
21616,4 PEAR BOTANICAL DINNER CANDLES,Medium Demand,Maintain Stock
90058B,CRYSTAL STUD EARRINGS ASSORTED COL ,Medium Demand,Maintain Stock
21507,ELEPHANT BIRTHDAY CARD ,Medium Demand,Maintain Stock
23250,VINTAGE RED TRIM ENAMEL BOWL ,Medium Demand,Maintain Stock
23028,DRAWER KNOB CRACKLE GLAZE BLUE,Medium Demand,Maintain Stock
84926E,FLOWERS TILE COASTER,Medium Demand,Maintain Stock
47422,ASSORTED MONKEY SUCTION CUP HOOK,Medium Demand,Maintain Stock
23548,WRAP MAGIC FOREST ,Medium Demand,Maintain Stock
22236,CAKE STAND 3 TIER MAGIC GARDEN,Medium Demand,Maintain Stock
22279,POCKET BAG BLUE PAISLEY RED SPOT,Medium Demand,Maintain Stock
84509A,SET OF 4 ENGLISH ROSE PLACEMATS,Medium Demand,Maintain Stock
22863,SOAP DISH BROCANTE,Medium Demand,Maintain Stock
22216,T-LIGHT HOLDER WHITE LACE,Medium Demand,Maintain Stock
22286,"DECORATION , WOBBLY RABBIT , METAL ",Medium Demand,Maintain Stock
72799F,IVORY PILLAR CANDLE GOLD FLOCK,Medium Demand,Maintain Stock
35920,FOUR RABBIT EASTER DECORATIONS,Medium Demand,Maintain Stock
40018F,CHERRY DESIGN PAPERLANTERNS,Medium Demand,Maintain Stock
23134,LARGE ZINC HEART WALL ORGANISER,Medium Demand,Maintain Stock
22732,3D STICKERS VINTAGE CHRISTMAS,Medium Demand,Maintain Stock
21828,EIGHT PIECE SNAKE  SET,Medium Demand,Maintain Stock
23505,PLAYING CARDS I LOVE LONDON ,Medium Demand,Maintain Stock
21777,RECIPE BOX WITH METAL HEART,Medium Demand,Maintain Stock
20652,BLUE SPOTTY LUGGAGE TAG ,Medium Demand,Maintain Stock
22723,SET OF 6 HERB TINS SKETCHBOOK,Medium Demand,Maintain Stock
22122,SET OF 2 FANCY FONT TEA TOWELS,Medium Demand,Maintain Stock
21619,4 VANILLA BOTANICAL CANDLES,Medium Demand,Maintain Stock
77101A,UNION FLAG WINDSOCK,Medium Demand,Maintain Stock
84817,DANISH ROSE DECORATIVE PLATE,Medium Demand,Maintain Stock
72038P,PRICE'S CANDLE PEACH,Medium Demand,Maintain Stock
85232B,SET OF 3 BABUSHKA STACKING TINS,Medium Demand,Maintain Stock
16161M,WRAP  PINK FLOCK,Medium Demand,Maintain Stock
21291,SMALL SPOTTY CHOCOLATE GIFT BAG ,Medium Demand,Maintain Stock
22847,BREAD BIN DINER STYLE IVORY,Medium Demand,Maintain Stock
17013D,ORIGAMI ROSE INCENSE IN TUBE,Medium Demand,Maintain Stock
21730,GLASS STAR FROSTED T-LIGHT HOLDER,Medium Demand,Maintain Stock
21725,SWEETIES  STICKERS,Medium Demand,Maintain Stock
22982,PANTRY PASTRY BRUSH,Medium Demand,Maintain Stock
85093,CANDY SPOT EGG WARMER HARE,Medium Demand,Maintain Stock
22472,TV DINNER TRAY DOLLY GIRL,Medium Demand,Maintain Stock
22414,DOORMAT NEIGHBOURHOOD WITCH ,Medium Demand,Maintain Stock
72598,SET/12 TAPER CANDLES,Medium Demand,Maintain Stock
22647,CERAMIC LOVE HEART MONEY BANK,Medium Demand,Maintain Stock
23509,MINI PLAYING CARDS FUN FAIR ,Medium Demand,Maintain Stock
22930,BAKING MOULD HEART MILK CHOCOLATE,Medium Demand,Maintain Stock
21726,MULTI HEARTS  STICKERS,Medium Demand,Maintain Stock
35809A,ENAMEL PINK TEA CONTAINER,Medium Demand,Maintain Stock
48116,DOOR MAT MULTICOLOUR STRIPE,Medium Demand,Maintain Stock
20663,QUEEN OF THE SKIES HOLIDAY PURSE ,Medium Demand,Maintain Stock
21232,STRAWBERRY CERAMIC TRINKET POT,Medium Demand,Maintain Stock
72586,"S/6 HALLOWEEN GHOST T LIGHTS, 5CM H",Medium Demand,Maintain Stock
22968,ROSE COTTAGE KEEPSAKE BOX ,Medium Demand,Maintain Stock
20685,DOORMAT RED SPOT,Medium Demand,Maintain Stock
16202B,PASTEL BLUE PHOTO ALBUM ,Medium Demand,Maintain Stock
21910,WAY OUT METAL SIGN ,Medium Demand,Maintain Stock
22345,PARTY PIZZA DISH BLUE POLKADOT,Medium Demand,Maintain Stock
23530,WALL ART ONLY ONE PERSON ,Medium Demand,Maintain Stock
23389,SPACEBOY MINI BACKPACK,Medium Demand,Maintain Stock
22215,CAKE STAND WHITE TWO TIER LACE,Medium Demand,Maintain Stock
21581,SKULLS  DESIGN  COTTON TOTE BAG,Medium Demand,Maintain Stock
22176,BLUE OWL SOFT TOY,Medium Demand,Maintain Stock
21400,RED PUDDING SPOON,Medium Demand,Maintain Stock
22104,MIRROR MOSAIC CANDLE PLATE,Medium Demand,Maintain Stock
16258A,SWIRLY CIRCULAR RUBBERS IN BAG,Medium Demand,Maintain Stock
21358,TOAST ITS - HAPPY BIRTHDAY,Medium Demand,Maintain Stock
84827,ASS DES PHONE SPONGE CRAFT STICKER,Medium Demand,Maintain Stock
23360,SET 8 CANDLES VINTAGE DOILY,Medium Demand,Maintain Stock
21720,CAKE SHOP  STICKER SHEET,Medium Demand,Maintain Stock
20967,GREY FLORAL FELTCRAFT SHOULDER BAG,Medium Demand,Maintain Stock
85106,CUT GLASS HEXAGON T-LIGHT HOLDER,Medium Demand,Maintain Stock
22606,WOODEN SKITTLES GARDEN SET,Medium Demand,Maintain Stock
22514,CHILDS GARDEN SPADE BLUE,Medium Demand,Maintain Stock
48129,DOOR MAT TOPIARY,Medium Demand,Maintain Stock
22314,OFFICE MUG WARMER CHOC+BLUE,Medium Demand,Maintain Stock
22250,DECORATION  BUTTERFLY  MAGIC GARDEN,Medium Demand,Maintain Stock
85231L,LAVENDER SCENTED SET/9 T-LIGHTS,Medium Demand,Maintain Stock
21518,BANK ACCOUNT  GREETING  CARD ,Medium Demand,Maintain Stock
16258B,DAISY ERASERS IN BAG,Medium Demand,Maintain Stock
23012,GLASS APOTHECARY BOTTLE PERFUME,Medium Demand,Maintain Stock
21470,FLOWER VINE RAFFIA FOOD COVER,Medium Demand,Maintain Stock
22268,EASTER DECORATION SITTING BUNNY,Medium Demand,Maintain Stock
21062,PARTY INVITES SPACEMAN,Medium Demand,Maintain Stock
23132,SMALL IVORY HEART WALL ORGANISER,Medium Demand,Maintain Stock
85032D,YULETIDE IMAGES GIFT WRAP SET,Medium Demand,Maintain Stock
21248,DOOR HANGER  MUM + DADS ROOM,Medium Demand,Maintain Stock
84078A,SET/4 WHITE RETRO STORAGE CUBES ,Medium Demand,Maintain Stock
21333,CLASSIC WHITE FRAME,Medium Demand,Maintain Stock
85200,BUNNY EGG BOX,Medium Demand,Maintain Stock
21644,ASSORTED TUTTI FRUTTI HEART BOX,Medium Demand,Maintain Stock
21721,CANDY SHOP  STICKER SHEET,Medium Demand,Maintain Stock
22346,PARTY PIZZA DISH GREEN POLKADOT,Medium Demand,Maintain Stock
35964,FOLKART CLIP ON STARS,Medium Demand,Maintain Stock
22689,DOORMAT MERRY CHRISTMAS RED ,Medium Demand,Maintain Stock
21636,MADRAS NOTEBOOK MEDIUM,Medium Demand,Maintain Stock
22232,JIGSAW TOADSTOOLS 3 PIECE,Medium Demand,Maintain Stock
22800,ANTIQUE TALL SWIRLGLASS TRINKET POT,Medium Demand,Maintain Stock
21972,SET OF 36 DINOSAUR PAPER DOILIES,Medium Demand,Maintain Stock
21472,LADYBIRD + BEE RAFFIA FOOD COVER,Medium Demand,Maintain Stock
22255,FELT TOADSTOOL  SMALL,Medium Demand,Maintain Stock
23080,RED METAL BOX TOP SECRET,Medium Demand,Maintain Stock
20800,LARGE GLASS SUNDAE DISH CLEAR,Medium Demand,Maintain Stock
21041,RED RETROSPOT OVEN GLOVE DOUBLE,Medium Demand,Maintain Stock
71477,COLOURED GLASS STAR T-LIGHT HOLDER,Medium Demand,Maintain Stock
22312,OFFICE MUG WARMER POLKADOT,Medium Demand,Maintain Stock
22485,SET OF 2 WOODEN MARKET CRATES,Medium Demand,Maintain Stock
85047,WHITE BEADED GARLAND STRING 20LIGHT,Medium Demand,Maintain Stock
20986,BLUE CALCULATOR RULER,Medium Demand,Maintain Stock
23096,PETIT TRAY CHIC,Medium Demand,Maintain Stock
21926,RED/CREAM STRIPE CUSHION COVER ,Medium Demand,Maintain Stock
47591C,BLUE FAIRY CAKE CHILD'S APRON,Medium Demand,Maintain Stock
22498,WOODEN REGATTA BUNTING,Medium Demand,Maintain Stock
22515,CHILDS GARDEN SPADE PINK,Medium Demand,Maintain Stock
22844,VINTAGE CREAM DOG FOOD CONTAINER,Medium Demand,Maintain Stock
47504H,ENGLISH ROSE SPIRIT LEVEL ,Medium Demand,Maintain Stock
22612,TEA COSY VINTAGE UNION JACK,Medium Demand,Maintain Stock
21913,VINTAGE SEASIDE JIGSAW PUZZLES,Medium Demand,Maintain Stock
21351,CINAMMON & ORANGE WREATH,Medium Demand,Maintain Stock
84989B,75 BLACK FAIRY CAKE CASES,Medium Demand,Maintain Stock
23126,FELTCRAFT GIRL AMELIE KIT,Medium Demand,Maintain Stock
21638,ASSORTED TUTTI FRUTTI NOTEBOOK,Medium Demand,Maintain Stock
21208,PASTEL COLOUR HONEYCOMB FAN,Medium Demand,Maintain Stock
22733,3D STICKERS TRADITIONAL CHRISTMAS ,Medium Demand,Maintain Stock
84748,FOLK FELT HANGING MULTICOL GARLAND,Medium Demand,Maintain Stock
84016,FLAG OF ST GEORGE CAR FLAG,Medium Demand,Maintain Stock
23299,FOOD COVER WITH BEADS SET 2 ,Medium Demand,Maintain Stock
85162B,BLACK RETRODISC LAMPSHADE,Medium Demand,Maintain Stock
22767,TRIPLE PHOTO FRAME CORNICE ,Medium Demand,Maintain Stock
16169F,WRAP BLIZZARD,Medium Demand,Maintain Stock
16161G,WRAP BAD HAIR DAY,Medium Demand,Maintain Stock
84924F,PSYCHEDELIC METAL SIGN CALENDAR,Medium Demand,Maintain Stock
21391,FRENCH LAVENDER SCENT HEART,Medium Demand,Maintain Stock
21867,PINK UNION JACK  LUGGAGE TAG,Medium Demand,Maintain Stock
22247,BUNNY DECORATION MAGIC GARDEN,Medium Demand,Maintain Stock
23404,HOME SWEET HOME BLACKBOARD,Medium Demand,Maintain Stock
22120,WELCOME  WOODEN BLOCK LETTERS,Medium Demand,Maintain Stock
20866,BLUE ROSE FABRIC MIRROR,Medium Demand,Maintain Stock
22031,BOTANICAL LAVENDER BIRTHDAY CARD,Medium Demand,Maintain Stock
23255,CHILDRENS CUTLERY CIRCUS PARADE,Medium Demand,Maintain Stock
79323W,WHITE CHERRY LIGHTS,Medium Demand,Maintain Stock
21426,WOODLAND STORAGE BOX SMALL,Medium Demand,Maintain Stock
22163,HEART STRING MEMO HOLDER HANGING,Medium Demand,Maintain Stock
85114C,RED ENCHANTED FOREST PLACEMAT,Medium Demand,Maintain Stock
22742,MAKE YOUR OWN PLAYTIME CARD KIT,Medium Demand,Maintain Stock
21527,RETRO SPOT TRADITIONAL TEAPOT ,Medium Demand,Maintain Stock
23531,WALL ART BIG LOVE ,Medium Demand,Maintain Stock
72225D,VANILLA SCENT CAKE CANDLE ,Medium Demand,Maintain Stock
22642,SET OF 4 NAPKIN CHARMS STARS   ,Medium Demand,Maintain Stock
21579,LOLITA  DESIGN  COTTON TOTE BAG,Medium Demand,Maintain Stock
23543,WALL ART KEEP CALM ,Medium Demand,Maintain Stock
72807B,SET/3 OCEAN SCENT CANDLE JEWEL BOX,Medium Demand,Maintain Stock
85173,SET/6 FROG PRINCE T-LIGHT CANDLES,Medium Demand,Maintain Stock
22198,"POPCORN HOLDER , LARGE",Medium Demand,Maintain Stock
21116,OWL DOORSTOP,Medium Demand,Maintain Stock
22977,DOLLY GIRL CHILDRENS EGG CUP,Medium Demand,Maintain Stock
22313,OFFICE MUG WARMER PINK,Medium Demand,Maintain Stock
85226C,BLUE PULL BACK RACING CAR,Medium Demand,Maintain Stock
22667,RECIPE BOX RETRO SPOT DESIGN,Medium Demand,Maintain Stock
21467,CHERRY CROCHET FOOD COVER,Medium Demand,Maintain Stock
84927D,LA PALMIERA TILE HOOK,Medium Demand,Maintain Stock
84327A,PINK JUMPER LARRY THE LAMB,Medium Demand,Maintain Stock
20681,PINK SPOTTY CHILDS UMBRELLA,Medium Demand,Maintain Stock
21846,PINK DIAMANTE PEN IN GIFT BOX,Medium Demand,Maintain Stock
22310,IVORY KNITTED MUG COSY ,Medium Demand,Maintain Stock
22100,SKULLS SQUARE TISSUE BOX,Medium Demand,Maintain Stock
22951,72 CAKE CASES DOLLY GIRL DESIGN,Medium Demand,Maintain Stock
22094,RED POLKA DOT TISSUE BOX,Medium Demand,Maintain Stock
23129,HEART SHAPED HOLLY WREATH,Medium Demand,Maintain Stock
22677,FRENCH BLUE METAL DOOR SIGN 2,Medium Demand,Maintain Stock
22731,3D STICKERS CHRISTMAS STAMPS,Medium Demand,Maintain Stock
21666, RIDGED GLASS T-LIGHT HOLDER,Medium Demand,Maintain Stock
21645,ASSORTED TUTTI FRUTTI ROUND BOX,Medium Demand,Maintain Stock
16051,TEATIME PENCIL W STAMP ASST,Medium Demand,Maintain Stock
21324,HANGING MEDINA LANTERN SMALL,Medium Demand,Maintain Stock
22253,6 CROCHET STRAWBERRIES,Medium Demand,Maintain Stock
21318,GLASS CHALICE BLUE SMALL ,Medium Demand,Maintain Stock
22135,LADLE LOVE HEART PINK,Medium Demand,Maintain Stock
22905,CALENDAR IN SEASON DESIGN,Medium Demand,Maintain Stock
23034,DRAWER KNOB CERAMIC BLACK,Medium Demand,Maintain Stock
22333,RETRO SPOT PARTY BAG + STICKER SET,Medium Demand,Maintain Stock
85017C,ENVELOPE 50 CURIOUS IMAGES,Medium Demand,Maintain Stock
22252,BIRDCAGE DECORATION TEALIGHT HOLDER,Medium Demand,Maintain Stock
23220,REINDEER HEART DECORATION GOLD,Medium Demand,Maintain Stock
85032B,BLOSSOM IMAGES GIFT WRAP SET,Medium Demand,Maintain Stock
20941,FROG CANDLE,Medium Demand,Maintain Stock
47570B,TEA TIME TABLE CLOTH,Medium Demand,Maintain Stock
23273,HEART T-LIGHT HOLDER WILLIE WINKIE,Medium Demand,Maintain Stock
21432,SET OF 3 CASES WOODLAND DESIGN,Medium Demand,Maintain Stock
20772,GARDEN PATH JOURNAL,Medium Demand,Maintain Stock
23569,TRADTIONAL ALPHABET STAMP SET,Medium Demand,Maintain Stock
22162,HEART GARLAND RUSTIC PADDED,Medium Demand,Maintain Stock
85017A,ENVELOPE 50 ROMANTIC IMAGES,Medium Demand,Maintain Stock
22283,6 EGG HOUSE PAINTED WOOD,Medium Demand,Maintain Stock
21732,RED HANGING METAL STAR TLIGHT HLDR,Medium Demand,Maintain Stock
85068,CREAM SWEETHEART SHELF + HOOKS,Medium Demand,Maintain Stock
21397,BLUE  SPOTTY EGG CUP ,Medium Demand,Maintain Stock
21882,SKULLS TAPE,Medium Demand,Maintain Stock
35598B,BLACK CHRISTMAS TREE 60CM,Medium Demand,Maintain Stock
85035B,CHOCOLATE 3 WICK MORRIS BOX CANDLE,Medium Demand,Maintain Stock
21724,PANDA AND BUNNIES STICKER SHEET,Medium Demand,Maintain Stock
22937,BAKING MOULD CHOCOLATE CUPCAKES,Medium Demand,Maintain Stock
23093,SMALL PARISIENNE HEART PHOTO FRAME ,Medium Demand,Maintain Stock
23359,SET OF 12 T-LIGHTS VINTAGE DOILY,Medium Demand,Maintain Stock
85169A,IVORY LOVE BIRD CANDLE,Medium Demand,Maintain Stock
47585A,PINK FAIRY CAKE CUSHION COVER,Medium Demand,Maintain Stock
16254,TRANSPARENT ACRYLIC TAPE DISPENSER,Medium Demand,Maintain Stock
22466,FAIRY TALE COTTAGE NIGHT LIGHT,Medium Demand,Maintain Stock
84944,SET OF 6 KASHMIR FOLKART BAUBLES,Medium Demand,Maintain Stock
21363,HOME SMALL WOOD LETTERS,Medium Demand,Maintain Stock
21683,MEDIUM MEDINA STAMPED METAL BOWL ,Medium Demand,Maintain Stock
21396,RED SPOTTY EGG CUP ,Medium Demand,Maintain Stock
22686,FRENCH BLUE METAL DOOR SIGN No,Medium Demand,Maintain Stock
22721,SET OF 3 CAKE TINS SKETCHBOOK,Medium Demand,Maintain Stock
84819,DANISH ROSE ROUND SEWING BOX,Medium Demand,Maintain Stock
84815,SET OF 3 DANISH ROSE PLANTERS,Medium Demand,Maintain Stock
85188A,GREEN METAL SWINGING BUNNY,Medium Demand,Maintain Stock
22092,BLUE PAISLEY TISSUE BOX,Medium Demand,Maintain Stock
22032,BOTANICAL LILY GREETING CARD,Medium Demand,Maintain Stock
20801,LARGE PINK GLASS SUNDAE DISH,Medium Demand,Maintain Stock
20770,ABSTRACT CIRCLE JOURNAL ,Medium Demand,Maintain Stock
22275,WEEKEND BAG VINTAGE ROSE PAISLEY,Medium Demand,Maintain Stock
23369,SET 36 COLOUR PENCILS LOVE LONDON,Medium Demand,Maintain Stock
72802A,ROSE SCENT CANDLE IN JEWELLED BOX,Medium Demand,Maintain Stock
21706,"FOLDING UMBRELLA , RED/WHITE SPOT",Medium Demand,Maintain Stock
47518F,ICON PLACEMAT POP ART ELVIS,Medium Demand,Maintain Stock
23123,COCKTAIL SWORDS 50 PIECES,Medium Demand,Maintain Stock
85162C,WHITE RETRODISC LAMPSHADE,Medium Demand,Maintain Stock
22611,VINTAGE UNION JACK SHOPPING BAG,Medium Demand,Maintain Stock
20802,SMALL GLASS SUNDAE DISH CLEAR,Medium Demand,Maintain Stock
21448,12 DAISY PEGS IN WOOD BOX,Medium Demand,Maintain Stock
22374,AIRLINE BAG VINTAGE JET SET RED,Medium Demand,Maintain Stock
85132B,CHARLIE AND LOLA TABLE TINS,Medium Demand,Maintain Stock
22068,BLACK PIRATE TREASURE CHEST,Medium Demand,Maintain Stock
82567,"AIRLINE LOUNGE,METAL SIGN",Medium Demand,Maintain Stock
84912A,PINK ROSE WASHBAG,Medium Demand,Maintain Stock
22811,SET OF 6 T-LIGHTS CACTI ,Medium Demand,Maintain Stock
21520,BOOZE & WOMEN GREETING CARD ,Medium Demand,Maintain Stock
22778,GLASS CLOCHE SMALL,Medium Demand,Maintain Stock
22474,SPACEBOY TV DINNER TRAY,Medium Demand,Maintain Stock
23061,VINTAGE EMBOSSED HEART,Medium Demand,Maintain Stock
21009,ETCHED GLASS STAR TREE DECORATION,Medium Demand,Maintain Stock
22221,CAKE STAND LOVEBIRD 2 TIER PINK,Medium Demand,Maintain Stock
21442,GREEN BIRDHOUSE DECORATION,Medium Demand,Maintain Stock
22233,JIGSAW RABBIT AND BIRDHOUSE,Medium Demand,Maintain Stock
84596E,SMALL LICORICE DES PINK BOWL,Medium Demand,Maintain Stock
20692,FLORAL ELEPHANT SOFT TOY,Medium Demand,Maintain Stock
22495,SET OF 2 ROUND TINS CAMEMBERT ,Medium Demand,Maintain Stock
22933,BAKING MOULD EASTER EGG MILK CHOC,Medium Demand,Maintain Stock
20658,RED SPOTTY LUGGAGE TAG,Medium Demand,Maintain Stock
85130B,BEADED CRYSTAL HEART GREEN LARGE,Medium Demand,Maintain Stock
17084P,DRAGONS BLOOD INCENSE,Medium Demand,Maintain Stock
21991,BOHEMIAN COLLAGE STATIONERY SET,Medium Demand,Maintain Stock
21620,SET OF 4 ROSE BOTANICAL CANDLES,Medium Demand,Maintain Stock
22856,ASSORTED EASTER DECORATIONS  BELLS,Medium Demand,Maintain Stock
20666,ECONOMY HOLIDAY PURSE,Medium Demand,Maintain Stock
84912B,GREEN ROSE WASHBAG,Medium Demand,Maintain Stock
23138,SINGLE WIRE HOOK IVORY HEART,Medium Demand,Maintain Stock
22946,WOODEN ADVENT CALENDAR CREAM,Medium Demand,Maintain Stock
21822,GLITTER CHRISTMAS TREE WITH BELLS,Medium Demand,Maintain Stock
21652,GLASS ETCHED T-LIGHT HOLDER MEDIUM,Medium Demand,Maintain Stock
35648,VINTAGE BEAD PINK PURSE ,Medium Demand,Maintain Stock
22932,BAKING MOULD TOFFEE CUP CHOCOLATE,Medium Demand,Maintain Stock
23013,GLASS APOTHECARY BOTTLE TONIC,Medium Demand,Maintain Stock
23056,FLOWERS CHANDELIER T-LIGHT HOLDER,Medium Demand,Maintain Stock
85036C,ROSE 1 WICK MORRIS BOXED CANDLE,Medium Demand,Maintain Stock
22350,CAT BOWL ,Medium Demand,Maintain Stock
15044C,PURPLE PAPER PARASOL,Medium Demand,Maintain Stock
22229,BUNNY WOODEN PAINTED WITH FLOWER ,Medium Demand,Maintain Stock
84580,MOUSE TOY WITH PINK T-SHIRT,Medium Demand,Maintain Stock
21530,DAIRY MAID TOASTRACK,Medium Demand,Maintain Stock
22442,GROW YOUR OWN FLOWERS SET OF 3,Medium Demand,Maintain Stock
21897,POTTING SHED CANDLE CITRONELLA,Medium Demand,Maintain Stock
20990,SPRING FLOWER CHOPSTICKS SET/5,Medium Demand,Maintain Stock
21188,3D HEARTS  HONEYCOMB PAPER GARLAND,Medium Demand,Maintain Stock
22688,DOORMAT PEACE ON EARTH BLUE,Medium Demand,Maintain Stock
21040,MODERN VINTAGE COTTON SHOPPING BAG,Medium Demand,Maintain Stock
21441,BLUE BIRDHOUSE DECORATION,Medium Demand,Maintain Stock
21531,RETRO SPOT SUGAR JAM BOWL,Medium Demand,Maintain Stock
23244,ROUND STORAGE TIN VINTAGE LEAF,Medium Demand,Maintain Stock
82613D,METAL SIGN CUPCAKE SINGLE HOOK,Medium Demand,Maintain Stock
21534,DAIRY MAID LARGE MILK JUG,Medium Demand,Maintain Stock
84660A,WHITE STITCHED WALL CLOCK,Medium Demand,Maintain Stock
21288,STRIPEY CHOCOLATE NESTING BOXES,Medium Demand,Maintain Stock
21688,SILVER PLATE CANDLE BOWL SMALL,Medium Demand,Maintain Stock
22039,BOTANICAL LILY GIFT WRAP,Medium Demand,Maintain Stock
21219,SET/4 BADGES BALLOON GIRL,Medium Demand,Maintain Stock
20752,RETRO BLUE SPOTTY WASHING UP GLOVES,Medium Demand,Maintain Stock
22256,FELT FARM ANIMAL CHICKEN,Medium Demand,Maintain Stock
20867,PINK ROSE FABRIC MIRROR,Medium Demand,Maintain Stock
22838,3 TIER CAKE TIN RED AND CREAM,Medium Demand,Maintain Stock
85054,FRENCH ENAMEL POT W LID,Medium Demand,Maintain Stock
21486,PINK HEART DOTS HOT WATER BOTTLE,Medium Demand,Maintain Stock
22107,PIZZA PLATE IN BOX,Medium Demand,Maintain Stock
21145,ANTIQUE GLASS PLACE SETTING,Medium Demand,Maintain Stock
22497,SET OF 2 TINS VINTAGE BATHROOM ,Medium Demand,Maintain Stock
21625,VINTAGE UNION JACK APRON,Medium Demand,Maintain Stock
85071D,CHARLIE+LOLA MY ROOM DOOR SIGN,Medium Demand,Maintain Stock
23130,MISTLETOE HEART WREATH GREEN,Medium Demand,Maintain Stock
22687,DOORMAT CHRISTMAS VILLAGE,Medium Demand,Maintain Stock
79336,LIGHT PINK FLOCK GLASS CANDLEHOLDER,Medium Demand,Maintain Stock
84676,BATH DUCK WATERING CAN,Medium Demand,Maintain Stock
22660,DOORMAT I LOVE LONDON,Medium Demand,Maintain Stock
22845,VINTAGE CREAM CAT FOOD CONTAINER,Medium Demand,Maintain Stock
84828,JUNGLE POPSICLES ICE LOLLY MOULDS,Medium Demand,Maintain Stock
21528,DAIRY MAID TRADITIONAL TEAPOT ,Medium Demand,Maintain Stock
23087,ZINC  HEART T-LIGHT HOLDER,Medium Demand,Maintain Stock
21539,RETRO SPOTS BUTTER DISH,Medium Demand,Maintain Stock
23461,SWEETHEART BIRD HOUSE,Medium Demand,Maintain Stock
21109,LARGE CAKE TOWEL CHOCOLATE SPOTS,Medium Demand,Maintain Stock
23347,I LOVE LONDON BEAKER,Medium Demand,Maintain Stock
72487,ROSES WHITE ROUND CANDLE,Medium Demand,Maintain Stock
20735,BLACK MINI TAPE MEASURE ,Medium Demand,Maintain Stock
21719,LOVELY BONBON STICKER SHEET,Medium Demand,Maintain Stock
37500,TEA TIME TEAPOT IN GIFT BOX,Medium Demand,Maintain Stock
22804,PINK HANGING HEART T-LIGHT HOLDER,Medium Demand,Maintain Stock
21466,RED FLOWER CROCHET FOOD COVER,Medium Demand,Maintain Stock
23541,WALL ART CLASSIC PUDDINGS ,Medium Demand,Maintain Stock
21656,RIDGED GLASS POSY VASE ,Medium Demand,Maintain Stock
20850,ZINC HEART LATTICE PLANTER BOWL,Medium Demand,Maintain Stock
85034A,3 GARDENIA MORRIS BOXED CANDLES,Medium Demand,Maintain Stock
22293,HANGING CHICK GREEN DECORATION,Medium Demand,Maintain Stock
22911,PAPER CHAIN KIT LONDON,Medium Demand,Maintain Stock
21348,PINK SPOTS CHOCOLATE NESTING BOXES ,Medium Demand,Maintain Stock
72800F,4 IVORY DINNER CANDLES GOLD FLOCK,Medium Demand,Maintain Stock
85231E,STRAWBERRY SCENTED SET/9 T-LIGHTS,Medium Demand,Maintain Stock
72807A,SET/3 ROSE CANDLE IN JEWELLED BOX,Medium Demand,Maintain Stock
21202,DOLLY HONEYCOMB GARLAND,Medium Demand,Maintain Stock
22288,"DECORATION , HANGING METAL RABBIT",Medium Demand,Maintain Stock
79160,HEART SHAPE WIRELESS DOORBELL,Medium Demand,Maintain Stock
20840,FRENCH FLORAL CUSHION COVER ,Medium Demand,Maintain Stock
23239,SET OF 4 KNICK KNACK TINS POPPIES,Medium Demand,Maintain Stock
21693,SMALL HAMMERED SILVER CANDLEPOT ,Medium Demand,Maintain Stock
21827,EIGHT PIECE CREEPY CRAWLIE SET,Medium Demand,Maintain Stock
16052,TEATIME PUSH DOWN RUBBER,Medium Demand,Maintain Stock
17165B,ASS COL LARGE SAND GECKO P'WEIGHT,Medium Demand,Maintain Stock
84249D,FAIRY CAKE GREETINGS CARD,Medium Demand,Maintain Stock
21723,ALPHABET HEARTS STICKER SHEET,Medium Demand,Maintain Stock
21010,ETCHED GLASS BIRD TREE DECORATION,Medium Demand,Maintain Stock
37502,TEA TIME MUG IN GIFT BOX,Medium Demand,Maintain Stock
22029,SPACE BOY BIRTHDAY CARD,Medium Demand,Maintain Stock
21016,LIGHT BIRD HOUSE TREE DECORATION,Medium Demand,Maintain Stock
22626,BLACK KITCHEN SCALES,Medium Demand,Maintain Stock
21808,"CHRISTMAS GARLAND STARS,TREES",Medium Demand,Maintain Stock
22393,PAPERWEIGHT VINTAGE COLLAGE,Medium Demand,Maintain Stock
85170A,SET/6 IVORY BIRD T-LIGHT CANDLES,Medium Demand,Maintain Stock
22278,OVERNIGHT BAG VINTAGE ROSE PAISLEY,Medium Demand,Maintain Stock
22678,FRENCH BLUE METAL DOOR SIGN 3,Medium Demand,Maintain Stock
84569D,PACK 6 HEART/ICE-CREAM PATCHES,Medium Demand,Maintain Stock
23014,GLASS APOTHECARY BOTTLE ELIXIR,Medium Demand,Maintain Stock
84519B,CARROT CHARLIE+LOLA COASTER SET,Medium Demand,Maintain Stock
22390,PAPERWEIGHT CHILDHOOD MEMORIES,Medium Demand,Maintain Stock
48189,DOORMAT FRIENDSHIP ,Medium Demand,Maintain Stock
22285,HANGING HEN ON NEST DECORATION,Medium Demand,Maintain Stock
85032C,CURIOUS IMAGES GIFT WRAP SET,Medium Demand,Maintain Stock
22931,BAKING MOULD HEART WHITE CHOCOLATE,Medium Demand,Maintain Stock
20868,SILVER FABRIC MIRROR,Medium Demand,Maintain Stock
84625A,PINK NEW BAROQUECANDLESTICK CANDLE,Medium Demand,Maintain Stock
21647,ASSORTED TUTTI FRUTTI LARGE PURSE,Medium Demand,Maintain Stock
22516,CHILDS GARDEN RAKE BLUE,Medium Demand,Maintain Stock
35967,FOLK ART METAL STAR T-LIGHT HOLDER,Medium Demand,Maintain Stock
23388,WOODLAND MINI BACKPACK,Medium Demand,Maintain Stock
37343,SPOTS DESIGN MUG W PINK INSIDE,Medium Demand,Maintain Stock
23566,EGG CUP MILKMAID HEIDI,Medium Demand,Maintain Stock
23489,VINTAGE BELLS GARLAND,Medium Demand,Maintain Stock
22165,"DIAMANTE HEART SHAPED WALL MIRROR, ",Medium Demand,Maintain Stock
21424,WOODLAND STORAGE BOX LARGE ,Medium Demand,Maintain Stock
23249,VINTAGE RED ENAMEL TRIM PLATE,Medium Demand,Maintain Stock
23184,BULL DOG BOTTLE OPENER,Medium Demand,Maintain Stock
23146,TRIPLE HOOK ANTIQUE IVORY ROSE,Medium Demand,Maintain Stock
21617,4 LILY  BOTANICAL DINNER CANDLES,Medium Demand,Maintain Stock
17012C,ORIGAMI LAVENDER INCENSE/CANDL SET ,Medium Demand,Maintain Stock
84279B,CHERRY BLOSSOM DECORATIVE FLASK,Medium Demand,Maintain Stock
72801G,S/4 BURGUNDY WINE DINNER CANDLES,Medium Demand,Maintain Stock
71101E,STANDING FAIRY POLE SUPPORT ,Medium Demand,Maintain Stock
23222,CHRISTMAS TREE HANGING GOLD,Medium Demand,Maintain Stock
22680,FRENCH BLUE METAL DOOR SIGN 5,Medium Demand,Maintain Stock
21146,ANTIQUE GLASS RIDGED HANGING BALL,Medium Demand,Maintain Stock
22045,SPACE BOY GIFT WRAP,Medium Demand,Maintain Stock
22947,WOODEN ADVENT CALENDAR RED,Medium Demand,Maintain Stock
22248,DECORATION  PINK CHICK MAGIC GARDEN,Medium Demand,Maintain Stock
22517,CHILDS GARDEN RAKE PINK,Medium Demand,Maintain Stock
22846,BREAD BIN DINER STYLE RED ,Medium Demand,Maintain Stock
23068,ALUMINIUM STAMPED HEART,Medium Demand,Maintain Stock
22796,PHOTO FRAME 3 CLASSIC HANGING,Medium Demand,Maintain Stock
21707,"FOLDING UMBRELLA , BLACK/BLUE  SPOT",Medium Demand,Maintain Stock
22781,GUMBALL MAGAZINE RACK,Medium Demand,Maintain Stock
22890,NOVELTY BISCUITS CAKE STAND 3 TIER,Medium Demand,Maintain Stock
21665,TRIANGULAR RIDGED GLASS POSY HOLDER,Medium Demand,Maintain Stock
21865,PINK UNION JACK  PASSPORT COVER ,Medium Demand,Maintain Stock
22118,JOY WOODEN BLOCK LETTERS,Medium Demand,Maintain Stock
23118,PARISIENNE JEWELLERY DRAWER ,Medium Demand,Maintain Stock
21735,TWO DOOR CURIO CABINET,Medium Demand,Maintain Stock
21042,RED SPOTTY APRON ,Medium Demand,Maintain Stock
23393,HOME SWEET HOME CUSHION COVER ,Medium Demand,Maintain Stock
21160,KEEP OUT GIRLS DOOR HANGER ,Medium Demand,Maintain Stock
22287,"DECORATION , WOBBLY CHICKEN, METAL ",Medium Demand,Maintain Stock
85018D,YULETIDE IMAGES S/6 PAPER BOXES,Medium Demand,Maintain Stock
84926D,LA PALMIERA TILE COASTER,Medium Demand,Maintain Stock
22842,BISCUIT TIN VINTAGE RED,Medium Demand,Maintain Stock
84924D,LA PALMIERA METAL SIGN CALENDAR,Medium Demand,Maintain Stock
23088,ZINC HEART FLOWER T-LIGHT HOLDER,Medium Demand,Maintain Stock
21898,POTTING SHED ROSE CANDLE,Medium Demand,Maintain Stock
23214,JINGLE BELL HEART ANTIQUE GOLD,Medium Demand,Maintain Stock
23133,LARGE IVORY HEART WALL ORGANISER,Medium Demand,Maintain Stock
16012,FOOD/DRINK SPUNGE STICKERS,Medium Demand,Maintain Stock
21076,SET/20 COLLAGE PAPER NAPKIN ,Medium Demand,Maintain Stock
20702,PINK PADDED MOBILE,Medium Demand,Maintain Stock
21190,PINK HEARTS PAPER GARLAND,Medium Demand,Maintain Stock
85215,ASSORTED CHEESE FRIDGE MAGNETS,Medium Demand,Maintain Stock
22286,DECORATION WOBBLY RABBIT METAL ,Medium Demand,Maintain Stock
44235,ASS COL CIRCLE MOBILE ,Medium Demand,Maintain Stock
22831,WHITE BROCANTE SOAP DISH,Medium Demand,Maintain Stock
35001W,HAND OPEN SHAPE DECO.WHITE,Medium Demand,Maintain Stock
16161E,WRAP BOUDOIR ,Medium Demand,Maintain Stock
20767,BLUE PAISLEY JOURNAL ,Medium Demand,Maintain Stock
84422,PINK/BLUE DISC/MIRROR STRING,Medium Demand,Maintain Stock
84279P,CHERRY BLOSSOM  DECORATIVE FLASK,Medium Demand,Maintain Stock
22452,MEASURING TAPE BABUSHKA PINK,Medium Demand,Maintain Stock
22119,PEACE WOODEN BLOCK LETTERS,Medium Demand,Maintain Stock
23269,SET OF 2 CERAMIC CHRISTMAS TREES,Medium Demand,Maintain Stock
21955,UNION JACK GUNS & ROSES  DOORMAT,Medium Demand,Maintain Stock
72131,COLUMBIAN CANDLE RECTANGLE,Medium Demand,Maintain Stock
21416,CLAM SHELL LARGE,Medium Demand,Maintain Stock
85202,HANGING WOOD AND FELT HEART,Medium Demand,Maintain Stock
23223,CHRISTMAS TREE HANGING SILVER ,Medium Demand,Maintain Stock
84625C,BLUE NEW BAROQUE CANDLESTICK CANDLE,Medium Demand,Maintain Stock
17136A,BLUE STONES ON WIRE FOR CANDLE,Medium Demand,Maintain Stock
21746,SMALL RED SPOT  WINDMILL,Medium Demand,Maintain Stock
21352,EUCALYPTUS & PINECONE  WREATH,Medium Demand,Maintain Stock
72130,COLUMBIAN CANDLE ROUND,Medium Demand,Maintain Stock
21820,GLITTER HEART GARLAND WITH BELLS ,Medium Demand,Maintain Stock
23237,SET OF 4 KNICK KNACK TINS LEAF,Medium Demand,Maintain Stock
21666,RIDGED GLASS T-LIGHT HOLDER,Medium Demand,Maintain Stock
21611,SET OF 12 LILY BOTANICAL T-LIGHTS,Medium Demand,Maintain Stock
23282,FOLDING BUTTERFLY MIRROR IVORY ,Medium Demand,Maintain Stock
21904,HOUSE WRECKING METAL SIGN ,Medium Demand,Maintain Stock
22363,GLASS JAR MARMALADE ,Medium Demand,Maintain Stock
22116,METAL SIGN HIS DINNER IS SERVED,Medium Demand,Maintain Stock
85130D,BEADED CRYSTAL HEART PINK LARGE,Medium Demand,Maintain Stock
21696,SMALL SILVER TRELLIS CANDLEPOT,Medium Demand,Maintain Stock
22473,TV DINNER TRAY VINTAGE PAISLEY,Medium Demand,Maintain Stock
20671,BLUE TEATIME PRINT BOWL ,Medium Demand,Maintain Stock
21899,GARAGE KEY FOB,Medium Demand,Maintain Stock
22449,SILK PURSE BABUSHKA PINK,Medium Demand,Maintain Stock
84660B,BLACK STITCHED WALL CLOCK,Medium Demand,Maintain Stock
21307,SET/4 BUTTERFLY MIRROR MAGNETS,Medium Demand,Maintain Stock
21285,RETROSPOT CANDLE  MEDIUM,Medium Demand,Maintain Stock
21955,DOOR MAT UNION JACK GUNS AND ROSES,Medium Demand,Maintain Stock
22841,ROUND CAKE TIN VINTAGE GREEN,Medium Demand,Maintain Stock
22263,FELT EGG COSY LADYBIRD ,Medium Demand,Maintain Stock
21825,PAINTED METAL TREE WITH HOLLY BELLS,Medium Demand,Maintain Stock
23494,VINTAGE DOILY DELUXE SEWING KIT ,Medium Demand,Maintain Stock
84534B,FAIRY CAKE NOTEBOOK A5 SIZE,Medium Demand,Maintain Stock
21064,BOOM BOX SPEAKER BOYS,Medium Demand,Maintain Stock
23224,CHERUB HEART DECORATION GOLD,Medium Demand,Maintain Stock
21456,2 PICTURE BOOK EGGS EASTER CHICKS,Medium Demand,Maintain Stock
22691,DOORMAT WELCOME SUNRISE,Medium Demand,Maintain Stock
21458,2 PICTURE BOOK EGGS EASTER BUNNY,Medium Demand,Maintain Stock
78124,MAGAZINE RACK GEBRA ASSORTED ,Medium Demand,Maintain Stock
72801E,S/4 FESTIVE GREEN DINNER CANDLES,Medium Demand,Maintain Stock
71038,WHITE HANGING BEADS CANDLE HOLDER,Medium Demand,Maintain Stock
47505,MINATURE COLOURED GARDENING SET,Medium Demand,Maintain Stock
84031A,CHARLIE+LOLA RED HOT WATER BOTTLE ,Medium Demand,Maintain Stock
17165D,ASS COL LARGE SAND FROG P'WEIGHT,Medium Demand,Maintain Stock
72803A,ROSE SCENT CANDLE JEWELLED DRAWER,Medium Demand,Maintain Stock
22060,LARGE CAKE STAND HANGING HEARTS,Medium Demand,Maintain Stock
23390,DOLLY GIRL MINI BACKPACK,Medium Demand,Maintain Stock
79190A,RETRO PLASTIC 70'S TRAY,Medium Demand,Maintain Stock
22062,CERAMIC BOWL WITH LOVE HEART DESIGN,Medium Demand,Maintain Stock
84925F,PSYCHEDELIC WALL THERMOMETER,Medium Demand,Maintain Stock
22220,CAKE STAND LOVEBIRD 2 TIER WHITE,Medium Demand,Maintain Stock
35096A,BLUE VICTORIAN FABRIC HEART BOX,Medium Demand,Maintain Stock
37461,FUNKY MONKEY MUG,Medium Demand,Maintain Stock
17109A,FLOWER FAIRY INCENSE LILY,Medium Demand,Maintain Stock
22862,LOVE HEART NAPKIN BOX ,Medium Demand,Maintain Stock
21744,SNOWFLAKE PORTABLE TABLE LIGHT ,Medium Demand,Maintain Stock
22454,MEASURING TAPE BABUSHKA RED,Medium Demand,Maintain Stock
82486,3 DRAWER ANTIQUE WHITE WOOD CABINET,Medium Demand,Maintain Stock
21130,COLOURFUL STANDING GNOME,Medium Demand,Maintain Stock
22416,36 DOILIES SPACEBOY DESIGN ,Medium Demand,Maintain Stock
21323,HANGING MEDINA LANTERN LARGE,Medium Demand,Maintain Stock
85019B,BLOSSOM  IMAGES NOTEBOOK SET,Medium Demand,Maintain Stock
23695,DOILY THANK YOU CARD,Medium Demand,Maintain Stock
79341,WILLOW BRANCH LIGHTS.,Medium Demand,Maintain Stock
20768,GREEN FERN JOURNAL ,Medium Demand,Maintain Stock
23235,STORAGE TIN VINTAGE LEAF,Medium Demand,Maintain Stock
35968,FOLK ART METAL HEART T-LIGHT HOLDER,Medium Demand,Maintain Stock
37413,ICON MUG REVOLUTIONARY,Medium Demand,Maintain Stock
22739,"RIBBON REEL, XMAS SOCK/BAUBLE",Medium Demand,Maintain Stock
21106,CREAM SLICE FLANNEL CHOCOLATE SPOT ,Medium Demand,Maintain Stock
22496,SET OF 2 ROUND TINS DUTCH CHEESE,Medium Demand,Maintain Stock
20665,RED SPOTTY PURSE ,Medium Demand,Maintain Stock
20662,FIRST CLASS HOLIDAY PURSE ,Medium Demand,Maintain Stock
84051,ASS COLOUR GLOWING TIARAS,Medium Demand,Maintain Stock
22618,COOKING SET RETROSPOT,Medium Demand,Maintain Stock
37471,MULTICOLOUR POLKADOT PLATE,Medium Demand,Maintain Stock
79051A,SMOKEY GREY COLOUR D.O.F. GLASS,Medium Demand,Maintain Stock
21465,PINK FLOWER CROCHET FOOD COVER,Medium Demand,Maintain Stock
22679,FRENCH BLUE METAL DOOR SIGN 4,Medium Demand,Maintain Stock
22349,"DOG BOWL , CHASING BALL DESIGN",Medium Demand,Maintain Stock
22425,ENAMEL COLANDER CREAM,Medium Demand,Maintain Stock
21398,RED  SPOTTY COFFEE  MUG,Medium Demand,Maintain Stock
21286,RETROSPOT CANDLE  LARGE,Medium Demand,Maintain Stock
22475,SKULL DESIGN TV DINNER TRAY,Medium Demand,Maintain Stock
84660C,PINK STITCHED WALL CLOCK,Medium Demand,Maintain Stock
20878,SET/9 CHRISTMAS T-LIGHTS SCENTED ,Medium Demand,Maintain Stock
23534,WALL ART STOP FOR TEA ,Medium Demand,Maintain Stock
37471,MULTICOLOUR DOTS PLATE,Medium Demand,Maintain Stock
21537,RED RETROSPOT PUDDING BOWL,Medium Demand,Maintain Stock
84509G,SET OF 4 FAIRY CAKE PLACEMATS ,Medium Demand,Maintain Stock
72128,COLUMBIAN CANDLE ROUND,Medium Demand,Maintain Stock
85167B,BLACK GRAND BAROQUE PHOTO FRAME,Medium Demand,Maintain Stock
84934,ASSTD DESIGN POP ART SLIM PEN,Medium Demand,Maintain Stock
21547,CERAMIC BIRDHOUSE CRESTED TIT SMALL,Medium Demand,Maintain Stock
22903,CALENDAR FAMILY FAVOURITES,Medium Demand,Maintain Stock
23395,BELLE JARDINIERE CUSHION COVER,Medium Demand,Maintain Stock
21311,SET/4 BIRD MIRROR MAGNETS ,Medium Demand,Maintain Stock
23033,DRAWER KNOB CERAMIC RED,Medium Demand,Maintain Stock
21545,CERAMIC BIRDHOUSE BUTTERFLY SMALL,Medium Demand,Maintain Stock
23502,PLAYING CARDS VINTAGE DOILY ,Medium Demand,Maintain Stock
21794,CLASSIC FRENCH STYLE BASKET NATURAL,Medium Demand,Maintain Stock
23435,3 RAFFIA RIBBONS VINTAGE CHRISTMAS,Medium Demand,Maintain Stock
21276,TWO EMBOSSED HEART MINI DRAWERS,Medium Demand,Maintain Stock
21612,SET 12 WILDFLOWER BOTANICAL T-LIGHT,Medium Demand,Maintain Stock
23348,CHILDRENS TOY COOKING UTENSIL SET,Medium Demand,Maintain Stock
84596J,MIXED NUTS LIGHT GREEN BOWL,Medium Demand,Maintain Stock
22073,RETRO SPOT STORAGE JAR,Medium Demand,Maintain Stock
37441,ASSORTED WHITE EMBOSSED CHINA MUGS,Medium Demand,Maintain Stock
22935,BAKING MOULD ROSE MILK CHOCOLATE,Medium Demand,Maintain Stock
22952,SET 72 CAKE CASES VINTAGE CHRISTMAS,Medium Demand,Maintain Stock
22546,MINI JIGSAW FIDO,Medium Demand,Maintain Stock
21039,RED SPOTTY SHOPPING BAG,Medium Demand,Maintain Stock
20849,ZINC HEART LATTICE DOUBLE PLANTER,Medium Demand,Maintain Stock
21306,SET/4 DAISY MIRROR MAGNETS,Medium Demand,Maintain Stock
85188B,PINK METAL SWINGING BUNNY,Medium Demand,Maintain Stock
21316,SMALL CHUNKY GLASS ROMAN  BOWL,Medium Demand,Maintain Stock
22451,SILK PURSE BABUSHKA RED,Medium Demand,Maintain Stock
84799,SPRIG LAVENDER ARTIFICIAL FLOWER,Medium Demand,Maintain Stock
21112,SWISS ROLL TOWEL PINK  SPOTS,Medium Demand,Maintain Stock
22953,BIRTHDAY PARTY CORDON BARRIER TAPE,Medium Demand,Maintain Stock
23473,WOODLAND SMALL RED FELT HEART,Medium Demand,Maintain Stock
21482,MUSHROOM BLUE HOT WATER BOTTLE,Medium Demand,Maintain Stock
21562,HAWAIIAN GRASS SKIRT ,Medium Demand,Maintain Stock
20670,VIP HOLIDAY PURSE,Medium Demand,Maintain Stock
21051,RIBBONS PURSE ,Medium Demand,Maintain Stock
21457,2 PICTURE BOOK EGGS EASTER DUCKS,Medium Demand,Maintain Stock
22150, 3 STRIPEY MICE FELTCRAFT,Medium Demand,Maintain Stock
23110,PARISIENNE KEY CABINET ,Medium Demand,Maintain Stock
72800A,S/4 BLACK DINNER CANDLE SILVER FLOC,Medium Demand,Maintain Stock
72819,CUPID DESIGN SCENTED CANDLES,Medium Demand,Maintain Stock
22202,MILK PAN PINK RETROSPOT,Medium Demand,Maintain Stock
16202A,PASTEL PINK PHOTO ALBUM ,Medium Demand,Maintain Stock
84356,POMPOM CURTAIN,Medium Demand,Maintain Stock
22682,FRENCH BLUE METAL DOOR SIGN 7,Medium Demand,Maintain Stock
22362,GLASS JAR PEACOCK BATH SALTS,Medium Demand,Maintain Stock
22290,STANDING METAL RABBIT WITH EGG,Medium Demand,Maintain Stock
85130A,BEADED PEARL HEART WHITE LARGE,Medium Demand,Maintain Stock
20889,JARDIN DE FEMME SCENTED CANDLE,Medium Demand,Maintain Stock
85129D,BEADED CRYSTAL HEART PINK SMALL,Medium Demand,Maintain Stock
21437,24 HANGING EASTER EGGS FLORAL TUB,Medium Demand,Maintain Stock
84469,ROSE DES PADDED FLOOR CUSHION,Medium Demand,Maintain Stock
20950,SET/6  ANGEL T-LIGHTS WHITE/GOLD,Medium Demand,Maintain Stock
84976,RECTANGULAR SHAPED MIRROR,Medium Demand,Maintain Stock
22681,FRENCH BLUE METAL DOOR SIGN 6,Medium Demand,Maintain Stock
84926A,WAKE UP COCKEREL TILE COASTER,Medium Demand,Maintain Stock
21821,GLITTER STAR GARLAND WITH BELLS ,Medium Demand,Maintain Stock
85130C,BEADED CRYSTAL HEART BLUE  LARGE,Medium Demand,Maintain Stock
21524,SPOTTY  HOME SWEET HOME DOORMAT,Medium Demand,Maintain Stock
22926,IVORY GIANT GARDEN THERMOMETER,Medium Demand,Maintain Stock
10120,DOGGY RUBBER,Medium Demand,Maintain Stock
22443,GROW YOUR OWN HERBS SET OF 3,Medium Demand,Maintain Stock
22454,MEASURING TAPE RUSSIAN DOLL RED,Medium Demand,Maintain Stock
84800L,LARGE WHITE/PINK ROSE ART FLOWER,Medium Demand,Maintain Stock
22763,KEY CABINET MA CAMPAGNE,Medium Demand,Maintain Stock
23127,FELTCRAFT GIRL NICOLE KIT,Medium Demand,Maintain Stock
17012A,ORIGAMI VANILLA INCENSE/CANDLE SET ,Medium Demand,Maintain Stock
22382,LUNCHBAG SPACEBOY DESIGN ,Medium Demand,Maintain Stock
23535,WALL ART BICYCLE SAFETY,Medium Demand,Maintain Stock
22168,ORGANISER WOOD ANTIQUE WHITE ,Medium Demand,Maintain Stock
85025C,PINK HEART SHAPE PHOTO FRAME,Medium Demand,Maintain Stock
21548,CERAMIC BIRDHOUSE FINCH BLUE ROOF,Medium Demand,Maintain Stock
84625D,WHITE NEWBAROQUE CANDLESTICK CANDLE,Medium Demand,Maintain Stock
85019A,ROMANTIC IMAGES NOTEBOOK SET,Medium Demand,Maintain Stock
21814,HEART T-LIGHT HOLDER ,Medium Demand,Maintain Stock
82613B,"METAL SIGN,CUPCAKE SINGLE HOOK",Medium Demand,Maintain Stock
85159B,"WHITE TEA,COFFEE,SUGAR JARS",Medium Demand,Maintain Stock
21042,RED RETROSPOT APRON ,Medium Demand,Maintain Stock
72800B,S/4 PURPLE DINNER CANDLE BLK FLOCK,Medium Demand,Maintain Stock
85232D,SET/3 DECOUPAGE STACKING TINS,Medium Demand,Maintain Stock
47021G,SET/6 BEAD COASTERS GAUZE BAG GOLD,Medium Demand,Maintain Stock
22270,HAPPY EASTER HANGING DECORATION,Medium Demand,Maintain Stock
22134,MINI LADLE LOVE HEART RED ,Medium Demand,Maintain Stock
21373,MIRRORED WALL ART SNOWFLAKES,Medium Demand,Maintain Stock
10123C,HEARTS WRAPPING TAPE ,Medium Demand,Maintain Stock
20669,RED HEART LUGGAGE TAG,Medium Demand,Maintain Stock
22389,PAPERWEIGHT SAVE THE PLANET,Medium Demand,Maintain Stock
17129F,BLUE GLASS GEMS IN BAG,Medium Demand,Maintain Stock
21195,PINK  HONEYCOMB PAPER BALL ,Medium Demand,Maintain Stock
21523,FANCY FONT HOME SWEET HOME DOORMAT,Medium Demand,Maintain Stock
21613,S/12 VANILLA  BOTANICAL T-LIGHTS,Medium Demand,Maintain Stock
21454,PAINTED PINK RABBIT ,Medium Demand,Maintain Stock
21468,BUTTERFLY CROCHET FOOD COVER,Medium Demand,Maintain Stock
84520D,PACK OF 20 FAIRY CAKE PAPER NAPKINS,Medium Demand,Maintain Stock
21741,COSY SLIPPER SHOES LARGE GREEN,Medium Demand,Maintain Stock
17012B,ORIGAMI JASMINE INCENSE/CANDLE SET,Medium Demand,Maintain Stock
47502,POLKADOT CUTLERY 24 PCS IN TRAY,Medium Demand,Maintain Stock
21000,ROSE DU SUD COSMETICS BAG,Medium Demand,Maintain Stock
22072,TEA CUP AND SAUCER RETRO SPOT,Medium Demand,Maintain Stock
72728,ROSE SCENT CANDLES IN GLASS,Medium Demand,Maintain Stock
22408,MONEY BOX CONFECTIONERY DESIGN,Medium Demand,Maintain Stock
72023F,RED ORGANIC CANDLE IN GLASS,Medium Demand,Maintain Stock
22105,MIRROR MOSAIC GOBLET CANDLE HOLDER,Medium Demand,Maintain Stock
85035A,GARDENIA 3 WICK MORRIS BOXED CANDLE,Medium Demand,Maintain Stock
72799A,BLACK PILLAR CANDLE SILVER FLOCK,Medium Demand,Maintain Stock
10134,COLOURING PENCILS BROWN TUBE,Medium Demand,Maintain Stock
21039,RED RETROSPOT SHOPPING BAG,Medium Demand,Maintain Stock
20931,BLUE POT PLANT CANDLE ,Medium Demand,Maintain Stock
22246,"GARLAND, MAGIC GARDEN 1.8M",Medium Demand,Maintain Stock
21557,SET OF 6 FUNKY BEAKERS,Medium Demand,Maintain Stock
85094,CANDY SPOT EGG WARMER RABBIT,Medium Demand,Maintain Stock
22125,UNION JACK HOT WATER BOTTLE ,Medium Demand,Maintain Stock
85036A,GARDENIA 1 WICK MORRIS BOXED CANDLE,Medium Demand,Maintain Stock
85084,HOLLY TOP CHRISTMAS STOCKING,Medium Demand,Maintain Stock
85162A,SILVER RETRODISC LAMPSHADE,Medium Demand,Maintain Stock
22069,BROWN  PIRATE TREASURE CHEST ,Medium Demand,Maintain Stock
22990,COTTON APRON PANTRY DESIGN,Medium Demand,Maintain Stock
22289,"DECORATION , HANGING METAL CHICKEN",Medium Demand,Maintain Stock
21043,APRON MODERN VINTAGE COTTON,Medium Demand,Maintain Stock
21576,LETS GO SHOPPING COTTON TOTE BAG,Medium Demand,Maintain Stock
35001G,HAND OPEN SHAPE GOLD,Medium Demand,Maintain Stock
22200,FRYING PAN PINK POLKADOT ,Medium Demand,Maintain Stock
22683,FRENCH BLUE METAL DOOR SIGN 8,Medium Demand,Maintain Stock
21490,SET OF THREE 50'S GIFT WRAPS ,Medium Demand,Maintain Stock
20764,ABSTRACT CIRCLES SKETCHBOOK ,Medium Demand,Maintain Stock
21812,GARLAND WITH HEARTS AND BELLS,Medium Demand,Maintain Stock
21205,MULTICOLOUR 3D BALLS GARLAND,Medium Demand,Maintain Stock
23057,BEADED CHANDELIER T-LIGHT HOLDER,Medium Demand,Maintain Stock
22056,CERAMIC PLATE LOVE HEART DESIGN,Medium Demand,Maintain Stock
21781,MA CAMPAGNE CUTLERY BOX,Medium Demand,Maintain Stock
23109,LED TEA LIGHTS,Medium Demand,Maintain Stock
23403,LETTER HOLDER HOME SWEET HOME,Medium Demand,Maintain Stock
21618,4 WILDFLOWER BOTANICAL CANDLES,Medium Demand,Maintain Stock
21815,STAR  T-LIGHT HOLDER ,Medium Demand,Maintain Stock
79302M,"ART LIGHTS,FUNK MONKEY",Medium Demand,Maintain Stock
72755C,FLOWER FAIRY OIL BURNER SET ROSE,Medium Demand,Maintain Stock
85036B,CHOCOLATE 1 WICK MORRIS BOX CANDLE,Medium Demand,Maintain Stock
23564,EGG CUP MILKMAID INGRID,Medium Demand,Maintain Stock
23392,SPACEBOY ROCKET LOLLY MAKERS,Medium Demand,Maintain Stock
23398,HANGING HEART BONHEUR,Medium Demand,Maintain Stock
79328,BLUE FLOCK GLASS CANDLEHOLDER,Medium Demand,Maintain Stock
22453,MEASURING TAPE BABUSHKA BLUE,Medium Demand,Maintain Stock
22137,BATHROOM SET LOVE HEART DESIGN,Medium Demand,Maintain Stock
85065,CREAM SWEETHEART TRAYS,Medium Demand,Maintain Stock
21408,SPOTTY PINK DUCK DOORSTOP,Medium Demand,Maintain Stock
23568,EGG CUP HENRIETTA HEN CREAM ,Medium Demand,Maintain Stock
22860,EASTER TIN CHICKS PINK DAISY,Medium Demand,Maintain Stock
22280,POCKET BAG PINK PAISELY BROWN SPOT,Medium Demand,Maintain Stock
21946,PARTY TIME DESIGN FLANNEL,Medium Demand,Maintain Stock
22320,BIRDS MOBILE VINTAGE DESIGN,Medium Demand,Maintain Stock
23252,VINTAGE RED ENAMEL TRIM JUG ,Medium Demand,Maintain Stock
84985A,SET OF 72 GREEN PAPER DOILIES,Medium Demand,Maintain Stock
21710,FOLDING UMBRELLA  PINK/WHITE  SPOT,Medium Demand,Maintain Stock
90058A,CRYSTAL STUD EARRINGS CLEAR DISPLAY,Medium Demand,Maintain Stock
84535A,ENGLISH ROSE NOTEBOOK A6 SIZE,Medium Demand,Maintain Stock
23131,MISTLETOE HEART WREATH CREAM,Medium Demand,Maintain Stock
16156L,"WRAP, CAROUSEL",Medium Demand,Maintain Stock
22451,SILK PURSE RUSSIAN DOLL RED,Medium Demand,Maintain Stock
79190D,RETRO PLASTIC DAISY TRAY,Medium Demand,Maintain Stock
22322,BIRD DECORATION GREEN  SPOT,Medium Demand,Maintain Stock
85170D,SET/6 PINK BIRD T-LIGHT CANDLES,Medium Demand,Maintain Stock
84684,BEACH HUT PHOTO FRAME,Medium Demand,Maintain Stock
22843,BISCUIT TIN VINTAGE GREEN,Medium Demand,Maintain Stock
21695,SMALL SILVER FLOWER CANDLE POT,Medium Demand,Maintain Stock
23052,RECYCLED ACAPULCO MAT TURQUOISE,Medium Demand,Maintain Stock
82607A,GLASS BONBON JAR PARFUME AUX FLEURE,Medium Demand,Maintain Stock
84971L,LARGE HEART FLOWERS HOOK   ,Medium Demand,Maintain Stock
22685,FRENCH BLUE METAL DOOR SIGN 0,Medium Demand,Maintain Stock
82615,PINK MARSHMALLOW SCARF KNITTING KIT,Medium Demand,Maintain Stock
84750B,BLACK SMALL GLASS CAKE STAND,Medium Demand,Maintain Stock
23164,REGENCY CAKE SLICE,Medium Demand,Maintain Stock
23559,WOODLAND BUNNIES LOLLY MAKERS,Medium Demand,Maintain Stock
35981C,WHITE SNOW SCANDINAVIAN STOCKING ,Medium Demand,Maintain Stock
48197,DOOR MAT BIRD ON THE WIRE,Medium Demand,Maintain Stock
22822,CREAM WALL PLANTER HEART SHAPED,Medium Demand,Maintain Stock
20686,DOLLY MIXTURE CHILDREN'S UMBRELLA,Medium Demand,Maintain Stock
20684,STRAWBERRY DREAM CHILDS UMBRELLA,Medium Demand,Maintain Stock
22934,BAKING MOULD EASTER EGG WHITE CHOC,Medium Demand,Maintain Stock
84760L,LARGE HANGING GLASS+ZINC LANTERN,Medium Demand,Maintain Stock
23048,SET OF 10 LANTERNS FAIRY LIGHT STAR,Medium Demand,Maintain Stock
23055,IVORY CHANDELIER T-LIGHT HOLDER,Medium Demand,Maintain Stock
22676,"FRENCH BLUE METAL DOOR SIGN, 1",Medium Demand,Maintain Stock
22223,CAKE PLATE LOVEBIRD PINK,Medium Demand,Maintain Stock
23515,EMBROIDERED RIBBON REEL DAISY ,Medium Demand,Maintain Stock
23553,LANDMARK FRAME CAMDEN TOWN ,Medium Demand,Maintain Stock
22123,PING MICROWAVE APRON,Medium Demand,Maintain Stock
22513,DOORSTOP FOOTBALL DESIGN,Medium Demand,Maintain Stock
23513,EMBROIDERED RIBBON REEL SUSIE ,Medium Demand,Maintain Stock
85180A,RED HEARTS LIGHT CHAIN ,Medium Demand,Maintain Stock
22500,SET OF 2 TINS JARDIN DE PROVENCE,Medium Demand,Maintain Stock
22471,TV DINNER TRAY AIR HOSTESS ,Medium Demand,Maintain Stock
22701,PINK DOG BOWL,Medium Demand,Maintain Stock
20771,CHRYSANTHEMUM  JOURNAL,Medium Demand,Maintain Stock
22200,FRYING PAN PINK POLKADOT,Medium Demand,Maintain Stock
22891,TEA FOR ONE POLKADOT,Medium Demand,Maintain Stock
35818P,"ACRYLIC JEWEL ICICLE, PINK",Medium Demand,Maintain Stock
21682,LARGE MEDINA STAMPED METAL BOWL ,Medium Demand,Maintain Stock
21017,RED BIRD HOUSE TREE DECORATION,Medium Demand,Maintain Stock
72132,COLUMBIAN CUBE CANDLE,Medium Demand,Maintain Stock
79338,DARK PINK FLOCK GLASS CANDLEHOLDER,Medium Demand,Maintain Stock
21251,DINOSAUR HEIGHT CHART STICKER SET,Medium Demand,Maintain Stock
22310,KNITTED MUG COSY IVORY COLOUR ,Medium Demand,Maintain Stock
35607A,PINK FLUFFY CHRISTMAS DECORATION,Medium Demand,Maintain Stock
85227,SET/6 3D KIT CARDS FOR KIDS,Medium Demand,Maintain Stock
21561,DINOSAUR LUNCHBOX WITH CUTLERY,Medium Demand,Maintain Stock
84031B,CHARLIE LOLA BLUE HOT WATER BOTTLE ,Medium Demand,Maintain Stock
21804,WHITE CHRISTMAS GARLAND STARS TREES,Medium Demand,Maintain Stock
21189,WHITE HONEYCOMB PAPER GARLAND ,Medium Demand,Maintain Stock
21157,RED SPOTTY WASHBAG,Medium Demand,Maintain Stock
35637A,IVORY STRING CURTAIN WITH POLE ,Medium Demand,Maintain Stock
23283,DOORMAT VINTAGE LEAF,Medium Demand,Maintain Stock
23003,TRAVEL CARD WALLET VINTAGE ROSE ,Medium Demand,Maintain Stock
22894,TABLECLOTH RED APPLES DESIGN ,Medium Demand,Maintain Stock
23152,IVORY SWEETHEART WIRE LETTER RACK ,Medium Demand,Maintain Stock
21842,PINK HEART CANDY BUTTON CALCULATOR,Medium Demand,Maintain Stock
84678,CLASSICAL ROSE SMALL VASE,Medium Demand,Maintain Stock
21694,SMALL REGAL  SILVER CANDLEPOT ,Medium Demand,Maintain Stock
82616C,MIDNIGHT GLAMOUR SCARF KNITTING KIT,Medium Demand,Maintain Stock
85014C,BLUE/BROWN DOTS RUFFLED UMBRELLA,Medium Demand,Maintain Stock
21549,CERAMIC BIRDHOUSE RED ROOF SMALL,Medium Demand,Maintain Stock
20893,HANGING BAUBLE T-LIGHT HOLDER SMALL,Medium Demand,Maintain Stock
22853,CAT BOWL VINTAGE CREAM,Medium Demand,Maintain Stock
72045D,ROSES ON BLUE TEACUP CANDLE ,Medium Demand,Maintain Stock
85059,FRENCH ENAMEL WATER BASIN,Medium Demand,Maintain Stock
23091,ZINC HERB GARDEN CONTAINER,Medium Demand,Maintain Stock
21464,DISCO BALL ROTATOR BATTERY OPERATED,Medium Demand,Maintain Stock
35646,VINTAGE BEAD PINK EVENING BAG,Medium Demand,Maintain Stock
23418,LAVENDER TOILETTE BOTTLE,Medium Demand,Maintain Stock
23490,T-LIGHT HOLDER HANGING LOVE BIRD,Medium Demand,Maintain Stock
82616B,FRAPPUCINO SCARF KNITTING KIT,Medium Demand,Maintain Stock
72755D,FLOWER FAIRY OIL BURNER SET SUMMER,Medium Demand,Maintain Stock
37482P,CUBIC MUG PINK POLKADOT,Medium Demand,Maintain Stock
72122,COFFEE SCENT PILLAR CANDLE,Medium Demand,Maintain Stock
21222,SET/4 BADGES BEETLES,Medium Demand,Maintain Stock
22914,BLUE COAT RACK PARIS FASHION,Medium Demand,Maintain Stock
21895,POTTING SHED SOW 'N' GROW SET,Medium Demand,Maintain Stock
72801G,4 BURGUNDY WINE DINNER CANDLES,Medium Demand,Maintain Stock
21610,SET 12 PEAR BOTANICAL T-LIGHTS,Medium Demand,Maintain Stock
72801C,4 ROSE PINK DINNER CANDLES,Medium Demand,Maintain Stock
35824B,"HANGING FLOWERS+MIRROR,BLUE",Medium Demand,Maintain Stock
23358,HOT STUFF HOT WATER BOTTLE,Medium Demand,Maintain Stock
79320,FLAMINGO LIGHTS,Medium Demand,Maintain Stock
82613C,"METAL SIGN,CUPCAKE SINGLE HOOK",Medium Demand,Maintain Stock
47504F,ENGLISH ROSE TORCH,Medium Demand,Maintain Stock
22372,AIRLINE BAG VINTAGE WORLD CHAMPION ,Medium Demand,Maintain Stock
21056,DOCTOR'S BAG SOFT TOY,Medium Demand,Maintain Stock
85025B,EAU DE NILE HEART SHAPE PHOTO FRAME,Medium Demand,Maintain Stock
35647,VINTAGE BEAD PINK SHADE ,Medium Demand,Maintain Stock
23511,EMBROIDERED RIBBON REEL EMILY ,Medium Demand,Maintain Stock
79323GR,GREEN CHERRY LIGHTS,Medium Demand,Maintain Stock
21709,FOLDING UMBRELLA  CHOC/WHITE  SPOT,Medium Demand,Maintain Stock
21378,SMALL TALL CAMPHOR WOOD TOADSTOOL,Medium Demand,Maintain Stock
23396,LE JARDIN BOTANIQUE CUSHION COVER,Medium Demand,Maintain Stock
84993B,75 BLACK PETIT FOUR CASES,Medium Demand,Maintain Stock
22287,DECORATION WOBBLY CHICKEN,Medium Demand,Maintain Stock
21361,LOVE LARGE WOOD LETTERS ,Medium Demand,Maintain Stock
23534,STOP FOR TEA WALL ART,Medium Demand,Maintain Stock
20976,12 PENCILS SMALL TUBE POSY,Medium Demand,Maintain Stock
17129D,CLEAR COLOUR GLASS GEMS IN BAG,Medium Demand,Maintain Stock
22526,WHEELBARROW FOR CHILDREN ,Medium Demand,Maintain Stock
23216,LAUREL HEART ANTIQUE GOLD,Medium Demand,Maintain Stock
21220,SET/4 BADGES DOGS,Medium Demand,Maintain Stock
84396,6 HOOK JEWELLERY STAND BLACK DRESS,Medium Demand,Maintain Stock
21065,BOOM BOX SPEAKER GIRLS,Medium Demand,Maintain Stock
22308,TEA COSY BLUE STRIPE,Medium Demand,Maintain Stock
21678,PAISLEY PATTERN  STICKERS,Medium Demand,Maintain Stock
72780,BLACK SILOUETTE CANDLE PLATE,Medium Demand,Maintain Stock
84199,GLOW IN DARK DOLPHINS,Medium Demand,Maintain Stock
21775,DECORATIVE FLORE BATHROOM BOTTLE,Medium Demand,Maintain Stock
23452,HEART MINI PORTRAIT FRAME,Medium Demand,Maintain Stock
84683,CLASSICAL ROSE CANDLESTAND,Medium Demand,Maintain Stock
22199,FRYING PAN RED RETROSPOT,Medium Demand,Maintain Stock
20839,FRENCH PAISLEY CUSHION COVER ,Medium Demand,Maintain Stock
23092,LARGE ANTIQUE WHITE PHOTO FRAME,Medium Demand,Maintain Stock
15059A,ENGLISH ROSE EDWARDIAN PARASOL,Medium Demand,Maintain Stock
21144,PINK POODLE HANGING DECORATION ,Medium Demand,Maintain Stock
85185B,PINK HORSE SOCK PUPPET,Medium Demand,Maintain Stock
23026,DRAWER KNOB VINTAGE GLASS STAR,Medium Demand,Maintain Stock
23124,18PC WOODEN CUTLERY SET DISPOSABLE,Medium Demand,Maintain Stock
22058,CERAMIC LOVE HEARTS DESIGN MUG,Medium Demand,Maintain Stock
21455,PAINTED YELLOW WOODEN DAISY,Medium Demand,Maintain Stock
21194,PINK  HONEYCOMB PAPER FAN,Medium Demand,Maintain Stock
85166B,BLACK METAL BAROQUE PHOTO FRAME,Medium Demand,Maintain Stock
21379,CAMPHOR WOOD PORTOBELLO MUSHROOM,Medium Demand,Maintain Stock
84313C,ORANGE TV TRAY TABLE ,Medium Demand,Maintain Stock
17012F,ORIGAMI SANDLEWOOD INCENSE/CAND SET,Medium Demand,Maintain Stock
21692,SILVER LATTICE VANILLA CANDLE POT,Medium Demand,Maintain Stock
16256B,FLOWER PENCIL/RUBBER+5 MINI PENCILS,Medium Demand,Maintain Stock
20933,YELLOW POT PLANT CANDLE,Medium Demand,Maintain Stock
22677,"FRENCH BLUE METAL DOOR SIGN, 2",Medium Demand,Maintain Stock
21349,IVY HEART WREATH,Medium Demand,Maintain Stock
22939,APRON APPLE DELIGHT,Medium Demand,Maintain Stock
22984,"CARD, GINGHAM ROSE ",Medium Demand,Maintain Stock
21283,NATURAL BARK CANDLE SMALL,Medium Demand,Maintain Stock
22180,RETRO SPOT LAMP,Medium Demand,Maintain Stock
84927E,FLOWERS TILE HOOK,Medium Demand,Maintain Stock
22684,FRENCH BLUE METAL DOOR SIGN 9,Medium Demand,Maintain Stock
85131D,BEADED CRYSTAL HEART PINK ON STICK,Medium Demand,Maintain Stock
20622,VIPPASSPORT COVER ,Medium Demand,Maintain Stock
37492B,BLUE YELLOW FLOWER PIGGY BANK,Medium Demand,Maintain Stock
84637,KITCHEN FLOWER POTS WALL PLAQUE,Medium Demand,Maintain Stock
22678,"FRENCH BLUE METAL DOOR SIGN, 3",Medium Demand,Maintain Stock
22322,BIRD DECORATION GREEN POLKADOT,Medium Demand,Maintain Stock
23058,CHRISTMAS HANGING SNOWFLAKE,Medium Demand,Maintain Stock
23512,EMBROIDERED RIBBON REEL ROSIE,Medium Demand,Maintain Stock
21813,GARLAND WITH STARS AND BELLS,Medium Demand,Maintain Stock
71028B,SILVER BLUE EGG T-LIGHT HOLDER,Medium Demand,Maintain Stock
21223,SET/4 BADGES WOODLAND ANIMAL,Medium Demand,Maintain Stock
22783,SET 3 WICKER OVAL BASKETS W LIDS,Medium Demand,Maintain Stock
22493, PAINT YOUR OWN CANVAS SET,Medium Demand,Maintain Stock
79030D,"TUMBLER, BAROQUE",Medium Demand,Maintain Stock
21792,CLASSIC FRENCH STYLE BASKET GREEN ,Medium Demand,Maintain Stock
22259,FELT FARM ANIMAL HEN,Medium Demand,Maintain Stock
20750, RED/WHITE DOT MINI CASES,Medium Demand,Maintain Stock
17014D,ORIGAMI ROSE INCENSE CONES,Medium Demand,Maintain Stock
22839,3 TIER CAKE TIN GREEN AND CREAM,Medium Demand,Maintain Stock
20766,GARDEN PATH SKETCHBOOK,Medium Demand,Maintain Stock
75178,ASSTD COL BUTTERFLY/CRYSTAL W/CHIME,Medium Demand,Maintain Stock
22282,12 EGG HOUSE PAINTED WOOD,Medium Demand,Maintain Stock
23526,WALL ART DOG LICENCE ,Medium Demand,Maintain Stock
21175,GIN AND TONIC DIET METAL SIGN,Medium Demand,Maintain Stock
21319,GLASS CHALICE GREEN  SMALL ,Medium Demand,Maintain Stock
22323,PINK POLKADOT KIDS BAG,Medium Demand,Maintain Stock
79030G,"TUMBLER, NEW ENGLAND",Medium Demand,Maintain Stock
85067,CREAM SWEETHEART WALL CABINET,Medium Demand,Maintain Stock
20752,BLUE POLKADOT WASHING UP GLOVES,Medium Demand,Maintain Stock
23112,PARISIENNE CURIO CABINET,Medium Demand,Maintain Stock
22375,AIRLINE BAG VINTAGE JET SET BROWN,Medium Demand,Maintain Stock
20665,RED RETROSPOT PURSE ,Medium Demand,Maintain Stock
22354,RETRO SPOT PADDED SEAT CUSHION,Medium Demand,Maintain Stock
21440,12 MINI TOADSTOOL PEGS,Medium Demand,Maintain Stock
22680,"FRENCH BLUE METAL DOOR SIGN, 5",Medium Demand,Maintain Stock
22925,BLUE GIANT GARDEN THERMOMETER,Medium Demand,Maintain Stock
84926F,PSYCHEDELIC TILE COASTER,Medium Demand,Maintain Stock
22343,PARTY PIZZA DISH RED WHITE SPOT ,Medium Demand,Maintain Stock
20688,BEAUTY SPEED EXPRESSO CUPS,Medium Demand,Maintain Stock
22214,CANDLE PLATE LACE WHITE,Medium Demand,Maintain Stock
21849,SILVER DIAMANTE PEN IN GIFT BOX,Medium Demand,Maintain Stock
22685,"FRENCH BLUE METAL DOOR SIGN, 0",Medium Demand,Maintain Stock
20703,BLUE PADDED SOFT MOBILE,Medium Demand,Maintain Stock
23050,RECYCLED ACAPULCO MAT GREEN,Medium Demand,Maintain Stock
84509B,SET OF 4 FAIRY CAKE PLACEMATS,Medium Demand,Maintain Stock
22679,"FRENCH BLUE METAL DOOR SIGN, 4",Medium Demand,Maintain Stock
20869,GOLD FABRIC MIRROR,Medium Demand,Maintain Stock
22788,BROCANTE COAT RACK,Medium Demand,Maintain Stock
23535,BICYCLE SAFTEY WALL ART,Medium Demand,Maintain Stock
23514,EMBROIDERED RIBBON REEL SALLY ,Medium Demand,Maintain Stock
21262,WHITE GOOSE FEATHER CHRISTMAS TREE ,Medium Demand,Maintain Stock
84856S,SMALL TAHITI BEACH BAG,Medium Demand,Maintain Stock
20658,RED RETROSPOT LUGGAGE TAG,Medium Demand,Maintain Stock
85045,GREEN CHRISTMAS TREE STRING 20LIGHT,Medium Demand,Maintain Stock
84673A,PINK FLY SWAT,Medium Demand,Maintain Stock
85159A,"BLACK TEA,COFFEE,SUGAR JARS",Medium Demand,Maintain Stock
21221,SET/4 BADGES CUTE CREATURES,Medium Demand,Maintain Stock
21374,MIRRORED WALL ART SKULLS,Medium Demand,Maintain Stock
17084J,LOVE POTION MASALA INCENSE,Medium Demand,Maintain Stock
72772,SET/4 SCENTED CANDLES IN RAMEKINS,Medium Demand,Maintain Stock
72799C,PINK PILLAR CANDLE SILVER FLOCK,Medium Demand,Maintain Stock
20617,FIRST CLASS PASSPORT COVER ,Medium Demand,Maintain Stock
22288,HANGING METAL RABBIT DECORATION,Medium Demand,Maintain Stock
84925D,LA PALMIERA WALL THERMOMETER,Medium Demand,Maintain Stock
85187,S/12 MINI RABBIT EASTER,Medium Demand,Maintain Stock
79191B,RETRO PLASTIC POLKA TRAY,Medium Demand,Maintain Stock
35969,FOLKART CROWN TABLE DECORATIONS,Medium Demand,Maintain Stock
16161C,WRAP SPEED DEMONS ,Medium Demand,Maintain Stock
84569A,PACK 3 IRON ON DOG PATCHES,Medium Demand,Maintain Stock
21698,MOCK LOBSTER FRIDGE MAGNET,Medium Demand,Maintain Stock
21425,SKULLS STORAGE BOX LARGE,Medium Demand,Maintain Stock
22317,FIVE CATS HANGING DECORATION,Medium Demand,Maintain Stock
23007, SPACEBOY BABY GIFT SET,Medium Demand,Maintain Stock
22376,AIRLINE BAG VINTAGE JET SET WHITE,Medium Demand,Maintain Stock
82613A,"METAL SIGN,CUPCAKE SINGLE HOOK",Medium Demand,Maintain Stock
23400,SHELF WITH 4 HOOKS HOME SWEET HOME,Medium Demand,Maintain Stock
84750A,PINK SMALL GLASS CAKE STAND,Medium Demand,Maintain Stock
22683,"FRENCH BLUE METAL DOOR SIGN, 8",Medium Demand,Maintain Stock
22324,BLUE POLKADOT KIDS BAG,Medium Demand,Maintain Stock
21768,WALL MOUNTED VINTAGE ORGANISER,Medium Demand,Maintain Stock
22449,SILK PURSE RUSSIAN DOLL PINK,Medium Demand,Maintain Stock
21687,SILVER PLATE CANDLE BOWL LARGE,Medium Demand,Maintain Stock
20798,CLEAR MILKSHAKE GLASS,Medium Demand,Maintain Stock
72753B,S/3 FLWR FAIRY LAVENDER CANDLES,Medium Demand,Maintain Stock
22852,DOG BOWL VINTAGE CREAM,Medium Demand,Maintain Stock
84674,FLYING PIG WATERING CAN,Medium Demand,Maintain Stock
22950,SET OF 36 DOILIES VINTAGE CHRISTMAS,Medium Demand,Maintain Stock
21377,SMALL CAMPHOR WOOD FIELD  MUSHROOM,Medium Demand,Maintain Stock
21365,MIRRORED WALL ART STARS,Medium Demand,Maintain Stock
23401,RUSTIC MIRROR WITH LACE HEART,Medium Demand,Maintain Stock
23075,PARLOUR CERAMIC WALL HOOK,Medium Demand,Maintain Stock
72529W,WHITE ADVENT CANDLE,Medium Demand,Maintain Stock
22684,"FRENCH BLUE METAL DOOR SIGN, 9",Medium Demand,Maintain Stock
17084A,TRANQUILITY MASALA INCENSE,Medium Demand,Maintain Stock
84581,DOG TOY WITH PINK CROCHET SKIRT,Medium Demand,Maintain Stock
21427,SKULLS STORAGE BOX SMALL,Medium Demand,Maintain Stock
72811,SMALL ZINC/GLASS CANDLEHOLDER,Medium Demand,Maintain Stock
47574A,ENGLISH ROSE SCENTED HANGING FLOWER,Medium Demand,Maintain Stock
21364,PEACE SMALL WOOD LETTERS,Medium Demand,Maintain Stock
22325,MOBILE VINTAGE HEARTS ,Medium Demand,Maintain Stock
22682,"FRENCH BLUE METAL DOOR SIGN, 7",Medium Demand,Maintain Stock
23697,A PRETTY THANK YOU CARD,Medium Demand,Maintain Stock
23419,HOME SWEET HOME BOTTLE ,Medium Demand,Maintain Stock
23081,GREEN METAL BOX ARMY SUPPLIES,Medium Demand,Maintain Stock
21795,SET OF 3 BLUE STRIPE BASKET,Medium Demand,Maintain Stock
37501,TEA TIME TEA SET IN GIFT BOX,Medium Demand,Maintain Stock
23556,LANDMARK FRAME COVENT GARDEN ,Medium Demand,Maintain Stock
23049,RECYCLED ACAPULCO MAT RED,Medium Demand,Maintain Stock
22981,PANTRY APPLE CORER,Medium Demand,Maintain Stock
23397,FOOT STOOL HOME SWEET HOME ,Medium Demand,Maintain Stock
23406,HOME SWEET HOME KEY HOLDER,Medium Demand,Maintain Stock
35915B,BLUE KNITTED HEN ,Medium Demand,Maintain Stock
21880,RED AND WHITE SPOT TAPE,Medium Demand,Maintain Stock
84806B,WHITE CANDYSTUFT ARTIFICIAL FLOWER,Medium Demand,Maintain Stock
21360,JOY LARGE WOOD LETTERS,Medium Demand,Maintain Stock
20661,BLUE SPOTTY PURSE ,Medium Demand,Maintain Stock
22545,MINI JIGSAW BUNNIES AT HOME,Medium Demand,Maintain Stock
23357,HOT WATER BOTTLE SEX BOMB,Medium Demand,Maintain Stock
84789,ENCHANTED BIRD PLANT CAGE,Medium Demand,Maintain Stock
22450,SILK PURSE BABUSHKA BLUE,Medium Demand,Maintain Stock
48189,DOOR MAT FRIENDSHIP ,Medium Demand,Maintain Stock
84849A,HELLO SAILOR BLUE SOAP HOLDER,Medium Demand,Maintain Stock
85112,S/3 TEAR DROP CUT GLASS DECORATION,Medium Demand,Maintain Stock
35962,12 ASS ZINC CHRISTMAS DECORATIONS,Medium Demand,Maintain Stock
21742,LARGE ROUND WICKER PLATTER ,Medium Demand,Maintain Stock
85028S,FRENCH CHATEAU SMALL FRUITBOWL,Medium Demand,Maintain Stock
85170C,SET/6 EAU DE NIL BIRD T-LIGHTS,Medium Demand,Maintain Stock
85129A,"WHITE PEARL BEADED HEART, SMALL",Medium Demand,Maintain Stock
22927,GREEN GIANT GARDEN THERMOMETER,Medium Demand,Maintain Stock
22106,MIRROR MOSAIC HURRICANE LAMP ,Medium Demand,Maintain Stock
35609A,PINK FEATHER CHRISTMAS DECORATION,Medium Demand,Maintain Stock
22366,DOOR MAT AIRMAIL ,Medium Demand,Maintain Stock
21841,BABY MOUSE RED GINGHAM DRESS,Medium Demand,Maintain Stock
17012D,ORIGAMI ROSE INCENSE/CANDLE SET ,Medium Demand,Maintain Stock
37330,SPOTS MUG,Medium Demand,Maintain Stock
23283,DOORMAT VINTAGE LEAVES DESIGN ,Medium Demand,Maintain Stock
84507C,BLUE CIRCLES DESIGN MONKEY DOLL,Medium Demand,Maintain Stock
22913,RED COAT RACK PARIS FASHION,Medium Demand,Maintain Stock
22180,RETROSPOT LAMP,Medium Demand,Maintain Stock
21417,COCKLE SHELL DISH,Medium Demand,Maintain Stock
47591B,SCOTTIES CHILDRENS APRON,Medium Demand,Maintain Stock
22281,EASTER TREE YELLOW BIRDS,Medium Demand,Maintain Stock
21255,"FRENCH BOTTLE , LAVENDER",Medium Demand,Maintain Stock
85019C,CURIOUS  IMAGES NOTEBOOK SET,Medium Demand,Maintain Stock
22428,ENAMEL FIRE BUCKET CREAM,Medium Demand,Maintain Stock
22681,"FRENCH BLUE METAL DOOR SIGN, 6",Medium Demand,Maintain Stock
23598,PAPER BUNTING VINTAGE PARTY,Medium Demand,Maintain Stock
22143,CHRISTMAS CRAFT HEART DECORATIONS,Medium Demand,Maintain Stock
22777,GLASS CLOCHE LARGE,Medium Demand,Maintain Stock
84673B,BLUE FLY SWAT,Medium Demand,Maintain Stock
23554,LANDMARK FRAME OXFORD STREET,Medium Demand,Maintain Stock
23008,DOLLY GIRL BABY GIFT SET,Medium Demand,Maintain Stock
85214,TUB 24 PINK FLOWER PEGS,Medium Demand,Maintain Stock
23555,LANDMARK FRAME NOTTING HILL ,Medium Demand,Maintain Stock
84969,BOX OF 6 ASSORTED COLOUR TEASPOONS,Medium Demand,Maintain Stock
23022,SMALL BONNE JAM JAR  T-LIGHT HOLDER,Medium Demand,Maintain Stock
20762,GREEN FERN SKETCHBOOK ,Medium Demand,Maintain Stock
84986B,SET OF 36 SILVER PAPER DOILIES,Medium Demand,Maintain Stock
23482,PEARLISED IVORY HEART LARGE ,Medium Demand,Maintain Stock
35271S,GOLD PRINT PAPER BAG,Medium Demand,Maintain Stock
21649,ASSORTED TUTTI FRUTTI PHOTO FRAME,Medium Demand,Maintain Stock
85039C,S/4 BLACK MINI ROSE CANDLE IN BOWL,Medium Demand,Maintain Stock
72800D,S/4 BLUE DINNER CANDLE SILVER FLOCK,Medium Demand,Maintain Stock
15058C,ICE CREAM DESIGN GARDEN PARASOL,Medium Demand,Maintain Stock
20761,BLUE PAISLEY SKETCHBOOK,Medium Demand,Maintain Stock
21197,MULTICOLOUR  CONFETTI IN TUBE,Medium Demand,Maintain Stock
84910A,PINK PAISLEY CUSHION COVER ,Medium Demand,Maintain Stock
85119,WATERING CAN SINGLE HOOK PISTACHIO,Medium Demand,Maintain Stock
23558,LANDMARK FRAME LONDON BRIDGE ,Medium Demand,Maintain Stock
22806,SET OF 6 T-LIGHTS WEDDING CAKE ,Medium Demand,Maintain Stock
21133,PAINTED BIRD ASSORTED CHRISTMAS,Medium Demand,Maintain Stock
23424,GINGHAM RECIPE BOOK BOX,Medium Demand,Maintain Stock
85031B,BLOSSOM IMAGES SCRAP BOOK SET,Medium Demand,Maintain Stock
23325,RUSTIC STRAWBERRY JAM POT SMALL,Medium Demand,Maintain Stock
21246,RED SPOTTY BIG BOWL,Medium Demand,Maintain Stock
23526,DOG LICENCE WALL ART,Medium Demand,Maintain Stock
84569B,PACK 3 FIRE ENGINE/CAR PATCHES,Medium Demand,Maintain Stock
23139,SINGLE WIRE HOOK PINK HEART,Medium Demand,Maintain Stock
35817P,"ACRYLIC JEWEL SNOWFLAKE,PINK",Medium Demand,Maintain Stock
21816,CHRISTMAS TREE T-LIGHT HOLDER,Medium Demand,Maintain Stock
22383,LUNCHBAG SUKI  DESIGN ,Medium Demand,Maintain Stock
84802B,PURPLE ANEMONE ARTIFICIAL FLOWER,Medium Demand,Maintain Stock
20765,CHRYSANTHEMUM SKETCHBOOK ,Medium Demand,Maintain Stock
22643,SET OF 4 NAPKIN CHARMS LEAVES   ,Medium Demand,Maintain Stock
23338,EGG FRYING PAN RED ,Medium Demand,Maintain Stock
23125,6PC WOOD PLATE SET DISPOSABLE,Medium Demand,Maintain Stock
23219,LAUREL STAR ANTIQUE SILVER ,Medium Demand,Maintain Stock
35818B,"ACRYLIC JEWEL ICICLE, BLUE",Medium Demand,Maintain Stock
20769,DAISY JOURNAL ,Medium Demand,Maintain Stock
79030D,TUMBLER BAROQUE,Medium Demand,Maintain Stock
47310M,"SMALL POP BOX,FUNKY MONKEY",Medium Demand,Maintain Stock
21247,SET OF RED SALAD SERVERS ,Medium Demand,Maintain Stock
23205,CHARLOTTE BAG ALPHABET  DESIGN,Medium Demand,Maintain Stock
20689,RETRO SISTERS EXPRESSO CUPS,Medium Demand,Maintain Stock
20715,LITTLE FLOWER SHOPPER BAG,Medium Demand,Maintain Stock
85124C,GREEN JUICY FRUIT PHOTO FRAME,Medium Demand,Maintain Stock
21737,SET 3 WICKER LOG BASKETS,Medium Demand,Maintain Stock
20989,URBAN CHIC CHOPSTICKS SET/5,Medium Demand,Maintain Stock
21462,"NURSERY A,B,C PAINTED LETTERS",Medium Demand,Maintain Stock
85169C,EAU DE NIL LOVE BIRD CANDLE,Medium Demand,Maintain Stock
85086A,CANDY SPOT HEART DECORATION,Medium Demand,Maintain Stock
21026,SPACE OWL,Medium Demand,Maintain Stock
21635,MADRAS NOTEBOOK LARGE ,Medium Demand,Maintain Stock
22808,SET OF 6 T-LIGHTS EASTER CHICKS,Medium Demand,Maintain Stock
20831,GOLD PHOTO FRAME,Medium Demand,Maintain Stock
21250,SET OF SKULL WALL STICKERS,Medium Demand,Maintain Stock
22461,SAVOY ART DECO CLOCK,Medium Demand,Maintain Stock
84951A,SET OF 4 PISTACHIO LOVEBIRD COASTER,Medium Demand,Maintain Stock
22892,SALT AND PEPPER SHAKERS TOADSTOOLS,Medium Demand,Maintain Stock
22448,PIN CUSHION RUSSIAN DOLL RED,Medium Demand,Maintain Stock
23394,POSTE FRANCE CUSHION COVER,Medium Demand,Maintain Stock
23314,VINTAGE CHRISTMAS TABLECLOTH,Medium Demand,Maintain Stock
20838,FRENCH LATTICE CUSHION COVER ,Medium Demand,Maintain Stock
35811A,ENAMEL PINK SUGAR CONTAINER,Medium Demand,Maintain Stock
72800C,S/4 PINK DINNER CANDLE SILVER FLOCK,Medium Demand,Maintain Stock
35972,DAISY FOLKART HEART DECORATION,Medium Demand,Maintain Stock
84688,BEACH HUT DESIGN BLACKBOARD,Medium Demand,Maintain Stock
35915C,PEACH KNITTED HEN ,Medium Demand,Maintain Stock
22179,SET 10 NIGHT OWL LIGHTS,Medium Demand,Maintain Stock
84800S,SMALL WHITE/PINK ROSE ART FLOWER,Medium Demand,Maintain Stock
35991,SET/6 BLACK SNOWFLAKE T-LIGHTS ,Medium Demand,Maintain Stock
84908A,PINK 5 PATCH FLOWER CUSHION COVER ,Medium Demand,Maintain Stock
21943,CAKES AND RABBITS DESIGN FLANNEL ,Medium Demand,Maintain Stock
22167,"WALL MIRROR , DIAMANTE OVAL SHAPE",Medium Demand,Maintain Stock
85031A,ROMANTIC IMAGES SCRAP BOOK SET,Medium Demand,Maintain Stock
21738,COSY SLIPPER SHOES SMALL  RED ,Medium Demand,Maintain Stock
23536,VILLAGE SHOW WALL ART,Medium Demand,Maintain Stock
84908B,BLUE 5 PATCH FLOWER CUSHION COVER,Medium Demand,Maintain Stock
16011, ANIMAL STICKERS,Medium Demand,Maintain Stock
22896,PEG BAG APPLE DESIGN,Medium Demand,Maintain Stock
22407,MONEY BOX FIRST ADE DESIGN,Medium Demand,Maintain Stock
21851,LILAC DIAMANTE PEN IN GIFT BOX,Medium Demand,Maintain Stock
21268,VINTAGE BLUE TINSEL REEL,Medium Demand,Maintain Stock
47471,RAINBOW PEGS PHOTO CLIP STRING,Medium Demand,Maintain Stock
35819B,"ACRYLIC HANGING JEWEL,BLUE",Medium Demand,Maintain Stock
84033,FLAG OF ST GEORGE ,Medium Demand,Maintain Stock
17011F,ORIGAMI SANDLEWOOD INCENSE+FLOWER,Medium Demand,Maintain Stock
84813,SET OF 4 DIAMOND NAPKIN RINGS,Medium Demand,Maintain Stock
22071,SMALL RETRO SPOT MUG IN BOX  WHITE,Medium Demand,Maintain Stock
22864,MUG AND COASTER SET RED CIRCLES,Medium Demand,Maintain Stock
22512,DOORSTOP RACING CAR DESIGN,Medium Demand,Maintain Stock
35980C,REDWHITE STRIPE SCANDINAVIAN HEART ,Medium Demand,Maintain Stock
35965,FOLKART HEART NAPKIN RINGS,Medium Demand,Maintain Stock
23545,WRAP RED DOILEY,Medium Demand,Maintain Stock
16156L,WRAP CAROUSEL,Medium Demand,Maintain Stock
85092,CANDY SPOT TEA COSY,Medium Demand,Maintain Stock
85169D,PINK LOVE BIRD CANDLE,Medium Demand,Maintain Stock
20619,TROPICAL PASSPORT COVER ,Medium Demand,Maintain Stock
21697,SET 5 MINI DOUGHNUT FRIDGE MAGNET ,Medium Demand,Maintain Stock
21708,FOLDING UMBRELLA  CREAM/MULTI  SPOT,Medium Demand,Maintain Stock
23218,LAUREL STAR ANTIQUE GOLD,Medium Demand,Maintain Stock
22509,SEWING BOX RETROSPOT DESIGN ,Medium Demand,Maintain Stock
84875D,BLUE SQUARE COMPACT MIRROR,Medium Demand,Maintain Stock
22450,SILK PURSE RUSSIAN DOLL BLUE,Medium Demand,Maintain Stock
84402D,PINK DRESS JEWELLERY STAND ,Medium Demand,Maintain Stock
85129C,BEADED CRYSTAL HEART BLUE SMALL,Medium Demand,Maintain Stock
21153,RED SPOTTY TABLECLOTH ,Medium Demand,Maintain Stock
22849,BREAD BIN DINER STYLE MINT,Medium Demand,Maintain Stock
23085,ANTIQUE SILVER BAUBLE LAMP  ,Medium Demand,Maintain Stock
21371,MIRRORED WALL ART POPPIES,Medium Demand,Maintain Stock
84875B,GREEN SQUARE COMPACT MIRROR,Medium Demand,Maintain Stock
81952V,ROUND PURPLE CLOCK WITH SUCKER,Medium Demand,Maintain Stock
21284,RETRO SPOT CANDLE  SMALL,Medium Demand,Maintain Stock
21739,COSY SLIPPER SHOES SMALL GREEN,Medium Demand,Maintain Stock
23342,MINT DINER WALL CLOCK,Medium Demand,Maintain Stock
20854,BLUE PATCH PURSE PINK HEART,Medium Demand,Maintain Stock
72801D,4 SKY BLUE DINNER CANDLES,Medium Demand,Maintain Stock
22794,SWEETHEART WIRE MAGAZINE RACK,Medium Demand,Maintain Stock
21580,RABBIT  DESIGN  COTTON TOTE BAG,Medium Demand,Maintain Stock
20825,GOLD WINE GLASS,Medium Demand,Maintain Stock
35471A,SET OF 3 BIRD L.BLUE FEATHER,Medium Demand,Maintain Stock
75013B,"STRING OF 8 BUTTERFLIES,PINK",Medium Demand,Maintain Stock
84251G,"GREETING CARD, OVERCROWDED POOL.",Medium Demand,Maintain Stock
22536,MAGIC DRAWING SLATE FIDO,Medium Demand,Maintain Stock
21438,TUB 24 HANGING EASTER EGGS SPOTTY,Medium Demand,Maintain Stock
84685,BEACH HUT KEY CABINET,Medium Demand,Maintain Stock
20748,KENSINGTON COFFEE SET,Medium Demand,Maintain Stock
22182,CAKE STAND VICTORIAN FILIGREE SMALL,Medium Demand,Maintain Stock
23391, I LOVE LONDON MINI BACKPACK,Medium Demand,Maintain Stock
84907,PINK YELLOW PATCH CUSHION COVER,Medium Demand,Maintain Stock
37492D,PURPLE GREEN FLOWER PIGGY BANK,Medium Demand,Maintain Stock
20888,SET 3 JARDIN DE FEMME SCENT CANDLES,Medium Demand,Maintain Stock
84596K,JELLY BABIES YELLOW SMALL BOWL,Medium Demand,Maintain Stock
23335,EGG FRYING PAN IVORY ,Medium Demand,Maintain Stock
22365,DOOR MAT RESPECTABLE HOUSE,Medium Demand,Maintain Stock
21529,RETRO SPOT CERAMIC TOASTRACK,Medium Demand,Maintain Stock
21320,GLASS CHALICE GREEN  LARGE ,Medium Demand,Maintain Stock
72127,COLUMBIAN CANDLE ROUND ,Medium Demand,Maintain Stock
16212,FUNKY GIRLZ ASST MAGNETIC MEMO PAD,Medium Demand,Maintain Stock
23518,EMBROIDERED RIBBON REEL RACHEL ,Medium Demand,Maintain Stock
22638,SET OF 4 NAPKIN CHARMS CROWNS ,Medium Demand,Maintain Stock
84638,SMALL KITCHEN FLOWER POTS PLAQUE,Medium Demand,Maintain Stock
84951B,SET OF 4 BLACK LOVEBIRD COASTERS,Medium Demand,Maintain Stock
84804B,BLUE DELPHINIUM ARTIFICIAL FLOWER,Medium Demand,Maintain Stock
17108D,FLOWER FAIRY SUMMER BOUQUET SACHET,Medium Demand,Maintain Stock
20826,SILVER APERITIF GLASS,Medium Demand,Maintain Stock
22965,3 TRADITIONAL COOKIE CUTTERS  SET,Medium Demand,Maintain Stock
47420,ASSORTED COLOUR SUCTION CUP HOOK,Medium Demand,Maintain Stock
20681,PINK POLKADOT CHILDRENS UMBRELLA,Medium Demand,Maintain Stock
20661,BLUE POLKADOT PURSE ,Medium Demand,Maintain Stock
22194,BLACK DINER WALL CLOCK,Medium Demand,Maintain Stock
85208,SET/12 FUNKY FELT FLOWER PEG IN BAG,Medium Demand,Maintain Stock
21264,WHITE GOOSE FEATHER TREE 60CM ,Medium Demand,Maintain Stock
84597C,RETRO PINK BALL ASHTRAY ,Medium Demand,Maintain Stock
23272,TREE T-LIGHT HOLDER WILLIE WINKIE,Medium Demand,Maintain Stock
84569C,PACK 4 FLOWER/BUTTERFLY PATCHES,Medium Demand,Maintain Stock
72739B,WHITE CHOCOLATE SCENT CANDLE,Medium Demand,Maintain Stock
21134,VICTORIAN METAL POSTCARD CHRISTMAS,Medium Demand,Maintain Stock
23412,HEART MIRROR ANTIQUE WHITE,Medium Demand,Maintain Stock
84595E,LARGE TORTILLA DESIGN RED BOWL,Medium Demand,Maintain Stock
21054,NURSE'S BAG SOFT TOY,Medium Demand,Maintain Stock
22848,BREAD BIN DINER STYLE PINK,Medium Demand,Maintain Stock
23128,FELTCRAFT BOY JEAN-PAUL KIT,Medium Demand,Maintain Stock
84797A,PINK HAWAIIAN PICNIC HAMPER FOR 4,Medium Demand,Maintain Stock
23694,PAISLEY PARK CARD,Medium Demand,Maintain Stock
23565,EGG CUP MILKMAID HELGA ,Medium Demand,Maintain Stock
23557,LANDMARK FRAME BAKER STREET ,Medium Demand,Maintain Stock
35004G,SET OF 3 GOLD FLYING DUCKS,Medium Demand,Maintain Stock
23046,PAPER LANTERN 9 POINT DELUXE STAR,Medium Demand,Maintain Stock
84663A,GRASS HOPPER WOODEN WALL CLOCK ,Medium Demand,Maintain Stock
20704,MR ROBOT SOFT TOY,Medium Demand,Maintain Stock
37422,WHITE WITH BLACK CATS BOWL,Medium Demand,Maintain Stock
21793,CLASSIC FRENCH STYLE BASKET BROWN,Medium Demand,Maintain Stock
84858C,PINK RIVIERA HANDBAG,Medium Demand,Maintain Stock
84686,BEACH HUT MIRROR,Medium Demand,Maintain Stock
85031C,CURIOUS IMAGES SCRAP BOOK SET,Medium Demand,Maintain Stock
84952C,MIRROR LOVE BIRD T-LIGHT HOLDER,Medium Demand,Maintain Stock
22448,PIN CUSHION BABUSHKA RED,Medium Demand,Maintain Stock
84805B,BLUE CLIMBING HYDRANGA ART FLOWER,Medium Demand,Maintain Stock
20654,FIRST CLASS LUGGAGE TAG ,Medium Demand,Maintain Stock
22172,METAL SHELF WITH RAIL ,Medium Demand,Maintain Stock
85124A,PINK JUICY FRUIT PHOTO FRAME,Medium Demand,Maintain Stock
21765,HANGING METAL BIRD BATH,Medium Demand,Maintain Stock
16239,BALLERINA HEART DECORATION.,Medium Demand,Maintain Stock
21689,SILVER VANILLA  FLOWER CANDLE POT,Medium Demand,Maintain Stock
21282,NATURAL BARK CANDLE LARGE,Medium Demand,Maintain Stock
22897,OVEN MITT APPLE DESIGN,Medium Demand,Maintain Stock
22760,"TRAY, BREAKFAST IN BED",Medium Demand,Maintain Stock
62096A,PINK/YELLOW FLOWERS HANDBAG,Medium Demand,Maintain Stock
35651,VINTAGE BEAD PINK SCARF ,Medium Demand,Maintain Stock
22394,PAPERWEIGHT KINGS CHOICE ,Medium Demand,Maintain Stock
85091,CANDY SPOT BREAD BASKETS,Medium Demand,Maintain Stock
22686,"FRENCH BLUE METAL DOOR SIGN, No",Medium Demand,Maintain Stock
79320, FLAMINGO LIGHTS,Medium Demand,Maintain Stock
84922,PINK BUTTERFLY WASHBAG,Medium Demand,Maintain Stock
23051,RECYCLED ACAPULCO MAT BLUE,Medium Demand,Maintain Stock
17011C,ORIGAMI LAVENDER INCENSE+FLOWER,Medium Demand,Maintain Stock
20851,ZINC HEART LATTICE TRAY OVAL ,Medium Demand,Maintain Stock
23542,WALL ART 70'S ALPHABET ,Medium Demand,Maintain Stock
40018E,TEA TIME PAPER LANTERNS,Medium Demand,Maintain Stock
20856,DENIM PATCH PURSE PINK BUTTERFLY,Medium Demand,Maintain Stock
20943,SET/6 GINGERBREAD STAR T-LIGHTS,Medium Demand,Maintain Stock
21147,JINGLE BELLS TREE DECORATION,Medium Demand,Maintain Stock
85124B,BLUE JUICY FRUIT PHOTO FRAME,Medium Demand,Maintain Stock
90209C,PINK ENAMEL+GLASS HAIR COMB,Medium Demand,Maintain Stock
85131B,BEADED CRYSTAL HEART GREEN ON STICK,Medium Demand,Maintain Stock
21667,GLASS CAKE COVER AND PLATE,Medium Demand,Maintain Stock
21317,GLASS SPHERE CANDLE STAND MEDIUM,Medium Demand,Maintain Stock
21117,BLOND DOLL DOORSTOP,Medium Demand,Maintain Stock
85098B,BLUE FLYING SINGING CANARY,Medium Demand,Maintain Stock
85104,SILVER GLASS T-LIGHT SET,Medium Demand,Maintain Stock
84876B,GREEN HEART COMPACT MIRROR,Medium Demand,Maintain Stock
23538,WALL ART VINTAGE HEART,Medium Demand,Maintain Stock
84858B,BLUE RIVIERA HANDBAG,Medium Demand,Maintain Stock
23072,MARIE ANTOINETTE TRINKET BOX SILVER,Medium Demand,Maintain Stock
23415,HOME SWEET HOME HOOK,Medium Demand,Maintain Stock
21923,RED/CREAM STRIPE FRINGE HAMMOCK,Medium Demand,Maintain Stock
84927F,PSYCHEDELIC TILE HOOK,Medium Demand,Maintain Stock
35824P,"HANGING FLOWERS+MIRROR,PINK",Medium Demand,Maintain Stock
84876D,BLUE HEART COMPACT MIRROR,Medium Demand,Maintain Stock
72800B, 4 PURPLE FLOCK DINNER CANDLES,Medium Demand,Maintain Stock
23107,WHITE HEARTS WIRE PLANT POT HOLDER,Medium Demand,Maintain Stock
46118,FUNKY MONKEY CUSHION COVER,Medium Demand,Maintain Stock
21796,SET OF 3 RED STRIPE BASKETS,Medium Demand,Maintain Stock
84798B,PURPLE FOXGLOVE ARTIIFCIAL FLOWER,Medium Demand,Maintain Stock
35599D,PINK AND WHITE CHRISTMAS TREE 120CM,Medium Demand,Maintain Stock
22257,FELT FARM ANIMAL SHEEP,Medium Demand,Maintain Stock
20952,PORCELAIN CHERUB BELL SMALL,Medium Demand,Maintain Stock
22054,MINI CAKE STAND HANGING HEARTS,Medium Demand,Maintain Stock
40046A,RED DAISY PAPER LAMPSHADE,Medium Demand,Maintain Stock
21850,BLUE  DIAMANTE PEN IN GIFT BOX,Medium Demand,Maintain Stock
21173,LOO ROLL  METAL SIGN ,Medium Demand,Maintain Stock
23525,WALL ART BUFFALO BILL ,Medium Demand,Maintain Stock
72134,COLUMBIAN  CUBE CANDLE ,Medium Demand,Maintain Stock
23469,CARD HOLDER LOVE BIRD SMALL,Medium Demand,Maintain Stock
21391,FRENCH EMROIDR LAVENDER SCENT HEART,Medium Demand,Maintain Stock
71270,PHOTO CLIP LINE,Medium Demand,Maintain Stock
21415,CLAM SHELL SMALL ,Medium Demand,Maintain Stock
84806A,PINK CANDYSTUFT ARTIFICIAL FLOWER,Medium Demand,Maintain Stock
23053,RECYCLED ACAPULCO MAT PINK,Medium Demand,Maintain Stock
23529,DOLLY GIRL WALL ART,Medium Demand,Maintain Stock
37345,ASSTD HEARTS DESIGN MUGS,Medium Demand,Maintain Stock
22070,SMALL RETRO SPOT MUG IN BOX  RED,Medium Demand,Maintain Stock
85117,NIGHTINGALE COATHOOK WHITE,Medium Demand,Maintain Stock
23025,DRAWER KNOB VINTAGE GLASS BALL,Medium Demand,Maintain Stock
22415,WHITE TISSUE REAM,Medium Demand,Maintain Stock
23185,FRENCH STYLE STORAGE JAR JAM,Medium Demand,Maintain Stock
84820,DANISH ROSE TRINKET TRAYS,Medium Demand,Maintain Stock
21555,CERAMIC STRAWBERRY TRINKET TRAY,Medium Demand,Maintain Stock
21089,SET/6 GREEN SPRING PAPER CUPS,Medium Demand,Maintain Stock
20862,PINK PATCH PENCIL CASE BLUE HEART,Medium Demand,Maintain Stock
47481,50CM METAL STRING WITH  7 CLIPS,Medium Demand,Maintain Stock
21055,TOOL BOX SOFT TOY ,Medium Demand,Maintain Stock
17129F,DEEP BLUE GLASS GEMS IN BAG,Medium Demand,Maintain Stock
85055,FRENCH ENAMEL UTENSIL HOLDER,Medium Demand,Maintain Stock
21265,PINK GOOSE FEATHER TREE 60CM,Medium Demand,Maintain Stock
23453,OVAL  MINI PORTRAIT FRAME,Medium Demand,Maintain Stock
72799B,PURPLE PILLAR CANDLE BLACK FLOCK,Medium Demand,Maintain Stock
47594B,SCOTTIES DESIGN WASHBAG,Medium Demand,Maintain Stock
72753A,S/3 FLWR FAIRY LILLY CANDLES,Medium Demand,Maintain Stock
23517,EMBROIDERED RIBBON REEL REBECCA ,Medium Demand,Maintain Stock
23071,MARIE ANTOINETTE TRINKET BOX GOLD,Medium Demand,Maintain Stock
84251F,"GREETING CARD, RITA",Medium Demand,Maintain Stock
18094C,WHITE AND BLUE CERAMIC OIL BURNER,Medium Demand,Maintain Stock
35933,PINK STOCKING CHRISTMAS DECORATION,Medium Demand,Maintain Stock
23529,WALL ART DOLLY GIRL ,Medium Demand,Maintain Stock
84952B,BLACK LOVE BIRD T-LIGHT HOLDER,Medium Demand,Maintain Stock
84659A,WHITE TRAVEL ALARM CLOCK,Medium Demand,Maintain Stock
22703,PINK CAT BOWL,Medium Demand,Maintain Stock
23408,PHOTO FRAME LINEN AND LACE SMALL,Medium Demand,Maintain Stock
35607B,BLACK FEATHER CHRISTMAS DECORATION,Medium Demand,Maintain Stock
21706,FOLDING UMBRELLA RED/WHITE POLKADOT,Medium Demand,Maintain Stock
84797B,BLUE SAVANNAH PICNIC HAMPER FOR 4,Medium Demand,Maintain Stock
23178,JAM CLOCK MAGNET,Medium Demand,Maintain Stock
16244B,MAXWELL 2 TONE BLUE 60 PAGE PHOTO A,Medium Demand,Maintain Stock
20747,PICCADILLY TEA SET,Medium Demand,Maintain Stock
20936,FORKED CACTUS CANDLE,Medium Demand,Maintain Stock
84984B,RED PEONY CUSHION COVER ,Medium Demand,Maintain Stock
84228,HEN HOUSE W CHICK STANDING,Medium Demand,Maintain Stock
84279P, CHERRY BLOSSOM  DECORATIVE FLASK,Medium Demand,Maintain Stock
85131C,BEADED CRYSTAL HEART BLUE ON STICK,Medium Demand,Maintain Stock
20898,VINTAGE NOTEBOOK TRAVELOGUE,Medium Demand,Maintain Stock
35810B,ENAMEL BLUE RIM COFFEE CONTAINER,Medium Demand,Maintain Stock
84467,ENGLISH ROSE DESIGN QUILTED THROW,Medium Demand,Maintain Stock
82616A,BUBBLE GUM SCARF KNITTING KIT,Medium Demand,Maintain Stock
23528,SPACEBOY WALL ART,Medium Demand,Maintain Stock
22391,PAPERWEIGHT HOME SWEET HOME,Medium Demand,Maintain Stock
20932,PINK POT PLANT CANDLE,Medium Demand,Maintain Stock
84689,S/2 BEACH HUT TREASURE CHESTS,Medium Demand,Maintain Stock
23179,CLOCK MAGNET MUM'S KITCHEN,Medium Demand,Maintain Stock
21924,BLUE/CREAM STRIPE FRINGE HAMMOCK,Medium Demand,Maintain Stock
23237,SET OF 4 KNICK KNACK TINS LEAVES ,Medium Demand,Maintain Stock
22164,STRING OF STARS CARD HOLDER,Medium Demand,Maintain Stock
10080,GROOVY CACTUS INFLATABLE,Medium Demand,Maintain Stock
22559,SEASIDE FRISBEE ,Medium Demand,Maintain Stock
84859C,PINK DISCO HANDBAG,Medium Demand,Maintain Stock
72750B,FLOWER FAIRY SET 3 CANDLES LAVENDER,Medium Demand,Maintain Stock
21779,MA CAMPAGNE MINI WOODEN CHEST,Medium Demand,Maintain Stock
79323G,GOLD  CHERRY LIGHTS,Medium Demand,Maintain Stock
22177,5 HOOK BLACKBOARD ORGANISER ,Medium Demand,Maintain Stock
22765,NEWSPAPER STAND,Medium Demand,Maintain Stock
21322,GLASS SPHERE CANDLE STAND LARGE ,Medium Demand,Maintain Stock
22640,SET OF 4 NAPKIN CHARMS 3 KEYS ,Medium Demand,Maintain Stock
20897,VINTAGE NOTEBOOK PARIS DAYS,Medium Demand,Maintain Stock
90085,CRYSTAL STILETTO PHONE CHARM,Medium Demand,Maintain Stock
46126A,ELVIS WALLHANGING / CURTAIN,Medium Demand,Maintain Stock
23474,WOODLAND SMALL BLUE FELT HEART,Medium Demand,Maintain Stock
84809B,PINK CHRYSANTHEMUMS ART FLOWER,Medium Demand,Maintain Stock
22129,PARTY CONES CANDY DECORATION,Medium Demand,Maintain Stock
23111,PARISIENNE SEWING BOX,Medium Demand,Maintain Stock
22912,YELLOW COAT RACK PARIS FASHION,Medium Demand,Maintain Stock
84791,GINGHAM HEART DECORATION,Medium Demand,Maintain Stock
20830,SILVER PHOTO FRAME,Medium Demand,Maintain Stock
20913,SET/5 BLUE SPOTTY LID GLASS BOWLS,Medium Demand,Maintain Stock
84869,CANDY BUTTON PHOTO ALBUM,Medium Demand,Maintain Stock
84499,BLACK FLOWER CANDLE PLATE,Medium Demand,Maintain Stock
84795C,OCEAN STRIPE HAMMOCK ,Medium Demand,Maintain Stock
17181,CIRCLE OF FRIENDS CANDLE HOLDER,Medium Demand,Maintain Stock
21728,METAL MEDINA LANTERN ,Medium Demand,Maintain Stock
21312,LARGE CHUNKY GLASS ROMAN BOWL,Medium Demand,Maintain Stock
20935,ROUND CACTUS CANDLE,Medium Demand,Maintain Stock
23660,HENRIETTA HEN MUG ,Medium Demand,Maintain Stock
85023B,EAU DE NILE JEWELLED PHOTOFRAME,Medium Demand,Maintain Stock
84687,BEACH HUT SHELF W 3 DRAWERS,Medium Demand,Maintain Stock
22861,EASTER TIN CHICKS IN GARDEN,Medium Demand,Maintain Stock
35816P,"ACRYLIC JEWEL ANGEL,PINK",Medium Demand,Maintain Stock
72754A,FLOWER FAIRY POTPOURRI CUSHION LILY,Medium Demand,Maintain Stock
72739C,DARK CHOCOLATE SCENTCANDLE,Medium Demand,Maintain Stock
23516,EMBROIDERED RIBBON REEL SOPHIE  ,Medium Demand,Maintain Stock
22204,MILK PAN BLUE RETROSPOT,Medium Demand,Maintain Stock
22898,CHILDRENS APRON APPLE DESIGN,Medium Demand,Maintain Stock
62095B,TURQOISE ICE CREAM SUNHAT,Medium Demand,Maintain Stock
35915A,CREAM KNITTED HEN,Medium Demand,Maintain Stock
71495B,CD WALL TIDY RED FLOWERS,Medium Demand,Maintain Stock
35096B,RED VICTORIAN FABRIC HEART BOX,Medium Demand,Maintain Stock
22536,MAGIC SLATE FIDO,Medium Demand,Maintain Stock
22535,MAGIC SLATE BUNNIES AT HOME ,Medium Demand,Maintain Stock
20700,GREEN CAT FLORAL CUSHION COVER ,Medium Demand,Maintain Stock
22534,MAGIC SLATE SPACEBOY ,Medium Demand,Maintain Stock
20659,ECONOMY LUGGAGE TAG,Medium Demand,Maintain Stock
22511,RETROSPOT BABUSHKA DOORSTOP,Medium Demand,Maintain Stock
21388,IVORY HANGING DECORATION  CHICKEN,Medium Demand,Maintain Stock
23027,DRAWER KNOB VINTAGE GLASS HEXAGON,Medium Demand,Maintain Stock
22202,MILK PAN PINK POLKADOT,Medium Demand,Maintain Stock
21263,GREEN GOOSE FEATHER TREE 60CM,Medium Demand,Maintain Stock
20736,PINK MINI TAPE MEASURE ,Medium Demand,Maintain Stock
46115B,GREEN POP ART MAO CUSHION COVER ,Medium Demand,Maintain Stock
23010,CIRCUS PARADE BABY GIFT SET,Medium Demand,Maintain Stock
21550,CERAMIC BIRDHOUSE CRESTED TIT LARGE,Medium Demand,Maintain Stock
20863,BLUE PATCH PENCIL CASE PINK HEART,Medium Demand,Maintain Stock
21750,LARGE SKULL WINDMILL,Medium Demand,Maintain Stock
21127,COLOURFUL FISHING GNOME,Medium Demand,Maintain Stock
84859A,SILVER DISCO HANDBAG,Medium Demand,Maintain Stock
84795B,SUNSET CHECK HAMMOCK,Medium Demand,Maintain Stock
35912B,WHITE/PINK CHICK DECORATION,Medium Demand,Maintain Stock
20804,GLASS CHICKEN BUTTER DISH,Medium Demand,Maintain Stock
84682,CLASSICAL ROSE DISH,Medium Demand,Maintain Stock
21722,SWEET PUDDING STICKER SHEET,Medium Demand,Maintain Stock
22183,CAKE STAND VICTORIAN FILIGREE MED,Medium Demand,Maintain Stock
21256,"FRENCH BOTTLE, BRASSERIE DES ARTIST",Medium Demand,Maintain Stock
84932C,SMALL ORIENTAL BLUE FOLDING STOOL,Medium Demand,Maintain Stock
20701,PINK CAT FLORAL CUSHION COVER ,Medium Demand,Maintain Stock
23341,PINK DINER WALL CLOCK,Medium Demand,Maintain Stock
21537,RETRO SPOTS PUDDING BOWL,Medium Demand,Maintain Stock
47594A,CAROUSEL DESIGN WASHBAG,Medium Demand,Maintain Stock
23475,WOODLAND SMALL PINK FELT HEART,Medium Demand,Maintain Stock
47503J,SET/3 FLORAL GARDEN TOOLS IN BAG,Medium Demand,Maintain Stock
47578A,ENGLISH ROSE SMALL SCENTED FLOWER,Medium Demand,Maintain Stock
84854,GIRLY PINK TOOL SET,Medium Demand,Maintain Stock
85169B,BLACK LOVE BIRD CANDLE,Medium Demand,Maintain Stock
85113,POLKA DOT PISTACHIO PAIL,Medium Demand,Maintain Stock
85211,S/4 GROOVY CAT MAGNETS,Medium Demand,Maintain Stock
84859B,BLUE DISCO HANDBAG,Medium Demand,Maintain Stock
85180B,PINK HEARTS LIGHT CHAIN ,Medium Demand,Maintain Stock
23478,WOODLAND LARGE PINK FELT HEART,Medium Demand,Maintain Stock
90087,CRYSTAL SEA HORSE PHONE CHARM,Medium Demand,Maintain Stock
21027,NINJA RABBIT PINK,Medium Demand,Maintain Stock
84968B,S/16 VINTAGE IVORY CUTLERY,Medium Demand,Maintain Stock
23106,ZINC HEARTS PLANT POT HOLDER,Medium Demand,Maintain Stock
85063,CREAM SWEETHEART MAGAZINE RACK,Medium Demand,Maintain Stock
37464,ROBOT MUG IN DISPLAY BOX,Medium Demand,Maintain Stock
23067,HANGING ENGRAVED METAL HEART,Medium Demand,Maintain Stock
21444,BLUE CHALET BIRDFEEDER,Medium Demand,Maintain Stock
20793,BLUE TILED TRAY,Medium Demand,Maintain Stock
85088,CANDY SPOT HAND BAG,Medium Demand,Maintain Stock
82001S,SILVER RECORD COVER FRAME,Medium Demand,Maintain Stock
75149N,STRING CRYSTALS NATURAL,Medium Demand,Maintain Stock
84801A,PINK HYDRANGEA ART FLOWER,Medium Demand,Maintain Stock
21286,RETRO SPOT CANDLE  LARGE,Medium Demand,Maintain Stock
15058A,BLUE WHITE SPOTS GARDEN PARASOL,Medium Demand,Maintain Stock
82076,BEECH WOOD PHOTO FRAME ,Medium Demand,Maintain Stock
16119,FUNKY GIRL ADDRESS BOOK,Medium Demand,Maintain Stock
35241,ENAMEL BLUE RIM BISCUIT BIN,Medium Demand,Maintain Stock
23521,CAT AND BIRD WALL ART,Medium Demand,Maintain Stock
22510,GINGHAM BABUSHKA DOORSTOP,Medium Demand,Maintain Stock
22246,MAGIC GARDEN FELT GARLAND ,Medium Demand,Maintain Stock
23523,TREASURE AHOY WALL ART,Medium Demand,Maintain Stock
22504,CABIN BAG VINTAGE RETROSPOT,Medium Demand,Maintain Stock
23543,KEEP CALM WALL ART ,Medium Demand,Maintain Stock
20705,MRS ROBOT SOFT TOY,Medium Demand,Maintain Stock
85028L,FRENCH CHATEAU LARGE FRUIT BOWL ,Medium Demand,Maintain Stock
84948,SILVER HANGING T-LIGHT HOLDER DOME,Medium Demand,Maintain Stock
22184,CAKE STAND VICTORIAN FILIGREE LARGE,Medium Demand,Maintain Stock
23451,SQUARE MINI PORTRAIT FRAME,Medium Demand,Maintain Stock
23486,ANTIQUE HEART SHELF UNIT,Medium Demand,Maintain Stock
21543,BUTTERFLY WATER TRANSFER TATTOOS ,Medium Demand,Maintain Stock
23527,ANIMALS AND NATURE WALL ART,Medium Demand,Maintain Stock
85125,SMALL ROUND CUT GLASS CANDLESTICK,Medium Demand,Maintain Stock
23054,RECYCLED ACAPULCO MAT LAVENDER,Medium Demand,Maintain Stock
22201,FRYING PAN BLUE POLKADOT ,Medium Demand,Maintain Stock
79323S, SILVER CHERRY LIGHTS,Medium Demand,Maintain Stock
17091B,JASMINE TEA INCENSE IN TIN,Medium Demand,Maintain Stock
20655,QUEEN OF SKIES LUGGAGE TAG,Medium Demand,Maintain Stock
84840,SWEETHEART CARRY-ALL BASKET,Medium Demand,Maintain Stock
84932A,SMALL GREEN PEONY FOLDING STOOL,Medium Demand,Maintain Stock
21477,STRING OF 20 ROSE LIGHTS,Medium Demand,Maintain Stock
21332,MOROCCAN BEATEN METAL MIRROR,Medium Demand,Maintain Stock
23324,RUSTIC STRAWBERRY JAM POT LARGE ,Medium Demand,Maintain Stock
72815,3 WICK CHRISTMAS BRIAR CANDLE ,Medium Demand,Maintain Stock
35911A,MULTICOLOUR RABBIT EGG WARMER,Medium Demand,Maintain Stock
23023,RIDGED BONNE JAM JAR T-LIGHT HOLDER,Medium Demand,Maintain Stock
85008,SET OF 3 CONEY ISLAND OVAL BOXES,Medium Demand,Maintain Stock
23485,BOTANICAL GARDENS WALL CLOCK ,Medium Demand,Maintain Stock
79144B,PAINTED LIGHTBULB STAR+ MOON,Medium Demand,Maintain Stock
22928,YELLOW GIANT GARDEN THERMOMETER,Medium Demand,Maintain Stock
84809A,WHITE CHRYSANTHEMUMS ART FLOWER,Medium Demand,Maintain Stock
21711,FOLDING UMBRELLA  WHITE/RED  SPOT,Medium Demand,Maintain Stock
21410,COUNTRY COTTAGE  DOORSTOP GREEN,Medium Demand,Maintain Stock
22936,BAKING MOULD ROSE WHITE CHOCOLATE,Medium Demand,Maintain Stock
90090,PINK CRYSTAL HEART PHONE CHARM,Medium Demand,Maintain Stock
72800C,4 PINK DINNER CANDLE SILVER FLOCK,Medium Demand,Maintain Stock
47504G,ENGLISH ROSE TAPE MEASURE,Medium Demand,Maintain Stock
84247E,PACK/12 XMAS FUN CARD,Medium Demand,Maintain Stock
23524,HORSE & PONY WALL ART,Medium Demand,Maintain Stock
21293,MIRRORED DOVE WALL DECORATION,Medium Demand,Maintain Stock
23402,HOME SWEET HOME 3 PEG HANGER ,Medium Demand,Maintain Stock
84984A,GREEN PEONY CUSHION COVER,Medium Demand,Maintain Stock
17013B,ORIGAMI JASMINE INCENSE IN TUBE,Medium Demand,Maintain Stock
22641,SET OF 4 NAPKIN CHARMS INSTRUMENT,Medium Demand,Maintain Stock
84601A,NEW BAROQUE IVORY CUSHION COVER ,Medium Demand,Maintain Stock
84218,BOX/12 CHICK & EGG IN BASKET,Medium Demand,Maintain Stock
17011A,ORIGAMI VANILLA INCENSE+FLOWER ,Medium Demand,Maintain Stock
22782,SET 3 WICKER STORAGE BASKETS ,Medium Demand,Maintain Stock
23024,LARGE BONNE JAM JAR  T-LIGHT HOLDER,Medium Demand,Maintain Stock
15030,FAN BLACK FRAME ,Medium Demand,Maintain Stock
84919,BLUE CUSHION COVER WITH FLOWER,Medium Demand,Maintain Stock
84968D,S/16 VINTAGE RED CUTLERY,Medium Demand,Maintain Stock
84631,FRUIT TREE AND BIRDS WALL PLAQUE,Medium Demand,Maintain Stock
48195,DOOR MAT GREEN PAISLEY ,Medium Demand,Maintain Stock
21131,GOLD STANDING GNOME,Medium Demand,Maintain Stock
84457,SET/3 RABBITS FLOWER SKIPPPING ROPE,Medium Demand,Maintain Stock
23103,BELL HEART DECORATION,Medium Demand,Maintain Stock
23522,DOG AND BALL WALL ART,Medium Demand,Maintain Stock
21847,GREEN  DIAMANTE PEN IN GIFT BOX,Medium Demand,Maintain Stock
21443,OLIVE CHALET BIRDFEEDER,Medium Demand,Maintain Stock
46000U,POLYESTER FILLER PAD 30CMx30CM,Medium Demand,Maintain Stock
62094B,TURQ ICE CREAM BUM BAG ,Medium Demand,Maintain Stock
71279,PINK GLASS CANDLEHOLDER,Medium Demand,Maintain Stock
16169D,WRAP WINTER FOREST,Medium Demand,Maintain Stock
21459,YELLOW EASTER EGG HUNT START POST,Medium Demand,Maintain Stock
21558,SKULL LUNCHBOX WITH CUTLERY ,Medium Demand,Maintain Stock
35599B,BLACK CHRISTMAS TREE 120CM,Medium Demand,Maintain Stock
84800M,MEDIUM WHITE/PINK ROSE ART FLOWER,Medium Demand,Maintain Stock
85232A,SET/3 POLKA DOT STACKING TINS,Medium Demand,Maintain Stock
C2,CARRIAGE,Medium Demand,Maintain Stock
21639,ASSORTED TUTTI FRUTTI KEYRING,Medium Demand,Maintain Stock
90209B,GREEN ENAMEL+GLASS HAIR COMB,Medium Demand,Maintain Stock
20857,BLUE ROSE PATCH PURSE PINK BUTTERFL,Medium Demand,Maintain Stock
21690,SILVER  CANDLEPOT JARDIN ,Medium Demand,Maintain Stock
21285,RETRO SPOT CANDLE  MEDIUM,Medium Demand,Maintain Stock
23153,ZINC SWEETHEART WIRE LETTER RACK,Medium Demand,Maintain Stock
20823,GOLD WINE GOBLET,Medium Demand,Maintain Stock
23407,SET OF 2 TRAYS HOME SWEET HOME,Medium Demand,Maintain Stock
20864,DENIM PATCH PENCIL CASE BUTTERFLY,Medium Demand,Maintain Stock
20865,PATCHWORK PENCIL CASE BUTTERFLY ,Medium Demand,Maintain Stock
72267,PREMIUM CHURCH CANDLE,Medium Demand,Maintain Stock
17014A,ORIGAMI VANILLA INCENSE CONES,Medium Demand,Maintain Stock
84843,WHITE SOAP RACK WITH 2 BOTTLES,Medium Demand,Maintain Stock
10138,ASSORTED COLOUR JUMBO PEN,Medium Demand,Maintain Stock
23525,BUFFALO BILL WALL ART ,Medium Demand,Maintain Stock
23597,PAPER BUNTING PAISLEY PARK,Medium Demand,Maintain Stock
23065,LARGE DECO JEWELLERY STAND,Medium Demand,Maintain Stock
23079,TOADSTOOL BEDSIDE LIGHT ,Medium Demand,Maintain Stock
21480,PINK STRIPE HOT WATER BOTTLE,Medium Demand,Maintain Stock
84761,IVORY HANGING BIRD PLANTER ,Medium Demand,Maintain Stock
21261,GREEN GOOSE FEATHER CHRISTMAS TREE ,Medium Demand,Maintain Stock
20763,DAISY SKETCHBOOK ,Medium Demand,Maintain Stock
79406,FROSTED WHITE BASE ,Medium Demand,Maintain Stock
84657,GREEN ROSE CUSHION COVER,Medium Demand,Maintain Stock
23060,HEART BEADED TRELLIS DECORATION,Medium Demand,Maintain Stock
35966,FOLKART CHRISTMAS TREE T-LIGHT HOLD,Medium Demand,Maintain Stock
21493, VINTAGE DESIGN GIFT TAGS,Medium Demand,Maintain Stock
22191,EAU DE NIL DINER WALL CLOCK,Medium Demand,Maintain Stock
23562,SET OF 6 RIBBONS PERFECTLY PRETTY  ,Medium Demand,Maintain Stock
85033S,SET/6 SILVER REINDEER T-LIGHTS,Medium Demand,Maintain Stock
21275,ZINC TOP  2 DOOR WOODEN SHELF ,Medium Demand,Maintain Stock
21095,SET/6 POSIES PAPER PLATES,Medium Demand,Maintain Stock
22135,MINI LADLE LOVE HEART PINK,Medium Demand,Maintain Stock
22799,SWEETHEART WIRE FRUIT BOWL,Medium Demand,Maintain Stock
37492C,GREEN BLUE FLOWER PIGGY BANK,Medium Demand,Maintain Stock
17107D,"FLOWER FAIRY,5 SUMMER B'DRAW LINERS",Medium Demand,Maintain Stock
21691,SILVER VANILLA FLOWER CANDLE POT,Medium Demand,Maintain Stock
85179B,WHITE BITTY LIGHT CHAIN ,Medium Demand,Maintain Stock
17012E,ORIGAMI OPIUM INCENSE/CANDLE SET ,Medium Demand,Maintain Stock
23131,MISELTOE HEART WREATH CREAM,Medium Demand,Maintain Stock
46000R,POLYESTER FILLER PAD 45x30cm,Medium Demand,Maintain Stock
84837,WHITE SWEETHEARTS CABINET 4 DRAWERS,Medium Demand,Maintain Stock
84249A,"GREETING CARD,SQUARE, DOUGHNUTS",Medium Demand,Maintain Stock
21662,VINTAGE GLASS COFFEE CADDY,Medium Demand,Maintain Stock
84932D,SMALL ORIENTAL RED FOLDING STOOL,Medium Demand,Maintain Stock
23425,STORAGE TIN HOME SWEET HOME,Medium Demand,Maintain Stock
21028,NINJA RABBIT BLACK,Medium Demand,Maintain Stock
85170B,SET/6 BLACK BIRD T-LIGHT CANDLES,Medium Demand,Maintain Stock
20615,BLUE POLKADOT PASSPORT COVER,Medium Demand,Maintain Stock
47591B,SCOTTIES DES CHILD'S APRON,Medium Demand,Maintain Stock
47347B,BLUE FLOWER T-LIGHT HOLDER,Medium Demand,Maintain Stock
23405,HOME SWEET HOME 2 DRAWER CABINET,Medium Demand,Maintain Stock
47503G,ASS FLORAL PRINT TAPE MEASURE,Medium Demand,Maintain Stock
84615,PINK ROUND BUTTERFLY MIRROR ,Medium Demand,Maintain Stock
23316,RED REFECTORY CLOCK ,Medium Demand,Maintain Stock
35824C,"HANGING FLOWERS+MIRROR,CLEAR",Medium Demand,Maintain Stock
79063C,"RETRO PILL BOX KEY CHAIN,THE KING",Medium Demand,Maintain Stock
72801F,S/4 FESTIVE RED DINNER CANDLES,Medium Demand,Maintain Stock
23040,PAPER LANTERN 9 POINT SNOW STAR ,Medium Demand,Maintain Stock
23041,PAPER LANTERN 9 POINT SNOW STAR,Medium Demand,Maintain Stock
84726,LILLIES CANVAS PICTURE,Medium Demand,Maintain Stock
21412,VINTAGE GOLD TINSEL REEL,Medium Demand,Maintain Stock
84807,RED POPPY ARTIFICIAL FLOWER,Medium Demand,Maintain Stock
72750C,"F.FAIRY S/3 CANDLE/GLASS, ROSE",Medium Demand,Maintain Stock
84846A,SCENTED CANDLE IN DIGITALIS TIN,Medium Demand,Maintain Stock
84715,SET OF 6 ICE CREAM SKITTLES,Medium Demand,Maintain Stock
84251B,"GREETING CARD, STICKY GORDON",Medium Demand,Maintain Stock
79323B,BLACK CHERRY LIGHTS,Medium Demand,Maintain Stock
21784,SHOE SHINE BOX ,Medium Demand,Maintain Stock
79072,TEATIME CAKE TIN WITH HANDLE,Medium Demand,Maintain Stock
84796B,BLUE SAVANNAH PICNIC HAMPER FOR 2,Medium Demand,Maintain Stock
84916,HAND TOWEL PALE BLUE W FLOWERS,Medium Demand,Maintain Stock
84595B,LARGE TRIFLE DESIGN L BLUE BOWL,Medium Demand,Maintain Stock
35822B,"ACRYLIC BEAD CHAIN, BLUE",Medium Demand,Maintain Stock
23539,WALL ART LOVES' SECRET ,Medium Demand,Maintain Stock
23066,SMALL DECO JEWELLERY STAND,Medium Demand,Maintain Stock
17027A,INCENSE BAZAAR CANNABIS,Medium Demand,Maintain Stock
21681,GIANT MEDINA STAMPED METAL BOWL ,Medium Demand,Maintain Stock
71496A,A4 WALL TIDY BLUE OFFICE,Medium Demand,Maintain Stock
22555,PLASTERS IN TIN MR STRONG ,Medium Demand,Maintain Stock
84877B,GREEN ROUND COMPACT MIRROR,Medium Demand,Maintain Stock
84969,ASSORTED COLOUR SET 6 TEASPOONS,Medium Demand,Maintain Stock
21664,RIDGED GLASS STORAGE JAR CREAM LID,Medium Demand,Maintain Stock
21399,BLUE  SPOTTY  COFFEE MUG,Medium Demand,Maintain Stock
23536,WALL ART VILLAGE SHOW ,Medium Demand,Maintain Stock
23427,STOOL HOME SWEET HOME ,Medium Demand,Maintain Stock
20894,HANGING BAUBLE T-LIGHT HOLDER LARGE,Medium Demand,Maintain Stock
21657,MILK BOTTLE WITH GLASS STOPPER ,Medium Demand,Maintain Stock
22584,PACK OF 6 PANETTONE GIFT BOXES,Medium Demand,Maintain Stock
84666,SQUARE CHERRY BLOSSOM CABINET,Medium Demand,Maintain Stock
72606A,BROWN ANTIQUE CUBE CANDLE,Medium Demand,Maintain Stock
84192,ASSORTED COLOUR METAL CAT ,Medium Demand,Maintain Stock
84665,SQUARE CHERRY BLOSSOM CABINET,Medium Demand,Maintain Stock
23491,VINTAGE JINGLE BELLS HEART,Medium Demand,Maintain Stock
21253,SET OF PICTURE FRAME  STICKERS,Medium Demand,Maintain Stock
21109,"LARGE CAKE TOWEL, CHOCOLATE SPOTS",Medium Demand,Maintain Stock
21836,GINGHAM OVEN GLOVE RED HEART ,Medium Demand,Maintain Stock
85020,ROUND PINK HEART MIRROR,Medium Demand,Maintain Stock
20836,FRENCH PAISLEY CUSHION COVER,Medium Demand,Maintain Stock
21350,GINGHAM HEART WREATH,Medium Demand,Maintain Stock
47563A,RETRO LONGBOARD IRONING BOARD COVER,Medium Demand,Maintain Stock
22829,SWEETHEART WIRE WALL TIDY,Medium Demand,Maintain Stock
48197,DOORMAT BIRD ON THE WIRE,Medium Demand,Maintain Stock
22776,SWEETHEART 3 TIER CAKE STAND ,Medium Demand,Maintain Stock
20615,BLUE SPOTTY PASSPORT COVER,Medium Demand,Maintain Stock
22797,CHEST OF DRAWERS GINGHAM HEART ,Medium Demand,Maintain Stock
21025,SPACE FROG,Medium Demand,Maintain Stock
23074,EMBOSSED HEART TRINKET BOX,Medium Demand,Maintain Stock
23064,CINDERELLA CHANDELIER ,Medium Demand,Maintain Stock
23470,CARD HOLDER LOVE BIRD LARGE ,Medium Demand,Maintain Stock
21087,SET/6 POSIES PAPER CUPS,Medium Demand,Maintain Stock
84977,WIRE FLOWER T-LIGHT HOLDER,Medium Demand,Maintain Stock
21030,SPACE CADET RED,Medium Demand,Maintain Stock
85144,JARDIN ETCHED GLASS CHEESE DISH,Medium Demand,Maintain Stock
21661,VINTAGE GLASS TEA CADDY,Medium Demand,Maintain Stock
23519,EMBROIDERED RIBBON REEL CLAIRE,Medium Demand,Maintain Stock
84931B,BLUE SCOTTIE DOG W FLOWER PATTERN,Medium Demand,Maintain Stock
22446,PIN CUSHION BABUSHKA PINK,Medium Demand,Maintain Stock
77081,FLOWER WINDMILL,Medium Demand,Maintain Stock
84968A,SET OF 16 VINTAGE ROSE CUTLERY,Medium Demand,Maintain Stock
84927A,WAKE UP COCKEREL TILE HOOK,Medium Demand,Maintain Stock
72024U,LILAC VOTIVE CANDLE,Medium Demand,Maintain Stock
85024B,EAU DE NILE JEWELLED PHOTOFRAME,Medium Demand,Maintain Stock
84984C,ORIENTAL BLUE CUSHION COVER ,Medium Demand,Maintain Stock
23481,PEARLISED IVORY HEART SMALL ,Medium Demand,Maintain Stock
20998,ROSE DU SUD OVEN GLOVE,Medium Demand,Maintain Stock
23411, TRELLIS COAT RACK,Medium Demand,Maintain Stock
72140E,BEST DAD CANDLE LETTERS,Medium Demand,Maintain Stock
21837,CROSS STITCH ALPHABET CUSHION COVER,Medium Demand,Maintain Stock
84706D,CHERRY BLOSSOM TABLE CLOCK ,Medium Demand,Maintain Stock
23168,CLASSIC SUGAR DISPENSER,Medium Demand,Maintain Stock
84968C,S/16 VINTAGE PISTACHIO CUTLERY,Medium Demand,Maintain Stock
84804A,CREAM DELPHINIUM ARTIFICIAL FLOWER,Medium Demand,Maintain Stock
85205B,PINK FELT EASTER RABBIT GARLAND,Medium Demand,Maintain Stock
21536,DAIRY MAID  SMALL  MILK JUG,Medium Demand,Maintain Stock
22395,PAPERWEIGHT VINTAGE PAISLEY,Medium Demand,Maintain Stock
21246,RED RETROSPOT BIG BOWL,Medium Demand,Maintain Stock
71495A,CD WALL TIDY BLUE OFFICE,Medium Demand,Maintain Stock
17013C,ORIGAMI LAVENDER INCENSE IN TUBE,Medium Demand,Maintain Stock
46000P,POLYESTER FILLER PAD 65CMx65CM,Medium Demand,Maintain Stock
37467,PIG MUG IN TWO COLOUR DESIGNS,Medium Demand,Maintain Stock
85103,SILVER T-LIGHT SETTING,Medium Demand,Maintain Stock
16207B,PINK HEART RED HANDBAG,Medium Demand,Maintain Stock
84856L,LARGE TAHITI BEACH BAG,Medium Demand,Maintain Stock
85030,FRENCH CHATEAU OVAL PLATTER,Medium Demand,Maintain Stock
40001, WHITE BAMBOO RIBS LAMPSHADE,Medium Demand,Maintain Stock
85129B,BEADED CRYSTAL HEART GREEN SMALL,Medium Demand,Maintain Stock
23253,16 PIECE CUTLERY SET PANTRY DESIGN,Medium Demand,Maintain Stock
23533,WALL ART GARDEN HAVEN ,Medium Demand,Maintain Stock
22699,TEACUP AND SAUCER REGENCY ROSES,Medium Demand,Maintain Stock
23009,I LOVE LONDON BABY GIFT SET,Medium Demand,Maintain Stock
82605,OLD DOC RUSSEL METAL SIGN,Medium Demand,Maintain Stock
62096B,PURPLE/TURQ FLOWERS HANDBAG,Medium Demand,Maintain Stock
23524,WALL ART HORSE & PONY ,Medium Demand,Maintain Stock
20819,SILVER TEDDY BEAR,Medium Demand,Maintain Stock
23409,PHOTO FRAME LINEN AND LACE LARGE,Medium Demand,Maintain Stock
20699,MOUSEY LONG LEGS SOFT TOY,Medium Demand,Maintain Stock
84909A,PINK PAISLEY QUILT ,Medium Demand,Maintain Stock
84915,HAND TOWEL PINK FLOWER AND DAISY,Medium Demand,Maintain Stock
84584,PINK GINGHAM CAT WITH SCARF,Medium Demand,Maintain Stock
47570,ENGLISH ROSE TABLE CLOTH,Medium Demand,Maintain Stock
44230,SQUARE MIRROR CURTAIN,Medium Demand,Maintain Stock
21018,BIRD BOX CHRISTMAS TREE DECORATION,Medium Demand,Maintain Stock
17011D,ORIGAMI ROSE INCENSE+FLOWER,Medium Demand,Maintain Stock
84661B,BLACK SQUARE TABLE CLOCK,Medium Demand,Maintain Stock
71406C,BLACK ORANGE SQUEEZER,Medium Demand,Maintain Stock
72750A,FLOWER FAIRY SET OF 3 LILY CANDLES,Medium Demand,Maintain Stock
21631,HIPPY CHIC DECORATIVE PARASOL,Medium Demand,Maintain Stock
72800D,4 BLUE DINNER CANDLES SILVER FLOCK,Medium Demand,Maintain Stock
23532,WALL ART WORK REST AND PLAY  ,Medium Demand,Maintain Stock
16243B,BROWN COZY SQUARE PHOTO ALBUM,Medium Demand,Maintain Stock
84231,EASTER BUNNY WITH BASKET ON BACK,Medium Demand,Maintain Stock
23661,MILK MAIDS MUG ,Medium Demand,Maintain Stock
22587,"FELTCRAFT HAIRBAND, S/2, RED/BLUE",Medium Demand,Maintain Stock
21474,SWEETHEART CREAM STEEL FOLDIN BENCH,Medium Demand,Maintain Stock
84661A,WHITE SQUARE TABLE CLOCK,Medium Demand,Maintain Stock
23315,IVORY REFECTORY CLOCK,Medium Demand,Maintain Stock
84801B,WHITE HYDRANGEA ART FLOWER,Medium Demand,Maintain Stock
21243,PINK POLKADOT PLATE ,Medium Demand,Maintain Stock
22345,PARTY PIZZA DISH BLUE RETROSPOT,Medium Demand,Maintain Stock
21359,RELAX LARGE WOOD LETTERS,Medium Demand,Maintain Stock
23423,PANTRY 3 HOOK ROLLING PIN HANGER,Medium Demand,Maintain Stock
85033G,SET/6 GOLD REINDEER T-LIGHT CANDLES,Medium Demand,Maintain Stock
90093,CLEAR CRYSTAL STAR PHONE CHARM,Medium Demand,Maintain Stock
22790,"MIRROR, ARCHED GEORGIAN",Medium Demand,Maintain Stock
84766,SILVER ROCOCO CANDLE STICK,Medium Demand,Maintain Stock
47343A,FUSCHIA FLOWER PURSE WITH BEADS,Medium Demand,Maintain Stock
81952B,ROUND BLUE CLOCK WITH SUCKER,Medium Demand,Maintain Stock
47586A,PINK FAIRY CAKE CUSHION COVER,Medium Demand,Maintain Stock
90200D,PINK SWEETHEART BRACELET,Medium Demand,Maintain Stock
20621,ECONOMY PASSPORT COVER ,Medium Demand,Maintain Stock
23336,EGG FRYING PAN PINK ,Medium Demand,Maintain Stock
84968E,S/16 VINTAGE BLACK CUTLERY,Medium Demand,Maintain Stock
84658,WHITE STITCHED CUSHION COVER,Medium Demand,Maintain Stock
21839,MUMMY MOUSE RED GINGHAM RIBBON,Medium Demand,Maintain Stock
23476,WOODLAND LARGE RED FELT HEART,Medium Demand,Maintain Stock
84352,SILVER CHRISTMAS TREE BAUBLE STAND ,Medium Demand,Maintain Stock
22108,PING! MICROWAVE PLATE,Medium Demand,Maintain Stock
79403,FROSTED WHITE BASE ,Medium Demand,Maintain Stock
84760S,SMALL HANGING GLASS+ZINC LANTERN,Medium Demand,Maintain Stock
23422,PANTRY HOOK BALLOON WHISK ,Medium Demand,Maintain Stock
21367,MIRRORED WALL ART GENTS,Medium Demand,Maintain Stock
D,Discount,Medium Demand,Maintain Stock
79051A,SMOKEY GREY COLOUR GLASS,Medium Demand,Maintain Stock
21338,MARAKESH LANTERN SMALL ,Medium Demand,Maintain Stock
84597B,RETRO BROWN BALL ASHTRAY ,Medium Demand,Maintain Stock
46776B,WOVEN BERRIES CUSHION COVER ,Medium Demand,Maintain Stock
84795A,PASTEL STRIPE HAMMOCK ,Medium Demand,Maintain Stock
21368,MIRRORED WALL ART LADIES,Medium Demand,Maintain Stock
20618,QUEEN OF THE SKIES PASSPORT COVER ,Medium Demand,Maintain Stock
84857C,PINK MONTE CARLO HANDBAG,Medium Demand,Maintain Stock
23037,CANDLE HOLDER SILVER MADELINE,Medium Demand,Maintain Stock
84767,ZINC POLICE BOX LANTERN,Medium Demand,Maintain Stock
72750B,"F.FAIRY S/3 CANDLE/GLASS,LAVENDER",Medium Demand,Maintain Stock
22530,MAGIC SLATE DOLLY GIRL ,Medium Demand,Maintain Stock
23495,SET OF 3 PANTRY WOODEN SPOONS,Medium Demand,Maintain Stock
37494A,FAIRY CAKE CERAMIC BUTTER DISH,Medium Demand,Maintain Stock
22531,MAGIC SLATE CIRCUS PARADE  ,Medium Demand,Maintain Stock
23039,T-LIGHT HOLDER SILVER HEART HANDLE,Medium Demand,Maintain Stock
84664,CHERRY BLOSSOM BATHROOM CABINET,Medium Demand,Maintain Stock
84029C,BROWN FURRY HOT WATER BOTTLE,Medium Demand,Maintain Stock
79315W,FLYING SAUCER TABLE LIGHT IN WHITE,Medium Demand,Maintain Stock
20794,BLUE  TILE HOOK,Medium Demand,Maintain Stock
85027L,FRENCH CHATEAU LARGE PLATTER ,Medium Demand,Maintain Stock
84086C,PINK/PURPLE RETRO RADIO,Medium Demand,Maintain Stock
46776A,WOVEN BUBBLE GUM CUSHION COVER,Medium Demand,Maintain Stock
84932B,SMALL PINK PEONY FOLDING STOOL,Medium Demand,Maintain Stock
90086,CRYSTAL FROG PHONE CHARM,Medium Demand,Maintain Stock
35937,CERISE+GOLD CHRISTMAS STOCKING DEC,Medium Demand,Maintain Stock
22954,HEN PARTY CORDON BARRIER TAPE,Medium Demand,Maintain Stock
20616,CHERRY BLOSSOM PASSPORT COVER,Medium Demand,Maintain Stock
79063D,"RETRO PILL BOX , REVOLUTIONARY",Medium Demand,Maintain Stock
84531B,BLUE KNITTED EGG COSY,Medium Demand,Maintain Stock
20814,SILVER FINCH DECORATION,Medium Demand,Maintain Stock
84675,FROG KING WATERING CAN,Medium Demand,Maintain Stock
23567,EGG CUP HENRIETTA HEN PINK,Medium Demand,Maintain Stock
84773,RED ROSE AND LACE C/COVER,Medium Demand,Maintain Stock
20753,RETRO PINK SPOT WASHING UP GLOVES,Medium Demand,Maintain Stock
84798A,PINK FOXGLOVE ARTIIFCIAL FLOWER,Medium Demand,Maintain Stock
21950,SET OF 6 DOTS CHOPSTICKS,Medium Demand,Maintain Stock
23576,SNACK TRAY RED VINTAGE DOILY,Medium Demand,Maintain Stock
23181,BULL DOG BOTTLE TOP WALL CLOCK,Medium Demand,Maintain Stock
21707,FOLDING UMBRELLA BLACKBLUE POLKADOT,Medium Demand,Maintain Stock
35653,VINTAGE BEAD NOTEBOOK,Medium Demand,Maintain Stock
84917,WHITE HAND TOWEL WITH BUTTERFLY,Medium Demand,Maintain Stock
23036,T-LIGHT HOLDER SILVER PETIT FOUR ,Medium Demand,Maintain Stock
75011,BLUE DAISY MOBILE,Medium Demand,Maintain Stock
84531A,PINK KNITTED EGG COSY,Medium Demand,Maintain Stock
22764,"RUSTIC WOODEN CABINET, GLASS DOORS",Medium Demand,Maintain Stock
15058B,PINK WHITE SPOTS GARDEN PARASOL,Medium Demand,Maintain Stock
85141,JARDIN ETCHED GLASS FRUITBOWL,Medium Demand,Maintain Stock
84741C,CITRUS GARLAND FELT FLOWERS ,Medium Demand,Maintain Stock
84625B,BLCK NEW BAROQUE CANDLESTICK CANDLE,Medium Demand,Maintain Stock
21478,SILVER SKULL HOT WATER BOTTLE ,Medium Demand,Maintain Stock
35610B,BLACK CHRISTMAS FLOCK DROPLET ,Medium Demand,Maintain Stock
22939,ADULT APRON APPLE DELIGHT,Medium Demand,Maintain Stock
84795D,SEASIDE STRIPE HAMMOCK,Medium Demand,Maintain Stock
22124,SET OF 2 TEA TOWELS PING MICROWAVE,Medium Demand,Maintain Stock
37343,POLKADOT MUG PINK ,Medium Demand,Maintain Stock
21708,FOLDING UMBRELLA CREAM POLKADOT,Medium Demand,Maintain Stock
22830,UTILTY CABINET WITH HOOKS,Medium Demand,Maintain Stock
21736,GOLD SCROLL GLASS T-LIGHT HOLDER,Medium Demand,Maintain Stock
23183,MOTHER'S KITCHEN SPOON REST ,Medium Demand,Maintain Stock
84522,PINK PARTY SUNGLASSES,Medium Demand,Maintain Stock
71215,METAL BASE FOR CANDLES,Medium Demand,Maintain Stock
22762,CUPBOARD 3 DRAWER MA CAMPAGNE,Medium Demand,Maintain Stock
71510,SQUARE METAL CANDLEHOLDER BASE,Medium Demand,Maintain Stock
84925A,WAKE UP COCKEREL WALL THERMOMETER,Medium Demand,Maintain Stock
22166,"WALL MIRROR , RECT DIAMANTE, PINK/",Medium Demand,Maintain Stock
72750A,"F.FAIRY S/3 CANDLE/GLASS,LILY/VALLY",Medium Demand,Maintain Stock
22813,PACK 3 BOXES BIRD PANETTONE ,Medium Demand,Maintain Stock
84452,METAL RABBIT LADDER EASTER ,Medium Demand,Maintain Stock
72140F,HAPPY ANNIVERSARY CANDLE LETTERS,Medium Demand,Maintain Stock
35914,PINK CHICK EGG WARMER + EGG CUP,Medium Demand,Maintain Stock
85167A,WHITE GRAND BAROQUE PHOTO FRAME,Medium Demand,Maintain Stock
22697,TEACUP AND SAUCER REGENCY GREEN,Medium Demand,Maintain Stock
20780,BLACK EAR MUFF HEADPHONES,Medium Demand,Maintain Stock
23032,DOORKNOB CRACKED GLAZE IVORY,Medium Demand,Maintain Stock
17090A,LAVENDER INCENSE 40 CONES IN TIN,Medium Demand,Maintain Stock
84360,TABLE LAMP WHITE SHADE WOOD BASE,Medium Demand,Maintain Stock
20827,GOLD APERITIF GLASS,Medium Demand,Maintain Stock
90209A,PURPLE ENAMEL+GLASS HAIR COMB,Medium Demand,Maintain Stock
47310M,SMALL POP BOX FUNKY MONKEY,Medium Demand,Maintain Stock
46776F,WOVEN ROSE GARDEN CUSHION COVER ,Medium Demand,Maintain Stock
72814,SET OF 3 CHRISTMAS BRIAR CANDLES,Medium Demand,Maintain Stock
35838A,S/6 MULTICOLOUR ORNAMENETAL CANDLE,Medium Demand,Maintain Stock
20980,36 PENCILS TUBE POSY,Medium Demand,Maintain Stock
84802A,WHITE ANEMONE ARTIFICIAL FLOWER,Medium Demand,Maintain Stock
21376,LARGE  TALL CAMPHOR WOOD TOADSTOOL ,Medium Demand,Maintain Stock
79144C,PAINTED LIGHTBULB RAINBOW DESIGN,Medium Demand,Maintain Stock
47579,TEA TIME BREAKFAST BASKET,Medium Demand,Maintain Stock
72754B,F FAIRY POTPOURRI CUSHIONS LAVENDER,Medium Demand,Maintain Stock
90200E,GREEN SWEETHEART BRACELET,Medium Demand,Maintain Stock
51012C,"FEATHER DUSTER, COAL BLACK",Medium Demand,Maintain Stock
23337,EGG FRYING PAN MINT ,Medium Demand,Maintain Stock
16256C,HEARTS PENCIL/RUBBER+5 MINI PENCILS,Medium Demand,Maintain Stock
35815P,"ACRYLIC JEWEL SNOWFLAKE, PINK",Medium Demand,Maintain Stock
85185D,FROG SOCK PUPPET,Medium Demand,Maintain Stock
23561,SET OF 6 RIBBONS PARTY,Medium Demand,Maintain Stock
21032,SPACE CADET WHITE,Medium Demand,Maintain Stock
21955,  DOORMAT UNION JACK GUNS AND ROSES,Medium Demand,Maintain Stock
20799,PINK MILKSHAKE GLASS,Medium Demand,Maintain Stock
20934,SET/3 POT PLANT CANDLES,Medium Demand,Maintain Stock
72801C,S/4 ROSE PINK DINNER CANDLES,Medium Demand,Maintain Stock
85128,PLANTPOT SINGLE HOOK PISTACHIO,Medium Demand,Maintain Stock
20837,FRENCH FLORAL CUSHION COVER ,Medium Demand,Maintain Stock
21551,CERAMIC BIRDHOUSE BUTTERFLY LARGE,Medium Demand,Maintain Stock
23520,EMBROIDERED RIBBON REEL RUBY ,Medium Demand,Maintain Stock
22832,BROCANTE SHELF WITH HOOKS,Medium Demand,Maintain Stock
23020,GLASS  SONGBIRD STORAGE JAR,Medium Demand,Maintain Stock
23455,SMALL PARLOUR PICTURE FRAME,Medium Demand,Maintain Stock
21344,MOROCCAN BEATEN METAL DISH,Medium Demand,Maintain Stock
22769,CHALKBOARD KITCHEN ORGANISER,Medium Demand,Maintain Stock
23440,PAINT YOUR OWN EGGS IN CRATE,Medium Demand,Maintain Stock
23575,SNACK TRAY PAISLEY PARK,Medium Demand,Maintain Stock
23544,WALL ART MID CENTURY MODERN ,Medium Demand,Maintain Stock
21893,POTTING SHED SEED TIN,Medium Demand,Maintain Stock
21740,COSY SLIPPER SHOES LARGE RED,Medium Demand,Maintain Stock
84592,CROCHET ROSE PURSE WITH SUEDE BACK,Medium Demand,Maintain Stock
21554,CERAMIC BIRDHOUSE RED ROOF LARGE,Medium Demand,Maintain Stock
23560,SET OF 6 RIBBONS COUNTRY STYLE,Medium Demand,Maintain Stock
22786,CUSHION COVER PINK UNION JACK,Medium Demand,Maintain Stock
23028,DOORKNOB CRACKED GLAZE BLUE,Medium Demand,Maintain Stock
21552,CERAMIC BIRDHOUSE BLACK ROSE  LARGE,Medium Demand,Maintain Stock
21299,EDWARDIAN TOILET ROLL UNIT ,Medium Demand,Maintain Stock
35833P,4 PINK FLOCK CHRISTMAS BALLS,Medium Demand,Maintain Stock
21418,STARFISH SOAP DISH,Medium Demand,Maintain Stock
23317,BLUE REFECTORY CLOCK ,Medium Demand,Maintain Stock
21252,SET OF MEADOW  FLOWER STICKERS,Medium Demand,Maintain Stock
85026B,EAU DE NILE JEWELLED T-LIGHT HOLDER,Medium Demand,Maintain Stock
23140,TRIPLE WIRE HOOK IVORY HEART,Medium Demand,Maintain Stock
84705C,PINK FLOCK PHOTO FRAME ,Medium Demand,Maintain Stock
84578,ELEPHANT TOY WITH BLUE T-SHIRT,Medium Demand,Maintain Stock
20652,BLUE POLKADOT LUGGAGE TAG ,Medium Demand,Maintain Stock
23420,PANTRY HOOK TEA STRAINER ,Medium Demand,Maintain Stock
21274,EMBOSSED HEART 3 DRAWER SHELF,Medium Demand,Maintain Stock
84508B,STRIPES DESIGN TEDDY,Medium Demand,Maintain Stock
82081,PINK HEARTS PHOTO ALBUM,Medium Demand,Maintain Stock
23447,PINK BUNNY EASTER EGG BASKET,Medium Demand,Maintain Stock
84313B,BLUE TV TRAY TABLE ,Medium Demand,Maintain Stock
21196,ROUND WHITE CONFETTI IN TUBE,Medium Demand,Maintain Stock
72801D,S/4 SKY BLUE DINNER CANDLES,Medium Demand,Maintain Stock
23446,BLUE BUNNY EASTER EGG BASKET,Medium Demand,Maintain Stock
23528,WALL ART SPACEBOY,Medium Demand,Maintain Stock
47592A,CAROUSEL DES CHILD'S OVERALL,Medium Demand,Maintain Stock
21038,SET/4 MODERN VINTAGE COTTON NAPKINS,Medium Demand,Maintain Stock
23280,FOLDING MIRROR HOT PINK ,Medium Demand,Maintain Stock
35931,PINK STAR CHRISTMAS DECORATION,Medium Demand,Maintain Stock
22344,PARTY PIZZA DISH PINK RETROSPOT,Medium Demand,Maintain Stock
84898F,YELLOW FLOWERS FELT HANDBAG KIT,Medium Demand,Maintain Stock
35921,EASTER BUNNY HANGING GARLAND,Medium Demand,Maintain Stock
72756, FAIRY CAKE CANDLES,Medium Demand,Maintain Stock
21366,MIRRORED WALL ART PHOTO FRAMES,Medium Demand,Maintain Stock
22452,MEASURING TAPE RUSSIAN DOLL PINK,Medium Demand,Maintain Stock
23421,PANTRY HOOK SPATULA,Medium Demand,Maintain Stock
84007,MAGIC GARDEN MOUNT FUJI,Medium Demand,Maintain Stock
79030A,"TUMBLER, ENGLISH ROSE",Medium Demand,Maintain Stock
47367B,PAIR PADDED HANGERS PINK CHECK,Medium Demand,Maintain Stock
85184C,SET 4 VALENTINE DECOUPAGE HEART BOX,Medium Demand,Maintain Stock
23542,70'S ALPHABET WALL ART,Medium Demand,Maintain Stock
84796A,PINK HAWAIIAN PICNIC HAMPER FOR 2,Medium Demand,Maintain Stock
23339,EGG FRYING PAN BLUE ,Medium Demand,Maintain Stock
35821B,"JEWELLED DECORATION,BLUE",Medium Demand,Maintain Stock
22785,SQUARECUSHION COVER PINK UNION JACK,Medium Demand,Maintain Stock
22987,"WRAP , SUMMER ROSE DESIGN",Medium Demand,Maintain Stock
21473,SWEETHEART CREAM STEEL TABLE RECT,Medium Demand,Maintain Stock
23579,SNACK TRAY I LOVE LONDON,Medium Demand,Maintain Stock
47589,CONGRATULATIONS BUNTING,Medium Demand,Maintain Stock
23527,WALL ART ANIMALS AND NATURE ,Medium Demand,Maintain Stock
15058A,BLUE POLKADOT GARDEN PARASOL,Medium Demand,Maintain Stock
85126,LARGE ROUND CUTGLASS CANDLESTICK,Medium Demand,Maintain Stock
23436,GIFT BAG LARGE VINTAGE CHRISTMAS,Medium Demand,Maintain Stock
47503H,ASS FLORAL PRINT SPIRIT LEVEL ,Medium Demand,Maintain Stock
84744,S/6 SEW ON CROCHET FLOWERS,Medium Demand,Maintain Stock
23070,EDWARDIAN HEART PHOTO FRAME,Medium Demand,Maintain Stock
23094,LE GRAND TRAY CHIC SET,Medium Demand,Maintain Stock
84931A,PINK SCOTTIE DOG W FLOWER PATTERN,Medium Demand,Maintain Stock
23298,"BUNTING , SPOTTY ",Medium Demand,Maintain Stock
84905,PINK BUTTERFLY CUSHION COVER ,Medium Demand,Maintain Stock
84805A,CREAM CLIMBING HYDRANGA ART FLOWER,Medium Demand,Maintain Stock
84559D,3D SHEET OF SEA WORLD STICKERS,Medium Demand,Maintain Stock
84920,PINK FLOWER FABRIC PONY,Medium Demand,Maintain Stock
22889,NUMBER TILE VINTAGE FONT No ,Medium Demand,Maintain Stock
85195,HANGING HEART BASKET,Medium Demand,Maintain Stock
23115,RED APPLES CHOPPING BOARD   ,Medium Demand,Maintain Stock
79308B,MOSAIC CANDLE DISH BLUE PURPLE,Medium Demand,Maintain Stock
23114,VINTAGE LEAF CHOPPING BOARD  ,Medium Demand,Maintain Stock
22537,MAGIC SLATE DINOSAUR,Medium Demand,Maintain Stock
22698,TEACUP AND SAUCER REGENCY PINK,Medium Demand,Maintain Stock
23540,WALL ART THE MAGIC FOREST ,Medium Demand,Maintain Stock
72753D,S/3 FLWR FAIRY SUMMER CANDLES,Medium Demand,Maintain Stock
84562A,PINK/WHITE RIBBED MELAMINE JUG,Medium Demand,Maintain Stock
23203,JUMBO BAG VINTAGE DOILEY ,Medium Demand,Maintain Stock
37483,ENGLISH ROSE MUG IN GIFT BOX,Medium Demand,Maintain Stock
37399,"ASS RETROSPOOF MUGS,SPORTS",Medium Demand,Maintain Stock
20855,PINK PATCH PURSE BLUE HEART,Medium Demand,Maintain Stock
85096,HILDA CANDY SPOT RABBIT,Medium Demand,Maintain Stock
16244A,MAXWELL 2 TONE PINK 60 PAGE PHOTO A,Medium Demand,Maintain Stock
35817B,"ACRYLIC JEWEL SNOWFLAKE,BLUE",Medium Demand,Maintain Stock
22201,FRYING PAN BLUE POLKADOT,Medium Demand,Maintain Stock
90200B,BLACK SWEETHEART BRACELET,Medium Demand,Maintain Stock
21372,MIRRORED WALL ART TABLE LAMP,Medium Demand,Maintain Stock
23073,GEORGIAN TRINKET BOX,Medium Demand,Maintain Stock
47013A,WINE BOTTLE DRESSING LT.BLUE,Medium Demand,Maintain Stock
72051S,BAG OF SILVER STONES,Medium Demand,Maintain Stock
23417,BATHROOM HOOK,Medium Demand,Maintain Stock
35600D,PINK AND WHITE CHRISTMAS TREE 180CM,Medium Demand,Maintain Stock
90125A,PINK BERTIE GLASS BEAD BAG CHARM,Medium Demand,Maintain Stock
23414,ZINC BOX SIGN HOME,Medium Demand,Maintain Stock
85007,SET OF 3 VINTAGE TEA TIME BOXES,Medium Demand,Maintain Stock
22167, OVAL WALL MIRROR DIAMANTE ,Medium Demand,Maintain Stock
23150,IVORY SWEETHEART SOAP DISH,Medium Demand,Maintain Stock
85179A,GREEN BITTY LIGHT CHAIN,Medium Demand,Maintain Stock
84968C,SET OF 16 VINTAGE PISTACHIO CUTLERY,Medium Demand,Maintain Stock
47013C,WINE BOTTLE DRESSING DARK BLUE,Medium Demand,Maintain Stock
35594,WOODEN CHRISTMAS TREE 3 HANGING,Medium Demand,Maintain Stock
35610A,PINK CHRISTMAS FLOCK DROPLET ,Medium Demand,Maintain Stock
85127,SMALL SQUARE CUT GLASS CANDLESTICK,Medium Demand,Maintain Stock
35816B,"ACRYLIC JEWEL ANGEL,BLUE",Medium Demand,Maintain Stock
84661C,PINK SQUARE TABLE CLOCK,Medium Demand,Maintain Stock
23456,MEDIUM PARLOUR PICTURE FRAME ,Medium Demand,Maintain Stock
35004S,SET OF 3 SILVER FLYING DUCKS,Medium Demand,Maintain Stock
84706A,ENGLISH ROSE TABLE CLOCK,Medium Demand,Maintain Stock
84933C,LARGE BLUE ORIENTAL FOLDING STOOL,Medium Demand,Maintain Stock
22837,HOT WATER BOTTLE BABUSHKA LARGE,Medium Demand,Maintain Stock
84933B,LARGE PINK PEONY FOLDING STOOL,Medium Demand,Maintain Stock
79071B,ENGLISH ROSE METAL WASTE BIN,Medium Demand,Maintain Stock
84770,ROUND GEORGIAN SILVER MIRROR,Medium Demand,Maintain Stock
35955,SMALL FOLKART CHRISTMAS TREE DEC,Medium Demand,Maintain Stock
84725,FREESTYLE CANVAS ART PICTURE,Medium Demand,Maintain Stock
85190,PINK FLOWER HANGING HEART ,Medium Demand,Maintain Stock
17178,FLAT PALM T-LIGHT HOLDER,Medium Demand,Maintain Stock
22119, PEACE WOODEN BLOCK LETTERS,Medium Demand,Maintain Stock
84968A,S/16 VINTAGE ROSE CUTLERY,Medium Demand,Maintain Stock
90200C,BLUE SWEETHEART BRACELET,Medium Demand,Maintain Stock
84984D,ORIENTAL RED CUSHION COVER ,Medium Demand,Maintain Stock
23099,FRENCH CARRIAGE LANTERN,Medium Demand,Maintain Stock
84251C,"GREETING CARD, TWO SISTERS.",Medium Demand,Maintain Stock
85044,RED REINDEER STRING OF 20 LIGHTS,Medium Demand,Maintain Stock
84509E,SET OF 4 CAROUSEL PLACEMATS ,Medium Demand,Maintain Stock
90210D,PURPLE ACRYLIC FACETED BANGLE,Medium Demand,Maintain Stock
84933A,LARGE GREEN PEONY FOLDING STOOL,Medium Demand,Maintain Stock
82585,SWEET VALENCIA CANDLE+CUP,Medium Demand,Maintain Stock
23292,SPACE BOY CHILDRENS CUP,Medium Demand,Maintain Stock
21627,ELEPHANT CARNIVAL POUFFE,Medium Demand,Maintain Stock
35633B,BLUE TINSEL GARLAND ,Medium Demand,Maintain Stock
20783,HEART EAR MUFF HEADPHONES,Medium Demand,Maintain Stock
21308,LOUVRE VANITY MIRROR,Medium Demand,Maintain Stock
84609,TALL ROCOCO CANDLE HOLDER,Medium Demand,Maintain Stock
23454,THREE MINI HANGING FRAMES,Medium Demand,Maintain Stock
84510E,SET OF 4 GREEN CAROUSEL COASTERS,Medium Demand,Maintain Stock
21369,MIRRORED WALL ART SPLODGES,Medium Demand,Maintain Stock
21476,STEEL SWEETHEART ROUND TABLE CREAM,Medium Demand,Maintain Stock
71403,"PINK/WHITE ""KEEP CLEAN"" BULLET BIN",Medium Demand,Maintain Stock
23136,IVORY WIRE SWEETHEART LETTER TRAY,Medium Demand,Maintain Stock
21633,SUNFLOWER DECORATIVE PARASOL,Medium Demand,Maintain Stock
90214A,"LETTER ""A"" BLING KEY RING",Medium Demand,Maintain Stock
84708B,PINK JEWELLED PHOTO FRAME ,Medium Demand,Maintain Stock
21031,SPACE CADET BLACK,Medium Demand,Maintain Stock
22166,WALL MIRROR RECTANGLE DIAMANTE PINK,Medium Demand,Maintain Stock
21620,S/4 ROSE    BOTANICAL  CANDLE,Medium Demand,Maintain Stock
35833G,4 GOLD FLOCK CHRISTMAS BALLS,Medium Demand,Maintain Stock
37479P,CUBIC MUG FLOCK PINK ON BROWN,Medium Demand,Maintain Stock
21780,MA CAMPAGNE 4 DRAWER WALL SHELF,Medium Demand,Maintain Stock
85136C,RED SHARK HELICOPTER,Medium Demand,Maintain Stock
84926C,FAIRY CAKES TILE COASTER,Medium Demand,Maintain Stock
17011E,ORIGAMI OPIUM SCENT INCENSE+FLOWER,Medium Demand,Maintain Stock
47597,NEW ENGLAND TEATOWELS,Medium Demand,Maintain Stock
21769,VINTAGE POST OFFICE CABINET,Medium Demand,Maintain Stock
20696,FLORAL SOFT CAR TOY,Medium Demand,Maintain Stock
22204,MILK PAN BLUE POLKADOT,Medium Demand,Maintain Stock
84458,S/3 RABBIT FLOWER/EGG/CARROT ROPE,Medium Demand,Maintain Stock
23416,CHAMBRE HOOK,Medium Demand,Maintain Stock
90030B,RED KUKUI COCONUT SEED NECKLACE,Medium Demand,Maintain Stock
22289,HANGING METAL CHICKEN DECORATION,Medium Demand,Maintain Stock
23360,SET 8 CANDLES VINTAGE DOILEY,Medium Demand,Maintain Stock
16050,TEATIME PENCIL WITH RUBBER,Medium Demand,Maintain Stock
84985B,SET OF 72 BLACK PAPER DOILIES ,Medium Demand,Maintain Stock
21226,POCKET MIRROR WOODLAND,Medium Demand,Maintain Stock
84405A,S/3 PINK COL METAL BASKET W HANDLE,Medium Demand,Maintain Stock
15058B,PINK POLKADOT GARDEN PARASOL,Medium Demand,Maintain Stock
72789,BASKET/8 SCENTED LOVE TOKEN CANDLES,Medium Demand,Maintain Stock
47598,NEW ENGLAND EGG WARMER,Medium Demand,Maintain Stock
84823,DANISH ROSE FOLDING CHAIR,Medium Demand,Maintain Stock
22645,CERAMIC HEART CAKE MONEY BANK,Medium Demand,Maintain Stock
23236,DOILEY BISCUIT TIN,Medium Demand,Maintain Stock
37333,"RETRO ""TEA FOR ONE"" ",Medium Demand,Maintain Stock
85072,OCCASIONS GIFT CARD ASSORTMENT,Medium Demand,Maintain Stock
23194,GYMKHANNA TREASURE BOOK BOX,Medium Demand,Maintain Stock
23324,RUSTIC STRAWBERRY JAMPOT LARGE ,Medium Demand,Maintain Stock
72781,BLACK SILOUETTE CANDLE PLATE ,Medium Demand,Maintain Stock
23169,CLASSIC GLASS SWEET JAR,Medium Demand,Maintain Stock
84782A,PINK 3 TIER GLASS PLATE STAND,Medium Demand,Maintain Stock
37462B,"PET MUG, BUDGIE",Medium Demand,Maintain Stock
22833,HALL CABINET WITH 3 DRAWERS,Medium Demand,Maintain Stock
90200A,PURPLE SWEETHEART BRACELET,Medium Demand,Maintain Stock
23484,HEART TRELLIS TRIPLE T-LIGHT HOLDER,Medium Demand,Maintain Stock
82587,TEXRIO TOMATOES CANDLE+CUP,Medium Demand,Maintain Stock
23521,WALL ART CAT AND BIRD ,Medium Demand,Maintain Stock
84924A,WAKE UP COCKEREL CALENDAR SIGN ,Medium Demand,Maintain Stock
23021,GLASS BONNE JAM JAR,Medium Demand,Maintain Stock
21582,KINGS CHOICE SMALL TUBE MATCHES,Medium Demand,Maintain Stock
22447,PIN CUSHION BABUSHKA BLUE,Medium Demand,Maintain Stock
84537B,FAIRY CAKES GIFT BAG,Medium Demand,Maintain Stock
21185, HOME SWEET HOME  BLACKBOARD,Medium Demand,Maintain Stock
20987,GEISHA GIRL CHOPSTICKS SET/5,Medium Demand,Maintain Stock
81950B,FLOWER BLUE CLOCK WITH SUCKER,Medium Demand,Maintain Stock
84968E,SET OF 16 VINTAGE BLACK CUTLERY,Medium Demand,Maintain Stock
20672,PINK TEATIME PRINT BOWL,Medium Demand,Maintain Stock
21710,FOLDING UMBRELLA PINKWHITE POLKADOT,Medium Demand,Maintain Stock
23142,IVORY WIRE KITCHEN ORGANISER,Medium Demand,Maintain Stock
79534,MULTICOLOUR GLASS PLATE,Medium Demand,Maintain Stock
21709,FOLDING UMBRELLA CHOCOLATE POLKADOT,Medium Demand,Maintain Stock
20795,LARGE BLUE PROVENCAL CERAMIC BALL,Medium Demand,Maintain Stock
85146,JARDIN ETCHED GLASS SMALL BELL JAR,Medium Demand,Maintain Stock
47593A,CAROUSEL PONIES BABY BIB,Medium Demand,Maintain Stock
35638B,PINK/BLUE STRING CURTAIN ,Medium Demand,Maintain Stock
22330,72 ROUND PINK DOILIES,Medium Demand,Maintain Stock
84510C,SET OF 4 POLKADOT COASTERS,Medium Demand,Maintain Stock
72771B,BURG FLOCK GOLD CUP/CANDLE ,Medium Demand,Maintain Stock
22425,ENAMEL COLLANDER CREAM,Medium Demand,Maintain Stock
35822P,"ACRYLIC BEAD CHAIN, PINK",Medium Demand,Maintain Stock
21420,OYSTER TRINKET BOX,Medium Demand,Maintain Stock
90214C,"LETTER ""C"" BLING KEY RING",Medium Demand,Maintain Stock
90214L,"LETTER ""L"" BLING KEY RING",Medium Demand,Maintain Stock
23104,IVORY CAFE HANGING LAMP ,Medium Demand,Maintain Stock
22446,PIN CUSHION RUSSIAN DOLL PINK,Medium Demand,Maintain Stock
21729,SMALL MARAKESH METAL  LANTERN ,Medium Demand,Maintain Stock
84830,LARGE ENGLISH ARBORETUM,Medium Demand,Maintain Stock
85080,PADDED RED HEART DECORATION,Medium Demand,Maintain Stock
90062,CARNIVAL BRACELET,Medium Demand,Maintain Stock
85164B,BLACK BAROQUE CUCKOO CLOCK,Medium Demand,Maintain Stock
20940,SET/6 GARDEN GNOME T-LIGHT CANDLES,Medium Demand,Maintain Stock
90210C,RED   ACRYLIC FACETED BANGLE,Medium Demand,Maintain Stock
85087,CANDY SPOT CUSHION COVER,Medium Demand,Maintain Stock
84358,FLOOR LAMP SHADE WOOD BASE,Medium Demand,Maintain Stock
20694,FLORAL PINK MONSTER,Medium Demand,Maintain Stock
84972L,GIANT PINK HEART MEMO HOLDER,Medium Demand,Maintain Stock
84227,HEN HOUSE W CHICK IN NEST,Medium Demand,Maintain Stock
84620,BLUE GINGHAM ROSE CUSHION COVER,Medium Demand,Maintain Stock
84709B,PINK OVAL JEWELLED MIRROR,Medium Demand,Maintain Stock
21241,GREEN POLKADOT CUP,Medium Demand,Maintain Stock
90214S,"LETTER ""S"" BLING KEY RING",Medium Demand,Maintain Stock
21002,ROSE DU SUD DRAWSTRING BAG,Medium Demand,Maintain Stock
23580,SNACK TRAY HAPPY FOREST  ,Medium Demand,Maintain Stock
72750D,F.FAIRY S/3 CANDLE/GLASS,Medium Demand,Maintain Stock
62086A,PINK RETRO BIG FLOWER BAG,Medium Demand,Maintain Stock
84913A,SOFT PINK ROSE TOWEL ,Medium Demand,Maintain Stock
21659,GLASS CAKE STAND,Medium Demand,Maintain Stock
79342B,BROWN FLOWER LIGHTS,Medium Demand,Maintain Stock
23479,WIRE EGG BASKET ,Medium Demand,Maintain Stock
84510C,SET OF 4 POLKADOTS COASTERS,Medium Demand,Maintain Stock
90214K,"LETTER ""K"" BLING KEY RING",Medium Demand,Maintain Stock
84803A,PINK ALLIUM  ARTIFICIAL FLOWER,Medium Demand,Maintain Stock
21395,BLUE SPOTTY BEAKER ,Medium Demand,Maintain Stock
22834,MINI HAND WARMER BABUSHKA DESIGN,Medium Demand,Maintain Stock
22785,SQUARECUSHION COVER PINK UNION FLAG,Medium Demand,Maintain Stock
23460,SWEETHEART WALL TIDY ,Medium Demand,Maintain Stock
21699,SET 5 MINI CHOCOLATE FRIDGE MAGNETS,Medium Demand,Maintain Stock
21321,GLASS CHALICE BLUE  LARGE ,Medium Demand,Maintain Stock
84509A,ENGLISH ROSE PLACEMATS,Medium Demand,Maintain Stock
22384,LUNCHBAG PINK RETROSPOT,Medium Demand,Maintain Stock
37492A,YELLOW RED FLOWER PIGGY BANK,Medium Demand,Maintain Stock
90201B,BLACK ENAMEL FLOWER RING,Medium Demand,Maintain Stock
44242B,PINK FEATHERS CURTAIN,Medium Demand,Maintain Stock
21269,ANTIQUE CREAM CUTLERY SHELF ,Medium Demand,Maintain Stock
84968F,SET OF 16 VINTAGE SKY BLUE CUTLERY,Medium Demand,Maintain Stock
23045,PAPER LANTERN 5 POINT STAR MOON ,Medium Demand,Maintain Stock
21628,TRIANGULAR POUFFE VINTAGE ,Medium Demand,Maintain Stock
79192A,RETRO PLASTIC 70'S TRAY,Medium Demand,Maintain Stock
18096C,WHITE ROUND PORCELAIN TLIGHT HOLDER,Medium Demand,Maintain Stock
85232A,SET/3 POLKADOT STACKING TINS,Medium Demand,Maintain Stock
21540,DAIRY MAID CERAMIC BUTTER DISH,Medium Demand,Maintain Stock
84437A,S/6 PINK EASTER DECS IN BOX,Medium Demand,Maintain Stock
21129,SILVER FISHING GNOME ,Medium Demand,Maintain Stock
79191D,RETRO PLASTIC DAISY TRAY,Medium Demand,Maintain Stock
22503,CABIN BAG VINTAGE PAISLEY,Medium Demand,Maintain Stock
47562,ENGLISH ROSE IRONING BOARD COVER,Medium Demand,Maintain Stock
23180,MUM'S KITCHEN CLOCK,Medium Demand,Maintain Stock
84913B,MINT GREEN ROSE TOWEL,Medium Demand,Maintain Stock
37482P,CUBIC MUG PINK POLKA DOT,Medium Demand,Maintain Stock
21529,RED RETROSPOT TOASTRACK,Medium Demand,Maintain Stock
21630,FLOOR CUSHION ELEPHANT CARNIVAL,Medium Demand,Maintain Stock
21331,MOROCCAN BEATEN METAL DISH LARGE,Medium Demand,Maintain Stock
85135C,RED DRAGONFLY HELICOPTER,Medium Demand,Maintain Stock
79303B,BLUE STAR BLOCK TABLE LAMP,Medium Demand,Maintain Stock
47348A,FUSCHIA VOILE POINTY SHOE DEC,Medium Demand,Maintain Stock
84918,CREAM CUSHION COVER WITH FLOWERS,Medium Demand,Maintain Stock
23196,RETRO LEAVES MAGNETIC NOTEPAD,Medium Demand,Maintain Stock
22899,CHILDRENS APRON DOLLY GIRL ,Medium Demand,Maintain Stock
22241,"GARLAND , WOODEN  "" HAPPY EASTER""",Medium Demand,Maintain Stock
20903,VINTAGE KEEPSAKE BOX TRAVELOGUE,Medium Demand,Maintain Stock
23413,VINTAGE COFFEE GRINDER BOX,Medium Demand,Maintain Stock
46776C,WOVEN FROST CUSHION COVER,Medium Demand,Maintain Stock
22453,MEASURING TAPE RUSSIAN DOLL BLUE,Medium Demand,Maintain Stock
21632,VINTAGE PINK DECORATIVE PARASOL,Medium Demand,Maintain Stock
90120D,WHITE MURANO TWIST BRACELET,Medium Demand,Maintain Stock
90125D,PURPLE BERTIE GLASS BEAD BAG CHARM,Medium Demand,Maintain Stock
22588,CARDHOLDER GINGHAM HEART,Medium Demand,Maintain Stock
85097B,BLUE ROCKING SINGING CANARY,Medium Demand,Maintain Stock
22785,CUSHION COVER PINK UNION FLAG,Medium Demand,Maintain Stock
84877D,BLUE ROUND COMPACT MIRROR,Medium Demand,Maintain Stock
21758,VINTAGE SHELLS PRINT,Medium Demand,Maintain Stock
90108,BLUE BLOSSOM HAIR CLIP,Medium Demand,Maintain Stock
47593B,SCOTTIES DESIGN BABY BIB,Medium Demand,Maintain Stock
35793,S/3 PUPPIES CHRISTMAS DECORATIONS,Medium Demand,Maintain Stock
82607E,GLASS BONBON JAR. D'AMANDES,Medium Demand,Maintain Stock
20782,CAMOUFLAGE EAR MUFF HEADPHONES,Medium Demand,Maintain Stock
35963,FOLKART ZINC CLIP ON ANGEL WINGS,Medium Demand,Maintain Stock
84509B,FAIRY CAKE PLACEMATS,Medium Demand,Maintain Stock
16201A,PASTEL PINK PHOTO ALBUM,Medium Demand,Maintain Stock
23231,WRAP  VINTAGE DOILEY ,Medium Demand,Maintain Stock
82093,HEART SHAPE BUTTON FRAME ,Medium Demand,Maintain Stock
79329,PINK FLOCK GLASS CANDLEHOLDER,Medium Demand,Maintain Stock
22987,WRAP SUMMER ROSE DESIGN,Medium Demand,Maintain Stock
85081,PADDED HOLLY CHRISTMAS DECORATION ,Medium Demand,Maintain Stock
21711,FOLDING UMBRELLA WHITE/RED POLKADOT,Medium Demand,Maintain Stock
22511,DOORSTOP RUSSIAN DOLL RETROSPOT,Medium Demand,Maintain Stock
22770,MIRROR CORNICE,Medium Demand,Maintain Stock
84462,3 PINK HEN+CHICKS IN BASKET,Medium Demand,Maintain Stock
90161C,ANT COPPER LIME BOUDICCA BRACELET,Medium Demand,Maintain Stock
90088,CRYSTAL KEY+LOCK PHONE CHARM,Medium Demand,Maintain Stock
72133,COLUMBIAN CANDLE RECTANGLE,Medium Demand,Maintain Stock
85024C,PINK SMALL JEWELLED PHOTOFRAME,Medium Demand,Maintain Stock
23042,PAPER LANTERN 7 POINT SNOW STAR,Medium Demand,Maintain Stock
84901,BLACK FACE LAMB WITH PANTS,Medium Demand,Maintain Stock
85135B,BLUE DRAGONFLY HELICOPTER,Medium Demand,Maintain Stock
84671B,CROCHET BEAR WITH BLUE STRIPES,Medium Demand,Maintain Stock
47351B,BLUE  VOILE LAMPSHADE,Medium Demand,Maintain Stock
75172,PAINTED SEA SHELL METAL WINDCHIME,Medium Demand,Maintain Stock
23149,ANTIQUE IVORY WIRE BOWL SMALL,Medium Demand,Maintain Stock
35913B,WHITE/PINK CHICK EASTER DECORATION,Medium Demand,Maintain Stock
79532,MOSAIC GLASS BALL CANDLEHOLDER,Medium Demand,Maintain Stock
35838B,S/6 SILVER ORNAMENETAL CANDLE,Medium Demand,Maintain Stock
35637C,PINK STRING CURTAIN WITH POLE,Medium Demand,Maintain Stock
84219,BOX/12 MOTHER & CHICK IN BASKET/BOW,Medium Demand,Maintain Stock
84247N,PACK/12 BLUE FOLKART CARDS,Medium Demand,Maintain Stock
16206B,RED PURSE WITH PINK HEART,Medium Demand,Maintain Stock
84563B,BLUE & WHITE BREAKFAST TRAY,Medium Demand,Maintain Stock
21629,SQUARE FLOOR CUSHION VINTAGE RED,Medium Demand,Maintain Stock
23438,GIFT BAG LARGE SPOT ,Medium Demand,Maintain Stock
21460,GREEN EASTER EGG HUNT START POST,Medium Demand,Maintain Stock
21128,GOLD FISHING GNOME,Medium Demand,Maintain Stock
84509C,SET OF 4 POLKADOT PLACEMATS ,Medium Demand,Maintain Stock
84508C,BLUE CIRCLES DESIGN TEDDY,Medium Demand,Maintain Stock
22176,BLUE OWL DECORATION,Medium Demand,Maintain Stock
22175,PINK OWL DECORATION,Medium Demand,Maintain Stock
17014C,ORIGAMI LAVENDER INCENSE CONES,Medium Demand,Maintain Stock
22324,BAG FOR CHILDREN VINTAGE BLUE ,Medium Demand,Maintain Stock
22323,BAG FOR CHILDREN VINTAGE PINK ,Medium Demand,Maintain Stock
22825,DECORATIVE PLANT POT WITH FRIEZE,Medium Demand,Maintain Stock
22529,MAGIC SLATE GO TO THE FAIR ,Medium Demand,Maintain Stock
22532,MAGIC SLATE LEAP FROG ,Medium Demand,Maintain Stock
22579,WOODEN TREE CHRISTMAS SCANDISPOT,Medium Demand,Maintain Stock
22566,"FELTCRAFT HAIRBAND S/2, PINK/PURPLE",Medium Demand,Maintain Stock
35819P,"ACRYLIC HANGING JEWEL,PINK",Medium Demand,Maintain Stock
82011C,BATHROOM SCALES FOOTPRINTS IN SAND,Medium Demand,Maintain Stock
90214E,"LETTER ""E"" BLING KEY RING",Medium Demand,Maintain Stock
90210B,CLEAR ACRYLIC FACETED BANGLE,Medium Demand,Maintain Stock
21228,"POCKET MIRROR ""GLAMOROUS""",Medium Demand,Maintain Stock
16202C,BEIGE PHOTO ALBUM,Medium Demand,Maintain Stock
84680,CLASSICAL ROSE URN,Medium Demand,Maintain Stock
37475,SET/4 COLOURFUL MIXING BOWLS,Medium Demand,Maintain Stock
90199C,5 STRAND GLASS NECKLACE CRYSTAL,Medium Demand,Maintain Stock
84600,NEW BAROQUE JEWELLERY BOX ,Medium Demand,Maintain Stock
84081,WHITE CERAMIC PARTY SET (5PCS),Medium Demand,Maintain Stock
46776E,WOVEN CANDY CUSHION COVER ,Medium Demand,Maintain Stock
17014E,ORIGAMI OPIUM INCENSE CONES,Medium Demand,Maintain Stock
21375,LARGE CAMPHOR WOOD FIELD MUSHROOM ,Medium Demand,Maintain Stock
35815B,"ACRYLIC JEWEL SNOWFLAKE,BLUE",Medium Demand,Maintain Stock
23489,"GARLAND, VINTAGE BELLS",Medium Demand,Maintain Stock
84563A,PINK & WHITE BREAKFAST TRAY,Medium Demand,Maintain Stock
84429A,MEDIUM PINK BUDDHA HEAD ,Medium Demand,Maintain Stock
21303,FILIGREE WALL MIRROR  ANTIQUE WHITE,Medium Demand,Maintain Stock
22882,NUMBER TILE VINTAGE FONT 3,Medium Demand,Maintain Stock
85145,JARDIN ETCHED GLASS LARGE BELL JAR,Medium Demand,Maintain Stock
90002D,FLOWER BURST SILVER RING CRYSTAL,Medium Demand,Maintain Stock
90201A,PURPLE ENAMEL FLOWER RING,Medium Demand,Maintain Stock
35610C,WHITE CHRISTMAS FLOCK DROPLET ,Medium Demand,Maintain Stock
84707A,SILVER JEWELLED MIRROR TRINKET TRAY,Medium Demand,Maintain Stock
90092,BLUE CRYSTAL BOOT PHONE CHARM,Medium Demand,Maintain Stock
35962,SET/12 ZINC CHRISTMAS DECORATIONS,Medium Demand,Maintain Stock
82607C,GLASS BONBON JAR. SUPERFINES,Medium Demand,Maintain Stock
84497,BUTTONS AND STRIPES NOTEBOOK ,Medium Demand,Maintain Stock
85095,THREE CANVAS LUGGAGE TAGS,Medium Demand,Maintain Stock
84461,12 PINK HEN+CHICKS IN BASKET,Medium Demand,Maintain Stock
90201C,RED ENAMEL FLOWER RING,Medium Demand,Maintain Stock
85136A,YELLOW SHARK HELICOPTER,Medium Demand,Maintain Stock
84974,S/2 ZINC HEART DESIGN PLANTERS,Medium Demand,Maintain Stock
23522,WALL ART DOG AND BALL ,Medium Demand,Maintain Stock
23496,PANTRY KITCHEN THERMOMETER ,Low Demand,Reduce Stock
72803B,OCEAN SCENT CANDLE JEWELLED DRAWER,Low Demand,Reduce Stock
90125C,TURQUOISE BERTIE GLASS BEAD CHARM,Low Demand,Reduce Stock
84968D,SET OF 16 VINTAGE RED CUTLERY,Low Demand,Reduce Stock
20796,SMALL BLUE PROVENCAL CERAMIC BALL,Low Demand,Reduce Stock
90089,PINK CRYSTAL SKULL PHONE CHARM,Low Demand,Reduce Stock
72814,SET/3 CHRISTMAS BRIAR CANDLES,Low Demand,Reduce Stock
17090D,VANILLA INCENSE 40 CONES IN TIN,Low Demand,Reduce Stock
23069,EDWARDIAN PHOTO FRAME,Low Demand,Reduce Stock
47591A,CAROUSEL DES CHILD'S APRON,Low Demand,Reduce Stock
85089,CANDY SPOT BUNNY,Low Demand,Reduce Stock
90161B,ANT COPPER TURQ BOUDICCA BRACELET,Low Demand,Reduce Stock
37508,NEW ENGLAND CERAMIC CAKE SERVER,Low Demand,Reduce Stock
23523,WALL ART TREASURE AHOY ,Low Demand,Reduce Stock
16162M,THE KING GIFT BAG 25x24x12cm,Low Demand,Reduce Stock
82553,POP'S GREASY SPOON METAL SIGN,Low Demand,Reduce Stock
81952V,ROUND PURPLE CLOCK W/SUCKER,Low Demand,Reduce Stock
23537,WALL ART I LOVE LONDON ,Low Demand,Reduce Stock
20892,SET/3 TALL GLASS CANDLE HOLDER PINK,Low Demand,Reduce Stock
84899F,YELLOW PURPLE DAISY FELT PURSE KIT,Low Demand,Reduce Stock
22802,FAUX FUR CHOCOLATE THROW,Low Demand,Reduce Stock
35916C,PINK FELT HANGING HEART W FLOWER,Low Demand,Reduce Stock
84454,WOBBLING METAL CHICKEN EASTER,Low Demand,Reduce Stock
84753A,PINK EAU DE COLOGNE BOTTLE,Low Demand,Reduce Stock
23477,WOODLAND LARGE BLUE FELT HEART,Low Demand,Reduce Stock
90198B,VINTAGE ROSE BEAD BRACELET BLACK,Low Demand,Reduce Stock
85121C,RETRO LAUNDRY TUB PISTACHIO,Low Demand,Reduce Stock
21394,RED SPOTTY BEAKER ,Low Demand,Reduce Stock
23117,POPPY FIELDS CHOPPING BOARD,Low Demand,Reduce Stock
22885,NUMBER TILE VINTAGE FONT 6 ,Low Demand,Reduce Stock
22486,PLASMATRONIC LAMP,Low Demand,Reduce Stock
22195,HEART MEASURING SPOONS LARGE,Low Demand,Reduce Stock
17129C,SKY BLUE COLOUR GLASS GEMS IN BAG,Low Demand,Reduce Stock
22328,"ROUND SNACK BOXES ,SET 4, FRUITS ",Low Demand,Reduce Stock
35004P,SET OF 3 PINK FLYING DUCKS,Low Demand,Reduce Stock
21193,WHITE HONEYCOMB PAPER FAN ,Low Demand,Reduce Stock
84576,BLUE CAT BISCUIT BARREL PINK HEART,Low Demand,Reduce Stock
84706C,PINK FLOCK TABLE CLOCK ,Low Demand,Reduce Stock
90114,SUMMER DAISIES BAG CHARM,Low Demand,Reduce Stock
21304,ARCHED GREY MIRROR,Low Demand,Reduce Stock
82011B,BATHROOM SCALES RUBBER DUCKS,Low Demand,Reduce Stock
84526,GIANT BLACK SUNGLASSES,Low Demand,Reduce Stock
84952A,CLEAR LOVE BIRD T-LIGHT HOLDER,Low Demand,Reduce Stock
22346,PARTY PIZZA DISH GREEN RETROSPOT,Low Demand,Reduce Stock
90082D,DIAMANTE BOW BROOCH BLACK COLOUR,Low Demand,Reduce Stock
35979,SIX STRING SCANDINAVIAN HEART DECS,Low Demand,Reduce Stock
84705B,FAIRY CAKES PHOTO FRAME,Low Demand,Reduce Stock
84745B,BLUE HANGING GINGHAM EASTER HEN,Low Demand,Reduce Stock
90201D,GREEN ENAMEL FLOWER RING,Low Demand,Reduce Stock
72715,SPHERICAL IVORY CANDLE ,Low Demand,Reduce Stock
23128,DOLLCRAFT BOY JEAN-PAUL ,Low Demand,Reduce Stock
23044,PAPER LANTERN 9 POINT HOLLY STAR S,Low Demand,Reduce Stock
85090,CANDY SPOT APRON,Low Demand,Reduce Stock
90208,PAIR OF ENAMEL FLOWER CLUSTER SLIDE,Low Demand,Reduce Stock
16020C,CLEAR STATIONERY BOX SET ,Low Demand,Reduce Stock
84762B,PINK PICNIC BARBECUE BUCKET,Low Demand,Reduce Stock
23305,SET 4 PICNIC CUTLERY BLUEBERRY,Low Demand,Reduce Stock
84464,S/60 PINK FLUFFY CHICKS IN BOX,Low Demand,Reduce Stock
20695,FLORAL BLUE MONSTER,Low Demand,Reduce Stock
20997,ROSE DU SUD CUSHION COVER ,Low Demand,Reduce Stock
35809B,ENAMEL BLUE RIM TEA CONTAINER,Low Demand,Reduce Stock
16248B,BLUE HOLE PUNCH,Low Demand,Reduce Stock
90160C,TURQ+RED BOUDICCA LARGE BRACELET,Low Demand,Reduce Stock
22881,NUMBER TILE VINTAGE FONT 2,Low Demand,Reduce Stock
16202E,BLACK PHOTO ALBUM ,Low Demand,Reduce Stock
37462E,"PET MUG, GOLDFISH",Low Demand,Reduce Stock
90030C,BROWN KUKUI COCONUT SEED NECKLACE,Low Demand,Reduce Stock
90214J,"LETTER ""J"" BLING KEY RING",Low Demand,Reduce Stock
23019,SMALL APOTHECARY MEASURING JAR ,Low Demand,Reduce Stock
35603C,SET/16 WHITE SHINY & MATT BAUBLES,Low Demand,Reduce Stock
20910,VINTAGE PHOTO ALBUM PARIS DAYS,Low Demand,Reduce Stock
81950B,FLOWER BLUE CLOCK W/SUCKER,Low Demand,Reduce Stock
23137,ZINC WIRE SWEETHEART LETTER TRAY,Low Demand,Reduce Stock
23396,LA JARDIN BOTANIQUE CUSHION COVER,Low Demand,Reduce Stock
23130,MISELTOE HEART WREATH ,Low Demand,Reduce Stock
84206A,3 BLACK CATS W HEARTS BLANK CARD,Low Demand,Reduce Stock
85163A,WHITE BAROQUE WALL CLOCK ,Low Demand,Reduce Stock
22414,DOOR MAT NEIGHBOURHOOD WITCH ,Low Demand,Reduce Stock
90214M,"LETTER ""M"" BLING KEY RING",Low Demand,Reduce Stock
23444,Next Day Carriage,Low Demand,Reduce Stock
20818,GOLD TEDDY BEAR,Low Demand,Reduce Stock
21004,ROSE DU SUD CHILDS APRON,Low Demand,Reduce Stock
84762C,GREEN PICNIC BARBECUE BUCKET,Low Demand,Reduce Stock
20835,FRENCH LATTICE CUSHION COVER ,Low Demand,Reduce Stock
23487,SWEET HEART CAKE CARRIER,Low Demand,Reduce Stock
84874B,BLUE TRAVEL FIRST AID KIT,Low Demand,Reduce Stock
71143,SILVER BOOK MARK WITH BEADS,Low Demand,Reduce Stock
90210A,GREY ACRYLIC FACETED BANGLE,Low Demand,Reduce Stock
84455,SET OF 3 RABBIT CARROTS EASTER,Low Demand,Reduce Stock
40002,WHITE BAMBOO RIBS LAMPSHADE,Low Demand,Reduce Stock
22883,NUMBER TILE VINTAGE FONT 4,Low Demand,Reduce Stock
37330,BIG POLKADOT MUG,Low Demand,Reduce Stock
22884,NUMBER TILE VINTAGE FONT 5,Low Demand,Reduce Stock
23131,MISELTOE HEART WREATH WHITE,Low Demand,Reduce Stock
23057,GEMSTONE CHANDELIER T-LIGHT HOLDER,Low Demand,Reduce Stock
21461,BLUE EASTER EGG HUNT START POST,Low Demand,Reduce Stock
20781,GOLD EAR MUFF HEADPHONES,Low Demand,Reduce Stock
23457,LARGE PARLOUR PICTURE FRAME,Low Demand,Reduce Stock
90030A,SPOTTED WHITE NATURAL SEED NECKLACE,Low Demand,Reduce Stock
20906,VINTAGE NOTEBOOK BEAUTY GIRL,Low Demand,Reduce Stock
90120B,BLUE MURANO TWIST BRACELET,Low Demand,Reduce Stock
85179C,PINK BITTY LIGHT CHAIN,Low Demand,Reduce Stock
84414B,FUSCHIA/GREEN STRIPE WOOLLY BLANKET,Low Demand,Reduce Stock
22852,ENAMEL DOG BOWL CREAM,Low Demand,Reduce Stock
85135A,YELLOW DRAGONFLY HELICOPTER,Low Demand,Reduce Stock
35922,EASTER BUNNY WREATH,Low Demand,Reduce Stock
84925E,FLOWERS WALL THERMOMETER,Low Demand,Reduce Stock
47593A,CAROUSEL DESIGN BABY BIB,Low Demand,Reduce Stock
84509G,FAIRY CAKE PLACEMATS ,Low Demand,Reduce Stock
22655,VINTAGE RED KITCHEN CABINET,Low Demand,Reduce Stock
21553,CERAMIC BIRDHOUSE FINCH BLUE  LARGE,Low Demand,Reduce Stock
84226,HEN HOUSE W FAMILY IN BARN & NEST,Low Demand,Reduce Stock
23462,ROCOCO WALL MIRROR WHITE,Low Demand,Reduce Stock
23492,VINTAGE JINGLE BELLS WREATH,Low Demand,Reduce Stock
72709,IVORY SCULPTED RND CANDLE ,Low Demand,Reduce Stock
84782C,GREEN 3 TIER GLASS PLATE STAND,Low Demand,Reduce Stock
90161D,ANT COPPER PINK BOUDICCA BRACELET,Low Demand,Reduce Stock
22886,NUMBER TILE VINTAGE FONT 7,Low Demand,Reduce Stock
90198A,VINTAGE ROSE BEAD BRACELET RASPBERR,Low Demand,Reduce Stock
45016,DECORATIVE NET CANOPY LEOPARD,Low Demand,Reduce Stock
72129,COLUMBIAN CANDLE ROUND ,Low Demand,Reduce Stock
20845,ZINC HEART LATTICE 2 WALL PLANTER,Low Demand,Reduce Stock
84367,LA STREGA CANVAS PICTURE ,Low Demand,Reduce Stock
90147,CHUNKY SILVER NECKLACE PASTEL FLOWE,Low Demand,Reduce Stock
78033,FLAG OF ST GEORGE CHAIR,Low Demand,Reduce Stock
22880,NUMBER TILE VINTAGE FONT 1,Low Demand,Reduce Stock
84745A,PINK HANGING GINGHAM EASTER HEN,Low Demand,Reduce Stock
21132,SILVER STANDING GNOME   ,Low Demand,Reduce Stock
23380,PACK OF 12 DOILEY TISSUES,Low Demand,Reduce Stock
22565,FELTCRAFT HAIRBANDS PINK + WHITE ,Low Demand,Reduce Stock
84247C,PACK/12 BLUE REINDEER CARD,Low Demand,Reduce Stock
85166A,WHITE METAL BAROQUE PHOTO FRAME,Low Demand,Reduce Stock
22578,WOODEN STAR CHRISTMAS SCANDISPOT,Low Demand,Reduce Stock
22972,CHILDRENS SPACEBOY MUG,Low Demand,Reduce Stock
44217M,MULTICOLOUR FEATHERS CURTAIN,Low Demand,Reduce Stock
84482,BUTTONS DESIGN JEWELLERY BOX,Low Demand,Reduce Stock
20660,VIP LUGGAGE TAG ,Low Demand,Reduce Stock
84596I,WRAP SWEETS LIGHT PINK SMALL BOWL,Low Demand,Reduce Stock
23304,SET 4 PICNIC CUTLERY CHERRY ,Low Demand,Reduce Stock
84527,FLAMES SUNGLASSES PINK LENSES,Low Demand,Reduce Stock
20847,ZINC HEART LATTICE CHARGER LARGE,Low Demand,Reduce Stock
23209,LUNCH BAG VINTAGE DOILEY ,Low Demand,Reduce Stock
23428,IVORY RETRO KITCHEN WALL CLOCK,Low Demand,Reduce Stock
84247K,"FOLK ART GREETING CARD,pack/12",Low Demand,Reduce Stock
47583A,SET OF 3 WICKER BASKET ROSE,Low Demand,Reduce Stock
22887,NUMBER TILE VINTAGE FONT 8,Low Demand,Reduce Stock
23116,VEGETABLE GARDEN CHOPPING BOARD,Low Demand,Reduce Stock
90112,PINK DOLLY HAIR CLIPS,Low Demand,Reduce Stock
84388,WISE MAN STAR SHAPE EGG PAN,Low Demand,Reduce Stock
22869,NUMBER TILE COTTAGE GARDEN 1,Low Demand,Reduce Stock
21118,SHOPPING BAG DOORSTOP,Low Demand,Reduce Stock
23016,GLASS TWIST BON BON JAR,Low Demand,Reduce Stock
90160D,PINK BOUDICCA LARGE BRACELET,Low Demand,Reduce Stock
20902,VINTAGE KEEPSAKE BOX PARIS DAYS,Low Demand,Reduce Stock
23043,PAPER LANTERN 9 POINT HOLLY STAR L,Low Demand,Reduce Stock
21757,LIGHTHOUSE PRINTED METAL SIGN,Low Demand,Reduce Stock
21663,VINTAGE GLASS SUGAR CADDY,Low Demand,Reduce Stock
90175A,WHITE GLASS CHUNKY CHARM BRACELET,Low Demand,Reduce Stock
84616,SILVER ROCCOCO CHANDELIER,Low Demand,Reduce Stock
90214G,"LETTER ""G"" BLING KEY RING",Low Demand,Reduce Stock
84619,BLUE GINGHAM ROSE QUILT ,Low Demand,Reduce Stock
22870,NUMBER TILE COTTAGE GARDEN 2,Low Demand,Reduce Stock
44241C,BLUE BUTTERFLY ON SPRING,Low Demand,Reduce Stock
23127,DOLLCRAFT GIRL NICOLE,Low Demand,Reduce Stock
23141,TRIPLE WIRE HOOK PINK HEART,Low Demand,Reduce Stock
37487B,YELLOW/ORANGE FLOWER DESIGN PLATE,Low Demand,Reduce Stock
45008C,DECORATIVE NET CANOPY CREAM,Low Demand,Reduce Stock
84951A,S/4 PISTACHIO LOVEBIRD COASTERS,Low Demand,Reduce Stock
85163B,BLACK BAROQUE WALL CLOCK ,Low Demand,Reduce Stock
85144,JARDIN ETCHED GLASS BUTTER DISH,Low Demand,Reduce Stock
44089C,LILAC GAUZE BUTTERFLY LAMPSHADE,Low Demand,Reduce Stock
90120A,PINK MURANO TWIST BRACELET,Low Demand,Reduce Stock
21752,GLASS CAKE STAND MIRRORED BASE,Low Demand,Reduce Stock
90170,DAISY HAIR BAND,Low Demand,Reduce Stock
84712B,PINK JEWELLED PHOTO FRAME,Low Demand,Reduce Stock
21001,ROSE DU SUD WASHBAG ,Low Demand,Reduce Stock
20957,PORCELAIN HANGING BELL SMALL,Low Demand,Reduce Stock
90119,METALIC LEAVES BAG CHARMS,Low Demand,Reduce Stock
22326,"ROUND SNACK BOXES ,SET4, WOODLAND ",Low Demand,Reduce Stock
23126,DOLLCRAFT GIRL AMELIE KIT,Low Demand,Reduce Stock
22888,NUMBER TILE VINTAGE FONT 9 ,Low Demand,Reduce Stock
85205A,IVORY FELT EASTER RABBIT GARLAND,Low Demand,Reduce Stock
90129B,TURQUOISE GLASS TASSLE BAG CHARM ,Low Demand,Reduce Stock
23303,SET 4 PICNIC CUTLERY FONDANT,Low Demand,Reduce Stock
21761,WOOD AND GLASS MEDICINE CABINET,Low Demand,Reduce Stock
21102,"CANDLE IN JAR COLLAGE , VANILLA",Low Demand,Reduce Stock
72799D,BLUE PILLAR CANDLE SILVER FLOCK,Low Demand,Reduce Stock
90214D,"LETTER ""D"" BLING KEY RING",Low Demand,Reduce Stock
90084,PINK CRYSTAL GUITAR PHONE CHARM,Low Demand,Reduce Stock
44236,PINK/PURPLE CIRCLE CURTAIN,Low Demand,Reduce Stock
22447,PIN CUSHION RUSSIAN DOLL BLUE,Low Demand,Reduce Stock
23017,APOTHECARY MEASURING JAR,Low Demand,Reduce Stock
44235,ASSORTED COLOURED CIRCLE MOBILE ,Low Demand,Reduce Stock
21157,RED RETROSPOT WASHBAG,Low Demand,Reduce Stock
23370,SET 36 COLOUR PENCILS DOILEY,Low Demand,Reduce Stock
79303D,LILAC FLOWER BLOCK TABLE LAMP,Low Demand,Reduce Stock
84865,NEW BAROQUE BLACK PHOTO ALBUM,Low Demand,Reduce Stock
84549,CROCHET WHITE RABBIT KEYRING ,Low Demand,Reduce Stock
23471,SIX DRAWER OFFICE TIDY,Low Demand,Reduce Stock
37468,HARDMAN MUG 3 ASSORTED,Low Demand,Reduce Stock
90214Y,"LETTER ""Y"" BLING KEY RING",Low Demand,Reduce Stock
22879,NUMBER TILE VINTAGE FONT 0,Low Demand,Reduce Stock
22869,"NUMBER TILE COTTAGE GARDEN, 1",Low Demand,Reduce Stock
84613C,BLUE NEW BAROQUE FLOCK CANDLESTICK,Low Demand,Reduce Stock
84402B,PURPLE DRESS JEWELLERY STAND,Low Demand,Reduce Stock
77079,DOLPHIN WINDMILL,Low Demand,Reduce Stock
17013F,ORIGAMI SANDLEWOOD INCENSE IN TUBE,Low Demand,Reduce Stock
23359,SET OF 12 T-LIGHTS VINTAGE DOILEY,Low Demand,Reduce Stock
21686,MEDINA STAMPED METAL STOOL,Low Demand,Reduce Stock
90120C,GREEN MURANO TWIST BRACELET,Low Demand,Reduce Stock
22502,PICNIC BASKET WICKER 60 PIECES,Low Demand,Reduce Stock
85147,JARDIN ETCHED GLASS CANDLEHLDR LONG,Low Demand,Reduce Stock
22824,3 TIER SWEETHEART GARDEN SHELF,Low Demand,Reduce Stock
72821,CUPID SCENTED CANDLE IN GLASS,Low Demand,Reduce Stock
17014F,ORIGAMI SANDLEWOOD INCENSE CONES,Low Demand,Reduce Stock
85121B,RETRO LAUNDRY TUB PINK,Low Demand,Reduce Stock
84255B,ORANGE COCKTAIL GLASS LAMP,Low Demand,Reduce Stock
79331,PINK FLOCK GLASS CANDLEHOLDER,Low Demand,Reduce Stock
90203,SILVER CHARM NECKLACE 70CM,Low Demand,Reduce Stock
22877,NUMBER TILE COTTAGE GARDEN 9,Low Demand,Reduce Stock
84251J,"GREETING CARD, THE BLACK CAT",Low Demand,Reduce Stock
90160B,RED BOUDICCA LARGE BRACELET,Low Demand,Reduce Stock
23497,CLASSIC CROME BICYCLE BELL ,Low Demand,Reduce Stock
90149,SILVER FLOWR PINK SHELL NECKLACE,Low Demand,Reduce Stock
23191,BUNDLE OF 3 RETRO EXERCISE BOOKS,Low Demand,Reduce Stock
23244,STORAGE TIN VINTAGE LEAF,Low Demand,Reduce Stock
22736,"RIBBON REEL, MAKING SNOWMEN ",Low Demand,Reduce Stock
23061,VINTAGE ENGRAVED HEART,Low Demand,Reduce Stock
22191,IVORY WALL CLOCK,Low Demand,Reduce Stock
22193,RED WALL CLOCK,Low Demand,Reduce Stock
22872,NUMBER TILE COTTAGE GARDEN 4,Low Demand,Reduce Stock
79323S,SILVER CHERRY LIGHTS,Low Demand,Reduce Stock
22840,"CAKE TIN, ROUND, VINTAGE RED,CREAM",Low Demand,Reduce Stock
46138B,BLUE CHENILLE SHAGGY CUSHION COVER ,Low Demand,Reduce Stock
22657,HEN & 2 CHICKS IN BASKET,Low Demand,Reduce Stock
35611B,BLACK ASSORTED DROPLET DECORATION,Low Demand,Reduce Stock
90098,NECKLACE+BRACELET PINK BUTTERFLY,Low Demand,Reduce Stock
23151,ZINC SWEETHEART SOAP DISH,Low Demand,Reduce Stock
17107D,FLOWER FAIRY 5 DRAWER LINERS,Low Demand,Reduce Stock
90154,LAZER CUT NECKLACE W PASTEL BEADS,Low Demand,Reduce Stock
22826,LOVE SEAT ANTIQUE WHITE METAL,Low Demand,Reduce Stock
22874,NUMBER TILE COTTAGE GARDEN 6,Low Demand,Reduce Stock
22877,"NUMBER TILE COTTAGE GARDEN, 9",Low Demand,Reduce Stock
90192,JADE DROP EARRINGS W FILIGREE,Low Demand,Reduce Stock
10124A,SPOTS ON RED BOOKCOVER TAPE,Low Demand,Reduce Stock
90214P,"LETTER ""P"" BLING KEY RING",Low Demand,Reduce Stock
84902,PINK KNITTED COW STUFFED TOY,Low Demand,Reduce Stock
35597D,PINK/WHITE CHRISTMAS TREE 30CM,Low Demand,Reduce Stock
37474,SET/4 2 TONE EGG SHAPE MIXING BOWLS,Low Demand,Reduce Stock
84288B,SET/2 BLUE  NOODLE BASKETS,Low Demand,Reduce Stock
90082B,DIAMANTE BOW BROOCH RED COLOUR,Low Demand,Reduce Stock
35911B,PINK/FLOWER RABBIT EGG WARMER ,Low Demand,Reduce Stock
90104,PURPLE FRANGIPANI HAIRCLIP,Low Demand,Reduce Stock
22873,"NUMBER TILE COTTAGE GARDEN, 5",Low Demand,Reduce Stock
85123A,CREAM HANGING HEART T-LIGHT HOLDER,Low Demand,Reduce Stock
22876,"NUMBER TILE COTTAGE GARDEN, 8",Low Demand,Reduce Stock
22870,"NUMBER TILE COTTAGE GARDEN, 2",Low Demand,Reduce Stock
22872,"NUMBER TILE COTTAGE GARDEN, 4",Low Demand,Reduce Stock
22868,"NUMBER TILE COTTAGE GARDEN, 0 ",Low Demand,Reduce Stock
22871,"NUMBER TILE COTTAGE GARDEN, 3 ",Low Demand,Reduce Stock
22875,"NUMBER TILE COTTAGE GARDEN, 7",Low Demand,Reduce Stock
21530,DAIRY MAID CERAMIC TOASTRACK,Low Demand,Reduce Stock
22874,"NUMBER TILE COTTAGE GARDEN, 6",Low Demand,Reduce Stock
22344,PARTY PIZZA DISH PINK WHITE SPOT ,Low Demand,Reduce Stock
18010,ASSORTED FRAGRANCE BATH CONFETTI,Low Demand,Reduce Stock
23484,HEART TRELLISTRIPLE T-LIGHT HOLDER,Low Demand,Reduce Stock
21341,KASBAH LANTERN WITH GLASS ,Low Demand,Reduce Stock
72740A,LARGE STRAWBERRY CHOCOLATE CANDLE,Low Demand,Reduce Stock
23578,SNACK TRAY RED GINGHAM,Low Demand,Reduce Stock
72812,LARGE ZINC GLASS CANDLEHOLDER,Low Demand,Reduce Stock
16207A,PINK STRAWBERRY HANDBAG ,Low Demand,Reduce Stock
21734,SMALL MARAKESH LANTERN ON STICK,Low Demand,Reduce Stock
72793,BLACK BOX MIRROR LANTERN,Low Demand,Reduce Stock
22868,NUMBER TILE COTTAGE GARDEN 0 ,Low Demand,Reduce Stock
22878,NUMBER TILE COTTAGE GARDEN No,Low Demand,Reduce Stock
84882,GREEN WIRE STANDING CANDLE HOLDER,Low Demand,Reduce Stock
22875,NUMBER TILE COTTAGE GARDEN 7,Low Demand,Reduce Stock
84723,CHERRY BLOSSOM CANVAS ART PICTURE,Low Demand,Reduce Stock
47344B,BLUE FLOWER DES PURSE,Low Demand,Reduce Stock
84762A,WHITE PICNIC BARBECUE BUCKET,Low Demand,Reduce Stock
85185C,COW  SOCK PUPPET,Low Demand,Reduce Stock
62043B,BLUE CHECK BAG W HANDLE 34X20CM,Low Demand,Reduce Stock
23472, NINE DRAWER OFFICE TIDY,Low Demand,Reduce Stock
84870B,BLUE GEISHA GIRL ,Low Demand,Reduce Stock
23229,DONKEY TAIL GAME ,Low Demand,Reduce Stock
84926B,SCOTTS ROSES TILE COASTER,Low Demand,Reduce Stock
90143,SILVER BRACELET W PASTEL FLOWER,Low Demand,Reduce Stock
84509C,SET OF 4 DOTTY PLACEMATS ,Low Demand,Reduce Stock
84870C,GREEN GEISHA GIRL ,Low Demand,Reduce Stock
90162B,ANT SILVER LIME GREEN BOUDICCA RING,Low Demand,Reduce Stock
22433,WATERING CAN PINK BUNNY,Low Demand,Reduce Stock
72369A,PINK CLEAR GLASS CANDLE PLATE,Low Demand,Reduce Stock
84623,PINK GINGHAM ROSE FLOOR CUSHION,Low Demand,Reduce Stock
79062D,"RETRO TIN ASHTRAY,REVOLUTIONARY",Low Demand,Reduce Stock
22853,ENAMEL CAT BOWL CREAM,Low Demand,Reduce Stock
22876,NUMBER TILE COTTAGE GARDEN 8,Low Demand,Reduce Stock
84447,6 RABBIT CHAIN EASTER,Low Demand,Reduce Stock
84858A,NATURAL RIVIERA HANDBAG,Low Demand,Reduce Stock
17061,ASSORTED SHAPED STENCIL FOR HENNA,Low Demand,Reduce Stock
46775D,SUNSET COLOUR CHUNKY KNITTED THROW,Low Demand,Reduce Stock
35910A,MULTICOLOUR EASTER RABBIT ,Low Demand,Reduce Stock
21300,ANTIQUE EDWARDIAN DRESSER,Low Demand,Reduce Stock
84533B,FAIRY CAKES ROUND NESTING BOXES,Low Demand,Reduce Stock
21298,EDWARDIAN 2 DRAWER WALL CABINET ,Low Demand,Reduce Stock
22871,NUMBER TILE COTTAGE GARDEN 3 ,Low Demand,Reduce Stock
20833,SHAKER THROW  QUILTED,Low Demand,Reduce Stock
84509C,DOTTY PLACEMATS ,Low Demand,Reduce Stock
90214R,"LETTER ""R"" BLING KEY RING",Low Demand,Reduce Stock
71050,SMALL SINGLE FLAME CANDLE HOLDER,Low Demand,Reduce Stock
90185C,BLACK DIAMANTE EXPANDABLE RING,Low Demand,Reduce Stock
79026B,"S/4 ICON COASTER,ELVIS LIVES",Low Demand,Reduce Stock
23458,DOLLY CABINET 3 DRAWERS ,Low Demand,Reduce Stock
35916A,YELLOW FELT HANGING HEART W FLOWER,Low Demand,Reduce Stock
22803,IVORY EMBROIDERED QUILT ,Low Demand,Reduce Stock
22786,PILLOWCUSHION COVER PINK UNION JACK,Low Demand,Reduce Stock
79161A,ST GEORGE SET OF 10 PARTY LIGHTS,Low Demand,Reduce Stock
72801E,4 FESTIVE GREEN DINNER CANDLES,Low Demand,Reduce Stock
35645,VINTAGE BEAD PINK JEWEL BOX,Low Demand,Reduce Stock
90195A,PURPLE GEMSTONE BRACELET,Low Demand,Reduce Stock
22873,NUMBER TILE COTTAGE GARDEN 5,Low Demand,Reduce Stock
90129C,GREEN GLASS TASSLE BAG CHARM,Low Demand,Reduce Stock
23692,WRAP A PRETTY THANK YOU,Low Demand,Reduce Stock
23691,KEEP CALM BIRTHDAY WRAP,Low Demand,Reduce Stock
84881,BLUE WIRE SPIRAL CANDLE HOLDER,Low Demand,Reduce Stock
22416,SET OF 36 SPACEBOY PAPER DOILIES,Low Demand,Reduce Stock
85142,JARDIN ETCHED GLASS GINGER JAR,Low Demand,Reduce Stock
17084G,MOON INCENSE,Low Demand,Reduce Stock
23018,LARGE APOTHECARY MEASURING JAR ,Low Demand,Reduce Stock
20879,TREE OF NOAH FESTIVE SCENTED CANDLE,Low Demand,Reduce Stock
TEST001,This is a test product.,Low Demand,Reduce Stock
23047,PAPER LANTERN 5 POINT SEQUIN STAR,Low Demand,Reduce Stock
84627,CANDY STRIPE ROSE C/COVER ,Low Demand,Reduce Stock
90214H,"LETTER ""H"" BLING KEY RING",Low Demand,Reduce Stock
90145,SILVER HOOP EARRINGS WITH FLOWER,Low Demand,Reduce Stock
84838,ANT WHITE HIGH RISE BIRD BOX,Low Demand,Reduce Stock
72771C,BLACK FLOCK GOLD CANDLE,Low Demand,Reduce Stock
47574B,ENGLISH ROSE SCENTED HANGING HEART,Low Demand,Reduce Stock
90214N,"LETTER ""N"" BLING KEY RING",Low Demand,Reduce Stock
16151A,FLOWERS HANDBAG blue and orange,Low Demand,Reduce Stock
85136B,BLUE SHARK HELICOPTER,Low Demand,Reduce Stock
21309,LOUVRE CHALKBOARD,Low Demand,Reduce Stock
84968F,S/16 VINTAGE SKY BLUE CUTLERY,Low Demand,Reduce Stock
37485,ENGLISH ROSE TEA SET IN GIFT BOX,Low Demand,Reduce Stock
22740,POLKADOT PENS,Low Demand,Reduce Stock
45013,FOLDING SHOE TIDY,Low Demand,Reduce Stock
22533,MAGIC SLATE BAKE A CAKE ,Low Demand,Reduce Stock
90031,BILI NUT AND WOOD NECKLACE,Low Demand,Reduce Stock
81952B,ROUND BLUE CLOCK W/SUCKER,Low Demand,Reduce Stock
22409,TIN CAN BISCUITS DESIGN,Low Demand,Reduce Stock
21370,MIRRORED WALL ART FOXY,Low Demand,Reduce Stock
22953,BIRTHDAY BANNER TAPE,Low Demand,Reduce Stock
44228,CANNABIS LEAF BEAD CURTAIN,Low Demand,Reduce Stock
35240,ENAMEL BLUE RIM OVAL TRAY SET/2,Low Demand,Reduce Stock
90186A,AMETHYST HOOP EARRING FLORAL LEAF,Low Demand,Reduce Stock
44091C,MULTICOLOUR CRUSOE CHECK LAMPSHADE,Low Demand,Reduce Stock
90185D,CRYSTAL DIAMANTE EXPANDABLE RING,Low Demand,Reduce Stock
35603B,S/16 BLACK SHINY/MAT BAUBLES,Low Demand,Reduce Stock
23366,SET 12 COLOUR PENCILS DOILEY,Low Demand,Reduce Stock
85050,FRENCH ENAMEL SOAP DISH WITH LID,Low Demand,Reduce Stock
72779,SET/6 BLACK ROSE T-LIGHT CANDLES,Low Demand,Reduce Stock
22432,WATERING CAN GREEN DINOSAUR,Low Demand,Reduce Stock
23148,MINITURE ANTIQUE ROSE HOOK IVORY,Low Demand,Reduce Stock
90184C,BLACK CHUNKY BEAD BRACELET W STRAP,Low Demand,Reduce Stock
90081A,LILY BROOCH AMETHYST COLOUR,Low Demand,Reduce Stock
84450B,YELLOW RABBIT SAT EASTER,Low Demand,Reduce Stock
47341B,BLUE TABLE RUN FLOWER,Low Demand,Reduce Stock
35071,ASSORTED SANTA CHRISTMAS DECORATION,Low Demand,Reduce Stock
90214B,"LETTER ""B"" BLING KEY RING",Low Demand,Reduce Stock
84707B,PINK JEWELLED MIRROR TRINKET TRAY,Low Demand,Reduce Stock
84247E,PACK OF 12 CHRISTMAS FUN CARDS,Low Demand,Reduce Stock
20994,JAZZ HEARTS SPIRAL NOTEPAD,Low Demand,Reduce Stock
35973,GERANIUM FOLKART HEART DECORATION,Low Demand,Reduce Stock
71053,WHITE MOROCCAN METAL LANTERN,Low Demand,Reduce Stock
90184B,AMETHYST CHUNKY BEAD BRACELET W STR,Low Demand,Reduce Stock
90205C,LARGE CRYSTAL DIAMANTE HAIRSLIDE,Low Demand,Reduce Stock
84450A,PINK RABBIT SITTING EASTER,Low Demand,Reduce Stock
22776,"CAKESTAND, 3 TIER, LOVEHEART",Low Demand,Reduce Stock
90040B,MURANO STYLE GLASS BRACELET BLACK,Low Demand,Reduce Stock
84555A,YELLOW VW BEETLE CERAMIC MONEY BOX,Low Demand,Reduce Stock
37489D,PINK/GREEN FLOWER DESIGN BIG MUG,Low Demand,Reduce Stock
84877A,PINK ROUND COMPACT MIRROR,Low Demand,Reduce Stock
84029D,LEOPARD PRINT HOT WATER BOTTLE,Low Demand,Reduce Stock
90195B,BLACK GEMSTONE BRACELET,Low Demand,Reduce Stock
22847,"BREAD BIN, DINER STYLE, IVORY",Low Demand,Reduce Stock
90032,IVORY SHELL HEART NECKLACE,Low Demand,Reduce Stock
22068, BLACK PIRATE TREASURE CHEST,Low Demand,Reduce Stock
90010B,BLACK/WHITE GLASS/SILVER BRACELET,Low Demand,Reduce Stock
21277,FRENCH STYLE EMBOSSED HEART CABINET,Low Demand,Reduce Stock
20861,GOLD COSMETIC BAG PINK STAR,Low Demand,Reduce Stock
22761,CHEST 7 DRAWER MA CAMPAGNE,Low Demand,Reduce Stock
22656,VINTAGE BLUE KITCHEN CABINET,Low Demand,Reduce Stock
47592B,SCOTTIES DESIGN CHILD'S OVERALL,Low Demand,Reduce Stock
20785,FUSCHIA RETRO BAR STOOL,Low Demand,Reduce Stock
90116,FRUIT SALAD BAG CHARM,Low Demand,Reduce Stock
20899,VINTAGE NOTEBOOK RED ROSE,Low Demand,Reduce Stock
90083,CRYSTAL CZECH CROSS PHONE CHARM,Low Demand,Reduce Stock
90185B,AMETHYST DIAMANTE EXPANDABLE RING,Low Demand,Reduce Stock
37476,CONDIMENT TRAY 4 BOWLS AND 4 SPOONS,Low Demand,Reduce Stock
85151,WELCOME METAL SIGN,Low Demand,Reduce Stock
90214I,"LETTER ""I"" BLING KEY RING",Low Demand,Reduce Stock
23429,RED RETRO KITCHEN WALL CLOCK,Low Demand,Reduce Stock
90160A,PURPLE BOUDICCA LARGE BRACELET,Low Demand,Reduce Stock
23413,DECORATIVE VINTAGE COFFEE  BOX,Low Demand,Reduce Stock
90157,RIVIERA NECKLACE,Low Demand,Reduce Stock
72708,SCULPTED ROUND IVORY CANDLE ,Low Demand,Reduce Stock
90214T,"LETTER ""T"" BLING KEY RING",Low Demand,Reduce Stock
37489A,YELLOW/PINK FLOWER DESIGN BIG MUG,Low Demand,Reduce Stock
20698,LITTLE PINK MONSTER SOFT TOY,Low Demand,Reduce Stock
22878,"NUMBER TILE COTTAGE GARDEN, No",Low Demand,Reduce Stock
21763,VINTAGE WOODEN BAR STOOL,Low Demand,Reduce Stock
46137D,GREEN CHENILLE SHAGGY RUG,Low Demand,Reduce Stock
21674,RIDGED GLASS PENDANT LAMPSHADE,Low Demand,Reduce Stock
21379, CAMPHOR WOOD PORTOBELLO MUSHROOM,Low Demand,Reduce Stock
22407,MONEY BOX FIRST AID DESIGN,Low Demand,Reduce Stock
90035B,"PEARL & SHELL 42""NECKL. PINK",Low Demand,Reduce Stock
72753C,S/3 FLWR FAIRY ROSE CANDLES,Low Demand,Reduce Stock
84292,ROSE PINK METAL FOLDING CHAIR,Low Demand,Reduce Stock
22359,"GLASS JAR, KINGS CHOICE SOAP",Low Demand,Reduce Stock
84845C,CARNATION SQUARE HANDY TIN,Low Demand,Reduce Stock
23455,SMALL PARLOUR FRAME,Low Demand,Reduce Stock
90162C,ANT SILVER FUSCHIA BOUDICCA RING,Low Demand,Reduce Stock
90082A,DIAMANTE BOW BROOCH GREEN COLOUR,Low Demand,Reduce Stock
22949,SET OF 36 DOLLY GIRL PAPER DOILIES,Low Demand,Reduce Stock
85185B,PINK HORSE SOCK PUPPET KIT,Low Demand,Reduce Stock
84845D,GERANIUM SQUARE HANDY TIN,Low Demand,Reduce Stock
84548,CROCHET BEAR RED/BLUE  KEYRING,Low Demand,Reduce Stock
22345,PARTY PIZZA DISH BLUE WHITE SPOT ,Low Demand,Reduce Stock
90013A,MIDNIGHT BLUE VINTAGE EARRINGS,Low Demand,Reduce Stock
84906,PINK B'FLY C/COVER W BOBBLES,Low Demand,Reduce Stock
23038,T-LIGHT HOLDER SILVER SAUCER,Low Demand,Reduce Stock
72783,BLACK SIL'T SQU CANDLE PLATE ,Low Demand,Reduce Stock
84803B,WHITE ALLIUM  ARTIFICIAL FLOWER,Low Demand,Reduce Stock
23442,12 HANGING EGGS HAND PAINTED,Low Demand,Reduce Stock
21511,VINTAGE COLLAGE  GREETING  CARD ,Low Demand,Reduce Stock
72817,SET/2 CHRISTMAS DECOUPAGE CANDLES,Low Demand,Reduce Stock
20848,ZINC HEART LATTICE CHARGER SMALL,Low Demand,Reduce Stock
21270,ANTIQUE CREAM CUTLERY CUPBOARD,Low Demand,Reduce Stock
44089A,PINK GAUZE BUTTERFLY LAMPSHADE,Low Demand,Reduce Stock
35085E,IVORY ROSE LAMPSHADE ,Low Demand,Reduce Stock
23306,SET OF 36 PANTRY PAPER DOILIES,Low Demand,Reduce Stock
90161A,ANT COPPER RED BOUDICCA BRACELET,Low Demand,Reduce Stock
22812,PACK 3 BOXES CHRISTMAS PANETTONE,Low Demand,Reduce Stock
35638A,PINK AND BLACK STRING CURTAIN,Low Demand,Reduce Stock
82095,HEART BUTTONS JEWELLERY BOX,Low Demand,Reduce Stock
47592A,CAROUSEL CHILDRENS OVERALL,Low Demand,Reduce Stock
20896,VINTAGE NOTEBOOK PINK FLOWER,Low Demand,Reduce Stock
84751B,BLACK MEDIUM GLASS CAKE STAND,Low Demand,Reduce Stock
20697,LITTLE GREEN MONSTER SOFT TOY,Low Demand,Reduce Stock
90122C,TURQUOISE CRYSTAL+GLASS BRACELET,Low Demand,Reduce Stock
84532B,FAIRY CAKES RECTANGLUAR BOXES,Low Demand,Reduce Stock
22827,RUSTIC  SEVENTEEN DRAWER SIDEBOARD,Low Demand,Reduce Stock
22510,DOORSTOP RUSSIAN DOLL GINGHAM,Low Demand,Reduce Stock
37489B,BLUE/YELLOW FLOWER DESIGN BIG MUG,Low Demand,Reduce Stock
48175,DOOR MAT CAMOUFLAGE,Low Demand,Reduce Stock
90129E,PURPLE GLASS TASSLE BAG CHARM,Low Demand,Reduce Stock
90129D,AMBER GLASS TASSLE BAG CHARM,Low Demand,Reduce Stock
85168B,BLACK BAROQUE CARRIAGE CLOCK,Low Demand,Reduce Stock
22842,"BISCUIT TIN, RED,IVORY, VINTAGE",Low Demand,Reduce Stock
90070,RUBY GLASS CLUSTER BRACELET,Low Demand,Reduce Stock
20968,GREEN FLORAL FELTCRAFT SHOULDER BAG,Low Demand,Reduce Stock
23466,TUSCAN VILLA DOVECOTE BIRD FEEDER,Low Demand,Reduce Stock
35932,PINK CHRISTMAS TREE DECORATION,Low Demand,Reduce Stock
85103, SILVER T-LIGHT SETTING,Low Demand,Reduce Stock
21335,LIBRARY LAMP,Low Demand,Reduce Stock
35936,CERISE+GOLD CHRISTMAS TREE DEC,Low Demand,Reduce Stock
90002A,FLOWER BURST SILVER RING OPAL,Low Demand,Reduce Stock
35840,FLAT GLASS  BAUBLE WHITE FLOCK ,Low Demand,Reduce Stock
90005A,JADE GREEN ENAMEL HAIR COMB,Low Demand,Reduce Stock
23256,KIDS CUTLERY SPACEBOY ,Low Demand,Reduce Stock
22347,PIZZA DISH SLICE ,Low Demand,Reduce Stock
23254,KIDS CUTLERY DOLLY GIRL ,Low Demand,Reduce Stock
22329,ROUND FOOD CONTAINER S/5 RETROSPOT,Low Demand,Reduce Stock
85018C,S/6 PAPER BOXES CURIOUS IMAGES ,Low Demand,Reduce Stock
23410,CURIO CABINET LINEN AND LACE ,Low Demand,Reduce Stock
22844,VINTAGE DOG FOOD CONTAINER,Low Demand,Reduce Stock
23197,VEGETABLE MAGNETIC  SHOPPING LIST,Low Demand,Reduce Stock
22406,TIN CAN KINGS CHOICE DESIGN,Low Demand,Reduce Stock
23126,DOLLCRAFT GIRL AMELIE,Low Demand,Reduce Stock
23035,DOORKNOB CERAMIC IVORY,Low Demand,Reduce Stock
90122A,PINK CRYSTAL+GLASS BRACELET,Low Demand,Reduce Stock
90186B,CRYSTAL HOOP EARRING FLORAL LEAF,Low Demand,Reduce Stock
90185A,AMBER DIAMANTE EXPANDABLE RING,Low Demand,Reduce Stock
23196,RETO LEAVES MAGNETIC SHOPPING LIST,Low Demand,Reduce Stock
22973,CHILDRENS CIRCUS PARADE MUG,Low Demand,Reduce Stock
22445,PENCIL CASE GINGHAM FOREST,Low Demand,Reduce Stock
17174,ASSTD RASTA KEY-CHAINS,Low Demand,Reduce Stock
22069, BROWN  PIRATE TREASURE CHEST ,Low Demand,Reduce Stock
23325,RUSTIC STRAWBERRY JAMPOT SMALL,Low Demand,Reduce Stock
22577,WOODEN HEART CHRISTMAS SCANDISPOT,Low Demand,Reduce Stock
84720,DOT MATRIX CANVAS ART PICTURE,Low Demand,Reduce Stock
84306,S/3 PINK SQUARE PLANTERS ROSES,Low Demand,Reduce Stock
90003D,CRYSTAL PAIR HEART HAIR SLIDES,Low Demand,Reduce Stock
90042C,FRESHWATER PEARL BRACELET IVORY,Low Demand,Reduce Stock
85185F,LION SOCK PUPPET,Low Demand,Reduce Stock
84899E,YELLOW + BROWN BEAR FELT PURSE KIT,Low Demand,Reduce Stock
90123A,PINK HEART OF GLASS BRACELET,Low Demand,Reduce Stock
90013C,GREEN VINTAGE EARRINGS ,Low Demand,Reduce Stock
20622,VIP PASSPORT COVER ,Low Demand,Reduce Stock
90146,FINE SILVER NECKLACE W PASTEL FLOWE,Low Demand,Reduce Stock
84247H,PACK/12 DECOUPAGE CARD,Low Demand,Reduce Stock
90129F,RED GLASS TASSLE BAG CHARM,Low Demand,Reduce Stock
90180A,BLACK+WHITE NECKLACE W TASSEL,Low Demand,Reduce Stock
90129A,PINK GLASS TASSLE BAG CHARM ,Low Demand,Reduce Stock
82011A,"BATHROOM SCALES, TROPICAL BEACH",Low Demand,Reduce Stock
23430,BLUE RETRO KITCHEN WALL CLOCK,Low Demand,Reduce Stock
72724,SET/6 CHRISTMAS ICICLE T-LIGHTS,Low Demand,Reduce Stock
90122B,JADE CRYSTAL+GLASS BRACELET,Low Demand,Reduce Stock
90036D,"FLOWER GLASS GARLAND NECKL.36""BLACK",Low Demand,Reduce Stock
84313A,PINK TV TRAY TABLE ,Low Demand,Reduce Stock
90175C,BLUE GLASS CHUNKY CHARM BRACELET,Low Demand,Reduce Stock
22845,VINTAGE CAT FOOD CONTAINER,Low Demand,Reduce Stock
17007B,S/3 POT POURI CUSHIONS BLUE COLOURS,Low Demand,Reduce Stock
90013D,PURPLE VINTAGE EARRINGS,Low Demand,Reduce Stock
90094,NECKLACE+BRACELET SET FRUIT SALAD ,Low Demand,Reduce Stock
90190B,GOLD/AMBER DROP EARRINGS W LEAF,Low Demand,Reduce Stock
62074B,ELEPHANT CLIP W SUCTION CUP,Low Demand,Reduce Stock
84539,KNITTED RABBIT DOLL ,Low Demand,Reduce Stock
84529C,YELLOW KNITTED KIDS RUCKSACK,Low Demand,Reduce Stock
84456,SET OF 3 RABBIT EGG EASTER,Low Demand,Reduce Stock
40005B,BLUE ORGANDY ROUND LAMPSHADE W BEA,Low Demand,Reduce Stock
17191A,ROSE FLOWER CANDLE+INCENSE 16X16CM,Low Demand,Reduce Stock
84824,DANISH ROSE UMBRELLA STAND,Low Demand,Reduce Stock
84966B,BLUE KASHMIRI BOXED MIRROR,Low Demand,Reduce Stock
84893,ANT WHITE IRON BASKET,Low Demand,Reduce Stock
90018A,SILVER M.O.P ORBIT DROP EARRINGS,Low Demand,Reduce Stock
84472,PINK AND LILAC QUILTED THROW ,Low Demand,Reduce Stock
84706F,RED PEONY TABLE CLOCK,Low Demand,Reduce Stock
81953P,ROUND ARTICULATED PINK CLOCK W/SUCK,Low Demand,Reduce Stock
47581B,FAIRY CAKE WICKER PICNIC BASKET ,Low Demand,Reduce Stock
23459,DOLLY CABINET 2 DRAWERS ,Low Demand,Reduce Stock
90159,COTE D'AZURE NECKLACE,Low Demand,Reduce Stock
20901,VINTAGE KEEPSAKE BOX PINK FLOWER,Low Demand,Reduce Stock
22823,CHEST NATURAL WOOD 20 DRAWERS,Low Demand,Reduce Stock
23454,SET OF 3 MINI HANGING PORTRAITS,Low Demand,Reduce Stock
21097,SET/6 GREEN SPRING  PAPER PLATE,Low Demand,Reduce Stock
10124G,ARMY CAMO BOOKCOVER TAPE,Low Demand,Reduce Stock
90191,SILVER LARIAT 40CM,Low Demand,Reduce Stock
90010E,AMBER GLASS/SILVER BRACELET,Low Demand,Reduce Stock
16010,FOLDING CAMPING SCISSOR W/KNIF & S,Low Demand,Reduce Stock
90019A,SILVER M.O.P ORBIT BRACELET,Low Demand,Reduce Stock
84509F,NEW ENGLAND PLACEMATS,Low Demand,Reduce Stock
90214O,"LETTER ""O"" BLING KEY RING",Low Demand,Reduce Stock
35916B,BLUE FELT HANGING HEART W FLOWER,Low Demand,Reduce Stock
84816,DANISH ROSE BEDSIDE CABINET,Low Demand,Reduce Stock
20664,TROPICAL HOLIDAY PURSE ,Low Demand,Reduce Stock
47016,LIGHT DECORATION BATTERY OPERATED,Low Demand,Reduce Stock
84855,BLOKEY SILVER TOOL SET,Low Demand,Reduce Stock
90144,SILVER DROP EARRINGS WITH FLOWER,Low Demand,Reduce Stock
35751C,PURPLE CURRENT CANDLE RING,Low Demand,Reduce Stock
90177D,DROP DIAMANTE EARRINGS PURPLE,Low Demand,Reduce Stock
84711A,SILVER OVAL SHAPE TRINKET BOX,Low Demand,Reduce Stock
82545A,COGNAC AUX OEUFS METAL 1 HOOK,Low Demand,Reduce Stock
90115,SUMMER BUTTERFLIES BAG CHARM,Low Demand,Reduce Stock
37488A,YELLOW PINK FLOWER DESIGN BIG BOWL,Low Demand,Reduce Stock
90096,NECKLACE+BRACELET SET BLUE BLOSSOM,Low Demand,Reduce Stock
90010A,MIDNIGHT BLUE GLASS/SILVER BRACELET,Low Demand,Reduce Stock
90125B,AQUA BERTIE GLASS BEAD BAG CHARM,Low Demand,Reduce Stock
90164B,WHITE  ROSEBUD PEARL BRACELET,Low Demand,Reduce Stock
37379A,PINK CHERRY BLOSSOM CUP & SAUCER,Low Demand,Reduce Stock
23068,ALUMINIUM HEART,Low Demand,Reduce Stock
21339,MARAKESH LANTERN LARGE,Low Demand,Reduce Stock
21337,SILVER WASHBAG,Low Demand,Reduce Stock
23015,CORDIAL GLASS JUG,Low Demand,Reduce Stock
79413,GLASS WINE GLASS DECORATIONS,Low Demand,Reduce Stock
90099,NECKLACE+BRACELET SET BLUE HIBISCUS,Low Demand,Reduce Stock
90190C,SILVER/AMETHYST DROP EARRINGS LEAF,Low Demand,Reduce Stock
84465,15 PINK FLUFFY CHICKS IN BOX,Low Demand,Reduce Stock
90184A,AMBER CHUNKY BEAD BRACELET W STRAP,Low Demand,Reduce Stock
47341A,FUSCHIA TABLE RUN FLOWER ,Low Demand,Reduce Stock
35596,WOOD XMAS TREE 9 FIG SHELVES,Low Demand,Reduce Stock
90214F,"LETTER ""F"" BLING KEY RING",Low Demand,Reduce Stock
BANK CHARGES,Bank Charges,Low Demand,Reduce Stock
90048,GREEN WITH METAL BAG CHARM,Low Demand,Reduce Stock
22346,PARTY PIZZA DISH GREEN WHITE SPOT ,Low Demand,Reduce Stock
90173,PAIR BUTTERFLY HAIR CLIPS,Low Demand,Reduce Stock
79149B,SILICON STAR BULB  BLUE,Low Demand,Reduce Stock
90040C,MURANO STYLE GLASS BRACELET GOLD,Low Demand,Reduce Stock
90162A,ANT SILVER TURQUOISE BOUDICCA RING,Low Demand,Reduce Stock
48179,DOOR MAT SWEET HOME,Low Demand,Reduce Stock
22838,"CAKE TIN, 3 TIER RED/IVORY",Low Demand,Reduce Stock
84201B,HAPPY BIRTHDAY CARD STRIPEY TEDDY,Low Demand,Reduce Stock
84925C,FAIRY CAKES  WALL THERMOMETER,Low Demand,Reduce Stock
90035C,"PEARL & SHELL 42""NECKL. IVORY",Low Demand,Reduce Stock
90014A,SILVER/MOP ORBIT NECKLACE,Low Demand,Reduce Stock
84732B,CUTE BIRD CEATURE SCREEN,Low Demand,Reduce Stock
90175D,TIGRIS EYE CHUNKY CHARM BRACELET,Low Demand,Reduce Stock
37509,NEW ENGLAND MUG W GIFT BOX,Low Demand,Reduce Stock
84371,BIG PINK POODLE,Low Demand,Reduce Stock
35751D,PINK CURRENT CANDLE RING,Low Demand,Reduce Stock
37342,SPOTTY COFFEE CUP & SAUCER,Low Demand,Reduce Stock
37506,NEW ENGLAND MILK JUG W GIFT BOX,Low Demand,Reduce Stock
22950,SET OF 36 VINTAGE CHRISTMAS DOILIES,Low Demand,Reduce Stock
90081C,LILY BROOCH OLIVE COLOUR,Low Demand,Reduce Stock
35910B,PINK FLOWERS RABBIT EASTER,Low Demand,Reduce Stock
84965B,BLUE KASHMIRI COFFEE TABLE ,Low Demand,Reduce Stock
21759,METAL WALL SHELF UNIT WITH HOOKS,Low Demand,Reduce Stock
23457,LARGE PARLOUR FRAME,Low Demand,Reduce Stock
85161,ACRYLIC GEOMETRIC LAMP,Low Demand,Reduce Stock
47583B,SET OF 3 WICKER BASKET TEA AND CAKE,Low Demand,Reduce Stock
90042A,FRESHWATER PEARL BRACELET GOLD,Low Demand,Reduce Stock
84621,BLUE GINGHAM ROSE FLOOR CUSHION ,Low Demand,Reduce Stock
84921,CREAM AND PINK FLOWERS PONY ,Low Demand,Reduce Stock
22841,"CAKE TIN, ROUND, VINTAGE MINT,IVORY",Low Demand,Reduce Stock
84690,S/2 BEACH HUT STOOLS,Low Demand,Reduce Stock
20784,RED RETRO BAR STOOL,Low Demand,Reduce Stock
20870,OPULENT VELVET CANDLE IN BOX,Low Demand,Reduce Stock
90124A,PINK MURANO TWIST NECKLACE,Low Demand,Reduce Stock
72796B,S/3 FRENCH VANILLA SQU CANDLE,Low Demand,Reduce Stock
20693,FLORAL DINOSAUR GREEN,Low Demand,Reduce Stock
21004,ROSE DU SUD CHILDRENS APRON,Low Demand,Reduce Stock
90202D,PINK ENAMEL FLOWER HAIR TIE,Low Demand,Reduce Stock
20821,GOLDIE LOOKING MIRROR,Low Demand,Reduce Stock
90059D,DIAMANTE HAIR GRIP PACK/2 PERIDOT,Low Demand,Reduce Stock
90040D,MURANO STYLE GLASS BRACELET PINK,Low Demand,Reduce Stock
20958,PORCELAIN HANGING BELL LARGE,Low Demand,Reduce Stock
90162D,ANT SILVER PURPLE BOUDICCA RING,Low Demand,Reduce Stock
90183A,AMBER DROP EARRINGS W LONG BEADS,Low Demand,Reduce Stock
23041,PAPER LANTERN 6 POINT SNOW STAR,Low Demand,Reduce Stock
22963,JAM JAR WITH BLUE LID,Low Demand,Reduce Stock
21387,IVORY HANGING DECORATION  RABBIT,Low Demand,Reduce Stock
90067A,PINK VINTAGE VICTORIAN EARRINGS,Low Demand,Reduce Stock
90003C,MIDNIGHT BLUE PAIR HEART HAIR SLIDE,Low Demand,Reduce Stock
37489C,GREEN/BLUE FLOWER DESIGN BIG MUG,Low Demand,Reduce Stock
90194,SILVER LARIAT BLACK STONE EARRINGS,Low Demand,Reduce Stock
84593,CROCHET ROSE DES CLOTHES HANGER,Low Demand,Reduce Stock
16169A,WRAP CHRISTMAS DECOUPAGE,Low Demand,Reduce Stock
16169G,WRAP ROMANTIC DECOUPAGE,Low Demand,Reduce Stock
21496,WOODLAND CREATURES  WRAP,Low Demand,Reduce Stock
90000A,RASPBERRY ANT COPPER FLOWER NECKLAC,Low Demand,Reduce Stock
22959,"WRAPPING PAPER, XMAS VILLAGE",Low Demand,Reduce Stock
23143,ZINC WIRE KITCHEN ORGANISER,Low Demand,Reduce Stock
90002C,FLOWER BURST SILVER RING MIDN'T BLU,Low Demand,Reduce Stock
90000D,COPPER/OLIVE GREEN FLOWER NECKLACE,Low Demand,Reduce Stock
23402,HOME SWEEET HOME 3 PEG HANGER ,Low Demand,Reduce Stock
23448,CREAM BUNNY EASTER EGG BASKET,Low Demand,Reduce Stock
90148,LONG SILVER NECKLACE PASTEL FLOWER,Low Demand,Reduce Stock
22775,DRAWERKNOB ACRYLIC EDWARDIAN PURPLE,Low Demand,Reduce Stock
84551,CROCHET DOG KEYRING,Low Demand,Reduce Stock
22772,DRAWER KNOB ACRYLIC EDWARDIAN PINK,Low Demand,Reduce Stock
85230C,ROSE SCENTED VOTIVE CANDLE,Low Demand,Reduce Stock
84529A,PINK KNITTED KIDS RUCKSACK,Low Demand,Reduce Stock
23235,BISCUIT TIN VINTAGE LEAF,Low Demand,Reduce Stock
23145,ZINC T-LIGHT HOLDER STARS LARGE,Low Demand,Reduce Stock
23196,LEAVES MAGNETIC  SHOPPING LIST,Low Demand,Reduce Stock
90123B,TURQUOISE HEART OF GLASS BRACELET,Low Demand,Reduce Stock
90123C,GREEN HEART OF GLASS BRACELET,Low Demand,Reduce Stock
23250,ENAMEL BOWL PANTRY,Low Demand,Reduce Stock
23437,GIFT BAG LARGE 50'S CHRISTMAS,Low Demand,Reduce Stock
84629,WHITE 3 FRAME BIRDS AND TREE ,Low Demand,Reduce Stock
22345,PARTY PIZZA DISH BLUE+WHITE SPOT ,Low Demand,Reduce Stock
22773,DRAWER KNOB ACRYLIC EDWARDIAN GREEN,Low Demand,Reduce Stock
22771,DRAWER KNOB ACRYLIC EDWARDIAN CLEAR,Low Demand,Reduce Stock
84857B,BLUE MONTE CARLO HANDBAG,Low Demand,Reduce Stock
72083A,STRAWBERY SWIRL FLARE CANDLE,Low Demand,Reduce Stock
16201B,PASTEL BLUE PHOTO ALBUM,Low Demand,Reduce Stock
22418,"PEN, 10 COLOURS - SPACEBOY",Low Demand,Reduce Stock
22410,TIN CAN HOUSEKEEPING DESIGN,Low Demand,Reduce Stock
90059C,DIAMANTE HAIR GRIP PACK/2 MONTANA,Low Demand,Reduce Stock
72798C,SET/4 GARDEN ROSE DINNER CANDLE,Low Demand,Reduce Stock
20988,TRELLIS FLOWER CHOPSTICKS SET/5,Low Demand,Reduce Stock
20816,GOLD FLOWER CUSHION COVER ,Low Demand,Reduce Stock
84086B,YELLOW/BLUE RETRO RADIO,Low Demand,Reduce Stock
22405,TIN CAN POCKET MONEY DESIGN,Low Demand,Reduce Stock
22344,PARTY PIZZA DISH PINK+WHITE SPOT ,Low Demand,Reduce Stock
84575A,PINK DOG CANNISTER,Low Demand,Reduce Stock
90003B,ROSE COLOUR PAIR HEART HAIR SLIDES,Low Demand,Reduce Stock
79172D,PURPLE TINT ACRYLIC FLOWER VASE,Low Demand,Reduce Stock
85230D,VANILLA SCENTED VOTIVE CANDLE,Low Demand,Reduce Stock
23091,METAL HERB GERDEN CONTAINER,Low Demand,Reduce Stock
90123D,WHITE HEART OF GLASS BRACELET,Low Demand,Reduce Stock
85023C,PINK LARGE JEWELED PHOTOFRAME,Low Demand,Reduce Stock
46776D,WOVEN SUNSET CUSHION COVER ,Low Demand,Reduce Stock
84966C,GREEN KASHMIRI BOXED MIRROR,Low Demand,Reduce Stock
90037B,TINY CRYSTAL BRACELET GREEN,Low Demand,Reduce Stock
72812,LARGE ZINC/GLASS CANDLEHOLDER,Low Demand,Reduce Stock
22929,SCHOOL DESK AND CHAIR ,Low Demand,Reduce Stock
84424A,FOUR PICTURE WHITE GLASS FRAME,Low Demand,Reduce Stock
81985A,"ICON ALARM CLOCK,FUSCHIA  PIN UP",Low Demand,Reduce Stock
90040A,MURANO STYLE GLASS BRACELET RED,Low Demand,Reduce Stock
23467,VINTAGE ZINC PLANTER  ,Low Demand,Reduce Stock
84967B,BLUE KASHMIRI OCCASIONAL TABLE,Low Demand,Reduce Stock
47369B,BLUE GREEN EMBROIDERY COSMETIC BAG,Low Demand,Reduce Stock
90073,VINTAGE ENAMEL & CRYSTAL EARRINGS,Low Demand,Reduce Stock
84963A,PINK PAINTED KASHMIRI CHAIR,Low Demand,Reduce Stock
90100,NECKLACE+BRACELET SET PINK DAISY,Low Demand,Reduce Stock
20786,BLACK RETRO BAR STOOL,Low Demand,Reduce Stock
84450B,PINK/YELLOW RABBIT SAT EASTER,Low Demand,Reduce Stock
84613A,PINK NEW BAROQUE FLOCK CANDLESTICK,Low Demand,Reduce Stock
21003,ROSE DU SUD CUSHION COVER,Low Demand,Reduce Stock
90039D,FIRE POLISHED GLASS BRACELET GREEN,Low Demand,Reduce Stock
90036C,"FLOWER GLASS GARLAND NECKL.36""BLUE",Low Demand,Reduce Stock
23441,HAND PAINTED HANGING EASTER EGG,Low Demand,Reduce Stock
23075,DOUBLE CERAMIC PARLOUR HOOK,Low Demand,Reduce Stock
22889,"NUMBER TILE VINTAGE FONT, No ",Low Demand,Reduce Stock
47369A,PINK GREEN EMBROIDERY COSMETIC BAG,Low Demand,Reduce Stock
85023A,CRYSTAL LARGE JEWELLED PHOTO FRAME,Low Demand,Reduce Stock
48103,DOORMAT KISS MY.......,Low Demand,Reduce Stock
23456,MEDIUM PARLOUR FRAME ,Low Demand,Reduce Stock
85168A,WHITE BAROQUE CARRIAGE CLOCK,Low Demand,Reduce Stock
90158,ST TROPEZ NECKLACE,Low Demand,Reduce Stock
90016B,GOLD/M.O.P PENDANT ORBIT NECKLACE,Low Demand,Reduce Stock
90014C,SILVER/BLACK ORBIT NECKLACE,Low Demand,Reduce Stock
90016A,SILVER/M.O.P PENDANT ORBIT NECKLACE,Low Demand,Reduce Stock
90164A,PINK ROSEBUD PEARL BRACELET,Low Demand,Reduce Stock
35644,PAIR PINK/BLACK COATHANGERS,Low Demand,Reduce Stock
44092C,PURPLE/COPPER HANGING LAMPSHADE,Low Demand,Reduce Stock
90155,RESIN NECKLACE W PASTEL BEADS,Low Demand,Reduce Stock
90214V,"LETTER ""V"" BLING KEY RING",Low Demand,Reduce Stock
84622,PINK GINGHAM ROSE CUSHION COVER,Low Demand,Reduce Stock
90029,NEW BAROQUE SMALL NECKLACE BLACK,Low Demand,Reduce Stock
23535,WALL ART BICYCLE SAFTEY ,Low Demand,Reduce Stock
90178A,AMBER CHUNKY GLASS+BEAD NECKLACE,Low Demand,Reduce Stock
20667,CHERRY BLOSSOM PURSE,Low Demand,Reduce Stock
90059F,DIAMANTE HAIR GRIP PACK/2 LT ROSE,Low Demand,Reduce Stock
90059E,DIAMANTE HAIR GRIP PACK/2 RUBY,Low Demand,Reduce Stock
90206C,CRYSTAL DIAMANTE STAR BROOCH,Low Demand,Reduce Stock
90036A,FLOWER GARLAND NECKLACE RED,Low Demand,Reduce Stock
84546,CROCHET POODLE KEYRING,Low Demand,Reduce Stock
84709A,SILVER OVAL JEWELLED MIRROR,Low Demand,Reduce Stock
90023,FILIGREE DIAMANTE EARRINGS,Low Demand,Reduce Stock
22252,BIRDCAGE DECORATION MAGIC GARDEN,Low Demand,Reduce Stock
84721,MANHATTAN CANVAS ART PICTURE,Low Demand,Reduce Stock
90013B,BLACK VINTAGE EARRINGS,Low Demand,Reduce Stock
18094C,WHITE/BLUE RECT CERAMIC OIL BURNER,Low Demand,Reduce Stock
84030C,KNITTED RAINBOW HOT WATER BOTTLE,Low Demand,Reduce Stock
35265,COLOURFUL FLOWER FRUIT BOWL,Low Demand,Reduce Stock
35909A,RABBIT EASTER DECORATION,Low Demand,Reduce Stock
84612B,SET/4 BLACK  BAROQUE FLOCK COASTER,Low Demand,Reduce Stock
90124B,BLUE MURANO TWIST NECKLACE,Low Demand,Reduce Stock
84711B,PINK OVAL SHAPE TRINKET BOX,Low Demand,Reduce Stock
84965A,PINK KASHMIRI COFFEE TABLE ,Low Demand,Reduce Stock
21343,GOLD JEWELERY BOX,Low Demand,Reduce Stock
20964,POLYESTER FILLER PAD 60x40cm,Low Demand,Reduce Stock
22903,CALENDAR FAMILY FAVORITES,Low Demand,Reduce Stock
84984D,ORIENTAL RED C/COVER ,Low Demand,Reduce Stock
90165B,WHITE ROSEBUD  PEARL EARRINGS,Low Demand,Reduce Stock
22719,"GUMBALL COATHOOK., BLACK & WHITE ",Low Demand,Reduce Stock
21815, STAR  T-LIGHT HOLDER ,Low Demand,Reduce Stock
84656,WHITE ROSE C/COVER,Low Demand,Reduce Stock
20860,GOLD COSMETICS BAG WITH BUTTERFLY,Low Demand,Reduce Stock
90049,IVORY GOLD METAL BAG CHARM,Low Demand,Reduce Stock
90166,PINK & WHITE ROSEBUD RING,Low Demand,Reduce Stock
20953,PORCELAIN CHERUB BELL LARGE,Low Demand,Reduce Stock
90121B,VINTAGE ROSE BEAD BRACELET BLUE,Low Demand,Reduce Stock
17011B,ORIGAMI JASMINE INCENSE+FLOWER ,Low Demand,Reduce Stock
90137,PINK COMBO MINI CRYSTALS NECKLACE,Low Demand,Reduce Stock
23468,TUSCAN VILLA BIRD TABLE ,Low Demand,Reduce Stock
85225,BLING KEY RING STAND,Low Demand,Reduce Stock
84706B,FAIRY CAKES TABLE CLOCK,Low Demand,Reduce Stock
90038A,GLASS AND PAINTED BEADS BRACELET TO,Low Demand,Reduce Stock
84564,6 SEGMENT COLOURED SNACK BOWL ,Low Demand,Reduce Stock
23044,PAPER LANTERN 9 POINT HOLLY STAR 23,Low Demand,Reduce Stock
90037A,TINY CRYSTAL BRACELET RED,Low Demand,Reduce Stock
84963B,BLUE PAINTED KASHMIRI CHAIR,Low Demand,Reduce Stock
44091A,BLUE CRUSOE CHECK LAMPSHADE,Low Demand,Reduce Stock
21353,SILVER SLEIGHBELL  WREATH,Low Demand,Reduce Stock
90130A,WHITE STONE/CRYSTAL EARRINGS,Low Demand,Reduce Stock
22604,SET OF 4 NAPKIN CHARM CUTLERY,Low Demand,Reduce Stock
90204,PAIR OF ENAMEL BUTTERFLY HAIRCLIP,Low Demand,Reduce Stock
23282,FOLDING MIRROR IVORY ,Low Demand,Reduce Stock
23281,FOLDING MIRROR RED  ,Low Demand,Reduce Stock
90156,RESIN BRACELET W PASTEL BEADS,Low Demand,Reduce Stock
90190A,SILVER/CRYSTAL DROP EARRINGS W LEAF,Low Demand,Reduce Stock
90126A,PINK BERTIE MOBILE PHONE CHARM,Low Demand,Reduce Stock
35652,VINTAGE BEAD CHAISE LONG JEWEL BOX,Low Demand,Reduce Stock
90133,TEAL/FUSCHIA COL BEAD NECKLACE,Low Demand,Reduce Stock
90072,RUBY DROP CHANDELIER EARRINGS,Low Demand,Reduce Stock
ADJUST,Adjustment by john on 26/01/2010 16,Low Demand,Reduce Stock
35597B,BLACKCHRISTMAS TREE 30CM,Low Demand,Reduce Stock
90002B,FLOWER BURST SILVER RING ROSE,Low Demand,Reduce Stock
90168,2 DAISIES HAIR COMB,Low Demand,Reduce Stock
90063A,WHITE VINT ART DECO CRYSTAL NECKLAC,Low Demand,Reduce Stock
90059A,DIAMANTE HAIR GRIP PACK/2 CRYSTAL,Low Demand,Reduce Stock
85079,EMBROIDERED REINDEER DECORATION,Low Demand,Reduce Stock
90036E,"FLOWER GLASS GARLD NECKL36""AMETHYST",Low Demand,Reduce Stock
90199B,5 STRAND GLASS NECKLACE AMETHYST,Low Demand,Reduce Stock
84964B,BLUE PAINTED KASHMIRI TABLE ,Low Demand,Reduce Stock
90214Z,"LETTER ""Z"" BLING KEY RING",Low Demand,Reduce Stock
84906,PINK BUTTERFLY CUSHION COVER,Low Demand,Reduce Stock
90196A,PURPLE GEMSTONE NECKLACE 45CM,Low Demand,Reduce Stock
90128A,PINK LEAVES AND BEADS PHONE CHARM,Low Demand,Reduce Stock
90102,WHITE FRANGIPANI HAIR CLIP,Low Demand,Reduce Stock
90101,WHITE FRANGIPANI NECKLACE,Low Demand,Reduce Stock
84427B,BLACK GLASS TV DOUBLE P/FRAME 15X10,Low Demand,Reduce Stock
90126C,AMBER BERTIE MOBILE PHONE CHARM,Low Demand,Reduce Stock
90128B,BLUE LEAVES AND BEADS PHONE CHARM,Low Demand,Reduce Stock
35591T,TURQUOISE CHRISTMAS TREE ,Low Demand,Reduce Stock
90014B,GOLD M PEARL  ORBIT NECKLACE,Low Demand,Reduce Stock
90064B,BLACK VINTAGE  CRYSTAL EARRINGS,Low Demand,Reduce Stock
90065A,WHITE VINTAGE CRYSTAL BRACELET,Low Demand,Reduce Stock
22828,REGENCY MIRROR WITH SHUTTERS,Low Demand,Reduce Stock
21764,VINTAGE WOODEN PLATE RACK,Low Demand,Reduce Stock
18097A,PINK TALL PORCELAIN T-LIGHT HOLDER ,Low Demand,Reduce Stock
90060F,FIRE POLISHED GLASS NECKL GREEN,Low Demand,Reduce Stock
81950V,FLOWER PURPLE CLOCK W/SUCKER,Low Demand,Reduce Stock
90035A,"PEARL & SHELL 42""NECKL. GREEN",Low Demand,Reduce Stock
90036B,"FLOWER GLASS GARLAND NECKL.36""GREEN",Low Demand,Reduce Stock
90037C,TINY CRYSTAL BRACELET BLUE,Low Demand,Reduce Stock
PADS,PADS TO MATCH ALL CUSHIONS,Low Demand,Reduce Stock
90001D,ANTIQUE OLIVE GREEN FLOWER EARRINGS,Low Demand,Reduce Stock
35909B,PINK FLOWERS RABBIT EASTER,Low Demand,Reduce Stock
23081,GREEN METAL BOX TOP SECRET,Low Demand,Reduce Stock
DOT,DOTCOM POSTAGE,Low Demand,Reduce Stock
90211B,JET BLACK LAS VEGAS NECKLACE 45CM,Low Demand,Reduce Stock
90212B,JET BLACK LAS VEGAS BRACELET ROUND,Low Demand,Reduce Stock
22619, SET Of 6 SOLDIER SKITTLES,Low Demand,Reduce Stock
35001B,HAND OPEN SHAPE BLACK,Low Demand,Reduce Stock
22232,3 PIECE JIGSAW TOADSTOOLS,Low Demand,Reduce Stock
85165,CANDY PINK FRENCH BOUDOIR CLOCK,Low Demand,Reduce Stock
90174,BUTTERFLY HAIR BAND,Low Demand,Reduce Stock
84798C,WHITE FOXGLOVE ARTIIFCIAL FLOWER,Low Demand,Reduce Stock
23464,VINTAGE ZINC WATERING CAN SMALL,Low Demand,Reduce Stock
23465,TUSCAN VILLA BIRD FEEDER,Low Demand,Reduce Stock
22649,STRAWBERRY CAKE TEAPOT,Low Demand,Reduce Stock
37491C,GREEN/BLUE CERAMIC CANDLE HOLDER,Low Demand,Reduce Stock
90018B,GOLD M.O.P ORBIT DROP EARRINGS,Low Demand,Reduce Stock
90177C,DROP DIAMANTE EARRINGS CRYSTAL,Low Demand,Reduce Stock
17091F,SANDALWOOD INCENSE IN TIN,Low Demand,Reduce Stock
23271,CHRISTMAS TABLE CANDLE SILVER SPIKE,Low Demand,Reduce Stock
84425A,WHITE GLASS TV TRIPLE FRAME,Low Demand,Reduce Stock
21489,BLUE WHITE SCARF HOT WATER BOTTLE,Low Demand,Reduce Stock
20895,VINTAGE NOTEBOOK FRENCH LETTER ,Low Demand,Reduce Stock
23107,WHITE WIRE PLANT POT HOLDER,Low Demand,Reduce Stock
23066,SMALL JEWELLERY STAND,Low Demand,Reduce Stock
90205A,LARGE MINT DIAMANTE HAIRSLIDE,Low Demand,Reduce Stock
90199A,5 STRAND GLASS NECKLACE BLACK,Low Demand,Reduce Stock
85131D,BEADED CRYSTAL HEART PINK\ON STICK,Low Demand,Reduce Stock
84586L,"PINK ROSES/GINGHAM PATCH RABBIT 8""",Low Demand,Reduce Stock
90196B,BLACK GEMSTONE NECKLACE 45CM,Low Demand,Reduce Stock
35443,RASTA IN BATH W SPLIFF ASHTRAY,Low Demand,Reduce Stock
84867A,PINK BABY GIRLS PHOTO ALBUM,Low Demand,Reduce Stock
85018B,S/6 PAPER BOXES BLOSSOM IMAGES ,Low Demand,Reduce Stock
81950V,FLOWER PURPLE CLOCK WITH SUCKER,Low Demand,Reduce Stock
90059B,DIAMANTE HAIR GRIP PACK/2 BLACK DIA,Low Demand,Reduce Stock
90042B,FRESHWATER PEARL BRACELET PINK,Low Demand,Reduce Stock
79140,ASS WINDPROOF MARIJUANA LIGHTERS,Low Demand,Reduce Stock
90175B,PINK GLASS CHUNKY CHARM BRACELET,Low Demand,Reduce Stock
90177B,DROP DIAMANTE EARRINGS BLACK DIAMON,Low Demand,Reduce Stock
84732D,CUTE RABBIT CEATURE SCREEN ,Low Demand,Reduce Stock
21760,FRENCH STYLE WALL DRESSER,Low Demand,Reduce Stock
84875A,PINK SQUARE COMPACT MIRROR,Low Demand,Reduce Stock
85018A,S/6 PAPER BOXES ROMANTIC IMAGES,Low Demand,Reduce Stock
84340,LARGE FIBRE OPTIC CHRISTMAS TREE,Low Demand,Reduce Stock
90063B,BLACK VINT ART DEC CRYSTAL NECKLACE,Low Demand,Reduce Stock
71496B,A4 WALL TIDY RED FLOWERS,Low Demand,Reduce Stock
90130B,TURQ STONE/CRYSTAL EARRINGS,Low Demand,Reduce Stock
78034B,BLUE NETTING STORAGE HANGER,Low Demand,Reduce Stock
46775E,CANDY POP CHUNKY KNITTED THROW ,Low Demand,Reduce Stock
44092B,BLUE WHITE PLASTIC RINGS LAMPSHADE,Low Demand,Reduce Stock
90199D,5 STRAND GLASS NECKLACE AMBER,Low Demand,Reduce Stock
90002E,FLOWER BURST SILVER RING GREEN,Low Demand,Reduce Stock
90214W,"LETTER ""W"" BLING KEY RING",Low Demand,Reduce Stock
84632,DECORATIVE HANGING SHELVING UNIT,Low Demand,Reduce Stock
85186B,BUNNY BUNCH OF FLOWERS,Low Demand,Reduce Stock
90169,DAISY HAIR COMB,Low Demand,Reduce Stock
37491D,PURPLE/BLUE CERAMIC CANDLE HOLDER,Low Demand,Reduce Stock
90178B,PURPLE CHUNKY GLASS+BEAD NECKLACE,Low Demand,Reduce Stock
84228,HEN HOUSE WITH CHICK STANDING,Low Demand,Reduce Stock
23574,PACKING CHARGE,Low Demand,Reduce Stock
90039C,FIRE POLISHED GLASS BRACELET BLACK,Low Demand,Reduce Stock
90000B,MIDNIGHT BLUE COPPER FLOWER NECKLAC,Low Demand,Reduce Stock
ADJUST,Adjustment by john on 26/01/2010 17,Low Demand,Reduce Stock
90128C,GREEN LEAVES AND BEADS PHONE CHARM,Low Demand,Reduce Stock
84705A,ENGLISH ROSE PHOTO FRAME ,Low Demand,Reduce Stock
35051B,PINK BEADED CONE CHRISTMAS,Low Demand,Reduce Stock
90018C,SILVER BLACK ORBIT DROP EARRINGS,Low Demand,Reduce Stock
84679,CLASSICAL ROSE TABLE LAMP,Low Demand,Reduce Stock
44242A,LILAC FEATHERS CURTAIN,Low Demand,Reduce Stock
90124C,GREEN MURANO TWIST NECKLACE,Low Demand,Reduce Stock
84415A,PINK FLOCK SUEDE CUSHION COVER ,Low Demand,Reduce Stock
90180B,PURPLE AMETHYST NECKLACE W TASSEL,Low Demand,Reduce Stock
90151,SILVER/NATURAL SHELL NECKLACE,Low Demand,Reduce Stock
85184B,SET 4 EASTER DECOUPAGE OVAL BOXES,Low Demand,Reduce Stock
90212C,PURPLE LAS VEGAS BRACELET ROUND,Low Demand,Reduce Stock
22849,"BREAD BIN, DINER STYLE, MINT",Low Demand,Reduce Stock
35537,CANDLE RING W/CLEAR BEADS,Low Demand,Reduce Stock
21450,DISTRESSED CANDLE STICK WHITE,Low Demand,Reduce Stock
90012B,BLACK DROP CRYSTAL NECKLACE,Low Demand,Reduce Stock
84614A,PINK BAROQUE FLOCK CANDLE HOLDER,Low Demand,Reduce Stock
90214U,"LETTER ""U"" BLING KEY RING",Low Demand,Reduce Stock
21267,VINTAGE PINK TINSEL REEL ,Low Demand,Reduce Stock
84984B,RED PEONY DES C/COVER ,Low Demand,Reduce Stock
90024D,NEW BAROQUE B'FLY NECKLACE PINK,Low Demand,Reduce Stock
22839,"CAKE TIN, 3 TIER MINT/IVORY",Low Demand,Reduce Stock
23389,SPACEBOY MINI RUCKSACK,Low Demand,Reduce Stock
23502,PLAYING CARDS VINTAGE DOILEY ,Low Demand,Reduce Stock
48103,DOOR MAT KISS MY.......,Low Demand,Reduce Stock
90046,WHITE WITH METAL BAG CHARM,Low Demand,Reduce Stock
90038C,GLASS AND BEADS BRACELET IVORY,Low Demand,Reduce Stock
90039B,FIRE POLISHED GLASS BRACELET MONTAN,Low Demand,Reduce Stock
37348,SET OF 4 PASTEL STACKING MUGS,Low Demand,Reduce Stock
90036F,"FLOWER GLASS GARLD NECKL36""TURQUOIS",Low Demand,Reduce Stock
90163A,PINK ROSEBUD & PEARL NECKLACE,Low Demand,Reduce Stock
23029,DOORKNOB CRACKED GLAZE GREEN,Low Demand,Reduce Stock
22954,HEN PARTY BANNER TAPE,Low Demand,Reduce Stock
23040,PAPER LANTERN 9 POINT SNOW STAR,Low Demand,Reduce Stock
23212,PAINTED HEART WREATH WITH BELL,Low Demand,Reduce Stock
84966A,PINK KASHMIRI BOXED MIRROR,Low Demand,Reduce Stock
90127A,PINK BEADS+HAND PHONE CHARM,Low Demand,Reduce Stock
23244,CANNISTER VINTAGE LEAF DESIGN,Low Demand,Reduce Stock
23249,ENAMEL DINNER PLATE PANTRY,Low Demand,Reduce Stock
90134,OLD ROSE COMBO BEAD NECKLACE,Low Demand,Reduce Stock
23251,ENAMEL MUG PANTRY,Low Demand,Reduce Stock
90067B,BROWN VINTAGE VICTORIAN EARRINGS,Low Demand,Reduce Stock
90027D,GLASS BEAD HOOP EARRINGS AMETHYST,Low Demand,Reduce Stock
23449,SET OF 6 EASTER RAINBOW CHICKS,Low Demand,Reduce Stock
22641,SET OF 4 NAPKIN CHARMS INSTUMENT   ,Low Demand,Reduce Stock
23465,TUSCAN VILLA FEEDING STATION,Low Demand,Reduce Stock
47552A,DOTS IRONING BOARD COVER,Low Demand,Reduce Stock
23466,TUSCAN VILLA DOVECOTE,Low Demand,Reduce Stock
23463,VINTAGE ZINC WATERING CAN,Low Demand,Reduce Stock
20939,ORANGE CANDLE,Low Demand,Reduce Stock
22196,HEART MEASURING SPOONS SMALL,Low Demand,Reduce Stock
22351,DOTCOMGIFTSHOP TEA TOWEL,Low Demand,Reduce Stock
22343,PARTY PIZZA DISH RED+WHITE SPOT ,Low Demand,Reduce Stock
22346,PARTY PIZZA DISH GREEN+WHITE SPOT ,Low Demand,Reduce Stock
84250M,"GREETING CARD, BLACKPOOL ROCK",Low Demand,Reduce Stock
23537,I LOVE LONDON WALL ART,Low Demand,Reduce Stock
84550,CROCHET LILAC/RED BEAR KEYRING,Low Demand,Reduce Stock
22408,TIN CAN CONFECTIONERY DESIGN,Low Demand,Reduce Stock
90165A,PINK ROSEBUD PEARL EARRINGS,Low Demand,Reduce Stock
90150,BLUE SHELL+SILVER NECKLACE,Low Demand,Reduce Stock
22832,SWEETHEART WIRE WALL TIDY,Low Demand,Reduce Stock
84746,PINK EASTER HENS+FLOWER,Low Demand,Reduce Stock
90024E,NEW BAROQUE B'FLY NECKLACE MONTANA,Low Demand,Reduce Stock
90103,PURPLE FRANGIPANI NECKLACE,Low Demand,Reduce Stock
22937,BAKING MOULD CHOCOLATE CUP CAKES,Low Demand,Reduce Stock
22937,BAKING MOULD CUPCAKE CHOCOLATE,Low Demand,Reduce Stock
23031,DOORKNOB CRACKED GLAZE PINK,Low Demand,Reduce Stock
35654,VINTAGE BEAD FILLED PINK CUSHION,Low Demand,Reduce Stock
46307,ROSES BLUE BASE CUSHION COVER ,Low Demand,Reduce Stock
35817P,PINK ACRYLIC JEWEL SNOWFLAKE,Low Demand,Reduce Stock
23214,BELL HEART ANTIQUE GOLD,Low Demand,Reduce Stock
22853,"CAT BOWL, ENAMEL , CREAM COLOUR",Low Demand,Reduce Stock
47591A,CAROUSEL CHILDRENS APRON,Low Demand,Reduce Stock
84582,PINK CROCHET CAT WITH SCARF,Low Demand,Reduce Stock
37477B,"FLOWER FAIRY MUG+COASTER,LAVENDER",Low Demand,Reduce Stock
62097B,BLUE STRIPES SHOULDER BAG,Low Demand,Reduce Stock
90171,DAISY RING,Low Demand,Reduce Stock
84311,CAMOFLAGE CUSHION COVER,Low Demand,Reduce Stock
81953B,ROUND BLUE CLOCK WITH SUCKER,Low Demand,Reduce Stock
90069,RUBY GLASS CLUSTER NECKLACE,Low Demand,Reduce Stock
16245A,PINK MINI STATIONERY SET W CASE,Low Demand,Reduce Stock
90019B,GOLD M.O.P ORBIT BRACELET,Low Demand,Reduce Stock
90060D,FIRE POLISHED GLASS NECKL BRONZE,Low Demand,Reduce Stock
20787,BLUE RETRO BAR STOOL,Low Demand,Reduce Stock
90064A,WHITE VINTAGE CRYSTAL EARRINGS,Low Demand,Reduce Stock
72796A,S/3 ENGLISH LAVENDER SQU CANDLE,Low Demand,Reduce Stock
84387A,BIRD ON BRANCH CANVAS SCREEN,Low Demand,Reduce Stock
90138,WHITE/PINK MINI CRYSTALS NECKLACE,Low Demand,Reduce Stock
84899E,YELLOW BROWN BEAR FELT PURSE KIT,Low Demand,Reduce Stock
78026,SEAGRASS S/3 SQU LAUNDRY BOX,Low Demand,Reduce Stock
84886,BLUE METAL WALL SHELF,Low Demand,Reduce Stock
23020,GLASS SONGBIRD STORAGE JAR,Low Demand,Reduce Stock
84964A,PINK PAINTED KASHMIRI TABLE,Low Demand,Reduce Stock
20820,SILVER LOOKING MIRROR,Low Demand,Reduce Stock
79151B,"SILICON CUBE 25W, BLUE",Low Demand,Reduce Stock
90003E,GREEN PAIR HEART HAIR SLIDES,Low Demand,Reduce Stock
35598A,DUSTY PINK CHRISTMAS TREE 60CM,Low Demand,Reduce Stock
90176D,DIAMANTE NECKLACE PURPLE,Low Demand,Reduce Stock
84705D,CHERRY BLOSSOM PHOTO FRAME ,Low Demand,Reduce Stock
35233,PASTA ENAMEL/BRASS CONTAINER,Low Demand,Reduce Stock
35597A,DUSTY PINK CHRISTMAS TREE 30CM,Low Demand,Reduce Stock
90179C,BLACK FINE BEAD NECKLACE W TASSEL,Low Demand,Reduce Stock
23413,DECROTIVEVINTAGE COFFEE GRINDER BOX,Low Demand,Reduce Stock
90142D,MOP PENDANT SHELL NECKLACE,Low Demand,Reduce Stock
84918,CREAM C/COVER W YELLOW/GREEN FLOWER,Low Demand,Reduce Stock
37491B,BLUE/YELLOW CERAMIC CANDLE HOLDER,Low Demand,Reduce Stock
84782B,BLACK 3 TIER GLASS PLATE STAND,Low Demand,Reduce Stock
90019C,SILVER BLACK ORBIT BRACELET,Low Demand,Reduce Stock
84795E,RIO PINK STRIPE HAMMOCK,Low Demand,Reduce Stock
90038B,GLASS AND PAINTED BEADS BRACELET OL,Low Demand,Reduce Stock
84951B,S/4 BLACK LOVEBIRD COASTERS,Low Demand,Reduce Stock
84206C,CHAMPAGNE TRAY BLANK CARD,Low Demand,Reduce Stock
51012L,"FEATHER DUSTER, LIGHT PINK",Low Demand,Reduce Stock
84201C,HAPPY BIRTHDAY CARD TEDDY/CAKE,Low Demand,Reduce Stock
20877,MODERN CHRISTMAS BAUBLE CANDLE ,Low Demand,Reduce Stock
23045,PAPER LANTERN 5 POINT STAR MOON 30,Low Demand,Reduce Stock
23065,LARGE JEWELLERY STAND,Low Demand,Reduce Stock
90026D,GLASS BEAD HOOP NECKLACE AMETHYST,Low Demand,Reduce Stock
90079,VINTAGE ENAMEL & CRYSTAL NECKLACE,Low Demand,Reduce Stock
22844,"DOG FOOD CONTAINER , VINTAGE",Low Demand,Reduce Stock
72805,VANILLA CANDLE IN EMBOSSED ZINC POT,Low Demand,Reduce Stock
90208,PAIR OF PINK FLOWER CLUSTER SLIDE,Low Demand,Reduce Stock
84653,GREEN ROSE QUILT ,Low Demand,Reduce Stock
84984A,GREEN PEONY DES C/COVER,Low Demand,Reduce Stock
22384,LUNCH BAG PINK POLKADOTS,Low Demand,Reduce Stock
90043,COPPER AND BRASS BAG CHARM,Low Demand,Reduce Stock
90206A,GOLD DIAMANTE STAR BROOCH,Low Demand,Reduce Stock
35918B,BLUE FLORIBUNDA EGG WARMER,Low Demand,Reduce Stock
22845,"CAT FOOD CONTAINER , VINTAGE",Low Demand,Reduce Stock
72785B,S/4 CONTEMPORY RED ROSEBUD CANDLES,Low Demand,Reduce Stock
90202B,WHITE ENAMEL FLOWER HAIR TIE,Low Demand,Reduce Stock
82605,OLD DOC.RUSSEL METAL SIGN,Low Demand,Reduce Stock
90202C,GREEN ENAMEL FLOWER HAIR TIE,Low Demand,Reduce Stock
84984C,ORIENTAL BLUE C/COVER ,Low Demand,Reduce Stock
84567,FROSTED GLASS WITH SILVER SURROUND,Low Demand,Reduce Stock
84743C,ORANGE FELT VASE + FLOWERS,Low Demand,Reduce Stock
37112,YELLOW BIRDS FELT DES FOODCOVER,Low Demand,Reduce Stock
90011B,BLACK CRYSTAL DROP EARRINGS,Low Demand,Reduce Stock
84967C,GREEN KASHMIRI OCCASIONAL TABLE,Low Demand,Reduce Stock
90211A,DIAMOND LAS VEGAS NECKLACE 45CM,Low Demand,Reduce Stock
84923,PINK BUTTERFLY HANDBAG W BOBBLES,Low Demand,Reduce Stock
90197D,AMBER GLASS BRACELET HEART CHARMS,Low Demand,Reduce Stock
90131,PINK/AMETHYST/GOLD NECKLACE,Low Demand,Reduce Stock
90028,NEW BAROQUE LARGE NECKLACE BLK/WHIT,Low Demand,Reduce Stock
90024B,NEW BAROQUE B'FLY NECKLACE RED,Low Demand,Reduce Stock
90135A,ORANGE/FUSCHIA STONES NECKLACE,Low Demand,Reduce Stock
84857A,SILVER MONTE CARLO HANDBAG,Low Demand,Reduce Stock
21347,GOTHIC CARRIAGE LANTERN,Low Demand,Reduce Stock
16215,FUNKY GIRLZ MAGNETIC TO DO LIST ,Low Demand,Reduce Stock
23390,DOLLY GIRL MINI RUCKSACK,Low Demand,Reduce Stock
84415B,BLUE FLOCK CUSHION COVER ,Low Demand,Reduce Stock
22879,"NUMBER TILE VINTAGE FONT, 0",Low Demand,Reduce Stock
90065B,BLACK VINT ART DEC CRYSTAL BRACELET,Low Demand,Reduce Stock
47563B,WAVELINE SURF IRONING BOARD COVER,Low Demand,Reduce Stock
72785A,S/4 CONTEMPORY PINK ROSEBUD CANDLES,Low Demand,Reduce Stock
22886,"NUMBER TILE VINTAGE FONT, 7",Low Demand,Reduce Stock
22884,"NUMBER TILE VINTAGE FONT, 5",Low Demand,Reduce Stock
22883,"NUMBER TILE VINTAGE FONT, 4",Low Demand,Reduce Stock
22887,"NUMBER TILE VINTAGE FONT, 8",Low Demand,Reduce Stock
22885,"NUMBER TILE VINTAGE FONT, 6 ",Low Demand,Reduce Stock
23047,PAPER LANTERN 5 POINT STUDDED STAR,Low Demand,Reduce Stock
90026A,GLASS BEAD HOOP NECKLACE BLACK,Low Demand,Reduce Stock
21750, LARGE SKULL WINDMILL,Low Demand,Reduce Stock
90118,PINK DAISY BAG CHARM,Low Demand,Reduce Stock
23106,ZINC PLANT POT HOLDER,Low Demand,Reduce Stock
23252,ENAMEL JUG PANTRY,Low Demand,Reduce Stock
23539,"WALL ART , LOVES' SECRET ",Low Demand,Reduce Stock
90022,EDWARDIAN DROP EARRINGS JET BLACK,Low Demand,Reduce Stock
23396,BUTTERFLY CUSHION COVER,Low Demand,Reduce Stock
90189A,SILVER 2 STRAND NECKLACE-LEAF CHARM,Low Demand,Reduce Stock
90012A,MIDNIGHT BLUE DROP CRYSTAL NECKLACE,Low Demand,Reduce Stock
90182C,BLACK 3 BEAD DROP EARRINGS,Low Demand,Reduce Stock
84705F,RED PEONY PHOTO FRAME ,Low Demand,Reduce Stock
90179A,AMBER FINE BEAD NECKLACE W TASSEL,Low Demand,Reduce Stock
90014A,SILVER M.O.P. ORBIT NECKLACE,Low Demand,Reduce Stock
90177E,DROP DIAMANTE EARRINGS GREEN,Low Demand,Reduce Stock
90176C,DIAMANTE NECKLACE,Low Demand,Reduce Stock
23541,"WALL ART ,PUDDINGS ",Low Demand,Reduce Stock
22881,"NUMBER TILE VINTAGE FONT, 2",Low Demand,Reduce Stock
22882,"NUMBER TILE VINTAGE FONT, 3",Low Demand,Reduce Stock
44265,M/COLOUR POM-POM CURTAIN,Low Demand,Reduce Stock
23086,ZINC STAR T-LIGHT HOLDER ,Low Demand,Reduce Stock
90202A,PURPLE ENAMEL FLOWER HAIR TIE,Low Demand,Reduce Stock
22827,GIANT SEVENTEEN DRAWER SIDEBOARD,Low Demand,Reduce Stock
22848,"BREAD BIN, DINER STYLE, PINK",Low Demand,Reduce Stock
22880,"NUMBER TILE VINTAGE FONT, 1",Low Demand,Reduce Stock
22850,BREAD BIN DINER STYLE BLACK,Low Demand,Reduce Stock
90078,PINK/WHITE GLASS DEMI CHOKER,Low Demand,Reduce Stock
22852,"DOG BOWL, ENAMEL , CREAM COLOUR",Low Demand,Reduce Stock
84872A,TEATIME FUNKY FLOWER BACKPACK FOR 2,Low Demand,Reduce Stock
84562B,BLUE/WHITE RIBBED MELAMINE JUG,Low Demand,Reduce Stock
90152C,BLUE/NAT SHELL NECKLACE W PENDANT,Low Demand,Reduce Stock
90177A,CLASSIC DIAMANTE EARRINGS JET,Low Demand,Reduce Stock
84765,SILVER ROCOCO CANDELABRA,Low Demand,Reduce Stock
37409,ASSORTED DESIGN FLOWER MUGS,Low Demand,Reduce Stock
90179B,PURPLE FINE BEAD NECKLACE W TASSEL,Low Demand,Reduce Stock
90141A,GREEN PENDANT TRIPLE SHELL NECKLACE,Low Demand,Reduce Stock
84876C,SILVER HEART COMPACT MIRROR,Low Demand,Reduce Stock
90027B,GLASS BEAD HOOP EARRINGS MONTANA,Low Demand,Reduce Stock
84891B,GREEN WIRE GOBLET CANDLEHOLDER,Low Demand,Reduce Stock
37491A,YELLOW/PINK CERAMIC CANDLE HOLDER,Low Demand,Reduce Stock
90141E,ORANGE PENDANT TRIPLE SHELL NECKLAC,Low Demand,Reduce Stock
90141C,TURQ PENDANT TRIPLE SHELL NECKLACE,Low Demand,Reduce Stock
90026C,GLASS BEAD HOOP NECKLACE GREEN,Low Demand,Reduce Stock
90111,BLUE HIBISCUS  HAIR CLIP,Low Demand,Reduce Stock
90026B,GLASS BEAD HOOP NECKLACE MONTANA,Low Demand,Reduce Stock
90039A,FIRE POLISHED GLASS BRACELET RED,Low Demand,Reduce Stock
90095,NECKLACE+BRACELET SET PINK BLOSSOM,Low Demand,Reduce Stock
90051,CRACKED GLAZE NECKLACE RED,Low Demand,Reduce Stock
90060C,FIRE POLISHED GLASS NECKL SILVER,Low Demand,Reduce Stock
84292B,BLUE COL METAL FOLDING CHAIR,Low Demand,Reduce Stock
84611B,BLACK NEW BAROQUE FLOCK BOX,Low Demand,Reduce Stock
18097B,BLUE TALL PORCELAIN T-LIGHT HOLDER,Low Demand,Reduce Stock
90001B,ANTIQUE MID BLUE FLOWER EARRINGS,Low Demand,Reduce Stock
20942,SET/6 GINGERBREAD TREE T-LIGHTS,Low Demand,Reduce Stock
35916B,BLUE FELT HANGING HEART WITH FLOWER,Low Demand,Reduce Stock
90001C,ANTIQUE OPAL WHITE FLOWER EARRINGS,Low Demand,Reduce Stock
84617, NEW BAROQUE BLACK BOXES,Low Demand,Reduce Stock
84608,ORNATE EDWARDIAN CANDLE HOLDER,Low Demand,Reduce Stock
90056,CHUNKY CRACKED GLAZE NECKLACE IVORY,Low Demand,Reduce Stock
17028J,INCENSE BAZAAR PEACH,Low Demand,Reduce Stock
90076,MONTANA DIAMOND CLUSTER EARRINGS,Low Demand,Reduce Stock
90050,CRACKED GLAZE NECKLACE IVORY,Low Demand,Reduce Stock
22472,"TRAY FOR TV DINNER , DOLLY GIRL",Low Demand,Reduce Stock
22474,"TRAY FOR TV DINNER ,SPACEBOY",Low Demand,Reduce Stock
90060B,FIRE POLISHED GLASS NECKL GOLD,Low Demand,Reduce Stock
17107D,FLOWER FAIRY 5 SUMMER DRAW LINERS,Low Demand,Reduce Stock
71101A,ANGEL ON KNEES METAL POLE 100CM H,Low Demand,Reduce Stock
23043,PAPER LANTERN 9 POINT HOLLY STAR 40,Low Demand,Reduce Stock
23015,CORDIAL JUG,Low Demand,Reduce Stock
22932,BAKING MOULD TOFFEE CUP  CHOCOLATE,Low Demand,Reduce Stock
90081B,LILY BROOCH WHITE/SILVER COLOUR,Low Demand,Reduce Stock
90027A,GLASS BEAD HOOP EARRINGS BLACK,Low Demand,Reduce Stock
22200,FRYING PAN PINK RETROSPOT,Low Demand,Reduce Stock
46037A,PINK CANVAS DES CUSHION COVER ,Low Demand,Reduce Stock
20680,PINK FLOWERS CHILDS UMBRELLA,Low Demand,Reduce Stock
90037D,TINY CRYSTALS BRACELET BLACK,Low Demand,Reduce Stock
20905,VINTAGE KEEPSAKE BOX BEAUTY GIRL,Low Demand,Reduce Stock
23236,STORAGE TIN VINTAGE DOILEY ,Low Demand,Reduce Stock
23240,SET OF 4 KNICK KNACK TINS  DOILEY ,Low Demand,Reduce Stock
84919,L BLUE C/COVER W PINK/YELLOW FLOWER,Low Demand,Reduce Stock
84907,PINK/YELLOW PATCH CUSHION COVER,Low Demand,Reduce Stock
84905,PINK BUTTERFLY C/COVER ,Low Demand,Reduce Stock
90011C,GREEN CRYSTAL DROP EARRINGS,Low Demand,Reduce Stock
90016C,SILVER/BLACK PENDANT ORBIT NECKLACE,Low Demand,Reduce Stock
90024C,NEW BAROQUE B'FLY NECKLACE GREEN,Low Demand,Reduce Stock
84814B,RHOMBUS CRYSTAL PERFUME BOTTLE,Low Demand,Reduce Stock
37477C,"FLOWER FAIRY MUG+COASTER,ROSE",Low Demand,Reduce Stock
37481,CUBIC MUG TEATIME CAKES,Low Demand,Reduce Stock
37432,MUG PINK AND PURPLE ARABIC DESIGN,Low Demand,Reduce Stock
84873A,FUNKY FLOWER PICNIC BAG FOR 4,Low Demand,Reduce Stock
90130D,RED STONE/CRYSTAL EARRINGS,Low Demand,Reduce Stock
90135,ORANGE/WHT/FUSCHIA STONES NECKLACE,Low Demand,Reduce Stock
90141B,IVORY PENDANT TRIPLE SHELL NECKLACE,Low Demand,Reduce Stock
23530,"WALL ART,ONLY ONE PERSON ",Low Demand,Reduce Stock
90187B,GREEN DROP EARRINGS W BEAD CLUSTER,Low Demand,Reduce Stock
90197B,BLACK GLASS BRACELET W HEART CHARMS,Low Demand,Reduce Stock
84599,CANDY STRIPE ROSE FLOOR CUSHION,Low Demand,Reduce Stock
21249,WOOD ANIMALS HEIGHT CHART STICKERS ,Low Demand,Reduce Stock
20673,STRAWBERRIES PRINT BOWL,Low Demand,Reduce Stock
82069,BEECH WOOD P/FRAME,Low Demand,Reduce Stock
46775A,BUBBLE GUM CHUNKY KNITTED THROW ,Low Demand,Reduce Stock
82072,WHITE WOOD SINGLE P/FRAME,Low Demand,Reduce Stock
46775B,BERRIES CHUNKY KNITTED THROW ,Low Demand,Reduce Stock
84206B,CAT WITH SUNGLASSES BLANK CARD,Low Demand,Reduce Stock
90033,IVORY SHELL HEART EARRINGS,Low Demand,Reduce Stock
20887,BOX OF 6 PEBBLE CANDLES,Low Demand,Reduce Stock
90021,LASER CUT MULTI STRAND NECKLACE,Low Demand,Reduce Stock
84030B,KNITTED POM POM HOT WATER BOTTLE,Low Demand,Reduce Stock
21629,SQUARE FLOOR CUSHION VINTAGE PINK ,Low Demand,Reduce Stock
85083,KISS REINDEER SCANDINAVIAN STOCKING,Low Demand,Reduce Stock
90066A,PINK VINTAGE VICTORIAN CHOKER,Low Demand,Reduce Stock
84617,NEW BAROQUE BLACK BOXES,Low Demand,Reduce Stock
SP1002,KID'S CHALKBOARD/EASEL,Low Demand,Reduce Stock
90074,BLACK DIAMOND CLUSTER NECKLACE,Low Demand,Reduce Stock
84868B,BLUE BABY BOY'S MEMORY BOX,Low Demand,Reduce Stock
90024A,NEW BAROQUE B'FLY NECKLACE BLACK,Low Demand,Reduce Stock
23388,WOODLAND MINI RUCKSACK ,Low Demand,Reduce Stock
90139,FLOWER BROOCH 4 ASSORTED COLOURS,Low Demand,Reduce Stock
90140,PINK SWEETIE NECKLACE,Low Demand,Reduce Stock
90152B,BLUE/GREEN SHELL NECKLACE W PENDANT,Low Demand,Reduce Stock
90176A,CLASSIC DIAMANTE NECKLACE JET,Low Demand,Reduce Stock
84757,ENCHANTED GARDEN WROUGHT IRON TABLE,Low Demand,Reduce Stock
20791,BLUE TILED SET OF 3 DRAWERS,Low Demand,Reduce Stock
37408,ASSORTED DESIGN GEISHA GIRL MUGS,Low Demand,Reduce Stock
20812,EMBOSSED FLOWER TRELLIS PHOTO FRAME,Low Demand,Reduce Stock
79157V,UBO-LIGHT TRIOBASE PURPLE,Low Demand,Reduce Stock
79157B,UBO-LIGHT TRIOBASE BLUE,Low Demand,Reduce Stock
21310,CAPIZ CHANDELIER,Low Demand,Reduce Stock
90027C,GLASS BEAD HOOP EARRINGS GREEN,Low Demand,Reduce Stock
22778,GLASS BELL JAR SMALL,Low Demand,Reduce Stock
35980B,RED TOP SCANDINAVIAN HEART ,Low Demand,Reduce Stock
21081,SET/20 POSIES PAPER NAPKINS,Low Demand,Reduce Stock
90163B,WHITE ROSEBUD & PEARL NECKLACE,Low Demand,Reduce Stock
35995,SET/6 BLACK GLITTER REINDEER CANDLE,Low Demand,Reduce Stock
84864A,PINK PAISLEY PHOTO ALBUM,Low Demand,Reduce Stock
79065A,TEATIME ROUND CAKE TINS ,Low Demand,Reduce Stock
84575B,BROWN DOG CANNISTER W BONE,Low Demand,Reduce Stock
85185E,DUCK SOCK PUPPET,Low Demand,Reduce Stock
23702,High Resolution Image,Low Demand,Reduce Stock
47591C,BLUE FAIRY CAKE CHILDRENS APRON,Low Demand,Reduce Stock
20890,SMALL GLASS ROSE SCENTED CANDLE,Low Demand,Reduce Stock
20678,LARGE BLACK DIAMANTE HAIRSLIDE,Low Demand,Reduce Stock
90152A,SILVER/NAT SHELL NECKLACE W PENDANT,Low Demand,Reduce Stock
23253,16 PC CUTLERY SET PANTRY DESIGN,Low Demand,Reduce Stock
90020,FILIGREE DIAMANTE CHAIN,Low Demand,Reduce Stock
84570B,WHITE SATIN DRESS JEWEL STAND,Low Demand,Reduce Stock
20858,SILVER PURSE GOLD PINK BUTTERFLY,Low Demand,Reduce Stock
90001A,ANTIQUE RASPBERRY FLOWER EARRINGS,Low Demand,Reduce Stock
10109,BENDY COLOUR PENCILS,Low Demand,Reduce Stock
84968B,SET OF 16 VINTAGE IVORY CUTLERY,Low Demand,Reduce Stock
78027,SEAGRASS S/2 CORNER LAUNDRY ,Low Demand,Reduce Stock
84206B,CAT W SUNGLASSES BLANK CARD,Low Demand,Reduce Stock
90075,MONTANA DIAMOND CLUSTER NECKLACE,Low Demand,Reduce Stock
90025E,BAROQUE BUTTERFLY EARRINGS MONTANA,Low Demand,Reduce Stock
23299,"FOOD COVER WITH BEADS , SET 2 SIZES",Low Demand,Reduce Stock
90128D,PURPLE LEAVES AND BEADS PHONE CHAR,Low Demand,Reduce Stock
84529B,BLUE KNITTED KID'S RUCKSACK,Low Demand,Reduce Stock
81953B,ROUND ARTICULATED BLUE CLOCK W/SUCK,Low Demand,Reduce Stock
22168,"ORGANISER WOOD, ANTIQUE WHITE ",Low Demand,Reduce Stock
22139,11 PC CERAMIC TEA SET POLKADOT,Low Demand,Reduce Stock
85115B,S/4 BLACK DISCO PARTITION PANEL,Low Demand,Reduce Stock
90091,CRYSTAL DRAGONFLY PHONE CHARM,Low Demand,Reduce Stock
23056,CRYSTAL CHANDELIER T-LIGHT HOLDER,Low Demand,Reduce Stock
90024F,NEW BAROQUE B'FLY NECKLACE CRYSTAL,Low Demand,Reduce Stock
84942,KASHMIR FOLKART HEART DISHES,Low Demand,Reduce Stock
47504J,ENGLISH ROSE SET/3 GARDEN TOOLS,Low Demand,Reduce Stock
84962,SET/3 COLOUR PAINTED KASHMIRI STOOL,Low Demand,Reduce Stock
40046C,PINK BUTTERFLY PAPER LAMPSHADE,Low Demand,Reduce Stock
22201,FRYING PAN BLUE RETROSPOT,Low Demand,Reduce Stock
22846,"BREAD BIN, DINER STYLE, RED ",Low Demand,Reduce Stock
85069,CREAM SWEETHEART DOUBLE SHELF,Low Demand,Reduce Stock
90052,CRACKED GLAZE NECKLACE BROWN,Low Demand,Reduce Stock
90041,PEARL AND CHERRY QUARTZ BRACLET,Low Demand,Reduce Stock
18098B,BLUE PORCELAIN B'FLY OIL BURNER,Low Demand,Reduce Stock
84614C,BLUE BAROQUE FLOCK CANDLE HOLDER,Low Demand,Reduce Stock
85070,ANT WHITE SWEETHEART TABLE W 3 DRAW,Low Demand,Reduce Stock
ADJUST2,Adjustment by Peter on Jun 25 2010 ,Low Demand,Reduce Stock
47592B,SCOTTIE DOGS CHILDRENS OVERALL,Low Demand,Reduce Stock
21185,HOME SWEET HOME  BLACKBOARD,Low Demand,Reduce Stock
35598C,WHITE CHRISTMAS TREE 60CM,Low Demand,Reduce Stock
21685,MEDINA STAMPED METAL TRAY ,Low Demand,Reduce Stock
90176E,DIAMANTE NECKLACE GREEN,Low Demand,Reduce Stock
21493,VINTAGE DESIGN GIFT TAGS,Low Demand,Reduce Stock
84731,3 BIRDS CANVAS SCREEN,Low Demand,Reduce Stock
90176B,DIAMANTE NECKLACE BLACK ,Low Demand,Reduce Stock
85192S,HANGING SPRING FLOWER HEART SMALL,Low Demand,Reduce Stock
90181A,AMBER GLASS/SHELL/PEARL NECKLACE,Low Demand,Reduce Stock
90189B,GOLD 2 STRAND NECKLACE-LEAF CHARMS,Low Demand,Reduce Stock
90188,DROP EARRINGS W FLOWER & LEAF,Low Demand,Reduce Stock
35650,VINTAGE BEAD PINK JEWEL STAND,Low Demand,Reduce Stock
90141D,ROSE PENDANT TRIPLE SHELL NECKLACE,Low Demand,Reduce Stock
90136,PALE PINK/AMETHYST STONE NECKLACE,Low Demand,Reduce Stock
16151A,FLOWER DES BLUE HANDBAG/ORANG HANDL,Low Demand,Reduce Stock
84914A,PINK ROSE PICNIC RUG,Low Demand,Reduce Stock
72752B,"F.FAIRY,CANDLE IN GLASS,LAVENDER",Low Demand,Reduce Stock
90130C,GREEN STONE/CRYSTAL EARRINGS,Low Demand,Reduce Stock
84868A,PINK BABY GIRL'S MEMORY BOX,Low Demand,Reduce Stock
90127B,BLUE BEADS+HAND PHONE CHARM,Low Demand,Reduce Stock
82011E,"BATHROOM SCALES, FAG BREAK",Low Demand,Reduce Stock
23462,ROCOCO WALL MIROR,Low Demand,Reduce Stock
72084B,CHOCOLATE ICE CREAM CANDLE,Low Demand,Reduce Stock
23104,IVORY PANTRY HANGING LAMP ,Low Demand,Reduce Stock
90125E,AMBER BERTIE GLASS BEAD BAG CHARM,Low Demand,Reduce Stock
35821P,"JEWELLED DECORATION,PINK",Low Demand,Reduce Stock
35823P,"ACRYLIC BEAD GARLAND,PINK",Low Demand,Reduce Stock
35837,SET OF SIX SILVER+RED FLOCK BAUBLES,Low Demand,Reduce Stock
84630,FLOWERS AND BIRDS WALL PLAQUE,Low Demand,Reduce Stock
90187A,BLUE DROP EARRINGS W BEAD CLUSTER,Low Demand,Reduce Stock
21225,POCKET MIRROR BUTTERFLY ,Low Demand,Reduce Stock
20822,SILVER WINE GOBLET,Low Demand,Reduce Stock
90034,WHITE SILVER NECKLACE SHELL GLASS,Low Demand,Reduce Stock
20882,MODERN CHRISTMAS TREE CANDLE,Low Demand,Reduce Stock
84205C,HAPPY BIRTHDAY GINGER CAT CARD,Low Demand,Reduce Stock
84247J,PACK/12 RUSSIAN DOLL CARDS,Low Demand,Reduce Stock
90071,RUBY GLASS CLUSTER EARRINGS,Low Demand,Reduce Stock
84366,VENDETTA CANVAS PICTURE,Low Demand,Reduce Stock
90054,CRACKED GLAZE EARRINGS RED,Low Demand,Reduce Stock
18098A,PINK PORCELAIN B'FLY OIL BURNER,Low Demand,Reduce Stock
79303A,WHITE ROHMBIC BLOCK TABLE LAMP,Low Demand,Reduce Stock
22777,GLASS BELL JAR LARGE,Low Demand,Reduce Stock
84255A,PINK GLASS COCKTAIL LAMP,Low Demand,Reduce Stock
BANK CHARGES, Bank Charges,Low Demand,Reduce Stock
84509E,CAROUSEL PLACEMATS ,Low Demand,Reduce Stock
23079, TOADSTOOL BEDSIDE LIGHT ,Low Demand,Reduce Stock
90025D,BAROQUE BUTTERFLY EARRINGS PINK,Low Demand,Reduce Stock
90025F,BAROQUE BUTTERFLY EARRINGS CRYSTAL,Low Demand,Reduce Stock
78056,CAMOUFLAGE BACKPACK ON WHEELS,Low Demand,Reduce Stock
84967A,PINK KASHMIRI OCCASIONAL TABLE,Low Demand,Reduce Stock
22360,"GLASS JAR, ENGLISH CONFECTIONERY",Low Demand,Reduce Stock
90025C,BAROQUE BUTTERFLY EARRINGS GREEN,Low Demand,Reduce Stock
90025A,BAROQUE BUTTERFLY EARRINGS BLACK,Low Demand,Reduce Stock
20881,MODERN CHRISTMAS TREE CANDLE,Low Demand,Reduce Stock
20884,MODERN CHRISTMAS TREE CANDLE ,Low Demand,Reduce Stock
20891,LARGE GLASS ROSE SCENTED CANDLE ,Low Demand,Reduce Stock
35001P,HAND OPEN SHAPE PINK,Low Demand,Reduce Stock
90014B,GOLD M.O.P. ORBIT NECKLACE,Low Demand,Reduce Stock
23540,"WALL ART , THE MAGIC FOREST ",Low Demand,Reduce Stock
90183C,BLACK DROP EARRINGS W LONG BEADS,Low Demand,Reduce Stock
90011A,MIDNIGHT BLUE CRYSTAL DROP EARRINGS,Low Demand,Reduce Stock
23342,MINT DINER CLOCK,Low Demand,Reduce Stock
21525,BEWARE OF THE CAT DOORMAT,Low Demand,Reduce Stock
90077,BLACK DIAMOND CLUSTER EARRINGS,Low Demand,Reduce Stock
90025B,BAROQUE BUTTERFLY EARRINGS RED,Low Demand,Reduce Stock
23071,MARIE ANTOIENETT TRINKET BOX GOLD,Low Demand,Reduce Stock
21838,DADDY MOUSE RED GINGHAM BOW TIE,Low Demand,Reduce Stock
21772,VINTAGE METAL CAKE STAND CREAM ,Low Demand,Reduce Stock
21767,FRENCH STYLE WIRE DOOR CABINET ,Low Demand,Reduce Stock
62097A,PINK STRIPES SHOULDER BAG,Low Demand,Reduce Stock
20721,OWLS CHARLOTTE BAG,Low Demand,Reduce Stock
45014,FOLDING SHIRT TIDY,Low Demand,Reduce Stock
48173A,DOOR MAT BLUE FLOCK,Low Demand,Reduce Stock
20683,RAIN GIRL CHILDS UMBRELLA,Low Demand,Reduce Stock
46138D,GREEN CHENILLE SHAGGY C/COVER,Low Demand,Reduce Stock
90082C,DIAMANTE BOW BROOCH WHITE COLOUR,Low Demand,Reduce Stock
84648,NEW BAROQUE WALL MIRROR,Low Demand,Reduce Stock
90000C,OPAL WHITE/SILVER FLOWER NECKLACE,Low Demand,Reduce Stock
85232C,RUSSIAN FOLKART STACKING TINS,Low Demand,Reduce Stock
35950,FOLKART HEART CHRISTMAS DECORATIONS,Low Demand,Reduce Stock
47569,ENGLISH ROSE DESIGN SHOPPING BAG,Low Demand,Reduce Stock
90055,CRACKED GLAZE EARRINGS BROWN,Low Demand,Reduce Stock
22659,LUNCHBOX I LOVE LONDON,Low Demand,Reduce Stock
85043,RED HEART CANDY POP LIGHTS,Low Demand,Reduce Stock
84626,CANDY STRIPE ROSE QUILT,Low Demand,Reduce Stock
35930,PINK HEART CHRISTMAS DECORATION,Low Demand,Reduce Stock
35945,GOLD CHRISTMAS STOCKING DECORATION,Low Demand,Reduce Stock
22829,BROCANTE SHELF WITH HOOKS,Low Demand,Reduce Stock
22631,CIRCUS PARADE LUNCHBOX ,Low Demand,Reduce Stock
20620,RED SPOTTY PASSPORT COVER,Low Demand,Reduce Stock
47554,S/3 COLOURS FLOCK TEA TOWELS,Low Demand,Reduce Stock
47556,SET/2 SPOTTY + ROSE TEA TOWELS ,Low Demand,Reduce Stock
22843,"BISCUIT TIN, MINT,IVORY, VINTAGE",Low Demand,Reduce Stock
72796C,S/3 ROSE GARDEN SCENT SQU CANDLE,Low Demand,Reduce Stock
85024A,CRYSTAL SMALL JEWELLED PHOTOFRAME,Low Demand,Reduce Stock
20885,BOX OF 3 PEBBLE CANDLES,Low Demand,Reduce Stock
84572,6 HOOK JEWEL STAND LILAC DRESS,Low Demand,Reduce Stock
37451,CERAMIC CAKE TEAPOT WITH CHERRY,Low Demand,Reduce Stock
37438,FUNKY FLOWER COFFEE POT,Low Demand,Reduce Stock
84814A,HEXAGONAL CRYSTAL PERFUME BOTTLE,Low Demand,Reduce Stock
71434B,"BLACK RND BULLET""KEEP CLEAN"" BIN",Low Demand,Reduce Stock
85171,S/2 HYACINTH BULB CANDLES,Low Demand,Reduce Stock
23366,SET 12 COLOURING PENCILS DOILEY,Low Demand,Reduce Stock
23370,SET 36 COLOURING PENCILS DOILEY,Low Demand,Reduce Stock
84845A,HOLLYHOCK SQUARE HANDY TIN,Low Demand,Reduce Stock
21585,SWALLOW SMALL TUBE MATCHES,Low Demand,Reduce Stock
21852,EMPIRE TEDDY,Low Demand,Reduce Stock
23391, I LOVE LONDON MINI RUCKSACK,Low Demand,Reduce Stock
37484,ENGLISH ROSE TEA FOR ONE GIFT BOX,Low Demand,Reduce Stock
23630,SET 10 CARDS HANGING BAUBLES 17080,Low Demand,Reduce Stock
90011E,AMBER CRYSTAL DROP EARRINGS,Low Demand,Reduce Stock
90014C,SILVER AND BLACK ORBIT NECKLACE,Low Demand,Reduce Stock
35976B,WHITE SCANDINAVIAN HEART CHRISTMAS,Low Demand,Reduce Stock
35974,S/6 CHRISTMAS TREE PLACE SETTING,Low Demand,Reduce Stock
37326,FAIRY DESIGN MUGS,Low Demand,Reduce Stock
23664,FLOWER SHOP DESIGN MUG,Low Demand,Reduce Stock
21475,SWEETHEART CREAM STEEL FOLDIN CHAIR,Low Demand,Reduce Stock
21409,SPOTTY COCKEREL DOORSTOP,Low Demand,Reduce Stock
21036,SET/2 TEA TOWELS MODERN VINTAGE,Low Demand,Reduce Stock
72751B,"F.FAIRY S/3 SML CANDLE, LAVENDER",Low Demand,Reduce Stock
72751A,"F.FAIRY S/3 SML CANDLE,LILY/VALLEY",Low Demand,Reduce Stock
90004A,JADE GREEN PAIR ENAMEL HAIR SLIDES,Low Demand,Reduce Stock
72752A,"F.FAIRY,CANDLE IN GLASS,LILY/VALLEY",Low Demand,Reduce Stock
72754D,F FAIRY POTPOURRI CUSHIONS SUMMER,Low Demand,Reduce Stock
72751C,"F.FAIRY S/3 SML CANDLE, ROSE",Low Demand,Reduce Stock
35999,S/6 SCANDINAVIAN HEART T-LIGHT,Low Demand,Reduce Stock
79301,FEATHER HEART LIGHTS,Low Demand,Reduce Stock
TEST002,This is a test product.,Low Demand,Reduce Stock
